<?xml version="1.0" encoding="UTF-8"?>
<gpx creator="Garmin Connect" version="1.1"
  xsi:schemaLocation="http://www.topografix.com/GPX/1/1 http://www.topografix.com/GPX/11.xsd"
  xmlns:ns3="http://www.garmin.com/xmlschemas/TrackPointExtension/v1"
  xmlns="http://www.topografix.com/GPX/1/1"
  xmlns:xsi="http://www.w3.org/2001/XMLSchema-instance" xmlns:ns2="http://www.garmin.com/xmlschemas/GpxExtensions/v3">
  <metadata>
    <link href="connect.garmin.com">
      <text>Garmin Connect</text>
    </link>
    <time>2025-07-06T08:27:25.000Z</time>
  </metadata>
  <trk>
    <name>乐山市 越野跑</name>
    <type>trail_running</type>
    <trkseg>
      <trkpt lat="29.52609940432012081146240234375" lon="103.33394086919724941253662109375">
        <ele>2965.60009765625</ele>
        <time>2025-07-06T08:27:32.000Z</time>
        <extensions>
          <ns3:TrackPointExtension>
            <ns3:hr>87</ns3:hr>
            <ns3:cad>0</ns3:cad>
          </ns3:TrackPointExtension>
        </extensions>
      </trkpt>
      <trkpt lat="29.52610485255718231201171875" lon="103.33390214480459690093994140625">
        <ele>2965.199951171875</ele>
        <time>2025-07-06T08:27:33.000Z</time>
        <extensions>
          <ns3:TrackPointExtension>
            <ns3:hr>87</ns3:hr>
            <ns3:cad>0</ns3:cad>
          </ns3:TrackPointExtension>
        </extensions>
      </trkpt>
      <trkpt lat="29.52611834742128849029541015625" lon="103.33392142318189144134521484375">
        <ele>2964.800048828125</ele>
        <time>2025-07-06T08:27:34.000Z</time>
        <extensions>
          <ns3:TrackPointExtension>
            <ns3:hr>87</ns3:hr>
            <ns3:cad>0</ns3:cad>
          </ns3:TrackPointExtension>
        </extensions>
      </trkpt>
      <trkpt lat="29.5261083729565143585205078125" lon="103.33390616811811923980712890625">
        <ele>2964.39990234375</ele>
        <time>2025-07-06T08:27:35.000Z</time>
        <extensions>
          <ns3:TrackPointExtension>
            <ns3:hr>86</ns3:hr>
            <ns3:cad>0</ns3:cad>
          </ns3:TrackPointExtension>
        </extensions>
      </trkpt>
      <trkpt lat="29.52612807042896747589111328125" lon="103.3338965289294719696044921875">
        <ele>2964</ele>
        <time>2025-07-06T08:27:36.000Z</time>
        <extensions>
          <ns3:TrackPointExtension>
            <ns3:hr>86</ns3:hr>
            <ns3:cad>0</ns3:cad>
          </ns3:TrackPointExtension>
        </extensions>
      </trkpt>
      <trkpt lat="29.52614550478756427764892578125" lon="103.3338851295411586761474609375">
        <ele>2963.39990234375</ele>
        <time>2025-07-06T08:27:37.000Z</time>
        <extensions>
          <ns3:TrackPointExtension>
            <ns3:hr>86</ns3:hr>
            <ns3:cad>0</ns3:cad>
          </ns3:TrackPointExtension>
        </extensions>
      </trkpt>
      <trkpt lat="29.5261650346219539642333984375" lon="103.3338390290737152099609375">
        <ele>2963.199951171875</ele>
        <time>2025-07-06T08:27:38.000Z</time>
        <extensions>
          <ns3:TrackPointExtension>
            <ns3:hr>86</ns3:hr>
            <ns3:cad>0</ns3:cad>
          </ns3:TrackPointExtension>
        </extensions>
      </trkpt>
      <trkpt lat="29.52617668546736240386962890625" lon="103.3338283002376556396484375">
        <ele>2962.800048828125</ele>
        <time>2025-07-06T08:27:39.000Z</time>
        <extensions>
          <ns3:TrackPointExtension>
            <ns3:hr>86</ns3:hr>
            <ns3:cad>90</ns3:cad>
          </ns3:TrackPointExtension>
        </extensions>
      </trkpt>
      <trkpt lat="29.5261864922940731048583984375" lon="103.3338163979351520538330078125">
        <ele>2962.60009765625</ele>
        <time>2025-07-06T08:27:40.000Z</time>
        <extensions>
          <ns3:TrackPointExtension>
            <ns3:hr>85</ns3:hr>
            <ns3:cad>90</ns3:cad>
          </ns3:TrackPointExtension>
        </extensions>
      </trkpt>
      <trkpt lat="29.526197724044322967529296875" lon="103.33380793221294879913330078125">
        <ele>2962.199951171875</ele>
        <time>2025-07-06T08:27:41.000Z</time>
        <extensions>
          <ns3:TrackPointExtension>
            <ns3:hr>85</ns3:hr>
            <ns3:cad>90</ns3:cad>
          </ns3:TrackPointExtension>
        </extensions>
      </trkpt>
      <trkpt lat="29.52620199881494045257568359375" lon="103.33380793221294879913330078125">
        <ele>2962</ele>
        <time>2025-07-06T08:27:42.000Z</time>
        <extensions>
          <ns3:TrackPointExtension>
            <ns3:hr>86</ns3:hr>
            <ns3:cad>90</ns3:cad>
          </ns3:TrackPointExtension>
        </extensions>
      </trkpt>
      <trkpt lat="29.5262059383094310760498046875" lon="103.3337966166436672210693359375">
        <ele>2961.60009765625</ele>
        <time>2025-07-06T08:27:43.000Z</time>
        <extensions>
          <ns3:TrackPointExtension>
            <ns3:hr>86</ns3:hr>
            <ns3:cad>90</ns3:cad>
          </ns3:TrackPointExtension>
        </extensions>
      </trkpt>
      <trkpt lat="29.52621641568839550018310546875" lon="103.33379150368273258209228515625">
        <ele>2961.39990234375</ele>
        <time>2025-07-06T08:27:44.000Z</time>
        <extensions>
          <ns3:TrackPointExtension>
            <ns3:hr>88</ns3:hr>
            <ns3:cad>90</ns3:cad>
          </ns3:TrackPointExtension>
        </extensions>
      </trkpt>
      <trkpt lat="29.52623016200959682464599609375" lon="103.33377306349575519561767578125">
        <ele>2961</ele>
        <time>2025-07-06T08:27:45.000Z</time>
        <extensions>
          <ns3:TrackPointExtension>
            <ns3:hr>91</ns3:hr>
            <ns3:cad>0</ns3:cad>
          </ns3:TrackPointExtension>
        </extensions>
      </trkpt>
      <trkpt lat="29.52624139375984668731689453125" lon="103.33376585505902767181396484375">
        <ele>2960.60009765625</ele>
        <time>2025-07-06T08:27:46.000Z</time>
        <extensions>
          <ns3:TrackPointExtension>
            <ns3:hr>91</ns3:hr>
            <ns3:cad>0</ns3:cad>
          </ns3:TrackPointExtension>
        </extensions>
      </trkpt>
      <trkpt lat="29.52625497244298458099365234375" lon="103.33375948481261730194091796875">
        <ele>2960.39990234375</ele>
        <time>2025-07-06T08:27:47.000Z</time>
        <extensions>
          <ns3:TrackPointExtension>
            <ns3:hr>93</ns3:hr>
            <ns3:cad>0</ns3:cad>
          </ns3:TrackPointExtension>
        </extensions>
      </trkpt>
      <trkpt lat="29.5262552239000797271728515625" lon="103.3337570540606975555419921875">
        <ele>2960.199951171875</ele>
        <time>2025-07-06T08:27:48.000Z</time>
        <extensions>
          <ns3:TrackPointExtension>
            <ns3:hr>94</ns3:hr>
            <ns3:cad>0</ns3:cad>
          </ns3:TrackPointExtension>
        </extensions>
      </trkpt>
      <trkpt lat="29.52626176178455352783203125" lon="103.333753533661365509033203125">
        <ele>2959.800048828125</ele>
        <time>2025-07-06T08:27:49.000Z</time>
        <extensions>
          <ns3:TrackPointExtension>
            <ns3:hr>95</ns3:hr>
            <ns3:cad>0</ns3:cad>
          </ns3:TrackPointExtension>
        </extensions>
      </trkpt>
      <trkpt lat="29.52628464438021183013916015625" lon="103.33374590612947940826416015625">
        <ele>2959.800048828125</ele>
        <time>2025-07-06T08:27:50.000Z</time>
        <extensions>
          <ns3:TrackPointExtension>
            <ns3:hr>95</ns3:hr>
            <ns3:cad>0</ns3:cad>
          </ns3:TrackPointExtension>
        </extensions>
      </trkpt>
      <trkpt lat="29.5262870751321315765380859375" lon="103.33374154753983020782470703125">
        <ele>2959.60009765625</ele>
        <time>2025-07-06T08:27:51.000Z</time>
        <extensions>
          <ns3:TrackPointExtension>
            <ns3:hr>95</ns3:hr>
            <ns3:cad>0</ns3:cad>
          </ns3:TrackPointExtension>
        </extensions>
      </trkpt>
      <trkpt lat="29.52629470266401767730712890625" lon="103.33373366855084896087646484375">
        <ele>2959.39990234375</ele>
        <time>2025-07-06T08:27:52.000Z</time>
        <extensions>
          <ns3:TrackPointExtension>
            <ns3:hr>95</ns3:hr>
            <ns3:cad>0</ns3:cad>
          </ns3:TrackPointExtension>
        </extensions>
      </trkpt>
      <trkpt lat="29.526310376822948455810546875" lon="103.33372243680059909820556640625">
        <ele>2959.199951171875</ele>
        <time>2025-07-06T08:27:53.000Z</time>
        <extensions>
          <ns3:TrackPointExtension>
            <ns3:hr>94</ns3:hr>
            <ns3:cad>0</ns3:cad>
          </ns3:TrackPointExtension>
        </extensions>
      </trkpt>
      <trkpt lat="29.5263256318867206573486328125" lon="103.33370625972747802734375">
        <ele>2959.199951171875</ele>
        <time>2025-07-06T08:27:54.000Z</time>
        <extensions>
          <ns3:TrackPointExtension>
            <ns3:hr>95</ns3:hr>
            <ns3:cad>0</ns3:cad>
          </ns3:TrackPointExtension>
        </extensions>
      </trkpt>
      <trkpt lat="29.52634315006434917449951171875" lon="103.33369217813014984130859375">
        <ele>2959.199951171875</ele>
        <time>2025-07-06T08:27:55.000Z</time>
        <extensions>
          <ns3:TrackPointExtension>
            <ns3:hr>95</ns3:hr>
            <ns3:cad>0</ns3:cad>
          </ns3:TrackPointExtension>
        </extensions>
      </trkpt>
      <trkpt lat="29.52635337598621845245361328125" lon="103.3336849696934223175048828125">
        <ele>2959</ele>
        <time>2025-07-06T08:27:56.000Z</time>
        <extensions>
          <ns3:TrackPointExtension>
            <ns3:hr>95</ns3:hr>
            <ns3:cad>0</ns3:cad>
          </ns3:TrackPointExtension>
        </extensions>
      </trkpt>
      <trkpt lat="29.5263692177832126617431640625" lon="103.33367650397121906280517578125">
        <ele>2959</ele>
        <time>2025-07-06T08:27:57.000Z</time>
        <extensions>
          <ns3:TrackPointExtension>
            <ns3:hr>95</ns3:hr>
            <ns3:cad>0</ns3:cad>
          </ns3:TrackPointExtension>
        </extensions>
      </trkpt>
      <trkpt lat="29.5263775996863842010498046875" lon="103.33366963081061840057373046875">
        <ele>2959</ele>
        <time>2025-07-06T08:27:58.000Z</time>
        <extensions>
          <ns3:TrackPointExtension>
            <ns3:hr>95</ns3:hr>
            <ns3:cad>0</ns3:cad>
          </ns3:TrackPointExtension>
        </extensions>
      </trkpt>
      <trkpt lat="29.52639696188271045684814453125" lon="103.333657644689083099365234375">
        <ele>2959</ele>
        <time>2025-07-06T08:27:59.000Z</time>
        <extensions>
          <ns3:TrackPointExtension>
            <ns3:hr>95</ns3:hr>
            <ns3:cad>0</ns3:cad>
          </ns3:TrackPointExtension>
        </extensions>
      </trkpt>
      <trkpt lat="29.5264112949371337890625" lon="103.3336460776627063751220703125">
        <ele>2959.199951171875</ele>
        <time>2025-07-06T08:28:00.000Z</time>
        <extensions>
          <ns3:TrackPointExtension>
            <ns3:hr>95</ns3:hr>
            <ns3:cad>0</ns3:cad>
          </ns3:TrackPointExtension>
        </extensions>
      </trkpt>
      <trkpt lat="29.526431076228618621826171875" lon="103.33363476209342479705810546875">
        <ele>2959.199951171875</ele>
        <time>2025-07-06T08:28:01.000Z</time>
        <extensions>
          <ns3:TrackPointExtension>
            <ns3:hr>96</ns3:hr>
            <ns3:cad>88</ns3:cad>
          </ns3:TrackPointExtension>
        </extensions>
      </trkpt>
      <trkpt lat="29.5264434814453125" lon="103.33362805657088756561279296875">
        <ele>2959.199951171875</ele>
        <time>2025-07-06T08:28:02.000Z</time>
        <extensions>
          <ns3:TrackPointExtension>
            <ns3:hr>96</ns3:hr>
            <ns3:cad>88</ns3:cad>
          </ns3:TrackPointExtension>
        </extensions>
      </trkpt>
      <trkpt lat="29.52646234072744846343994140625" lon="103.333617746829986572265625">
        <ele>2959.199951171875</ele>
        <time>2025-07-06T08:28:03.000Z</time>
        <extensions>
          <ns3:TrackPointExtension>
            <ns3:hr>97</ns3:hr>
            <ns3:cad>88</ns3:cad>
          </ns3:TrackPointExtension>
        </extensions>
      </trkpt>
      <trkpt lat="29.5264731533825397491455078125" lon="103.3336128853261470794677734375">
        <ele>2959</ele>
        <time>2025-07-06T08:28:04.000Z</time>
        <extensions>
          <ns3:TrackPointExtension>
            <ns3:hr>97</ns3:hr>
            <ns3:cad>88</ns3:cad>
          </ns3:TrackPointExtension>
        </extensions>
      </trkpt>
      <trkpt lat="29.5264879055321216583251953125" lon="103.33360366523265838623046875">
        <ele>2959</ele>
        <time>2025-07-06T08:28:05.000Z</time>
        <extensions>
          <ns3:TrackPointExtension>
            <ns3:hr>99</ns3:hr>
            <ns3:cad>88</ns3:cad>
          </ns3:TrackPointExtension>
        </extensions>
      </trkpt>
      <trkpt lat="29.5265009813010692596435546875" lon="103.33359587006270885467529296875">
        <ele>2958.60009765625</ele>
        <time>2025-07-06T08:28:06.000Z</time>
        <extensions>
          <ns3:TrackPointExtension>
            <ns3:hr>101</ns3:hr>
            <ns3:cad>88</ns3:cad>
          </ns3:TrackPointExtension>
        </extensions>
      </trkpt>
      <trkpt lat="29.5265083573758602142333984375" lon="103.33359067328274250030517578125">
        <ele>2958.39990234375</ele>
        <time>2025-07-06T08:28:07.000Z</time>
        <extensions>
          <ns3:TrackPointExtension>
            <ns3:hr>103</ns3:hr>
            <ns3:cad>88</ns3:cad>
          </ns3:TrackPointExtension>
        </extensions>
      </trkpt>
      <trkpt lat="29.52652193605899810791015625" lon="103.3335837163031101226806640625">
        <ele>2958</ele>
        <time>2025-07-06T08:28:08.000Z</time>
        <extensions>
          <ns3:TrackPointExtension>
            <ns3:hr>104</ns3:hr>
            <ns3:cad>88</ns3:cad>
          </ns3:TrackPointExtension>
        </extensions>
      </trkpt>
      <trkpt lat="29.52653241343796253204345703125" lon="103.33357952535152435302734375">
        <ele>2957.60009765625</ele>
        <time>2025-07-06T08:28:09.000Z</time>
        <extensions>
          <ns3:TrackPointExtension>
            <ns3:hr>106</ns3:hr>
            <ns3:cad>88</ns3:cad>
          </ns3:TrackPointExtension>
        </extensions>
      </trkpt>
      <trkpt lat="29.52654884196817874908447265625" lon="103.33357416093349456787109375">
        <ele>2957.199951171875</ele>
        <time>2025-07-06T08:28:10.000Z</time>
        <extensions>
          <ns3:TrackPointExtension>
            <ns3:hr>107</ns3:hr>
            <ns3:cad>0</ns3:cad>
          </ns3:TrackPointExtension>
        </extensions>
      </trkpt>
      <trkpt lat="29.52655856497585773468017578125" lon="103.33357307128608226776123046875">
        <ele>2957</ele>
        <time>2025-07-06T08:28:11.000Z</time>
        <extensions>
          <ns3:TrackPointExtension>
            <ns3:hr>107</ns3:hr>
            <ns3:cad>0</ns3:cad>
          </ns3:TrackPointExtension>
        </extensions>
      </trkpt>
      <trkpt lat="29.5265801064670085906982421875" lon="103.33356720395386219024658203125">
        <ele>2956.60009765625</ele>
        <time>2025-07-06T08:28:12.000Z</time>
        <extensions>
          <ns3:TrackPointExtension>
            <ns3:hr>108</ns3:hr>
            <ns3:cad>0</ns3:cad>
          </ns3:TrackPointExtension>
        </extensions>
      </trkpt>
      <trkpt lat="29.526589326560497283935546875" lon="103.33355966024100780487060546875">
        <ele>2956.199951171875</ele>
        <time>2025-07-06T08:28:13.000Z</time>
        <extensions>
          <ns3:TrackPointExtension>
            <ns3:hr>109</ns3:hr>
            <ns3:cad>0</ns3:cad>
          </ns3:TrackPointExtension>
        </extensions>
      </trkpt>
      <trkpt lat="29.52660164795815944671630859375" lon="103.33354976959526538848876953125">
        <ele>2955.800048828125</ele>
        <time>2025-07-06T08:28:14.000Z</time>
        <extensions>
          <ns3:TrackPointExtension>
            <ns3:hr>110</ns3:hr>
            <ns3:cad>0</ns3:cad>
          </ns3:TrackPointExtension>
        </extensions>
      </trkpt>
      <trkpt lat="29.5266143046319484710693359375" lon="103.33354138769209384918212890625">
        <ele>2955.60009765625</ele>
        <time>2025-07-06T08:28:15.000Z</time>
        <extensions>
          <ns3:TrackPointExtension>
            <ns3:hr>110</ns3:hr>
            <ns3:cad>0</ns3:cad>
          </ns3:TrackPointExtension>
        </extensions>
      </trkpt>
      <trkpt lat="29.5266206748783588409423828125" lon="103.33353526890277862548828125">
        <ele>2955.199951171875</ele>
        <time>2025-07-06T08:28:16.000Z</time>
        <extensions>
          <ns3:TrackPointExtension>
            <ns3:hr>111</ns3:hr>
            <ns3:cad>0</ns3:cad>
          </ns3:TrackPointExtension>
        </extensions>
      </trkpt>
      <trkpt lat="29.52663190662860870361328125" lon="103.333527557551860809326171875">
        <ele>2954.800048828125</ele>
        <time>2025-07-06T08:28:17.000Z</time>
        <extensions>
          <ns3:TrackPointExtension>
            <ns3:hr>110</ns3:hr>
            <ns3:cad>0</ns3:cad>
          </ns3:TrackPointExtension>
        </extensions>
      </trkpt>
      <trkpt lat="29.52663819305598735809326171875" lon="103.33352479152381420135498046875">
        <ele>2954.39990234375</ele>
        <time>2025-07-06T08:28:18.000Z</time>
        <extensions>
          <ns3:TrackPointExtension>
            <ns3:hr>111</ns3:hr>
            <ns3:cad>0</ns3:cad>
          </ns3:TrackPointExtension>
        </extensions>
      </trkpt>
      <trkpt lat="29.5266588963568210601806640625" lon="103.333518169820308685302734375">
        <ele>2954</ele>
        <time>2025-07-06T08:28:19.000Z</time>
        <extensions>
          <ns3:TrackPointExtension>
            <ns3:hr>111</ns3:hr>
            <ns3:cad>0</ns3:cad>
          </ns3:TrackPointExtension>
        </extensions>
      </trkpt>
      <trkpt lat="29.52667121775448322296142578125" lon="103.333521187305450439453125">
        <ele>2953.60009765625</ele>
        <time>2025-07-06T08:28:20.000Z</time>
        <extensions>
          <ns3:TrackPointExtension>
            <ns3:hr>111</ns3:hr>
            <ns3:cad>0</ns3:cad>
          </ns3:TrackPointExtension>
        </extensions>
      </trkpt>
      <trkpt lat="29.52669317834079265594482421875" lon="103.333521522581577301025390625">
        <ele>2953.199951171875</ele>
        <time>2025-07-06T08:28:21.000Z</time>
        <extensions>
          <ns3:TrackPointExtension>
            <ns3:hr>112</ns3:hr>
            <ns3:cad>0</ns3:cad>
          </ns3:TrackPointExtension>
        </extensions>
      </trkpt>
      <trkpt lat="29.52670088969171047210693359375" lon="103.33352009765803813934326171875">
        <ele>2953</ele>
        <time>2025-07-06T08:28:22.000Z</time>
        <extensions>
          <ns3:TrackPointExtension>
            <ns3:hr>112</ns3:hr>
            <ns3:cad>96</ns3:cad>
          </ns3:TrackPointExtension>
        </extensions>
      </trkpt>
      <trkpt lat="29.5267138816416263580322265625" lon="103.33351523615419864654541015625">
        <ele>2952.60009765625</ele>
        <time>2025-07-06T08:28:23.000Z</time>
        <extensions>
          <ns3:TrackPointExtension>
            <ns3:hr>113</ns3:hr>
            <ns3:cad>96</ns3:cad>
          </ns3:TrackPointExtension>
        </extensions>
      </trkpt>
      <trkpt lat="29.5267225988209247589111328125" lon="103.33350920118391513824462890625">
        <ele>2952.39990234375</ele>
        <time>2025-07-06T08:28:24.000Z</time>
        <extensions>
          <ns3:TrackPointExtension>
            <ns3:hr>113</ns3:hr>
            <ns3:cad>96</ns3:cad>
          </ns3:TrackPointExtension>
        </extensions>
      </trkpt>
      <trkpt lat="29.526730813086032867431640625" lon="103.33350970409810543060302734375">
        <ele>2951.800048828125</ele>
        <time>2025-07-06T08:28:25.000Z</time>
        <extensions>
          <ns3:TrackPointExtension>
            <ns3:hr>113</ns3:hr>
            <ns3:cad>96</ns3:cad>
          </ns3:TrackPointExtension>
        </extensions>
      </trkpt>
      <trkpt lat="29.5267396979033946990966796875" lon="103.3335072733461856842041015625">
        <ele>2951.800048828125</ele>
        <time>2025-07-06T08:28:26.000Z</time>
        <extensions>
          <ns3:TrackPointExtension>
            <ns3:hr>114</ns3:hr>
            <ns3:cad>96</ns3:cad>
          </ns3:TrackPointExtension>
        </extensions>
      </trkpt>
      <trkpt lat="29.52674799598753452301025390625" lon="103.3335025794804096221923828125">
        <ele>2951.39990234375</ele>
        <time>2025-07-06T08:28:27.000Z</time>
        <extensions>
          <ns3:TrackPointExtension>
            <ns3:hr>115</ns3:hr>
            <ns3:cad>96</ns3:cad>
          </ns3:TrackPointExtension>
        </extensions>
      </trkpt>
      <trkpt lat="29.5267567969858646392822265625" lon="103.33350174129009246826171875">
        <ele>2951</ele>
        <time>2025-07-06T08:28:28.000Z</time>
        <extensions>
          <ns3:TrackPointExtension>
            <ns3:hr>115</ns3:hr>
            <ns3:cad>96</ns3:cad>
          </ns3:TrackPointExtension>
        </extensions>
      </trkpt>
      <trkpt lat="29.52676844783127307891845703125" lon="103.33349914290010929107666015625">
        <ele>2950.60009765625</ele>
        <time>2025-07-06T08:28:29.000Z</time>
        <extensions>
          <ns3:TrackPointExtension>
            <ns3:hr>115</ns3:hr>
            <ns3:cad>96</ns3:cad>
          </ns3:TrackPointExtension>
        </extensions>
      </trkpt>
      <trkpt lat="29.52677532099187374114990234375" lon="103.333498723804950714111328125">
        <ele>2950.199951171875</ele>
        <time>2025-07-06T08:28:30.000Z</time>
        <extensions>
          <ns3:TrackPointExtension>
            <ns3:hr>115</ns3:hr>
            <ns3:cad>96</ns3:cad>
          </ns3:TrackPointExtension>
        </extensions>
      </trkpt>
      <trkpt lat="29.52678102068603038787841796875" lon="103.333496712148189544677734375">
        <ele>2949.800048828125</ele>
        <time>2025-07-06T08:28:31.000Z</time>
        <extensions>
          <ns3:TrackPointExtension>
            <ns3:hr>115</ns3:hr>
            <ns3:cad>96</ns3:cad>
          </ns3:TrackPointExtension>
        </extensions>
      </trkpt>
      <trkpt lat="29.52678906731307506561279296875" lon="103.333492688834667205810546875">
        <ele>2949.39990234375</ele>
        <time>2025-07-06T08:28:32.000Z</time>
        <extensions>
          <ns3:TrackPointExtension>
            <ns3:hr>115</ns3:hr>
            <ns3:cad>96</ns3:cad>
          </ns3:TrackPointExtension>
        </extensions>
      </trkpt>
      <trkpt lat="29.5267973653972148895263671875" lon="103.3334911800920963287353515625">
        <ele>2949.199951171875</ele>
        <time>2025-07-06T08:28:33.000Z</time>
        <extensions>
          <ns3:TrackPointExtension>
            <ns3:hr>114</ns3:hr>
            <ns3:cad>96</ns3:cad>
          </ns3:TrackPointExtension>
        </extensions>
      </trkpt>
      <trkpt lat="29.52679594047367572784423828125" lon="103.333485983312129974365234375">
        <ele>2949</ele>
        <time>2025-07-06T08:28:34.000Z</time>
        <extensions>
          <ns3:TrackPointExtension>
            <ns3:hr>114</ns3:hr>
            <ns3:cad>0</ns3:cad>
          </ns3:TrackPointExtension>
        </extensions>
      </trkpt>
      <trkpt lat="29.5268054120242595672607421875" lon="103.333482630550861358642578125">
        <ele>2948.60009765625</ele>
        <time>2025-07-06T08:28:35.000Z</time>
        <extensions>
          <ns3:TrackPointExtension>
            <ns3:hr>114</ns3:hr>
            <ns3:cad>0</ns3:cad>
          </ns3:TrackPointExtension>
        </extensions>
      </trkpt>
      <trkpt lat="29.52681555412709712982177734375" lon="103.333477266132831573486328125">
        <ele>2948.39990234375</ele>
        <time>2025-07-06T08:28:36.000Z</time>
        <extensions>
          <ns3:TrackPointExtension>
            <ns3:hr>114</ns3:hr>
            <ns3:cad>0</ns3:cad>
          </ns3:TrackPointExtension>
        </extensions>
      </trkpt>
      <trkpt lat="29.52682829461991786956787109375" lon="103.333473242819309234619140625">
        <ele>2948</ele>
        <time>2025-07-06T08:28:37.000Z</time>
        <extensions>
          <ns3:TrackPointExtension>
            <ns3:hr>114</ns3:hr>
            <ns3:cad>0</ns3:cad>
          </ns3:TrackPointExtension>
        </extensions>
      </trkpt>
      <trkpt lat="29.52684581279754638671875" lon="103.3334693871438503265380859375">
        <ele>2947.60009765625</ele>
        <time>2025-07-06T08:28:38.000Z</time>
        <extensions>
          <ns3:TrackPointExtension>
            <ns3:hr>114</ns3:hr>
            <ns3:cad>0</ns3:cad>
          </ns3:TrackPointExtension>
        </extensions>
      </trkpt>
      <trkpt lat="29.52685411088168621063232421875" lon="103.33346444182097911834716796875">
        <ele>2947</ele>
        <time>2025-07-06T08:28:39.000Z</time>
        <extensions>
          <ns3:TrackPointExtension>
            <ns3:hr>114</ns3:hr>
            <ns3:cad>0</ns3:cad>
          </ns3:TrackPointExtension>
        </extensions>
      </trkpt>
      <trkpt lat="29.526865594089031219482421875" lon="103.33346142433583736419677734375">
        <ele>2946.60009765625</ele>
        <time>2025-07-06T08:28:40.000Z</time>
        <extensions>
          <ns3:TrackPointExtension>
            <ns3:hr>113</ns3:hr>
            <ns3:cad>0</ns3:cad>
          </ns3:TrackPointExtension>
        </extensions>
      </trkpt>
      <trkpt lat="29.52688277699053287506103515625" lon="103.333458490669727325439453125">
        <ele>2946.199951171875</ele>
        <time>2025-07-06T08:28:41.000Z</time>
        <extensions>
          <ns3:TrackPointExtension>
            <ns3:hr>113</ns3:hr>
            <ns3:cad>0</ns3:cad>
          </ns3:TrackPointExtension>
        </extensions>
      </trkpt>
      <trkpt lat="29.526891745626926422119140625" lon="103.33345488645136356353759765625">
        <ele>2946</ele>
        <time>2025-07-06T08:28:42.000Z</time>
        <extensions>
          <ns3:TrackPointExtension>
            <ns3:hr>113</ns3:hr>
            <ns3:cad>0</ns3:cad>
          </ns3:TrackPointExtension>
        </extensions>
      </trkpt>
      <trkpt lat="29.52690373174846172332763671875" lon="103.33345488645136356353759765625">
        <ele>2945.60009765625</ele>
        <time>2025-07-06T08:28:43.000Z</time>
        <extensions>
          <ns3:TrackPointExtension>
            <ns3:hr>113</ns3:hr>
            <ns3:cad>0</ns3:cad>
          </ns3:TrackPointExtension>
        </extensions>
      </trkpt>
      <trkpt lat="29.52690993435680866241455078125" lon="103.33345388062298297882080078125">
        <ele>2945.199951171875</ele>
        <time>2025-07-06T08:28:44.000Z</time>
        <extensions>
          <ns3:TrackPointExtension>
            <ns3:hr>112</ns3:hr>
            <ns3:cad>0</ns3:cad>
          </ns3:TrackPointExtension>
        </extensions>
      </trkpt>
      <trkpt lat="29.52691680751740932464599609375" lon="103.33345471881330013275146484375">
        <ele>2945</ele>
        <time>2025-07-06T08:28:45.000Z</time>
        <extensions>
          <ns3:TrackPointExtension>
            <ns3:hr>112</ns3:hr>
            <ns3:cad>0</ns3:cad>
          </ns3:TrackPointExtension>
        </extensions>
      </trkpt>
      <trkpt lat="29.52692426741123199462890625" lon="103.33345346152782440185546875">
        <ele>2944.60009765625</ele>
        <time>2025-07-06T08:28:46.000Z</time>
        <extensions>
          <ns3:TrackPointExtension>
            <ns3:hr>112</ns3:hr>
            <ns3:cad>0</ns3:cad>
          </ns3:TrackPointExtension>
        </extensions>
      </trkpt>
      <trkpt lat="29.52693491242825984954833984375" lon="103.33345170132815837860107421875">
        <ele>2944.199951171875</ele>
        <time>2025-07-06T08:28:47.000Z</time>
        <extensions>
          <ns3:TrackPointExtension>
            <ns3:hr>111</ns3:hr>
            <ns3:cad>0</ns3:cad>
          </ns3:TrackPointExtension>
        </extensions>
      </trkpt>
      <trkpt lat="29.52694572508335113525390625" lon="103.333445079624652862548828125">
        <ele>2943.800048828125</ele>
        <time>2025-07-06T08:28:48.000Z</time>
        <extensions>
          <ns3:TrackPointExtension>
            <ns3:hr>111</ns3:hr>
            <ns3:cad>0</ns3:cad>
          </ns3:TrackPointExtension>
        </extensions>
      </trkpt>
      <trkpt lat="29.5269549451768398284912109375" lon="103.333441056311130523681640625">
        <ele>2943.39990234375</ele>
        <time>2025-07-06T08:28:49.000Z</time>
        <extensions>
          <ns3:TrackPointExtension>
            <ns3:hr>111</ns3:hr>
            <ns3:cad>96</ns3:cad>
          </ns3:TrackPointExtension>
        </extensions>
      </trkpt>
      <trkpt lat="29.52696324326097965240478515625" lon="103.33343870937824249267578125">
        <ele>2943.199951171875</ele>
        <time>2025-07-06T08:28:50.000Z</time>
        <extensions>
          <ns3:TrackPointExtension>
            <ns3:hr>111</ns3:hr>
            <ns3:cad>96</ns3:cad>
          </ns3:TrackPointExtension>
        </extensions>
      </trkpt>
      <trkpt lat="29.526974894106388092041015625" lon="103.333435021340847015380859375">
        <ele>2942.800048828125</ele>
        <time>2025-07-06T08:28:51.000Z</time>
        <extensions>
          <ns3:TrackPointExtension>
            <ns3:hr>111</ns3:hr>
            <ns3:cad>96</ns3:cad>
          </ns3:TrackPointExtension>
        </extensions>
      </trkpt>
      <trkpt lat="29.5269810967147350311279296875" lon="103.3334281481802463531494140625">
        <ele>2942.60009765625</ele>
        <time>2025-07-06T08:28:52.000Z</time>
        <extensions>
          <ns3:TrackPointExtension>
            <ns3:hr>111</ns3:hr>
            <ns3:cad>96</ns3:cad>
          </ns3:TrackPointExtension>
        </extensions>
      </trkpt>
      <trkpt lat="29.526993334293365478515625" lon="103.333420939743518829345703125">
        <ele>2942.199951171875</ele>
        <time>2025-07-06T08:28:53.000Z</time>
        <extensions>
          <ns3:TrackPointExtension>
            <ns3:hr>110</ns3:hr>
            <ns3:cad>91</ns3:cad>
          </ns3:TrackPointExtension>
        </extensions>
      </trkpt>
      <trkpt lat="29.5270042307674884796142578125" lon="103.3334140665829181671142578125">
        <ele>2941.800048828125</ele>
        <time>2025-07-06T08:28:54.000Z</time>
        <extensions>
          <ns3:TrackPointExtension>
            <ns3:hr>110</ns3:hr>
            <ns3:cad>91</ns3:cad>
          </ns3:TrackPointExtension>
        </extensions>
      </trkpt>
      <trkpt lat="29.52702443115413188934326171875" lon="103.3334016613662242889404296875">
        <ele>2941.60009765625</ele>
        <time>2025-07-06T08:28:55.000Z</time>
        <extensions>
          <ns3:TrackPointExtension>
            <ns3:hr>110</ns3:hr>
            <ns3:cad>91</ns3:cad>
          </ns3:TrackPointExtension>
        </extensions>
      </trkpt>
      <trkpt lat="29.527039267122745513916015625" lon="103.33339403383433818817138671875">
        <ele>2941.39990234375</ele>
        <time>2025-07-06T08:28:56.000Z</time>
        <extensions>
          <ns3:TrackPointExtension>
            <ns3:hr>109</ns3:hr>
            <ns3:cad>91</ns3:cad>
          </ns3:TrackPointExtension>
        </extensions>
      </trkpt>
      <trkpt lat="29.5270595513284206390380859375" lon="103.333372659981250762939453125">
        <ele>2941.199951171875</ele>
        <time>2025-07-06T08:28:57.000Z</time>
        <extensions>
          <ns3:TrackPointExtension>
            <ns3:hr>108</ns3:hr>
            <ns3:cad>91</ns3:cad>
          </ns3:TrackPointExtension>
        </extensions>
      </trkpt>
      <trkpt lat="29.52706818468868732452392578125" lon="103.33335530944168567657470703125">
        <ele>2941</ele>
        <time>2025-07-06T08:28:58.000Z</time>
        <extensions>
          <ns3:TrackPointExtension>
            <ns3:hr>108</ns3:hr>
            <ns3:cad>91</ns3:cad>
          </ns3:TrackPointExtension>
        </extensions>
      </trkpt>
      <trkpt lat="29.5270857028663158416748046875" lon="103.3333374559879302978515625">
        <ele>2940.800048828125</ele>
        <time>2025-07-06T08:28:59.000Z</time>
        <extensions>
          <ns3:TrackPointExtension>
            <ns3:hr>107</ns3:hr>
            <ns3:cad>91</ns3:cad>
          </ns3:TrackPointExtension>
        </extensions>
      </trkpt>
      <trkpt lat="29.52709282748401165008544921875" lon="103.3333211950957775115966796875">
        <ele>2940.60009765625</ele>
        <time>2025-07-06T08:29:00.000Z</time>
        <extensions>
          <ns3:TrackPointExtension>
            <ns3:hr>107</ns3:hr>
            <ns3:cad>91</ns3:cad>
          </ns3:TrackPointExtension>
        </extensions>
      </trkpt>
      <trkpt lat="29.52711126767098903656005859375" lon="103.33330200053751468658447265625">
        <ele>2940.60009765625</ele>
        <time>2025-07-06T08:29:01.000Z</time>
        <extensions>
          <ns3:TrackPointExtension>
            <ns3:hr>107</ns3:hr>
            <ns3:cad>95</ns3:cad>
          </ns3:TrackPointExtension>
        </extensions>
      </trkpt>
      <trkpt lat="29.527119733393192291259765625" lon="103.3332926966249942779541015625">
        <ele>2940.39990234375</ele>
        <time>2025-07-06T08:29:02.000Z</time>
        <extensions>
          <ns3:TrackPointExtension>
            <ns3:hr>107</ns3:hr>
            <ns3:cad>95</ns3:cad>
          </ns3:TrackPointExtension>
        </extensions>
      </trkpt>
      <trkpt lat="29.5271225832402706146240234375" lon="103.333285152912139892578125">
        <ele>2940.199951171875</ele>
        <time>2025-07-06T08:29:03.000Z</time>
        <extensions>
          <ns3:TrackPointExtension>
            <ns3:hr>107</ns3:hr>
            <ns3:cad>95</ns3:cad>
          </ns3:TrackPointExtension>
        </extensions>
      </trkpt>
      <trkpt lat="29.5271306298673152923583984375" lon="103.33327266387641429901123046875">
        <ele>2940.199951171875</ele>
        <time>2025-07-06T08:29:04.000Z</time>
        <extensions>
          <ns3:TrackPointExtension>
            <ns3:hr>107</ns3:hr>
            <ns3:cad>95</ns3:cad>
          </ns3:TrackPointExtension>
        </extensions>
      </trkpt>
      <trkpt lat="29.52713708393275737762451171875" lon="103.33326713182032108306884765625">
        <ele>2940</ele>
        <time>2025-07-06T08:29:05.000Z</time>
        <extensions>
          <ns3:TrackPointExtension>
            <ns3:hr>107</ns3:hr>
            <ns3:cad>95</ns3:cad>
          </ns3:TrackPointExtension>
        </extensions>
      </trkpt>
      <trkpt lat="29.5271413587033748626708984375" lon="103.3332561515271663665771484375">
        <ele>2939.800048828125</ele>
        <time>2025-07-06T08:29:06.000Z</time>
        <extensions>
          <ns3:TrackPointExtension>
            <ns3:hr>107</ns3:hr>
            <ns3:cad>95</ns3:cad>
          </ns3:TrackPointExtension>
        </extensions>
      </trkpt>
      <trkpt lat="29.5271453820168972015380859375" lon="103.3332457579672336578369140625">
        <ele>2939.60009765625</ele>
        <time>2025-07-06T08:29:07.000Z</time>
        <extensions>
          <ns3:TrackPointExtension>
            <ns3:hr>108</ns3:hr>
            <ns3:cad>95</ns3:cad>
          </ns3:TrackPointExtension>
        </extensions>
      </trkpt>
      <trkpt lat="29.52714689075946807861328125" lon="103.333238549530506134033203125">
        <ele>2939.39990234375</ele>
        <time>2025-07-06T08:29:08.000Z</time>
        <extensions>
          <ns3:TrackPointExtension>
            <ns3:hr>107</ns3:hr>
            <ns3:cad>95</ns3:cad>
          </ns3:TrackPointExtension>
        </extensions>
      </trkpt>
      <trkpt lat="29.52714663930237293243408203125" lon="103.3332306705415248870849609375">
        <ele>2939.199951171875</ele>
        <time>2025-07-06T08:29:09.000Z</time>
        <extensions>
          <ns3:TrackPointExtension>
            <ns3:hr>107</ns3:hr>
            <ns3:cad>95</ns3:cad>
          </ns3:TrackPointExtension>
        </extensions>
      </trkpt>
      <trkpt lat="29.527144543826580047607421875" lon="103.33322790451347827911376953125">
        <ele>2939</ele>
        <time>2025-07-06T08:29:10.000Z</time>
        <extensions>
          <ns3:TrackPointExtension>
            <ns3:hr>107</ns3:hr>
            <ns3:cad>95</ns3:cad>
          </ns3:TrackPointExtension>
        </extensions>
      </trkpt>
      <trkpt lat="29.52713876031339168548583984375" lon="103.333213739097118377685546875">
        <ele>2938.800048828125</ele>
        <time>2025-07-06T08:29:11.000Z</time>
        <extensions>
          <ns3:TrackPointExtension>
            <ns3:hr>108</ns3:hr>
            <ns3:cad>95</ns3:cad>
          </ns3:TrackPointExtension>
        </extensions>
      </trkpt>
      <trkpt lat="29.5271356590092182159423828125" lon="103.3331984840333461761474609375">
        <ele>2938.60009765625</ele>
        <time>2025-07-06T08:29:12.000Z</time>
        <extensions>
          <ns3:TrackPointExtension>
            <ns3:hr>109</ns3:hr>
            <ns3:cad>95</ns3:cad>
          </ns3:TrackPointExtension>
        </extensions>
      </trkpt>
      <trkpt lat="29.52713171951472759246826171875" lon="103.3331830613315105438232421875">
        <ele>2938.60009765625</ele>
        <time>2025-07-06T08:29:13.000Z</time>
        <extensions>
          <ns3:TrackPointExtension>
            <ns3:hr>110</ns3:hr>
            <ns3:cad>95</ns3:cad>
          </ns3:TrackPointExtension>
        </extensions>
      </trkpt>
      <trkpt lat="29.52712987549602985382080078125" lon="103.33317945711314678192138671875">
        <ele>2938.39990234375</ele>
        <time>2025-07-06T08:29:14.000Z</time>
        <extensions>
          <ns3:TrackPointExtension>
            <ns3:hr>110</ns3:hr>
            <ns3:cad>58</ns3:cad>
          </ns3:TrackPointExtension>
        </extensions>
      </trkpt>
      <trkpt lat="29.5271279476583003997802734375" lon="103.3331787027418613433837890625">
        <ele>2938.199951171875</ele>
        <time>2025-07-06T08:29:15.000Z</time>
        <extensions>
          <ns3:TrackPointExtension>
            <ns3:hr>111</ns3:hr>
            <ns3:cad>58</ns3:cad>
          </ns3:TrackPointExtension>
        </extensions>
      </trkpt>
      <trkpt lat="29.52712870202958583831787109375" lon="103.333180882036685943603515625">
        <ele>2938</ele>
        <time>2025-07-06T08:29:16.000Z</time>
        <extensions>
          <ns3:TrackPointExtension>
            <ns3:hr>111</ns3:hr>
            <ns3:cad>58</ns3:cad>
          </ns3:TrackPointExtension>
        </extensions>
      </trkpt>
      <trkpt lat="29.5271292887628078460693359375" lon="103.33318297751247882843017578125">
        <ele>2937.800048828125</ele>
        <time>2025-07-06T08:29:17.000Z</time>
        <extensions>
          <ns3:TrackPointExtension>
            <ns3:hr>111</ns3:hr>
            <ns3:cad>58</ns3:cad>
          </ns3:TrackPointExtension>
        </extensions>
      </trkpt>
      <trkpt lat="29.5271279476583003997802734375" lon="103.3331850729882717132568359375">
        <ele>2937.60009765625</ele>
        <time>2025-07-06T08:29:18.000Z</time>
        <extensions>
          <ns3:TrackPointExtension>
            <ns3:hr>110</ns3:hr>
            <ns3:cad>0</ns3:cad>
          </ns3:TrackPointExtension>
        </extensions>
      </trkpt>
      <trkpt lat="29.5271276123821735382080078125" lon="103.33318817429244518280029296875">
        <ele>2937.60009765625</ele>
        <time>2025-07-06T08:29:19.000Z</time>
        <extensions>
          <ns3:TrackPointExtension>
            <ns3:hr>111</ns3:hr>
            <ns3:cad>0</ns3:cad>
          </ns3:TrackPointExtension>
        </extensions>
      </trkpt>
      <trkpt lat="29.527127109467983245849609375" lon="103.33319152705371379852294921875">
        <ele>2937.60009765625</ele>
        <time>2025-07-06T08:29:20.000Z</time>
        <extensions>
          <ns3:TrackPointExtension>
            <ns3:hr>110</ns3:hr>
            <ns3:cad>0</ns3:cad>
          </ns3:TrackPointExtension>
        </extensions>
      </trkpt>
      <trkpt lat="29.5271269418299198150634765625" lon="103.333192281424999237060546875">
        <ele>2937.60009765625</ele>
        <time>2025-07-06T08:29:21.000Z</time>
        <extensions>
          <ns3:TrackPointExtension>
            <ns3:hr>110</ns3:hr>
            <ns3:cad>0</ns3:cad>
          </ns3:TrackPointExtension>
        </extensions>
      </trkpt>
      <trkpt lat="29.5271276123821735382080078125" lon="103.33319437690079212188720703125">
        <ele>2937.60009765625</ele>
        <time>2025-07-06T08:29:22.000Z</time>
        <extensions>
          <ns3:TrackPointExtension>
            <ns3:hr>110</ns3:hr>
            <ns3:cad>0</ns3:cad>
          </ns3:TrackPointExtension>
        </extensions>
      </trkpt>
      <trkpt lat="29.52712920494377613067626953125" lon="103.33319722674787044525146484375">
        <ele>2937.60009765625</ele>
        <time>2025-07-06T08:29:23.000Z</time>
        <extensions>
          <ns3:TrackPointExtension>
            <ns3:hr>110</ns3:hr>
            <ns3:cad>0</ns3:cad>
          </ns3:TrackPointExtension>
        </extensions>
      </trkpt>
      <trkpt lat="29.52712886966764926910400390625" lon="103.33319940604269504547119140625">
        <ele>2937.60009765625</ele>
        <time>2025-07-06T08:29:24.000Z</time>
        <extensions>
          <ns3:TrackPointExtension>
            <ns3:hr>110</ns3:hr>
            <ns3:cad>0</ns3:cad>
          </ns3:TrackPointExtension>
        </extensions>
      </trkpt>
      <trkpt lat="29.52713138423860073089599609375" lon="103.33320208825170993804931640625">
        <ele>2937.60009765625</ele>
        <time>2025-07-06T08:29:25.000Z</time>
        <extensions>
          <ns3:TrackPointExtension>
            <ns3:hr>110</ns3:hr>
            <ns3:cad>0</ns3:cad>
          </ns3:TrackPointExtension>
        </extensions>
      </trkpt>
      <trkpt lat="29.52713155187666416168212890625" lon="103.33320007659494876861572265625">
        <ele>2937.60009765625</ele>
        <time>2025-07-06T08:29:26.000Z</time>
        <extensions>
          <ns3:TrackPointExtension>
            <ns3:hr>110</ns3:hr>
            <ns3:cad>0</ns3:cad>
          </ns3:TrackPointExtension>
        </extensions>
      </trkpt>
      <trkpt lat="29.527131803333759307861328125" lon="103.33319940604269504547119140625">
        <ele>2937.800048828125</ele>
        <time>2025-07-06T08:29:27.000Z</time>
        <extensions>
          <ns3:TrackPointExtension>
            <ns3:hr>110</ns3:hr>
            <ns3:cad>0</ns3:cad>
          </ns3:TrackPointExtension>
        </extensions>
      </trkpt>
      <trkpt lat="29.52713213860988616943359375" lon="103.33319731056690216064453125">
        <ele>2937.800048828125</ele>
        <time>2025-07-06T08:29:28.000Z</time>
        <extensions>
          <ns3:TrackPointExtension>
            <ns3:hr>110</ns3:hr>
            <ns3:cad>0</ns3:cad>
          </ns3:TrackPointExtension>
        </extensions>
      </trkpt>
      <trkpt lat="29.52713255770504474639892578125" lon="103.33319638855755329132080078125">
        <ele>2937.800048828125</ele>
        <time>2025-07-06T08:29:29.000Z</time>
        <extensions>
          <ns3:TrackPointExtension>
            <ns3:hr>110</ns3:hr>
            <ns3:cad>0</ns3:cad>
          </ns3:TrackPointExtension>
        </extensions>
      </trkpt>
      <trkpt lat="29.52713054604828357696533203125" lon="103.33319722674787044525146484375">
        <ele>2938</ele>
        <time>2025-07-06T08:29:30.000Z</time>
        <extensions>
          <ns3:TrackPointExtension>
            <ns3:hr>110</ns3:hr>
            <ns3:cad>0</ns3:cad>
          </ns3:TrackPointExtension>
        </extensions>
      </trkpt>
      <trkpt lat="29.527131803333759307861328125" lon="103.33319856785237789154052734375">
        <ele>2938</ele>
        <time>2025-07-06T08:29:31.000Z</time>
        <extensions>
          <ns3:TrackPointExtension>
            <ns3:hr>110</ns3:hr>
            <ns3:cad>0</ns3:cad>
          </ns3:TrackPointExtension>
        </extensions>
      </trkpt>
      <trkpt lat="29.52713347971439361572265625" lon="103.3331988193094730377197265625">
        <ele>2937.800048828125</ele>
        <time>2025-07-06T08:29:32.000Z</time>
        <extensions>
          <ns3:TrackPointExtension>
            <ns3:hr>110</ns3:hr>
            <ns3:cad>0</ns3:cad>
          </ns3:TrackPointExtension>
        </extensions>
      </trkpt>
      <trkpt lat="29.52713121660053730010986328125" lon="103.33319487981498241424560546875">
        <ele>2937.800048828125</ele>
        <time>2025-07-06T08:29:33.000Z</time>
        <extensions>
          <ns3:TrackPointExtension>
            <ns3:hr>109</ns3:hr>
            <ns3:cad>0</ns3:cad>
          </ns3:TrackPointExtension>
        </extensions>
      </trkpt>
      <trkpt lat="29.5271272771060466766357421875" lon="103.33318364806473255157470703125">
        <ele>2937.800048828125</ele>
        <time>2025-07-06T08:29:34.000Z</time>
        <extensions>
          <ns3:TrackPointExtension>
            <ns3:hr>109</ns3:hr>
            <ns3:cad>0</ns3:cad>
          </ns3:TrackPointExtension>
        </extensions>
      </trkpt>
      <trkpt lat="29.527124427258968353271484375" lon="103.33317459560930728912353515625">
        <ele>2937.800048828125</ele>
        <time>2025-07-06T08:29:35.000Z</time>
        <extensions>
          <ns3:TrackPointExtension>
            <ns3:hr>109</ns3:hr>
            <ns3:cad>57</ns3:cad>
          </ns3:TrackPointExtension>
        </extensions>
      </trkpt>
      <trkpt lat="29.52711797319352626800537109375" lon="103.33316235803067684173583984375">
        <ele>2937.60009765625</ele>
        <time>2025-07-06T08:29:36.000Z</time>
        <extensions>
          <ns3:TrackPointExtension>
            <ns3:hr>109</ns3:hr>
            <ns3:cad>57</ns3:cad>
          </ns3:TrackPointExtension>
        </extensions>
      </trkpt>
      <trkpt lat="29.52710875310003757476806640625" lon="103.3331451751291751861572265625">
        <ele>2937.60009765625</ele>
        <time>2025-07-06T08:29:37.000Z</time>
        <extensions>
          <ns3:TrackPointExtension>
            <ns3:hr>108</ns3:hr>
            <ns3:cad>57</ns3:cad>
          </ns3:TrackPointExtension>
        </extensions>
      </trkpt>
      <trkpt lat="29.52710573561489582061767578125" lon="103.33312883041799068450927734375">
        <ele>2937.60009765625</ele>
        <time>2025-07-06T08:29:38.000Z</time>
        <extensions>
          <ns3:TrackPointExtension>
            <ns3:hr>108</ns3:hr>
            <ns3:cad>57</ns3:cad>
          </ns3:TrackPointExtension>
        </extensions>
      </trkpt>
      <trkpt lat="29.52709735371172428131103515625" lon="103.3331160061061382293701171875">
        <ele>2937.60009765625</ele>
        <time>2025-07-06T08:29:39.000Z</time>
        <extensions>
          <ns3:TrackPointExtension>
            <ns3:hr>108</ns3:hr>
            <ns3:cad>59</ns3:cad>
          </ns3:TrackPointExtension>
        </extensions>
      </trkpt>
      <trkpt lat="29.5270934142172336578369140625" lon="103.33310075104236602783203125">
        <ele>2937.39990234375</ele>
        <time>2025-07-06T08:29:40.000Z</time>
        <extensions>
          <ns3:TrackPointExtension>
            <ns3:hr>108</ns3:hr>
            <ns3:cad>59</ns3:cad>
          </ns3:TrackPointExtension>
        </extensions>
      </trkpt>
      <trkpt lat="29.527087546885013580322265625" lon="103.333083651959896087646484375">
        <ele>2937.39990234375</ele>
        <time>2025-07-06T08:29:41.000Z</time>
        <extensions>
          <ns3:TrackPointExtension>
            <ns3:hr>108</ns3:hr>
            <ns3:cad>0</ns3:cad>
          </ns3:TrackPointExtension>
        </extensions>
      </trkpt>
      <trkpt lat="29.527080170810222625732421875" lon="103.33306814543902873992919921875">
        <ele>2937.39990234375</ele>
        <time>2025-07-06T08:29:42.000Z</time>
        <extensions>
          <ns3:TrackPointExtension>
            <ns3:hr>107</ns3:hr>
            <ns3:cad>0</ns3:cad>
          </ns3:TrackPointExtension>
        </extensions>
      </trkpt>
      <trkpt lat="29.52707304619252681732177734375" lon="103.3330512978136539459228515625">
        <ele>2937.199951171875</ele>
        <time>2025-07-06T08:29:43.000Z</time>
        <extensions>
          <ns3:TrackPointExtension>
            <ns3:hr>108</ns3:hr>
            <ns3:cad>0</ns3:cad>
          </ns3:TrackPointExtension>
        </extensions>
      </trkpt>
      <trkpt lat="29.5270642451941967010498046875" lon="103.3330305106937885284423828125">
        <ele>2936.800048828125</ele>
        <time>2025-07-06T08:29:44.000Z</time>
        <extensions>
          <ns3:TrackPointExtension>
            <ns3:hr>109</ns3:hr>
            <ns3:cad>0</ns3:cad>
          </ns3:TrackPointExtension>
        </extensions>
      </trkpt>
      <trkpt lat="29.52705762349069118499755859375" lon="103.3330204524099826812744140625">
        <ele>2936.60009765625</ele>
        <time>2025-07-06T08:29:45.000Z</time>
        <extensions>
          <ns3:TrackPointExtension>
            <ns3:hr>110</ns3:hr>
            <ns3:cad>0</ns3:cad>
          </ns3:TrackPointExtension>
        </extensions>
      </trkpt>
      <trkpt lat="29.5270528458058834075927734375" lon="103.33300980739295482635498046875">
        <ele>2936.39990234375</ele>
        <time>2025-07-06T08:29:46.000Z</time>
        <extensions>
          <ns3:TrackPointExtension>
            <ns3:hr>110</ns3:hr>
            <ns3:cad>0</ns3:cad>
          </ns3:TrackPointExtension>
        </extensions>
      </trkpt>
      <trkpt lat="29.52704496681690216064453125" lon="103.3329943008720874786376953125">
        <ele>2936.199951171875</ele>
        <time>2025-07-06T08:29:47.000Z</time>
        <extensions>
          <ns3:TrackPointExtension>
            <ns3:hr>111</ns3:hr>
            <ns3:cad>0</ns3:cad>
          </ns3:TrackPointExtension>
        </extensions>
      </trkpt>
      <trkpt lat="29.52704488299787044525146484375" lon="103.33296739496290683746337890625">
        <ele>2936</ele>
        <time>2025-07-06T08:29:48.000Z</time>
        <extensions>
          <ns3:TrackPointExtension>
            <ns3:hr>111</ns3:hr>
            <ns3:cad>0</ns3:cad>
          </ns3:TrackPointExtension>
        </extensions>
      </trkpt>
      <trkpt lat="29.52705326490104198455810546875" lon="103.33294040523469448089599609375">
        <ele>2935.800048828125</ele>
        <time>2025-07-06T08:29:49.000Z</time>
        <extensions>
          <ns3:TrackPointExtension>
            <ns3:hr>112</ns3:hr>
            <ns3:cad>0</ns3:cad>
          </ns3:TrackPointExtension>
        </extensions>
      </trkpt>
      <trkpt lat="29.5270590484142303466796875" lon="103.33291693590581417083740234375">
        <ele>2935.60009765625</ele>
        <time>2025-07-06T08:29:50.000Z</time>
        <extensions>
          <ns3:TrackPointExtension>
            <ns3:hr>112</ns3:hr>
            <ns3:cad>0</ns3:cad>
          </ns3:TrackPointExtension>
        </extensions>
      </trkpt>
      <trkpt lat="29.5270686037838459014892578125" lon="103.332889862358570098876953125">
        <ele>2935.39990234375</ele>
        <time>2025-07-06T08:29:51.000Z</time>
        <extensions>
          <ns3:TrackPointExtension>
            <ns3:hr>113</ns3:hr>
            <ns3:cad>0</ns3:cad>
          </ns3:TrackPointExtension>
        </extensions>
      </trkpt>
      <trkpt lat="29.52707354910671710968017578125" lon="103.33287837915122509002685546875">
        <ele>2935.199951171875</ele>
        <time>2025-07-06T08:29:52.000Z</time>
        <extensions>
          <ns3:TrackPointExtension>
            <ns3:hr>114</ns3:hr>
            <ns3:cad>0</ns3:cad>
          </ns3:TrackPointExtension>
        </extensions>
      </trkpt>
      <trkpt lat="29.5270803384482860565185546875" lon="103.33285960368812084197998046875">
        <ele>2934.800048828125</ele>
        <time>2025-07-06T08:29:53.000Z</time>
        <extensions>
          <ns3:TrackPointExtension>
            <ns3:hr>114</ns3:hr>
            <ns3:cad>0</ns3:cad>
          </ns3:TrackPointExtension>
        </extensions>
      </trkpt>
      <trkpt lat="29.52708729542791843414306640625" lon="103.33284728229045867919921875">
        <ele>2934.39990234375</ele>
        <time>2025-07-06T08:29:54.000Z</time>
        <extensions>
          <ns3:TrackPointExtension>
            <ns3:hr>115</ns3:hr>
            <ns3:cad>0</ns3:cad>
          </ns3:TrackPointExtension>
        </extensions>
      </trkpt>
      <trkpt lat="29.527092240750789642333984375" lon="103.33283915184438228607177734375">
        <ele>2934.199951171875</ele>
        <time>2025-07-06T08:29:55.000Z</time>
        <extensions>
          <ns3:TrackPointExtension>
            <ns3:hr>116</ns3:hr>
            <ns3:cad>0</ns3:cad>
          </ns3:TrackPointExtension>
        </extensions>
      </trkpt>
      <trkpt lat="29.5270944200456142425537109375" lon="103.33282523788511753082275390625">
        <ele>2933.800048828125</ele>
        <time>2025-07-06T08:29:56.000Z</time>
        <extensions>
          <ns3:TrackPointExtension>
            <ns3:hr>117</ns3:hr>
            <ns3:cad>0</ns3:cad>
          </ns3:TrackPointExtension>
        </extensions>
      </trkpt>
      <trkpt lat="29.527097605168819427490234375" lon="103.33281266503036022186279296875">
        <ele>2933.60009765625</ele>
        <time>2025-07-06T08:29:57.000Z</time>
        <extensions>
          <ns3:TrackPointExtension>
            <ns3:hr>117</ns3:hr>
            <ns3:cad>0</ns3:cad>
          </ns3:TrackPointExtension>
        </extensions>
      </trkpt>
      <trkpt lat="29.52709919773042201995849609375" lon="103.33279053680598735809326171875">
        <ele>2933.39990234375</ele>
        <time>2025-07-06T08:29:58.000Z</time>
        <extensions>
          <ns3:TrackPointExtension>
            <ns3:hr>117</ns3:hr>
            <ns3:cad>0</ns3:cad>
          </ns3:TrackPointExtension>
        </extensions>
      </trkpt>
      <trkpt lat="29.5270984433591365814208984375" lon="103.332770504057407379150390625">
        <ele>2933.199951171875</ele>
        <time>2025-07-06T08:29:59.000Z</time>
        <extensions>
          <ns3:TrackPointExtension>
            <ns3:hr>118</ns3:hr>
            <ns3:cad>0</ns3:cad>
          </ns3:TrackPointExtension>
        </extensions>
      </trkpt>
      <trkpt lat="29.527098946273326873779296875" lon="103.33275717683136463165283203125">
        <ele>2933</ele>
        <time>2025-07-06T08:30:00.000Z</time>
        <extensions>
          <ns3:TrackPointExtension>
            <ns3:hr>118</ns3:hr>
            <ns3:cad>0</ns3:cad>
          </ns3:TrackPointExtension>
        </extensions>
      </trkpt>
      <trkpt lat="29.5270957611501216888427734375" lon="103.332743346691131591796875">
        <ele>2932.800048828125</ele>
        <time>2025-07-06T08:30:01.000Z</time>
        <extensions>
          <ns3:TrackPointExtension>
            <ns3:hr>117</ns3:hr>
            <ns3:cad>0</ns3:cad>
          </ns3:TrackPointExtension>
        </extensions>
      </trkpt>
      <trkpt lat="29.5270927436649799346923828125" lon="103.33272499032318592071533203125">
        <ele>2932.39990234375</ele>
        <time>2025-07-06T08:30:02.000Z</time>
        <extensions>
          <ns3:TrackPointExtension>
            <ns3:hr>117</ns3:hr>
            <ns3:cad>0</ns3:cad>
          </ns3:TrackPointExtension>
        </extensions>
      </trkpt>
      <trkpt lat="29.52709056437015533447265625" lon="103.33270847797393798828125">
        <ele>2932.199951171875</ele>
        <time>2025-07-06T08:30:03.000Z</time>
        <extensions>
          <ns3:TrackPointExtension>
            <ns3:hr>118</ns3:hr>
            <ns3:cad>83</ns3:cad>
          </ns3:TrackPointExtension>
        </extensions>
      </trkpt>
      <trkpt lat="29.527089893817901611328125" lon="103.33268475718796253204345703125">
        <ele>2932.199951171875</ele>
        <time>2025-07-06T08:30:04.000Z</time>
        <extensions>
          <ns3:TrackPointExtension>
            <ns3:hr>118</ns3:hr>
            <ns3:cad>83</ns3:cad>
          </ns3:TrackPointExtension>
        </extensions>
      </trkpt>
      <trkpt lat="29.52708813361823558807373046875" lon="103.33266363479197025299072265625">
        <ele>2932</ele>
        <time>2025-07-06T08:30:05.000Z</time>
        <extensions>
          <ns3:TrackPointExtension>
            <ns3:hr>119</ns3:hr>
            <ns3:cad>83</ns3:cad>
          </ns3:TrackPointExtension>
        </extensions>
      </trkpt>
      <trkpt lat="29.52708947472274303436279296875" lon="103.33263949491083621978759765625">
        <ele>2931.800048828125</ele>
        <time>2025-07-06T08:30:06.000Z</time>
        <extensions>
          <ns3:TrackPointExtension>
            <ns3:hr>119</ns3:hr>
            <ns3:cad>83</ns3:cad>
          </ns3:TrackPointExtension>
        </extensions>
      </trkpt>
      <trkpt lat="29.52708411030471324920654296875" lon="103.33262331783771514892578125">
        <ele>2931.60009765625</ele>
        <time>2025-07-06T08:30:07.000Z</time>
        <extensions>
          <ns3:TrackPointExtension>
            <ns3:hr>119</ns3:hr>
            <ns3:cad>83</ns3:cad>
          </ns3:TrackPointExtension>
        </extensions>
      </trkpt>
      <trkpt lat="29.527081511914730072021484375" lon="103.3326083980500698089599609375">
        <ele>2931.60009765625</ele>
        <time>2025-07-06T08:30:08.000Z</time>
        <extensions>
          <ns3:TrackPointExtension>
            <ns3:hr>119</ns3:hr>
            <ns3:cad>83</ns3:cad>
          </ns3:TrackPointExtension>
        </extensions>
      </trkpt>
      <trkpt lat="29.52707656659185886383056640625" lon="103.3325918018817901611328125">
        <ele>2931.60009765625</ele>
        <time>2025-07-06T08:30:09.000Z</time>
        <extensions>
          <ns3:TrackPointExtension>
            <ns3:hr>119</ns3:hr>
            <ns3:cad>85</ns3:cad>
          </ns3:TrackPointExtension>
        </extensions>
      </trkpt>
      <trkpt lat="29.527067430317401885986328125" lon="103.33257369697093963623046875">
        <ele>2931.39990234375</ele>
        <time>2025-07-06T08:30:10.000Z</time>
        <extensions>
          <ns3:TrackPointExtension>
            <ns3:hr>118</ns3:hr>
            <ns3:cad>87</ns3:cad>
          </ns3:TrackPointExtension>
        </extensions>
      </trkpt>
      <trkpt lat="29.52705896459519863128662109375" lon="103.332554586231708526611328125">
        <ele>2931.39990234375</ele>
        <time>2025-07-06T08:30:11.000Z</time>
        <extensions>
          <ns3:TrackPointExtension>
            <ns3:hr>117</ns3:hr>
            <ns3:cad>87</ns3:cad>
          </ns3:TrackPointExtension>
        </extensions>
      </trkpt>
      <trkpt lat="29.527052678167819976806640625" lon="103.3325396664440631866455078125">
        <ele>2931.199951171875</ele>
        <time>2025-07-06T08:30:12.000Z</time>
        <extensions>
          <ns3:TrackPointExtension>
            <ns3:hr>117</ns3:hr>
            <ns3:cad>87</ns3:cad>
          </ns3:TrackPointExtension>
        </extensions>
      </trkpt>
      <trkpt lat="29.52704974450170993804931640625" lon="103.3325245790183544158935546875">
        <ele>2931</ele>
        <time>2025-07-06T08:30:13.000Z</time>
        <extensions>
          <ns3:TrackPointExtension>
            <ns3:hr>117</ns3:hr>
            <ns3:cad>87</ns3:cad>
          </ns3:TrackPointExtension>
        </extensions>
      </trkpt>
      <trkpt lat="29.527048654854297637939453125" lon="103.332512676715850830078125">
        <ele>2930.60009765625</ele>
        <time>2025-07-06T08:30:14.000Z</time>
        <extensions>
          <ns3:TrackPointExtension>
            <ns3:hr>116</ns3:hr>
            <ns3:cad>87</ns3:cad>
          </ns3:TrackPointExtension>
        </extensions>
      </trkpt>
      <trkpt lat="29.5270468108355998992919921875" lon="103.33249951712787151336669921875">
        <ele>2930.39990234375</ele>
        <time>2025-07-06T08:30:15.000Z</time>
        <extensions>
          <ns3:TrackPointExtension>
            <ns3:hr>116</ns3:hr>
            <ns3:cad>87</ns3:cad>
          </ns3:TrackPointExtension>
        </extensions>
      </trkpt>
      <trkpt lat="29.52704672701656818389892578125" lon="103.332487531006336212158203125">
        <ele>2930.199951171875</ele>
        <time>2025-07-06T08:30:16.000Z</time>
        <extensions>
          <ns3:TrackPointExtension>
            <ns3:hr>116</ns3:hr>
            <ns3:cad>84</ns3:cad>
          </ns3:TrackPointExtension>
        </extensions>
      </trkpt>
      <trkpt lat="29.52704362571239471435546875" lon="103.33247420378029346466064453125">
        <ele>2929.800048828125</ele>
        <time>2025-07-06T08:30:17.000Z</time>
        <extensions>
          <ns3:TrackPointExtension>
            <ns3:hr>115</ns3:hr>
            <ns3:cad>84</ns3:cad>
          </ns3:TrackPointExtension>
        </extensions>
      </trkpt>
      <trkpt lat="29.52704370953142642974853515625" lon="103.3324592001736164093017578125">
        <ele>2929.39990234375</ele>
        <time>2025-07-06T08:30:18.000Z</time>
        <extensions>
          <ns3:TrackPointExtension>
            <ns3:hr>115</ns3:hr>
            <ns3:cad>84</ns3:cad>
          </ns3:TrackPointExtension>
        </extensions>
      </trkpt>
      <trkpt lat="29.527046978473663330078125" lon="103.33244226872920989990234375">
        <ele>2929.199951171875</ele>
        <time>2025-07-06T08:30:19.000Z</time>
        <extensions>
          <ns3:TrackPointExtension>
            <ns3:hr>114</ns3:hr>
            <ns3:cad>84</ns3:cad>
          </ns3:TrackPointExtension>
        </extensions>
      </trkpt>
      <trkpt lat="29.5270474813878536224365234375" lon="103.33242760039865970611572265625">
        <ele>2928.800048828125</ele>
        <time>2025-07-06T08:30:20.000Z</time>
        <extensions>
          <ns3:TrackPointExtension>
            <ns3:hr>114</ns3:hr>
            <ns3:cad>84</ns3:cad>
          </ns3:TrackPointExtension>
        </extensions>
      </trkpt>
      <trkpt lat="29.527050666511058807373046875" lon="103.332416117191314697265625">
        <ele>2928.60009765625</ele>
        <time>2025-07-06T08:30:21.000Z</time>
        <extensions>
          <ns3:TrackPointExtension>
            <ns3:hr>114</ns3:hr>
            <ns3:cad>84</ns3:cad>
          </ns3:TrackPointExtension>
        </extensions>
      </trkpt>
      <trkpt lat="29.527053348720073699951171875" lon="103.3324120938777923583984375">
        <ele>2928.39990234375</ele>
        <time>2025-07-06T08:30:22.000Z</time>
        <extensions>
          <ns3:TrackPointExtension>
            <ns3:hr>114</ns3:hr>
            <ns3:cad>84</ns3:cad>
          </ns3:TrackPointExtension>
        </extensions>
      </trkpt>
      <trkpt lat="29.5270528458058834075927734375" lon="103.33241351880133152008056640625">
        <ele>2928.199951171875</ele>
        <time>2025-07-06T08:30:23.000Z</time>
        <extensions>
          <ns3:TrackPointExtension>
            <ns3:hr>114</ns3:hr>
            <ns3:cad>84</ns3:cad>
          </ns3:TrackPointExtension>
        </extensions>
      </trkpt>
      <trkpt lat="29.52705041505396366119384765625" lon="103.33240865729749202728271484375">
        <ele>2928</ele>
        <time>2025-07-06T08:30:24.000Z</time>
        <extensions>
          <ns3:TrackPointExtension>
            <ns3:hr>113</ns3:hr>
            <ns3:cad>0</ns3:cad>
          </ns3:TrackPointExtension>
        </extensions>
      </trkpt>
      <trkpt lat="29.52705125324428081512451171875" lon="103.3323934860527515411376953125">
        <ele>2928</ele>
        <time>2025-07-06T08:30:25.000Z</time>
        <extensions>
          <ns3:TrackPointExtension>
            <ns3:hr>113</ns3:hr>
            <ns3:cad>0</ns3:cad>
          </ns3:TrackPointExtension>
        </extensions>
      </trkpt>
      <trkpt lat="29.52705443836748600006103515625" lon="103.33238485269248485565185546875">
        <ele>2927.800048828125</ele>
        <time>2025-07-06T08:30:26.000Z</time>
        <extensions>
          <ns3:TrackPointExtension>
            <ns3:hr>113</ns3:hr>
            <ns3:cad>0</ns3:cad>
          </ns3:TrackPointExtension>
        </extensions>
      </trkpt>
      <trkpt lat="29.52705745585262775421142578125" lon="103.3323750458657741546630859375">
        <ele>2927.800048828125</ele>
        <time>2025-07-06T08:30:27.000Z</time>
        <extensions>
          <ns3:TrackPointExtension>
            <ns3:hr>113</ns3:hr>
            <ns3:cad>75</ns3:cad>
          </ns3:TrackPointExtension>
        </extensions>
      </trkpt>
      <trkpt lat="29.5270612277090549468994140625" lon="103.3323659934103488922119140625">
        <ele>2927.60009765625</ele>
        <time>2025-07-06T08:30:28.000Z</time>
        <extensions>
          <ns3:TrackPointExtension>
            <ns3:hr>113</ns3:hr>
            <ns3:cad>83</ns3:cad>
          </ns3:TrackPointExtension>
        </extensions>
      </trkpt>
      <trkpt lat="29.527066089212894439697265625" lon="103.3323559351265430450439453125">
        <ele>2927.199951171875</ele>
        <time>2025-07-06T08:30:29.000Z</time>
        <extensions>
          <ns3:TrackPointExtension>
            <ns3:hr>112</ns3:hr>
            <ns3:cad>83</ns3:cad>
          </ns3:TrackPointExtension>
        </extensions>
      </trkpt>
      <trkpt lat="29.52706835232675075531005859375" lon="103.33234914578497409820556640625">
        <ele>2926.800048828125</ele>
        <time>2025-07-06T08:30:30.000Z</time>
        <extensions>
          <ns3:TrackPointExtension>
            <ns3:hr>112</ns3:hr>
            <ns3:cad>93</ns3:cad>
          </ns3:TrackPointExtension>
        </extensions>
      </trkpt>
      <trkpt lat="29.52707354910671710968017578125" lon="103.33233808167278766632080078125">
        <ele>2926.39990234375</ele>
        <time>2025-07-06T08:30:31.000Z</time>
        <extensions>
          <ns3:TrackPointExtension>
            <ns3:hr>111</ns3:hr>
            <ns3:cad>91</ns3:cad>
          </ns3:TrackPointExtension>
        </extensions>
      </trkpt>
      <trkpt lat="29.52707723714411258697509765625" lon="103.33233104087412357330322265625">
        <ele>2926</ele>
        <time>2025-07-06T08:30:32.000Z</time>
        <extensions>
          <ns3:TrackPointExtension>
            <ns3:hr>111</ns3:hr>
            <ns3:cad>91</ns3:cad>
          </ns3:TrackPointExtension>
        </extensions>
      </trkpt>
      <trkpt lat="29.52708276920020580291748046875" lon="103.3323182165622711181640625">
        <ele>2925.60009765625</ele>
        <time>2025-07-06T08:30:33.000Z</time>
        <extensions>
          <ns3:TrackPointExtension>
            <ns3:hr>110</ns3:hr>
            <ns3:cad>91</ns3:cad>
          </ns3:TrackPointExtension>
        </extensions>
      </trkpt>
      <trkpt lat="29.52709115110337734222412109375" lon="103.33230405114591121673583984375">
        <ele>2925.199951171875</ele>
        <time>2025-07-06T08:30:34.000Z</time>
        <extensions>
          <ns3:TrackPointExtension>
            <ns3:hr>110</ns3:hr>
            <ns3:cad>91</ns3:cad>
          </ns3:TrackPointExtension>
        </extensions>
      </trkpt>
      <trkpt lat="29.5271031372249126434326171875" lon="103.33229516632854938507080078125">
        <ele>2924.800048828125</ele>
        <time>2025-07-06T08:30:35.000Z</time>
        <extensions>
          <ns3:TrackPointExtension>
            <ns3:hr>109</ns3:hr>
            <ns3:cad>91</ns3:cad>
          </ns3:TrackPointExtension>
        </extensions>
      </trkpt>
      <trkpt lat="29.52711177058517932891845703125" lon="103.33228611387312412261962890625">
        <ele>2924.60009765625</ele>
        <time>2025-07-06T08:30:36.000Z</time>
        <extensions>
          <ns3:TrackPointExtension>
            <ns3:hr>108</ns3:hr>
            <ns3:cad>91</ns3:cad>
          </ns3:TrackPointExtension>
        </extensions>
      </trkpt>
      <trkpt lat="29.52712400816380977630615234375" lon="103.3322758041322231292724609375">
        <ele>2924.199951171875</ele>
        <time>2025-07-06T08:30:37.000Z</time>
        <extensions>
          <ns3:TrackPointExtension>
            <ns3:hr>107</ns3:hr>
            <ns3:cad>91</ns3:cad>
          </ns3:TrackPointExtension>
        </extensions>
      </trkpt>
      <trkpt lat="29.5271363295614719390869140625" lon="103.33227136172354221343994140625">
        <ele>2924</ele>
        <time>2025-07-06T08:30:38.000Z</time>
        <extensions>
          <ns3:TrackPointExtension>
            <ns3:hr>106</ns3:hr>
            <ns3:cad>0</ns3:cad>
          </ns3:TrackPointExtension>
        </extensions>
      </trkpt>
      <trkpt lat="29.5271510817110538482666015625" lon="103.332265578210353851318359375">
        <ele>2923.800048828125</ele>
        <time>2025-07-06T08:30:39.000Z</time>
        <extensions>
          <ns3:TrackPointExtension>
            <ns3:hr>106</ns3:hr>
            <ns3:cad>0</ns3:cad>
          </ns3:TrackPointExtension>
        </extensions>
      </trkpt>
      <trkpt lat="29.527166001498699188232421875" lon="103.33227253518998622894287109375">
        <ele>2923.60009765625</ele>
        <time>2025-07-06T08:30:40.000Z</time>
        <extensions>
          <ns3:TrackPointExtension>
            <ns3:hr>105</ns3:hr>
            <ns3:cad>0</ns3:cad>
          </ns3:TrackPointExtension>
        </extensions>
      </trkpt>
      <trkpt lat="29.52717781998217105865478515625" lon="103.33228510804474353790283203125">
        <ele>2923.60009765625</ele>
        <time>2025-07-06T08:30:41.000Z</time>
        <extensions>
          <ns3:TrackPointExtension>
            <ns3:hr>105</ns3:hr>
            <ns3:cad>0</ns3:cad>
          </ns3:TrackPointExtension>
        </extensions>
      </trkpt>
      <trkpt lat="29.527190141379833221435546875" lon="103.3323022909462451934814453125">
        <ele>2923.60009765625</ele>
        <time>2025-07-06T08:30:42.000Z</time>
        <extensions>
          <ns3:TrackPointExtension>
            <ns3:hr>105</ns3:hr>
            <ns3:cad>73</ns3:cad>
          </ns3:TrackPointExtension>
        </extensions>
      </trkpt>
      <trkpt lat="29.5272047258913516998291015625" lon="103.332319892942905426025390625">
        <ele>2923.39990234375</ele>
        <time>2025-07-06T08:30:43.000Z</time>
        <extensions>
          <ns3:TrackPointExtension>
            <ns3:hr>105</ns3:hr>
            <ns3:cad>73</ns3:cad>
          </ns3:TrackPointExtension>
        </extensions>
      </trkpt>
      <trkpt lat="29.52721989713609218597412109375" lon="103.33234109915792942047119140625">
        <ele>2923.39990234375</ele>
        <time>2025-07-06T08:30:44.000Z</time>
        <extensions>
          <ns3:TrackPointExtension>
            <ns3:hr>105</ns3:hr>
            <ns3:cad>73</ns3:cad>
          </ns3:TrackPointExtension>
        </extensions>
      </trkpt>
      <trkpt lat="29.52722995541989803314208984375" lon="103.33236020989716053009033203125">
        <ele>2923.199951171875</ele>
        <time>2025-07-06T08:30:45.000Z</time>
        <extensions>
          <ns3:TrackPointExtension>
            <ns3:hr>105</ns3:hr>
            <ns3:cad>73</ns3:cad>
          </ns3:TrackPointExtension>
        </extensions>
      </trkpt>
      <trkpt lat="29.52724169008433818817138671875" lon="103.33238770253956317901611328125">
        <ele>2923.199951171875</ele>
        <time>2025-07-06T08:30:46.000Z</time>
        <extensions>
          <ns3:TrackPointExtension>
            <ns3:hr>105</ns3:hr>
            <ns3:cad>73</ns3:cad>
          </ns3:TrackPointExtension>
        </extensions>
      </trkpt>
      <trkpt lat="29.5272494852542877197265625" lon="103.3324042148888111114501953125">
        <ele>2923.199951171875</ele>
        <time>2025-07-06T08:30:47.000Z</time>
        <extensions>
          <ns3:TrackPointExtension>
            <ns3:hr>105</ns3:hr>
            <ns3:cad>91</ns3:cad>
          </ns3:TrackPointExtension>
        </extensions>
      </trkpt>
      <trkpt lat="29.52726063318550586700439453125" lon="103.332419134676456451416015625">
        <ele>2923.199951171875</ele>
        <time>2025-07-06T08:30:48.000Z</time>
        <extensions>
          <ns3:TrackPointExtension>
            <ns3:hr>105</ns3:hr>
            <ns3:cad>92</ns3:cad>
          </ns3:TrackPointExtension>
        </extensions>
      </trkpt>
      <trkpt lat="29.52727655880153179168701171875" lon="103.332437239587306976318359375">
        <ele>2923.199951171875</ele>
        <time>2025-07-06T08:30:49.000Z</time>
        <extensions>
          <ns3:TrackPointExtension>
            <ns3:hr>105</ns3:hr>
            <ns3:cad>92</ns3:cad>
          </ns3:TrackPointExtension>
        </extensions>
      </trkpt>
      <trkpt lat="29.52729868702590465545654296875" lon="103.33244771696627140045166015625">
        <ele>2923.199951171875</ele>
        <time>2025-07-06T08:30:50.000Z</time>
        <extensions>
          <ns3:TrackPointExtension>
            <ns3:hr>105</ns3:hr>
            <ns3:cad>92</ns3:cad>
          </ns3:TrackPointExtension>
        </extensions>
      </trkpt>
      <trkpt lat="29.52731980942189693450927734375" lon="103.33245509304106235504150390625">
        <ele>2923.199951171875</ele>
        <time>2025-07-06T08:30:51.000Z</time>
        <extensions>
          <ns3:TrackPointExtension>
            <ns3:hr>105</ns3:hr>
            <ns3:cad>92</ns3:cad>
          </ns3:TrackPointExtension>
        </extensions>
      </trkpt>
      <trkpt lat="29.52733607031404972076416015625" lon="103.33246372640132904052734375">
        <ele>2923.199951171875</ele>
        <time>2025-07-06T08:30:52.000Z</time>
        <extensions>
          <ns3:TrackPointExtension>
            <ns3:hr>105</ns3:hr>
            <ns3:cad>92</ns3:cad>
          </ns3:TrackPointExtension>
        </extensions>
      </trkpt>
      <trkpt lat="29.5273532532155513763427734375" lon="103.332472108304500579833984375">
        <ele>2923.199951171875</ele>
        <time>2025-07-06T08:30:53.000Z</time>
        <extensions>
          <ns3:TrackPointExtension>
            <ns3:hr>105</ns3:hr>
            <ns3:cad>92</ns3:cad>
          </ns3:TrackPointExtension>
        </extensions>
      </trkpt>
      <trkpt lat="29.52737311832606792449951171875" lon="103.3324823342263698577880859375">
        <ele>2923</ele>
        <time>2025-07-06T08:30:54.000Z</time>
        <extensions>
          <ns3:TrackPointExtension>
            <ns3:hr>105</ns3:hr>
            <ns3:cad>92</ns3:cad>
          </ns3:TrackPointExtension>
        </extensions>
      </trkpt>
      <trkpt lat="29.5273857749998569488525390625" lon="103.33247973583638668060302734375">
        <ele>2922.800048828125</ele>
        <time>2025-07-06T08:30:55.000Z</time>
        <extensions>
          <ns3:TrackPointExtension>
            <ns3:hr>105</ns3:hr>
            <ns3:cad>92</ns3:cad>
          </ns3:TrackPointExtension>
        </extensions>
      </trkpt>
      <trkpt lat="29.5274042151868343353271484375" lon="103.33248652517795562744140625">
        <ele>2922.800048828125</ele>
        <time>2025-07-06T08:30:56.000Z</time>
        <extensions>
          <ns3:TrackPointExtension>
            <ns3:hr>105</ns3:hr>
            <ns3:cad>88</ns3:cad>
          </ns3:TrackPointExtension>
        </extensions>
      </trkpt>
      <trkpt lat="29.52741821296513080596923828125" lon="103.332491219043731689453125">
        <ele>2922.800048828125</ele>
        <time>2025-07-06T08:30:57.000Z</time>
        <extensions>
          <ns3:TrackPointExtension>
            <ns3:hr>105</ns3:hr>
            <ns3:cad>84</ns3:cad>
          </ns3:TrackPointExtension>
        </extensions>
      </trkpt>
      <trkpt lat="29.52743145637214183807373046875" lon="103.3324923925101757049560546875">
        <ele>2922.60009765625</ele>
        <time>2025-07-06T08:30:58.000Z</time>
        <extensions>
          <ns3:TrackPointExtension>
            <ns3:hr>105</ns3:hr>
            <ns3:cad>83</ns3:cad>
          </ns3:TrackPointExtension>
        </extensions>
      </trkpt>
      <trkpt lat="29.5274412631988525390625" lon="103.3324903808534145355224609375">
        <ele>2922.60009765625</ele>
        <time>2025-07-06T08:30:59.000Z</time>
        <extensions>
          <ns3:TrackPointExtension>
            <ns3:hr>105</ns3:hr>
            <ns3:cad>83</ns3:cad>
          </ns3:TrackPointExtension>
        </extensions>
      </trkpt>
      <trkpt lat="29.5274479687213897705078125" lon="103.332485854625701904296875">
        <ele>2922.39990234375</ele>
        <time>2025-07-06T08:31:00.000Z</time>
        <extensions>
          <ns3:TrackPointExtension>
            <ns3:hr>105</ns3:hr>
            <ns3:cad>83</ns3:cad>
          </ns3:TrackPointExtension>
        </extensions>
      </trkpt>
      <trkpt lat="29.52745442278683185577392578125" lon="103.33248057402670383453369140625">
        <ele>2922.199951171875</ele>
        <time>2025-07-06T08:31:01.000Z</time>
        <extensions>
          <ns3:TrackPointExtension>
            <ns3:hr>105</ns3:hr>
            <ns3:cad>83</ns3:cad>
          </ns3:TrackPointExtension>
        </extensions>
      </trkpt>
      <trkpt lat="29.5274560153484344482421875" lon="103.33247755654156208038330078125">
        <ele>2922</ele>
        <time>2025-07-06T08:31:02.000Z</time>
        <extensions>
          <ns3:TrackPointExtension>
            <ns3:hr>104</ns3:hr>
            <ns3:cad>79</ns3:cad>
          </ns3:TrackPointExtension>
        </extensions>
      </trkpt>
      <trkpt lat="29.5274628885090351104736328125" lon="103.33247487433254718780517578125">
        <ele>2921.39990234375</ele>
        <time>2025-07-06T08:31:03.000Z</time>
        <extensions>
          <ns3:TrackPointExtension>
            <ns3:hr>104</ns3:hr>
            <ns3:cad>79</ns3:cad>
          </ns3:TrackPointExtension>
        </extensions>
      </trkpt>
      <trkpt lat="29.52746867202222347259521484375" lon="103.33247185684740543365478515625">
        <ele>2921</ele>
        <time>2025-07-06T08:31:04.000Z</time>
        <extensions>
          <ns3:TrackPointExtension>
            <ns3:hr>104</ns3:hr>
            <ns3:cad>79</ns3:cad>
          </ns3:TrackPointExtension>
        </extensions>
      </trkpt>
      <trkpt lat="29.52747680246829986572265625" lon="103.3324669115245342254638671875">
        <ele>2920.60009765625</ele>
        <time>2025-07-06T08:31:05.000Z</time>
        <extensions>
          <ns3:TrackPointExtension>
            <ns3:hr>103</ns3:hr>
            <ns3:cad>98</ns3:cad>
          </ns3:TrackPointExtension>
        </extensions>
      </trkpt>
      <trkpt lat="29.527483172714710235595703125" lon="103.332461379468441009521484375">
        <ele>2920.199951171875</ele>
        <time>2025-07-06T08:31:06.000Z</time>
        <extensions>
          <ns3:TrackPointExtension>
            <ns3:hr>103</ns3:hr>
            <ns3:cad>98</ns3:cad>
          </ns3:TrackPointExtension>
        </extensions>
      </trkpt>
      <trkpt lat="29.52749113552272319793701171875" lon="103.33245140500366687774658203125">
        <ele>2919.800048828125</ele>
        <time>2025-07-06T08:31:07.000Z</time>
        <extensions>
          <ns3:TrackPointExtension>
            <ns3:hr>102</ns3:hr>
            <ns3:cad>98</ns3:cad>
          </ns3:TrackPointExtension>
        </extensions>
      </trkpt>
      <trkpt lat="29.52750136144459247589111328125" lon="103.33244252018630504608154296875">
        <ele>2919.39990234375</ele>
        <time>2025-07-06T08:31:08.000Z</time>
        <extensions>
          <ns3:TrackPointExtension>
            <ns3:hr>102</ns3:hr>
            <ns3:cad>98</ns3:cad>
          </ns3:TrackPointExtension>
        </extensions>
      </trkpt>
      <trkpt lat="29.52750630676746368408203125" lon="103.332435227930545806884765625">
        <ele>2919</ele>
        <time>2025-07-06T08:31:09.000Z</time>
        <extensions>
          <ns3:TrackPointExtension>
            <ns3:hr>103</ns3:hr>
            <ns3:cad>98</ns3:cad>
          </ns3:TrackPointExtension>
        </extensions>
      </trkpt>
      <trkpt lat="29.5275118388235569000244140625" lon="103.33243028260767459869384765625">
        <ele>2918.800048828125</ele>
        <time>2025-07-06T08:31:10.000Z</time>
        <extensions>
          <ns3:TrackPointExtension>
            <ns3:hr>103</ns3:hr>
            <ns3:cad>98</ns3:cad>
          </ns3:TrackPointExtension>
        </extensions>
      </trkpt>
      <trkpt lat="29.52751996926963329315185546875" lon="103.33242257125675678253173828125">
        <ele>2918.39990234375</ele>
        <time>2025-07-06T08:31:11.000Z</time>
        <extensions>
          <ns3:TrackPointExtension>
            <ns3:hr>103</ns3:hr>
            <ns3:cad>98</ns3:cad>
          </ns3:TrackPointExtension>
        </extensions>
      </trkpt>
      <trkpt lat="29.5275413431227207183837890625" lon="103.33241133950650691986083984375">
        <ele>2918.199951171875</ele>
        <time>2025-07-06T08:31:12.000Z</time>
        <extensions>
          <ns3:TrackPointExtension>
            <ns3:hr>103</ns3:hr>
            <ns3:cad>98</ns3:cad>
          </ns3:TrackPointExtension>
        </extensions>
      </trkpt>
      <trkpt lat="29.5275524072349071502685546875" lon="103.33240346051752567291259765625">
        <ele>2918</ele>
        <time>2025-07-06T08:31:13.000Z</time>
        <extensions>
          <ns3:TrackPointExtension>
            <ns3:hr>104</ns3:hr>
            <ns3:cad>98</ns3:cad>
          </ns3:TrackPointExtension>
        </extensions>
      </trkpt>
      <trkpt lat="29.52756489627063274383544921875" lon="103.3323919773101806640625">
        <ele>2917.800048828125</ele>
        <time>2025-07-06T08:31:14.000Z</time>
        <extensions>
          <ns3:TrackPointExtension>
            <ns3:hr>104</ns3:hr>
            <ns3:cad>98</ns3:cad>
          </ns3:TrackPointExtension>
        </extensions>
      </trkpt>
      <trkpt lat="29.52757881022989749908447265625" lon="103.33238217048346996307373046875">
        <ele>2917.60009765625</ele>
        <time>2025-07-06T08:31:15.000Z</time>
        <extensions>
          <ns3:TrackPointExtension>
            <ns3:hr>104</ns3:hr>
            <ns3:cad>98</ns3:cad>
          </ns3:TrackPointExtension>
        </extensions>
      </trkpt>
      <trkpt lat="29.5275902934372425079345703125" lon="103.33237227983772754669189453125">
        <ele>2917.60009765625</ele>
        <time>2025-07-06T08:31:16.000Z</time>
        <extensions>
          <ns3:TrackPointExtension>
            <ns3:hr>103</ns3:hr>
            <ns3:cad>98</ns3:cad>
          </ns3:TrackPointExtension>
        </extensions>
      </trkpt>
      <trkpt lat="29.52759683132171630859375" lon="103.33236373029649257659912109375">
        <ele>2917.60009765625</ele>
        <time>2025-07-06T08:31:17.000Z</time>
        <extensions>
          <ns3:TrackPointExtension>
            <ns3:hr>103</ns3:hr>
            <ns3:cad>98</ns3:cad>
          </ns3:TrackPointExtension>
        </extensions>
      </trkpt>
      <trkpt lat="29.52760219573974609375" lon="103.33235451020300388336181640625">
        <ele>2917.39990234375</ele>
        <time>2025-07-06T08:31:18.000Z</time>
        <extensions>
          <ns3:TrackPointExtension>
            <ns3:hr>103</ns3:hr>
            <ns3:cad>98</ns3:cad>
          </ns3:TrackPointExtension>
        </extensions>
      </trkpt>
      <trkpt lat="29.52760177664458751678466796875" lon="103.33234026096761226654052734375">
        <ele>2917.199951171875</ele>
        <time>2025-07-06T08:31:19.000Z</time>
        <extensions>
          <ns3:TrackPointExtension>
            <ns3:hr>104</ns3:hr>
            <ns3:cad>98</ns3:cad>
          </ns3:TrackPointExtension>
        </extensions>
      </trkpt>
      <trkpt lat="29.5276016928255558013916015625" lon="103.33232785575091838836669921875">
        <ele>2917</ele>
        <time>2025-07-06T08:31:20.000Z</time>
        <extensions>
          <ns3:TrackPointExtension>
            <ns3:hr>104</ns3:hr>
            <ns3:cad>98</ns3:cad>
          </ns3:TrackPointExtension>
        </extensions>
      </trkpt>
      <trkpt lat="29.5275969989597797393798828125" lon="103.3323136903345584869384765625">
        <ele>2916.60009765625</ele>
        <time>2025-07-06T08:31:21.000Z</time>
        <extensions>
          <ns3:TrackPointExtension>
            <ns3:hr>105</ns3:hr>
            <ns3:cad>98</ns3:cad>
          </ns3:TrackPointExtension>
        </extensions>
      </trkpt>
      <trkpt lat="29.5275906287133693695068359375" lon="103.33230170421302318572998046875">
        <ele>2916.199951171875</ele>
        <time>2025-07-06T08:31:22.000Z</time>
        <extensions>
          <ns3:TrackPointExtension>
            <ns3:hr>104</ns3:hr>
            <ns3:cad>98</ns3:cad>
          </ns3:TrackPointExtension>
        </extensions>
      </trkpt>
      <trkpt lat="29.52758383937180042266845703125" lon="103.33228996954858303070068359375">
        <ele>2916</ele>
        <time>2025-07-06T08:31:23.000Z</time>
        <extensions>
          <ns3:TrackPointExtension>
            <ns3:hr>104</ns3:hr>
            <ns3:cad>98</ns3:cad>
          </ns3:TrackPointExtension>
        </extensions>
      </trkpt>
      <trkpt lat="29.52757780440151691436767578125" lon="103.33228108473122119903564453125">
        <ele>2915.60009765625</ele>
        <time>2025-07-06T08:31:24.000Z</time>
        <extensions>
          <ns3:TrackPointExtension>
            <ns3:hr>104</ns3:hr>
            <ns3:cad>98</ns3:cad>
          </ns3:TrackPointExtension>
        </extensions>
      </trkpt>
      <trkpt lat="29.52757361344993114471435546875" lon="103.33227236755192279815673828125">
        <ele>2915.39990234375</ele>
        <time>2025-07-06T08:31:25.000Z</time>
        <extensions>
          <ns3:TrackPointExtension>
            <ns3:hr>104</ns3:hr>
            <ns3:cad>98</ns3:cad>
          </ns3:TrackPointExtension>
        </extensions>
      </trkpt>
      <trkpt lat="29.5275688357651233673095703125" lon="103.33226515911519527435302734375">
        <ele>2915.199951171875</ele>
        <time>2025-07-06T08:31:26.000Z</time>
        <extensions>
          <ns3:TrackPointExtension>
            <ns3:hr>104</ns3:hr>
            <ns3:cad>98</ns3:cad>
          </ns3:TrackPointExtension>
        </extensions>
      </trkpt>
      <trkpt lat="29.5275641418993473052978515625" lon="103.33225912414491176605224609375">
        <ele>2915</ele>
        <time>2025-07-06T08:31:27.000Z</time>
        <extensions>
          <ns3:TrackPointExtension>
            <ns3:hr>103</ns3:hr>
            <ns3:cad>98</ns3:cad>
          </ns3:TrackPointExtension>
        </extensions>
      </trkpt>
      <trkpt lat="29.5275597833096981048583984375" lon="103.33225443027913570404052734375">
        <ele>2914.800048828125</ele>
        <time>2025-07-06T08:31:28.000Z</time>
        <extensions>
          <ns3:TrackPointExtension>
            <ns3:hr>104</ns3:hr>
            <ns3:cad>98</ns3:cad>
          </ns3:TrackPointExtension>
        </extensions>
      </trkpt>
      <trkpt lat="29.527552239596843719482421875" lon="103.33224973641335964202880859375">
        <ele>2914.39990234375</ele>
        <time>2025-07-06T08:31:29.000Z</time>
        <extensions>
          <ns3:TrackPointExtension>
            <ns3:hr>104</ns3:hr>
            <ns3:cad>98</ns3:cad>
          </ns3:TrackPointExtension>
        </extensions>
      </trkpt>
      <trkpt lat="29.52754427678883075714111328125" lon="103.332239091396331787109375">
        <ele>2914.199951171875</ele>
        <time>2025-07-06T08:31:30.000Z</time>
        <extensions>
          <ns3:TrackPointExtension>
            <ns3:hr>104</ns3:hr>
            <ns3:cad>98</ns3:cad>
          </ns3:TrackPointExtension>
        </extensions>
      </trkpt>
      <trkpt lat="29.52753690071403980255126953125" lon="103.33222609944641590118408203125">
        <ele>2914</ele>
        <time>2025-07-06T08:31:31.000Z</time>
        <extensions>
          <ns3:TrackPointExtension>
            <ns3:hr>105</ns3:hr>
            <ns3:cad>98</ns3:cad>
          </ns3:TrackPointExtension>
        </extensions>
      </trkpt>
      <trkpt lat="29.52753103338181972503662109375" lon="103.3322134427726268768310546875">
        <ele>2913.800048828125</ele>
        <time>2025-07-06T08:31:32.000Z</time>
        <extensions>
          <ns3:TrackPointExtension>
            <ns3:hr>105</ns3:hr>
            <ns3:cad>76</ns3:cad>
          </ns3:TrackPointExtension>
        </extensions>
      </trkpt>
      <trkpt lat="29.52752583660185337066650390625" lon="103.33219927735626697540283203125">
        <ele>2913.60009765625</ele>
        <time>2025-07-06T08:31:33.000Z</time>
        <extensions>
          <ns3:TrackPointExtension>
            <ns3:hr>105</ns3:hr>
            <ns3:cad>76</ns3:cad>
          </ns3:TrackPointExtension>
        </extensions>
      </trkpt>
      <trkpt lat="29.52752617187798023223876953125" lon="103.3321866206824779510498046875">
        <ele>2913.39990234375</ele>
        <time>2025-07-06T08:31:34.000Z</time>
        <extensions>
          <ns3:TrackPointExtension>
            <ns3:hr>105</ns3:hr>
            <ns3:cad>76</ns3:cad>
          </ns3:TrackPointExtension>
        </extensions>
      </trkpt>
      <trkpt lat="29.5275296084582805633544921875" lon="103.33217329345643520355224609375">
        <ele>2913.199951171875</ele>
        <time>2025-07-06T08:31:35.000Z</time>
        <extensions>
          <ns3:TrackPointExtension>
            <ns3:hr>105</ns3:hr>
            <ns3:cad>76</ns3:cad>
          </ns3:TrackPointExtension>
        </extensions>
      </trkpt>
      <trkpt lat="29.5275343023240566253662109375" lon="103.332160301506519317626953125">
        <ele>2912.800048828125</ele>
        <time>2025-07-06T08:31:36.000Z</time>
        <extensions>
          <ns3:TrackPointExtension>
            <ns3:hr>105</ns3:hr>
            <ns3:cad>76</ns3:cad>
          </ns3:TrackPointExtension>
        </extensions>
      </trkpt>
      <trkpt lat="29.52754729427397251129150390625" lon="103.33215032704174518585205078125">
        <ele>2912.60009765625</ele>
        <time>2025-07-06T08:31:37.000Z</time>
        <extensions>
          <ns3:TrackPointExtension>
            <ns3:hr>105</ns3:hr>
            <ns3:cad>76</ns3:cad>
          </ns3:TrackPointExtension>
        </extensions>
      </trkpt>
      <trkpt lat="29.52755592763423919677734375" lon="103.3321438729763031005859375">
        <ele>2912.39990234375</ele>
        <time>2025-07-06T08:31:38.000Z</time>
        <extensions>
          <ns3:TrackPointExtension>
            <ns3:hr>105</ns3:hr>
            <ns3:cad>70</ns3:cad>
          </ns3:TrackPointExtension>
        </extensions>
      </trkpt>
      <trkpt lat="29.5275678299367427825927734375" lon="103.33213557489216327667236328125">
        <ele>2912.199951171875</ele>
        <time>2025-07-06T08:31:39.000Z</time>
        <extensions>
          <ns3:TrackPointExtension>
            <ns3:hr>105</ns3:hr>
            <ns3:cad>70</ns3:cad>
          </ns3:TrackPointExtension>
        </extensions>
      </trkpt>
      <trkpt lat="29.52757478691637516021728515625" lon="103.33212836645543575286865234375">
        <ele>2911.800048828125</ele>
        <time>2025-07-06T08:31:40.000Z</time>
        <extensions>
          <ns3:TrackPointExtension>
            <ns3:hr>104</ns3:hr>
            <ns3:cad>70</ns3:cad>
          </ns3:TrackPointExtension>
        </extensions>
      </trkpt>
      <trkpt lat="29.527584426105022430419921875" lon="103.33212233148515224456787109375">
        <ele>2911.60009765625</ele>
        <time>2025-07-06T08:31:41.000Z</time>
        <extensions>
          <ns3:TrackPointExtension>
            <ns3:hr>104</ns3:hr>
            <ns3:cad>70</ns3:cad>
          </ns3:TrackPointExtension>
        </extensions>
      </trkpt>
      <trkpt lat="29.52759423293173313140869140625" lon="103.33211428485810756683349609375">
        <ele>2911.199951171875</ele>
        <time>2025-07-06T08:31:42.000Z</time>
        <extensions>
          <ns3:TrackPointExtension>
            <ns3:hr>104</ns3:hr>
            <ns3:cad>70</ns3:cad>
          </ns3:TrackPointExtension>
        </extensions>
      </trkpt>
      <trkpt lat="29.52760043554008007049560546875" lon="103.3321101777255535125732421875">
        <ele>2910.800048828125</ele>
        <time>2025-07-06T08:31:43.000Z</time>
        <extensions>
          <ns3:TrackPointExtension>
            <ns3:hr>105</ns3:hr>
            <ns3:cad>45</ns3:cad>
          </ns3:TrackPointExtension>
        </extensions>
      </trkpt>
      <trkpt lat="29.5276090689003467559814453125" lon="103.33210104145109653472900390625">
        <ele>2910.39990234375</ele>
        <time>2025-07-06T08:31:44.000Z</time>
        <extensions>
          <ns3:TrackPointExtension>
            <ns3:hr>105</ns3:hr>
            <ns3:cad>45</ns3:cad>
          </ns3:TrackPointExtension>
        </extensions>
      </trkpt>
      <trkpt lat="29.52761686407029628753662109375" lon="103.33209894597530364990234375">
        <ele>2910.199951171875</ele>
        <time>2025-07-06T08:31:45.000Z</time>
        <extensions>
          <ns3:TrackPointExtension>
            <ns3:hr>106</ns3:hr>
            <ns3:cad>44</ns3:cad>
          </ns3:TrackPointExtension>
        </extensions>
      </trkpt>
      <trkpt lat="29.527622647583484649658203125" lon="103.33209349773824214935302734375">
        <ele>2909.800048828125</ele>
        <time>2025-07-06T08:31:46.000Z</time>
        <extensions>
          <ns3:TrackPointExtension>
            <ns3:hr>107</ns3:hr>
            <ns3:cad>44</ns3:cad>
          </ns3:TrackPointExtension>
        </extensions>
      </trkpt>
      <trkpt lat="29.5276268385350704193115234375" lon="103.33208712749183177947998046875">
        <ele>2909.39990234375</ele>
        <time>2025-07-06T08:31:47.000Z</time>
        <extensions>
          <ns3:TrackPointExtension>
            <ns3:hr>107</ns3:hr>
            <ns3:cad>43</ns3:cad>
          </ns3:TrackPointExtension>
        </extensions>
      </trkpt>
      <trkpt lat="29.52763211913406848907470703125" lon="103.3320816792547702789306640625">
        <ele>2909</ele>
        <time>2025-07-06T08:31:48.000Z</time>
        <extensions>
          <ns3:TrackPointExtension>
            <ns3:hr>108</ns3:hr>
            <ns3:cad>43</ns3:cad>
          </ns3:TrackPointExtension>
        </extensions>
      </trkpt>
      <trkpt lat="29.52763647772371768951416015625" lon="103.3320769853889942169189453125">
        <ele>2908.60009765625</ele>
        <time>2025-07-06T08:31:49.000Z</time>
        <extensions>
          <ns3:TrackPointExtension>
            <ns3:hr>109</ns3:hr>
            <ns3:cad>43</ns3:cad>
          </ns3:TrackPointExtension>
        </extensions>
      </trkpt>
      <trkpt lat="29.527651481330394744873046875" lon="103.3320649154484272003173828125">
        <ele>2908.199951171875</ele>
        <time>2025-07-06T08:31:50.000Z</time>
        <extensions>
          <ns3:TrackPointExtension>
            <ns3:hr>109</ns3:hr>
            <ns3:cad>43</ns3:cad>
          </ns3:TrackPointExtension>
        </extensions>
      </trkpt>
      <trkpt lat="29.52765919268131256103515625" lon="103.332061059772968292236328125">
        <ele>2907.800048828125</ele>
        <time>2025-07-06T08:31:51.000Z</time>
        <extensions>
          <ns3:TrackPointExtension>
            <ns3:hr>109</ns3:hr>
            <ns3:cad>43</ns3:cad>
          </ns3:TrackPointExtension>
        </extensions>
      </trkpt>
      <trkpt lat="29.52766682021319866180419921875" lon="103.33205862902104854583740234375">
        <ele>2907.39990234375</ele>
        <time>2025-07-06T08:31:52.000Z</time>
        <extensions>
          <ns3:TrackPointExtension>
            <ns3:hr>108</ns3:hr>
            <ns3:cad>43</ns3:cad>
          </ns3:TrackPointExtension>
        </extensions>
      </trkpt>
      <trkpt lat="29.5276759564876556396484375" lon="103.3320494927465915679931640625">
        <ele>2907.199951171875</ele>
        <time>2025-07-06T08:31:53.000Z</time>
        <extensions>
          <ns3:TrackPointExtension>
            <ns3:hr>108</ns3:hr>
            <ns3:cad>43</ns3:cad>
          </ns3:TrackPointExtension>
        </extensions>
      </trkpt>
      <trkpt lat="29.5276786386966705322265625" lon="103.33203901536762714385986328125">
        <ele>2906.800048828125</ele>
        <time>2025-07-06T08:31:54.000Z</time>
        <extensions>
          <ns3:TrackPointExtension>
            <ns3:hr>108</ns3:hr>
            <ns3:cad>43</ns3:cad>
          </ns3:TrackPointExtension>
        </extensions>
      </trkpt>
      <trkpt lat="29.527686350047588348388671875" lon="103.33202786743640899658203125">
        <ele>2906.60009765625</ele>
        <time>2025-07-06T08:31:55.000Z</time>
        <extensions>
          <ns3:TrackPointExtension>
            <ns3:hr>109</ns3:hr>
            <ns3:cad>43</ns3:cad>
          </ns3:TrackPointExtension>
        </extensions>
      </trkpt>
      <trkpt lat="29.52769129537045955657958984375" lon="103.33201554603874683380126953125">
        <ele>2906.199951171875</ele>
        <time>2025-07-06T08:31:56.000Z</time>
        <extensions>
          <ns3:TrackPointExtension>
            <ns3:hr>109</ns3:hr>
            <ns3:cad>43</ns3:cad>
          </ns3:TrackPointExtension>
        </extensions>
      </trkpt>
      <trkpt lat="29.52769674360752105712890625" lon="103.332003392279148101806640625">
        <ele>2906</ele>
        <time>2025-07-06T08:31:57.000Z</time>
        <extensions>
          <ns3:TrackPointExtension>
            <ns3:hr>110</ns3:hr>
            <ns3:cad>43</ns3:cad>
          </ns3:TrackPointExtension>
        </extensions>
      </trkpt>
      <trkpt lat="29.52769967727363109588623046875" lon="103.331989310681819915771484375">
        <ele>2905.60009765625</ele>
        <time>2025-07-06T08:31:58.000Z</time>
        <extensions>
          <ns3:TrackPointExtension>
            <ns3:hr>110</ns3:hr>
            <ns3:cad>43</ns3:cad>
          </ns3:TrackPointExtension>
        </extensions>
      </trkpt>
      <trkpt lat="29.52770613133907318115234375" lon="103.33198017440736293792724609375">
        <ele>2905.39990234375</ele>
        <time>2025-07-06T08:31:59.000Z</time>
        <extensions>
          <ns3:TrackPointExtension>
            <ns3:hr>110</ns3:hr>
            <ns3:cad>43</ns3:cad>
          </ns3:TrackPointExtension>
        </extensions>
      </trkpt>
      <trkpt lat="29.5277046225965023040771484375" lon="103.33196341060101985931396484375">
        <ele>2905</ele>
        <time>2025-07-06T08:32:00.000Z</time>
        <extensions>
          <ns3:TrackPointExtension>
            <ns3:hr>111</ns3:hr>
            <ns3:cad>43</ns3:cad>
          </ns3:TrackPointExtension>
        </extensions>
      </trkpt>
      <trkpt lat="29.5277059637010097503662109375" lon="103.33194178529083728790283203125">
        <ele>2904.800048828125</ele>
        <time>2025-07-06T08:32:01.000Z</time>
        <extensions>
          <ns3:TrackPointExtension>
            <ns3:hr>112</ns3:hr>
            <ns3:cad>43</ns3:cad>
          </ns3:TrackPointExtension>
        </extensions>
      </trkpt>
      <trkpt lat="29.52770537696778774261474609375" lon="103.33192904479801654815673828125">
        <ele>2904.39990234375</ele>
        <time>2025-07-06T08:32:02.000Z</time>
        <extensions>
          <ns3:TrackPointExtension>
            <ns3:hr>112</ns3:hr>
            <ns3:cad>43</ns3:cad>
          </ns3:TrackPointExtension>
        </extensions>
      </trkpt>
      <trkpt lat="29.52770336531102657318115234375" lon="103.33191714249551296234130859375">
        <ele>2904</ele>
        <time>2025-07-06T08:32:03.000Z</time>
        <extensions>
          <ns3:TrackPointExtension>
            <ns3:hr>112</ns3:hr>
            <ns3:cad>43</ns3:cad>
          </ns3:TrackPointExtension>
        </extensions>
      </trkpt>
      <trkpt lat="29.52770370058715343475341796875" lon="103.33188747055828571319580078125">
        <ele>2903.800048828125</ele>
        <time>2025-07-06T08:32:04.000Z</time>
        <extensions>
          <ns3:TrackPointExtension>
            <ns3:hr>112</ns3:hr>
            <ns3:cad>43</ns3:cad>
          </ns3:TrackPointExtension>
        </extensions>
      </trkpt>
      <trkpt lat="29.527701437473297119140625" lon="103.33186986856162548065185546875">
        <ele>2903.60009765625</ele>
        <time>2025-07-06T08:32:05.000Z</time>
        <extensions>
          <ns3:TrackPointExtension>
            <ns3:hr>113</ns3:hr>
            <ns3:cad>43</ns3:cad>
          </ns3:TrackPointExtension>
        </extensions>
      </trkpt>
      <trkpt lat="29.5277022756636142730712890625" lon="103.33185427822172641754150390625">
        <ele>2903.39990234375</ele>
        <time>2025-07-06T08:32:06.000Z</time>
        <extensions>
          <ns3:TrackPointExtension>
            <ns3:hr>113</ns3:hr>
            <ns3:cad>0</ns3:cad>
          </ns3:TrackPointExtension>
        </extensions>
      </trkpt>
      <trkpt lat="29.52770839445292949676513671875" lon="103.33184187300503253936767578125">
        <ele>2903.199951171875</ele>
        <time>2025-07-06T08:32:07.000Z</time>
        <extensions>
          <ns3:TrackPointExtension>
            <ns3:hr>113</ns3:hr>
            <ns3:cad>0</ns3:cad>
          </ns3:TrackPointExtension>
        </extensions>
      </trkpt>
      <trkpt lat="29.527716524899005889892578125" lon="103.331828378140926361083984375">
        <ele>2903.199951171875</ele>
        <time>2025-07-06T08:32:08.000Z</time>
        <extensions>
          <ns3:TrackPointExtension>
            <ns3:hr>112</ns3:hr>
            <ns3:cad>0</ns3:cad>
          </ns3:TrackPointExtension>
        </extensions>
      </trkpt>
      <trkpt lat="29.52772096730768680572509765625" lon="103.33181035704910755157470703125">
        <ele>2903</ele>
        <time>2025-07-06T08:32:09.000Z</time>
        <extensions>
          <ns3:TrackPointExtension>
            <ns3:hr>113</ns3:hr>
            <ns3:cad>0</ns3:cad>
          </ns3:TrackPointExtension>
        </extensions>
      </trkpt>
      <trkpt lat="29.52772348187863826751708984375" lon="103.331788145005702972412109375">
        <ele>2903</ele>
        <time>2025-07-06T08:32:10.000Z</time>
        <extensions>
          <ns3:TrackPointExtension>
            <ns3:hr>114</ns3:hr>
            <ns3:cad>82</ns3:cad>
          </ns3:TrackPointExtension>
        </extensions>
      </trkpt>
      <trkpt lat="29.5277250744402408599853515625" lon="103.33175939507782459259033203125">
        <ele>2903</ele>
        <time>2025-07-06T08:32:11.000Z</time>
        <extensions>
          <ns3:TrackPointExtension>
            <ns3:hr>114</ns3:hr>
            <ns3:cad>82</ns3:cad>
          </ns3:TrackPointExtension>
        </extensions>
      </trkpt>
      <trkpt lat="29.52772599644958972930908203125" lon="103.33172670565545558929443359375">
        <ele>2903</ele>
        <time>2025-07-06T08:32:12.000Z</time>
        <extensions>
          <ns3:TrackPointExtension>
            <ns3:hr>114</ns3:hr>
            <ns3:cad>82</ns3:cad>
          </ns3:TrackPointExtension>
        </extensions>
      </trkpt>
      <trkpt lat="29.52772733755409717559814453125" lon="103.33170332014560699462890625">
        <ele>2902.800048828125</ele>
        <time>2025-07-06T08:32:13.000Z</time>
        <extensions>
          <ns3:TrackPointExtension>
            <ns3:hr>114</ns3:hr>
            <ns3:cad>82</ns3:cad>
          </ns3:TrackPointExtension>
        </extensions>
      </trkpt>
      <trkpt lat="29.5277290977537631988525390625" lon="103.33168052136898040771484375">
        <ele>2902.800048828125</ele>
        <time>2025-07-06T08:32:14.000Z</time>
        <extensions>
          <ns3:TrackPointExtension>
            <ns3:hr>115</ns3:hr>
            <ns3:cad>84</ns3:cad>
          </ns3:TrackPointExtension>
        </extensions>
      </trkpt>
      <trkpt lat="29.52773169614374637603759765625" lon="103.33166132681071758270263671875">
        <ele>2902.800048828125</ele>
        <time>2025-07-06T08:32:15.000Z</time>
        <extensions>
          <ns3:TrackPointExtension>
            <ns3:hr>115</ns3:hr>
            <ns3:cad>84</ns3:cad>
          </ns3:TrackPointExtension>
        </extensions>
      </trkpt>
      <trkpt lat="29.527731277048587799072265625" lon="103.3316451497375965118408203125">
        <ele>2902.60009765625</ele>
        <time>2025-07-06T08:32:16.000Z</time>
        <extensions>
          <ns3:TrackPointExtension>
            <ns3:hr>116</ns3:hr>
            <ns3:cad>84</ns3:cad>
          </ns3:TrackPointExtension>
        </extensions>
      </trkpt>
      <trkpt lat="29.52773421071469783782958984375" lon="103.331632576882839202880859375">
        <ele>2902.60009765625</ele>
        <time>2025-07-06T08:32:17.000Z</time>
        <extensions>
          <ns3:TrackPointExtension>
            <ns3:hr>116</ns3:hr>
            <ns3:cad>84</ns3:cad>
          </ns3:TrackPointExtension>
        </extensions>
      </trkpt>
      <trkpt lat="29.5277401618659496307373046875" lon="103.3316176570951938629150390625">
        <ele>2902.39990234375</ele>
        <time>2025-07-06T08:32:18.000Z</time>
        <extensions>
          <ns3:TrackPointExtension>
            <ns3:hr>116</ns3:hr>
            <ns3:cad>84</ns3:cad>
          </ns3:TrackPointExtension>
        </extensions>
      </trkpt>
      <trkpt lat="29.52774393372237682342529296875" lon="103.33160449750721454620361328125">
        <ele>2902.199951171875</ele>
        <time>2025-07-06T08:32:19.000Z</time>
        <extensions>
          <ns3:TrackPointExtension>
            <ns3:hr>117</ns3:hr>
            <ns3:cad>84</ns3:cad>
          </ns3:TrackPointExtension>
        </extensions>
      </trkpt>
      <trkpt lat="29.52774913050234317779541015625" lon="103.33159142173826694488525390625">
        <ele>2902</ele>
        <time>2025-07-06T08:32:20.000Z</time>
        <extensions>
          <ns3:TrackPointExtension>
            <ns3:hr>117</ns3:hr>
            <ns3:cad>79</ns3:cad>
          </ns3:TrackPointExtension>
        </extensions>
      </trkpt>
      <trkpt lat="29.52775281853973865509033203125" lon="103.331576250493526458740234375">
        <ele>2901.800048828125</ele>
        <time>2025-07-06T08:32:21.000Z</time>
        <extensions>
          <ns3:TrackPointExtension>
            <ns3:hr>117</ns3:hr>
            <ns3:cad>79</ns3:cad>
          </ns3:TrackPointExtension>
        </extensions>
      </trkpt>
      <trkpt lat="29.5277596078813076019287109375" lon="103.33156191743910312652587890625">
        <ele>2901.60009765625</ele>
        <time>2025-07-06T08:32:22.000Z</time>
        <extensions>
          <ns3:TrackPointExtension>
            <ns3:hr>117</ns3:hr>
            <ns3:cad>79</ns3:cad>
          </ns3:TrackPointExtension>
        </extensions>
      </trkpt>
      <trkpt lat="29.52776857651770114898681640625" lon="103.33155169151723384857177734375">
        <ele>2901.199951171875</ele>
        <time>2025-07-06T08:32:23.000Z</time>
        <extensions>
          <ns3:TrackPointExtension>
            <ns3:hr>117</ns3:hr>
            <ns3:cad>79</ns3:cad>
          </ns3:TrackPointExtension>
        </extensions>
      </trkpt>
      <trkpt lat="29.52777310274541378021240234375" lon="103.3315455727279186248779296875">
        <ele>2901</ele>
        <time>2025-07-06T08:32:24.000Z</time>
        <extensions>
          <ns3:TrackPointExtension>
            <ns3:hr>117</ns3:hr>
            <ns3:cad>79</ns3:cad>
          </ns3:TrackPointExtension>
        </extensions>
      </trkpt>
      <trkpt lat="29.52777662314474582672119140625" lon="103.3315365202724933624267578125">
        <ele>2900.60009765625</ele>
        <time>2025-07-06T08:32:25.000Z</time>
        <extensions>
          <ns3:TrackPointExtension>
            <ns3:hr>116</ns3:hr>
            <ns3:cad>79</ns3:cad>
          </ns3:TrackPointExtension>
        </extensions>
      </trkpt>
      <trkpt lat="29.52777720987796783447265625" lon="103.331524617969989776611328125">
        <ele>2900.39990234375</ele>
        <time>2025-07-06T08:32:26.000Z</time>
        <extensions>
          <ns3:TrackPointExtension>
            <ns3:hr>116</ns3:hr>
            <ns3:cad>79</ns3:cad>
          </ns3:TrackPointExtension>
        </extensions>
      </trkpt>
      <trkpt lat="29.527781568467617034912109375" lon="103.33151464350521564483642578125">
        <ele>2900.199951171875</ele>
        <time>2025-07-06T08:32:27.000Z</time>
        <extensions>
          <ns3:TrackPointExtension>
            <ns3:hr>116</ns3:hr>
            <ns3:cad>79</ns3:cad>
          </ns3:TrackPointExtension>
        </extensions>
      </trkpt>
      <trkpt lat="29.52778659760951995849609375" lon="103.3315009810030460357666015625">
        <ele>2900</ele>
        <time>2025-07-06T08:32:28.000Z</time>
        <extensions>
          <ns3:TrackPointExtension>
            <ns3:hr>116</ns3:hr>
            <ns3:cad>75</ns3:cad>
          </ns3:TrackPointExtension>
        </extensions>
      </trkpt>
      <trkpt lat="29.5277901180088520050048828125" lon="103.3314889110624790191650390625">
        <ele>2899.60009765625</ele>
        <time>2025-07-06T08:32:29.000Z</time>
        <extensions>
          <ns3:TrackPointExtension>
            <ns3:hr>116</ns3:hr>
            <ns3:cad>75</ns3:cad>
          </ns3:TrackPointExtension>
        </extensions>
      </trkpt>
      <trkpt lat="29.52778969891369342803955078125" lon="103.33147658966481685638427734375">
        <ele>2899.39990234375</ele>
        <time>2025-07-06T08:32:30.000Z</time>
        <extensions>
          <ns3:TrackPointExtension>
            <ns3:hr>115</ns3:hr>
            <ns3:cad>75</ns3:cad>
          </ns3:TrackPointExtension>
        </extensions>
      </trkpt>
      <trkpt lat="29.52779288403689861297607421875" lon="103.33146326243877410888671875">
        <ele>2899</ele>
        <time>2025-07-06T08:32:31.000Z</time>
        <extensions>
          <ns3:TrackPointExtension>
            <ns3:hr>115</ns3:hr>
            <ns3:cad>75</ns3:cad>
          </ns3:TrackPointExtension>
        </extensions>
      </trkpt>
      <trkpt lat="29.527796320617198944091796875" lon="103.33145060576498508453369140625">
        <ele>2898.800048828125</ele>
        <time>2025-07-06T08:32:32.000Z</time>
        <extensions>
          <ns3:TrackPointExtension>
            <ns3:hr>115</ns3:hr>
            <ns3:cad>72</ns3:cad>
          </ns3:TrackPointExtension>
        </extensions>
      </trkpt>
      <trkpt lat="29.527799673378467559814453125" lon="103.33143912255764007568359375">
        <ele>2898.39990234375</ele>
        <time>2025-07-06T08:32:33.000Z</time>
        <extensions>
          <ns3:TrackPointExtension>
            <ns3:hr>115</ns3:hr>
            <ns3:cad>72</ns3:cad>
          </ns3:TrackPointExtension>
        </extensions>
      </trkpt>
      <trkpt lat="29.52780478633940219879150390625" lon="103.3314245380461215972900390625">
        <ele>2898.199951171875</ele>
        <time>2025-07-06T08:32:34.000Z</time>
        <extensions>
          <ns3:TrackPointExtension>
            <ns3:hr>114</ns3:hr>
            <ns3:cad>72</ns3:cad>
          </ns3:TrackPointExtension>
        </extensions>
      </trkpt>
      <trkpt lat="29.52781467698514461517333984375" lon="103.331412635743618011474609375">
        <ele>2897.800048828125</ele>
        <time>2025-07-06T08:32:35.000Z</time>
        <extensions>
          <ns3:TrackPointExtension>
            <ns3:hr>114</ns3:hr>
            <ns3:cad>72</ns3:cad>
          </ns3:TrackPointExtension>
        </extensions>
      </trkpt>
      <trkpt lat="29.52782205305993556976318359375" lon="103.3313980512320995330810546875">
        <ele>2897.60009765625</ele>
        <time>2025-07-06T08:32:36.000Z</time>
        <extensions>
          <ns3:TrackPointExtension>
            <ns3:hr>114</ns3:hr>
            <ns3:cad>72</ns3:cad>
          </ns3:TrackPointExtension>
        </extensions>
      </trkpt>
      <trkpt lat="29.52782708220183849334716796875" lon="103.33139218389987945556640625">
        <ele>2897.39990234375</ele>
        <time>2025-07-06T08:32:37.000Z</time>
        <extensions>
          <ns3:TrackPointExtension>
            <ns3:hr>114</ns3:hr>
            <ns3:cad>72</ns3:cad>
          </ns3:TrackPointExtension>
        </extensions>
      </trkpt>
      <trkpt lat="29.52783077023923397064208984375" lon="103.33139042370021343231201171875">
        <ele>2897.199951171875</ele>
        <time>2025-07-06T08:32:38.000Z</time>
        <extensions>
          <ns3:TrackPointExtension>
            <ns3:hr>114</ns3:hr>
            <ns3:cad>72</ns3:cad>
          </ns3:TrackPointExtension>
        </extensions>
      </trkpt>
      <trkpt lat="29.5278407447040081024169921875" lon="103.33138220943510532379150390625">
        <ele>2897</ele>
        <time>2025-07-06T08:32:39.000Z</time>
        <extensions>
          <ns3:TrackPointExtension>
            <ns3:hr>113</ns3:hr>
            <ns3:cad>72</ns3:cad>
          </ns3:TrackPointExtension>
        </extensions>
      </trkpt>
      <trkpt lat="29.52785608358681201934814453125" lon="103.33137365989387035369873046875">
        <ele>2896.800048828125</ele>
        <time>2025-07-06T08:32:40.000Z</time>
        <extensions>
          <ns3:TrackPointExtension>
            <ns3:hr>114</ns3:hr>
            <ns3:cad>72</ns3:cad>
          </ns3:TrackPointExtension>
        </extensions>
      </trkpt>
      <trkpt lat="29.52786035835742950439453125" lon="103.3313692174851894378662109375">
        <ele>2896.60009765625</ele>
        <time>2025-07-06T08:32:41.000Z</time>
        <extensions>
          <ns3:TrackPointExtension>
            <ns3:hr>114</ns3:hr>
            <ns3:cad>72</ns3:cad>
          </ns3:TrackPointExtension>
        </extensions>
      </trkpt>
      <trkpt lat="29.52786530368030071258544921875" lon="103.3313594944775104522705078125">
        <ele>2896.60009765625</ele>
        <time>2025-07-06T08:32:42.000Z</time>
        <extensions>
          <ns3:TrackPointExtension>
            <ns3:hr>115</ns3:hr>
            <ns3:cad>72</ns3:cad>
          </ns3:TrackPointExtension>
        </extensions>
      </trkpt>
      <trkpt lat="29.52787301503121852874755859375" lon="103.33135102875530719757080078125">
        <ele>2896.39990234375</ele>
        <time>2025-07-06T08:32:43.000Z</time>
        <extensions>
          <ns3:TrackPointExtension>
            <ns3:hr>115</ns3:hr>
            <ns3:cad>72</ns3:cad>
          </ns3:TrackPointExtension>
        </extensions>
      </trkpt>
      <trkpt lat="29.52789011411368846893310546875" lon="103.33133946172893047332763671875">
        <ele>2896</ele>
        <time>2025-07-06T08:32:44.000Z</time>
        <extensions>
          <ns3:TrackPointExtension>
            <ns3:hr>115</ns3:hr>
            <ns3:cad>72</ns3:cad>
          </ns3:TrackPointExtension>
        </extensions>
      </trkpt>
      <trkpt lat="29.5279037766158580780029296875" lon="103.33133057691156864166259765625">
        <ele>2895.800048828125</ele>
        <time>2025-07-06T08:32:45.000Z</time>
        <extensions>
          <ns3:TrackPointExtension>
            <ns3:hr>114</ns3:hr>
            <ns3:cad>72</ns3:cad>
          </ns3:TrackPointExtension>
        </extensions>
      </trkpt>
      <trkpt lat="29.52791475690901279449462890625" lon="103.33132085390388965606689453125">
        <ele>2895.60009765625</ele>
        <time>2025-07-06T08:32:46.000Z</time>
        <extensions>
          <ns3:TrackPointExtension>
            <ns3:hr>114</ns3:hr>
            <ns3:cad>72</ns3:cad>
          </ns3:TrackPointExtension>
        </extensions>
      </trkpt>
      <trkpt lat="29.52792204916477203369140625" lon="103.33131037652492523193359375">
        <ele>2895.199951171875</ele>
        <time>2025-07-06T08:32:47.000Z</time>
        <extensions>
          <ns3:TrackPointExtension>
            <ns3:hr>114</ns3:hr>
            <ns3:cad>0</ns3:cad>
          </ns3:TrackPointExtension>
        </extensions>
      </trkpt>
      <trkpt lat="29.52793437056243419647216796875" lon="103.33129830658435821533203125">
        <ele>2895</ele>
        <time>2025-07-06T08:32:48.000Z</time>
        <extensions>
          <ns3:TrackPointExtension>
            <ns3:hr>115</ns3:hr>
            <ns3:cad>0</ns3:cad>
          </ns3:TrackPointExtension>
        </extensions>
      </trkpt>
      <trkpt lat="29.5279383100569248199462890625" lon="103.3312962949275970458984375">
        <ele>2894.800048828125</ele>
        <time>2025-07-06T08:32:49.000Z</time>
        <extensions>
          <ns3:TrackPointExtension>
            <ns3:hr>115</ns3:hr>
            <ns3:cad>0</ns3:cad>
          </ns3:TrackPointExtension>
        </extensions>
      </trkpt>
      <trkpt lat="29.52795063145458698272705078125" lon="103.33128623664379119873046875">
        <ele>2894.60009765625</ele>
        <time>2025-07-06T08:32:50.000Z</time>
        <extensions>
          <ns3:TrackPointExtension>
            <ns3:hr>115</ns3:hr>
            <ns3:cad>0</ns3:cad>
          </ns3:TrackPointExtension>
        </extensions>
      </trkpt>
      <trkpt lat="29.5279683172702789306640625" lon="103.331275843083858489990234375">
        <ele>2894.39990234375</ele>
        <time>2025-07-06T08:32:51.000Z</time>
        <extensions>
          <ns3:TrackPointExtension>
            <ns3:hr>115</ns3:hr>
            <ns3:cad>0</ns3:cad>
          </ns3:TrackPointExtension>
        </extensions>
      </trkpt>
      <trkpt lat="29.52797125093638896942138671875" lon="103.33126016892492771148681640625">
        <ele>2894.199951171875</ele>
        <time>2025-07-06T08:32:52.000Z</time>
        <extensions>
          <ns3:TrackPointExtension>
            <ns3:hr>115</ns3:hr>
            <ns3:cad>0</ns3:cad>
          </ns3:TrackPointExtension>
        </extensions>
      </trkpt>
      <trkpt lat="29.52797929756343364715576171875" lon="103.33125002682209014892578125">
        <ele>2894</ele>
        <time>2025-07-06T08:32:53.000Z</time>
        <extensions>
          <ns3:TrackPointExtension>
            <ns3:hr>116</ns3:hr>
            <ns3:cad>0</ns3:cad>
          </ns3:TrackPointExtension>
        </extensions>
      </trkpt>
      <trkpt lat="29.527984075248241424560546875" lon="103.33124198019504547119140625">
        <ele>2893.800048828125</ele>
        <time>2025-07-06T08:32:54.000Z</time>
        <extensions>
          <ns3:TrackPointExtension>
            <ns3:hr>116</ns3:hr>
            <ns3:cad>0</ns3:cad>
          </ns3:TrackPointExtension>
        </extensions>
      </trkpt>
      <trkpt lat="29.52799220569431781768798828125" lon="103.3312332630157470703125">
        <ele>2893.60009765625</ele>
        <time>2025-07-06T08:32:55.000Z</time>
        <extensions>
          <ns3:TrackPointExtension>
            <ns3:hr>115</ns3:hr>
            <ns3:cad>0</ns3:cad>
          </ns3:TrackPointExtension>
        </extensions>
      </trkpt>
      <trkpt lat="29.52800142578780651092529296875" lon="103.33122697658836841583251953125">
        <ele>2893.39990234375</ele>
        <time>2025-07-06T08:32:56.000Z</time>
        <extensions>
          <ns3:TrackPointExtension>
            <ns3:hr>116</ns3:hr>
            <ns3:cad>0</ns3:cad>
          </ns3:TrackPointExtension>
        </extensions>
      </trkpt>
      <trkpt lat="29.52801114879548549652099609375" lon="103.3312183432281017303466796875">
        <ele>2893</ele>
        <time>2025-07-06T08:32:57.000Z</time>
        <extensions>
          <ns3:TrackPointExtension>
            <ns3:hr>116</ns3:hr>
            <ns3:cad>0</ns3:cad>
          </ns3:TrackPointExtension>
        </extensions>
      </trkpt>
      <trkpt lat="29.52802053652703762054443359375" lon="103.33120442926883697509765625">
        <ele>2892.800048828125</ele>
        <time>2025-07-06T08:32:58.000Z</time>
        <extensions>
          <ns3:TrackPointExtension>
            <ns3:hr>115</ns3:hr>
            <ns3:cad>0</ns3:cad>
          </ns3:TrackPointExtension>
        </extensions>
      </trkpt>
      <trkpt lat="29.528025649487972259521484375" lon="103.3311898447573184967041015625">
        <ele>2892.39990234375</ele>
        <time>2025-07-06T08:32:59.000Z</time>
        <extensions>
          <ns3:TrackPointExtension>
            <ns3:hr>115</ns3:hr>
            <ns3:cad>0</ns3:cad>
          </ns3:TrackPointExtension>
        </extensions>
      </trkpt>
      <trkpt lat="29.52802405692636966705322265625" lon="103.33118020556867122650146484375">
        <ele>2892</ele>
        <time>2025-07-06T08:33:00.000Z</time>
        <extensions>
          <ns3:TrackPointExtension>
            <ns3:hr>115</ns3:hr>
            <ns3:cad>66</ns3:cad>
          </ns3:TrackPointExtension>
        </extensions>
      </trkpt>
      <trkpt lat="29.5280261524021625518798828125" lon="103.331167884171009063720703125">
        <ele>2891.60009765625</ele>
        <time>2025-07-06T08:33:01.000Z</time>
        <extensions>
          <ns3:TrackPointExtension>
            <ns3:hr>114</ns3:hr>
            <ns3:cad>66</ns3:cad>
          </ns3:TrackPointExtension>
        </extensions>
      </trkpt>
      <trkpt lat="29.5280241407454013824462890625" lon="103.33115740679204463958740234375">
        <ele>2891.39990234375</ele>
        <time>2025-07-06T08:33:02.000Z</time>
        <extensions>
          <ns3:TrackPointExtension>
            <ns3:hr>115</ns3:hr>
            <ns3:cad>0</ns3:cad>
          </ns3:TrackPointExtension>
        </extensions>
      </trkpt>
      <trkpt lat="29.528033025562763214111328125" lon="103.33114315755665302276611328125">
        <ele>2891.199951171875</ele>
        <time>2025-07-06T08:33:03.000Z</time>
        <extensions>
          <ns3:TrackPointExtension>
            <ns3:hr>115</ns3:hr>
            <ns3:cad>0</ns3:cad>
          </ns3:TrackPointExtension>
        </extensions>
      </trkpt>
      <trkpt lat="29.52804115600883960723876953125" lon="103.33113242872059345245361328125">
        <ele>2890.800048828125</ele>
        <time>2025-07-06T08:33:04.000Z</time>
        <extensions>
          <ns3:TrackPointExtension>
            <ns3:hr>115</ns3:hr>
            <ns3:cad>0</ns3:cad>
          </ns3:TrackPointExtension>
        </extensions>
      </trkpt>
      <trkpt lat="29.5280482806265354156494140625" lon="103.33112270571291446685791015625">
        <ele>2890.60009765625</ele>
        <time>2025-07-06T08:33:05.000Z</time>
        <extensions>
          <ns3:TrackPointExtension>
            <ns3:hr>115</ns3:hr>
            <ns3:cad>0</ns3:cad>
          </ns3:TrackPointExtension>
        </extensions>
      </trkpt>
      <trkpt lat="29.5280512981116771697998046875" lon="103.33111667074263095855712890625">
        <ele>2890.39990234375</ele>
        <time>2025-07-06T08:33:06.000Z</time>
        <extensions>
          <ns3:TrackPointExtension>
            <ns3:hr>115</ns3:hr>
            <ns3:cad>0</ns3:cad>
          </ns3:TrackPointExtension>
        </extensions>
      </trkpt>
      <trkpt lat="29.528058506548404693603515625" lon="103.33110409788787364959716796875">
        <ele>2890.199951171875</ele>
        <time>2025-07-06T08:33:07.000Z</time>
        <extensions>
          <ns3:TrackPointExtension>
            <ns3:hr>115</ns3:hr>
            <ns3:cad>0</ns3:cad>
          </ns3:TrackPointExtension>
        </extensions>
      </trkpt>
      <trkpt lat="29.5280623622238636016845703125" lon="103.33109043538570404052734375">
        <ele>2890</ele>
        <time>2025-07-06T08:33:08.000Z</time>
        <extensions>
          <ns3:TrackPointExtension>
            <ns3:hr>115</ns3:hr>
            <ns3:cad>0</ns3:cad>
          </ns3:TrackPointExtension>
        </extensions>
      </trkpt>
      <trkpt lat="29.52806831337511539459228515625" lon="103.33108163438737392425537109375">
        <ele>2889.60009765625</ele>
        <time>2025-07-06T08:33:09.000Z</time>
        <extensions>
          <ns3:TrackPointExtension>
            <ns3:hr>115</ns3:hr>
            <ns3:cad>0</ns3:cad>
          </ns3:TrackPointExtension>
        </extensions>
      </trkpt>
      <trkpt lat="29.5280680619180202484130859375" lon="103.3310728333890438079833984375">
        <ele>2889.39990234375</ele>
        <time>2025-07-06T08:33:10.000Z</time>
        <extensions>
          <ns3:TrackPointExtension>
            <ns3:hr>115</ns3:hr>
            <ns3:cad>0</ns3:cad>
          </ns3:TrackPointExtension>
        </extensions>
      </trkpt>
      <trkpt lat="29.5280704088509082794189453125" lon="103.331055231392383575439453125">
        <ele>2889</ele>
        <time>2025-07-06T08:33:11.000Z</time>
        <extensions>
          <ns3:TrackPointExtension>
            <ns3:hr>116</ns3:hr>
            <ns3:cad>0</ns3:cad>
          </ns3:TrackPointExtension>
        </extensions>
      </trkpt>
      <trkpt lat="29.52807384543120861053466796875" lon="103.3310336060822010040283203125">
        <ele>2888.60009765625</ele>
        <time>2025-07-06T08:33:12.000Z</time>
        <extensions>
          <ns3:TrackPointExtension>
            <ns3:hr>115</ns3:hr>
            <ns3:cad>0</ns3:cad>
          </ns3:TrackPointExtension>
        </extensions>
      </trkpt>
      <trkpt lat="29.52807267196476459503173828125" lon="103.33102472126483917236328125">
        <ele>2888.39990234375</ele>
        <time>2025-07-06T08:33:13.000Z</time>
        <extensions>
          <ns3:TrackPointExtension>
            <ns3:hr>115</ns3:hr>
            <ns3:cad>0</ns3:cad>
          </ns3:TrackPointExtension>
        </extensions>
      </trkpt>
      <trkpt lat="29.528076946735382080078125" lon="103.33100460469722747802734375">
        <ele>2888</ele>
        <time>2025-07-06T08:33:14.000Z</time>
        <extensions>
          <ns3:TrackPointExtension>
            <ns3:hr>115</ns3:hr>
            <ns3:cad>0</ns3:cad>
          </ns3:TrackPointExtension>
        </extensions>
      </trkpt>
      <trkpt lat="29.5280814729630947113037109375" lon="103.33099328912794589996337890625">
        <ele>2887.800048828125</ele>
        <time>2025-07-06T08:33:15.000Z</time>
        <extensions>
          <ns3:TrackPointExtension>
            <ns3:hr>115</ns3:hr>
            <ns3:cad>0</ns3:cad>
          </ns3:TrackPointExtension>
        </extensions>
      </trkpt>
      <trkpt lat="29.52809630893170833587646484375" lon="103.33097870461642742156982421875">
        <ele>2887.60009765625</ele>
        <time>2025-07-06T08:33:16.000Z</time>
        <extensions>
          <ns3:TrackPointExtension>
            <ns3:hr>115</ns3:hr>
            <ns3:cad>0</ns3:cad>
          </ns3:TrackPointExtension>
        </extensions>
      </trkpt>
      <trkpt lat="29.528105445206165313720703125" lon="103.33095590583980083465576171875">
        <ele>2887.39990234375</ele>
        <time>2025-07-06T08:33:17.000Z</time>
        <extensions>
          <ns3:TrackPointExtension>
            <ns3:hr>115</ns3:hr>
            <ns3:cad>0</ns3:cad>
          </ns3:TrackPointExtension>
        </extensions>
      </trkpt>
      <trkpt lat="29.52811189927160739898681640625" lon="103.33094148896634578704833984375">
        <ele>2887.39990234375</ele>
        <time>2025-07-06T08:33:18.000Z</time>
        <extensions>
          <ns3:TrackPointExtension>
            <ns3:hr>115</ns3:hr>
            <ns3:cad>0</ns3:cad>
          </ns3:TrackPointExtension>
        </extensions>
      </trkpt>
      <trkpt lat="29.52811843715608119964599609375" lon="103.3309266529977321624755859375">
        <ele>2887</ele>
        <time>2025-07-06T08:33:19.000Z</time>
        <extensions>
          <ns3:TrackPointExtension>
            <ns3:hr>115</ns3:hr>
            <ns3:cad>0</ns3:cad>
          </ns3:TrackPointExtension>
        </extensions>
      </trkpt>
      <trkpt lat="29.528125561773777008056640625" lon="103.33091366104781627655029296875">
        <ele>2886.800048828125</ele>
        <time>2025-07-06T08:33:20.000Z</time>
        <extensions>
          <ns3:TrackPointExtension>
            <ns3:hr>115</ns3:hr>
            <ns3:cad>0</ns3:cad>
          </ns3:TrackPointExtension>
        </extensions>
      </trkpt>
      <trkpt lat="29.52812581323087215423583984375" lon="103.330895639955997467041015625">
        <ele>2886.60009765625</ele>
        <time>2025-07-06T08:33:21.000Z</time>
        <extensions>
          <ns3:TrackPointExtension>
            <ns3:hr>115</ns3:hr>
            <ns3:cad>0</ns3:cad>
          </ns3:TrackPointExtension>
        </extensions>
      </trkpt>
      <trkpt lat="29.52812665142118930816650390625" lon="103.3308830671012401580810546875">
        <ele>2886.39990234375</ele>
        <time>2025-07-06T08:33:22.000Z</time>
        <extensions>
          <ns3:TrackPointExtension>
            <ns3:hr>115</ns3:hr>
            <ns3:cad>0</ns3:cad>
          </ns3:TrackPointExtension>
        </extensions>
      </trkpt>
      <trkpt lat="29.52813000418245792388916015625" lon="103.33086915314197540283203125">
        <ele>2886.199951171875</ele>
        <time>2025-07-06T08:33:23.000Z</time>
        <extensions>
          <ns3:TrackPointExtension>
            <ns3:hr>115</ns3:hr>
            <ns3:cad>0</ns3:cad>
          </ns3:TrackPointExtension>
        </extensions>
      </trkpt>
      <trkpt lat="29.52813101001083850860595703125" lon="103.330859430134296417236328125">
        <ele>2886</ele>
        <time>2025-07-06T08:33:24.000Z</time>
        <extensions>
          <ns3:TrackPointExtension>
            <ns3:hr>115</ns3:hr>
            <ns3:cad>0</ns3:cad>
          </ns3:TrackPointExtension>
        </extensions>
      </trkpt>
      <trkpt lat="29.52813469804823398590087890625" lon="103.33085247315466403961181640625">
        <ele>2885.800048828125</ele>
        <time>2025-07-06T08:33:25.000Z</time>
        <extensions>
          <ns3:TrackPointExtension>
            <ns3:hr>115</ns3:hr>
            <ns3:cad>0</ns3:cad>
          </ns3:TrackPointExtension>
        </extensions>
      </trkpt>
      <trkpt lat="29.52814257703721523284912109375" lon="103.33083889447152614593505859375">
        <ele>2885.39990234375</ele>
        <time>2025-07-06T08:33:26.000Z</time>
        <extensions>
          <ns3:TrackPointExtension>
            <ns3:hr>115</ns3:hr>
            <ns3:cad>0</ns3:cad>
          </ns3:TrackPointExtension>
        </extensions>
      </trkpt>
      <trkpt lat="29.52814978547394275665283203125" lon="103.330827914178371429443359375">
        <ele>2885.199951171875</ele>
        <time>2025-07-06T08:33:27.000Z</time>
        <extensions>
          <ns3:TrackPointExtension>
            <ns3:hr>115</ns3:hr>
            <ns3:cad>0</ns3:cad>
          </ns3:TrackPointExtension>
        </extensions>
      </trkpt>
      <trkpt lat="29.52815582044422626495361328125" lon="103.33082196302711963653564453125">
        <ele>2885</ele>
        <time>2025-07-06T08:33:28.000Z</time>
        <extensions>
          <ns3:TrackPointExtension>
            <ns3:hr>115</ns3:hr>
            <ns3:cad>0</ns3:cad>
          </ns3:TrackPointExtension>
        </extensions>
      </trkpt>
      <trkpt lat="29.52816621400415897369384765625" lon="103.33081341348588466644287109375">
        <ele>2884.60009765625</ele>
        <time>2025-07-06T08:33:29.000Z</time>
        <extensions>
          <ns3:TrackPointExtension>
            <ns3:hr>114</ns3:hr>
            <ns3:cad>0</ns3:cad>
          </ns3:TrackPointExtension>
        </extensions>
      </trkpt>
      <trkpt lat="29.52817325480282306671142578125" lon="103.3308056183159351348876953125">
        <ele>2884.199951171875</ele>
        <time>2025-07-06T08:33:30.000Z</time>
        <extensions>
          <ns3:TrackPointExtension>
            <ns3:hr>115</ns3:hr>
            <ns3:cad>0</ns3:cad>
          </ns3:TrackPointExtension>
        </extensions>
      </trkpt>
      <trkpt lat="29.5281820558011531829833984375" lon="103.330794386565685272216796875">
        <ele>2883.800048828125</ele>
        <time>2025-07-06T08:33:31.000Z</time>
        <extensions>
          <ns3:TrackPointExtension>
            <ns3:hr>114</ns3:hr>
            <ns3:cad>0</ns3:cad>
          </ns3:TrackPointExtension>
        </extensions>
      </trkpt>
      <trkpt lat="29.52819353900849819183349609375" lon="103.330783657729625701904296875">
        <ele>2883.60009765625</ele>
        <time>2025-07-06T08:33:32.000Z</time>
        <extensions>
          <ns3:TrackPointExtension>
            <ns3:hr>114</ns3:hr>
            <ns3:cad>0</ns3:cad>
          </ns3:TrackPointExtension>
        </extensions>
      </trkpt>
      <trkpt lat="29.52820108272135257720947265625" lon="103.3307759463787078857421875">
        <ele>2883.199951171875</ele>
        <time>2025-07-06T08:33:33.000Z</time>
        <extensions>
          <ns3:TrackPointExtension>
            <ns3:hr>113</ns3:hr>
            <ns3:cad>0</ns3:cad>
          </ns3:TrackPointExtension>
        </extensions>
      </trkpt>
      <trkpt lat="29.5282097160816192626953125" lon="103.33076647482812404632568359375">
        <ele>2882.800048828125</ele>
        <time>2025-07-06T08:33:34.000Z</time>
        <extensions>
          <ns3:TrackPointExtension>
            <ns3:hr>113</ns3:hr>
            <ns3:cad>0</ns3:cad>
          </ns3:TrackPointExtension>
        </extensions>
      </trkpt>
      <trkpt lat="29.52821566723287105560302734375" lon="103.33075775764882564544677734375">
        <ele>2882.39990234375</ele>
        <time>2025-07-06T08:33:35.000Z</time>
        <extensions>
          <ns3:TrackPointExtension>
            <ns3:hr>113</ns3:hr>
            <ns3:cad>0</ns3:cad>
          </ns3:TrackPointExtension>
        </extensions>
      </trkpt>
      <trkpt lat="29.5282253064215183258056640625" lon="103.33074686117470264434814453125">
        <ele>2882.199951171875</ele>
        <time>2025-07-06T08:33:36.000Z</time>
        <extensions>
          <ns3:TrackPointExtension>
            <ns3:hr>113</ns3:hr>
            <ns3:cad>0</ns3:cad>
          </ns3:TrackPointExtension>
        </extensions>
      </trkpt>
      <trkpt lat="29.5282330177724361419677734375" lon="103.33073546178638935089111328125">
        <ele>2881.800048828125</ele>
        <time>2025-07-06T08:33:37.000Z</time>
        <extensions>
          <ns3:TrackPointExtension>
            <ns3:hr>113</ns3:hr>
            <ns3:cad>0</ns3:cad>
          </ns3:TrackPointExtension>
        </extensions>
      </trkpt>
      <trkpt lat="29.528241567313671112060546875" lon="103.33072833716869354248046875">
        <ele>2881.60009765625</ele>
        <time>2025-07-06T08:33:38.000Z</time>
        <extensions>
          <ns3:TrackPointExtension>
            <ns3:hr>113</ns3:hr>
            <ns3:cad>0</ns3:cad>
          </ns3:TrackPointExtension>
        </extensions>
      </trkpt>
      <trkpt lat="29.52825070358812808990478515625" lon="103.33071635104715824127197265625">
        <ele>2881.199951171875</ele>
        <time>2025-07-06T08:33:39.000Z</time>
        <extensions>
          <ns3:TrackPointExtension>
            <ns3:hr>114</ns3:hr>
            <ns3:cad>83</ns3:cad>
          </ns3:TrackPointExtension>
        </extensions>
      </trkpt>
      <trkpt lat="29.52825807966291904449462890625" lon="103.33070419728755950927734375">
        <ele>2881</ele>
        <time>2025-07-06T08:33:40.000Z</time>
        <extensions>
          <ns3:TrackPointExtension>
            <ns3:hr>113</ns3:hr>
            <ns3:cad>83</ns3:cad>
          </ns3:TrackPointExtension>
        </extensions>
      </trkpt>
      <trkpt lat="29.52826361171901226043701171875" lon="103.330694474279880523681640625">
        <ele>2880.800048828125</ele>
        <time>2025-07-06T08:33:41.000Z</time>
        <extensions>
          <ns3:TrackPointExtension>
            <ns3:hr>113</ns3:hr>
            <ns3:cad>83</ns3:cad>
          </ns3:TrackPointExtension>
        </extensions>
      </trkpt>
      <trkpt lat="29.52827232889831066131591796875" lon="103.33068734966218471527099609375">
        <ele>2880.800048828125</ele>
        <time>2025-07-06T08:33:42.000Z</time>
        <extensions>
          <ns3:TrackPointExtension>
            <ns3:hr>113</ns3:hr>
            <ns3:cad>83</ns3:cad>
          </ns3:TrackPointExtension>
        </extensions>
      </trkpt>
      <trkpt lat="29.52828372828662395477294921875" lon="103.33067737519741058349609375">
        <ele>2880.60009765625</ele>
        <time>2025-07-06T08:33:43.000Z</time>
        <extensions>
          <ns3:TrackPointExtension>
            <ns3:hr>112</ns3:hr>
            <ns3:cad>83</ns3:cad>
          </ns3:TrackPointExtension>
        </extensions>
      </trkpt>
      <trkpt lat="29.5282901823520660400390625" lon="103.33066572435200214385986328125">
        <ele>2880.60009765625</ele>
        <time>2025-07-06T08:33:44.000Z</time>
        <extensions>
          <ns3:TrackPointExtension>
            <ns3:hr>112</ns3:hr>
            <ns3:cad>75</ns3:cad>
          </ns3:TrackPointExtension>
        </extensions>
      </trkpt>
      <trkpt lat="29.52829881571233272552490234375" lon="103.33065616898238658905029296875">
        <ele>2880.39990234375</ele>
        <time>2025-07-06T08:33:45.000Z</time>
        <extensions>
          <ns3:TrackPointExtension>
            <ns3:hr>112</ns3:hr>
            <ns3:cad>75</ns3:cad>
          </ns3:TrackPointExtension>
        </extensions>
      </trkpt>
      <trkpt lat="29.52830686233937740325927734375" lon="103.33064778707921504974365234375">
        <ele>2880.199951171875</ele>
        <time>2025-07-06T08:33:46.000Z</time>
        <extensions>
          <ns3:TrackPointExtension>
            <ns3:hr>112</ns3:hr>
            <ns3:cad>75</ns3:cad>
          </ns3:TrackPointExtension>
        </extensions>
      </trkpt>
      <trkpt lat="29.5283121429383754730224609375" lon="103.33064225502312183380126953125">
        <ele>2879.800048828125</ele>
        <time>2025-07-06T08:33:47.000Z</time>
        <extensions>
          <ns3:TrackPointExtension>
            <ns3:hr>111</ns3:hr>
            <ns3:cad>75</ns3:cad>
          </ns3:TrackPointExtension>
        </extensions>
      </trkpt>
      <trkpt lat="29.52831574715673923492431640625" lon="103.330638147890567779541015625">
        <ele>2879.39990234375</ele>
        <time>2025-07-06T08:33:48.000Z</time>
        <extensions>
          <ns3:TrackPointExtension>
            <ns3:hr>111</ns3:hr>
            <ns3:cad>75</ns3:cad>
          </ns3:TrackPointExtension>
        </extensions>
      </trkpt>
      <trkpt lat="29.52832035720348358154296875" lon="103.3306295983493328094482421875">
        <ele>2879</ele>
        <time>2025-07-06T08:33:49.000Z</time>
        <extensions>
          <ns3:TrackPointExtension>
            <ns3:hr>111</ns3:hr>
            <ns3:cad>75</ns3:cad>
          </ns3:TrackPointExtension>
        </extensions>
      </trkpt>
      <trkpt lat="29.5283252187073230743408203125" lon="103.33062130026519298553466796875">
        <ele>2878.60009765625</ele>
        <time>2025-07-06T08:33:50.000Z</time>
        <extensions>
          <ns3:TrackPointExtension>
            <ns3:hr>111</ns3:hr>
            <ns3:cad>75</ns3:cad>
          </ns3:TrackPointExtension>
        </extensions>
      </trkpt>
      <trkpt lat="29.52832982875406742095947265625" lon="103.33061140961945056915283203125">
        <ele>2878.199951171875</ele>
        <time>2025-07-06T08:33:51.000Z</time>
        <extensions>
          <ns3:TrackPointExtension>
            <ns3:hr>111</ns3:hr>
            <ns3:cad>75</ns3:cad>
          </ns3:TrackPointExtension>
        </extensions>
      </trkpt>
      <trkpt lat="29.5283305831253528594970703125" lon="103.33060017786920070648193359375">
        <ele>2877.800048828125</ele>
        <time>2025-07-06T08:33:52.000Z</time>
        <extensions>
          <ns3:TrackPointExtension>
            <ns3:hr>111</ns3:hr>
            <ns3:cad>75</ns3:cad>
          </ns3:TrackPointExtension>
        </extensions>
      </trkpt>
      <trkpt lat="29.528329074382781982421875" lon="103.3305890299379825592041015625">
        <ele>2877.60009765625</ele>
        <time>2025-07-06T08:33:53.000Z</time>
        <extensions>
          <ns3:TrackPointExtension>
            <ns3:hr>111</ns3:hr>
            <ns3:cad>75</ns3:cad>
          </ns3:TrackPointExtension>
        </extensions>
      </trkpt>
      <trkpt lat="29.52832781709730625152587890625" lon="103.3305783011019229888916015625">
        <ele>2877.199951171875</ele>
        <time>2025-07-06T08:33:54.000Z</time>
        <extensions>
          <ns3:TrackPointExtension>
            <ns3:hr>111</ns3:hr>
            <ns3:cad>75</ns3:cad>
          </ns3:TrackPointExtension>
        </extensions>
      </trkpt>
      <trkpt lat="29.52832530252635478973388671875" lon="103.3305712603032588958740234375">
        <ele>2877</ele>
        <time>2025-07-06T08:33:55.000Z</time>
        <extensions>
          <ns3:TrackPointExtension>
            <ns3:hr>111</ns3:hr>
            <ns3:cad>75</ns3:cad>
          </ns3:TrackPointExtension>
        </extensions>
      </trkpt>
      <trkpt lat="29.52832429669797420501708984375" lon="103.33056346513330936431884765625">
        <ele>2876.60009765625</ele>
        <time>2025-07-06T08:33:56.000Z</time>
        <extensions>
          <ns3:TrackPointExtension>
            <ns3:hr>111</ns3:hr>
            <ns3:cad>79</ns3:cad>
          </ns3:TrackPointExtension>
        </extensions>
      </trkpt>
      <trkpt lat="29.528323374688625335693359375" lon="103.3305518142879009246826171875">
        <ele>2876.39990234375</ele>
        <time>2025-07-06T08:33:57.000Z</time>
        <extensions>
          <ns3:TrackPointExtension>
            <ns3:hr>110</ns3:hr>
            <ns3:cad>79</ns3:cad>
          </ns3:TrackPointExtension>
        </extensions>
      </trkpt>
      <trkpt lat="29.5283223688602447509765625" lon="103.33054100163280963897705078125">
        <ele>2876</ele>
        <time>2025-07-06T08:33:58.000Z</time>
        <extensions>
          <ns3:TrackPointExtension>
            <ns3:hr>110</ns3:hr>
            <ns3:cad>79</ns3:cad>
          </ns3:TrackPointExtension>
        </extensions>
      </trkpt>
      <trkpt lat="29.52831943519413471221923828125" lon="103.33053253591060638427734375">
        <ele>2875.60009765625</ele>
        <time>2025-07-06T08:33:59.000Z</time>
        <extensions>
          <ns3:TrackPointExtension>
            <ns3:hr>110</ns3:hr>
            <ns3:cad>74</ns3:cad>
          </ns3:TrackPointExtension>
        </extensions>
      </trkpt>
      <trkpt lat="29.528315998613834381103515625" lon="103.3305216394364833831787109375">
        <ele>2875.39990234375</ele>
        <time>2025-07-06T08:34:00.000Z</time>
        <extensions>
          <ns3:TrackPointExtension>
            <ns3:hr>110</ns3:hr>
            <ns3:cad>74</ns3:cad>
          </ns3:TrackPointExtension>
        </extensions>
      </trkpt>
      <trkpt lat="29.52831507660448551177978515625" lon="103.33051032386720180511474609375">
        <ele>2875.39990234375</ele>
        <time>2025-07-06T08:34:01.000Z</time>
        <extensions>
          <ns3:TrackPointExtension>
            <ns3:hr>111</ns3:hr>
            <ns3:cad>77</ns3:cad>
          </ns3:TrackPointExtension>
        </extensions>
      </trkpt>
      <trkpt lat="29.5283141545951366424560546875" lon="103.33049791865050792694091796875">
        <ele>2875</ele>
        <time>2025-07-06T08:34:02.000Z</time>
        <extensions>
          <ns3:TrackPointExtension>
            <ns3:hr>111</ns3:hr>
            <ns3:cad>77</ns3:cad>
          </ns3:TrackPointExtension>
        </extensions>
      </trkpt>
      <trkpt lat="29.52831373549997806549072265625" lon="103.330487944185733795166015625">
        <ele>2874.800048828125</ele>
        <time>2025-07-06T08:34:03.000Z</time>
        <extensions>
          <ns3:TrackPointExtension>
            <ns3:hr>112</ns3:hr>
            <ns3:cad>77</ns3:cad>
          </ns3:TrackPointExtension>
        </extensions>
      </trkpt>
      <trkpt lat="29.52831490896642208099365234375" lon="103.3304743655025959014892578125">
        <ele>2874.39990234375</ele>
        <time>2025-07-06T08:34:04.000Z</time>
        <extensions>
          <ns3:TrackPointExtension>
            <ns3:hr>114</ns3:hr>
            <ns3:cad>77</ns3:cad>
          </ns3:TrackPointExtension>
        </extensions>
      </trkpt>
      <trkpt lat="29.5283141545951366424560546875" lon="103.330463469028472900390625">
        <ele>2874.199951171875</ele>
        <time>2025-07-06T08:34:05.000Z</time>
        <extensions>
          <ns3:TrackPointExtension>
            <ns3:hr>114</ns3:hr>
            <ns3:cad>76</ns3:cad>
          </ns3:TrackPointExtension>
        </extensions>
      </trkpt>
      <trkpt lat="29.5283124782145023345947265625" lon="103.33044712431728839874267578125">
        <ele>2874</ele>
        <time>2025-07-06T08:34:06.000Z</time>
        <extensions>
          <ns3:TrackPointExtension>
            <ns3:hr>114</ns3:hr>
            <ns3:cad>76</ns3:cad>
          </ns3:TrackPointExtension>
        </extensions>
      </trkpt>
      <trkpt lat="29.528309293091297149658203125" lon="103.3304314501583576202392578125">
        <ele>2873.800048828125</ele>
        <time>2025-07-06T08:34:07.000Z</time>
        <extensions>
          <ns3:TrackPointExtension>
            <ns3:hr>114</ns3:hr>
            <ns3:cad>76</ns3:cad>
          </ns3:TrackPointExtension>
        </extensions>
      </trkpt>
      <trkpt lat="29.5283024199306964874267578125" lon="103.33041694946587085723876953125">
        <ele>2873.60009765625</ele>
        <time>2025-07-06T08:34:08.000Z</time>
        <extensions>
          <ns3:TrackPointExtension>
            <ns3:hr>114</ns3:hr>
            <ns3:cad>76</ns3:cad>
          </ns3:TrackPointExtension>
        </extensions>
      </trkpt>
      <trkpt lat="29.5282957144081592559814453125" lon="103.33040068857371807098388671875">
        <ele>2873.60009765625</ele>
        <time>2025-07-06T08:34:09.000Z</time>
        <extensions>
          <ns3:TrackPointExtension>
            <ns3:hr>114</ns3:hr>
            <ns3:cad>76</ns3:cad>
          </ns3:TrackPointExtension>
        </extensions>
      </trkpt>
      <trkpt lat="29.52829093672335147857666015625" lon="103.33038291893899440765380859375">
        <ele>2873.60009765625</ele>
        <time>2025-07-06T08:34:10.000Z</time>
        <extensions>
          <ns3:TrackPointExtension>
            <ns3:hr>114</ns3:hr>
            <ns3:cad>76</ns3:cad>
          </ns3:TrackPointExtension>
        </extensions>
      </trkpt>
      <trkpt lat="29.52829353511333465576171875" lon="103.33036464639008045196533203125">
        <ele>2873.39990234375</ele>
        <time>2025-07-06T08:34:11.000Z</time>
        <extensions>
          <ns3:TrackPointExtension>
            <ns3:hr>114</ns3:hr>
            <ns3:cad>76</ns3:cad>
          </ns3:TrackPointExtension>
        </extensions>
      </trkpt>
      <trkpt lat="29.52829948626458644866943359375" lon="103.33033950068056583404541015625">
        <ele>2873</ele>
        <time>2025-07-06T08:34:12.000Z</time>
        <extensions>
          <ns3:TrackPointExtension>
            <ns3:hr>114</ns3:hr>
            <ns3:cad>76</ns3:cad>
          </ns3:TrackPointExtension>
        </extensions>
      </trkpt>
      <trkpt lat="29.52830334194004535675048828125" lon="103.33031787537038326263427734375">
        <ele>2872.800048828125</ele>
        <time>2025-07-06T08:34:13.000Z</time>
        <extensions>
          <ns3:TrackPointExtension>
            <ns3:hr>114</ns3:hr>
            <ns3:cad>76</ns3:cad>
          </ns3:TrackPointExtension>
        </extensions>
      </trkpt>
      <trkpt lat="29.5283116400241851806640625" lon="103.33030127920210361480712890625">
        <ele>2872.39990234375</ele>
        <time>2025-07-06T08:34:14.000Z</time>
        <extensions>
          <ns3:TrackPointExtension>
            <ns3:hr>114</ns3:hr>
            <ns3:cad>76</ns3:cad>
          </ns3:TrackPointExtension>
        </extensions>
      </trkpt>
      <trkpt lat="29.52831926755607128143310546875" lon="103.33028350956737995147705078125">
        <ele>2872.39990234375</ele>
        <time>2025-07-06T08:34:15.000Z</time>
        <extensions>
          <ns3:TrackPointExtension>
            <ns3:hr>114</ns3:hr>
            <ns3:cad>76</ns3:cad>
          </ns3:TrackPointExtension>
        </extensions>
      </trkpt>
      <trkpt lat="29.528324715793132781982421875" lon="103.3302628062665462493896484375">
        <ele>2872.199951171875</ele>
        <time>2025-07-06T08:34:16.000Z</time>
        <extensions>
          <ns3:TrackPointExtension>
            <ns3:hr>115</ns3:hr>
            <ns3:cad>76</ns3:cad>
          </ns3:TrackPointExtension>
        </extensions>
      </trkpt>
      <trkpt lat="29.5283329300582408905029296875" lon="103.3302450366318225860595703125">
        <ele>2872.199951171875</ele>
        <time>2025-07-06T08:34:17.000Z</time>
        <extensions>
          <ns3:TrackPointExtension>
            <ns3:hr>115</ns3:hr>
            <ns3:cad>76</ns3:cad>
          </ns3:TrackPointExtension>
        </extensions>
      </trkpt>
      <trkpt lat="29.52834977768361568450927734375" lon="103.3302289433777332305908203125">
        <ele>2872.199951171875</ele>
        <time>2025-07-06T08:34:18.000Z</time>
        <extensions>
          <ns3:TrackPointExtension>
            <ns3:hr>116</ns3:hr>
            <ns3:cad>76</ns3:cad>
          </ns3:TrackPointExtension>
        </extensions>
      </trkpt>
      <trkpt lat="29.5283644460141658782958984375" lon="103.33021511323750019073486328125">
        <ele>2872.199951171875</ele>
        <time>2025-07-06T08:34:19.000Z</time>
        <extensions>
          <ns3:TrackPointExtension>
            <ns3:hr>116</ns3:hr>
            <ns3:cad>86</ns3:cad>
          </ns3:TrackPointExtension>
        </extensions>
      </trkpt>
      <trkpt lat="29.52837475575506687164306640625" lon="103.3301863633096218109130859375">
        <ele>2872.199951171875</ele>
        <time>2025-07-06T08:34:20.000Z</time>
        <extensions>
          <ns3:TrackPointExtension>
            <ns3:hr>117</ns3:hr>
            <ns3:cad>87</ns3:cad>
          </ns3:TrackPointExtension>
        </extensions>
      </trkpt>
      <trkpt lat="29.52838984318077564239501953125" lon="103.3301618881523609161376953125">
        <ele>2872.199951171875</ele>
        <time>2025-07-06T08:34:21.000Z</time>
        <extensions>
          <ns3:TrackPointExtension>
            <ns3:hr>118</ns3:hr>
            <ns3:cad>88</ns3:cad>
          </ns3:TrackPointExtension>
        </extensions>
      </trkpt>
      <trkpt lat="29.528409205377101898193359375" lon="103.3301414363086223602294921875">
        <ele>2872.199951171875</ele>
        <time>2025-07-06T08:34:22.000Z</time>
        <extensions>
          <ns3:TrackPointExtension>
            <ns3:hr>118</ns3:hr>
            <ns3:cad>89</ns3:cad>
          </ns3:TrackPointExtension>
        </extensions>
      </trkpt>
      <trkpt lat="29.52842856757342815399169921875" lon="103.33012081682682037353515625">
        <ele>2872.199951171875</ele>
        <time>2025-07-06T08:34:23.000Z</time>
        <extensions>
          <ns3:TrackPointExtension>
            <ns3:hr>118</ns3:hr>
            <ns3:cad>90</ns3:cad>
          </ns3:TrackPointExtension>
        </extensions>
      </trkpt>
      <trkpt lat="29.5284511148929595947265625" lon="103.33010472357273101806640625">
        <ele>2872.199951171875</ele>
        <time>2025-07-06T08:34:24.000Z</time>
        <extensions>
          <ns3:TrackPointExtension>
            <ns3:hr>118</ns3:hr>
            <ns3:cad>90</ns3:cad>
          </ns3:TrackPointExtension>
        </extensions>
      </trkpt>
      <trkpt lat="29.52847047708928585052490234375" lon="103.33008837886154651641845703125">
        <ele>2872.199951171875</ele>
        <time>2025-07-06T08:34:25.000Z</time>
        <extensions>
          <ns3:TrackPointExtension>
            <ns3:hr>119</ns3:hr>
            <ns3:cad>90</ns3:cad>
          </ns3:TrackPointExtension>
        </extensions>
      </trkpt>
      <trkpt lat="29.52848690561950206756591796875" lon="103.330069519579410552978515625">
        <ele>2872.199951171875</ele>
        <time>2025-07-06T08:34:26.000Z</time>
        <extensions>
          <ns3:TrackPointExtension>
            <ns3:hr>120</ns3:hr>
            <ns3:cad>92</ns3:cad>
          </ns3:TrackPointExtension>
        </extensions>
      </trkpt>
      <trkpt lat="29.5284913480281829833984375" lon="103.3300562761723995208740234375">
        <ele>2872.199951171875</ele>
        <time>2025-07-06T08:34:27.000Z</time>
        <extensions>
          <ns3:TrackPointExtension>
            <ns3:hr>121</ns3:hr>
            <ns3:cad>92</ns3:cad>
          </ns3:TrackPointExtension>
        </extensions>
      </trkpt>
      <trkpt lat="29.52849780209362506866455078125" lon="103.33004194311797618865966796875">
        <ele>2872.39990234375</ele>
        <time>2025-07-06T08:34:28.000Z</time>
        <extensions>
          <ns3:TrackPointExtension>
            <ns3:hr>122</ns3:hr>
            <ns3:cad>92</ns3:cad>
          </ns3:TrackPointExtension>
        </extensions>
      </trkpt>
      <trkpt lat="29.52851188369095325469970703125" lon="103.330025263130664825439453125">
        <ele>2872.39990234375</ele>
        <time>2025-07-06T08:34:29.000Z</time>
        <extensions>
          <ns3:TrackPointExtension>
            <ns3:hr>123</ns3:hr>
            <ns3:cad>92</ns3:cad>
          </ns3:TrackPointExtension>
        </extensions>
      </trkpt>
      <trkpt lat="29.5285267196595668792724609375" lon="103.3300093375146389007568359375">
        <ele>2872.60009765625</ele>
        <time>2025-07-06T08:34:30.000Z</time>
        <extensions>
          <ns3:TrackPointExtension>
            <ns3:hr>124</ns3:hr>
            <ns3:cad>92</ns3:cad>
          </ns3:TrackPointExtension>
        </extensions>
      </trkpt>
      <trkpt lat="29.5285444892942905426025390625" lon="103.329996764659881591796875">
        <ele>2872.60009765625</ele>
        <time>2025-07-06T08:34:31.000Z</time>
        <extensions>
          <ns3:TrackPointExtension>
            <ns3:hr>125</ns3:hr>
            <ns3:cad>92</ns3:cad>
          </ns3:TrackPointExtension>
        </extensions>
      </trkpt>
      <trkpt lat="29.5285575650632381439208984375" lon="103.32998176105320453643798828125">
        <ele>2872.800048828125</ele>
        <time>2025-07-06T08:34:32.000Z</time>
        <extensions>
          <ns3:TrackPointExtension>
            <ns3:hr>125</ns3:hr>
            <ns3:cad>92</ns3:cad>
          </ns3:TrackPointExtension>
        </extensions>
      </trkpt>
      <trkpt lat="29.52855949290096759796142578125" lon="103.3299721218645572662353515625">
        <ele>2872.800048828125</ele>
        <time>2025-07-06T08:34:33.000Z</time>
        <extensions>
          <ns3:TrackPointExtension>
            <ns3:hr>126</ns3:hr>
            <ns3:cad>71</ns3:cad>
          </ns3:TrackPointExtension>
        </extensions>
      </trkpt>
      <trkpt lat="29.52856519259512424468994140625" lon="103.32995845936238765716552734375">
        <ele>2872.60009765625</ele>
        <time>2025-07-06T08:34:34.000Z</time>
        <extensions>
          <ns3:TrackPointExtension>
            <ns3:hr>126</ns3:hr>
            <ns3:cad>71</ns3:cad>
          </ns3:TrackPointExtension>
        </extensions>
      </trkpt>
      <trkpt lat="29.5285706408321857452392578125" lon="103.3299466408789157867431640625">
        <ele>2872.800048828125</ele>
        <time>2025-07-06T08:34:35.000Z</time>
        <extensions>
          <ns3:TrackPointExtension>
            <ns3:hr>126</ns3:hr>
            <ns3:cad>71</ns3:cad>
          </ns3:TrackPointExtension>
        </extensions>
      </trkpt>
      <trkpt lat="29.52857516705989837646484375" lon="103.32993549294769763946533203125">
        <ele>2872.800048828125</ele>
        <time>2025-07-06T08:34:36.000Z</time>
        <extensions>
          <ns3:TrackPointExtension>
            <ns3:hr>126</ns3:hr>
            <ns3:cad>71</ns3:cad>
          </ns3:TrackPointExtension>
        </extensions>
      </trkpt>
      <trkpt lat="29.5285850577056407928466796875" lon="103.329919315874576568603515625">
        <ele>2872.800048828125</ele>
        <time>2025-07-06T08:34:37.000Z</time>
        <extensions>
          <ns3:TrackPointExtension>
            <ns3:hr>126</ns3:hr>
            <ns3:cad>71</ns3:cad>
          </ns3:TrackPointExtension>
        </extensions>
      </trkpt>
      <trkpt lat="29.5285959541797637939453125" lon="103.32990481518208980560302734375">
        <ele>2872.800048828125</ele>
        <time>2025-07-06T08:34:38.000Z</time>
        <extensions>
          <ns3:TrackPointExtension>
            <ns3:hr>126</ns3:hr>
            <ns3:cad>64</ns3:cad>
          </ns3:TrackPointExtension>
        </extensions>
      </trkpt>
      <trkpt lat="29.528599642217159271240234375" lon="103.32988704554736614227294921875">
        <ele>2872.800048828125</ele>
        <time>2025-07-06T08:34:39.000Z</time>
        <extensions>
          <ns3:TrackPointExtension>
            <ns3:hr>126</ns3:hr>
            <ns3:cad>0</ns3:cad>
          </ns3:TrackPointExtension>
        </extensions>
      </trkpt>
      <trkpt lat="29.528600983321666717529296875" lon="103.32987464033067226409912109375">
        <ele>2872.800048828125</ele>
        <time>2025-07-06T08:34:40.000Z</time>
        <extensions>
          <ns3:TrackPointExtension>
            <ns3:hr>126</ns3:hr>
            <ns3:cad>0</ns3:cad>
          </ns3:TrackPointExtension>
        </extensions>
      </trkpt>
      <trkpt lat="29.52860324643552303314208984375" lon="103.329860977828502655029296875">
        <ele>2872.60009765625</ele>
        <time>2025-07-06T08:34:41.000Z</time>
        <extensions>
          <ns3:TrackPointExtension>
            <ns3:hr>126</ns3:hr>
            <ns3:cad>0</ns3:cad>
          </ns3:TrackPointExtension>
        </extensions>
      </trkpt>
      <trkpt lat="29.52860257588326930999755859375" lon="103.329848907887935638427734375">
        <ele>2872.39990234375</ele>
        <time>2025-07-06T08:34:42.000Z</time>
        <extensions>
          <ns3:TrackPointExtension>
            <ns3:hr>127</ns3:hr>
            <ns3:cad>0</ns3:cad>
          </ns3:TrackPointExtension>
        </extensions>
      </trkpt>
      <trkpt lat="29.52859821729362010955810546875" lon="103.32984186708927154541015625">
        <ele>2872.199951171875</ele>
        <time>2025-07-06T08:34:43.000Z</time>
        <extensions>
          <ns3:TrackPointExtension>
            <ns3:hr>126</ns3:hr>
            <ns3:cad>65</ns3:cad>
          </ns3:TrackPointExtension>
        </extensions>
      </trkpt>
      <trkpt lat="29.5285920985043048858642578125" lon="103.32982988096773624420166015625">
        <ele>2872</ele>
        <time>2025-07-06T08:34:44.000Z</time>
        <extensions>
          <ns3:TrackPointExtension>
            <ns3:hr>126</ns3:hr>
            <ns3:cad>65</ns3:cad>
          </ns3:TrackPointExtension>
        </extensions>
      </trkpt>
      <trkpt lat="29.528590925037860870361328125" lon="103.329817391932010650634765625">
        <ele>2871.800048828125</ele>
        <time>2025-07-06T08:34:45.000Z</time>
        <extensions>
          <ns3:TrackPointExtension>
            <ns3:hr>127</ns3:hr>
            <ns3:cad>65</ns3:cad>
          </ns3:TrackPointExtension>
        </extensions>
      </trkpt>
      <trkpt lat="29.528591595590114593505859375" lon="103.3298058249056339263916015625">
        <ele>2871.60009765625</ele>
        <time>2025-07-06T08:34:46.000Z</time>
        <extensions>
          <ns3:TrackPointExtension>
            <ns3:hr>126</ns3:hr>
            <ns3:cad>65</ns3:cad>
          </ns3:TrackPointExtension>
        </extensions>
      </trkpt>
      <trkpt lat="29.528597630560398101806640625" lon="103.329790569841861724853515625">
        <ele>2871.39990234375</ele>
        <time>2025-07-06T08:34:47.000Z</time>
        <extensions>
          <ns3:TrackPointExtension>
            <ns3:hr>126</ns3:hr>
            <ns3:cad>65</ns3:cad>
          </ns3:TrackPointExtension>
        </extensions>
      </trkpt>
      <trkpt lat="29.5286008156836032867431640625" lon="103.32977087236940860748291015625">
        <ele>2871.39990234375</ele>
        <time>2025-07-06T08:34:48.000Z</time>
        <extensions>
          <ns3:TrackPointExtension>
            <ns3:hr>125</ns3:hr>
            <ns3:cad>0</ns3:cad>
          </ns3:TrackPointExtension>
        </extensions>
      </trkpt>
      <trkpt lat="29.52860358171164989471435546875" lon="103.3297558687627315521240234375">
        <ele>2871.199951171875</ele>
        <time>2025-07-06T08:34:49.000Z</time>
        <extensions>
          <ns3:TrackPointExtension>
            <ns3:hr>125</ns3:hr>
            <ns3:cad>0</ns3:cad>
          </ns3:TrackPointExtension>
        </extensions>
      </trkpt>
      <trkpt lat="29.52860509045422077178955078125" lon="103.329741954803466796875">
        <ele>2871</ele>
        <time>2025-07-06T08:34:50.000Z</time>
        <extensions>
          <ns3:TrackPointExtension>
            <ns3:hr>124</ns3:hr>
            <ns3:cad>0</ns3:cad>
          </ns3:TrackPointExtension>
        </extensions>
      </trkpt>
      <trkpt lat="29.5286093652248382568359375" lon="103.32973449490964412689208984375">
        <ele>2870.800048828125</ele>
        <time>2025-07-06T08:34:51.000Z</time>
        <extensions>
          <ns3:TrackPointExtension>
            <ns3:hr>124</ns3:hr>
            <ns3:cad>0</ns3:cad>
          </ns3:TrackPointExtension>
        </extensions>
      </trkpt>
      <trkpt lat="29.52861146070063114166259765625" lon="103.32972577773034572601318359375">
        <ele>2870.60009765625</ele>
        <time>2025-07-06T08:34:52.000Z</time>
        <extensions>
          <ns3:TrackPointExtension>
            <ns3:hr>123</ns3:hr>
            <ns3:cad>0</ns3:cad>
          </ns3:TrackPointExtension>
        </extensions>
      </trkpt>
      <trkpt lat="29.5286132209002971649169921875" lon="103.32971186377108097076416015625">
        <ele>2870.39990234375</ele>
        <time>2025-07-06T08:34:53.000Z</time>
        <extensions>
          <ns3:TrackPointExtension>
            <ns3:hr>123</ns3:hr>
            <ns3:cad>0</ns3:cad>
          </ns3:TrackPointExtension>
        </extensions>
      </trkpt>
      <trkpt lat="29.52861397527158260345458984375" lon="103.3297045715153217315673828125">
        <ele>2870.199951171875</ele>
        <time>2025-07-06T08:34:54.000Z</time>
        <extensions>
          <ns3:TrackPointExtension>
            <ns3:hr>123</ns3:hr>
            <ns3:cad>0</ns3:cad>
          </ns3:TrackPointExtension>
        </extensions>
      </trkpt>
      <trkpt lat="29.52861565165221691131591796875" lon="103.32968956790864467620849609375">
        <ele>2870</ele>
        <time>2025-07-06T08:34:55.000Z</time>
        <extensions>
          <ns3:TrackPointExtension>
            <ns3:hr>123</ns3:hr>
            <ns3:cad>0</ns3:cad>
          </ns3:TrackPointExtension>
        </extensions>
      </trkpt>
      <trkpt lat="29.52861766330897808074951171875" lon="103.3296804316341876983642578125">
        <ele>2869.800048828125</ele>
        <time>2025-07-06T08:34:56.000Z</time>
        <extensions>
          <ns3:TrackPointExtension>
            <ns3:hr>123</ns3:hr>
            <ns3:cad>0</ns3:cad>
          </ns3:TrackPointExtension>
        </extensions>
      </trkpt>
      <trkpt lat="29.52861682511866092681884765625" lon="103.32966727204620838165283203125">
        <ele>2869.60009765625</ele>
        <time>2025-07-06T08:34:57.000Z</time>
        <extensions>
          <ns3:TrackPointExtension>
            <ns3:hr>122</ns3:hr>
            <ns3:cad>65</ns3:cad>
          </ns3:TrackPointExtension>
        </extensions>
      </trkpt>
      <trkpt lat="29.5286165736615657806396484375" lon="103.329660482704639434814453125">
        <ele>2869.39990234375</ele>
        <time>2025-07-06T08:34:58.000Z</time>
        <extensions>
          <ns3:TrackPointExtension>
            <ns3:hr>122</ns3:hr>
            <ns3:cad>67</ns3:cad>
          </ns3:TrackPointExtension>
        </extensions>
      </trkpt>
      <trkpt lat="29.52861917205154895782470703125" lon="103.32965008914470672607421875">
        <ele>2869.199951171875</ele>
        <time>2025-07-06T08:34:59.000Z</time>
        <extensions>
          <ns3:TrackPointExtension>
            <ns3:hr>122</ns3:hr>
            <ns3:cad>67</ns3:cad>
          </ns3:TrackPointExtension>
        </extensions>
      </trkpt>
      <trkpt lat="29.5286212675273418426513671875" lon="103.32963843829929828643798828125">
        <ele>2869.199951171875</ele>
        <time>2025-07-06T08:35:00.000Z</time>
        <extensions>
          <ns3:TrackPointExtension>
            <ns3:hr>122</ns3:hr>
            <ns3:cad>68</ns3:cad>
          </ns3:TrackPointExtension>
        </extensions>
      </trkpt>
      <trkpt lat="29.5286202616989612579345703125" lon="103.3296180702745914459228515625">
        <ele>2869</ele>
        <time>2025-07-06T08:35:01.000Z</time>
        <extensions>
          <ns3:TrackPointExtension>
            <ns3:hr>121</ns3:hr>
            <ns3:cad>68</ns3:cad>
          </ns3:TrackPointExtension>
        </extensions>
      </trkpt>
      <trkpt lat="29.52862185426056385040283203125" lon="103.329602815210819244384765625">
        <ele>2868.60009765625</ele>
        <time>2025-07-06T08:35:02.000Z</time>
        <extensions>
          <ns3:TrackPointExtension>
            <ns3:hr>121</ns3:hr>
            <ns3:cad>68</ns3:cad>
          </ns3:TrackPointExtension>
        </extensions>
      </trkpt>
      <trkpt lat="29.528625123202800750732421875" lon="103.32958898507058620452880859375">
        <ele>2868.39990234375</ele>
        <time>2025-07-06T08:35:03.000Z</time>
        <extensions>
          <ns3:TrackPointExtension>
            <ns3:hr>121</ns3:hr>
            <ns3:cad>68</ns3:cad>
          </ns3:TrackPointExtension>
        </extensions>
      </trkpt>
      <trkpt lat="29.5286350138485431671142578125" lon="103.329567275941371917724609375">
        <ele>2868.199951171875</ele>
        <time>2025-07-06T08:35:04.000Z</time>
        <extensions>
          <ns3:TrackPointExtension>
            <ns3:hr>121</ns3:hr>
            <ns3:cad>68</ns3:cad>
          </ns3:TrackPointExtension>
        </extensions>
      </trkpt>
      <trkpt lat="29.52864180319011211395263671875" lon="103.32954774610698223114013671875">
        <ele>2868</ele>
        <time>2025-07-06T08:35:05.000Z</time>
        <extensions>
          <ns3:TrackPointExtension>
            <ns3:hr>120</ns3:hr>
            <ns3:cad>68</ns3:cad>
          </ns3:TrackPointExtension>
        </extensions>
      </trkpt>
      <trkpt lat="29.52864892780780792236328125" lon="103.3295305632054805755615234375">
        <ele>2867.60009765625</ele>
        <time>2025-07-06T08:35:06.000Z</time>
        <extensions>
          <ns3:TrackPointExtension>
            <ns3:hr>120</ns3:hr>
            <ns3:cad>68</ns3:cad>
          </ns3:TrackPointExtension>
        </extensions>
      </trkpt>
      <trkpt lat="29.5286484248936176300048828125" lon="103.3295141346752643585205078125">
        <ele>2867.39990234375</ele>
        <time>2025-07-06T08:35:07.000Z</time>
        <extensions>
          <ns3:TrackPointExtension>
            <ns3:hr>120</ns3:hr>
            <ns3:cad>68</ns3:cad>
          </ns3:TrackPointExtension>
        </extensions>
      </trkpt>
      <trkpt lat="29.52864817343652248382568359375" lon="103.32950566895306110382080078125">
        <ele>2867.199951171875</ele>
        <time>2025-07-06T08:35:08.000Z</time>
        <extensions>
          <ns3:TrackPointExtension>
            <ns3:hr>120</ns3:hr>
            <ns3:cad>57</ns3:cad>
          </ns3:TrackPointExtension>
        </extensions>
      </trkpt>
      <trkpt lat="29.52864624559879302978515625" lon="103.32949996925890445709228515625">
        <ele>2867</ele>
        <time>2025-07-06T08:35:09.000Z</time>
        <extensions>
          <ns3:TrackPointExtension>
            <ns3:hr>121</ns3:hr>
            <ns3:cad>57</ns3:cad>
          </ns3:TrackPointExtension>
        </extensions>
      </trkpt>
      <trkpt lat="29.52864431776106357574462890625" lon="103.32948915660381317138671875">
        <ele>2866.800048828125</ele>
        <time>2025-07-06T08:35:10.000Z</time>
        <extensions>
          <ns3:TrackPointExtension>
            <ns3:hr>121</ns3:hr>
            <ns3:cad>113</ns3:cad>
          </ns3:TrackPointExtension>
        </extensions>
      </trkpt>
      <trkpt lat="29.528642557561397552490234375" lon="103.32947800867259502410888671875">
        <ele>2866.60009765625</ele>
        <time>2025-07-06T08:35:11.000Z</time>
        <extensions>
          <ns3:TrackPointExtension>
            <ns3:hr>120</ns3:hr>
            <ns3:cad>113</ns3:cad>
          </ns3:TrackPointExtension>
        </extensions>
      </trkpt>
      <trkpt lat="29.52864733524620532989501953125" lon="103.32945722155272960662841796875">
        <ele>2866.39990234375</ele>
        <time>2025-07-06T08:35:12.000Z</time>
        <extensions>
          <ns3:TrackPointExtension>
            <ns3:hr>120</ns3:hr>
            <ns3:cad>113</ns3:cad>
          </ns3:TrackPointExtension>
        </extensions>
      </trkpt>
      <trkpt lat="29.52865588478744029998779296875" lon="103.32943928427994251251220703125">
        <ele>2866</ele>
        <time>2025-07-06T08:35:13.000Z</time>
        <extensions>
          <ns3:TrackPointExtension>
            <ns3:hr>121</ns3:hr>
            <ns3:cad>113</ns3:cad>
          </ns3:TrackPointExtension>
        </extensions>
      </trkpt>
      <trkpt lat="29.52865974046289920806884765625" lon="103.32942469976842403411865234375">
        <ele>2865.800048828125</ele>
        <time>2025-07-06T08:35:14.000Z</time>
        <extensions>
          <ns3:TrackPointExtension>
            <ns3:hr>121</ns3:hr>
            <ns3:cad>113</ns3:cad>
          </ns3:TrackPointExtension>
        </extensions>
      </trkpt>
      <trkpt lat="29.528661668300628662109375" lon="103.329413048923015594482421875">
        <ele>2865.60009765625</ele>
        <time>2025-07-06T08:35:15.000Z</time>
        <extensions>
          <ns3:TrackPointExtension>
            <ns3:hr>121</ns3:hr>
            <ns3:cad>0</ns3:cad>
          </ns3:TrackPointExtension>
        </extensions>
      </trkpt>
      <trkpt lat="29.52866326086223125457763671875" lon="103.3293981291353702545166015625">
        <ele>2865.39990234375</ele>
        <time>2025-07-06T08:35:16.000Z</time>
        <extensions>
          <ns3:TrackPointExtension>
            <ns3:hr>120</ns3:hr>
            <ns3:cad>0</ns3:cad>
          </ns3:TrackPointExtension>
        </extensions>
      </trkpt>
      <trkpt lat="29.52866577543318271636962890625" lon="103.32937977276742458343505859375">
        <ele>2865.199951171875</ele>
        <time>2025-07-06T08:35:17.000Z</time>
        <extensions>
          <ns3:TrackPointExtension>
            <ns3:hr>120</ns3:hr>
            <ns3:cad>0</ns3:cad>
          </ns3:TrackPointExtension>
        </extensions>
      </trkpt>
      <trkpt lat="29.52867968939244747161865234375" lon="103.3293615840375423431396484375">
        <ele>2865</ele>
        <time>2025-07-06T08:35:18.000Z</time>
        <extensions>
          <ns3:TrackPointExtension>
            <ns3:hr>120</ns3:hr>
            <ns3:cad>0</ns3:cad>
          </ns3:TrackPointExtension>
        </extensions>
      </trkpt>
      <trkpt lat="29.5286925137042999267578125" lon="103.32933870144188404083251953125">
        <ele>2864.800048828125</ele>
        <time>2025-07-06T08:35:19.000Z</time>
        <extensions>
          <ns3:TrackPointExtension>
            <ns3:hr>120</ns3:hr>
            <ns3:cad>0</ns3:cad>
          </ns3:TrackPointExtension>
        </extensions>
      </trkpt>
      <trkpt lat="29.52870567329227924346923828125" lon="103.329317159950733184814453125">
        <ele>2864.60009765625</ele>
        <time>2025-07-06T08:35:20.000Z</time>
        <extensions>
          <ns3:TrackPointExtension>
            <ns3:hr>118</ns3:hr>
            <ns3:cad>0</ns3:cad>
          </ns3:TrackPointExtension>
        </extensions>
      </trkpt>
      <trkpt lat="29.5287148095667362213134765625" lon="103.3293060958385467529296875">
        <ele>2864.39990234375</ele>
        <time>2025-07-06T08:35:21.000Z</time>
        <extensions>
          <ns3:TrackPointExtension>
            <ns3:hr>118</ns3:hr>
            <ns3:cad>0</ns3:cad>
          </ns3:TrackPointExtension>
        </extensions>
      </trkpt>
      <trkpt lat="29.52873366884887218475341796875" lon="103.32928656600415706634521484375">
        <ele>2864.199951171875</ele>
        <time>2025-07-06T08:35:22.000Z</time>
        <extensions>
          <ns3:TrackPointExtension>
            <ns3:hr>118</ns3:hr>
            <ns3:cad>0</ns3:cad>
          </ns3:TrackPointExtension>
        </extensions>
      </trkpt>
      <trkpt lat="29.5287436433136463165283203125" lon="103.32927457988262176513671875">
        <ele>2864.199951171875</ele>
        <time>2025-07-06T08:35:23.000Z</time>
        <extensions>
          <ns3:TrackPointExtension>
            <ns3:hr>118</ns3:hr>
            <ns3:cad>0</ns3:cad>
          </ns3:TrackPointExtension>
        </extensions>
      </trkpt>
      <trkpt lat="29.52875311486423015594482421875" lon="103.3292579837143421173095703125">
        <ele>2864.199951171875</ele>
        <time>2025-07-06T08:35:24.000Z</time>
        <extensions>
          <ns3:TrackPointExtension>
            <ns3:hr>117</ns3:hr>
            <ns3:cad>0</ns3:cad>
          </ns3:TrackPointExtension>
        </extensions>
      </trkpt>
      <trkpt lat="29.5287577249109745025634765625" lon="103.32924163900315761566162109375">
        <ele>2864</ele>
        <time>2025-07-06T08:35:25.000Z</time>
        <extensions>
          <ns3:TrackPointExtension>
            <ns3:hr>118</ns3:hr>
            <ns3:cad>0</ns3:cad>
          </ns3:TrackPointExtension>
        </extensions>
      </trkpt>
      <trkpt lat="29.52875713817775249481201171875" lon="103.32923443056643009185791015625">
        <ele>2863.800048828125</ele>
        <time>2025-07-06T08:35:26.000Z</time>
        <extensions>
          <ns3:TrackPointExtension>
            <ns3:hr>118</ns3:hr>
            <ns3:cad>0</ns3:cad>
          </ns3:TrackPointExtension>
        </extensions>
      </trkpt>
      <trkpt lat="29.52876987867057323455810546875" lon="103.3292174153029918670654296875">
        <ele>2863.60009765625</ele>
        <time>2025-07-06T08:35:27.000Z</time>
        <extensions>
          <ns3:TrackPointExtension>
            <ns3:hr>118</ns3:hr>
            <ns3:cad>0</ns3:cad>
          </ns3:TrackPointExtension>
        </extensions>
      </trkpt>
      <trkpt lat="29.5287835411727428436279296875" lon="103.32919755019247531890869140625">
        <ele>2863.39990234375</ele>
        <time>2025-07-06T08:35:28.000Z</time>
        <extensions>
          <ns3:TrackPointExtension>
            <ns3:hr>118</ns3:hr>
            <ns3:cad>0</ns3:cad>
          </ns3:TrackPointExtension>
        </extensions>
      </trkpt>
      <trkpt lat="29.5287966169416904449462890625" lon="103.32918740808963775634765625">
        <ele>2863</ele>
        <time>2025-07-06T08:35:29.000Z</time>
        <extensions>
          <ns3:TrackPointExtension>
            <ns3:hr>118</ns3:hr>
            <ns3:cad>0</ns3:cad>
          </ns3:TrackPointExtension>
        </extensions>
      </trkpt>
      <trkpt lat="29.5288056693971157073974609375" lon="103.3291791938245296478271484375">
        <ele>2862.800048828125</ele>
        <time>2025-07-06T08:35:30.000Z</time>
        <extensions>
          <ns3:TrackPointExtension>
            <ns3:hr>118</ns3:hr>
            <ns3:cad>0</ns3:cad>
          </ns3:TrackPointExtension>
        </extensions>
      </trkpt>
      <trkpt lat="29.52880742959678173065185546875" lon="103.32916938699781894683837890625">
        <ele>2862.39990234375</ele>
        <time>2025-07-06T08:35:31.000Z</time>
        <extensions>
          <ns3:TrackPointExtension>
            <ns3:hr>119</ns3:hr>
            <ns3:cad>0</ns3:cad>
          </ns3:TrackPointExtension>
        </extensions>
      </trkpt>
      <trkpt lat="29.52881120145320892333984375" lon="103.3291614241898059844970703125">
        <ele>2862.199951171875</ele>
        <time>2025-07-06T08:35:32.000Z</time>
        <extensions>
          <ns3:TrackPointExtension>
            <ns3:hr>119</ns3:hr>
            <ns3:cad>0</ns3:cad>
          </ns3:TrackPointExtension>
        </extensions>
      </trkpt>
      <trkpt lat="29.5288133807480335235595703125" lon="103.32915178500115871429443359375">
        <ele>2861.800048828125</ele>
        <time>2025-07-06T08:35:33.000Z</time>
        <extensions>
          <ns3:TrackPointExtension>
            <ns3:hr>119</ns3:hr>
            <ns3:cad>0</ns3:cad>
          </ns3:TrackPointExtension>
        </extensions>
      </trkpt>
      <trkpt lat="29.52882000245153903961181640625" lon="103.32913921214640140533447265625">
        <ele>2861.60009765625</ele>
        <time>2025-07-06T08:35:34.000Z</time>
        <extensions>
          <ns3:TrackPointExtension>
            <ns3:hr>118</ns3:hr>
            <ns3:cad>0</ns3:cad>
          </ns3:TrackPointExtension>
        </extensions>
      </trkpt>
      <trkpt lat="29.528827965259552001953125" lon="103.32912546582520008087158203125">
        <ele>2861.199951171875</ele>
        <time>2025-07-06T08:35:35.000Z</time>
        <extensions>
          <ns3:TrackPointExtension>
            <ns3:hr>118</ns3:hr>
            <ns3:cad>0</ns3:cad>
          </ns3:TrackPointExtension>
        </extensions>
      </trkpt>
      <trkpt lat="29.52883508987724781036376953125" lon="103.329111970961093902587890625">
        <ele>2860.800048828125</ele>
        <time>2025-07-06T08:35:36.000Z</time>
        <extensions>
          <ns3:TrackPointExtension>
            <ns3:hr>118</ns3:hr>
            <ns3:cad>0</ns3:cad>
          </ns3:TrackPointExtension>
        </extensions>
      </trkpt>
      <trkpt lat="29.52884162776172161102294921875" lon="103.32910358905792236328125">
        <ele>2860.39990234375</ele>
        <time>2025-07-06T08:35:37.000Z</time>
        <extensions>
          <ns3:TrackPointExtension>
            <ns3:hr>118</ns3:hr>
            <ns3:cad>0</ns3:cad>
          </ns3:TrackPointExtension>
        </extensions>
      </trkpt>
      <trkpt lat="29.5288534462451934814453125" lon="103.3290829695761203765869140625">
        <ele>2860</ele>
        <time>2025-07-06T08:35:38.000Z</time>
        <extensions>
          <ns3:TrackPointExtension>
            <ns3:hr>117</ns3:hr>
            <ns3:cad>0</ns3:cad>
          </ns3:TrackPointExtension>
        </extensions>
      </trkpt>
      <trkpt lat="29.528865180909633636474609375" lon="103.32907198928296566009521484375">
        <ele>2859.800048828125</ele>
        <time>2025-07-06T08:35:39.000Z</time>
        <extensions>
          <ns3:TrackPointExtension>
            <ns3:hr>116</ns3:hr>
            <ns3:cad>0</ns3:cad>
          </ns3:TrackPointExtension>
        </extensions>
      </trkpt>
      <trkpt lat="29.5288700424134731292724609375" lon="103.32906075753271579742431640625">
        <ele>2859.39990234375</ele>
        <time>2025-07-06T08:35:40.000Z</time>
        <extensions>
          <ns3:TrackPointExtension>
            <ns3:hr>116</ns3:hr>
            <ns3:cad>0</ns3:cad>
          </ns3:TrackPointExtension>
        </extensions>
      </trkpt>
      <trkpt lat="29.52887414954602718353271484375" lon="103.32904885523021221160888671875">
        <ele>2859.199951171875</ele>
        <time>2025-07-06T08:35:41.000Z</time>
        <extensions>
          <ns3:TrackPointExtension>
            <ns3:hr>115</ns3:hr>
            <ns3:cad>0</ns3:cad>
          </ns3:TrackPointExtension>
        </extensions>
      </trkpt>
      <trkpt lat="29.52887414954602718353271484375" lon="103.32903259433805942535400390625">
        <ele>2859</ele>
        <time>2025-07-06T08:35:42.000Z</time>
        <extensions>
          <ns3:TrackPointExtension>
            <ns3:hr>115</ns3:hr>
            <ns3:cad>0</ns3:cad>
          </ns3:TrackPointExtension>
        </extensions>
      </trkpt>
      <trkpt lat="29.52888387255370616912841796875" lon="103.32901834510266780853271484375">
        <ele>2858.800048828125</ele>
        <time>2025-07-06T08:35:43.000Z</time>
        <extensions>
          <ns3:TrackPointExtension>
            <ns3:hr>115</ns3:hr>
            <ns3:cad>0</ns3:cad>
          </ns3:TrackPointExtension>
        </extensions>
      </trkpt>
      <trkpt lat="29.5288925059139728546142578125" lon="103.3290088735520839691162109375">
        <ele>2858.800048828125</ele>
        <time>2025-07-06T08:35:44.000Z</time>
        <extensions>
          <ns3:TrackPointExtension>
            <ns3:hr>115</ns3:hr>
            <ns3:cad>73</ns3:cad>
          </ns3:TrackPointExtension>
        </extensions>
      </trkpt>
      <trkpt lat="29.528898037970066070556640625" lon="103.32899604924023151397705078125">
        <ele>2858.39990234375</ele>
        <time>2025-07-06T08:35:45.000Z</time>
        <extensions>
          <ns3:TrackPointExtension>
            <ns3:hr>114</ns3:hr>
            <ns3:cad>73</ns3:cad>
          </ns3:TrackPointExtension>
        </extensions>
      </trkpt>
      <trkpt lat="29.5289059169590473175048828125" lon="103.3289807103574275970458984375">
        <ele>2858.199951171875</ele>
        <time>2025-07-06T08:35:46.000Z</time>
        <extensions>
          <ns3:TrackPointExtension>
            <ns3:hr>114</ns3:hr>
            <ns3:cad>73</ns3:cad>
          </ns3:TrackPointExtension>
        </extensions>
      </trkpt>
      <trkpt lat="29.5289216749370098114013671875" lon="103.32896478474140167236328125">
        <ele>2858</ele>
        <time>2025-07-06T08:35:47.000Z</time>
        <extensions>
          <ns3:TrackPointExtension>
            <ns3:hr>114</ns3:hr>
            <ns3:cad>73</ns3:cad>
          </ns3:TrackPointExtension>
        </extensions>
      </trkpt>
      <trkpt lat="29.52893299050629138946533203125" lon="103.3289451710879802703857421875">
        <ele>2857.60009765625</ele>
        <time>2025-07-06T08:35:48.000Z</time>
        <extensions>
          <ns3:TrackPointExtension>
            <ns3:hr>113</ns3:hr>
            <ns3:cad>73</ns3:cad>
          </ns3:TrackPointExtension>
        </extensions>
      </trkpt>
      <trkpt lat="29.52894405461847782135009765625" lon="103.328929245471954345703125">
        <ele>2857.39990234375</ele>
        <time>2025-07-06T08:35:49.000Z</time>
        <extensions>
          <ns3:TrackPointExtension>
            <ns3:hr>113</ns3:hr>
            <ns3:cad>0</ns3:cad>
          </ns3:TrackPointExtension>
        </extensions>
      </trkpt>
      <trkpt lat="29.52894623391330242156982421875" lon="103.32892128266394138336181640625">
        <ele>2857.199951171875</ele>
        <time>2025-07-06T08:35:50.000Z</time>
        <extensions>
          <ns3:TrackPointExtension>
            <ns3:hr>113</ns3:hr>
            <ns3:cad>0</ns3:cad>
          </ns3:TrackPointExtension>
        </extensions>
      </trkpt>
      <trkpt lat="29.528956711292266845703125" lon="103.32890435121953487396240234375">
        <ele>2857</ele>
        <time>2025-07-06T08:35:51.000Z</time>
        <extensions>
          <ns3:TrackPointExtension>
            <ns3:hr>113</ns3:hr>
            <ns3:cad>0</ns3:cad>
          </ns3:TrackPointExtension>
        </extensions>
      </trkpt>
      <trkpt lat="29.52896517701447010040283203125" lon="103.32889211364090442657470703125">
        <ele>2856.60009765625</ele>
        <time>2025-07-06T08:35:52.000Z</time>
        <extensions>
          <ns3:TrackPointExtension>
            <ns3:hr>112</ns3:hr>
            <ns3:cad>0</ns3:cad>
          </ns3:TrackPointExtension>
        </extensions>
      </trkpt>
      <trkpt lat="29.5289756543934345245361328125" lon="103.32887182943522930145263671875">
        <ele>2856.39990234375</ele>
        <time>2025-07-06T08:35:53.000Z</time>
        <extensions>
          <ns3:TrackPointExtension>
            <ns3:hr>111</ns3:hr>
            <ns3:cad>0</ns3:cad>
          </ns3:TrackPointExtension>
        </extensions>
      </trkpt>
      <trkpt lat="29.52898059971630573272705078125" lon="103.3288549818098545074462890625">
        <ele>2856.199951171875</ele>
        <time>2025-07-06T08:35:54.000Z</time>
        <extensions>
          <ns3:TrackPointExtension>
            <ns3:hr>110</ns3:hr>
            <ns3:cad>0</ns3:cad>
          </ns3:TrackPointExtension>
        </extensions>
      </trkpt>
      <trkpt lat="29.528985209763050079345703125" lon="103.32883696071803569793701171875">
        <ele>2856</ele>
        <time>2025-07-06T08:35:55.000Z</time>
        <extensions>
          <ns3:TrackPointExtension>
            <ns3:hr>109</ns3:hr>
            <ns3:cad>0</ns3:cad>
          </ns3:TrackPointExtension>
        </extensions>
      </trkpt>
      <trkpt lat="29.52898814342916011810302734375" lon="103.3288248069584369659423828125">
        <ele>2855.800048828125</ele>
        <time>2025-07-06T08:35:56.000Z</time>
        <extensions>
          <ns3:TrackPointExtension>
            <ns3:hr>109</ns3:hr>
            <ns3:cad>0</ns3:cad>
          </ns3:TrackPointExtension>
        </extensions>
      </trkpt>
      <trkpt lat="29.5289897359907627105712890625" lon="103.328814916312694549560546875">
        <ele>2855.60009765625</ele>
        <time>2025-07-06T08:35:57.000Z</time>
        <extensions>
          <ns3:TrackPointExtension>
            <ns3:hr>109</ns3:hr>
            <ns3:cad>0</ns3:cad>
          </ns3:TrackPointExtension>
        </extensions>
      </trkpt>
      <trkpt lat="29.52899619005620479583740234375" lon="103.32879312336444854736328125">
        <ele>2855.39990234375</ele>
        <time>2025-07-06T08:35:58.000Z</time>
        <extensions>
          <ns3:TrackPointExtension>
            <ns3:hr>109</ns3:hr>
            <ns3:cad>0</ns3:cad>
          </ns3:TrackPointExtension>
        </extensions>
      </trkpt>
      <trkpt lat="29.52899870462715625762939453125" lon="103.32878298126161098480224609375">
        <ele>2855.199951171875</ele>
        <time>2025-07-06T08:35:59.000Z</time>
        <extensions>
          <ns3:TrackPointExtension>
            <ns3:hr>110</ns3:hr>
            <ns3:cad>0</ns3:cad>
          </ns3:TrackPointExtension>
        </extensions>
      </trkpt>
      <trkpt lat="29.5290028117597103118896484375" lon="103.3287704922258853912353515625">
        <ele>2855</ele>
        <time>2025-07-06T08:36:00.000Z</time>
        <extensions>
          <ns3:TrackPointExtension>
            <ns3:hr>110</ns3:hr>
            <ns3:cad>67</ns3:cad>
          </ns3:TrackPointExtension>
        </extensions>
      </trkpt>
      <trkpt lat="29.52900163829326629638671875" lon="103.32876169122755527496337890625">
        <ele>2854.800048828125</ele>
        <time>2025-07-06T08:36:01.000Z</time>
        <extensions>
          <ns3:TrackPointExtension>
            <ns3:hr>110</ns3:hr>
            <ns3:cad>67</ns3:cad>
          </ns3:TrackPointExtension>
        </extensions>
      </trkpt>
      <trkpt lat="29.5290024764835834503173828125" lon="103.32875800319015979766845703125">
        <ele>2854.60009765625</ele>
        <time>2025-07-06T08:36:02.000Z</time>
        <extensions>
          <ns3:TrackPointExtension>
            <ns3:hr>110</ns3:hr>
            <ns3:cad>67</ns3:cad>
          </ns3:TrackPointExtension>
        </extensions>
      </trkpt>
      <trkpt lat="29.52900297939777374267578125" lon="103.3287440054118633270263671875">
        <ele>2854.39990234375</ele>
        <time>2025-07-06T08:36:03.000Z</time>
        <extensions>
          <ns3:TrackPointExtension>
            <ns3:hr>111</ns3:hr>
            <ns3:cad>0</ns3:cad>
          </ns3:TrackPointExtension>
        </extensions>
      </trkpt>
      <trkpt lat="29.52901043929159641265869140625" lon="103.328730426728725433349609375">
        <ele>2854.199951171875</ele>
        <time>2025-07-06T08:36:04.000Z</time>
        <extensions>
          <ns3:TrackPointExtension>
            <ns3:hr>110</ns3:hr>
            <ns3:cad>0</ns3:cad>
          </ns3:TrackPointExtension>
        </extensions>
      </trkpt>
      <trkpt lat="29.5290135405957698822021484375" lon="103.32871802151203155517578125">
        <ele>2854</ele>
        <time>2025-07-06T08:36:05.000Z</time>
        <extensions>
          <ns3:TrackPointExtension>
            <ns3:hr>110</ns3:hr>
            <ns3:cad>0</ns3:cad>
          </ns3:TrackPointExtension>
        </extensions>
      </trkpt>
      <trkpt lat="29.5290225930511951446533203125" lon="103.32870058715343475341796875">
        <ele>2853.800048828125</ele>
        <time>2025-07-06T08:36:06.000Z</time>
        <extensions>
          <ns3:TrackPointExtension>
            <ns3:hr>110</ns3:hr>
            <ns3:cad>0</ns3:cad>
          </ns3:TrackPointExtension>
        </extensions>
      </trkpt>
      <trkpt lat="29.5290313102304935455322265625" lon="103.328683488070964813232421875">
        <ele>2853.60009765625</ele>
        <time>2025-07-06T08:36:07.000Z</time>
        <extensions>
          <ns3:TrackPointExtension>
            <ns3:hr>110</ns3:hr>
            <ns3:cad>0</ns3:cad>
          </ns3:TrackPointExtension>
        </extensions>
      </trkpt>
      <trkpt lat="29.5290406979620456695556640625" lon="103.3286665566265583038330078125">
        <ele>2853.39990234375</ele>
        <time>2025-07-06T08:36:08.000Z</time>
        <extensions>
          <ns3:TrackPointExtension>
            <ns3:hr>110</ns3:hr>
            <ns3:cad>62</ns3:cad>
          </ns3:TrackPointExtension>
        </extensions>
      </trkpt>
      <trkpt lat="29.5290457271039485931396484375" lon="103.3286544866859912872314453125">
        <ele>2853.199951171875</ele>
        <time>2025-07-06T08:36:09.000Z</time>
        <extensions>
          <ns3:TrackPointExtension>
            <ns3:hr>110</ns3:hr>
            <ns3:cad>62</ns3:cad>
          </ns3:TrackPointExtension>
        </extensions>
      </trkpt>
      <trkpt lat="29.5290505886077880859375" lon="103.3286467753350734710693359375">
        <ele>2853</ele>
        <time>2025-07-06T08:36:10.000Z</time>
        <extensions>
          <ns3:TrackPointExtension>
            <ns3:hr>110</ns3:hr>
            <ns3:cad>62</ns3:cad>
          </ns3:TrackPointExtension>
        </extensions>
      </trkpt>
      <trkpt lat="29.52905871905386447906494140625" lon="103.32863395102322101593017578125">
        <ele>2852.800048828125</ele>
        <time>2025-07-06T08:36:11.000Z</time>
        <extensions>
          <ns3:TrackPointExtension>
            <ns3:hr>110</ns3:hr>
            <ns3:cad>62</ns3:cad>
          </ns3:TrackPointExtension>
        </extensions>
      </trkpt>
      <trkpt lat="29.5290626585483551025390625" lon="103.32862758077681064605712890625">
        <ele>2852.39990234375</ele>
        <time>2025-07-06T08:36:12.000Z</time>
        <extensions>
          <ns3:TrackPointExtension>
            <ns3:hr>110</ns3:hr>
            <ns3:cad>62</ns3:cad>
          </ns3:TrackPointExtension>
        </extensions>
      </trkpt>
      <trkpt lat="29.5290645025670528411865234375" lon="103.3286199532449245452880859375">
        <ele>2852.199951171875</ele>
        <time>2025-07-06T08:36:13.000Z</time>
        <extensions>
          <ns3:TrackPointExtension>
            <ns3:hr>110</ns3:hr>
            <ns3:cad>62</ns3:cad>
          </ns3:TrackPointExtension>
        </extensions>
      </trkpt>
      <trkpt lat="29.52906760387122631072998046875" lon="103.32861064933240413665771484375">
        <ele>2852</ele>
        <time>2025-07-06T08:36:14.000Z</time>
        <extensions>
          <ns3:TrackPointExtension>
            <ns3:hr>109</ns3:hr>
            <ns3:cad>62</ns3:cad>
          </ns3:TrackPointExtension>
        </extensions>
      </trkpt>
      <trkpt lat="29.52906995080411434173583984375" lon="103.32860645838081836700439453125">
        <ele>2851.800048828125</ele>
        <time>2025-07-06T08:36:15.000Z</time>
        <extensions>
          <ns3:TrackPointExtension>
            <ns3:hr>109</ns3:hr>
            <ns3:cad>62</ns3:cad>
          </ns3:TrackPointExtension>
        </extensions>
      </trkpt>
      <trkpt lat="29.52907497994601726531982421875" lon="103.3285971544682979583740234375">
        <ele>2851.60009765625</ele>
        <time>2025-07-06T08:36:16.000Z</time>
        <extensions>
          <ns3:TrackPointExtension>
            <ns3:hr>109</ns3:hr>
            <ns3:cad>62</ns3:cad>
          </ns3:TrackPointExtension>
        </extensions>
      </trkpt>
      <trkpt lat="29.52907942235469818115234375" lon="103.3285827375948429107666015625">
        <ele>2851.39990234375</ele>
        <time>2025-07-06T08:36:17.000Z</time>
        <extensions>
          <ns3:TrackPointExtension>
            <ns3:hr>109</ns3:hr>
            <ns3:cad>0</ns3:cad>
          </ns3:TrackPointExtension>
        </extensions>
      </trkpt>
      <trkpt lat="29.529084451496601104736328125" lon="103.32857511006295680999755859375">
        <ele>2851.199951171875</ele>
        <time>2025-07-06T08:36:18.000Z</time>
        <extensions>
          <ns3:TrackPointExtension>
            <ns3:hr>110</ns3:hr>
            <ns3:cad>0</ns3:cad>
          </ns3:TrackPointExtension>
        </extensions>
      </trkpt>
      <trkpt lat="29.5290867984294891357421875" lon="103.32856505177915096282958984375">
        <ele>2850.800048828125</ele>
        <time>2025-07-06T08:36:19.000Z</time>
        <extensions>
          <ns3:TrackPointExtension>
            <ns3:hr>110</ns3:hr>
            <ns3:cad>66</ns3:cad>
          </ns3:TrackPointExtension>
        </extensions>
      </trkpt>
      <trkpt lat="29.5290909893810749053955078125" lon="103.32855516113340854644775390625">
        <ele>2850.60009765625</ele>
        <time>2025-07-06T08:36:20.000Z</time>
        <extensions>
          <ns3:TrackPointExtension>
            <ns3:hr>110</ns3:hr>
            <ns3:cad>66</ns3:cad>
          </ns3:TrackPointExtension>
        </extensions>
      </trkpt>
      <trkpt lat="29.52909945510327816009521484375" lon="103.32854242064058780670166015625">
        <ele>2850.199951171875</ele>
        <time>2025-07-06T08:36:21.000Z</time>
        <extensions>
          <ns3:TrackPointExtension>
            <ns3:hr>109</ns3:hr>
            <ns3:cad>47</ns3:cad>
          </ns3:TrackPointExtension>
        </extensions>
      </trkpt>
      <trkpt lat="29.5291064120829105377197265625" lon="103.32852565683424472808837890625">
        <ele>2849.800048828125</ele>
        <time>2025-07-06T08:36:22.000Z</time>
        <extensions>
          <ns3:TrackPointExtension>
            <ns3:hr>109</ns3:hr>
            <ns3:cad>47</ns3:cad>
          </ns3:TrackPointExtension>
        </extensions>
      </trkpt>
      <trkpt lat="29.529110603034496307373046875" lon="103.328513167798519134521484375">
        <ele>2849.39990234375</ele>
        <time>2025-07-06T08:36:23.000Z</time>
        <extensions>
          <ns3:TrackPointExtension>
            <ns3:hr>109</ns3:hr>
            <ns3:cad>47</ns3:cad>
          </ns3:TrackPointExtension>
        </extensions>
      </trkpt>
      <trkpt lat="29.529112614691257476806640625" lon="103.328498415648937225341796875">
        <ele>2849</ele>
        <time>2025-07-06T08:36:24.000Z</time>
        <extensions>
          <ns3:TrackPointExtension>
            <ns3:hr>109</ns3:hr>
            <ns3:cad>47</ns3:cad>
          </ns3:TrackPointExtension>
        </extensions>
      </trkpt>
      <trkpt lat="29.529115967452526092529296875" lon="103.32848978228867053985595703125">
        <ele>2848.60009765625</ele>
        <time>2025-07-06T08:36:25.000Z</time>
        <extensions>
          <ns3:TrackPointExtension>
            <ns3:hr>109</ns3:hr>
            <ns3:cad>0</ns3:cad>
          </ns3:TrackPointExtension>
        </extensions>
      </trkpt>
      <trkpt lat="29.52912040986120700836181640625" lon="103.32847787998616695404052734375">
        <ele>2848.39990234375</ele>
        <time>2025-07-06T08:36:26.000Z</time>
        <extensions>
          <ns3:TrackPointExtension>
            <ns3:hr>108</ns3:hr>
            <ns3:cad>0</ns3:cad>
          </ns3:TrackPointExtension>
        </extensions>
      </trkpt>
      <trkpt lat="29.5291245169937610626220703125" lon="103.32846723496913909912109375">
        <ele>2848</ele>
        <time>2025-07-06T08:36:27.000Z</time>
        <extensions>
          <ns3:TrackPointExtension>
            <ns3:hr>108</ns3:hr>
            <ns3:cad>0</ns3:cad>
          </ns3:TrackPointExtension>
        </extensions>
      </trkpt>
      <trkpt lat="29.529129378497600555419921875" lon="103.32845985889434814453125">
        <ele>2847.800048828125</ele>
        <time>2025-07-06T08:36:28.000Z</time>
        <extensions>
          <ns3:TrackPointExtension>
            <ns3:hr>108</ns3:hr>
            <ns3:cad>0</ns3:cad>
          </ns3:TrackPointExtension>
        </extensions>
      </trkpt>
      <trkpt lat="29.5291350781917572021484375" lon="103.32844468764960765838623046875">
        <ele>2847.39990234375</ele>
        <time>2025-07-06T08:36:29.000Z</time>
        <extensions>
          <ns3:TrackPointExtension>
            <ns3:hr>108</ns3:hr>
            <ns3:cad>0</ns3:cad>
          </ns3:TrackPointExtension>
        </extensions>
      </trkpt>
      <trkpt lat="29.5291389338672161102294921875" lon="103.32843831740319728851318359375">
        <ele>2847.199951171875</ele>
        <time>2025-07-06T08:36:30.000Z</time>
        <extensions>
          <ns3:TrackPointExtension>
            <ns3:hr>108</ns3:hr>
            <ns3:cad>0</ns3:cad>
          </ns3:TrackPointExtension>
        </extensions>
      </trkpt>
      <trkpt lat="29.52914354391396045684814453125" lon="103.3284241519868373870849609375">
        <ele>2847</ele>
        <time>2025-07-06T08:36:31.000Z</time>
        <extensions>
          <ns3:TrackPointExtension>
            <ns3:hr>107</ns3:hr>
            <ns3:cad>0</ns3:cad>
          </ns3:TrackPointExtension>
        </extensions>
      </trkpt>
      <trkpt lat="29.5291486568748950958251953125" lon="103.3284134231507778167724609375">
        <ele>2846.800048828125</ele>
        <time>2025-07-06T08:36:32.000Z</time>
        <extensions>
          <ns3:TrackPointExtension>
            <ns3:hr>107</ns3:hr>
            <ns3:cad>0</ns3:cad>
          </ns3:TrackPointExtension>
        </extensions>
      </trkpt>
      <trkpt lat="29.52915360219776630401611328125" lon="103.32840462215244770050048828125">
        <ele>2846.39990234375</ele>
        <time>2025-07-06T08:36:33.000Z</time>
        <extensions>
          <ns3:TrackPointExtension>
            <ns3:hr>107</ns3:hr>
            <ns3:cad>0</ns3:cad>
          </ns3:TrackPointExtension>
        </extensions>
      </trkpt>
      <trkpt lat="29.5291603915393352508544921875" lon="103.32838886417448520660400390625">
        <ele>2846.199951171875</ele>
        <time>2025-07-06T08:36:34.000Z</time>
        <extensions>
          <ns3:TrackPointExtension>
            <ns3:hr>107</ns3:hr>
            <ns3:cad>0</ns3:cad>
          </ns3:TrackPointExtension>
        </extensions>
      </trkpt>
      <trkpt lat="29.52916391193866729736328125" lon="103.328376710414886474609375">
        <ele>2845.800048828125</ele>
        <time>2025-07-06T08:36:35.000Z</time>
        <extensions>
          <ns3:TrackPointExtension>
            <ns3:hr>107</ns3:hr>
            <ns3:cad>0</ns3:cad>
          </ns3:TrackPointExtension>
        </extensions>
      </trkpt>
      <trkpt lat="29.5291644148528575897216796875" lon="103.3283700048923492431640625">
        <ele>2845.39990234375</ele>
        <time>2025-07-06T08:36:36.000Z</time>
        <extensions>
          <ns3:TrackPointExtension>
            <ns3:hr>106</ns3:hr>
            <ns3:cad>0</ns3:cad>
          </ns3:TrackPointExtension>
        </extensions>
      </trkpt>
      <trkpt lat="29.52916617505252361297607421875" lon="103.32836388610303401947021484375">
        <ele>2845.199951171875</ele>
        <time>2025-07-06T08:36:37.000Z</time>
        <extensions>
          <ns3:TrackPointExtension>
            <ns3:hr>107</ns3:hr>
            <ns3:cad>0</ns3:cad>
          </ns3:TrackPointExtension>
        </extensions>
      </trkpt>
      <trkpt lat="29.52916734851896762847900390625" lon="103.32835533656179904937744140625">
        <ele>2845</ele>
        <time>2025-07-06T08:36:38.000Z</time>
        <extensions>
          <ns3:TrackPointExtension>
            <ns3:hr>107</ns3:hr>
            <ns3:cad>0</ns3:cad>
          </ns3:TrackPointExtension>
        </extensions>
      </trkpt>
      <trkpt lat="29.529167599976062774658203125" lon="103.328346200287342071533203125">
        <ele>2844.60009765625</ele>
        <time>2025-07-06T08:36:39.000Z</time>
        <extensions>
          <ns3:TrackPointExtension>
            <ns3:hr>106</ns3:hr>
            <ns3:cad>0</ns3:cad>
          </ns3:TrackPointExtension>
        </extensions>
      </trkpt>
      <trkpt lat="29.52917438931763172149658203125" lon="103.3283342979848384857177734375">
        <ele>2844.39990234375</ele>
        <time>2025-07-06T08:36:40.000Z</time>
        <extensions>
          <ns3:TrackPointExtension>
            <ns3:hr>107</ns3:hr>
            <ns3:cad>0</ns3:cad>
          </ns3:TrackPointExtension>
        </extensions>
      </trkpt>
      <trkpt lat="29.52918000519275665283203125" lon="103.32832734100520610809326171875">
        <ele>2844</ele>
        <time>2025-07-06T08:36:41.000Z</time>
        <extensions>
          <ns3:TrackPointExtension>
            <ns3:hr>106</ns3:hr>
            <ns3:cad>0</ns3:cad>
          </ns3:TrackPointExtension>
        </extensions>
      </trkpt>
      <trkpt lat="29.52918210066854953765869140625" lon="103.32831946201622486114501953125">
        <ele>2843.60009765625</ele>
        <time>2025-07-06T08:36:42.000Z</time>
        <extensions>
          <ns3:TrackPointExtension>
            <ns3:hr>106</ns3:hr>
            <ns3:cad>0</ns3:cad>
          </ns3:TrackPointExtension>
        </extensions>
      </trkpt>
      <trkpt lat="29.529182016849517822265625" lon="103.328313343226909637451171875">
        <ele>2843.39990234375</ele>
        <time>2025-07-06T08:36:43.000Z</time>
        <extensions>
          <ns3:TrackPointExtension>
            <ns3:hr>107</ns3:hr>
            <ns3:cad>0</ns3:cad>
          </ns3:TrackPointExtension>
        </extensions>
      </trkpt>
      <trkpt lat="29.52918277122080326080322265625" lon="103.32830227911472320556640625">
        <ele>2843</ele>
        <time>2025-07-06T08:36:44.000Z</time>
        <extensions>
          <ns3:TrackPointExtension>
            <ns3:hr>107</ns3:hr>
            <ns3:cad>68</ns3:cad>
          </ns3:TrackPointExtension>
        </extensions>
      </trkpt>
      <trkpt lat="29.529187716543674468994140625" lon="103.32828828133642673492431640625">
        <ele>2842.60009765625</ele>
        <time>2025-07-06T08:36:45.000Z</time>
        <extensions>
          <ns3:TrackPointExtension>
            <ns3:hr>107</ns3:hr>
            <ns3:cad>68</ns3:cad>
          </ns3:TrackPointExtension>
        </extensions>
      </trkpt>
      <trkpt lat="29.52919031493365764617919921875" lon="103.3282846771180629730224609375">
        <ele>2842.199951171875</ele>
        <time>2025-07-06T08:36:46.000Z</time>
        <extensions>
          <ns3:TrackPointExtension>
            <ns3:hr>107</ns3:hr>
            <ns3:cad>68</ns3:cad>
          </ns3:TrackPointExtension>
        </extensions>
      </trkpt>
      <trkpt lat="29.52918997965753078460693359375" lon="103.3282773010432720184326171875">
        <ele>2841.800048828125</ele>
        <time>2025-07-06T08:36:47.000Z</time>
        <extensions>
          <ns3:TrackPointExtension>
            <ns3:hr>107</ns3:hr>
            <ns3:cad>68</ns3:cad>
          </ns3:TrackPointExtension>
        </extensions>
      </trkpt>
      <trkpt lat="29.52918964438140392303466796875" lon="103.328265734016895294189453125">
        <ele>2841.60009765625</ele>
        <time>2025-07-06T08:36:48.000Z</time>
        <extensions>
          <ns3:TrackPointExtension>
            <ns3:hr>107</ns3:hr>
            <ns3:cad>0</ns3:cad>
          </ns3:TrackPointExtension>
        </extensions>
      </trkpt>
      <trkpt lat="29.52919207513332366943359375" lon="103.32825131714344024658203125">
        <ele>2841.199951171875</ele>
        <time>2025-07-06T08:36:49.000Z</time>
        <extensions>
          <ns3:TrackPointExtension>
            <ns3:hr>107</ns3:hr>
            <ns3:cad>0</ns3:cad>
          </ns3:TrackPointExtension>
        </extensions>
      </trkpt>
      <trkpt lat="29.52919517643749713897705078125" lon="103.32824771292507648468017578125">
        <ele>2841</ele>
        <time>2025-07-06T08:36:50.000Z</time>
        <extensions>
          <ns3:TrackPointExtension>
            <ns3:hr>107</ns3:hr>
            <ns3:cad>0</ns3:cad>
          </ns3:TrackPointExtension>
        </extensions>
      </trkpt>
      <trkpt lat="29.52919836156070232391357421875" lon="103.32823413424193859100341796875">
        <ele>2840.60009765625</ele>
        <time>2025-07-06T08:36:51.000Z</time>
        <extensions>
          <ns3:TrackPointExtension>
            <ns3:hr>107</ns3:hr>
            <ns3:cad>0</ns3:cad>
          </ns3:TrackPointExtension>
        </extensions>
      </trkpt>
      <trkpt lat="29.52920104376971721649169921875" lon="103.32821770571172237396240234375">
        <ele>2840.39990234375</ele>
        <time>2025-07-06T08:36:52.000Z</time>
        <extensions>
          <ns3:TrackPointExtension>
            <ns3:hr>107</ns3:hr>
            <ns3:cad>0</ns3:cad>
          </ns3:TrackPointExtension>
        </extensions>
      </trkpt>
      <trkpt lat="29.52920272015035152435302734375" lon="103.32820127718150615692138671875">
        <ele>2840</ele>
        <time>2025-07-06T08:36:53.000Z</time>
        <extensions>
          <ns3:TrackPointExtension>
            <ns3:hr>107</ns3:hr>
            <ns3:cad>0</ns3:cad>
          </ns3:TrackPointExtension>
        </extensions>
      </trkpt>
      <trkpt lat="29.5292019657790660858154296875" lon="103.3281904645264148712158203125">
        <ele>2839.60009765625</ele>
        <time>2025-07-06T08:36:54.000Z</time>
        <extensions>
          <ns3:TrackPointExtension>
            <ns3:hr>107</ns3:hr>
            <ns3:cad>65</ns3:cad>
          </ns3:TrackPointExtension>
        </extensions>
      </trkpt>
      <trkpt lat="29.529204480350017547607421875" lon="103.3281742036342620849609375">
        <ele>2839.39990234375</ele>
        <time>2025-07-06T08:36:55.000Z</time>
        <extensions>
          <ns3:TrackPointExtension>
            <ns3:hr>107</ns3:hr>
            <ns3:cad>65</ns3:cad>
          </ns3:TrackPointExtension>
        </extensions>
      </trkpt>
      <trkpt lat="29.52920707874000072479248046875" lon="103.3281648159027099609375">
        <ele>2839</ele>
        <time>2025-07-06T08:36:56.000Z</time>
        <extensions>
          <ns3:TrackPointExtension>
            <ns3:hr>107</ns3:hr>
            <ns3:cad>65</ns3:cad>
          </ns3:TrackPointExtension>
        </extensions>
      </trkpt>
      <trkpt lat="29.529208503663539886474609375" lon="103.3281581103801727294921875">
        <ele>2838.60009765625</ele>
        <time>2025-07-06T08:36:57.000Z</time>
        <extensions>
          <ns3:TrackPointExtension>
            <ns3:hr>108</ns3:hr>
            <ns3:cad>65</ns3:cad>
          </ns3:TrackPointExtension>
        </extensions>
      </trkpt>
      <trkpt lat="29.5292123593389987945556640625" lon="103.32815014757215976715087890625">
        <ele>2838.39990234375</ele>
        <time>2025-07-06T08:36:58.000Z</time>
        <extensions>
          <ns3:TrackPointExtension>
            <ns3:hr>108</ns3:hr>
            <ns3:cad>65</ns3:cad>
          </ns3:TrackPointExtension>
        </extensions>
      </trkpt>
      <trkpt lat="29.52921529300510883331298828125" lon="103.32813866436481475830078125">
        <ele>2838.199951171875</ele>
        <time>2025-07-06T08:36:59.000Z</time>
        <extensions>
          <ns3:TrackPointExtension>
            <ns3:hr>108</ns3:hr>
            <ns3:cad>65</ns3:cad>
          </ns3:TrackPointExtension>
        </extensions>
      </trkpt>
      <trkpt lat="29.5292160473763942718505859375" lon="103.32812416367232799530029296875">
        <ele>2838</ele>
        <time>2025-07-06T08:37:00.000Z</time>
        <extensions>
          <ns3:TrackPointExtension>
            <ns3:hr>107</ns3:hr>
            <ns3:cad>0</ns3:cad>
          </ns3:TrackPointExtension>
        </extensions>
      </trkpt>
      <trkpt lat="29.52922099269926548004150390625" lon="103.3281056396663188934326171875">
        <ele>2837.800048828125</ele>
        <time>2025-07-06T08:37:01.000Z</time>
        <extensions>
          <ns3:TrackPointExtension>
            <ns3:hr>108</ns3:hr>
            <ns3:cad>0</ns3:cad>
          </ns3:TrackPointExtension>
        </extensions>
      </trkpt>
      <trkpt lat="29.52922384254634380340576171875" lon="103.32810170017182826995849609375">
        <ele>2837.39990234375</ele>
        <time>2025-07-06T08:37:02.000Z</time>
        <extensions>
          <ns3:TrackPointExtension>
            <ns3:hr>108</ns3:hr>
            <ns3:cad>0</ns3:cad>
          </ns3:TrackPointExtension>
        </extensions>
      </trkpt>
      <trkpt lat="29.52922736294567584991455078125" lon="103.328100778162479400634765625">
        <ele>2837.199951171875</ele>
        <time>2025-07-06T08:37:03.000Z</time>
        <extensions>
          <ns3:TrackPointExtension>
            <ns3:hr>108</ns3:hr>
            <ns3:cad>0</ns3:cad>
          </ns3:TrackPointExtension>
        </extensions>
      </trkpt>
      <trkpt lat="29.5292316377162933349609375" lon="103.3280905522406101226806640625">
        <ele>2837</ele>
        <time>2025-07-06T08:37:04.000Z</time>
        <extensions>
          <ns3:TrackPointExtension>
            <ns3:hr>107</ns3:hr>
            <ns3:cad>0</ns3:cad>
          </ns3:TrackPointExtension>
        </extensions>
      </trkpt>
      <trkpt lat="29.529246725142002105712890625" lon="103.32805543206632137298583984375">
        <ele>2836.800048828125</ele>
        <time>2025-07-06T08:37:05.000Z</time>
        <extensions>
          <ns3:TrackPointExtension>
            <ns3:hr>108</ns3:hr>
            <ns3:cad>0</ns3:cad>
          </ns3:TrackPointExtension>
        </extensions>
      </trkpt>
      <trkpt lat="29.52925049699842929840087890625" lon="103.32803112454712390899658203125">
        <ele>2836.60009765625</ele>
        <time>2025-07-06T08:37:06.000Z</time>
        <extensions>
          <ns3:TrackPointExtension>
            <ns3:hr>108</ns3:hr>
            <ns3:cad>0</ns3:cad>
          </ns3:TrackPointExtension>
        </extensions>
      </trkpt>
      <trkpt lat="29.5292535983026027679443359375" lon="103.32801419310271739959716796875">
        <ele>2836.39990234375</ele>
        <time>2025-07-06T08:37:07.000Z</time>
        <extensions>
          <ns3:TrackPointExtension>
            <ns3:hr>109</ns3:hr>
            <ns3:cad>0</ns3:cad>
          </ns3:TrackPointExtension>
        </extensions>
      </trkpt>
      <trkpt lat="29.52925452031195163726806640625" lon="103.32800245843827724456787109375">
        <ele>2836.199951171875</ele>
        <time>2025-07-06T08:37:08.000Z</time>
        <extensions>
          <ns3:TrackPointExtension>
            <ns3:hr>110</ns3:hr>
            <ns3:cad>0</ns3:cad>
          </ns3:TrackPointExtension>
        </extensions>
      </trkpt>
      <trkpt lat="29.5292557775974273681640625" lon="103.32799508236348628997802734375">
        <ele>2836</ele>
        <time>2025-07-06T08:37:09.000Z</time>
        <extensions>
          <ns3:TrackPointExtension>
            <ns3:hr>110</ns3:hr>
            <ns3:cad>0</ns3:cad>
          </ns3:TrackPointExtension>
        </extensions>
      </trkpt>
      <trkpt lat="29.5292589627206325531005859375" lon="103.327984772622585296630859375">
        <ele>2835.60009765625</ele>
        <time>2025-07-06T08:37:10.000Z</time>
        <extensions>
          <ns3:TrackPointExtension>
            <ns3:hr>110</ns3:hr>
            <ns3:cad>0</ns3:cad>
          </ns3:TrackPointExtension>
        </extensions>
      </trkpt>
      <trkpt lat="29.52926306985318660736083984375" lon="103.32797345705330371856689453125">
        <ele>2835.199951171875</ele>
        <time>2025-07-06T08:37:11.000Z</time>
        <extensions>
          <ns3:TrackPointExtension>
            <ns3:hr>109</ns3:hr>
            <ns3:cad>0</ns3:cad>
          </ns3:TrackPointExtension>
        </extensions>
      </trkpt>
      <trkpt lat="29.529262483119964599609375" lon="103.32796943373978137969970703125">
        <ele>2835</ele>
        <time>2025-07-06T08:37:12.000Z</time>
        <extensions>
          <ns3:TrackPointExtension>
            <ns3:hr>109</ns3:hr>
            <ns3:cad>0</ns3:cad>
          </ns3:TrackPointExtension>
        </extensions>
      </trkpt>
      <trkpt lat="29.5292611420154571533203125" lon="103.32796457223594188690185546875">
        <ele>2834.60009765625</ele>
        <time>2025-07-06T08:37:13.000Z</time>
        <extensions>
          <ns3:TrackPointExtension>
            <ns3:hr>108</ns3:hr>
            <ns3:cad>0</ns3:cad>
          </ns3:TrackPointExtension>
        </extensions>
      </trkpt>
      <trkpt lat="29.529263488948345184326171875" lon="103.32795401103794574737548828125">
        <ele>2834.39990234375</ele>
        <time>2025-07-06T08:37:14.000Z</time>
        <extensions>
          <ns3:TrackPointExtension>
            <ns3:hr>108</ns3:hr>
            <ns3:cad>0</ns3:cad>
          </ns3:TrackPointExtension>
        </extensions>
      </trkpt>
      <trkpt lat="29.5292693562805652618408203125" lon="103.32793406210839748382568359375">
        <ele>2834.199951171875</ele>
        <time>2025-07-06T08:37:15.000Z</time>
        <extensions>
          <ns3:TrackPointExtension>
            <ns3:hr>107</ns3:hr>
            <ns3:cad>0</ns3:cad>
          </ns3:TrackPointExtension>
        </extensions>
      </trkpt>
      <trkpt lat="29.52927145175635814666748046875" lon="103.32792299799621105194091796875">
        <ele>2834</ele>
        <time>2025-07-06T08:37:16.000Z</time>
        <extensions>
          <ns3:TrackPointExtension>
            <ns3:hr>107</ns3:hr>
            <ns3:cad>0</ns3:cad>
          </ns3:TrackPointExtension>
        </extensions>
      </trkpt>
      <trkpt lat="29.5292767323553562164306640625" lon="103.3279048092663288116455078125">
        <ele>2833.800048828125</ele>
        <time>2025-07-06T08:37:17.000Z</time>
        <extensions>
          <ns3:TrackPointExtension>
            <ns3:hr>106</ns3:hr>
            <ns3:cad>62</ns3:cad>
          </ns3:TrackPointExtension>
        </extensions>
      </trkpt>
      <trkpt lat="29.5292718708515167236328125" lon="103.3278974331915378570556640625">
        <ele>2833.60009765625</ele>
        <time>2025-07-06T08:37:18.000Z</time>
        <extensions>
          <ns3:TrackPointExtension>
            <ns3:hr>106</ns3:hr>
            <ns3:cad>66</ns3:cad>
          </ns3:TrackPointExtension>
        </extensions>
      </trkpt>
      <trkpt lat="29.5292720384895801544189453125" lon="103.32789014093577861785888671875">
        <ele>2833.39990234375</ele>
        <time>2025-07-06T08:37:19.000Z</time>
        <extensions>
          <ns3:TrackPointExtension>
            <ns3:hr>106</ns3:hr>
            <ns3:cad>66</ns3:cad>
          </ns3:TrackPointExtension>
        </extensions>
      </trkpt>
      <trkpt lat="29.52927430160343647003173828125" lon="103.32788125611841678619384765625">
        <ele>2833.199951171875</ele>
        <time>2025-07-06T08:37:20.000Z</time>
        <extensions>
          <ns3:TrackPointExtension>
            <ns3:hr>106</ns3:hr>
            <ns3:cad>66</ns3:cad>
          </ns3:TrackPointExtension>
        </extensions>
      </trkpt>
      <trkpt lat="29.529276229441165924072265625" lon="103.327871449291706085205078125">
        <ele>2833</ele>
        <time>2025-07-06T08:37:21.000Z</time>
        <extensions>
          <ns3:TrackPointExtension>
            <ns3:hr>106</ns3:hr>
            <ns3:cad>66</ns3:cad>
          </ns3:TrackPointExtension>
        </extensions>
      </trkpt>
      <trkpt lat="29.529275558888912200927734375" lon="103.3278642408549785614013671875">
        <ele>2833</ele>
        <time>2025-07-06T08:37:22.000Z</time>
        <extensions>
          <ns3:TrackPointExtension>
            <ns3:hr>105</ns3:hr>
            <ns3:cad>66</ns3:cad>
          </ns3:TrackPointExtension>
        </extensions>
      </trkpt>
      <trkpt lat="29.5292834378778934478759765625" lon="103.327848650515079498291015625">
        <ele>2832.800048828125</ele>
        <time>2025-07-06T08:37:23.000Z</time>
        <extensions>
          <ns3:TrackPointExtension>
            <ns3:hr>105</ns3:hr>
            <ns3:cad>66</ns3:cad>
          </ns3:TrackPointExtension>
        </extensions>
      </trkpt>
      <trkpt lat="29.52928754501044750213623046875" lon="103.3278317190706729888916015625">
        <ele>2832.60009765625</ele>
        <time>2025-07-06T08:37:24.000Z</time>
        <extensions>
          <ns3:TrackPointExtension>
            <ns3:hr>105</ns3:hr>
            <ns3:cad>0</ns3:cad>
          </ns3:TrackPointExtension>
        </extensions>
      </trkpt>
      <trkpt lat="29.5292941667139530181884765625" lon="103.32781336270272731781005859375">
        <ele>2832.39990234375</ele>
        <time>2025-07-06T08:37:25.000Z</time>
        <extensions>
          <ns3:TrackPointExtension>
            <ns3:hr>105</ns3:hr>
            <ns3:cad>0</ns3:cad>
          </ns3:TrackPointExtension>
        </extensions>
      </trkpt>
      <trkpt lat="29.52930682338774204254150390625" lon="103.3278052322566509246826171875">
        <ele>2832.199951171875</ele>
        <time>2025-07-06T08:37:26.000Z</time>
        <extensions>
          <ns3:TrackPointExtension>
            <ns3:hr>105</ns3:hr>
            <ns3:cad>0</ns3:cad>
          </ns3:TrackPointExtension>
        </extensions>
      </trkpt>
      <trkpt lat="29.52931503765285015106201171875" lon="103.3277955092489719390869140625">
        <ele>2832</ele>
        <time>2025-07-06T08:37:27.000Z</time>
        <extensions>
          <ns3:TrackPointExtension>
            <ns3:hr>105</ns3:hr>
            <ns3:cad>0</ns3:cad>
          </ns3:TrackPointExtension>
        </extensions>
      </trkpt>
      <trkpt lat="29.529321491718292236328125" lon="103.3277906477451324462890625">
        <ele>2831.800048828125</ele>
        <time>2025-07-06T08:37:28.000Z</time>
        <extensions>
          <ns3:TrackPointExtension>
            <ns3:hr>104</ns3:hr>
            <ns3:cad>0</ns3:cad>
          </ns3:TrackPointExtension>
        </extensions>
      </trkpt>
      <trkpt lat="29.52933155000209808349609375" lon="103.32778905518352985382080078125">
        <ele>2831.60009765625</ele>
        <time>2025-07-06T08:37:29.000Z</time>
        <extensions>
          <ns3:TrackPointExtension>
            <ns3:hr>104</ns3:hr>
            <ns3:cad>0</ns3:cad>
          </ns3:TrackPointExtension>
        </extensions>
      </trkpt>
      <trkpt lat="29.52933951281011104583740234375" lon="103.32778704352676868438720703125">
        <ele>2831.199951171875</ele>
        <time>2025-07-06T08:37:30.000Z</time>
        <extensions>
          <ns3:TrackPointExtension>
            <ns3:hr>104</ns3:hr>
            <ns3:cad>0</ns3:cad>
          </ns3:TrackPointExtension>
        </extensions>
      </trkpt>
      <trkpt lat="29.52934470959007740020751953125" lon="103.32778922282159328460693359375">
        <ele>2831</ele>
        <time>2025-07-06T08:37:31.000Z</time>
        <extensions>
          <ns3:TrackPointExtension>
            <ns3:hr>104</ns3:hr>
            <ns3:cad>0</ns3:cad>
          </ns3:TrackPointExtension>
        </extensions>
      </trkpt>
      <trkpt lat="29.5293528400361537933349609375" lon="103.32778704352676868438720703125">
        <ele>2830.39990234375</ele>
        <time>2025-07-06T08:37:32.000Z</time>
        <extensions>
          <ns3:TrackPointExtension>
            <ns3:hr>103</ns3:hr>
            <ns3:cad>0</ns3:cad>
          </ns3:TrackPointExtension>
        </extensions>
      </trkpt>
      <trkpt lat="29.5293806679546833038330078125" lon="103.3277851156890392303466796875">
        <ele>2830</ele>
        <time>2025-07-06T08:37:33.000Z</time>
        <extensions>
          <ns3:TrackPointExtension>
            <ns3:hr>103</ns3:hr>
            <ns3:cad>0</ns3:cad>
          </ns3:TrackPointExtension>
        </extensions>
      </trkpt>
      <trkpt lat="29.5293974317610263824462890625" lon="103.32778888754546642303466796875">
        <ele>2829.800048828125</ele>
        <time>2025-07-06T08:37:34.000Z</time>
        <extensions>
          <ns3:TrackPointExtension>
            <ns3:hr>104</ns3:hr>
            <ns3:cad>0</ns3:cad>
          </ns3:TrackPointExtension>
        </extensions>
      </trkpt>
      <trkpt lat="29.52941779978573322296142578125" lon="103.3277965150773525238037109375">
        <ele>2829.60009765625</ele>
        <time>2025-07-06T08:37:35.000Z</time>
        <extensions>
          <ns3:TrackPointExtension>
            <ns3:hr>104</ns3:hr>
            <ns3:cad>0</ns3:cad>
          </ns3:TrackPointExtension>
        </extensions>
      </trkpt>
      <trkpt lat="29.52944076620042324066162109375" lon="103.32780397497117519378662109375">
        <ele>2829.39990234375</ele>
        <time>2025-07-06T08:37:36.000Z</time>
        <extensions>
          <ns3:TrackPointExtension>
            <ns3:hr>104</ns3:hr>
            <ns3:cad>0</ns3:cad>
          </ns3:TrackPointExtension>
        </extensions>
      </trkpt>
      <trkpt lat="29.52946205623447895050048828125" lon="103.32781135104596614837646484375">
        <ele>2829.39990234375</ele>
        <time>2025-07-06T08:37:37.000Z</time>
        <extensions>
          <ns3:TrackPointExtension>
            <ns3:hr>104</ns3:hr>
            <ns3:cad>0</ns3:cad>
          </ns3:TrackPointExtension>
        </extensions>
      </trkpt>
      <trkpt lat="29.52948653139173984527587890625" lon="103.32781403325498104095458984375">
        <ele>2829.39990234375</ele>
        <time>2025-07-06T08:37:38.000Z</time>
        <extensions>
          <ns3:TrackPointExtension>
            <ns3:hr>104</ns3:hr>
            <ns3:cad>0</ns3:cad>
          </ns3:TrackPointExtension>
        </extensions>
      </trkpt>
      <trkpt lat="29.52951888553798198699951171875" lon="103.327819146215915679931640625">
        <ele>2829.60009765625</ele>
        <time>2025-07-06T08:37:39.000Z</time>
        <extensions>
          <ns3:TrackPointExtension>
            <ns3:hr>105</ns3:hr>
            <ns3:cad>98</ns3:cad>
          </ns3:TrackPointExtension>
        </extensions>
      </trkpt>
      <trkpt lat="29.52954872511327266693115234375" lon="103.327817134559154510498046875">
        <ele>2829.60009765625</ele>
        <time>2025-07-06T08:37:40.000Z</time>
        <extensions>
          <ns3:TrackPointExtension>
            <ns3:hr>105</ns3:hr>
            <ns3:cad>100</ns3:cad>
          </ns3:TrackPointExtension>
        </extensions>
      </trkpt>
      <trkpt lat="29.5295768044888973236083984375" lon="103.3278173021972179412841796875">
        <ele>2829.39990234375</ele>
        <time>2025-07-06T08:37:41.000Z</time>
        <extensions>
          <ns3:TrackPointExtension>
            <ns3:hr>105</ns3:hr>
            <ns3:cad>100</ns3:cad>
          </ns3:TrackPointExtension>
        </extensions>
      </trkpt>
      <trkpt lat="29.52960647642612457275390625" lon="103.32781537435948848724365234375">
        <ele>2829.39990234375</ele>
        <time>2025-07-06T08:37:42.000Z</time>
        <extensions>
          <ns3:TrackPointExtension>
            <ns3:hr>104</ns3:hr>
            <ns3:cad>101</ns3:cad>
          </ns3:TrackPointExtension>
        </extensions>
      </trkpt>
      <trkpt lat="29.52963170595467090606689453125" lon="103.32781218923628330230712890625">
        <ele>2829.199951171875</ele>
        <time>2025-07-06T08:37:43.000Z</time>
        <extensions>
          <ns3:TrackPointExtension>
            <ns3:hr>104</ns3:hr>
            <ns3:cad>101</ns3:cad>
          </ns3:TrackPointExtension>
        </extensions>
      </trkpt>
      <trkpt lat="29.5296602882444858551025390625" lon="103.32780204713344573974609375">
        <ele>2829.199951171875</ele>
        <time>2025-07-06T08:37:44.000Z</time>
        <extensions>
          <ns3:TrackPointExtension>
            <ns3:hr>103</ns3:hr>
            <ns3:cad>101</ns3:cad>
          </ns3:TrackPointExtension>
        </extensions>
      </trkpt>
      <trkpt lat="29.52968836762011051177978515625" lon="103.3277906477451324462890625">
        <ele>2829.199951171875</ele>
        <time>2025-07-06T08:37:45.000Z</time>
        <extensions>
          <ns3:TrackPointExtension>
            <ns3:hr>102</ns3:hr>
            <ns3:cad>101</ns3:cad>
          </ns3:TrackPointExtension>
        </extensions>
      </trkpt>
      <trkpt lat="29.529707394540309906005859375" lon="103.32777321338653564453125">
        <ele>2829.199951171875</ele>
        <time>2025-07-06T08:37:46.000Z</time>
        <extensions>
          <ns3:TrackPointExtension>
            <ns3:hr>101</ns3:hr>
            <ns3:cad>100</ns3:cad>
          </ns3:TrackPointExtension>
        </extensions>
      </trkpt>
      <trkpt lat="29.5297236554324626922607421875" lon="103.32775552757084369659423828125">
        <ele>2829.199951171875</ele>
        <time>2025-07-06T08:37:47.000Z</time>
        <extensions>
          <ns3:TrackPointExtension>
            <ns3:hr>100</ns3:hr>
            <ns3:cad>100</ns3:cad>
          </ns3:TrackPointExtension>
        </extensions>
      </trkpt>
      <trkpt lat="29.52973916195333003997802734375" lon="103.32773876376450061798095703125">
        <ele>2829</ele>
        <time>2025-07-06T08:37:48.000Z</time>
        <extensions>
          <ns3:TrackPointExtension>
            <ns3:hr>100</ns3:hr>
            <ns3:cad>100</ns3:cad>
          </ns3:TrackPointExtension>
        </extensions>
      </trkpt>
      <trkpt lat="29.52975173480808734893798828125" lon="103.327722586691379547119140625">
        <ele>2829</ele>
        <time>2025-07-06T08:37:49.000Z</time>
        <extensions>
          <ns3:TrackPointExtension>
            <ns3:hr>99</ns3:hr>
            <ns3:cad>101</ns3:cad>
          </ns3:TrackPointExtension>
        </extensions>
      </trkpt>
      <trkpt lat="29.529760368168354034423828125" lon="103.32770640961825847625732421875">
        <ele>2828.800048828125</ele>
        <time>2025-07-06T08:37:50.000Z</time>
        <extensions>
          <ns3:TrackPointExtension>
            <ns3:hr>99</ns3:hr>
            <ns3:cad>101</ns3:cad>
          </ns3:TrackPointExtension>
        </extensions>
      </trkpt>
      <trkpt lat="29.52976682223379611968994140625" lon="103.3276935853064060211181640625">
        <ele>2828.39990234375</ele>
        <time>2025-07-06T08:37:51.000Z</time>
        <extensions>
          <ns3:TrackPointExtension>
            <ns3:hr>98</ns3:hr>
            <ns3:cad>101</ns3:cad>
          </ns3:TrackPointExtension>
        </extensions>
      </trkpt>
      <trkpt lat="29.52977411448955535888671875" lon="103.3276795037090778350830078125">
        <ele>2828.199951171875</ele>
        <time>2025-07-06T08:37:52.000Z</time>
        <extensions>
          <ns3:TrackPointExtension>
            <ns3:hr>98</ns3:hr>
            <ns3:cad>101</ns3:cad>
          </ns3:TrackPointExtension>
        </extensions>
      </trkpt>
      <trkpt lat="29.52978341840207576751708984375" lon="103.3276654221117496490478515625">
        <ele>2828</ele>
        <time>2025-07-06T08:37:53.000Z</time>
        <extensions>
          <ns3:TrackPointExtension>
            <ns3:hr>98</ns3:hr>
            <ns3:cad>101</ns3:cad>
          </ns3:TrackPointExtension>
        </extensions>
      </trkpt>
      <trkpt lat="29.52979515306651592254638671875" lon="103.3276499994099140167236328125">
        <ele>2827.60009765625</ele>
        <time>2025-07-06T08:37:54.000Z</time>
        <extensions>
          <ns3:TrackPointExtension>
            <ns3:hr>98</ns3:hr>
            <ns3:cad>101</ns3:cad>
          </ns3:TrackPointExtension>
        </extensions>
      </trkpt>
      <trkpt lat="29.52979917638003826141357421875" lon="103.32763650454580783843994140625">
        <ele>2827.39990234375</ele>
        <time>2025-07-06T08:37:55.000Z</time>
        <extensions>
          <ns3:TrackPointExtension>
            <ns3:hr>98</ns3:hr>
            <ns3:cad>101</ns3:cad>
          </ns3:TrackPointExtension>
        </extensions>
      </trkpt>
      <trkpt lat="29.52979733236134052276611328125" lon="103.32762242294847965240478515625">
        <ele>2827</ele>
        <time>2025-07-06T08:37:56.000Z</time>
        <extensions>
          <ns3:TrackPointExtension>
            <ns3:hr>98</ns3:hr>
            <ns3:cad>101</ns3:cad>
          </ns3:TrackPointExtension>
        </extensions>
      </trkpt>
      <trkpt lat="29.5298014394938945770263671875" lon="103.32760800607502460479736328125">
        <ele>2826.800048828125</ele>
        <time>2025-07-06T08:37:57.000Z</time>
        <extensions>
          <ns3:TrackPointExtension>
            <ns3:hr>97</ns3:hr>
            <ns3:cad>0</ns3:cad>
          </ns3:TrackPointExtension>
        </extensions>
      </trkpt>
      <trkpt lat="29.529811330139636993408203125" lon="103.32759442739188671112060546875">
        <ele>2826.60009765625</ele>
        <time>2025-07-06T08:37:58.000Z</time>
        <extensions>
          <ns3:TrackPointExtension>
            <ns3:hr>97</ns3:hr>
            <ns3:cad>0</ns3:cad>
          </ns3:TrackPointExtension>
        </extensions>
      </trkpt>
      <trkpt lat="29.52982239425182342529296875" lon="103.3275779150426387786865234375">
        <ele>2826.39990234375</ele>
        <time>2025-07-06T08:37:59.000Z</time>
        <extensions>
          <ns3:TrackPointExtension>
            <ns3:hr>96</ns3:hr>
            <ns3:cad>0</ns3:cad>
          </ns3:TrackPointExtension>
        </extensions>
      </trkpt>
      <trkpt lat="29.529830105602741241455078125" lon="103.32755922339856624603271484375">
        <ele>2826.39990234375</ele>
        <time>2025-07-06T08:38:00.000Z</time>
        <extensions>
          <ns3:TrackPointExtension>
            <ns3:hr>95</ns3:hr>
            <ns3:cad>0</ns3:cad>
          </ns3:TrackPointExtension>
        </extensions>
      </trkpt>
      <trkpt lat="29.52983790077269077301025390625" lon="103.32753994502127170562744140625">
        <ele>2826.199951171875</ele>
        <time>2025-07-06T08:38:01.000Z</time>
        <extensions>
          <ns3:TrackPointExtension>
            <ns3:hr>95</ns3:hr>
            <ns3:cad>0</ns3:cad>
          </ns3:TrackPointExtension>
        </extensions>
      </trkpt>
      <trkpt lat="29.5298399962484836578369140625" lon="103.32752351649105548858642578125">
        <ele>2826.199951171875</ele>
        <time>2025-07-06T08:38:02.000Z</time>
        <extensions>
          <ns3:TrackPointExtension>
            <ns3:hr>95</ns3:hr>
            <ns3:cad>68</ns3:cad>
          </ns3:TrackPointExtension>
        </extensions>
      </trkpt>
      <trkpt lat="29.52984142117202281951904296875" lon="103.32750876434147357940673828125">
        <ele>2826.199951171875</ele>
        <time>2025-07-06T08:38:03.000Z</time>
        <extensions>
          <ns3:TrackPointExtension>
            <ns3:hr>94</ns3:hr>
            <ns3:cad>68</ns3:cad>
          </ns3:TrackPointExtension>
        </extensions>
      </trkpt>
      <trkpt lat="29.5298436842858791351318359375" lon="103.327497951686382293701171875">
        <ele>2826.199951171875</ele>
        <time>2025-07-06T08:38:04.000Z</time>
        <extensions>
          <ns3:TrackPointExtension>
            <ns3:hr>94</ns3:hr>
            <ns3:cad>0</ns3:cad>
          </ns3:TrackPointExtension>
        </extensions>
      </trkpt>
      <trkpt lat="29.5298460312187671661376953125" lon="103.3274813555181026458740234375">
        <ele>2826.199951171875</ele>
        <time>2025-07-06T08:38:05.000Z</time>
        <extensions>
          <ns3:TrackPointExtension>
            <ns3:hr>94</ns3:hr>
            <ns3:cad>0</ns3:cad>
          </ns3:TrackPointExtension>
        </extensions>
      </trkpt>
      <trkpt lat="29.52985131181776523590087890625" lon="103.32746735773980617523193359375">
        <ele>2826.199951171875</ele>
        <time>2025-07-06T08:38:06.000Z</time>
        <extensions>
          <ns3:TrackPointExtension>
            <ns3:hr>94</ns3:hr>
            <ns3:cad>0</ns3:cad>
          </ns3:TrackPointExtension>
        </extensions>
      </trkpt>
      <trkpt lat="29.5298560895025730133056640625" lon="103.32745763473212718963623046875">
        <ele>2826.199951171875</ele>
        <time>2025-07-06T08:38:07.000Z</time>
        <extensions>
          <ns3:TrackPointExtension>
            <ns3:hr>95</ns3:hr>
            <ns3:cad>0</ns3:cad>
          </ns3:TrackPointExtension>
        </extensions>
      </trkpt>
      <trkpt lat="29.5298659801483154296875" lon="103.32744137383997440338134765625">
        <ele>2826</ele>
        <time>2025-07-06T08:38:08.000Z</time>
        <extensions>
          <ns3:TrackPointExtension>
            <ns3:hr>94</ns3:hr>
            <ns3:cad>0</ns3:cad>
          </ns3:TrackPointExtension>
        </extensions>
      </trkpt>
      <trkpt lat="29.52987595461308956146240234375" lon="103.32742762751877307891845703125">
        <ele>2826</ele>
        <time>2025-07-06T08:38:09.000Z</time>
        <extensions>
          <ns3:TrackPointExtension>
            <ns3:hr>94</ns3:hr>
            <ns3:cad>0</ns3:cad>
          </ns3:TrackPointExtension>
        </extensions>
      </trkpt>
      <trkpt lat="29.529883749783039093017578125" lon="103.32741421647369861602783203125">
        <ele>2825.800048828125</ele>
        <time>2025-07-06T08:38:10.000Z</time>
        <extensions>
          <ns3:TrackPointExtension>
            <ns3:hr>94</ns3:hr>
            <ns3:cad>0</ns3:cad>
          </ns3:TrackPointExtension>
        </extensions>
      </trkpt>
      <trkpt lat="29.5298943109810352325439453125" lon="103.32740013487637042999267578125">
        <ele>2825.800048828125</ele>
        <time>2025-07-06T08:38:11.000Z</time>
        <extensions>
          <ns3:TrackPointExtension>
            <ns3:hr>94</ns3:hr>
            <ns3:cad>0</ns3:cad>
          </ns3:TrackPointExtension>
        </extensions>
      </trkpt>
      <trkpt lat="29.529898166656494140625" lon="103.32738504745066165924072265625">
        <ele>2825.800048828125</ele>
        <time>2025-07-06T08:38:12.000Z</time>
        <extensions>
          <ns3:TrackPointExtension>
            <ns3:hr>93</ns3:hr>
            <ns3:cad>0</ns3:cad>
          </ns3:TrackPointExtension>
        </extensions>
      </trkpt>
      <trkpt lat="29.52991082333028316497802734375" lon="103.327367864549160003662109375">
        <ele>2825.800048828125</ele>
        <time>2025-07-06T08:38:13.000Z</time>
        <extensions>
          <ns3:TrackPointExtension>
            <ns3:hr>93</ns3:hr>
            <ns3:cad>0</ns3:cad>
          </ns3:TrackPointExtension>
        </extensions>
      </trkpt>
      <trkpt lat="29.52992171980440616607666015625" lon="103.32735269330441951751708984375">
        <ele>2825.800048828125</ele>
        <time>2025-07-06T08:38:14.000Z</time>
        <extensions>
          <ns3:TrackPointExtension>
            <ns3:hr>93</ns3:hr>
            <ns3:cad>0</ns3:cad>
          </ns3:TrackPointExtension>
        </extensions>
      </trkpt>
      <trkpt lat="29.5299343764781951904296875" lon="103.32733668386936187744140625">
        <ele>2825.800048828125</ele>
        <time>2025-07-06T08:38:15.000Z</time>
        <extensions>
          <ns3:TrackPointExtension>
            <ns3:hr>93</ns3:hr>
            <ns3:cad>0</ns3:cad>
          </ns3:TrackPointExtension>
        </extensions>
      </trkpt>
      <trkpt lat="29.52995072118937969207763671875" lon="103.327322266995906829833984375">
        <ele>2825.800048828125</ele>
        <time>2025-07-06T08:38:16.000Z</time>
        <extensions>
          <ns3:TrackPointExtension>
            <ns3:hr>93</ns3:hr>
            <ns3:cad>0</ns3:cad>
          </ns3:TrackPointExtension>
        </extensions>
      </trkpt>
      <trkpt lat="29.52997100539505481719970703125" lon="103.327307514846324920654296875">
        <ele>2825.60009765625</ele>
        <time>2025-07-06T08:38:17.000Z</time>
        <extensions>
          <ns3:TrackPointExtension>
            <ns3:hr>93</ns3:hr>
            <ns3:cad>0</ns3:cad>
          </ns3:TrackPointExtension>
        </extensions>
      </trkpt>
      <trkpt lat="29.5299831591546535491943359375" lon="103.327298797667026519775390625">
        <ele>2825.60009765625</ele>
        <time>2025-07-06T08:38:18.000Z</time>
        <extensions>
          <ns3:TrackPointExtension>
            <ns3:hr>93</ns3:hr>
            <ns3:cad>0</ns3:cad>
          </ns3:TrackPointExtension>
        </extensions>
      </trkpt>
      <trkpt lat="29.5299960672855377197265625" lon="103.3272882364690303802490234375">
        <ele>2825.39990234375</ele>
        <time>2025-07-06T08:38:19.000Z</time>
        <extensions>
          <ns3:TrackPointExtension>
            <ns3:hr>93</ns3:hr>
            <ns3:cad>0</ns3:cad>
          </ns3:TrackPointExtension>
        </extensions>
      </trkpt>
      <trkpt lat="29.5300005935132503509521484375" lon="103.32727792672812938690185546875">
        <ele>2825.199951171875</ele>
        <time>2025-07-06T08:38:20.000Z</time>
        <extensions>
          <ns3:TrackPointExtension>
            <ns3:hr>92</ns3:hr>
            <ns3:cad>0</ns3:cad>
          </ns3:TrackPointExtension>
        </extensions>
      </trkpt>
      <trkpt lat="29.5300066284835338592529296875" lon="103.32726485095918178558349609375">
        <ele>2825</ele>
        <time>2025-07-06T08:38:21.000Z</time>
        <extensions>
          <ns3:TrackPointExtension>
            <ns3:hr>92</ns3:hr>
            <ns3:cad>0</ns3:cad>
          </ns3:TrackPointExtension>
        </extensions>
      </trkpt>
      <trkpt lat="29.53000905923545360565185546875" lon="103.32725529558956623077392578125">
        <ele>2824.800048828125</ele>
        <time>2025-07-06T08:38:22.000Z</time>
        <extensions>
          <ns3:TrackPointExtension>
            <ns3:hr>91</ns3:hr>
            <ns3:cad>0</ns3:cad>
          </ns3:TrackPointExtension>
        </extensions>
      </trkpt>
      <trkpt lat="29.53002012334764003753662109375" lon="103.3272399567067623138427734375">
        <ele>2824.60009765625</ele>
        <time>2025-07-06T08:38:23.000Z</time>
        <extensions>
          <ns3:TrackPointExtension>
            <ns3:hr>91</ns3:hr>
            <ns3:cad>0</ns3:cad>
          </ns3:TrackPointExtension>
        </extensions>
      </trkpt>
      <trkpt lat="29.5300401560962200164794921875" lon="103.32722914405167102813720703125">
        <ele>2824.39990234375</ele>
        <time>2025-07-06T08:38:24.000Z</time>
        <extensions>
          <ns3:TrackPointExtension>
            <ns3:hr>91</ns3:hr>
            <ns3:cad>0</ns3:cad>
          </ns3:TrackPointExtension>
        </extensions>
      </trkpt>
      <trkpt lat="29.53005868010222911834716796875" lon="103.32721489481627941131591796875">
        <ele>2824.39990234375</ele>
        <time>2025-07-06T08:38:25.000Z</time>
        <extensions>
          <ns3:TrackPointExtension>
            <ns3:hr>91</ns3:hr>
            <ns3:cad>0</ns3:cad>
          </ns3:TrackPointExtension>
        </extensions>
      </trkpt>
      <trkpt lat="29.5300756953656673431396484375" lon="103.327203579246997833251953125">
        <ele>2824.199951171875</ele>
        <time>2025-07-06T08:38:26.000Z</time>
        <extensions>
          <ns3:TrackPointExtension>
            <ns3:hr>91</ns3:hr>
            <ns3:cad>0</ns3:cad>
          </ns3:TrackPointExtension>
        </extensions>
      </trkpt>
      <trkpt lat="29.53008030541241168975830078125" lon="103.32719318568706512451171875">
        <ele>2824</ele>
        <time>2025-07-06T08:38:27.000Z</time>
        <extensions>
          <ns3:TrackPointExtension>
            <ns3:hr>91</ns3:hr>
            <ns3:cad>0</ns3:cad>
          </ns3:TrackPointExtension>
        </extensions>
      </trkpt>
      <trkpt lat="29.53008365817368030548095703125" lon="103.327180780470371246337890625">
        <ele>2824</ele>
        <time>2025-07-06T08:38:28.000Z</time>
        <extensions>
          <ns3:TrackPointExtension>
            <ns3:hr>90</ns3:hr>
            <ns3:cad>0</ns3:cad>
          </ns3:TrackPointExtension>
        </extensions>
      </trkpt>
      <trkpt lat="29.5300921238958835601806640625" lon="103.32716795615851879119873046875">
        <ele>2823.800048828125</ele>
        <time>2025-07-06T08:38:29.000Z</time>
        <extensions>
          <ns3:TrackPointExtension>
            <ns3:hr>91</ns3:hr>
            <ns3:cad>0</ns3:cad>
          </ns3:TrackPointExtension>
        </extensions>
      </trkpt>
      <trkpt lat="29.5301075465977191925048828125" lon="103.32715722732245922088623046875">
        <ele>2823.60009765625</ele>
        <time>2025-07-06T08:38:30.000Z</time>
        <extensions>
          <ns3:TrackPointExtension>
            <ns3:hr>90</ns3:hr>
            <ns3:cad>0</ns3:cad>
          </ns3:TrackPointExtension>
        </extensions>
      </trkpt>
      <trkpt lat="29.53012338839471340179443359375" lon="103.32714951597154140472412109375">
        <ele>2823.39990234375</ele>
        <time>2025-07-06T08:38:31.000Z</time>
        <extensions>
          <ns3:TrackPointExtension>
            <ns3:hr>90</ns3:hr>
            <ns3:cad>0</ns3:cad>
          </ns3:TrackPointExtension>
        </extensions>
      </trkpt>
      <trkpt lat="29.53013696707785129547119140625" lon="103.32714297808706760406494140625">
        <ele>2823.199951171875</ele>
        <time>2025-07-06T08:38:32.000Z</time>
        <extensions>
          <ns3:TrackPointExtension>
            <ns3:hr>91</ns3:hr>
            <ns3:cad>0</ns3:cad>
          </ns3:TrackPointExtension>
        </extensions>
      </trkpt>
      <trkpt lat="29.530148617923259735107421875" lon="103.3271343447268009185791015625">
        <ele>2823</ele>
        <time>2025-07-06T08:38:33.000Z</time>
        <extensions>
          <ns3:TrackPointExtension>
            <ns3:hr>91</ns3:hr>
            <ns3:cad>0</ns3:cad>
          </ns3:TrackPointExtension>
        </extensions>
      </trkpt>
      <trkpt lat="29.5301571674644947052001953125" lon="103.32712638191878795623779296875">
        <ele>2822.800048828125</ele>
        <time>2025-07-06T08:38:34.000Z</time>
        <extensions>
          <ns3:TrackPointExtension>
            <ns3:hr>91</ns3:hr>
            <ns3:cad>0</ns3:cad>
          </ns3:TrackPointExtension>
        </extensions>
      </trkpt>
      <trkpt lat="29.5301677286624908447265625" lon="103.32711431197822093963623046875">
        <ele>2822.60009765625</ele>
        <time>2025-07-06T08:38:35.000Z</time>
        <extensions>
          <ns3:TrackPointExtension>
            <ns3:hr>91</ns3:hr>
            <ns3:cad>0</ns3:cad>
          </ns3:TrackPointExtension>
        </extensions>
      </trkpt>
      <trkpt lat="29.53017510473728179931640625" lon="103.32710961811244487762451171875">
        <ele>2822.39990234375</ele>
        <time>2025-07-06T08:38:36.000Z</time>
        <extensions>
          <ns3:TrackPointExtension>
            <ns3:hr>91</ns3:hr>
            <ns3:cad>0</ns3:cad>
          </ns3:TrackPointExtension>
        </extensions>
      </trkpt>
      <trkpt lat="29.53018005006015300750732421875" lon="103.32710123620927333831787109375">
        <ele>2822.199951171875</ele>
        <time>2025-07-06T08:38:37.000Z</time>
        <extensions>
          <ns3:TrackPointExtension>
            <ns3:hr>91</ns3:hr>
            <ns3:cad>0</ns3:cad>
          </ns3:TrackPointExtension>
        </extensions>
      </trkpt>
      <trkpt lat="29.5301891863346099853515625" lon="103.32709134556353092193603515625">
        <ele>2822</ele>
        <time>2025-07-06T08:38:38.000Z</time>
        <extensions>
          <ns3:TrackPointExtension>
            <ns3:hr>92</ns3:hr>
            <ns3:cad>0</ns3:cad>
          </ns3:TrackPointExtension>
        </extensions>
      </trkpt>
      <trkpt lat="29.5301960594952106475830078125" lon="103.32708279602229595184326171875">
        <ele>2821.800048828125</ele>
        <time>2025-07-06T08:38:39.000Z</time>
        <extensions>
          <ns3:TrackPointExtension>
            <ns3:hr>92</ns3:hr>
            <ns3:cad>60</ns3:cad>
          </ns3:TrackPointExtension>
        </extensions>
      </trkpt>
      <trkpt lat="29.53021206893026828765869140625" lon="103.3270703069865703582763671875">
        <ele>2821.60009765625</ele>
        <time>2025-07-06T08:38:40.000Z</time>
        <extensions>
          <ns3:TrackPointExtension>
            <ns3:hr>92</ns3:hr>
            <ns3:cad>60</ns3:cad>
          </ns3:TrackPointExtension>
        </extensions>
      </trkpt>
      <trkpt lat="29.53023017384111881256103515625" lon="103.32705974578857421875">
        <ele>2821.39990234375</ele>
        <time>2025-07-06T08:38:41.000Z</time>
        <extensions>
          <ns3:TrackPointExtension>
            <ns3:hr>92</ns3:hr>
            <ns3:cad>60</ns3:cad>
          </ns3:TrackPointExtension>
        </extensions>
      </trkpt>
      <trkpt lat="29.53024350106716156005859375" lon="103.327061422169208526611328125">
        <ele>2821.199951171875</ele>
        <time>2025-07-06T08:38:42.000Z</time>
        <extensions>
          <ns3:TrackPointExtension>
            <ns3:hr>93</ns3:hr>
            <ns3:cad>60</ns3:cad>
          </ns3:TrackPointExtension>
        </extensions>
      </trkpt>
      <trkpt lat="29.53025288879871368408203125" lon="103.327058069407939910888671875">
        <ele>2821</ele>
        <time>2025-07-06T08:38:43.000Z</time>
        <extensions>
          <ns3:TrackPointExtension>
            <ns3:hr>92</ns3:hr>
            <ns3:cad>60</ns3:cad>
          </ns3:TrackPointExtension>
        </extensions>
      </trkpt>
      <trkpt lat="29.53026504255831241607666015625" lon="103.32704775966703891754150390625">
        <ele>2820.800048828125</ele>
        <time>2025-07-06T08:38:44.000Z</time>
        <extensions>
          <ns3:TrackPointExtension>
            <ns3:hr>92</ns3:hr>
            <ns3:cad>60</ns3:cad>
          </ns3:TrackPointExtension>
        </extensions>
      </trkpt>
      <trkpt lat="29.53028499148786067962646484375" lon="103.3270369470119476318359375">
        <ele>2820.60009765625</ele>
        <time>2025-07-06T08:38:45.000Z</time>
        <extensions>
          <ns3:TrackPointExtension>
            <ns3:hr>92</ns3:hr>
            <ns3:cad>60</ns3:cad>
          </ns3:TrackPointExtension>
        </extensions>
      </trkpt>
      <trkpt lat="29.53030074946582317352294921875" lon="103.3270320855081081390380859375">
        <ele>2820.39990234375</ele>
        <time>2025-07-06T08:38:46.000Z</time>
        <extensions>
          <ns3:TrackPointExtension>
            <ns3:hr>92</ns3:hr>
            <ns3:cad>60</ns3:cad>
          </ns3:TrackPointExtension>
        </extensions>
      </trkpt>
      <trkpt lat="29.53031600452959537506103515625" lon="103.32702931948006153106689453125">
        <ele>2820</ele>
        <time>2025-07-06T08:38:47.000Z</time>
        <extensions>
          <ns3:TrackPointExtension>
            <ns3:hr>91</ns3:hr>
            <ns3:cad>60</ns3:cad>
          </ns3:TrackPointExtension>
        </extensions>
      </trkpt>
      <trkpt lat="29.5303217880427837371826171875" lon="103.3270280621945858001708984375">
        <ele>2819.800048828125</ele>
        <time>2025-07-06T08:38:48.000Z</time>
        <extensions>
          <ns3:TrackPointExtension>
            <ns3:hr>91</ns3:hr>
            <ns3:cad>60</ns3:cad>
          </ns3:TrackPointExtension>
        </extensions>
      </trkpt>
      <trkpt lat="29.5303341932594776153564453125" lon="103.32702512852847576141357421875">
        <ele>2819.39990234375</ele>
        <time>2025-07-06T08:38:49.000Z</time>
        <extensions>
          <ns3:TrackPointExtension>
            <ns3:hr>91</ns3:hr>
            <ns3:cad>60</ns3:cad>
          </ns3:TrackPointExtension>
        </extensions>
      </trkpt>
      <trkpt lat="29.53035221435129642486572265625" lon="103.32702110521495342254638671875">
        <ele>2819.199951171875</ele>
        <time>2025-07-06T08:38:50.000Z</time>
        <extensions>
          <ns3:TrackPointExtension>
            <ns3:hr>91</ns3:hr>
            <ns3:cad>53</ns3:cad>
          </ns3:TrackPointExtension>
        </extensions>
      </trkpt>
      <trkpt lat="29.5303596742451190948486328125" lon="103.3270173333585262298583984375">
        <ele>2818.800048828125</ele>
        <time>2025-07-06T08:38:51.000Z</time>
        <extensions>
          <ns3:TrackPointExtension>
            <ns3:hr>91</ns3:hr>
            <ns3:cad>53</ns3:cad>
          </ns3:TrackPointExtension>
        </extensions>
      </trkpt>
      <trkpt lat="29.5303663797676563262939453125" lon="103.32701121456921100616455078125">
        <ele>2818.60009765625</ele>
        <time>2025-07-06T08:38:52.000Z</time>
        <extensions>
          <ns3:TrackPointExtension>
            <ns3:hr>91</ns3:hr>
            <ns3:cad>47</ns3:cad>
          </ns3:TrackPointExtension>
        </extensions>
      </trkpt>
      <trkpt lat="29.53037065453827381134033203125" lon="103.32700249738991260528564453125">
        <ele>2818.199951171875</ele>
        <time>2025-07-06T08:38:53.000Z</time>
        <extensions>
          <ns3:TrackPointExtension>
            <ns3:hr>91</ns3:hr>
            <ns3:cad>0</ns3:cad>
          </ns3:TrackPointExtension>
        </extensions>
      </trkpt>
      <trkpt lat="29.53037752769887447357177734375" lon="103.32699663005769252777099609375">
        <ele>2818</ele>
        <time>2025-07-06T08:38:54.000Z</time>
        <extensions>
          <ns3:TrackPointExtension>
            <ns3:hr>91</ns3:hr>
            <ns3:cad>0</ns3:cad>
          </ns3:TrackPointExtension>
        </extensions>
      </trkpt>
      <trkpt lat="29.53038658015429973602294921875" lon="103.3269895054399967193603515625">
        <ele>2817.60009765625</ele>
        <time>2025-07-06T08:38:55.000Z</time>
        <extensions>
          <ns3:TrackPointExtension>
            <ns3:hr>91</ns3:hr>
            <ns3:cad>0</ns3:cad>
          </ns3:TrackPointExtension>
        </extensions>
      </trkpt>
      <trkpt lat="29.53039429150521755218505859375" lon="103.3269859850406646728515625">
        <ele>2817.199951171875</ele>
        <time>2025-07-06T08:38:56.000Z</time>
        <extensions>
          <ns3:TrackPointExtension>
            <ns3:hr>91</ns3:hr>
            <ns3:cad>0</ns3:cad>
          </ns3:TrackPointExtension>
        </extensions>
      </trkpt>
      <trkpt lat="29.53040300868451595306396484375" lon="103.3269807882606983184814453125">
        <ele>2817</ele>
        <time>2025-07-06T08:38:57.000Z</time>
        <extensions>
          <ns3:TrackPointExtension>
            <ns3:hr>91</ns3:hr>
            <ns3:cad>0</ns3:cad>
          </ns3:TrackPointExtension>
        </extensions>
      </trkpt>
      <trkpt lat="29.53040854074060916900634765625" lon="103.32697249017655849456787109375">
        <ele>2816.60009765625</ele>
        <time>2025-07-06T08:38:58.000Z</time>
        <extensions>
          <ns3:TrackPointExtension>
            <ns3:hr>91</ns3:hr>
            <ns3:cad>0</ns3:cad>
          </ns3:TrackPointExtension>
        </extensions>
      </trkpt>
      <trkpt lat="29.53042547218501567840576171875" lon="103.3269672095775604248046875">
        <ele>2816.39990234375</ele>
        <time>2025-07-06T08:38:59.000Z</time>
        <extensions>
          <ns3:TrackPointExtension>
            <ns3:hr>92</ns3:hr>
            <ns3:cad>0</ns3:cad>
          </ns3:TrackPointExtension>
        </extensions>
      </trkpt>
      <trkpt lat="29.53043586574494838714599609375" lon="103.326960504055023193359375">
        <ele>2816</ele>
        <time>2025-07-06T08:39:00.000Z</time>
        <extensions>
          <ns3:TrackPointExtension>
            <ns3:hr>92</ns3:hr>
            <ns3:cad>0</ns3:cad>
          </ns3:TrackPointExtension>
        </extensions>
      </trkpt>
      <trkpt lat="29.5304528810083866119384765625" lon="103.326958827674388885498046875">
        <ele>2815.60009765625</ele>
        <time>2025-07-06T08:39:01.000Z</time>
        <extensions>
          <ns3:TrackPointExtension>
            <ns3:hr>92</ns3:hr>
            <ns3:cad>61</ns3:cad>
          </ns3:TrackPointExtension>
        </extensions>
      </trkpt>
      <trkpt lat="29.53046654351055622100830078125" lon="103.326954804360866546630859375">
        <ele>2815.199951171875</ele>
        <time>2025-07-06T08:39:02.000Z</time>
        <extensions>
          <ns3:TrackPointExtension>
            <ns3:hr>91</ns3:hr>
            <ns3:cad>61</ns3:cad>
          </ns3:TrackPointExtension>
        </extensions>
      </trkpt>
      <trkpt lat="29.53047760762274265289306640625" lon="103.326947428286075592041015625">
        <ele>2814.800048828125</ele>
        <time>2025-07-06T08:39:03.000Z</time>
        <extensions>
          <ns3:TrackPointExtension>
            <ns3:hr>91</ns3:hr>
            <ns3:cad>61</ns3:cad>
          </ns3:TrackPointExtension>
        </extensions>
      </trkpt>
      <trkpt lat="29.53048598952591419219970703125" lon="103.32694130949676036834716796875">
        <ele>2814.60009765625</ele>
        <time>2025-07-06T08:39:04.000Z</time>
        <extensions>
          <ns3:TrackPointExtension>
            <ns3:hr>92</ns3:hr>
            <ns3:cad>61</ns3:cad>
          </ns3:TrackPointExtension>
        </extensions>
      </trkpt>
      <trkpt lat="29.5304900966584682464599609375" lon="103.32694030366837978363037109375">
        <ele>2814.39990234375</ele>
        <time>2025-07-06T08:39:05.000Z</time>
        <extensions>
          <ns3:TrackPointExtension>
            <ns3:hr>92</ns3:hr>
            <ns3:cad>61</ns3:cad>
          </ns3:TrackPointExtension>
        </extensions>
      </trkpt>
      <trkpt lat="29.53050107695162296295166015625" lon="103.32693628035485744476318359375">
        <ele>2814</ele>
        <time>2025-07-06T08:39:06.000Z</time>
        <extensions>
          <ns3:TrackPointExtension>
            <ns3:hr>92</ns3:hr>
            <ns3:cad>61</ns3:cad>
          </ns3:TrackPointExtension>
        </extensions>
      </trkpt>
      <trkpt lat="29.53050929121673107147216796875" lon="103.326935358345508575439453125">
        <ele>2813.800048828125</ele>
        <time>2025-07-06T08:39:07.000Z</time>
        <extensions>
          <ns3:TrackPointExtension>
            <ns3:hr>91</ns3:hr>
            <ns3:cad>61</ns3:cad>
          </ns3:TrackPointExtension>
        </extensions>
      </trkpt>
      <trkpt lat="29.53051733784377574920654296875" lon="103.32693058066070079803466796875">
        <ele>2813.39990234375</ele>
        <time>2025-07-06T08:39:08.000Z</time>
        <extensions>
          <ns3:TrackPointExtension>
            <ns3:hr>92</ns3:hr>
            <ns3:cad>61</ns3:cad>
          </ns3:TrackPointExtension>
        </extensions>
      </trkpt>
      <trkpt lat="29.5305259712040424346923828125" lon="103.32692630589008331298828125">
        <ele>2813.199951171875</ele>
        <time>2025-07-06T08:39:09.000Z</time>
        <extensions>
          <ns3:TrackPointExtension>
            <ns3:hr>91</ns3:hr>
            <ns3:cad>61</ns3:cad>
          </ns3:TrackPointExtension>
        </extensions>
      </trkpt>
      <trkpt lat="29.5305269770324230194091796875" lon="103.3269217796623706817626953125">
        <ele>2812.800048828125</ele>
        <time>2025-07-06T08:39:10.000Z</time>
        <extensions>
          <ns3:TrackPointExtension>
            <ns3:hr>91</ns3:hr>
            <ns3:cad>61</ns3:cad>
          </ns3:TrackPointExtension>
        </extensions>
      </trkpt>
      <trkpt lat="29.53053091652691364288330078125" lon="103.32692102529108524322509765625">
        <ele>2812.39990234375</ele>
        <time>2025-07-06T08:39:11.000Z</time>
        <extensions>
          <ns3:TrackPointExtension>
            <ns3:hr>91</ns3:hr>
            <ns3:cad>61</ns3:cad>
          </ns3:TrackPointExtension>
        </extensions>
      </trkpt>
      <trkpt lat="29.5305373705923557281494140625" lon="103.32691985182464122772216796875">
        <ele>2812.199951171875</ele>
        <time>2025-07-06T08:39:12.000Z</time>
        <extensions>
          <ns3:TrackPointExtension>
            <ns3:hr>92</ns3:hr>
            <ns3:cad>61</ns3:cad>
          </ns3:TrackPointExtension>
        </extensions>
      </trkpt>
      <trkpt lat="29.5305432379245758056640625" lon="103.32691616378724575042724609375">
        <ele>2811.800048828125</ele>
        <time>2025-07-06T08:39:13.000Z</time>
        <extensions>
          <ns3:TrackPointExtension>
            <ns3:hr>92</ns3:hr>
            <ns3:cad>61</ns3:cad>
          </ns3:TrackPointExtension>
        </extensions>
      </trkpt>
      <trkpt lat="29.530551619827747344970703125" lon="103.32691247574985027313232421875">
        <ele>2811.60009765625</ele>
        <time>2025-07-06T08:39:14.000Z</time>
        <extensions>
          <ns3:TrackPointExtension>
            <ns3:hr>92</ns3:hr>
            <ns3:cad>61</ns3:cad>
          </ns3:TrackPointExtension>
        </extensions>
      </trkpt>
      <trkpt lat="29.53055639751255512237548828125" lon="103.3269066922366619110107421875">
        <ele>2811.199951171875</ele>
        <time>2025-07-06T08:39:15.000Z</time>
        <extensions>
          <ns3:TrackPointExtension>
            <ns3:hr>92</ns3:hr>
            <ns3:cad>61</ns3:cad>
          </ns3:TrackPointExtension>
        </extensions>
      </trkpt>
      <trkpt lat="29.53057064674794673919677734375" lon="103.32690350711345672607421875">
        <ele>2811</ele>
        <time>2025-07-06T08:39:16.000Z</time>
        <extensions>
          <ns3:TrackPointExtension>
            <ns3:hr>91</ns3:hr>
            <ns3:cad>0</ns3:cad>
          </ns3:TrackPointExtension>
        </extensions>
      </trkpt>
      <trkpt lat="29.530582129955291748046875" lon="103.32690007053315639495849609375">
        <ele>2810.800048828125</ele>
        <time>2025-07-06T08:39:17.000Z</time>
        <extensions>
          <ns3:TrackPointExtension>
            <ns3:hr>92</ns3:hr>
            <ns3:cad>0</ns3:cad>
          </ns3:TrackPointExtension>
        </extensions>
      </trkpt>
      <trkpt lat="29.53059813939034938812255859375" lon="103.32689554430544376373291015625">
        <ele>2810.60009765625</ele>
        <time>2025-07-06T08:39:18.000Z</time>
        <extensions>
          <ns3:TrackPointExtension>
            <ns3:hr>92</ns3:hr>
            <ns3:cad>0</ns3:cad>
          </ns3:TrackPointExtension>
        </extensions>
      </trkpt>
      <trkpt lat="29.530612640082836151123046875" lon="103.32689344882965087890625">
        <ele>2810.39990234375</ele>
        <time>2025-07-06T08:39:19.000Z</time>
        <extensions>
          <ns3:TrackPointExtension>
            <ns3:hr>91</ns3:hr>
            <ns3:cad>0</ns3:cad>
          </ns3:TrackPointExtension>
        </extensions>
      </trkpt>
      <trkpt lat="29.5306171663105487823486328125" lon="103.32688917405903339385986328125">
        <ele>2810.199951171875</ele>
        <time>2025-07-06T08:39:20.000Z</time>
        <extensions>
          <ns3:TrackPointExtension>
            <ns3:hr>91</ns3:hr>
            <ns3:cad>0</ns3:cad>
          </ns3:TrackPointExtension>
        </extensions>
      </trkpt>
      <trkpt lat="29.53063585795462131500244140625" lon="103.32688380964100360870361328125">
        <ele>2809.800048828125</ele>
        <time>2025-07-06T08:39:21.000Z</time>
        <extensions>
          <ns3:TrackPointExtension>
            <ns3:hr>91</ns3:hr>
            <ns3:cad>0</ns3:cad>
          </ns3:TrackPointExtension>
        </extensions>
      </trkpt>
      <trkpt lat="29.53064692206680774688720703125" lon="103.32688129507005214691162109375">
        <ele>2809.60009765625</ele>
        <time>2025-07-06T08:39:22.000Z</time>
        <extensions>
          <ns3:TrackPointExtension>
            <ns3:hr>90</ns3:hr>
            <ns3:cad>0</ns3:cad>
          </ns3:TrackPointExtension>
        </extensions>
      </trkpt>
      <trkpt lat="29.53065647743642330169677734375" lon="103.32687693648040294647216796875">
        <ele>2809.39990234375</ele>
        <time>2025-07-06T08:39:23.000Z</time>
        <extensions>
          <ns3:TrackPointExtension>
            <ns3:hr>89</ns3:hr>
            <ns3:cad>0</ns3:cad>
          </ns3:TrackPointExtension>
        </extensions>
      </trkpt>
      <trkpt lat="29.53066888265311717987060546875" lon="103.32687173970043659210205078125">
        <ele>2809</ele>
        <time>2025-07-06T08:39:24.000Z</time>
        <extensions>
          <ns3:TrackPointExtension>
            <ns3:hr>88</ns3:hr>
            <ns3:cad>0</ns3:cad>
          </ns3:TrackPointExtension>
        </extensions>
      </trkpt>
      <trkpt lat="29.53067810274660587310791015625" lon="103.326868303120136260986328125">
        <ele>2808.800048828125</ele>
        <time>2025-07-06T08:39:25.000Z</time>
        <extensions>
          <ns3:TrackPointExtension>
            <ns3:hr>88</ns3:hr>
            <ns3:cad>0</ns3:cad>
          </ns3:TrackPointExtension>
        </extensions>
      </trkpt>
      <trkpt lat="29.5306956209242343902587890625" lon="103.32686536945402622222900390625">
        <ele>2808.39990234375</ele>
        <time>2025-07-06T08:39:26.000Z</time>
        <extensions>
          <ns3:TrackPointExtension>
            <ns3:hr>88</ns3:hr>
            <ns3:cad>0</ns3:cad>
          </ns3:TrackPointExtension>
        </extensions>
      </trkpt>
      <trkpt lat="29.530702494084835052490234375" lon="103.326868973672389984130859375">
        <ele>2808.199951171875</ele>
        <time>2025-07-06T08:39:27.000Z</time>
        <extensions>
          <ns3:TrackPointExtension>
            <ns3:hr>88</ns3:hr>
            <ns3:cad>0</ns3:cad>
          </ns3:TrackPointExtension>
        </extensions>
      </trkpt>
      <trkpt lat="29.53070978634059429168701171875" lon="103.326866962015628814697265625">
        <ele>2807.800048828125</ele>
        <time>2025-07-06T08:39:28.000Z</time>
        <extensions>
          <ns3:TrackPointExtension>
            <ns3:hr>88</ns3:hr>
            <ns3:cad>0</ns3:cad>
          </ns3:TrackPointExtension>
        </extensions>
      </trkpt>
      <trkpt lat="29.53071800060570240020751953125" lon="103.32686419598758220672607421875">
        <ele>2807.60009765625</ele>
        <time>2025-07-06T08:39:29.000Z</time>
        <extensions>
          <ns3:TrackPointExtension>
            <ns3:hr>87</ns3:hr>
            <ns3:cad>0</ns3:cad>
          </ns3:TrackPointExtension>
        </extensions>
      </trkpt>
      <trkpt lat="29.53072453849017620086669921875" lon="103.3268590830266475677490234375">
        <ele>2807.199951171875</ele>
        <time>2025-07-06T08:39:30.000Z</time>
        <extensions>
          <ns3:TrackPointExtension>
            <ns3:hr>88</ns3:hr>
            <ns3:cad>0</ns3:cad>
          </ns3:TrackPointExtension>
        </extensions>
      </trkpt>
      <trkpt lat="29.53073191456496715545654296875" lon="103.32685790956020355224609375">
        <ele>2806.800048828125</ele>
        <time>2025-07-06T08:39:31.000Z</time>
        <extensions>
          <ns3:TrackPointExtension>
            <ns3:hr>88</ns3:hr>
            <ns3:cad>0</ns3:cad>
          </ns3:TrackPointExtension>
        </extensions>
      </trkpt>
      <trkpt lat="29.5307417213916778564453125" lon="103.32685296423733234405517578125">
        <ele>2806.199951171875</ele>
        <time>2025-07-06T08:39:32.000Z</time>
        <extensions>
          <ns3:TrackPointExtension>
            <ns3:hr>89</ns3:hr>
            <ns3:cad>0</ns3:cad>
          </ns3:TrackPointExtension>
        </extensions>
      </trkpt>
      <trkpt lat="29.53074867837131023406982421875" lon="103.3268483541905879974365234375">
        <ele>2805.800048828125</ele>
        <time>2025-07-06T08:39:33.000Z</time>
        <extensions>
          <ns3:TrackPointExtension>
            <ns3:hr>89</ns3:hr>
            <ns3:cad>0</ns3:cad>
          </ns3:TrackPointExtension>
        </extensions>
      </trkpt>
      <trkpt lat="29.5307532884180545806884765625" lon="103.32684181630611419677734375">
        <ele>2805.39990234375</ele>
        <time>2025-07-06T08:39:34.000Z</time>
        <extensions>
          <ns3:TrackPointExtension>
            <ns3:hr>89</ns3:hr>
            <ns3:cad>86</ns3:cad>
          </ns3:TrackPointExtension>
        </extensions>
      </trkpt>
      <trkpt lat="29.53076845966279506683349609375" lon="103.32683435641229152679443359375">
        <ele>2805</ele>
        <time>2025-07-06T08:39:35.000Z</time>
        <extensions>
          <ns3:TrackPointExtension>
            <ns3:hr>89</ns3:hr>
            <ns3:cad>86</ns3:cad>
          </ns3:TrackPointExtension>
        </extensions>
      </trkpt>
      <trkpt lat="29.5307747460901737213134765625" lon="103.3268339373171329498291015625">
        <ele>2804.60009765625</ele>
        <time>2025-07-06T08:39:36.000Z</time>
        <extensions>
          <ns3:TrackPointExtension>
            <ns3:hr>90</ns3:hr>
            <ns3:cad>86</ns3:cad>
          </ns3:TrackPointExtension>
        </extensions>
      </trkpt>
      <trkpt lat="29.5307824574410915374755859375" lon="103.326832093298435211181640625">
        <ele>2804.199951171875</ele>
        <time>2025-07-06T08:39:37.000Z</time>
        <extensions>
          <ns3:TrackPointExtension>
            <ns3:hr>89</ns3:hr>
            <ns3:cad>86</ns3:cad>
          </ns3:TrackPointExtension>
        </extensions>
      </trkpt>
      <trkpt lat="29.53078958205878734588623046875" lon="103.32683050073683261871337890625">
        <ele>2804</ele>
        <time>2025-07-06T08:39:38.000Z</time>
        <extensions>
          <ns3:TrackPointExtension>
            <ns3:hr>89</ns3:hr>
            <ns3:cad>86</ns3:cad>
          </ns3:TrackPointExtension>
        </extensions>
      </trkpt>
      <trkpt lat="29.53080198727548122406005859375" lon="103.32682983018457889556884765625">
        <ele>2803.60009765625</ele>
        <time>2025-07-06T08:39:39.000Z</time>
        <extensions>
          <ns3:TrackPointExtension>
            <ns3:hr>89</ns3:hr>
            <ns3:cad>86</ns3:cad>
          </ns3:TrackPointExtension>
        </extensions>
      </trkpt>
      <trkpt lat="29.5308102853596210479736328125" lon="103.3268372900784015655517578125">
        <ele>2803.199951171875</ele>
        <time>2025-07-06T08:39:40.000Z</time>
        <extensions>
          <ns3:TrackPointExtension>
            <ns3:hr>90</ns3:hr>
            <ns3:cad>86</ns3:cad>
          </ns3:TrackPointExtension>
        </extensions>
      </trkpt>
      <trkpt lat="29.5308163203299045562744140625" lon="103.32684340886771678924560546875">
        <ele>2803</ele>
        <time>2025-07-06T08:39:41.000Z</time>
        <extensions>
          <ns3:TrackPointExtension>
            <ns3:hr>91</ns3:hr>
            <ns3:cad>76</ns3:cad>
          </ns3:TrackPointExtension>
        </extensions>
      </trkpt>
      <trkpt lat="29.5308166556060314178466796875" lon="103.326846174895763397216796875">
        <ele>2802.60009765625</ele>
        <time>2025-07-06T08:39:42.000Z</time>
        <extensions>
          <ns3:TrackPointExtension>
            <ns3:hr>91</ns3:hr>
            <ns3:cad>76</ns3:cad>
          </ns3:TrackPointExtension>
        </extensions>
      </trkpt>
      <trkpt lat="29.53081740997731685638427734375" lon="103.32685883156955242156982421875">
        <ele>2802.199951171875</ele>
        <time>2025-07-06T08:39:43.000Z</time>
        <extensions>
          <ns3:TrackPointExtension>
            <ns3:hr>91</ns3:hr>
            <ns3:cad>76</ns3:cad>
          </ns3:TrackPointExtension>
        </extensions>
      </trkpt>
      <trkpt lat="29.53081690706312656402587890625" lon="103.32686863839626312255859375">
        <ele>2801.800048828125</ele>
        <time>2025-07-06T08:39:44.000Z</time>
        <extensions>
          <ns3:TrackPointExtension>
            <ns3:hr>92</ns3:hr>
            <ns3:cad>76</ns3:cad>
          </ns3:TrackPointExtension>
        </extensions>
      </trkpt>
      <trkpt lat="29.53081774525344371795654296875" lon="103.326879702508449554443359375">
        <ele>2801.39990234375</ele>
        <time>2025-07-06T08:39:45.000Z</time>
        <extensions>
          <ns3:TrackPointExtension>
            <ns3:hr>92</ns3:hr>
            <ns3:cad>76</ns3:cad>
          </ns3:TrackPointExtension>
        </extensions>
      </trkpt>
      <trkpt lat="29.53082243911921977996826171875" lon="103.32688783295452594757080078125">
        <ele>2801.199951171875</ele>
        <time>2025-07-06T08:39:46.000Z</time>
        <extensions>
          <ns3:TrackPointExtension>
            <ns3:hr>93</ns3:hr>
            <ns3:cad>74</ns3:cad>
          </ns3:TrackPointExtension>
        </extensions>
      </trkpt>
      <trkpt lat="29.53082160092890262603759765625" lon="103.32689336501061916351318359375">
        <ele>2800.800048828125</ele>
        <time>2025-07-06T08:39:47.000Z</time>
        <extensions>
          <ns3:TrackPointExtension>
            <ns3:hr>93</ns3:hr>
            <ns3:cad>74</ns3:cad>
          </ns3:TrackPointExtension>
        </extensions>
      </trkpt>
      <trkpt lat="29.53082621097564697265625" lon="103.326909877359867095947265625">
        <ele>2800.60009765625</ele>
        <time>2025-07-06T08:39:48.000Z</time>
        <extensions>
          <ns3:TrackPointExtension>
            <ns3:hr>93</ns3:hr>
            <ns3:cad>74</ns3:cad>
          </ns3:TrackPointExtension>
        </extensions>
      </trkpt>
      <trkpt lat="29.53082688152790069580078125" lon="103.3269214443862438201904296875">
        <ele>2800.199951171875</ele>
        <time>2025-07-06T08:39:49.000Z</time>
        <extensions>
          <ns3:TrackPointExtension>
            <ns3:hr>93</ns3:hr>
            <ns3:cad>74</ns3:cad>
          </ns3:TrackPointExtension>
        </extensions>
      </trkpt>
      <trkpt lat="29.5308277197182178497314453125" lon="103.32693410106003284454345703125">
        <ele>2799.800048828125</ele>
        <time>2025-07-06T08:39:50.000Z</time>
        <extensions>
          <ns3:TrackPointExtension>
            <ns3:hr>93</ns3:hr>
            <ns3:cad>74</ns3:cad>
          </ns3:TrackPointExtension>
        </extensions>
      </trkpt>
      <trkpt lat="29.530829228460788726806640625" lon="103.326944746077060699462890625">
        <ele>2799.39990234375</ele>
        <time>2025-07-06T08:39:51.000Z</time>
        <extensions>
          <ns3:TrackPointExtension>
            <ns3:hr>94</ns3:hr>
            <ns3:cad>74</ns3:cad>
          </ns3:TrackPointExtension>
        </extensions>
      </trkpt>
      <trkpt lat="29.530831910669803619384765625" lon="103.3269556425511837005615234375">
        <ele>2799.39990234375</ele>
        <time>2025-07-06T08:39:52.000Z</time>
        <extensions>
          <ns3:TrackPointExtension>
            <ns3:hr>93</ns3:hr>
            <ns3:cad>74</ns3:cad>
          </ns3:TrackPointExtension>
        </extensions>
      </trkpt>
      <trkpt lat="29.530838616192340850830078125" lon="103.3269636891782283782958984375">
        <ele>2798.800048828125</ele>
        <time>2025-07-06T08:39:53.000Z</time>
        <extensions>
          <ns3:TrackPointExtension>
            <ns3:hr>93</ns3:hr>
            <ns3:cad>74</ns3:cad>
          </ns3:TrackPointExtension>
        </extensions>
      </trkpt>
      <trkpt lat="29.53084322623908519744873046875" lon="103.32696477882564067840576171875">
        <ele>2798.800048828125</ele>
        <time>2025-07-06T08:39:54.000Z</time>
        <extensions>
          <ns3:TrackPointExtension>
            <ns3:hr>94</ns3:hr>
            <ns3:cad>74</ns3:cad>
          </ns3:TrackPointExtension>
        </extensions>
      </trkpt>
      <trkpt lat="29.53085110522806644439697265625" lon="103.326965533196926116943359375">
        <ele>2798.39990234375</ele>
        <time>2025-07-06T08:39:55.000Z</time>
        <extensions>
          <ns3:TrackPointExtension>
            <ns3:hr>94</ns3:hr>
            <ns3:cad>74</ns3:cad>
          </ns3:TrackPointExtension>
        </extensions>
      </trkpt>
      <trkpt lat="29.53086049295961856842041015625" lon="103.3269680477678775787353515625">
        <ele>2798.199951171875</ele>
        <time>2025-07-06T08:39:56.000Z</time>
        <extensions>
          <ns3:TrackPointExtension>
            <ns3:hr>94</ns3:hr>
            <ns3:cad>74</ns3:cad>
          </ns3:TrackPointExtension>
        </extensions>
      </trkpt>
      <trkpt lat="29.53086602501571178436279296875" lon="103.32697198726236820220947265625">
        <ele>2797.800048828125</ele>
        <time>2025-07-06T08:39:57.000Z</time>
        <extensions>
          <ns3:TrackPointExtension>
            <ns3:hr>94</ns3:hr>
            <ns3:cad>74</ns3:cad>
          </ns3:TrackPointExtension>
        </extensions>
      </trkpt>
      <trkpt lat="29.5308719761669635772705078125" lon="103.326975591480731964111328125">
        <ele>2797.39990234375</ele>
        <time>2025-07-06T08:39:58.000Z</time>
        <extensions>
          <ns3:TrackPointExtension>
            <ns3:hr>94</ns3:hr>
            <ns3:cad>75</ns3:cad>
          </ns3:TrackPointExtension>
        </extensions>
      </trkpt>
      <trkpt lat="29.530877172946929931640625" lon="103.32697416655719280242919921875">
        <ele>2797</ele>
        <time>2025-07-06T08:39:59.000Z</time>
        <extensions>
          <ns3:TrackPointExtension>
            <ns3:hr>94</ns3:hr>
            <ns3:cad>75</ns3:cad>
          </ns3:TrackPointExtension>
        </extensions>
      </trkpt>
      <trkpt lat="29.53089502640068531036376953125" lon="103.326974920928478240966796875">
        <ele>2796.800048828125</ele>
        <time>2025-07-06T08:40:00.000Z</time>
        <extensions>
          <ns3:TrackPointExtension>
            <ns3:hr>93</ns3:hr>
            <ns3:cad>75</ns3:cad>
          </ns3:TrackPointExtension>
        </extensions>
      </trkpt>
      <trkpt lat="29.53091413713991641998291015625" lon="103.326986320316791534423828125">
        <ele>2796.39990234375</ele>
        <time>2025-07-06T08:40:01.000Z</time>
        <extensions>
          <ns3:TrackPointExtension>
            <ns3:hr>94</ns3:hr>
            <ns3:cad>75</ns3:cad>
          </ns3:TrackPointExtension>
        </extensions>
      </trkpt>
      <trkpt lat="29.53092268668115139007568359375" lon="103.32699202001094818115234375">
        <ele>2796</ele>
        <time>2025-07-06T08:40:02.000Z</time>
        <extensions>
          <ns3:TrackPointExtension>
            <ns3:hr>93</ns3:hr>
            <ns3:cad>75</ns3:cad>
          </ns3:TrackPointExtension>
        </extensions>
      </trkpt>
      <trkpt lat="29.530936181545257568359375" lon="103.32700140774250030517578125">
        <ele>2795.800048828125</ele>
        <time>2025-07-06T08:40:03.000Z</time>
        <extensions>
          <ns3:TrackPointExtension>
            <ns3:hr>93</ns3:hr>
            <ns3:cad>75</ns3:cad>
          </ns3:TrackPointExtension>
        </extensions>
      </trkpt>
      <trkpt lat="29.5309490896761417388916015625" lon="103.3270089514553546905517578125">
        <ele>2795.60009765625</ele>
        <time>2025-07-06T08:40:04.000Z</time>
        <extensions>
          <ns3:TrackPointExtension>
            <ns3:hr>94</ns3:hr>
            <ns3:cad>75</ns3:cad>
          </ns3:TrackPointExtension>
        </extensions>
      </trkpt>
      <trkpt lat="29.530961997807025909423828125" lon="103.32701272331178188323974609375">
        <ele>2795.39990234375</ele>
        <time>2025-07-06T08:40:05.000Z</time>
        <extensions>
          <ns3:TrackPointExtension>
            <ns3:hr>93</ns3:hr>
            <ns3:cad>75</ns3:cad>
          </ns3:TrackPointExtension>
        </extensions>
      </trkpt>
      <trkpt lat="29.53097465448081493377685546875" lon="103.3270206861197948455810546875">
        <ele>2795.199951171875</ele>
        <time>2025-07-06T08:40:06.000Z</time>
        <extensions>
          <ns3:TrackPointExtension>
            <ns3:hr>93</ns3:hr>
            <ns3:cad>75</ns3:cad>
          </ns3:TrackPointExtension>
        </extensions>
      </trkpt>
      <trkpt lat="29.5309923402965068817138671875" lon="103.32702747546136379241943359375">
        <ele>2794.800048828125</ele>
        <time>2025-07-06T08:40:07.000Z</time>
        <extensions>
          <ns3:TrackPointExtension>
            <ns3:hr>94</ns3:hr>
            <ns3:cad>75</ns3:cad>
          </ns3:TrackPointExtension>
        </extensions>
      </trkpt>
      <trkpt lat="29.53100256621837615966796875" lon="103.32703367806971073150634765625">
        <ele>2794.60009765625</ele>
        <time>2025-07-06T08:40:08.000Z</time>
        <extensions>
          <ns3:TrackPointExtension>
            <ns3:hr>94</ns3:hr>
            <ns3:cad>75</ns3:cad>
          </ns3:TrackPointExtension>
        </extensions>
      </trkpt>
      <trkpt lat="29.53101723454892635345458984375" lon="103.32704021595418453216552734375">
        <ele>2794.199951171875</ele>
        <time>2025-07-06T08:40:09.000Z</time>
        <extensions>
          <ns3:TrackPointExtension>
            <ns3:hr>94</ns3:hr>
            <ns3:cad>75</ns3:cad>
          </ns3:TrackPointExtension>
        </extensions>
      </trkpt>
      <trkpt lat="29.53103232197463512420654296875" lon="103.32705530337989330291748046875">
        <ele>2793.800048828125</ele>
        <time>2025-07-06T08:40:10.000Z</time>
        <extensions>
          <ns3:TrackPointExtension>
            <ns3:hr>95</ns3:hr>
            <ns3:cad>75</ns3:cad>
          </ns3:TrackPointExtension>
        </extensions>
      </trkpt>
      <trkpt lat="29.53104439191520214080810546875" lon="103.3270625956356525421142578125">
        <ele>2793.60009765625</ele>
        <time>2025-07-06T08:40:11.000Z</time>
        <extensions>
          <ns3:TrackPointExtension>
            <ns3:hr>96</ns3:hr>
            <ns3:cad>75</ns3:cad>
          </ns3:TrackPointExtension>
        </extensions>
      </trkpt>
      <trkpt lat="29.53106157481670379638671875" lon="103.3270746655762195587158203125">
        <ele>2793.39990234375</ele>
        <time>2025-07-06T08:40:12.000Z</time>
        <extensions>
          <ns3:TrackPointExtension>
            <ns3:hr>97</ns3:hr>
            <ns3:cad>75</ns3:cad>
          </ns3:TrackPointExtension>
        </extensions>
      </trkpt>
      <trkpt lat="29.53106702305376529693603515625" lon="103.32707743160426616668701171875">
        <ele>2793.199951171875</ele>
        <time>2025-07-06T08:40:13.000Z</time>
        <extensions>
          <ns3:TrackPointExtension>
            <ns3:hr>98</ns3:hr>
            <ns3:cad>75</ns3:cad>
          </ns3:TrackPointExtension>
        </extensions>
      </trkpt>
      <trkpt lat="29.53107423149049282073974609375" lon="103.327084891498088836669921875">
        <ele>2793</ele>
        <time>2025-07-06T08:40:14.000Z</time>
        <extensions>
          <ns3:TrackPointExtension>
            <ns3:hr>99</ns3:hr>
            <ns3:cad>75</ns3:cad>
          </ns3:TrackPointExtension>
        </extensions>
      </trkpt>
      <trkpt lat="29.5310872234404087066650390625" lon="103.3270914293825626373291015625">
        <ele>2792.800048828125</ele>
        <time>2025-07-06T08:40:15.000Z</time>
        <extensions>
          <ns3:TrackPointExtension>
            <ns3:hr>100</ns3:hr>
            <ns3:cad>75</ns3:cad>
          </ns3:TrackPointExtension>
        </extensions>
      </trkpt>
      <trkpt lat="29.53109317459166049957275390625" lon="103.32709738053381443023681640625">
        <ele>2792.39990234375</ele>
        <time>2025-07-06T08:40:16.000Z</time>
        <extensions>
          <ns3:TrackPointExtension>
            <ns3:hr>101</ns3:hr>
            <ns3:cad>75</ns3:cad>
          </ns3:TrackPointExtension>
        </extensions>
      </trkpt>
      <trkpt lat="29.5311049930751323699951171875" lon="103.327100984752178192138671875">
        <ele>2792</ele>
        <time>2025-07-06T08:40:17.000Z</time>
        <extensions>
          <ns3:TrackPointExtension>
            <ns3:hr>102</ns3:hr>
            <ns3:cad>75</ns3:cad>
          </ns3:TrackPointExtension>
        </extensions>
      </trkpt>
      <trkpt lat="29.5311172306537628173828125" lon="103.3271066844463348388671875">
        <ele>2791.60009765625</ele>
        <time>2025-07-06T08:40:18.000Z</time>
        <extensions>
          <ns3:TrackPointExtension>
            <ns3:hr>103</ns3:hr>
            <ns3:cad>75</ns3:cad>
          </ns3:TrackPointExtension>
        </extensions>
      </trkpt>
      <trkpt lat="29.53112737275660037994384765625" lon="103.3271093666553497314453125">
        <ele>2791</ele>
        <time>2025-07-06T08:40:19.000Z</time>
        <extensions>
          <ns3:TrackPointExtension>
            <ns3:hr>104</ns3:hr>
            <ns3:cad>75</ns3:cad>
          </ns3:TrackPointExtension>
        </extensions>
      </trkpt>
      <trkpt lat="29.53113977797329425811767578125" lon="103.32711095921695232391357421875">
        <ele>2790.60009765625</ele>
        <time>2025-07-06T08:40:20.000Z</time>
        <extensions>
          <ns3:TrackPointExtension>
            <ns3:hr>105</ns3:hr>
            <ns3:cad>75</ns3:cad>
          </ns3:TrackPointExtension>
        </extensions>
      </trkpt>
      <trkpt lat="29.53114966861903667449951171875" lon="103.327112384140491485595703125">
        <ele>2790.39990234375</ele>
        <time>2025-07-06T08:40:21.000Z</time>
        <extensions>
          <ns3:TrackPointExtension>
            <ns3:hr>107</ns3:hr>
            <ns3:cad>75</ns3:cad>
          </ns3:TrackPointExtension>
        </extensions>
      </trkpt>
      <trkpt lat="29.53116123564541339874267578125" lon="103.32711548544466495513916015625">
        <ele>2790</ele>
        <time>2025-07-06T08:40:22.000Z</time>
        <extensions>
          <ns3:TrackPointExtension>
            <ns3:hr>108</ns3:hr>
            <ns3:cad>75</ns3:cad>
          </ns3:TrackPointExtension>
        </extensions>
      </trkpt>
      <trkpt lat="29.53116727061569690704345703125" lon="103.327121771872043609619140625">
        <ele>2789.800048828125</ele>
        <time>2025-07-06T08:40:23.000Z</time>
        <extensions>
          <ns3:TrackPointExtension>
            <ns3:hr>108</ns3:hr>
            <ns3:cad>75</ns3:cad>
          </ns3:TrackPointExtension>
        </extensions>
      </trkpt>
      <trkpt lat="29.53117288649082183837890625" lon="103.32713283598423004150390625">
        <ele>2789.39990234375</ele>
        <time>2025-07-06T08:40:24.000Z</time>
        <extensions>
          <ns3:TrackPointExtension>
            <ns3:hr>109</ns3:hr>
            <ns3:cad>75</ns3:cad>
          </ns3:TrackPointExtension>
        </extensions>
      </trkpt>
      <trkpt lat="29.5311748981475830078125" lon="103.32714490592479705810546875">
        <ele>2789.199951171875</ele>
        <time>2025-07-06T08:40:25.000Z</time>
        <extensions>
          <ns3:TrackPointExtension>
            <ns3:hr>109</ns3:hr>
            <ns3:cad>75</ns3:cad>
          </ns3:TrackPointExtension>
        </extensions>
      </trkpt>
      <trkpt lat="29.531175233423709869384765625" lon="103.32715085707604885101318359375">
        <ele>2788.800048828125</ele>
        <time>2025-07-06T08:40:26.000Z</time>
        <extensions>
          <ns3:TrackPointExtension>
            <ns3:hr>109</ns3:hr>
            <ns3:cad>45</ns3:cad>
          </ns3:TrackPointExtension>
        </extensions>
      </trkpt>
      <trkpt lat="29.53117833472788333892822265625" lon="103.32716946490108966827392578125">
        <ele>2788.39990234375</ele>
        <time>2025-07-06T08:40:27.000Z</time>
        <extensions>
          <ns3:TrackPointExtension>
            <ns3:hr>110</ns3:hr>
            <ns3:cad>45</ns3:cad>
          </ns3:TrackPointExtension>
        </extensions>
      </trkpt>
      <trkpt lat="29.53118219040334224700927734375" lon="103.32717902027070522308349609375">
        <ele>2788.199951171875</ele>
        <time>2025-07-06T08:40:28.000Z</time>
        <extensions>
          <ns3:TrackPointExtension>
            <ns3:hr>110</ns3:hr>
            <ns3:cad>82</ns3:cad>
          </ns3:TrackPointExtension>
        </extensions>
      </trkpt>
      <trkpt lat="29.531185962259769439697265625" lon="103.32719041965901851654052734375">
        <ele>2787.800048828125</ele>
        <time>2025-07-06T08:40:29.000Z</time>
        <extensions>
          <ns3:TrackPointExtension>
            <ns3:hr>110</ns3:hr>
            <ns3:cad>82</ns3:cad>
          </ns3:TrackPointExtension>
        </extensions>
      </trkpt>
      <trkpt lat="29.53119191341102123260498046875" lon="103.3272007293999195098876953125">
        <ele>2787.39990234375</ele>
        <time>2025-07-06T08:40:30.000Z</time>
        <extensions>
          <ns3:TrackPointExtension>
            <ns3:hr>110</ns3:hr>
            <ns3:cad>82</ns3:cad>
          </ns3:TrackPointExtension>
        </extensions>
      </trkpt>
      <trkpt lat="29.531194008886814117431640625" lon="103.32720869220793247222900390625">
        <ele>2787.199951171875</ele>
        <time>2025-07-06T08:40:31.000Z</time>
        <extensions>
          <ns3:TrackPointExtension>
            <ns3:hr>109</ns3:hr>
            <ns3:cad>82</ns3:cad>
          </ns3:TrackPointExtension>
        </extensions>
      </trkpt>
      <trkpt lat="29.5311945118010044097900390625" lon="103.32721891812980175018310546875">
        <ele>2786.800048828125</ele>
        <time>2025-07-06T08:40:32.000Z</time>
        <extensions>
          <ns3:TrackPointExtension>
            <ns3:hr>110</ns3:hr>
            <ns3:cad>82</ns3:cad>
          </ns3:TrackPointExtension>
        </extensions>
      </trkpt>
      <trkpt lat="29.53119811601936817169189453125" lon="103.327227719128131866455078125">
        <ele>2786.39990234375</ele>
        <time>2025-07-06T08:40:33.000Z</time>
        <extensions>
          <ns3:TrackPointExtension>
            <ns3:hr>109</ns3:hr>
            <ns3:cad>82</ns3:cad>
          </ns3:TrackPointExtension>
        </extensions>
      </trkpt>
      <trkpt lat="29.5311998762190341949462890625" lon="103.32723677158355712890625">
        <ele>2786</ele>
        <time>2025-07-06T08:40:34.000Z</time>
        <extensions>
          <ns3:TrackPointExtension>
            <ns3:hr>109</ns3:hr>
            <ns3:cad>82</ns3:cad>
          </ns3:TrackPointExtension>
        </extensions>
      </trkpt>
      <trkpt lat="29.53120130114257335662841796875" lon="103.3272476680576801300048828125">
        <ele>2785.60009765625</ele>
        <time>2025-07-06T08:40:35.000Z</time>
        <extensions>
          <ns3:TrackPointExtension>
            <ns3:hr>109</ns3:hr>
            <ns3:cad>82</ns3:cad>
          </ns3:TrackPointExtension>
        </extensions>
      </trkpt>
      <trkpt lat="29.53120666556060314178466796875" lon="103.3272604085505008697509765625">
        <ele>2785.39990234375</ele>
        <time>2025-07-06T08:40:36.000Z</time>
        <extensions>
          <ns3:TrackPointExtension>
            <ns3:hr>110</ns3:hr>
            <ns3:cad>82</ns3:cad>
          </ns3:TrackPointExtension>
        </extensions>
      </trkpt>
      <trkpt lat="29.5312072522938251495361328125" lon="103.327275998890399932861328125">
        <ele>2785</ele>
        <time>2025-07-06T08:40:37.000Z</time>
        <extensions>
          <ns3:TrackPointExtension>
            <ns3:hr>109</ns3:hr>
            <ns3:cad>82</ns3:cad>
          </ns3:TrackPointExtension>
        </extensions>
      </trkpt>
      <trkpt lat="29.53120733611285686492919921875" lon="103.32728982903063297271728515625">
        <ele>2784.60009765625</ele>
        <time>2025-07-06T08:40:38.000Z</time>
        <extensions>
          <ns3:TrackPointExtension>
            <ns3:hr>109</ns3:hr>
            <ns3:cad>82</ns3:cad>
          </ns3:TrackPointExtension>
        </extensions>
      </trkpt>
      <trkpt lat="29.5312055759131908416748046875" lon="103.32730424590408802032470703125">
        <ele>2784.39990234375</ele>
        <time>2025-07-06T08:40:39.000Z</time>
        <extensions>
          <ns3:TrackPointExtension>
            <ns3:hr>110</ns3:hr>
            <ns3:cad>82</ns3:cad>
          </ns3:TrackPointExtension>
        </extensions>
      </trkpt>
      <trkpt lat="29.531202055513858795166015625" lon="103.3273207582533359527587890625">
        <ele>2784</ele>
        <time>2025-07-06T08:40:40.000Z</time>
        <extensions>
          <ns3:TrackPointExtension>
            <ns3:hr>109</ns3:hr>
            <ns3:cad>82</ns3:cad>
          </ns3:TrackPointExtension>
        </extensions>
      </trkpt>
      <trkpt lat="29.53119962476193904876708984375" lon="103.32733131945133209228515625">
        <ele>2783.60009765625</ele>
        <time>2025-07-06T08:40:41.000Z</time>
        <extensions>
          <ns3:TrackPointExtension>
            <ns3:hr>109</ns3:hr>
            <ns3:cad>82</ns3:cad>
          </ns3:TrackPointExtension>
        </extensions>
      </trkpt>
      <trkpt lat="29.53120314516127109527587890625" lon="103.3273405395448207855224609375">
        <ele>2783.199951171875</ele>
        <time>2025-07-06T08:40:42.000Z</time>
        <extensions>
          <ns3:TrackPointExtension>
            <ns3:hr>109</ns3:hr>
            <ns3:cad>82</ns3:cad>
          </ns3:TrackPointExtension>
        </extensions>
      </trkpt>
      <trkpt lat="29.53120532445609569549560546875" lon="103.32735101692378520965576171875">
        <ele>2783</ele>
        <time>2025-07-06T08:40:43.000Z</time>
        <extensions>
          <ns3:TrackPointExtension>
            <ns3:hr>109</ns3:hr>
            <ns3:cad>82</ns3:cad>
          </ns3:TrackPointExtension>
        </extensions>
      </trkpt>
      <trkpt lat="29.5312057435512542724609375" lon="103.327357135713100433349609375">
        <ele>2782.60009765625</ele>
        <time>2025-07-06T08:40:44.000Z</time>
        <extensions>
          <ns3:TrackPointExtension>
            <ns3:hr>109</ns3:hr>
            <ns3:cad>82</ns3:cad>
          </ns3:TrackPointExtension>
        </extensions>
      </trkpt>
      <trkpt lat="29.531206749379634857177734375" lon="103.32735621370375156402587890625">
        <ele>2782.199951171875</ele>
        <time>2025-07-06T08:40:45.000Z</time>
        <extensions>
          <ns3:TrackPointExtension>
            <ns3:hr>109</ns3:hr>
            <ns3:cad>0</ns3:cad>
          </ns3:TrackPointExtension>
        </extensions>
      </trkpt>
      <trkpt lat="29.5312057435512542724609375" lon="103.32735411822795867919921875">
        <ele>2782</ele>
        <time>2025-07-06T08:40:46.000Z</time>
        <extensions>
          <ns3:TrackPointExtension>
            <ns3:hr>109</ns3:hr>
            <ns3:cad>0</ns3:cad>
          </ns3:TrackPointExtension>
        </extensions>
      </trkpt>
      <trkpt lat="29.531206749379634857177734375" lon="103.327353782951831817626953125">
        <ele>2781.60009765625</ele>
        <time>2025-07-06T08:40:47.000Z</time>
        <extensions>
          <ns3:TrackPointExtension>
            <ns3:hr>109</ns3:hr>
            <ns3:cad>0</ns3:cad>
          </ns3:TrackPointExtension>
        </extensions>
      </trkpt>
      <trkpt lat="29.5312069170176982879638671875" lon="103.327355124056339263916015625">
        <ele>2781.199951171875</ele>
        <time>2025-07-06T08:40:48.000Z</time>
        <extensions>
          <ns3:TrackPointExtension>
            <ns3:hr>109</ns3:hr>
            <ns3:cad>0</ns3:cad>
          </ns3:TrackPointExtension>
        </extensions>
      </trkpt>
      <trkpt lat="29.53120431862771511077880859375" lon="103.32736141048371791839599609375">
        <ele>2781</ele>
        <time>2025-07-06T08:40:49.000Z</time>
        <extensions>
          <ns3:TrackPointExtension>
            <ns3:hr>109</ns3:hr>
            <ns3:cad>0</ns3:cad>
          </ns3:TrackPointExtension>
        </extensions>
      </trkpt>
      <trkpt lat="29.53120565973222255706787109375" lon="103.3273744024336338043212890625">
        <ele>2780.60009765625</ele>
        <time>2025-07-06T08:40:50.000Z</time>
        <extensions>
          <ns3:TrackPointExtension>
            <ns3:hr>108</ns3:hr>
            <ns3:cad>0</ns3:cad>
          </ns3:TrackPointExtension>
        </extensions>
      </trkpt>
      <trkpt lat="29.53120381571352481842041015625" lon="103.3273963630199432373046875">
        <ele>2780.199951171875</ele>
        <time>2025-07-06T08:40:51.000Z</time>
        <extensions>
          <ns3:TrackPointExtension>
            <ns3:hr>108</ns3:hr>
            <ns3:cad>0</ns3:cad>
          </ns3:TrackPointExtension>
        </extensions>
      </trkpt>
      <trkpt lat="29.53120507299900054931640625" lon="103.3274062536656856536865234375">
        <ele>2779.800048828125</ele>
        <time>2025-07-06T08:40:52.000Z</time>
        <extensions>
          <ns3:TrackPointExtension>
            <ns3:hr>107</ns3:hr>
            <ns3:cad>78</ns3:cad>
          </ns3:TrackPointExtension>
        </extensions>
      </trkpt>
      <trkpt lat="29.5312052406370639801025390625" lon="103.3274109475314617156982421875">
        <ele>2779.39990234375</ele>
        <time>2025-07-06T08:40:53.000Z</time>
        <extensions>
          <ns3:TrackPointExtension>
            <ns3:hr>107</ns3:hr>
            <ns3:cad>78</ns3:cad>
          </ns3:TrackPointExtension>
        </extensions>
      </trkpt>
      <trkpt lat="29.53120381571352481842041015625" lon="103.3274132944643497467041015625">
        <ele>2779.199951171875</ele>
        <time>2025-07-06T08:40:54.000Z</time>
        <extensions>
          <ns3:TrackPointExtension>
            <ns3:hr>107</ns3:hr>
            <ns3:cad>76</ns3:cad>
          </ns3:TrackPointExtension>
        </extensions>
      </trkpt>
      <trkpt lat="29.531201384961605072021484375" lon="103.3274196647107601165771484375">
        <ele>2778.800048828125</ele>
        <time>2025-07-06T08:40:55.000Z</time>
        <extensions>
          <ns3:TrackPointExtension>
            <ns3:hr>107</ns3:hr>
            <ns3:cad>76</ns3:cad>
          </ns3:TrackPointExtension>
        </extensions>
      </trkpt>
      <trkpt lat="29.53120280988514423370361328125" lon="103.32742494530975818634033203125">
        <ele>2778.60009765625</ele>
        <time>2025-07-06T08:40:56.000Z</time>
        <extensions>
          <ns3:TrackPointExtension>
            <ns3:hr>107</ns3:hr>
            <ns3:cad>76</ns3:cad>
          </ns3:TrackPointExtension>
        </extensions>
      </trkpt>
      <trkpt lat="29.53120482154190540313720703125" lon="103.3274300582706928253173828125">
        <ele>2778.39990234375</ele>
        <time>2025-07-06T08:40:57.000Z</time>
        <extensions>
          <ns3:TrackPointExtension>
            <ns3:hr>107</ns3:hr>
            <ns3:cad>76</ns3:cad>
          </ns3:TrackPointExtension>
        </extensions>
      </trkpt>
      <trkpt lat="29.53120616264641284942626953125" lon="103.327437601983547210693359375">
        <ele>2778.199951171875</ele>
        <time>2025-07-06T08:40:58.000Z</time>
        <extensions>
          <ns3:TrackPointExtension>
            <ns3:hr>107</ns3:hr>
            <ns3:cad>76</ns3:cad>
          </ns3:TrackPointExtension>
        </extensions>
      </trkpt>
      <trkpt lat="29.53120582737028598785400390625" lon="103.32744757644832134246826171875">
        <ele>2778.199951171875</ele>
        <time>2025-07-06T08:40:59.000Z</time>
        <extensions>
          <ns3:TrackPointExtension>
            <ns3:hr>106</ns3:hr>
            <ns3:cad>76</ns3:cad>
          </ns3:TrackPointExtension>
        </extensions>
      </trkpt>
      <trkpt lat="29.53120465390384197235107421875" lon="103.3274572156369686126708984375">
        <ele>2778</ele>
        <time>2025-07-06T08:41:00.000Z</time>
        <extensions>
          <ns3:TrackPointExtension>
            <ns3:hr>106</ns3:hr>
            <ns3:cad>0</ns3:cad>
          </ns3:TrackPointExtension>
        </extensions>
      </trkpt>
      <trkpt lat="29.53120716847479343414306640625" lon="103.32746132276952266693115234375">
        <ele>2777.800048828125</ele>
        <time>2025-07-06T08:41:01.000Z</time>
        <extensions>
          <ns3:TrackPointExtension>
            <ns3:hr>105</ns3:hr>
            <ns3:cad>0</ns3:cad>
          </ns3:TrackPointExtension>
        </extensions>
      </trkpt>
      <trkpt lat="29.53120716847479343414306640625" lon="103.32746140658855438232421875">
        <ele>2777.60009765625</ele>
        <time>2025-07-06T08:41:02.000Z</time>
        <extensions>
          <ns3:TrackPointExtension>
            <ns3:hr>105</ns3:hr>
            <ns3:cad>0</ns3:cad>
          </ns3:TrackPointExtension>
        </extensions>
      </trkpt>
      <trkpt lat="29.5312089286744594573974609375" lon="103.32747079432010650634765625">
        <ele>2777.199951171875</ele>
        <time>2025-07-06T08:41:03.000Z</time>
        <extensions>
          <ns3:TrackPointExtension>
            <ns3:hr>105</ns3:hr>
            <ns3:cad>70</ns3:cad>
          </ns3:TrackPointExtension>
        </extensions>
      </trkpt>
      <trkpt lat="29.53121068887412548065185546875" lon="103.32747959531843662261962890625">
        <ele>2777</ele>
        <time>2025-07-06T08:41:04.000Z</time>
        <extensions>
          <ns3:TrackPointExtension>
            <ns3:hr>105</ns3:hr>
            <ns3:cad>70</ns3:cad>
          </ns3:TrackPointExtension>
        </extensions>
      </trkpt>
      <trkpt lat="29.531214125454425811767578125" lon="103.3274910785257816314697265625">
        <ele>2776.800048828125</ele>
        <time>2025-07-06T08:41:05.000Z</time>
        <extensions>
          <ns3:TrackPointExtension>
            <ns3:hr>105</ns3:hr>
            <ns3:cad>64</ns3:cad>
          </ns3:TrackPointExtension>
        </extensions>
      </trkpt>
      <trkpt lat="29.53121873550117015838623046875" lon="103.3275009691715240478515625">
        <ele>2776.60009765625</ele>
        <time>2025-07-06T08:41:06.000Z</time>
        <extensions>
          <ns3:TrackPointExtension>
            <ns3:hr>104</ns3:hr>
            <ns3:cad>64</ns3:cad>
          </ns3:TrackPointExtension>
        </extensions>
      </trkpt>
      <trkpt lat="29.5312230102717876434326171875" lon="103.32751127891242504119873046875">
        <ele>2776.39990234375</ele>
        <time>2025-07-06T08:41:07.000Z</time>
        <extensions>
          <ns3:TrackPointExtension>
            <ns3:hr>104</ns3:hr>
            <ns3:cad>66</ns3:cad>
          </ns3:TrackPointExtension>
        </extensions>
      </trkpt>
      <trkpt lat="29.53122711740434169769287109375" lon="103.32752980291843414306640625">
        <ele>2776</ele>
        <time>2025-07-06T08:41:08.000Z</time>
        <extensions>
          <ns3:TrackPointExtension>
            <ns3:hr>104</ns3:hr>
            <ns3:cad>66</ns3:cad>
          </ns3:TrackPointExtension>
        </extensions>
      </trkpt>
      <trkpt lat="29.53122376464307308197021484375" lon="103.327539525926113128662109375">
        <ele>2776</ele>
        <time>2025-07-06T08:41:09.000Z</time>
        <extensions>
          <ns3:TrackPointExtension>
            <ns3:hr>104</ns3:hr>
            <ns3:cad>66</ns3:cad>
          </ns3:TrackPointExtension>
        </extensions>
      </trkpt>
      <trkpt lat="29.53122158534824848175048828125" lon="103.32755436189472675323486328125">
        <ele>2775.60009765625</ele>
        <time>2025-07-06T08:41:10.000Z</time>
        <extensions>
          <ns3:TrackPointExtension>
            <ns3:hr>103</ns3:hr>
            <ns3:cad>66</ns3:cad>
          </ns3:TrackPointExtension>
        </extensions>
      </trkpt>
      <trkpt lat="29.53121940605342388153076171875" lon="103.32755863666534423828125">
        <ele>2775.39990234375</ele>
        <time>2025-07-06T08:41:11.000Z</time>
        <extensions>
          <ns3:TrackPointExtension>
            <ns3:hr>103</ns3:hr>
            <ns3:cad>64</ns3:cad>
          </ns3:TrackPointExtension>
        </extensions>
      </trkpt>
      <trkpt lat="29.5312199927866458892822265625" lon="103.3275680243968963623046875">
        <ele>2775.199951171875</ele>
        <time>2025-07-06T08:41:12.000Z</time>
        <extensions>
          <ns3:TrackPointExtension>
            <ns3:hr>103</ns3:hr>
            <ns3:cad>64</ns3:cad>
          </ns3:TrackPointExtension>
        </extensions>
      </trkpt>
      <trkpt lat="29.53121990896761417388916015625" lon="103.32757330499589443206787109375">
        <ele>2775</ele>
        <time>2025-07-06T08:41:13.000Z</time>
        <extensions>
          <ns3:TrackPointExtension>
            <ns3:hr>103</ns3:hr>
            <ns3:cad>64</ns3:cad>
          </ns3:TrackPointExtension>
        </extensions>
      </trkpt>
      <trkpt lat="29.53121990896761417388916015625" lon="103.32758671604096889495849609375">
        <ele>2774.800048828125</ele>
        <time>2025-07-06T08:41:14.000Z</time>
        <extensions>
          <ns3:TrackPointExtension>
            <ns3:hr>103</ns3:hr>
            <ns3:cad>64</ns3:cad>
          </ns3:TrackPointExtension>
        </extensions>
      </trkpt>
      <trkpt lat="29.531219489872455596923828125" lon="103.32759819924831390380859375">
        <ele>2774.39990234375</ele>
        <time>2025-07-06T08:41:15.000Z</time>
        <extensions>
          <ns3:TrackPointExtension>
            <ns3:hr>102</ns3:hr>
            <ns3:cad>64</ns3:cad>
          </ns3:TrackPointExtension>
        </extensions>
      </trkpt>
      <trkpt lat="29.53121672384440898895263671875" lon="103.3276044018566608428955078125">
        <ele>2774.199951171875</ele>
        <time>2025-07-06T08:41:16.000Z</time>
        <extensions>
          <ns3:TrackPointExtension>
            <ns3:hr>102</ns3:hr>
            <ns3:cad>64</ns3:cad>
          </ns3:TrackPointExtension>
        </extensions>
      </trkpt>
      <trkpt lat="29.53122007660567760467529296875" lon="103.32761437632143497467041015625">
        <ele>2773.800048828125</ele>
        <time>2025-07-06T08:41:17.000Z</time>
        <extensions>
          <ns3:TrackPointExtension>
            <ns3:hr>102</ns3:hr>
            <ns3:cad>64</ns3:cad>
          </ns3:TrackPointExtension>
        </extensions>
      </trkpt>
      <trkpt lat="29.5312206633388996124267578125" lon="103.32762963138520717620849609375">
        <ele>2773.60009765625</ele>
        <time>2025-07-06T08:41:18.000Z</time>
        <extensions>
          <ns3:TrackPointExtension>
            <ns3:hr>102</ns3:hr>
            <ns3:cad>71</ns3:cad>
          </ns3:TrackPointExtension>
        </extensions>
      </trkpt>
      <trkpt lat="29.53122259117662906646728515625" lon="103.3276511728763580322265625">
        <ele>2773.199951171875</ele>
        <time>2025-07-06T08:41:19.000Z</time>
        <extensions>
          <ns3:TrackPointExtension>
            <ns3:hr>101</ns3:hr>
            <ns3:cad>75</ns3:cad>
          </ns3:TrackPointExtension>
        </extensions>
      </trkpt>
      <trkpt lat="29.53122292645275592803955078125" lon="103.3276660926640033721923828125">
        <ele>2773</ele>
        <time>2025-07-06T08:41:20.000Z</time>
        <extensions>
          <ns3:TrackPointExtension>
            <ns3:hr>101</ns3:hr>
            <ns3:cad>75</ns3:cad>
          </ns3:TrackPointExtension>
        </extensions>
      </trkpt>
      <trkpt lat="29.5312240161001682281494140625" lon="103.327676989138126373291015625">
        <ele>2772.60009765625</ele>
        <time>2025-07-06T08:41:21.000Z</time>
        <extensions>
          <ns3:TrackPointExtension>
            <ns3:hr>101</ns3:hr>
            <ns3:cad>75</ns3:cad>
          </ns3:TrackPointExtension>
        </extensions>
      </trkpt>
      <trkpt lat="29.5312250219285488128662109375" lon="103.3276892267167568206787109375">
        <ele>2772.39990234375</ele>
        <time>2025-07-06T08:41:22.000Z</time>
        <extensions>
          <ns3:TrackPointExtension>
            <ns3:hr>101</ns3:hr>
            <ns3:cad>75</ns3:cad>
          </ns3:TrackPointExtension>
        </extensions>
      </trkpt>
      <trkpt lat="29.53123164363205432891845703125" lon="103.327694423496723175048828125">
        <ele>2772.199951171875</ele>
        <time>2025-07-06T08:41:23.000Z</time>
        <extensions>
          <ns3:TrackPointExtension>
            <ns3:hr>101</ns3:hr>
            <ns3:cad>75</ns3:cad>
          </ns3:TrackPointExtension>
        </extensions>
      </trkpt>
      <trkpt lat="29.53123717568814754486083984375" lon="103.3277034759521484375">
        <ele>2772</ele>
        <time>2025-07-06T08:41:24.000Z</time>
        <extensions>
          <ns3:TrackPointExtension>
            <ns3:hr>101</ns3:hr>
            <ns3:cad>75</ns3:cad>
          </ns3:TrackPointExtension>
        </extensions>
      </trkpt>
      <trkpt lat="29.53124186955392360687255859375" lon="103.32771177403628826141357421875">
        <ele>2771.800048828125</ele>
        <time>2025-07-06T08:41:25.000Z</time>
        <extensions>
          <ns3:TrackPointExtension>
            <ns3:hr>101</ns3:hr>
            <ns3:cad>75</ns3:cad>
          </ns3:TrackPointExtension>
        </extensions>
      </trkpt>
      <trkpt lat="29.5312380976974964141845703125" lon="103.3277274481952190399169921875">
        <ele>2771.60009765625</ele>
        <time>2025-07-06T08:41:26.000Z</time>
        <extensions>
          <ns3:TrackPointExtension>
            <ns3:hr>102</ns3:hr>
            <ns3:cad>75</ns3:cad>
          </ns3:TrackPointExtension>
        </extensions>
      </trkpt>
      <trkpt lat="29.531236588954925537109375" lon="103.3277462236583232879638671875">
        <ele>2771.39990234375</ele>
        <time>2025-07-06T08:41:27.000Z</time>
        <extensions>
          <ns3:TrackPointExtension>
            <ns3:hr>102</ns3:hr>
            <ns3:cad>75</ns3:cad>
          </ns3:TrackPointExtension>
        </extensions>
      </trkpt>
      <trkpt lat="29.53123591840267181396484375" lon="103.3277616463601589202880859375">
        <ele>2771</ele>
        <time>2025-07-06T08:41:28.000Z</time>
        <extensions>
          <ns3:TrackPointExtension>
            <ns3:hr>102</ns3:hr>
            <ns3:cad>75</ns3:cad>
          </ns3:TrackPointExtension>
        </extensions>
      </trkpt>
      <trkpt lat="29.5312360860407352447509765625" lon="103.32777145318686962127685546875">
        <ele>2770.800048828125</ele>
        <time>2025-07-06T08:41:29.000Z</time>
        <extensions>
          <ns3:TrackPointExtension>
            <ns3:hr>102</ns3:hr>
            <ns3:cad>0</ns3:cad>
          </ns3:TrackPointExtension>
        </extensions>
      </trkpt>
      <trkpt lat="29.53123650513589382171630859375" lon="103.3277881331741809844970703125">
        <ele>2770.39990234375</ele>
        <time>2025-07-06T08:41:30.000Z</time>
        <extensions>
          <ns3:TrackPointExtension>
            <ns3:hr>101</ns3:hr>
            <ns3:cad>0</ns3:cad>
          </ns3:TrackPointExtension>
        </extensions>
      </trkpt>
      <trkpt lat="29.5312404446303844451904296875" lon="103.32779408432543277740478515625">
        <ele>2770.199951171875</ele>
        <time>2025-07-06T08:41:31.000Z</time>
        <extensions>
          <ns3:TrackPointExtension>
            <ns3:hr>101</ns3:hr>
            <ns3:cad>0</ns3:cad>
          </ns3:TrackPointExtension>
        </extensions>
      </trkpt>
      <trkpt lat="29.53124388121068477630615234375" lon="103.32780280150473117828369140625">
        <ele>2769.800048828125</ele>
        <time>2025-07-06T08:41:32.000Z</time>
        <extensions>
          <ns3:TrackPointExtension>
            <ns3:hr>101</ns3:hr>
            <ns3:cad>0</ns3:cad>
          </ns3:TrackPointExtension>
        </extensions>
      </trkpt>
      <trkpt lat="29.53124907799065113067626953125" lon="103.327816464006900787353515625">
        <ele>2769.39990234375</ele>
        <time>2025-07-06T08:41:33.000Z</time>
        <extensions>
          <ns3:TrackPointExtension>
            <ns3:hr>100</ns3:hr>
            <ns3:cad>0</ns3:cad>
          </ns3:TrackPointExtension>
        </extensions>
      </trkpt>
      <trkpt lat="29.53124958090484142303466796875" lon="103.327825851738452911376953125">
        <ele>2769</ele>
        <time>2025-07-06T08:41:34.000Z</time>
        <extensions>
          <ns3:TrackPointExtension>
            <ns3:hr>100</ns3:hr>
            <ns3:cad>0</ns3:cad>
          </ns3:TrackPointExtension>
        </extensions>
      </trkpt>
      <trkpt lat="29.5312538556754589080810546875" lon="103.32783448509871959686279296875">
        <ele>2768.800048828125</ele>
        <time>2025-07-06T08:41:35.000Z</time>
        <extensions>
          <ns3:TrackPointExtension>
            <ns3:hr>100</ns3:hr>
            <ns3:cad>0</ns3:cad>
          </ns3:TrackPointExtension>
        </extensions>
      </trkpt>
      <trkpt lat="29.53125444240868091583251953125" lon="103.3278416097164154052734375">
        <ele>2768.39990234375</ele>
        <time>2025-07-06T08:41:36.000Z</time>
        <extensions>
          <ns3:TrackPointExtension>
            <ns3:hr>100</ns3:hr>
            <ns3:cad>0</ns3:cad>
          </ns3:TrackPointExtension>
        </extensions>
      </trkpt>
      <trkpt lat="29.53125427477061748504638671875" lon="103.32785158418118953704833984375">
        <ele>2768</ele>
        <time>2025-07-06T08:41:37.000Z</time>
        <extensions>
          <ns3:TrackPointExtension>
            <ns3:hr>100</ns3:hr>
            <ns3:cad>0</ns3:cad>
          </ns3:TrackPointExtension>
        </extensions>
      </trkpt>
      <trkpt lat="29.5312592200934886932373046875" lon="103.32786432467401027679443359375">
        <ele>2767.60009765625</ele>
        <time>2025-07-06T08:41:38.000Z</time>
        <extensions>
          <ns3:TrackPointExtension>
            <ns3:hr>100</ns3:hr>
            <ns3:cad>0</ns3:cad>
          </ns3:TrackPointExtension>
        </extensions>
      </trkpt>
      <trkpt lat="29.53126014210283756256103515625" lon="103.32787555642426013946533203125">
        <ele>2767.39990234375</ele>
        <time>2025-07-06T08:41:39.000Z</time>
        <extensions>
          <ns3:TrackPointExtension>
            <ns3:hr>100</ns3:hr>
            <ns3:cad>0</ns3:cad>
          </ns3:TrackPointExtension>
        </extensions>
      </trkpt>
      <trkpt lat="29.53125829808413982391357421875" lon="103.327891565859317779541015625">
        <ele>2767</ele>
        <time>2025-07-06T08:41:40.000Z</time>
        <extensions>
          <ns3:TrackPointExtension>
            <ns3:hr>100</ns3:hr>
            <ns3:cad>88</ns3:cad>
          </ns3:TrackPointExtension>
        </extensions>
      </trkpt>
      <trkpt lat="29.53125796280801296234130859375" lon="103.32789994776248931884765625">
        <ele>2766.800048828125</ele>
        <time>2025-07-06T08:41:41.000Z</time>
        <extensions>
          <ns3:TrackPointExtension>
            <ns3:hr>101</ns3:hr>
            <ns3:cad>88</ns3:cad>
          </ns3:TrackPointExtension>
        </extensions>
      </trkpt>
      <trkpt lat="29.5312602259218692779541015625" lon="103.3279098384082317352294921875">
        <ele>2766.39990234375</ele>
        <time>2025-07-06T08:41:42.000Z</time>
        <extensions>
          <ns3:TrackPointExtension>
            <ns3:hr>101</ns3:hr>
            <ns3:cad>88</ns3:cad>
          </ns3:TrackPointExtension>
        </extensions>
      </trkpt>
      <trkpt lat="29.5312649197876453399658203125" lon="103.327920399606227874755859375">
        <ele>2766.199951171875</ele>
        <time>2025-07-06T08:41:43.000Z</time>
        <extensions>
          <ns3:TrackPointExtension>
            <ns3:hr>101</ns3:hr>
            <ns3:cad>88</ns3:cad>
          </ns3:TrackPointExtension>
        </extensions>
      </trkpt>
      <trkpt lat="29.53126408159732818603515625" lon="103.32793205045163631439208984375">
        <ele>2765.800048828125</ele>
        <time>2025-07-06T08:41:44.000Z</time>
        <extensions>
          <ns3:TrackPointExtension>
            <ns3:hr>100</ns3:hr>
            <ns3:cad>88</ns3:cad>
          </ns3:TrackPointExtension>
        </extensions>
      </trkpt>
      <trkpt lat="29.53126399777829647064208984375" lon="103.3279433660209178924560546875">
        <ele>2765.60009765625</ele>
        <time>2025-07-06T08:41:45.000Z</time>
        <extensions>
          <ns3:TrackPointExtension>
            <ns3:hr>103</ns3:hr>
            <ns3:cad>88</ns3:cad>
          </ns3:TrackPointExtension>
        </extensions>
      </trkpt>
      <trkpt lat="29.5312625728547573089599609375" lon="103.32795049063861370086669921875">
        <ele>2765.39990234375</ele>
        <time>2025-07-06T08:41:46.000Z</time>
        <extensions>
          <ns3:TrackPointExtension>
            <ns3:hr>104</ns3:hr>
            <ns3:cad>88</ns3:cad>
          </ns3:TrackPointExtension>
        </extensions>
      </trkpt>
      <trkpt lat="29.5312612317502498626708984375" lon="103.3279618062078952789306640625">
        <ele>2765.199951171875</ele>
        <time>2025-07-06T08:41:47.000Z</time>
        <extensions>
          <ns3:TrackPointExtension>
            <ns3:hr>104</ns3:hr>
            <ns3:cad>88</ns3:cad>
          </ns3:TrackPointExtension>
        </extensions>
      </trkpt>
      <trkpt lat="29.53126030974090099334716796875" lon="103.3279738761484622955322265625">
        <ele>2765</ele>
        <time>2025-07-06T08:41:48.000Z</time>
        <extensions>
          <ns3:TrackPointExtension>
            <ns3:hr>104</ns3:hr>
            <ns3:cad>88</ns3:cad>
          </ns3:TrackPointExtension>
        </extensions>
      </trkpt>
      <trkpt lat="29.5312528498470783233642578125" lon="103.3279892988502979278564453125">
        <ele>2764.800048828125</ele>
        <time>2025-07-06T08:41:49.000Z</time>
        <extensions>
          <ns3:TrackPointExtension>
            <ns3:hr>104</ns3:hr>
            <ns3:cad>88</ns3:cad>
          </ns3:TrackPointExtension>
        </extensions>
      </trkpt>
      <trkpt lat="29.5312528498470783233642578125" lon="103.328001201152801513671875">
        <ele>2764.60009765625</ele>
        <time>2025-07-06T08:41:50.000Z</time>
        <extensions>
          <ns3:TrackPointExtension>
            <ns3:hr>104</ns3:hr>
            <ns3:cad>88</ns3:cad>
          </ns3:TrackPointExtension>
        </extensions>
      </trkpt>
      <trkpt lat="29.5312458090484142303466796875" lon="103.328025676310062408447265625">
        <ele>2764.39990234375</ele>
        <time>2025-07-06T08:41:51.000Z</time>
        <extensions>
          <ns3:TrackPointExtension>
            <ns3:hr>104</ns3:hr>
            <ns3:cad>88</ns3:cad>
          </ns3:TrackPointExtension>
        </extensions>
      </trkpt>
      <trkpt lat="29.53124471940100193023681640625" lon="103.32804503850638866424560546875">
        <ele>2764.199951171875</ele>
        <time>2025-07-06T08:41:52.000Z</time>
        <extensions>
          <ns3:TrackPointExtension>
            <ns3:hr>104</ns3:hr>
            <ns3:cad>88</ns3:cad>
          </ns3:TrackPointExtension>
        </extensions>
      </trkpt>
      <trkpt lat="29.53124321065843105316162109375" lon="103.3280669152736663818359375">
        <ele>2764</ele>
        <time>2025-07-06T08:41:53.000Z</time>
        <extensions>
          <ns3:TrackPointExtension>
            <ns3:hr>104</ns3:hr>
            <ns3:cad>88</ns3:cad>
          </ns3:TrackPointExtension>
        </extensions>
      </trkpt>
      <trkpt lat="29.5312417857348918914794921875" lon="103.32807957194745540618896484375">
        <ele>2763.60009765625</ele>
        <time>2025-07-06T08:41:54.000Z</time>
        <extensions>
          <ns3:TrackPointExtension>
            <ns3:hr>104</ns3:hr>
            <ns3:cad>88</ns3:cad>
          </ns3:TrackPointExtension>
        </extensions>
      </trkpt>
      <trkpt lat="29.53123901970684528350830078125" lon="103.32809918560087680816650390625">
        <ele>2763.39990234375</ele>
        <time>2025-07-06T08:41:55.000Z</time>
        <extensions>
          <ns3:TrackPointExtension>
            <ns3:hr>104</ns3:hr>
            <ns3:cad>88</ns3:cad>
          </ns3:TrackPointExtension>
        </extensions>
      </trkpt>
      <trkpt lat="29.53124438412487506866455078125" lon="103.3281096629798412322998046875">
        <ele>2763.199951171875</ele>
        <time>2025-07-06T08:41:56.000Z</time>
        <extensions>
          <ns3:TrackPointExtension>
            <ns3:hr>104</ns3:hr>
            <ns3:cad>88</ns3:cad>
          </ns3:TrackPointExtension>
        </extensions>
      </trkpt>
      <trkpt lat="29.5312459766864776611328125" lon="103.32812299020588397979736328125">
        <ele>2763.199951171875</ele>
        <time>2025-07-06T08:41:57.000Z</time>
        <extensions>
          <ns3:TrackPointExtension>
            <ns3:hr>105</ns3:hr>
            <ns3:cad>88</ns3:cad>
          </ns3:TrackPointExtension>
        </extensions>
      </trkpt>
      <trkpt lat="29.531248323619365692138671875" lon="103.3281374908983707427978515625">
        <ele>2763</ele>
        <time>2025-07-06T08:41:58.000Z</time>
        <extensions>
          <ns3:TrackPointExtension>
            <ns3:hr>105</ns3:hr>
            <ns3:cad>88</ns3:cad>
          </ns3:TrackPointExtension>
        </extensions>
      </trkpt>
      <trkpt lat="29.53125360421836376190185546875" lon="103.32814612425863742828369140625">
        <ele>2762.800048828125</ele>
        <time>2025-07-06T08:41:59.000Z</time>
        <extensions>
          <ns3:TrackPointExtension>
            <ns3:hr>105</ns3:hr>
            <ns3:cad>80</ns3:cad>
          </ns3:TrackPointExtension>
        </extensions>
      </trkpt>
      <trkpt lat="29.53125796280801296234130859375" lon="103.3281586132943630218505859375">
        <ele>2762.60009765625</ele>
        <time>2025-07-06T08:42:00.000Z</time>
        <extensions>
          <ns3:TrackPointExtension>
            <ns3:hr>105</ns3:hr>
            <ns3:cad>80</ns3:cad>
          </ns3:TrackPointExtension>
        </extensions>
      </trkpt>
      <trkpt lat="29.5312612317502498626708984375" lon="103.32817680202424526214599609375">
        <ele>2762.39990234375</ele>
        <time>2025-07-06T08:42:01.000Z</time>
        <extensions>
          <ns3:TrackPointExtension>
            <ns3:hr>105</ns3:hr>
            <ns3:cad>73</ns3:cad>
          </ns3:TrackPointExtension>
        </extensions>
      </trkpt>
      <trkpt lat="29.531255699694156646728515625" lon="103.32819993607699871063232421875">
        <ele>2762.199951171875</ele>
        <time>2025-07-06T08:42:02.000Z</time>
        <extensions>
          <ns3:TrackPointExtension>
            <ns3:hr>106</ns3:hr>
            <ns3:cad>73</ns3:cad>
          </ns3:TrackPointExtension>
        </extensions>
      </trkpt>
      <trkpt lat="29.5312515087425708770751953125" lon="103.3282159455120563507080078125">
        <ele>2762</ele>
        <time>2025-07-06T08:42:03.000Z</time>
        <extensions>
          <ns3:TrackPointExtension>
            <ns3:hr>106</ns3:hr>
            <ns3:cad>73</ns3:cad>
          </ns3:TrackPointExtension>
        </extensions>
      </trkpt>
      <trkpt lat="29.53124798834323883056640625" lon="103.3282340504229068756103515625">
        <ele>2762</ele>
        <time>2025-07-06T08:42:04.000Z</time>
        <extensions>
          <ns3:TrackPointExtension>
            <ns3:hr>106</ns3:hr>
            <ns3:cad>73</ns3:cad>
          </ns3:TrackPointExtension>
        </extensions>
      </trkpt>
      <trkpt lat="29.531248994171619415283203125" lon="103.32824536599218845367431640625">
        <ele>2762</ele>
        <time>2025-07-06T08:42:05.000Z</time>
        <extensions>
          <ns3:TrackPointExtension>
            <ns3:hr>106</ns3:hr>
            <ns3:cad>73</ns3:cad>
          </ns3:TrackPointExtension>
        </extensions>
      </trkpt>
      <trkpt lat="29.5312508381903171539306640625" lon="103.32825743593275547027587890625">
        <ele>2761.800048828125</ele>
        <time>2025-07-06T08:42:06.000Z</time>
        <extensions>
          <ns3:TrackPointExtension>
            <ns3:hr>106</ns3:hr>
            <ns3:cad>66</ns3:cad>
          </ns3:TrackPointExtension>
        </extensions>
      </trkpt>
      <trkpt lat="29.53124857507646083831787109375" lon="103.32827185280621051788330078125">
        <ele>2761.800048828125</ele>
        <time>2025-07-06T08:42:07.000Z</time>
        <extensions>
          <ns3:TrackPointExtension>
            <ns3:hr>105</ns3:hr>
            <ns3:cad>66</ns3:cad>
          </ns3:TrackPointExtension>
        </extensions>
      </trkpt>
      <trkpt lat="29.531239606440067291259765625" lon="103.3282873593270778656005859375">
        <ele>2761.800048828125</ele>
        <time>2025-07-06T08:42:08.000Z</time>
        <extensions>
          <ns3:TrackPointExtension>
            <ns3:hr>105</ns3:hr>
            <ns3:cad>66</ns3:cad>
          </ns3:TrackPointExtension>
        </extensions>
      </trkpt>
      <trkpt lat="29.53123399056494235992431640625" lon="103.328304626047611236572265625">
        <ele>2761.60009765625</ele>
        <time>2025-07-06T08:42:09.000Z</time>
        <extensions>
          <ns3:TrackPointExtension>
            <ns3:hr>105</ns3:hr>
            <ns3:cad>66</ns3:cad>
          </ns3:TrackPointExtension>
        </extensions>
      </trkpt>
      <trkpt lat="29.53122762031853199005126953125" lon="103.328317701816558837890625">
        <ele>2761.60009765625</ele>
        <time>2025-07-06T08:42:10.000Z</time>
        <extensions>
          <ns3:TrackPointExtension>
            <ns3:hr>105</ns3:hr>
            <ns3:cad>66</ns3:cad>
          </ns3:TrackPointExtension>
        </extensions>
      </trkpt>
      <trkpt lat="29.53123365528881549835205078125" lon="103.3283289335668087005615234375">
        <ele>2761.60009765625</ele>
        <time>2025-07-06T08:42:11.000Z</time>
        <extensions>
          <ns3:TrackPointExtension>
            <ns3:hr>105</ns3:hr>
            <ns3:cad>66</ns3:cad>
          </ns3:TrackPointExtension>
        </extensions>
      </trkpt>
      <trkpt lat="29.5312340743839740753173828125" lon="103.32833806984126567840576171875">
        <ele>2761.60009765625</ele>
        <time>2025-07-06T08:42:12.000Z</time>
        <extensions>
          <ns3:TrackPointExtension>
            <ns3:hr>104</ns3:hr>
            <ns3:cad>66</ns3:cad>
          </ns3:TrackPointExtension>
        </extensions>
      </trkpt>
      <trkpt lat="29.5312360860407352447509765625" lon="103.32834997214376926422119140625">
        <ele>2761.60009765625</ele>
        <time>2025-07-06T08:42:13.000Z</time>
        <extensions>
          <ns3:TrackPointExtension>
            <ns3:hr>104</ns3:hr>
            <ns3:cad>66</ns3:cad>
          </ns3:TrackPointExtension>
        </extensions>
      </trkpt>
      <trkpt lat="29.53123055398464202880859375" lon="103.3283668197691440582275390625">
        <ele>2761.60009765625</ele>
        <time>2025-07-06T08:42:14.000Z</time>
        <extensions>
          <ns3:TrackPointExtension>
            <ns3:hr>104</ns3:hr>
            <ns3:cad>65</ns3:cad>
          </ns3:TrackPointExtension>
        </extensions>
      </trkpt>
      <trkpt lat="29.531222842633724212646484375" lon="103.32838919945061206817626953125">
        <ele>2761.39990234375</ele>
        <time>2025-07-06T08:42:15.000Z</time>
        <extensions>
          <ns3:TrackPointExtension>
            <ns3:hr>103</ns3:hr>
            <ns3:cad>65</ns3:cad>
          </ns3:TrackPointExtension>
        </extensions>
      </trkpt>
      <trkpt lat="29.53121571801602840423583984375" lon="103.32840763963758945465087890625">
        <ele>2761.199951171875</ele>
        <time>2025-07-06T08:42:16.000Z</time>
        <extensions>
          <ns3:TrackPointExtension>
            <ns3:hr>103</ns3:hr>
            <ns3:cad>65</ns3:cad>
          </ns3:TrackPointExtension>
        </extensions>
      </trkpt>
      <trkpt lat="29.53120733611285686492919921875" lon="103.32842339761555194854736328125">
        <ele>2761.199951171875</ele>
        <time>2025-07-06T08:42:17.000Z</time>
        <extensions>
          <ns3:TrackPointExtension>
            <ns3:hr>103</ns3:hr>
            <ns3:cad>65</ns3:cad>
          </ns3:TrackPointExtension>
        </extensions>
      </trkpt>
      <trkpt lat="29.53120239078998565673828125" lon="103.32843764685094356536865234375">
        <ele>2761</ele>
        <time>2025-07-06T08:42:18.000Z</time>
        <extensions>
          <ns3:TrackPointExtension>
            <ns3:hr>102</ns3:hr>
            <ns3:cad>65</ns3:cad>
          </ns3:TrackPointExtension>
        </extensions>
      </trkpt>
      <trkpt lat="29.53119610436260700225830078125" lon="103.32844871096312999725341796875">
        <ele>2761</ele>
        <time>2025-07-06T08:42:19.000Z</time>
        <extensions>
          <ns3:TrackPointExtension>
            <ns3:hr>101</ns3:hr>
            <ns3:cad>65</ns3:cad>
          </ns3:TrackPointExtension>
        </extensions>
      </trkpt>
      <trkpt lat="29.53119090758264064788818359375" lon="103.3284611999988555908203125">
        <ele>2760.800048828125</ele>
        <time>2025-07-06T08:42:20.000Z</time>
        <extensions>
          <ns3:TrackPointExtension>
            <ns3:hr>101</ns3:hr>
            <ns3:cad>65</ns3:cad>
          </ns3:TrackPointExtension>
        </extensions>
      </trkpt>
      <trkpt lat="29.531182609498500823974609375" lon="103.32847662270069122314453125">
        <ele>2760.800048828125</ele>
        <time>2025-07-06T08:42:21.000Z</time>
        <extensions>
          <ns3:TrackPointExtension>
            <ns3:hr>101</ns3:hr>
            <ns3:cad>65</ns3:cad>
          </ns3:TrackPointExtension>
        </extensions>
      </trkpt>
      <trkpt lat="29.5311747305095195770263671875" lon="103.32849430851638317108154296875">
        <ele>2760.800048828125</ele>
        <time>2025-07-06T08:42:22.000Z</time>
        <extensions>
          <ns3:TrackPointExtension>
            <ns3:hr>100</ns3:hr>
            <ns3:cad>65</ns3:cad>
          </ns3:TrackPointExtension>
        </extensions>
      </trkpt>
      <trkpt lat="29.531169869005680084228515625" lon="103.32850612699985504150390625">
        <ele>2760.60009765625</ele>
        <time>2025-07-06T08:42:23.000Z</time>
        <extensions>
          <ns3:TrackPointExtension>
            <ns3:hr>100</ns3:hr>
            <ns3:cad>65</ns3:cad>
          </ns3:TrackPointExtension>
        </extensions>
      </trkpt>
      <trkpt lat="29.5311697013676166534423828125" lon="103.32851123996078968048095703125">
        <ele>2760.39990234375</ele>
        <time>2025-07-06T08:42:24.000Z</time>
        <extensions>
          <ns3:TrackPointExtension>
            <ns3:hr>99</ns3:hr>
            <ns3:cad>43</ns3:cad>
          </ns3:TrackPointExtension>
        </extensions>
      </trkpt>
      <trkpt lat="29.53116961754858493804931640625" lon="103.328523226082324981689453125">
        <ele>2760.199951171875</ele>
        <time>2025-07-06T08:42:25.000Z</time>
        <extensions>
          <ns3:TrackPointExtension>
            <ns3:hr>99</ns3:hr>
            <ns3:cad>43</ns3:cad>
          </ns3:TrackPointExtension>
        </extensions>
      </trkpt>
      <trkpt lat="29.53116525895893573760986328125" lon="103.328537307679653167724609375">
        <ele>2760</ele>
        <time>2025-07-06T08:42:26.000Z</time>
        <extensions>
          <ns3:TrackPointExtension>
            <ns3:hr>99</ns3:hr>
            <ns3:cad>43</ns3:cad>
          </ns3:TrackPointExtension>
        </extensions>
      </trkpt>
      <trkpt lat="29.5311650075018405914306640625" lon="103.32854426465928554534912109375">
        <ele>2759.800048828125</ele>
        <time>2025-07-06T08:42:27.000Z</time>
        <extensions>
          <ns3:TrackPointExtension>
            <ns3:hr>99</ns3:hr>
            <ns3:cad>43</ns3:cad>
          </ns3:TrackPointExtension>
        </extensions>
      </trkpt>
      <trkpt lat="29.53116492368280887603759765625" lon="103.3285495452582836151123046875">
        <ele>2759.39990234375</ele>
        <time>2025-07-06T08:42:28.000Z</time>
        <extensions>
          <ns3:TrackPointExtension>
            <ns3:hr>99</ns3:hr>
            <ns3:cad>43</ns3:cad>
          </ns3:TrackPointExtension>
        </extensions>
      </trkpt>
      <trkpt lat="29.5311633311212062835693359375" lon="103.32855516113340854644775390625">
        <ele>2759</ele>
        <time>2025-07-06T08:42:29.000Z</time>
        <extensions>
          <ns3:TrackPointExtension>
            <ns3:hr>98</ns3:hr>
            <ns3:cad>43</ns3:cad>
          </ns3:TrackPointExtension>
        </extensions>
      </trkpt>
      <trkpt lat="29.53116240911185741424560546875" lon="103.328560106456279754638671875">
        <ele>2758.800048828125</ele>
        <time>2025-07-06T08:42:30.000Z</time>
        <extensions>
          <ns3:TrackPointExtension>
            <ns3:hr>98</ns3:hr>
            <ns3:cad>43</ns3:cad>
          </ns3:TrackPointExtension>
        </extensions>
      </trkpt>
      <trkpt lat="29.53115805052220821380615234375" lon="103.32857460714876651763916015625">
        <ele>2758.39990234375</ele>
        <time>2025-07-06T08:42:31.000Z</time>
        <extensions>
          <ns3:TrackPointExtension>
            <ns3:hr>98</ns3:hr>
            <ns3:cad>43</ns3:cad>
          </ns3:TrackPointExtension>
        </extensions>
      </trkpt>
      <trkpt lat="29.53115888871252536773681640625" lon="103.32858583889901638031005859375">
        <ele>2758.199951171875</ele>
        <time>2025-07-06T08:42:32.000Z</time>
        <extensions>
          <ns3:TrackPointExtension>
            <ns3:hr>98</ns3:hr>
            <ns3:cad>43</ns3:cad>
          </ns3:TrackPointExtension>
        </extensions>
      </trkpt>
      <trkpt lat="29.5311574637889862060546875" lon="103.328592963516712188720703125">
        <ele>2758</ele>
        <time>2025-07-06T08:42:33.000Z</time>
        <extensions>
          <ns3:TrackPointExtension>
            <ns3:hr>98</ns3:hr>
            <ns3:cad>43</ns3:cad>
          </ns3:TrackPointExtension>
        </extensions>
      </trkpt>
      <trkpt lat="29.53115670941770076751708984375" lon="103.32860126160085201263427734375">
        <ele>2758</ele>
        <time>2025-07-06T08:42:34.000Z</time>
        <extensions>
          <ns3:TrackPointExtension>
            <ns3:hr>98</ns3:hr>
            <ns3:cad>43</ns3:cad>
          </ns3:TrackPointExtension>
        </extensions>
      </trkpt>
      <trkpt lat="29.53115385957062244415283203125" lon="103.3286092244088649749755859375">
        <ele>2757.800048828125</ele>
        <time>2025-07-06T08:42:35.000Z</time>
        <extensions>
          <ns3:TrackPointExtension>
            <ns3:hr>98</ns3:hr>
            <ns3:cad>43</ns3:cad>
          </ns3:TrackPointExtension>
        </extensions>
      </trkpt>
      <trkpt lat="29.53115142881870269775390625" lon="103.32862204872071743011474609375">
        <ele>2757.39990234375</ele>
        <time>2025-07-06T08:42:36.000Z</time>
        <extensions>
          <ns3:TrackPointExtension>
            <ns3:hr>98</ns3:hr>
            <ns3:cad>69</ns3:cad>
          </ns3:TrackPointExtension>
        </extensions>
      </trkpt>
      <trkpt lat="29.53114648349583148956298828125" lon="103.3286293409764766693115234375">
        <ele>2757.199951171875</ele>
        <time>2025-07-06T08:42:37.000Z</time>
        <extensions>
          <ns3:TrackPointExtension>
            <ns3:hr>98</ns3:hr>
            <ns3:cad>69</ns3:cad>
          </ns3:TrackPointExtension>
        </extensions>
      </trkpt>
      <trkpt lat="29.531144388020038604736328125" lon="103.32863244228065013885498046875">
        <ele>2757</ele>
        <time>2025-07-06T08:42:38.000Z</time>
        <extensions>
          <ns3:TrackPointExtension>
            <ns3:hr>98</ns3:hr>
            <ns3:cad>69</ns3:cad>
          </ns3:TrackPointExtension>
        </extensions>
      </trkpt>
      <trkpt lat="29.53114128671586513519287109375" lon="103.3286457695066928863525390625">
        <ele>2756.60009765625</ele>
        <time>2025-07-06T08:42:39.000Z</time>
        <extensions>
          <ns3:TrackPointExtension>
            <ns3:hr>98</ns3:hr>
            <ns3:cad>69</ns3:cad>
          </ns3:TrackPointExtension>
        </extensions>
      </trkpt>
      <trkpt lat="29.53114078380167484283447265625" lon="103.3286575041711330413818359375">
        <ele>2756.39990234375</ele>
        <time>2025-07-06T08:42:40.000Z</time>
        <extensions>
          <ns3:TrackPointExtension>
            <ns3:hr>97</ns3:hr>
            <ns3:cad>69</ns3:cad>
          </ns3:TrackPointExtension>
        </extensions>
      </trkpt>
      <trkpt lat="29.5311344973742961883544921875" lon="103.32866848446428775787353515625">
        <ele>2756.199951171875</ele>
        <time>2025-07-06T08:42:41.000Z</time>
        <extensions>
          <ns3:TrackPointExtension>
            <ns3:hr>97</ns3:hr>
            <ns3:cad>69</ns3:cad>
          </ns3:TrackPointExtension>
        </extensions>
      </trkpt>
      <trkpt lat="29.53113189898431301116943359375" lon="103.32867770455777645111083984375">
        <ele>2756</ele>
        <time>2025-07-06T08:42:42.000Z</time>
        <extensions>
          <ns3:TrackPointExtension>
            <ns3:hr>97</ns3:hr>
            <ns3:cad>69</ns3:cad>
          </ns3:TrackPointExtension>
        </extensions>
      </trkpt>
      <trkpt lat="29.531129300594329833984375" lon="103.32868524827063083648681640625">
        <ele>2755.800048828125</ele>
        <time>2025-07-06T08:42:43.000Z</time>
        <extensions>
          <ns3:TrackPointExtension>
            <ns3:hr>97</ns3:hr>
            <ns3:cad>69</ns3:cad>
          </ns3:TrackPointExtension>
        </extensions>
      </trkpt>
      <trkpt lat="29.5311261154711246490478515625" lon="103.3286947198212146759033203125">
        <ele>2755.39990234375</ele>
        <time>2025-07-06T08:42:44.000Z</time>
        <extensions>
          <ns3:TrackPointExtension>
            <ns3:hr>96</ns3:hr>
            <ns3:cad>69</ns3:cad>
          </ns3:TrackPointExtension>
        </extensions>
      </trkpt>
      <trkpt lat="29.5311237685382366180419921875" lon="103.32870234735310077667236328125">
        <ele>2755.199951171875</ele>
        <time>2025-07-06T08:42:45.000Z</time>
        <extensions>
          <ns3:TrackPointExtension>
            <ns3:hr>96</ns3:hr>
            <ns3:cad>69</ns3:cad>
          </ns3:TrackPointExtension>
        </extensions>
      </trkpt>
      <trkpt lat="29.53111563809216022491455078125" lon="103.32871223799884319305419921875">
        <ele>2754.800048828125</ele>
        <time>2025-07-06T08:42:46.000Z</time>
        <extensions>
          <ns3:TrackPointExtension>
            <ns3:hr>95</ns3:hr>
            <ns3:cad>68</ns3:cad>
          </ns3:TrackPointExtension>
        </extensions>
      </trkpt>
      <trkpt lat="29.53111178241670131683349609375" lon="103.32872338593006134033203125">
        <ele>2754.60009765625</ele>
        <time>2025-07-06T08:42:47.000Z</time>
        <extensions>
          <ns3:TrackPointExtension>
            <ns3:hr>94</ns3:hr>
            <ns3:cad>68</ns3:cad>
          </ns3:TrackPointExtension>
        </extensions>
      </trkpt>
      <trkpt lat="29.53110541217029094696044921875" lon="103.3287372998893260955810546875">
        <ele>2754.39990234375</ele>
        <time>2025-07-06T08:42:48.000Z</time>
        <extensions>
          <ns3:TrackPointExtension>
            <ns3:hr>93</ns3:hr>
            <ns3:cad>68</ns3:cad>
          </ns3:TrackPointExtension>
        </extensions>
      </trkpt>
      <trkpt lat="29.53110071830451488494873046875" lon="103.32875297404825687408447265625">
        <ele>2754</ele>
        <time>2025-07-06T08:42:49.000Z</time>
        <extensions>
          <ns3:TrackPointExtension>
            <ns3:hr>93</ns3:hr>
            <ns3:cad>68</ns3:cad>
          </ns3:TrackPointExtension>
        </extensions>
      </trkpt>
      <trkpt lat="29.53109568916261196136474609375" lon="103.32876001484692096710205078125">
        <ele>2753.60009765625</ele>
        <time>2025-07-06T08:42:50.000Z</time>
        <extensions>
          <ns3:TrackPointExtension>
            <ns3:hr>93</ns3:hr>
            <ns3:cad>88</ns3:cad>
          </ns3:TrackPointExtension>
        </extensions>
      </trkpt>
      <trkpt lat="29.53109334222972393035888671875" lon="103.3287681452929973602294921875">
        <ele>2753.39990234375</ele>
        <time>2025-07-06T08:42:51.000Z</time>
        <extensions>
          <ns3:TrackPointExtension>
            <ns3:hr>93</ns3:hr>
            <ns3:cad>88</ns3:cad>
          </ns3:TrackPointExtension>
        </extensions>
      </trkpt>
      <trkpt lat="29.5310878939926624298095703125" lon="103.32877962850034236907958984375">
        <ele>2753</ele>
        <time>2025-07-06T08:42:52.000Z</time>
        <extensions>
          <ns3:TrackPointExtension>
            <ns3:hr>93</ns3:hr>
            <ns3:cad>88</ns3:cad>
          </ns3:TrackPointExtension>
        </extensions>
      </trkpt>
      <trkpt lat="29.531087391078472137451171875" lon="103.328792117536067962646484375">
        <ele>2752.60009765625</ele>
        <time>2025-07-06T08:42:53.000Z</time>
        <extensions>
          <ns3:TrackPointExtension>
            <ns3:hr>93</ns3:hr>
            <ns3:cad>79</ns3:cad>
          </ns3:TrackPointExtension>
        </extensions>
      </trkpt>
      <trkpt lat="29.53108529560267925262451171875" lon="103.32880276255309581756591796875">
        <ele>2752.199951171875</ele>
        <time>2025-07-06T08:42:54.000Z</time>
        <extensions>
          <ns3:TrackPointExtension>
            <ns3:hr>92</ns3:hr>
            <ns3:cad>79</ns3:cad>
          </ns3:TrackPointExtension>
        </extensions>
      </trkpt>
      <trkpt lat="29.53108345158398151397705078125" lon="103.32881215028464794158935546875">
        <ele>2752</ele>
        <time>2025-07-06T08:42:55.000Z</time>
        <extensions>
          <ns3:TrackPointExtension>
            <ns3:hr>92</ns3:hr>
            <ns3:cad>65</ns3:cad>
          </ns3:TrackPointExtension>
        </extensions>
      </trkpt>
      <trkpt lat="29.531084038317203521728515625" lon="103.3288268186151981353759765625">
        <ele>2751.800048828125</ele>
        <time>2025-07-06T08:42:56.000Z</time>
        <extensions>
          <ns3:TrackPointExtension>
            <ns3:hr>92</ns3:hr>
            <ns3:cad>65</ns3:cad>
          </ns3:TrackPointExtension>
        </extensions>
      </trkpt>
      <trkpt lat="29.53108244575560092926025390625" lon="103.32883947528898715972900390625">
        <ele>2751.39990234375</ele>
        <time>2025-07-06T08:42:57.000Z</time>
        <extensions>
          <ns3:TrackPointExtension>
            <ns3:hr>92</ns3:hr>
            <ns3:cad>65</ns3:cad>
          </ns3:TrackPointExtension>
        </extensions>
      </trkpt>
      <trkpt lat="29.5310771651566028594970703125" lon="103.32885573618113994598388671875">
        <ele>2751.199951171875</ele>
        <time>2025-07-06T08:42:58.000Z</time>
        <extensions>
          <ns3:TrackPointExtension>
            <ns3:hr>92</ns3:hr>
            <ns3:cad>65</ns3:cad>
          </ns3:TrackPointExtension>
        </extensions>
      </trkpt>
      <trkpt lat="29.53107657842338085174560546875" lon="103.328869231045246124267578125">
        <ele>2751</ele>
        <time>2025-07-06T08:42:59.000Z</time>
        <extensions>
          <ns3:TrackPointExtension>
            <ns3:hr>92</ns3:hr>
            <ns3:cad>65</ns3:cad>
          </ns3:TrackPointExtension>
        </extensions>
      </trkpt>
      <trkpt lat="29.53107423149049282073974609375" lon="103.328883312642574310302734375">
        <ele>2751</ele>
        <time>2025-07-06T08:43:00.000Z</time>
        <extensions>
          <ns3:TrackPointExtension>
            <ns3:hr>91</ns3:hr>
            <ns3:cad>64</ns3:cad>
          </ns3:TrackPointExtension>
        </extensions>
      </trkpt>
      <trkpt lat="29.53107255510985851287841796875" lon="103.3288943767547607421875">
        <ele>2750.800048828125</ele>
        <time>2025-07-06T08:43:01.000Z</time>
        <extensions>
          <ns3:TrackPointExtension>
            <ns3:hr>91</ns3:hr>
            <ns3:cad>64</ns3:cad>
          </ns3:TrackPointExtension>
        </extensions>
      </trkpt>
      <trkpt lat="29.53107037581503391265869140625" lon="103.32890619523823261260986328125">
        <ele>2750.800048828125</ele>
        <time>2025-07-06T08:43:02.000Z</time>
        <extensions>
          <ns3:TrackPointExtension>
            <ns3:hr>91</ns3:hr>
            <ns3:cad>64</ns3:cad>
          </ns3:TrackPointExtension>
        </extensions>
      </trkpt>
      <trkpt lat="29.53107289038598537445068359375" lon="103.32891650497913360595703125">
        <ele>2750.60009765625</ele>
        <time>2025-07-06T08:43:03.000Z</time>
        <extensions>
          <ns3:TrackPointExtension>
            <ns3:hr>92</ns3:hr>
            <ns3:cad>63</ns3:cad>
          </ns3:TrackPointExtension>
        </extensions>
      </trkpt>
      <trkpt lat="29.53107540495693683624267578125" lon="103.328925557434558868408203125">
        <ele>2750.39990234375</ele>
        <time>2025-07-06T08:43:04.000Z</time>
        <extensions>
          <ns3:TrackPointExtension>
            <ns3:hr>92</ns3:hr>
            <ns3:cad>63</ns3:cad>
          </ns3:TrackPointExtension>
        </extensions>
      </trkpt>
      <trkpt lat="29.531078003346920013427734375" lon="103.3289314247667789459228515625">
        <ele>2750</ele>
        <time>2025-07-06T08:43:05.000Z</time>
        <extensions>
          <ns3:TrackPointExtension>
            <ns3:hr>92</ns3:hr>
            <ns3:cad>63</ns3:cad>
          </ns3:TrackPointExtension>
        </extensions>
      </trkpt>
      <trkpt lat="29.53107900917530059814453125" lon="103.32894290797412395477294921875">
        <ele>2749.60009765625</ele>
        <time>2025-07-06T08:43:06.000Z</time>
        <extensions>
          <ns3:TrackPointExtension>
            <ns3:hr>92</ns3:hr>
            <ns3:cad>63</ns3:cad>
          </ns3:TrackPointExtension>
        </extensions>
      </trkpt>
      <trkpt lat="29.53108512796461582183837890625" lon="103.32895715720951557159423828125">
        <ele>2749.199951171875</ele>
        <time>2025-07-06T08:43:07.000Z</time>
        <extensions>
          <ns3:TrackPointExtension>
            <ns3:hr>93</ns3:hr>
            <ns3:cad>0</ns3:cad>
          </ns3:TrackPointExtension>
        </extensions>
      </trkpt>
      <trkpt lat="29.53108797781169414520263671875" lon="103.328967802226543426513671875">
        <ele>2748.800048828125</ele>
        <time>2025-07-06T08:43:08.000Z</time>
        <extensions>
          <ns3:TrackPointExtension>
            <ns3:hr>93</ns3:hr>
            <ns3:cad>0</ns3:cad>
          </ns3:TrackPointExtension>
        </extensions>
      </trkpt>
      <trkpt lat="29.53109350986778736114501953125" lon="103.3289770223200321197509765625">
        <ele>2748.39990234375</ele>
        <time>2025-07-06T08:43:09.000Z</time>
        <extensions>
          <ns3:TrackPointExtension>
            <ns3:hr>93</ns3:hr>
            <ns3:cad>0</ns3:cad>
          </ns3:TrackPointExtension>
        </extensions>
      </trkpt>
      <trkpt lat="29.53109736554324626922607421875" lon="103.3289911039173603057861328125">
        <ele>2748.199951171875</ele>
        <time>2025-07-06T08:43:10.000Z</time>
        <extensions>
          <ns3:TrackPointExtension>
            <ns3:hr>92</ns3:hr>
            <ns3:cad>0</ns3:cad>
          </ns3:TrackPointExtension>
        </extensions>
      </trkpt>
      <trkpt lat="29.53110105358064174652099609375" lon="103.32900811918079853057861328125">
        <ele>2747.800048828125</ele>
        <time>2025-07-06T08:43:11.000Z</time>
        <extensions>
          <ns3:TrackPointExtension>
            <ns3:hr>92</ns3:hr>
            <ns3:cad>0</ns3:cad>
          </ns3:TrackPointExtension>
        </extensions>
      </trkpt>
      <trkpt lat="29.53110046684741973876953125" lon="103.32902790047228336334228515625">
        <ele>2747.60009765625</ele>
        <time>2025-07-06T08:43:12.000Z</time>
        <extensions>
          <ns3:TrackPointExtension>
            <ns3:hr>92</ns3:hr>
            <ns3:cad>0</ns3:cad>
          </ns3:TrackPointExtension>
        </extensions>
      </trkpt>
      <trkpt lat="29.53110105358064174652099609375" lon="103.32904365845024585723876953125">
        <ele>2747.199951171875</ele>
        <time>2025-07-06T08:43:13.000Z</time>
        <extensions>
          <ns3:TrackPointExtension>
            <ns3:hr>92</ns3:hr>
            <ns3:cad>0</ns3:cad>
          </ns3:TrackPointExtension>
        </extensions>
      </trkpt>
      <trkpt lat="29.53110340051352977752685546875" lon="103.32906980998814105987548828125">
        <ele>2747</ele>
        <time>2025-07-06T08:43:14.000Z</time>
        <extensions>
          <ns3:TrackPointExtension>
            <ns3:hr>91</ns3:hr>
            <ns3:cad>0</ns3:cad>
          </ns3:TrackPointExtension>
        </extensions>
      </trkpt>
      <trkpt lat="29.53110180795192718505859375" lon="103.32909428514540195465087890625">
        <ele>2746.800048828125</ele>
        <time>2025-07-06T08:43:15.000Z</time>
        <extensions>
          <ns3:TrackPointExtension>
            <ns3:hr>92</ns3:hr>
            <ns3:cad>0</ns3:cad>
          </ns3:TrackPointExtension>
        </extensions>
      </trkpt>
      <trkpt lat="29.53110306523740291595458984375" lon="103.32912026904523372650146484375">
        <ele>2746.60009765625</ele>
        <time>2025-07-06T08:43:16.000Z</time>
        <extensions>
          <ns3:TrackPointExtension>
            <ns3:hr>92</ns3:hr>
            <ns3:cad>0</ns3:cad>
          </ns3:TrackPointExtension>
        </extensions>
      </trkpt>
      <trkpt lat="29.5311023108661174774169921875" lon="103.32914306782186031341552734375">
        <ele>2746.39990234375</ele>
        <time>2025-07-06T08:43:17.000Z</time>
        <extensions>
          <ns3:TrackPointExtension>
            <ns3:hr>92</ns3:hr>
            <ns3:cad>0</ns3:cad>
          </ns3:TrackPointExtension>
        </extensions>
      </trkpt>
      <trkpt lat="29.53109988011419773101806640625" lon="103.32916729152202606201171875">
        <ele>2746.39990234375</ele>
        <time>2025-07-06T08:43:18.000Z</time>
        <extensions>
          <ns3:TrackPointExtension>
            <ns3:hr>92</ns3:hr>
            <ns3:cad>0</ns3:cad>
          </ns3:TrackPointExtension>
        </extensions>
      </trkpt>
      <trkpt lat="29.53110340051352977752685546875" lon="103.329184055328369140625">
        <ele>2746.199951171875</ele>
        <time>2025-07-06T08:43:19.000Z</time>
        <extensions>
          <ns3:TrackPointExtension>
            <ns3:hr>92</ns3:hr>
            <ns3:cad>0</ns3:cad>
          </ns3:TrackPointExtension>
        </extensions>
      </trkpt>
      <trkpt lat="29.5311046577990055084228515625" lon="103.32919721491634845733642578125">
        <ele>2746.199951171875</ele>
        <time>2025-07-06T08:43:20.000Z</time>
        <extensions>
          <ns3:TrackPointExtension>
            <ns3:hr>92</ns3:hr>
            <ns3:cad>0</ns3:cad>
          </ns3:TrackPointExtension>
        </extensions>
      </trkpt>
      <trkpt lat="29.53110641799867153167724609375" lon="103.32920626737177371978759765625">
        <ele>2746</ele>
        <time>2025-07-06T08:43:21.000Z</time>
        <extensions>
          <ns3:TrackPointExtension>
            <ns3:hr>92</ns3:hr>
            <ns3:cad>0</ns3:cad>
          </ns3:TrackPointExtension>
        </extensions>
      </trkpt>
      <trkpt lat="29.53110809437930583953857421875" lon="103.32922219298779964447021484375">
        <ele>2746</ele>
        <time>2025-07-06T08:43:22.000Z</time>
        <extensions>
          <ns3:TrackPointExtension>
            <ns3:hr>92</ns3:hr>
            <ns3:cad>0</ns3:cad>
          </ns3:TrackPointExtension>
        </extensions>
      </trkpt>
      <trkpt lat="29.53110826201736927032470703125" lon="103.32923443056643009185791015625">
        <ele>2745.60009765625</ele>
        <time>2025-07-06T08:43:23.000Z</time>
        <extensions>
          <ns3:TrackPointExtension>
            <ns3:hr>92</ns3:hr>
            <ns3:cad>75</ns3:cad>
          </ns3:TrackPointExtension>
        </extensions>
      </trkpt>
      <trkpt lat="29.5311093516647815704345703125" lon="103.32924775779247283935546875">
        <ele>2745.39990234375</ele>
        <time>2025-07-06T08:43:24.000Z</time>
        <extensions>
          <ns3:TrackPointExtension>
            <ns3:hr>92</ns3:hr>
            <ns3:cad>75</ns3:cad>
          </ns3:TrackPointExtension>
        </extensions>
      </trkpt>
      <trkpt lat="29.5311063341796398162841796875" lon="103.329261839389801025390625">
        <ele>2745.199951171875</ele>
        <time>2025-07-06T08:43:25.000Z</time>
        <extensions>
          <ns3:TrackPointExtension>
            <ns3:hr>92</ns3:hr>
            <ns3:cad>75</ns3:cad>
          </ns3:TrackPointExtension>
        </extensions>
      </trkpt>
      <trkpt lat="29.5311029814183712005615234375" lon="103.3292724005877971649169921875">
        <ele>2745</ele>
        <time>2025-07-06T08:43:26.000Z</time>
        <extensions>
          <ns3:TrackPointExtension>
            <ns3:hr>92</ns3:hr>
            <ns3:cad>70</ns3:cad>
          </ns3:TrackPointExtension>
        </extensions>
      </trkpt>
      <trkpt lat="29.531102143228054046630859375" lon="103.32928606308996677398681640625">
        <ele>2744.800048828125</ele>
        <time>2025-07-06T08:43:27.000Z</time>
        <extensions>
          <ns3:TrackPointExtension>
            <ns3:hr>92</ns3:hr>
            <ns3:cad>68</ns3:cad>
          </ns3:TrackPointExtension>
        </extensions>
      </trkpt>
      <trkpt lat="29.5311013050377368927001953125" lon="103.32929595373570919036865234375">
        <ele>2744.60009765625</ele>
        <time>2025-07-06T08:43:28.000Z</time>
        <extensions>
          <ns3:TrackPointExtension>
            <ns3:hr>92</ns3:hr>
            <ns3:cad>66</ns3:cad>
          </ns3:TrackPointExtension>
        </extensions>
      </trkpt>
      <trkpt lat="29.5310989581048488616943359375" lon="103.329307772219181060791015625">
        <ele>2744.39990234375</ele>
        <time>2025-07-06T08:43:29.000Z</time>
        <extensions>
          <ns3:TrackPointExtension>
            <ns3:hr>92</ns3:hr>
            <ns3:cad>66</ns3:cad>
          </ns3:TrackPointExtension>
        </extensions>
      </trkpt>
      <trkpt lat="29.53109954483807086944580078125" lon="103.32931305281817913055419921875">
        <ele>2744.199951171875</ele>
        <time>2025-07-06T08:43:30.000Z</time>
        <extensions>
          <ns3:TrackPointExtension>
            <ns3:hr>92</ns3:hr>
            <ns3:cad>65</ns3:cad>
          </ns3:TrackPointExtension>
        </extensions>
      </trkpt>
      <trkpt lat="29.5310962758958339691162109375" lon="103.32931741140782833099365234375">
        <ele>2744</ele>
        <time>2025-07-06T08:43:31.000Z</time>
        <extensions>
          <ns3:TrackPointExtension>
            <ns3:hr>91</ns3:hr>
            <ns3:cad>65</ns3:cad>
          </ns3:TrackPointExtension>
        </extensions>
      </trkpt>
      <trkpt lat="29.53109652735292911529541015625" lon="103.3293283917009830474853515625">
        <ele>2743.60009765625</ele>
        <time>2025-07-06T08:43:32.000Z</time>
        <extensions>
          <ns3:TrackPointExtension>
            <ns3:hr>92</ns3:hr>
            <ns3:cad>65</ns3:cad>
          </ns3:TrackPointExtension>
        </extensions>
      </trkpt>
      <trkpt lat="29.53109635971486568450927734375" lon="103.32933618687093257904052734375">
        <ele>2743.39990234375</ele>
        <time>2025-07-06T08:43:33.000Z</time>
        <extensions>
          <ns3:TrackPointExtension>
            <ns3:hr>92</ns3:hr>
            <ns3:cad>71</ns3:cad>
          </ns3:TrackPointExtension>
        </extensions>
      </trkpt>
      <trkpt lat="29.53109635971486568450927734375" lon="103.329341970384120941162109375">
        <ele>2743.199951171875</ele>
        <time>2025-07-06T08:43:34.000Z</time>
        <extensions>
          <ns3:TrackPointExtension>
            <ns3:hr>92</ns3:hr>
            <ns3:cad>72</ns3:cad>
          </ns3:TrackPointExtension>
        </extensions>
      </trkpt>
      <trkpt lat="29.5310957729816436767578125" lon="103.32935194484889507293701171875">
        <ele>2743</ele>
        <time>2025-07-06T08:43:35.000Z</time>
        <extensions>
          <ns3:TrackPointExtension>
            <ns3:hr>93</ns3:hr>
            <ns3:cad>72</ns3:cad>
          </ns3:TrackPointExtension>
        </extensions>
      </trkpt>
      <trkpt lat="29.53109753318130970001220703125" lon="103.329361416399478912353515625">
        <ele>2742.800048828125</ele>
        <time>2025-07-06T08:43:36.000Z</time>
        <extensions>
          <ns3:TrackPointExtension>
            <ns3:hr>93</ns3:hr>
            <ns3:cad>72</ns3:cad>
          </ns3:TrackPointExtension>
        </extensions>
      </trkpt>
      <trkpt lat="29.53109652735292911529541015625" lon="103.32937155850231647491455078125">
        <ele>2742.39990234375</ele>
        <time>2025-07-06T08:43:37.000Z</time>
        <extensions>
          <ns3:TrackPointExtension>
            <ns3:hr>93</ns3:hr>
            <ns3:cad>72</ns3:cad>
          </ns3:TrackPointExtension>
        </extensions>
      </trkpt>
      <trkpt lat="29.53110759146511554718017578125" lon="103.32938010804355144500732421875">
        <ele>2742.39990234375</ele>
        <time>2025-07-06T08:43:38.000Z</time>
        <extensions>
          <ns3:TrackPointExtension>
            <ns3:hr>93</ns3:hr>
            <ns3:cad>72</ns3:cad>
          </ns3:TrackPointExtension>
        </extensions>
      </trkpt>
      <trkpt lat="29.53111010603606700897216796875" lon="103.32939201034605503082275390625">
        <ele>2742.199951171875</ele>
        <time>2025-07-06T08:43:39.000Z</time>
        <extensions>
          <ns3:TrackPointExtension>
            <ns3:hr>93</ns3:hr>
            <ns3:cad>72</ns3:cad>
          </ns3:TrackPointExtension>
        </extensions>
      </trkpt>
      <trkpt lat="29.53111429698765277862548828125" lon="103.32940575666725635528564453125">
        <ele>2742</ele>
        <time>2025-07-06T08:43:40.000Z</time>
        <extensions>
          <ns3:TrackPointExtension>
            <ns3:hr>94</ns3:hr>
            <ns3:cad>72</ns3:cad>
          </ns3:TrackPointExtension>
        </extensions>
      </trkpt>
      <trkpt lat="29.53111597336828708648681640625" lon="103.32941472530364990234375">
        <ele>2742</ele>
        <time>2025-07-06T08:43:41.000Z</time>
        <extensions>
          <ns3:TrackPointExtension>
            <ns3:hr>94</ns3:hr>
            <ns3:cad>72</ns3:cad>
          </ns3:TrackPointExtension>
        </extensions>
      </trkpt>
      <trkpt lat="29.53111865557730197906494140625" lon="103.3294313214719295501708984375">
        <ele>2741.800048828125</ele>
        <time>2025-07-06T08:43:42.000Z</time>
        <extensions>
          <ns3:TrackPointExtension>
            <ns3:hr>94</ns3:hr>
            <ns3:cad>0</ns3:cad>
          </ns3:TrackPointExtension>
        </extensions>
      </trkpt>
      <trkpt lat="29.531121589243412017822265625" lon="103.3294443972408771514892578125">
        <ele>2741.39990234375</ele>
        <time>2025-07-06T08:43:43.000Z</time>
        <extensions>
          <ns3:TrackPointExtension>
            <ns3:hr>94</ns3:hr>
            <ns3:cad>0</ns3:cad>
          </ns3:TrackPointExtension>
        </extensions>
      </trkpt>
      <trkpt lat="29.5311230979859828948974609375" lon="103.32945671863853931427001953125">
        <ele>2741.199951171875</ele>
        <time>2025-07-06T08:43:44.000Z</time>
        <extensions>
          <ns3:TrackPointExtension>
            <ns3:hr>94</ns3:hr>
            <ns3:cad>0</ns3:cad>
          </ns3:TrackPointExtension>
        </extensions>
      </trkpt>
      <trkpt lat="29.5311252772808074951171875" lon="103.329465687274932861328125">
        <ele>2741</ele>
        <time>2025-07-06T08:43:45.000Z</time>
        <extensions>
          <ns3:TrackPointExtension>
            <ns3:hr>94</ns3:hr>
            <ns3:cad>65</ns3:cad>
          </ns3:TrackPointExtension>
        </extensions>
      </trkpt>
      <trkpt lat="29.53112863004207611083984375" lon="103.32948069088160991668701171875">
        <ele>2740.800048828125</ele>
        <time>2025-07-06T08:43:46.000Z</time>
        <extensions>
          <ns3:TrackPointExtension>
            <ns3:hr>93</ns3:hr>
            <ns3:cad>65</ns3:cad>
          </ns3:TrackPointExtension>
        </extensions>
      </trkpt>
      <trkpt lat="29.53113122843205928802490234375" lon="103.32949309609830379486083984375">
        <ele>2740.60009765625</ele>
        <time>2025-07-06T08:43:47.000Z</time>
        <extensions>
          <ns3:TrackPointExtension>
            <ns3:hr>94</ns3:hr>
            <ns3:cad>65</ns3:cad>
          </ns3:TrackPointExtension>
        </extensions>
      </trkpt>
      <trkpt lat="29.53113474883139133453369140625" lon="103.3295057527720928192138671875">
        <ele>2740.39990234375</ele>
        <time>2025-07-06T08:43:48.000Z</time>
        <extensions>
          <ns3:TrackPointExtension>
            <ns3:hr>94</ns3:hr>
            <ns3:cad>83</ns3:cad>
          </ns3:TrackPointExtension>
        </extensions>
      </trkpt>
      <trkpt lat="29.5311408676207065582275390625" lon="103.3295181579887866973876953125">
        <ele>2740</ele>
        <time>2025-07-06T08:43:49.000Z</time>
        <extensions>
          <ns3:TrackPointExtension>
            <ns3:hr>93</ns3:hr>
            <ns3:cad>83</ns3:cad>
          </ns3:TrackPointExtension>
        </extensions>
      </trkpt>
      <trkpt lat="29.53114497475326061248779296875" lon="103.3295251987874507904052734375">
        <ele>2739.800048828125</ele>
        <time>2025-07-06T08:43:50.000Z</time>
        <extensions>
          <ns3:TrackPointExtension>
            <ns3:hr>93</ns3:hr>
            <ns3:cad>90</ns3:cad>
          </ns3:TrackPointExtension>
        </extensions>
      </trkpt>
      <trkpt lat="29.53115000389516353607177734375" lon="103.3295355923473834991455078125">
        <ele>2739.39990234375</ele>
        <time>2025-07-06T08:43:51.000Z</time>
        <extensions>
          <ns3:TrackPointExtension>
            <ns3:hr>93</ns3:hr>
            <ns3:cad>90</ns3:cad>
          </ns3:TrackPointExtension>
        </extensions>
      </trkpt>
      <trkpt lat="29.531157799065113067626953125" lon="103.329547829926013946533203125">
        <ele>2739</ele>
        <time>2025-07-06T08:43:52.000Z</time>
        <extensions>
          <ns3:TrackPointExtension>
            <ns3:hr>93</ns3:hr>
            <ns3:cad>90</ns3:cad>
          </ns3:TrackPointExtension>
        </extensions>
      </trkpt>
      <trkpt lat="29.53115972690284252166748046875" lon="103.32955763675272464752197265625">
        <ele>2738.800048828125</ele>
        <time>2025-07-06T08:43:53.000Z</time>
        <extensions>
          <ns3:TrackPointExtension>
            <ns3:hr>92</ns3:hr>
            <ns3:cad>90</ns3:cad>
          </ns3:TrackPointExtension>
        </extensions>
      </trkpt>
      <trkpt lat="29.5311670191586017608642578125" lon="103.32956518046557903289794921875">
        <ele>2738.39990234375</ele>
        <time>2025-07-06T08:43:54.000Z</time>
        <extensions>
          <ns3:TrackPointExtension>
            <ns3:hr>92</ns3:hr>
            <ns3:cad>90</ns3:cad>
          </ns3:TrackPointExtension>
        </extensions>
      </trkpt>
      <trkpt lat="29.53117347322404384613037109375" lon="103.329572975635528564453125">
        <ele>2738</ele>
        <time>2025-07-06T08:43:55.000Z</time>
        <extensions>
          <ns3:TrackPointExtension>
            <ns3:hr>92</ns3:hr>
            <ns3:cad>90</ns3:cad>
          </ns3:TrackPointExtension>
        </extensions>
      </trkpt>
      <trkpt lat="29.5311770774424076080322265625" lon="103.32958160899579524993896484375">
        <ele>2737.60009765625</ele>
        <time>2025-07-06T08:43:56.000Z</time>
        <extensions>
          <ns3:TrackPointExtension>
            <ns3:hr>92</ns3:hr>
            <ns3:cad>90</ns3:cad>
          </ns3:TrackPointExtension>
        </extensions>
      </trkpt>
      <trkpt lat="29.53118302859365940093994140625" lon="103.32958764396607875823974609375">
        <ele>2737.199951171875</ele>
        <time>2025-07-06T08:43:57.000Z</time>
        <extensions>
          <ns3:TrackPointExtension>
            <ns3:hr>93</ns3:hr>
            <ns3:cad>93</ns3:cad>
          </ns3:TrackPointExtension>
        </extensions>
      </trkpt>
      <trkpt lat="29.5311878062784671783447265625" lon="103.32959284074604511260986328125">
        <ele>2736.800048828125</ele>
        <time>2025-07-06T08:43:58.000Z</time>
        <extensions>
          <ns3:TrackPointExtension>
            <ns3:hr>92</ns3:hr>
            <ns3:cad>93</ns3:cad>
          </ns3:TrackPointExtension>
        </extensions>
      </trkpt>
      <trkpt lat="29.5311955176293849945068359375" lon="103.32960021682083606719970703125">
        <ele>2736.39990234375</ele>
        <time>2025-07-06T08:43:59.000Z</time>
        <extensions>
          <ns3:TrackPointExtension>
            <ns3:hr>92</ns3:hr>
            <ns3:cad>93</ns3:cad>
          </ns3:TrackPointExtension>
        </extensions>
      </trkpt>
      <trkpt lat="29.53120172023773193359375" lon="103.329606167972087860107421875">
        <ele>2735.800048828125</ele>
        <time>2025-07-06T08:44:00.000Z</time>
        <extensions>
          <ns3:TrackPointExtension>
            <ns3:hr>93</ns3:hr>
            <ns3:cad>94</ns3:cad>
          </ns3:TrackPointExtension>
        </extensions>
      </trkpt>
      <trkpt lat="29.53120918013155460357666015625" lon="103.3296140469610691070556640625">
        <ele>2735.39990234375</ele>
        <time>2025-07-06T08:44:01.000Z</time>
        <extensions>
          <ns3:TrackPointExtension>
            <ns3:hr>93</ns3:hr>
            <ns3:cad>94</ns3:cad>
          </ns3:TrackPointExtension>
        </extensions>
      </trkpt>
      <trkpt lat="29.53121571801602840423583984375" lon="103.32962184213101863861083984375">
        <ele>2735</ele>
        <time>2025-07-06T08:44:02.000Z</time>
        <extensions>
          <ns3:TrackPointExtension>
            <ns3:hr>93</ns3:hr>
            <ns3:cad>92</ns3:cad>
          </ns3:TrackPointExtension>
        </extensions>
      </trkpt>
      <trkpt lat="29.53122057951986789703369140625" lon="103.32963005639612674713134765625">
        <ele>2734.60009765625</ele>
        <time>2025-07-06T08:44:03.000Z</time>
        <extensions>
          <ns3:TrackPointExtension>
            <ns3:hr>92</ns3:hr>
            <ns3:cad>92</ns3:cad>
          </ns3:TrackPointExtension>
        </extensions>
      </trkpt>
      <trkpt lat="29.5312236808240413665771484375" lon="103.32963542081415653228759765625">
        <ele>2734.199951171875</ele>
        <time>2025-07-06T08:44:04.000Z</time>
        <extensions>
          <ns3:TrackPointExtension>
            <ns3:hr>93</ns3:hr>
            <ns3:cad>92</ns3:cad>
          </ns3:TrackPointExtension>
        </extensions>
      </trkpt>
      <trkpt lat="29.53122653067111968994140625" lon="103.329640366137027740478515625">
        <ele>2733.800048828125</ele>
        <time>2025-07-06T08:44:05.000Z</time>
        <extensions>
          <ns3:TrackPointExtension>
            <ns3:hr>93</ns3:hr>
            <ns3:cad>95</ns3:cad>
          </ns3:TrackPointExtension>
        </extensions>
      </trkpt>
      <trkpt lat="29.531230218708515167236328125" lon="103.3296428807079792022705078125">
        <ele>2733.60009765625</ele>
        <time>2025-07-06T08:44:06.000Z</time>
        <extensions>
          <ns3:TrackPointExtension>
            <ns3:hr>92</ns3:hr>
            <ns3:cad>96</ns3:cad>
          </ns3:TrackPointExtension>
        </extensions>
      </trkpt>
      <trkpt lat="29.53123650513589382171630859375" lon="103.32964698784053325653076171875">
        <ele>2733.199951171875</ele>
        <time>2025-07-06T08:44:07.000Z</time>
        <extensions>
          <ns3:TrackPointExtension>
            <ns3:hr>93</ns3:hr>
            <ns3:cad>96</ns3:cad>
          </ns3:TrackPointExtension>
        </extensions>
      </trkpt>
      <trkpt lat="29.5312404446303844451904296875" lon="103.32965402863919734954833984375">
        <ele>2732.800048828125</ele>
        <time>2025-07-06T08:44:08.000Z</time>
        <extensions>
          <ns3:TrackPointExtension>
            <ns3:hr>93</ns3:hr>
            <ns3:cad>96</ns3:cad>
          </ns3:TrackPointExtension>
        </extensions>
      </trkpt>
      <trkpt lat="29.531241953372955322265625" lon="103.32966106943786144256591796875">
        <ele>2732.39990234375</ele>
        <time>2025-07-06T08:44:09.000Z</time>
        <extensions>
          <ns3:TrackPointExtension>
            <ns3:hr>93</ns3:hr>
            <ns3:cad>96</ns3:cad>
          </ns3:TrackPointExtension>
        </extensions>
      </trkpt>
      <trkpt lat="29.53124639578163623809814453125" lon="103.32966827787458896636962890625">
        <ele>2732</ele>
        <time>2025-07-06T08:44:10.000Z</time>
        <extensions>
          <ns3:TrackPointExtension>
            <ns3:hr>93</ns3:hr>
            <ns3:cad>96</ns3:cad>
          </ns3:TrackPointExtension>
        </extensions>
      </trkpt>
      <trkpt lat="29.5312498323619365692138671875" lon="103.32967422902584075927734375">
        <ele>2731.60009765625</ele>
        <time>2025-07-06T08:44:11.000Z</time>
        <extensions>
          <ns3:TrackPointExtension>
            <ns3:hr>93</ns3:hr>
            <ns3:cad>79</ns3:cad>
          </ns3:TrackPointExtension>
        </extensions>
      </trkpt>
      <trkpt lat="29.53125041909515857696533203125" lon="103.32968051545321941375732421875">
        <ele>2731.199951171875</ele>
        <time>2025-07-06T08:44:12.000Z</time>
        <extensions>
          <ns3:TrackPointExtension>
            <ns3:hr>95</ns3:hr>
            <ns3:cad>79</ns3:cad>
          </ns3:TrackPointExtension>
        </extensions>
      </trkpt>
      <trkpt lat="29.531252682209014892578125" lon="103.3296861313283443450927734375">
        <ele>2730.800048828125</ele>
        <time>2025-07-06T08:44:13.000Z</time>
        <extensions>
          <ns3:TrackPointExtension>
            <ns3:hr>101</ns3:hr>
            <ns3:cad>80</ns3:cad>
          </ns3:TrackPointExtension>
        </extensions>
      </trkpt>
      <trkpt lat="29.531256370246410369873046875" lon="103.32969292066991329193115234375">
        <ele>2730.39990234375</ele>
        <time>2025-07-06T08:44:14.000Z</time>
        <extensions>
          <ns3:TrackPointExtension>
            <ns3:hr>112</ns3:hr>
            <ns3:cad>80</ns3:cad>
          </ns3:TrackPointExtension>
        </extensions>
      </trkpt>
      <trkpt lat="29.5312588848173618316650390625" lon="103.32970096729695796966552734375">
        <ele>2730</ele>
        <time>2025-07-06T08:44:15.000Z</time>
        <extensions>
          <ns3:TrackPointExtension>
            <ns3:hr>119</ns3:hr>
            <ns3:cad>78</ns3:cad>
          </ns3:TrackPointExtension>
        </extensions>
      </trkpt>
      <trkpt lat="29.531261734664440155029296875" lon="103.3297099359333515167236328125">
        <ele>2729.60009765625</ele>
        <time>2025-07-06T08:44:16.000Z</time>
        <extensions>
          <ns3:TrackPointExtension>
            <ns3:hr>119</ns3:hr>
            <ns3:cad>78</ns3:cad>
          </ns3:TrackPointExtension>
        </extensions>
      </trkpt>
      <trkpt lat="29.5312639139592647552490234375" lon="103.32971890456974506378173828125">
        <ele>2729.199951171875</ele>
        <time>2025-07-06T08:44:17.000Z</time>
        <extensions>
          <ns3:TrackPointExtension>
            <ns3:hr>122</ns3:hr>
            <ns3:cad>82</ns3:cad>
          </ns3:TrackPointExtension>
        </extensions>
      </trkpt>
      <trkpt lat="29.53126609325408935546875" lon="103.329726867377758026123046875">
        <ele>2728.800048828125</ele>
        <time>2025-07-06T08:44:18.000Z</time>
        <extensions>
          <ns3:TrackPointExtension>
            <ns3:hr>124</ns3:hr>
            <ns3:cad>82</ns3:cad>
          </ns3:TrackPointExtension>
        </extensions>
      </trkpt>
      <trkpt lat="29.53126919455826282501220703125" lon="103.32973382435739040374755859375">
        <ele>2728.39990234375</ele>
        <time>2025-07-06T08:44:19.000Z</time>
        <extensions>
          <ns3:TrackPointExtension>
            <ns3:hr>125</ns3:hr>
            <ns3:cad>80</ns3:cad>
          </ns3:TrackPointExtension>
        </extensions>
      </trkpt>
      <trkpt lat="29.53127346932888031005859375" lon="103.329740278422832489013671875">
        <ele>2728</ele>
        <time>2025-07-06T08:44:20.000Z</time>
        <extensions>
          <ns3:TrackPointExtension>
            <ns3:hr>125</ns3:hr>
            <ns3:cad>80</ns3:cad>
          </ns3:TrackPointExtension>
        </extensions>
      </trkpt>
      <trkpt lat="29.53127824701368808746337890625" lon="103.32974723540246486663818359375">
        <ele>2727.60009765625</ele>
        <time>2025-07-06T08:44:21.000Z</time>
        <extensions>
          <ns3:TrackPointExtension>
            <ns3:hr>125</ns3:hr>
            <ns3:cad>79</ns3:cad>
          </ns3:TrackPointExtension>
        </extensions>
      </trkpt>
      <trkpt lat="29.53128042630851268768310546875" lon="103.32975243218243122100830078125">
        <ele>2727.199951171875</ele>
        <time>2025-07-06T08:44:22.000Z</time>
        <extensions>
          <ns3:TrackPointExtension>
            <ns3:hr>126</ns3:hr>
            <ns3:cad>79</ns3:cad>
          </ns3:TrackPointExtension>
        </extensions>
      </trkpt>
      <trkpt lat="29.5312840305268764495849609375" lon="103.32975679077208042144775390625">
        <ele>2726.800048828125</ele>
        <time>2025-07-06T08:44:23.000Z</time>
        <extensions>
          <ns3:TrackPointExtension>
            <ns3:hr>126</ns3:hr>
            <ns3:cad>77</ns3:cad>
          </ns3:TrackPointExtension>
        </extensions>
      </trkpt>
      <trkpt lat="29.53128512017428874969482421875" lon="103.32975603640079498291015625">
        <ele>2726.39990234375</ele>
        <time>2025-07-06T08:44:24.000Z</time>
        <extensions>
          <ns3:TrackPointExtension>
            <ns3:hr>126</ns3:hr>
            <ns3:cad>76</ns3:cad>
          </ns3:TrackPointExtension>
        </extensions>
      </trkpt>
      <trkpt lat="29.53128629364073276519775390625" lon="103.32975846715271472930908203125">
        <ele>2726.199951171875</ele>
        <time>2025-07-06T08:44:25.000Z</time>
        <extensions>
          <ns3:TrackPointExtension>
            <ns3:hr>126</ns3:hr>
            <ns3:cad>76</ns3:cad>
          </ns3:TrackPointExtension>
        </extensions>
      </trkpt>
      <trkpt lat="29.5312880538403987884521484375" lon="103.329761736094951629638671875">
        <ele>2726</ele>
        <time>2025-07-06T08:44:26.000Z</time>
        <extensions>
          <ns3:TrackPointExtension>
            <ns3:hr>125</ns3:hr>
            <ns3:cad>0</ns3:cad>
          </ns3:TrackPointExtension>
        </extensions>
      </trkpt>
      <trkpt lat="29.53128830529749393463134765625" lon="103.32976550795137882232666015625">
        <ele>2725.800048828125</ele>
        <time>2025-07-06T08:44:27.000Z</time>
        <extensions>
          <ns3:TrackPointExtension>
            <ns3:hr>126</ns3:hr>
            <ns3:cad>0</ns3:cad>
          </ns3:TrackPointExtension>
        </extensions>
      </trkpt>
      <trkpt lat="29.53129165805876255035400390625" lon="103.329767771065235137939453125">
        <ele>2725.800048828125</ele>
        <time>2025-07-06T08:44:28.000Z</time>
        <extensions>
          <ns3:TrackPointExtension>
            <ns3:hr>126</ns3:hr>
            <ns3:cad>0</ns3:cad>
          </ns3:TrackPointExtension>
        </extensions>
      </trkpt>
      <trkpt lat="29.53129266388714313507080078125" lon="103.32977154292166233062744140625">
        <ele>2725.60009765625</ele>
        <time>2025-07-06T08:44:29.000Z</time>
        <extensions>
          <ns3:TrackPointExtension>
            <ns3:hr>127</ns3:hr>
            <ns3:cad>0</ns3:cad>
          </ns3:TrackPointExtension>
        </extensions>
      </trkpt>
      <trkpt lat="29.53129719011485576629638671875" lon="103.3297769911587238311767578125">
        <ele>2725.199951171875</ele>
        <time>2025-07-06T08:44:30.000Z</time>
        <extensions>
          <ns3:TrackPointExtension>
            <ns3:hr>127</ns3:hr>
            <ns3:cad>0</ns3:cad>
          </ns3:TrackPointExtension>
        </extensions>
      </trkpt>
      <trkpt lat="29.53130490146577358245849609375" lon="103.32977883517742156982421875">
        <ele>2724.800048828125</ele>
        <time>2025-07-06T08:44:31.000Z</time>
        <extensions>
          <ns3:TrackPointExtension>
            <ns3:hr>128</ns3:hr>
            <ns3:cad>0</ns3:cad>
          </ns3:TrackPointExtension>
        </extensions>
      </trkpt>
      <trkpt lat="29.5313115231692790985107421875" lon="103.3297808468341827392578125">
        <ele>2724.39990234375</ele>
        <time>2025-07-06T08:44:32.000Z</time>
        <extensions>
          <ns3:TrackPointExtension>
            <ns3:hr>128</ns3:hr>
            <ns3:cad>0</ns3:cad>
          </ns3:TrackPointExtension>
        </extensions>
      </trkpt>
      <trkpt lat="29.53131370246410369873046875" lon="103.3297830261290073394775390625">
        <ele>2724</ele>
        <time>2025-07-06T08:44:33.000Z</time>
        <extensions>
          <ns3:TrackPointExtension>
            <ns3:hr>128</ns3:hr>
            <ns3:cad>0</ns3:cad>
          </ns3:TrackPointExtension>
        </extensions>
      </trkpt>
      <trkpt lat="29.53132099471986293792724609375" lon="103.32978763617575168609619140625">
        <ele>2723.60009765625</ele>
        <time>2025-07-06T08:44:34.000Z</time>
        <extensions>
          <ns3:TrackPointExtension>
            <ns3:hr>129</ns3:hr>
            <ns3:cad>72</ns3:cad>
          </ns3:TrackPointExtension>
        </extensions>
      </trkpt>
      <trkpt lat="29.5313239283859729766845703125" lon="103.32979467697441577911376953125">
        <ele>2723.199951171875</ele>
        <time>2025-07-06T08:44:35.000Z</time>
        <extensions>
          <ns3:TrackPointExtension>
            <ns3:hr>128</ns3:hr>
            <ns3:cad>79</ns3:cad>
          </ns3:TrackPointExtension>
        </extensions>
      </trkpt>
      <trkpt lat="29.5313279516994953155517578125" lon="103.32979492843151092529296875">
        <ele>2722.800048828125</ele>
        <time>2025-07-06T08:44:36.000Z</time>
        <extensions>
          <ns3:TrackPointExtension>
            <ns3:hr>128</ns3:hr>
            <ns3:cad>79</ns3:cad>
          </ns3:TrackPointExtension>
        </extensions>
      </trkpt>
      <trkpt lat="29.5313296280801296234130859375" lon="103.3297957666218280792236328125">
        <ele>2722.60009765625</ele>
        <time>2025-07-06T08:44:37.000Z</time>
        <extensions>
          <ns3:TrackPointExtension>
            <ns3:hr>127</ns3:hr>
            <ns3:cad>77</ns3:cad>
          </ns3:TrackPointExtension>
        </extensions>
      </trkpt>
      <trkpt lat="29.53133222647011280059814453125" lon="103.32979870028793811798095703125">
        <ele>2722</ele>
        <time>2025-07-06T08:44:38.000Z</time>
        <extensions>
          <ns3:TrackPointExtension>
            <ns3:hr>127</ns3:hr>
            <ns3:cad>76</ns3:cad>
          </ns3:TrackPointExtension>
        </extensions>
      </trkpt>
      <trkpt lat="29.53133641742169857025146484375" lon="103.32980087958276271820068359375">
        <ele>2721.800048828125</ele>
        <time>2025-07-06T08:44:39.000Z</time>
        <extensions>
          <ns3:TrackPointExtension>
            <ns3:hr>127</ns3:hr>
            <ns3:cad>76</ns3:cad>
          </ns3:TrackPointExtension>
        </extensions>
      </trkpt>
      <trkpt lat="29.53134194947779178619384765625" lon="103.32980792038142681121826171875">
        <ele>2721.39990234375</ele>
        <time>2025-07-06T08:44:40.000Z</time>
        <extensions>
          <ns3:TrackPointExtension>
            <ns3:hr>127</ns3:hr>
            <ns3:cad>76</ns3:cad>
          </ns3:TrackPointExtension>
        </extensions>
      </trkpt>
      <trkpt lat="29.53134647570550441741943359375" lon="103.3298118598759174346923828125">
        <ele>2720.800048828125</ele>
        <time>2025-07-06T08:44:41.000Z</time>
        <extensions>
          <ns3:TrackPointExtension>
            <ns3:hr>127</ns3:hr>
            <ns3:cad>76</ns3:cad>
          </ns3:TrackPointExtension>
        </extensions>
      </trkpt>
      <trkpt lat="29.531350918114185333251953125" lon="103.32981227897107601165771484375">
        <ele>2720.39990234375</ele>
        <time>2025-07-06T08:44:42.000Z</time>
        <extensions>
          <ns3:TrackPointExtension>
            <ns3:hr>127</ns3:hr>
            <ns3:cad>76</ns3:cad>
          </ns3:TrackPointExtension>
        </extensions>
      </trkpt>
      <trkpt lat="29.53135192394256591796875" lon="103.329814374446868896484375">
        <ele>2719.800048828125</ele>
        <time>2025-07-06T08:44:43.000Z</time>
        <extensions>
          <ns3:TrackPointExtension>
            <ns3:hr>127</ns3:hr>
            <ns3:cad>76</ns3:cad>
          </ns3:TrackPointExtension>
        </extensions>
      </trkpt>
      <trkpt lat="29.5313577912747859954833984375" lon="103.32981814630329608917236328125">
        <ele>2719.39990234375</ele>
        <time>2025-07-06T08:44:44.000Z</time>
        <extensions>
          <ns3:TrackPointExtension>
            <ns3:hr>127</ns3:hr>
            <ns3:cad>76</ns3:cad>
          </ns3:TrackPointExtension>
        </extensions>
      </trkpt>
      <trkpt lat="29.53135971911251544952392578125" lon="103.32982267253100872039794921875">
        <ele>2719</ele>
        <time>2025-07-06T08:44:45.000Z</time>
        <extensions>
          <ns3:TrackPointExtension>
            <ns3:hr>127</ns3:hr>
            <ns3:cad>76</ns3:cad>
          </ns3:TrackPointExtension>
        </extensions>
      </trkpt>
      <trkpt lat="29.53136458061635494232177734375" lon="103.32982887513935565948486328125">
        <ele>2718.60009765625</ele>
        <time>2025-07-06T08:44:46.000Z</time>
        <extensions>
          <ns3:TrackPointExtension>
            <ns3:hr>127</ns3:hr>
            <ns3:cad>76</ns3:cad>
          </ns3:TrackPointExtension>
        </extensions>
      </trkpt>
      <trkpt lat="29.5313712023198604583740234375" lon="103.3298316411674022674560546875">
        <ele>2718.199951171875</ele>
        <time>2025-07-06T08:44:47.000Z</time>
        <extensions>
          <ns3:TrackPointExtension>
            <ns3:hr>126</ns3:hr>
            <ns3:cad>76</ns3:cad>
          </ns3:TrackPointExtension>
        </extensions>
      </trkpt>
      <trkpt lat="29.53137673437595367431640625" lon="103.32983524538576602935791015625">
        <ele>2717.800048828125</ele>
        <time>2025-07-06T08:44:48.000Z</time>
        <extensions>
          <ns3:TrackPointExtension>
            <ns3:hr>125</ns3:hr>
            <ns3:cad>76</ns3:cad>
          </ns3:TrackPointExtension>
        </extensions>
      </trkpt>
      <trkpt lat="29.531381428241729736328125" lon="103.3298420347273349761962890625">
        <ele>2717.39990234375</ele>
        <time>2025-07-06T08:44:49.000Z</time>
        <extensions>
          <ns3:TrackPointExtension>
            <ns3:hr>126</ns3:hr>
            <ns3:cad>74</ns3:cad>
          </ns3:TrackPointExtension>
        </extensions>
      </trkpt>
      <trkpt lat="29.53138235025107860565185546875" lon="103.32984614185988903045654296875">
        <ele>2717</ele>
        <time>2025-07-06T08:44:50.000Z</time>
        <extensions>
          <ns3:TrackPointExtension>
            <ns3:hr>126</ns3:hr>
            <ns3:cad>74</ns3:cad>
          </ns3:TrackPointExtension>
        </extensions>
      </trkpt>
      <trkpt lat="29.5313866250216960906982421875" lon="103.3298524282872676849365234375">
        <ele>2716.60009765625</ele>
        <time>2025-07-06T08:44:51.000Z</time>
        <extensions>
          <ns3:TrackPointExtension>
            <ns3:hr>127</ns3:hr>
            <ns3:cad>73</ns3:cad>
          </ns3:TrackPointExtension>
        </extensions>
      </trkpt>
      <trkpt lat="29.53139408491551876068115234375" lon="103.3298584632575511932373046875">
        <ele>2716.199951171875</ele>
        <time>2025-07-06T08:44:52.000Z</time>
        <extensions>
          <ns3:TrackPointExtension>
            <ns3:hr>127</ns3:hr>
            <ns3:cad>0</ns3:cad>
          </ns3:TrackPointExtension>
        </extensions>
      </trkpt>
      <trkpt lat="29.5313993655145168304443359375" lon="103.32986508496105670928955078125">
        <ele>2716</ele>
        <time>2025-07-06T08:44:53.000Z</time>
        <extensions>
          <ns3:TrackPointExtension>
            <ns3:hr>127</ns3:hr>
            <ns3:cad>0</ns3:cad>
          </ns3:TrackPointExtension>
        </extensions>
      </trkpt>
      <trkpt lat="29.5314050652086734771728515625" lon="103.3298735506832599639892578125">
        <ele>2715.60009765625</ele>
        <time>2025-07-06T08:44:54.000Z</time>
        <extensions>
          <ns3:TrackPointExtension>
            <ns3:hr>127</ns3:hr>
            <ns3:cad>76</ns3:cad>
          </ns3:TrackPointExtension>
        </extensions>
      </trkpt>
      <trkpt lat="29.53140866942703723907470703125" lon="103.32988075911998748779296875">
        <ele>2715.199951171875</ele>
        <time>2025-07-06T08:44:55.000Z</time>
        <extensions>
          <ns3:TrackPointExtension>
            <ns3:hr>127</ns3:hr>
            <ns3:cad>76</ns3:cad>
          </ns3:TrackPointExtension>
        </extensions>
      </trkpt>
      <trkpt lat="29.53141034580767154693603515625" lon="103.3298842795193195343017578125">
        <ele>2715</ele>
        <time>2025-07-06T08:44:56.000Z</time>
        <extensions>
          <ns3:TrackPointExtension>
            <ns3:hr>127</ns3:hr>
            <ns3:cad>76</ns3:cad>
          </ns3:TrackPointExtension>
        </extensions>
      </trkpt>
      <trkpt lat="29.5314154587686061859130859375" lon="103.329894505441188812255859375">
        <ele>2714.60009765625</ele>
        <time>2025-07-06T08:44:57.000Z</time>
        <extensions>
          <ns3:TrackPointExtension>
            <ns3:hr>127</ns3:hr>
            <ns3:cad>70</ns3:cad>
          </ns3:TrackPointExtension>
        </extensions>
      </trkpt>
      <trkpt lat="29.53140950761735439300537109375" lon="103.32989417016506195068359375">
        <ele>2714.199951171875</ele>
        <time>2025-07-06T08:44:58.000Z</time>
        <extensions>
          <ns3:TrackPointExtension>
            <ns3:hr>126</ns3:hr>
            <ns3:cad>70</ns3:cad>
          </ns3:TrackPointExtension>
        </extensions>
      </trkpt>
      <trkpt lat="29.53140900470316410064697265625" lon="103.329897187650203704833984375">
        <ele>2714</ele>
        <time>2025-07-06T08:44:59.000Z</time>
        <extensions>
          <ns3:TrackPointExtension>
            <ns3:hr>126</ns3:hr>
            <ns3:cad>68</ns3:cad>
          </ns3:TrackPointExtension>
        </extensions>
      </trkpt>
      <trkpt lat="29.53141051344573497772216796875" lon="103.32989685237407684326171875">
        <ele>2713.800048828125</ele>
        <time>2025-07-06T08:45:00.000Z</time>
        <extensions>
          <ns3:TrackPointExtension>
            <ns3:hr>126</ns3:hr>
            <ns3:cad>68</ns3:cad>
          </ns3:TrackPointExtension>
        </extensions>
      </trkpt>
      <trkpt lat="29.53141369856894016265869140625" lon="103.32989928312599658966064453125">
        <ele>2713.60009765625</ele>
        <time>2025-07-06T08:45:01.000Z</time>
        <extensions>
          <ns3:TrackPointExtension>
            <ns3:hr>126</ns3:hr>
            <ns3:cad>0</ns3:cad>
          </ns3:TrackPointExtension>
        </extensions>
      </trkpt>
      <trkpt lat="29.5314114354550838470458984375" lon="103.32990447990596294403076171875">
        <ele>2713.60009765625</ele>
        <time>2025-07-06T08:45:02.000Z</time>
        <extensions>
          <ns3:TrackPointExtension>
            <ns3:hr>126</ns3:hr>
            <ns3:cad>0</ns3:cad>
          </ns3:TrackPointExtension>
        </extensions>
      </trkpt>
      <trkpt lat="29.53140967525541782379150390625" lon="103.3299042284488677978515625">
        <ele>2713.60009765625</ele>
        <time>2025-07-06T08:45:03.000Z</time>
        <extensions>
          <ns3:TrackPointExtension>
            <ns3:hr>127</ns3:hr>
            <ns3:cad>0</ns3:cad>
          </ns3:TrackPointExtension>
        </extensions>
      </trkpt>
      <trkpt lat="29.53141001053154468536376953125" lon="103.32990649156272411346435546875">
        <ele>2713.800048828125</ele>
        <time>2025-07-06T08:45:04.000Z</time>
        <extensions>
          <ns3:TrackPointExtension>
            <ns3:hr>126</ns3:hr>
            <ns3:cad>0</ns3:cad>
          </ns3:TrackPointExtension>
        </extensions>
      </trkpt>
      <trkpt lat="29.53141252510249614715576171875" lon="103.3299069106578826904296875">
        <ele>2713.800048828125</ele>
        <time>2025-07-06T08:45:05.000Z</time>
        <extensions>
          <ns3:TrackPointExtension>
            <ns3:hr>126</ns3:hr>
            <ns3:cad>0</ns3:cad>
          </ns3:TrackPointExtension>
        </extensions>
      </trkpt>
      <trkpt lat="29.53141101635992527008056640625" lon="103.32990615628659725189208984375">
        <ele>2714</ele>
        <time>2025-07-06T08:45:06.000Z</time>
        <extensions>
          <ns3:TrackPointExtension>
            <ns3:hr>127</ns3:hr>
            <ns3:cad>0</ns3:cad>
          </ns3:TrackPointExtension>
        </extensions>
      </trkpt>
      <trkpt lat="29.53140598721802234649658203125" lon="103.329898528754711151123046875">
        <ele>2714</ele>
        <time>2025-07-06T08:45:07.000Z</time>
        <extensions>
          <ns3:TrackPointExtension>
            <ns3:hr>126</ns3:hr>
            <ns3:cad>0</ns3:cad>
          </ns3:TrackPointExtension>
        </extensions>
      </trkpt>
      <trkpt lat="29.5314064063131809234619140625" lon="103.3298966847360134124755859375">
        <ele>2714</ele>
        <time>2025-07-06T08:45:08.000Z</time>
        <extensions>
          <ns3:TrackPointExtension>
            <ns3:hr>126</ns3:hr>
            <ns3:cad>0</ns3:cad>
          </ns3:TrackPointExtension>
        </extensions>
      </trkpt>
      <trkpt lat="29.5314100943505764007568359375" lon="103.32990087568759918212890625">
        <ele>2713.800048828125</ele>
        <time>2025-07-06T08:45:09.000Z</time>
        <extensions>
          <ns3:TrackPointExtension>
            <ns3:hr>126</ns3:hr>
            <ns3:cad>0</ns3:cad>
          </ns3:TrackPointExtension>
        </extensions>
      </trkpt>
      <trkpt lat="29.5314122736454010009765625" lon="103.3299114368855953216552734375">
        <ele>2713.800048828125</ele>
        <time>2025-07-06T08:45:10.000Z</time>
        <extensions>
          <ns3:TrackPointExtension>
            <ns3:hr>126</ns3:hr>
            <ns3:cad>0</ns3:cad>
          </ns3:TrackPointExtension>
        </extensions>
      </trkpt>
      <trkpt lat="29.5314122736454010009765625" lon="103.3299231715500354766845703125">
        <ele>2713.60009765625</ele>
        <time>2025-07-06T08:45:11.000Z</time>
        <extensions>
          <ns3:TrackPointExtension>
            <ns3:hr>126</ns3:hr>
            <ns3:cad>0</ns3:cad>
          </ns3:TrackPointExtension>
        </extensions>
      </trkpt>
      <trkpt lat="29.5314203202724456787109375" lon="103.32992861978709697723388671875">
        <ele>2713.39990234375</ele>
        <time>2025-07-06T08:45:12.000Z</time>
        <extensions>
          <ns3:TrackPointExtension>
            <ns3:hr>126</ns3:hr>
            <ns3:cad>0</ns3:cad>
          </ns3:TrackPointExtension>
        </extensions>
      </trkpt>
      <trkpt lat="29.53142643906176090240478515625" lon="103.32993800751864910125732421875">
        <ele>2713</ele>
        <time>2025-07-06T08:45:13.000Z</time>
        <extensions>
          <ns3:TrackPointExtension>
            <ns3:hr>125</ns3:hr>
            <ns3:cad>0</ns3:cad>
          </ns3:TrackPointExtension>
        </extensions>
      </trkpt>
      <trkpt lat="29.53143012709915637969970703125" lon="103.32994169555604457855224609375">
        <ele>2712.60009765625</ele>
        <time>2025-07-06T08:45:14.000Z</time>
        <extensions>
          <ns3:TrackPointExtension>
            <ns3:hr>124</ns3:hr>
            <ns3:cad>0</ns3:cad>
          </ns3:TrackPointExtension>
        </extensions>
      </trkpt>
      <trkpt lat="29.531437419354915618896484375" lon="103.32994689233601093292236328125">
        <ele>2712.199951171875</ele>
        <time>2025-07-06T08:45:15.000Z</time>
        <extensions>
          <ns3:TrackPointExtension>
            <ns3:hr>122</ns3:hr>
            <ns3:cad>75</ns3:cad>
          </ns3:TrackPointExtension>
        </extensions>
      </trkpt>
      <trkpt lat="29.5314442925155162811279296875" lon="103.32995192147791385650634765625">
        <ele>2711.800048828125</ele>
        <time>2025-07-06T08:45:16.000Z</time>
        <extensions>
          <ns3:TrackPointExtension>
            <ns3:hr>120</ns3:hr>
            <ns3:cad>75</ns3:cad>
          </ns3:TrackPointExtension>
        </extensions>
      </trkpt>
      <trkpt lat="29.53144789673388004302978515625" lon="103.3299546875059604644775390625">
        <ele>2711.39990234375</ele>
        <time>2025-07-06T08:45:17.000Z</time>
        <extensions>
          <ns3:TrackPointExtension>
            <ns3:hr>119</ns3:hr>
            <ns3:cad>77</ns3:cad>
          </ns3:TrackPointExtension>
        </extensions>
      </trkpt>
      <trkpt lat="29.5314570330083370208740234375" lon="103.32995896227657794952392578125">
        <ele>2711</ele>
        <time>2025-07-06T08:45:18.000Z</time>
        <extensions>
          <ns3:TrackPointExtension>
            <ns3:hr>118</ns3:hr>
            <ns3:cad>77</ns3:cad>
          </ns3:TrackPointExtension>
        </extensions>
      </trkpt>
      <trkpt lat="29.5314630679786205291748046875" lon="103.329962901771068572998046875">
        <ele>2710.60009765625</ele>
        <time>2025-07-06T08:45:19.000Z</time>
        <extensions>
          <ns3:TrackPointExtension>
            <ns3:hr>118</ns3:hr>
            <ns3:cad>77</ns3:cad>
          </ns3:TrackPointExtension>
        </extensions>
      </trkpt>
      <trkpt lat="29.53146717511117458343505859375" lon="103.3299637399613857269287109375">
        <ele>2710.199951171875</ele>
        <time>2025-07-06T08:45:20.000Z</time>
        <extensions>
          <ns3:TrackPointExtension>
            <ns3:hr>117</ns3:hr>
            <ns3:cad>80</ns3:cad>
          </ns3:TrackPointExtension>
        </extensions>
      </trkpt>
      <trkpt lat="29.5314701087772846221923828125" lon="103.3299647457897663116455078125">
        <ele>2709.800048828125</ele>
        <time>2025-07-06T08:45:21.000Z</time>
        <extensions>
          <ns3:TrackPointExtension>
            <ns3:hr>117</ns3:hr>
            <ns3:cad>80</ns3:cad>
          </ns3:TrackPointExtension>
        </extensions>
      </trkpt>
      <trkpt lat="29.53147404827177524566650390625" lon="103.32996658980846405029296875">
        <ele>2709.39990234375</ele>
        <time>2025-07-06T08:45:22.000Z</time>
        <extensions>
          <ns3:TrackPointExtension>
            <ns3:hr>117</ns3:hr>
            <ns3:cad>80</ns3:cad>
          </ns3:TrackPointExtension>
        </extensions>
      </trkpt>
      <trkpt lat="29.53147840686142444610595703125" lon="103.329968266189098358154296875">
        <ele>2709</ele>
        <time>2025-07-06T08:45:23.000Z</time>
        <extensions>
          <ns3:TrackPointExtension>
            <ns3:hr>116</ns3:hr>
            <ns3:cad>81</ns3:cad>
          </ns3:TrackPointExtension>
        </extensions>
      </trkpt>
      <trkpt lat="29.5314808376133441925048828125" lon="103.32997522316873073577880859375">
        <ele>2708.60009765625</ele>
        <time>2025-07-06T08:45:24.000Z</time>
        <extensions>
          <ns3:TrackPointExtension>
            <ns3:hr>118</ns3:hr>
            <ns3:cad>81</ns3:cad>
          </ns3:TrackPointExtension>
        </extensions>
      </trkpt>
      <trkpt lat="29.53148595057427883148193359375" lon="103.32997388206422328948974609375">
        <ele>2708.199951171875</ele>
        <time>2025-07-06T08:45:25.000Z</time>
        <extensions>
          <ns3:TrackPointExtension>
            <ns3:hr>118</ns3:hr>
            <ns3:cad>81</ns3:cad>
          </ns3:TrackPointExtension>
        </extensions>
      </trkpt>
      <trkpt lat="29.53149047680199146270751953125" lon="103.329975306987762451171875">
        <ele>2708</ele>
        <time>2025-07-06T08:45:26.000Z</time>
        <extensions>
          <ns3:TrackPointExtension>
            <ns3:hr>118</ns3:hr>
            <ns3:cad>81</ns3:cad>
          </ns3:TrackPointExtension>
        </extensions>
      </trkpt>
      <trkpt lat="29.531494081020355224609375" lon="103.32997689954936504364013671875">
        <ele>2707.60009765625</ele>
        <time>2025-07-06T08:45:27.000Z</time>
        <extensions>
          <ns3:TrackPointExtension>
            <ns3:hr>118</ns3:hr>
            <ns3:cad>40</ns3:cad>
          </ns3:TrackPointExtension>
        </extensions>
      </trkpt>
      <trkpt lat="29.53149617649614810943603515625" lon="103.32997958175837993621826171875">
        <ele>2707.39990234375</ele>
        <time>2025-07-06T08:45:28.000Z</time>
        <extensions>
          <ns3:TrackPointExtension>
            <ns3:hr>117</ns3:hr>
            <ns3:cad>40</ns3:cad>
          </ns3:TrackPointExtension>
        </extensions>
      </trkpt>
      <trkpt lat="29.53150439076125621795654296875" lon="103.32998444326221942901611328125">
        <ele>2707</ele>
        <time>2025-07-06T08:45:29.000Z</time>
        <extensions>
          <ns3:TrackPointExtension>
            <ns3:hr>117</ns3:hr>
            <ns3:cad>40</ns3:cad>
          </ns3:TrackPointExtension>
        </extensions>
      </trkpt>
      <trkpt lat="29.53150841407477855682373046875" lon="103.32998804748058319091796875">
        <ele>2706.60009765625</ele>
        <time>2025-07-06T08:45:30.000Z</time>
        <extensions>
          <ns3:TrackPointExtension>
            <ns3:hr>117</ns3:hr>
            <ns3:cad>40</ns3:cad>
          </ns3:TrackPointExtension>
        </extensions>
      </trkpt>
      <trkpt lat="29.531515538692474365234375" lon="103.32999081350862979888916015625">
        <ele>2706.199951171875</ele>
        <time>2025-07-06T08:45:31.000Z</time>
        <extensions>
          <ns3:TrackPointExtension>
            <ns3:hr>116</ns3:hr>
            <ns3:cad>40</ns3:cad>
          </ns3:TrackPointExtension>
        </extensions>
      </trkpt>
      <trkpt lat="29.53152299858629703521728515625" lon="103.32999483682215213775634765625">
        <ele>2705.800048828125</ele>
        <time>2025-07-06T08:45:32.000Z</time>
        <extensions>
          <ns3:TrackPointExtension>
            <ns3:hr>117</ns3:hr>
            <ns3:cad>40</ns3:cad>
          </ns3:TrackPointExtension>
        </extensions>
      </trkpt>
      <trkpt lat="29.531531296670436859130859375" lon="103.33000036887824535369873046875">
        <ele>2705.39990234375</ele>
        <time>2025-07-06T08:45:33.000Z</time>
        <extensions>
          <ns3:TrackPointExtension>
            <ns3:hr>116</ns3:hr>
            <ns3:cad>79</ns3:cad>
          </ns3:TrackPointExtension>
        </extensions>
      </trkpt>
      <trkpt lat="29.53153900802135467529296875" lon="103.330004476010799407958984375">
        <ele>2705.199951171875</ele>
        <time>2025-07-06T08:45:34.000Z</time>
        <extensions>
          <ns3:TrackPointExtension>
            <ns3:hr>116</ns3:hr>
            <ns3:cad>79</ns3:cad>
          </ns3:TrackPointExtension>
        </extensions>
      </trkpt>
      <trkpt lat="29.53154646791517734527587890625" lon="103.3300049789249897003173828125">
        <ele>2704.800048828125</ele>
        <time>2025-07-06T08:45:35.000Z</time>
        <extensions>
          <ns3:TrackPointExtension>
            <ns3:hr>116</ns3:hr>
            <ns3:cad>76</ns3:cad>
          </ns3:TrackPointExtension>
        </extensions>
      </trkpt>
      <trkpt lat="29.5315515808761119842529296875" lon="103.33000791259109973907470703125">
        <ele>2704.39990234375</ele>
        <time>2025-07-06T08:45:36.000Z</time>
        <extensions>
          <ns3:TrackPointExtension>
            <ns3:hr>116</ns3:hr>
            <ns3:cad>75</ns3:cad>
          </ns3:TrackPointExtension>
        </extensions>
      </trkpt>
      <trkpt lat="29.53155837021768093109130859375" lon="103.330010510981082916259765625">
        <ele>2704</ele>
        <time>2025-07-06T08:45:37.000Z</time>
        <extensions>
          <ns3:TrackPointExtension>
            <ns3:hr>116</ns3:hr>
            <ns3:cad>75</ns3:cad>
          </ns3:TrackPointExtension>
        </extensions>
      </trkpt>
      <trkpt lat="29.53156826086342334747314453125" lon="103.3300123549997806549072265625">
        <ele>2703.800048828125</ele>
        <time>2025-07-06T08:45:38.000Z</time>
        <extensions>
          <ns3:TrackPointExtension>
            <ns3:hr>116</ns3:hr>
            <ns3:cad>74</ns3:cad>
          </ns3:TrackPointExtension>
        </extensions>
      </trkpt>
      <trkpt lat="29.53157429583370685577392578125" lon="103.3300183899700641632080078125">
        <ele>2703.39990234375</ele>
        <time>2025-07-06T08:45:39.000Z</time>
        <extensions>
          <ns3:TrackPointExtension>
            <ns3:hr>116</ns3:hr>
            <ns3:cad>74</ns3:cad>
          </ns3:TrackPointExtension>
        </extensions>
      </trkpt>
      <trkpt lat="29.53157681040465831756591796875" lon="103.330023922026157379150390625">
        <ele>2703.199951171875</ele>
        <time>2025-07-06T08:45:40.000Z</time>
        <extensions>
          <ns3:TrackPointExtension>
            <ns3:hr>115</ns3:hr>
            <ns3:cad>75</ns3:cad>
          </ns3:TrackPointExtension>
        </extensions>
      </trkpt>
      <trkpt lat="29.53158133663237094879150390625" lon="103.330028615891933441162109375">
        <ele>2702.800048828125</ele>
        <time>2025-07-06T08:45:41.000Z</time>
        <extensions>
          <ns3:TrackPointExtension>
            <ns3:hr>116</ns3:hr>
            <ns3:cad>75</ns3:cad>
          </ns3:TrackPointExtension>
        </extensions>
      </trkpt>
      <trkpt lat="29.53158326447010040283203125" lon="103.3300287835299968719482421875">
        <ele>2702.39990234375</ele>
        <time>2025-07-06T08:45:42.000Z</time>
        <extensions>
          <ns3:TrackPointExtension>
            <ns3:hr>117</ns3:hr>
            <ns3:cad>75</ns3:cad>
          </ns3:TrackPointExtension>
        </extensions>
      </trkpt>
      <trkpt lat="29.53158921562135219573974609375" lon="103.33003238774836063385009765625">
        <ele>2702.199951171875</ele>
        <time>2025-07-06T08:45:43.000Z</time>
        <extensions>
          <ns3:TrackPointExtension>
            <ns3:hr>117</ns3:hr>
            <ns3:cad>75</ns3:cad>
          </ns3:TrackPointExtension>
        </extensions>
      </trkpt>
      <trkpt lat="29.53159541822969913482666015625" lon="103.33003574050962924957275390625">
        <ele>2701.800048828125</ele>
        <time>2025-07-06T08:45:44.000Z</time>
        <extensions>
          <ns3:TrackPointExtension>
            <ns3:hr>117</ns3:hr>
            <ns3:cad>77</ns3:cad>
          </ns3:TrackPointExtension>
        </extensions>
      </trkpt>
      <trkpt lat="29.53160480596125125885009765625" lon="103.33003959618508815765380859375">
        <ele>2701.39990234375</ele>
        <time>2025-07-06T08:45:45.000Z</time>
        <extensions>
          <ns3:TrackPointExtension>
            <ns3:hr>117</ns3:hr>
            <ns3:cad>77</ns3:cad>
          </ns3:TrackPointExtension>
        </extensions>
      </trkpt>
      <trkpt lat="29.5316107571125030517578125" lon="103.33004244603216648101806640625">
        <ele>2701.199951171875</ele>
        <time>2025-07-06T08:45:46.000Z</time>
        <extensions>
          <ns3:TrackPointExtension>
            <ns3:hr>118</ns3:hr>
            <ns3:cad>76</ns3:cad>
          </ns3:TrackPointExtension>
        </extensions>
      </trkpt>
      <trkpt lat="29.53161737881600856781005859375" lon="103.3300455473363399505615234375">
        <ele>2700.800048828125</ele>
        <time>2025-07-06T08:45:47.000Z</time>
        <extensions>
          <ns3:TrackPointExtension>
            <ns3:hr>119</ns3:hr>
            <ns3:cad>76</ns3:cad>
          </ns3:TrackPointExtension>
        </extensions>
      </trkpt>
      <trkpt lat="29.53162995167076587677001953125" lon="103.33004630170762538909912109375">
        <ele>2700.60009765625</ele>
        <time>2025-07-06T08:45:48.000Z</time>
        <extensions>
          <ns3:TrackPointExtension>
            <ns3:hr>119</ns3:hr>
            <ns3:cad>76</ns3:cad>
          </ns3:TrackPointExtension>
        </extensions>
      </trkpt>
      <trkpt lat="29.53163414262235164642333984375" lon="103.3300482295453548431396484375">
        <ele>2700.199951171875</ele>
        <time>2025-07-06T08:45:49.000Z</time>
        <extensions>
          <ns3:TrackPointExtension>
            <ns3:hr>119</ns3:hr>
            <ns3:cad>74</ns3:cad>
          </ns3:TrackPointExtension>
        </extensions>
      </trkpt>
      <trkpt lat="29.53163883648812770843505859375" lon="103.33004898391664028167724609375">
        <ele>2700</ele>
        <time>2025-07-06T08:45:50.000Z</time>
        <extensions>
          <ns3:TrackPointExtension>
            <ns3:hr>119</ns3:hr>
            <ns3:cad>73</ns3:cad>
          </ns3:TrackPointExtension>
        </extensions>
      </trkpt>
      <trkpt lat="29.53164235688745975494384765625" lon="103.33004713989794254302978515625">
        <ele>2699.60009765625</ele>
        <time>2025-07-06T08:45:51.000Z</time>
        <extensions>
          <ns3:TrackPointExtension>
            <ns3:hr>120</ns3:hr>
            <ns3:cad>73</ns3:cad>
          </ns3:TrackPointExtension>
        </extensions>
      </trkpt>
      <trkpt lat="29.53165073879063129425048828125" lon="103.3300482295453548431396484375">
        <ele>2699.39990234375</ele>
        <time>2025-07-06T08:45:52.000Z</time>
        <extensions>
          <ns3:TrackPointExtension>
            <ns3:hr>121</ns3:hr>
            <ns3:cad>73</ns3:cad>
          </ns3:TrackPointExtension>
        </extensions>
      </trkpt>
      <trkpt lat="29.53165861777961254119873046875" lon="103.33004839718341827392578125">
        <ele>2699</ele>
        <time>2025-07-06T08:45:53.000Z</time>
        <extensions>
          <ns3:TrackPointExtension>
            <ns3:hr>121</ns3:hr>
            <ns3:cad>73</ns3:cad>
          </ns3:TrackPointExtension>
        </extensions>
      </trkpt>
      <trkpt lat="29.53166683204472064971923828125" lon="103.33004948683083057403564453125">
        <ele>2698.60009765625</ele>
        <time>2025-07-06T08:45:54.000Z</time>
        <extensions>
          <ns3:TrackPointExtension>
            <ns3:hr>121</ns3:hr>
            <ns3:cad>75</ns3:cad>
          </ns3:TrackPointExtension>
        </extensions>
      </trkpt>
      <trkpt lat="29.53167705796658992767333984375" lon="103.330054096877574920654296875">
        <ele>2698.39990234375</ele>
        <time>2025-07-06T08:45:55.000Z</time>
        <extensions>
          <ns3:TrackPointExtension>
            <ns3:hr>122</ns3:hr>
            <ns3:cad>75</ns3:cad>
          </ns3:TrackPointExtension>
        </extensions>
      </trkpt>
      <trkpt lat="29.53168376348912715911865234375" lon="103.330057449638843536376953125">
        <ele>2698</ele>
        <time>2025-07-06T08:45:56.000Z</time>
        <extensions>
          <ns3:TrackPointExtension>
            <ns3:hr>122</ns3:hr>
            <ns3:cad>79</ns3:cad>
          </ns3:TrackPointExtension>
        </extensions>
      </trkpt>
      <trkpt lat="29.5316957496106624603271484375" lon="103.33005870692431926727294921875">
        <ele>2697.800048828125</ele>
        <time>2025-07-06T08:45:57.000Z</time>
        <extensions>
          <ns3:TrackPointExtension>
            <ns3:hr>122</ns3:hr>
            <ns3:cad>80</ns3:cad>
          </ns3:TrackPointExtension>
        </extensions>
      </trkpt>
      <trkpt lat="29.53170404769480228424072265625" lon="103.33006172440946102142333984375">
        <ele>2697.39990234375</ele>
        <time>2025-07-06T08:45:58.000Z</time>
        <extensions>
          <ns3:TrackPointExtension>
            <ns3:hr>121</ns3:hr>
            <ns3:cad>80</ns3:cad>
          </ns3:TrackPointExtension>
        </extensions>
      </trkpt>
      <trkpt lat="29.53170974738895893096923828125" lon="103.33006708882749080657958984375">
        <ele>2697</ele>
        <time>2025-07-06T08:45:59.000Z</time>
        <extensions>
          <ns3:TrackPointExtension>
            <ns3:hr>122</ns3:hr>
            <ns3:cad>80</ns3:cad>
          </ns3:TrackPointExtension>
        </extensions>
      </trkpt>
      <trkpt lat="29.53171469271183013916015625" lon="103.33007312379777431488037109375">
        <ele>2696.60009765625</ele>
        <time>2025-07-06T08:46:00.000Z</time>
        <extensions>
          <ns3:TrackPointExtension>
            <ns3:hr>122</ns3:hr>
            <ns3:cad>80</ns3:cad>
          </ns3:TrackPointExtension>
        </extensions>
      </trkpt>
      <trkpt lat="29.5317180454730987548828125" lon="103.3300841040909290313720703125">
        <ele>2696.199951171875</ele>
        <time>2025-07-06T08:46:01.000Z</time>
        <extensions>
          <ns3:TrackPointExtension>
            <ns3:hr>121</ns3:hr>
            <ns3:cad>79</ns3:cad>
          </ns3:TrackPointExtension>
        </extensions>
      </trkpt>
      <trkpt lat="29.53172584064304828643798828125" lon="103.33009726367890834808349609375">
        <ele>2695.800048828125</ele>
        <time>2025-07-06T08:46:02.000Z</time>
        <extensions>
          <ns3:TrackPointExtension>
            <ns3:hr>122</ns3:hr>
            <ns3:cad>79</ns3:cad>
          </ns3:TrackPointExtension>
        </extensions>
      </trkpt>
      <trkpt lat="29.53173338435590267181396484375" lon="103.3301069028675556182861328125">
        <ele>2695.60009765625</ele>
        <time>2025-07-06T08:46:03.000Z</time>
        <extensions>
          <ns3:TrackPointExtension>
            <ns3:hr>122</ns3:hr>
            <ns3:cad>79</ns3:cad>
          </ns3:TrackPointExtension>
        </extensions>
      </trkpt>
      <trkpt lat="29.53174226917326450347900390625" lon="103.33011402748525142669677734375">
        <ele>2695.39990234375</ele>
        <time>2025-07-06T08:46:04.000Z</time>
        <extensions>
          <ns3:TrackPointExtension>
            <ns3:hr>121</ns3:hr>
            <ns3:cad>79</ns3:cad>
          </ns3:TrackPointExtension>
        </extensions>
      </trkpt>
      <trkpt lat="29.5317473821341991424560546875" lon="103.33011821843683719635009765625">
        <ele>2695.199951171875</ele>
        <time>2025-07-06T08:46:05.000Z</time>
        <extensions>
          <ns3:TrackPointExtension>
            <ns3:hr>122</ns3:hr>
            <ns3:cad>79</ns3:cad>
          </ns3:TrackPointExtension>
        </extensions>
      </trkpt>
      <trkpt lat="29.53175215981900691986083984375" lon="103.33012945018708705902099609375">
        <ele>2695</ele>
        <time>2025-07-06T08:46:06.000Z</time>
        <extensions>
          <ns3:TrackPointExtension>
            <ns3:hr>121</ns3:hr>
            <ns3:cad>79</ns3:cad>
          </ns3:TrackPointExtension>
        </extensions>
      </trkpt>
      <trkpt lat="29.53175853006541728973388671875" lon="103.33013917319476604461669921875">
        <ele>2694.800048828125</ele>
        <time>2025-07-06T08:46:07.000Z</time>
        <extensions>
          <ns3:TrackPointExtension>
            <ns3:hr>121</ns3:hr>
            <ns3:cad>79</ns3:cad>
          </ns3:TrackPointExtension>
        </extensions>
      </trkpt>
      <trkpt lat="29.53176506794989109039306640625" lon="103.33014604635536670684814453125">
        <ele>2694.60009765625</ele>
        <time>2025-07-06T08:46:08.000Z</time>
        <extensions>
          <ns3:TrackPointExtension>
            <ns3:hr>121</ns3:hr>
            <ns3:cad>72</ns3:cad>
          </ns3:TrackPointExtension>
        </extensions>
      </trkpt>
      <trkpt lat="29.53177236020565032958984375" lon="103.33015191368758678436279296875">
        <ele>2694.199951171875</ele>
        <time>2025-07-06T08:46:09.000Z</time>
        <extensions>
          <ns3:TrackPointExtension>
            <ns3:hr>121</ns3:hr>
            <ns3:cad>72</ns3:cad>
          </ns3:TrackPointExtension>
        </extensions>
      </trkpt>
      <trkpt lat="29.53177646733820438385009765625" lon="103.3301598764955997467041015625">
        <ele>2694</ele>
        <time>2025-07-06T08:46:10.000Z</time>
        <extensions>
          <ns3:TrackPointExtension>
            <ns3:hr>121</ns3:hr>
            <ns3:cad>72</ns3:cad>
          </ns3:TrackPointExtension>
        </extensions>
      </trkpt>
      <trkpt lat="29.53178132884204387664794921875" lon="103.3301638998091220855712890625">
        <ele>2693.800048828125</ele>
        <time>2025-07-06T08:46:11.000Z</time>
        <extensions>
          <ns3:TrackPointExtension>
            <ns3:hr>121</ns3:hr>
            <ns3:cad>85</ns3:cad>
          </ns3:TrackPointExtension>
        </extensions>
      </trkpt>
      <trkpt lat="29.53178401105105876922607421875" lon="103.33017177879810333251953125">
        <ele>2693.60009765625</ele>
        <time>2025-07-06T08:46:12.000Z</time>
        <extensions>
          <ns3:TrackPointExtension>
            <ns3:hr>121</ns3:hr>
            <ns3:cad>85</ns3:cad>
          </ns3:TrackPointExtension>
        </extensions>
      </trkpt>
      <trkpt lat="29.53178501687943935394287109375" lon="103.33018024452030658721923828125">
        <ele>2693.199951171875</ele>
        <time>2025-07-06T08:46:13.000Z</time>
        <extensions>
          <ns3:TrackPointExtension>
            <ns3:hr>121</ns3:hr>
            <ns3:cad>85</ns3:cad>
          </ns3:TrackPointExtension>
        </extensions>
      </trkpt>
      <trkpt lat="29.53178702853620052337646484375" lon="103.33018720149993896484375">
        <ele>2693</ele>
        <time>2025-07-06T08:46:14.000Z</time>
        <extensions>
          <ns3:TrackPointExtension>
            <ns3:hr>120</ns3:hr>
            <ns3:cad>85</ns3:cad>
          </ns3:TrackPointExtension>
        </extensions>
      </trkpt>
      <trkpt lat="29.53179373405873775482177734375" lon="103.33019533194601535797119140625">
        <ele>2692.60009765625</ele>
        <time>2025-07-06T08:46:15.000Z</time>
        <extensions>
          <ns3:TrackPointExtension>
            <ns3:hr>121</ns3:hr>
            <ns3:cad>83</ns3:cad>
          </ns3:TrackPointExtension>
        </extensions>
      </trkpt>
      <trkpt lat="29.5317976735532283782958984375" lon="103.33020019344985485076904296875">
        <ele>2692.39990234375</ele>
        <time>2025-07-06T08:46:16.000Z</time>
        <extensions>
          <ns3:TrackPointExtension>
            <ns3:hr>121</ns3:hr>
            <ns3:cad>75</ns3:cad>
          </ns3:TrackPointExtension>
        </extensions>
      </trkpt>
      <trkpt lat="29.531803540885448455810546875" lon="103.3302071504294872283935546875">
        <ele>2692</ele>
        <time>2025-07-06T08:46:17.000Z</time>
        <extensions>
          <ns3:TrackPointExtension>
            <ns3:hr>120</ns3:hr>
            <ns3:cad>75</ns3:cad>
          </ns3:TrackPointExtension>
        </extensions>
      </trkpt>
      <trkpt lat="29.531807564198970794677734375" lon="103.33020932972431182861328125">
        <ele>2691.60009765625</ele>
        <time>2025-07-06T08:46:18.000Z</time>
        <extensions>
          <ns3:TrackPointExtension>
            <ns3:hr>120</ns3:hr>
            <ns3:cad>75</ns3:cad>
          </ns3:TrackPointExtension>
        </extensions>
      </trkpt>
      <trkpt lat="29.53181250952184200286865234375" lon="103.330216370522975921630859375">
        <ele>2691.39990234375</ele>
        <time>2025-07-06T08:46:19.000Z</time>
        <extensions>
          <ns3:TrackPointExtension>
            <ns3:hr>120</ns3:hr>
            <ns3:cad>75</ns3:cad>
          </ns3:TrackPointExtension>
        </extensions>
      </trkpt>
      <trkpt lat="29.53181804157793521881103515625" lon="103.33021896891295909881591796875">
        <ele>2691</ele>
        <time>2025-07-06T08:46:20.000Z</time>
        <extensions>
          <ns3:TrackPointExtension>
            <ns3:hr>120</ns3:hr>
            <ns3:cad>75</ns3:cad>
          </ns3:TrackPointExtension>
        </extensions>
      </trkpt>
      <trkpt lat="29.53182256780564785003662109375" lon="103.33022165112197399139404296875">
        <ele>2690.800048828125</ele>
        <time>2025-07-06T08:46:21.000Z</time>
        <extensions>
          <ns3:TrackPointExtension>
            <ns3:hr>120</ns3:hr>
            <ns3:cad>72</ns3:cad>
          </ns3:TrackPointExtension>
        </extensions>
      </trkpt>
      <trkpt lat="29.53182558529078960418701171875" lon="103.3302260935306549072265625">
        <ele>2690.39990234375</ele>
        <time>2025-07-06T08:46:22.000Z</time>
        <extensions>
          <ns3:TrackPointExtension>
            <ns3:hr>120</ns3:hr>
            <ns3:cad>70</ns3:cad>
          </ns3:TrackPointExtension>
        </extensions>
      </trkpt>
      <trkpt lat="29.53183128498494625091552734375" lon="103.330231122672557830810546875">
        <ele>2690.199951171875</ele>
        <time>2025-07-06T08:46:23.000Z</time>
        <extensions>
          <ns3:TrackPointExtension>
            <ns3:hr>120</ns3:hr>
            <ns3:cad>70</ns3:cad>
          </ns3:TrackPointExtension>
        </extensions>
      </trkpt>
      <trkpt lat="29.53183480538427829742431640625" lon="103.33023615181446075439453125">
        <ele>2689.800048828125</ele>
        <time>2025-07-06T08:46:24.000Z</time>
        <extensions>
          <ns3:TrackPointExtension>
            <ns3:hr>120</ns3:hr>
            <ns3:cad>70</ns3:cad>
          </ns3:TrackPointExtension>
        </extensions>
      </trkpt>
      <trkpt lat="29.5318462885916233062744140625" lon="103.3302395045757293701171875">
        <ele>2689.60009765625</ele>
        <time>2025-07-06T08:46:25.000Z</time>
        <extensions>
          <ns3:TrackPointExtension>
            <ns3:hr>120</ns3:hr>
            <ns3:cad>72</ns3:cad>
          </ns3:TrackPointExtension>
        </extensions>
      </trkpt>
      <trkpt lat="29.531851820647716522216796875" lon="103.330241180956363677978515625">
        <ele>2689.199951171875</ele>
        <time>2025-07-06T08:46:26.000Z</time>
        <extensions>
          <ns3:TrackPointExtension>
            <ns3:hr>120</ns3:hr>
            <ns3:cad>72</ns3:cad>
          </ns3:TrackPointExtension>
        </extensions>
      </trkpt>
      <trkpt lat="29.5318590290844440460205078125" lon="103.33024512045085430145263671875">
        <ele>2689</ele>
        <time>2025-07-06T08:46:27.000Z</time>
        <extensions>
          <ns3:TrackPointExtension>
            <ns3:hr>120</ns3:hr>
            <ns3:cad>73</ns3:cad>
          </ns3:TrackPointExtension>
        </extensions>
      </trkpt>
      <trkpt lat="29.53186196275055408477783203125" lon="103.3302447013556957244873046875">
        <ele>2688.60009765625</ele>
        <time>2025-07-06T08:46:28.000Z</time>
        <extensions>
          <ns3:TrackPointExtension>
            <ns3:hr>120</ns3:hr>
            <ns3:cad>74</ns3:cad>
          </ns3:TrackPointExtension>
        </extensions>
      </trkpt>
      <trkpt lat="29.53186481259763240814208984375" lon="103.3302453719079494476318359375">
        <ele>2688.39990234375</ele>
        <time>2025-07-06T08:46:29.000Z</time>
        <extensions>
          <ns3:TrackPointExtension>
            <ns3:hr>120</ns3:hr>
            <ns3:cad>74</ns3:cad>
          </ns3:TrackPointExtension>
        </extensions>
      </trkpt>
      <trkpt lat="29.53186850063502788543701171875" lon="103.330247215926647186279296875">
        <ele>2688</ele>
        <time>2025-07-06T08:46:30.000Z</time>
        <extensions>
          <ns3:TrackPointExtension>
            <ns3:hr>121</ns3:hr>
            <ns3:cad>72</ns3:cad>
          </ns3:TrackPointExtension>
        </extensions>
      </trkpt>
      <trkpt lat="29.53187294304370880126953125" lon="103.3302507363259792327880859375">
        <ele>2687.800048828125</ele>
        <time>2025-07-06T08:46:31.000Z</time>
        <extensions>
          <ns3:TrackPointExtension>
            <ns3:hr>121</ns3:hr>
            <ns3:cad>72</ns3:cad>
          </ns3:TrackPointExtension>
        </extensions>
      </trkpt>
      <trkpt lat="29.531874954700469970703125" lon="103.330251909792423248291015625">
        <ele>2687.39990234375</ele>
        <time>2025-07-06T08:46:32.000Z</time>
        <extensions>
          <ns3:TrackPointExtension>
            <ns3:hr>121</ns3:hr>
            <ns3:cad>72</ns3:cad>
          </ns3:TrackPointExtension>
        </extensions>
      </trkpt>
      <trkpt lat="29.53188107348978519439697265625" lon="103.33025316707789897918701171875">
        <ele>2687</ele>
        <time>2025-07-06T08:46:33.000Z</time>
        <extensions>
          <ns3:TrackPointExtension>
            <ns3:hr>122</ns3:hr>
            <ns3:cad>72</ns3:cad>
          </ns3:TrackPointExtension>
        </extensions>
      </trkpt>
      <trkpt lat="29.53189113177359104156494140625" lon="103.330253921449184417724609375">
        <ele>2686.60009765625</ele>
        <time>2025-07-06T08:46:34.000Z</time>
        <extensions>
          <ns3:TrackPointExtension>
            <ns3:hr>122</ns3:hr>
            <ns3:cad>72</ns3:cad>
          </ns3:TrackPointExtension>
        </extensions>
      </trkpt>
      <trkpt lat="29.53189842402935028076171875" lon="103.33025266416370868682861328125">
        <ele>2686.39990234375</ele>
        <time>2025-07-06T08:46:35.000Z</time>
        <extensions>
          <ns3:TrackPointExtension>
            <ns3:hr>122</ns3:hr>
            <ns3:cad>72</ns3:cad>
          </ns3:TrackPointExtension>
        </extensions>
      </trkpt>
      <trkpt lat="29.53190521337091922760009765625" lon="103.3302524127066135406494140625">
        <ele>2686</ele>
        <time>2025-07-06T08:46:36.000Z</time>
        <extensions>
          <ns3:TrackPointExtension>
            <ns3:hr>121</ns3:hr>
            <ns3:cad>72</ns3:cad>
          </ns3:TrackPointExtension>
        </extensions>
      </trkpt>
      <trkpt lat="29.5319111645221710205078125" lon="103.33025350235402584075927734375">
        <ele>2685.60009765625</ele>
        <time>2025-07-06T08:46:37.000Z</time>
        <extensions>
          <ns3:TrackPointExtension>
            <ns3:hr>122</ns3:hr>
            <ns3:cad>71</ns3:cad>
          </ns3:TrackPointExtension>
        </extensions>
      </trkpt>
      <trkpt lat="29.5319165289402008056640625" lon="103.3302529156208038330078125">
        <ele>2685.199951171875</ele>
        <time>2025-07-06T08:46:38.000Z</time>
        <extensions>
          <ns3:TrackPointExtension>
            <ns3:hr>122</ns3:hr>
            <ns3:cad>71</ns3:cad>
          </ns3:TrackPointExtension>
        </extensions>
      </trkpt>
      <trkpt lat="29.53192214481532573699951171875" lon="103.33025031723082065582275390625">
        <ele>2684.800048828125</ele>
        <time>2025-07-06T08:46:39.000Z</time>
        <extensions>
          <ns3:TrackPointExtension>
            <ns3:hr>121</ns3:hr>
            <ns3:cad>71</ns3:cad>
          </ns3:TrackPointExtension>
        </extensions>
      </trkpt>
      <trkpt lat="29.5319368131458759307861328125" lon="103.33025082014501094818115234375">
        <ele>2684.39990234375</ele>
        <time>2025-07-06T08:46:40.000Z</time>
        <extensions>
          <ns3:TrackPointExtension>
            <ns3:hr>121</ns3:hr>
            <ns3:cad>71</ns3:cad>
          </ns3:TrackPointExtension>
        </extensions>
      </trkpt>
      <trkpt lat="29.5319462008774280548095703125" lon="103.3302497304975986480712890625">
        <ele>2684.199951171875</ele>
        <time>2025-07-06T08:46:41.000Z</time>
        <extensions>
          <ns3:TrackPointExtension>
            <ns3:hr>121</ns3:hr>
            <ns3:cad>71</ns3:cad>
          </ns3:TrackPointExtension>
        </extensions>
      </trkpt>
      <trkpt lat="29.53195114620029926300048828125" lon="103.33024763502180576324462890625">
        <ele>2683.800048828125</ele>
        <time>2025-07-06T08:46:42.000Z</time>
        <extensions>
          <ns3:TrackPointExtension>
            <ns3:hr>121</ns3:hr>
            <ns3:cad>71</ns3:cad>
          </ns3:TrackPointExtension>
        </extensions>
      </trkpt>
      <trkpt lat="29.53195449896156787872314453125" lon="103.33024914376437664031982421875">
        <ele>2683.60009765625</ele>
        <time>2025-07-06T08:46:43.000Z</time>
        <extensions>
          <ns3:TrackPointExtension>
            <ns3:hr>121</ns3:hr>
            <ns3:cad>71</ns3:cad>
          </ns3:TrackPointExtension>
        </extensions>
      </trkpt>
      <trkpt lat="29.5319596119225025177001953125" lon="103.3302490599453449249267578125">
        <ele>2683.199951171875</ele>
        <time>2025-07-06T08:46:44.000Z</time>
        <extensions>
          <ns3:TrackPointExtension>
            <ns3:hr>122</ns3:hr>
            <ns3:cad>71</ns3:cad>
          </ns3:TrackPointExtension>
        </extensions>
      </trkpt>
      <trkpt lat="29.53196346759796142578125" lon="103.33024813793599605560302734375">
        <ele>2683</ele>
        <time>2025-07-06T08:46:45.000Z</time>
        <extensions>
          <ns3:TrackPointExtension>
            <ns3:hr>121</ns3:hr>
            <ns3:cad>71</ns3:cad>
          </ns3:TrackPointExtension>
        </extensions>
      </trkpt>
      <trkpt lat="29.53196958638727664947509765625" lon="103.33024947904050350189208984375">
        <ele>2682.60009765625</ele>
        <time>2025-07-06T08:46:46.000Z</time>
        <extensions>
          <ns3:TrackPointExtension>
            <ns3:hr>120</ns3:hr>
            <ns3:cad>71</ns3:cad>
          </ns3:TrackPointExtension>
        </extensions>
      </trkpt>
      <trkpt lat="29.5319782197475433349609375" lon="103.33024956285953521728515625">
        <ele>2682.199951171875</ele>
        <time>2025-07-06T08:46:47.000Z</time>
        <extensions>
          <ns3:TrackPointExtension>
            <ns3:hr>119</ns3:hr>
            <ns3:cad>71</ns3:cad>
          </ns3:TrackPointExtension>
        </extensions>
      </trkpt>
      <trkpt lat="29.5319835841655731201171875" lon="103.33025249652564525604248046875">
        <ele>2681.800048828125</ele>
        <time>2025-07-06T08:46:48.000Z</time>
        <extensions>
          <ns3:TrackPointExtension>
            <ns3:hr>118</ns3:hr>
            <ns3:cad>72</ns3:cad>
          </ns3:TrackPointExtension>
        </extensions>
      </trkpt>
      <trkpt lat="29.53199154697358608245849609375" lon="103.3302520774304866790771484375">
        <ele>2681.39990234375</ele>
        <time>2025-07-06T08:46:49.000Z</time>
        <extensions>
          <ns3:TrackPointExtension>
            <ns3:hr>118</ns3:hr>
            <ns3:cad>72</ns3:cad>
          </ns3:TrackPointExtension>
        </extensions>
      </trkpt>
      <trkpt lat="29.532005377113819122314453125" lon="103.33025417290627956390380859375">
        <ele>2681</ele>
        <time>2025-07-06T08:46:50.000Z</time>
        <extensions>
          <ns3:TrackPointExtension>
            <ns3:hr>118</ns3:hr>
            <ns3:cad>72</ns3:cad>
          </ns3:TrackPointExtension>
        </extensions>
      </trkpt>
      <trkpt lat="29.53200898133218288421630859375" lon="103.33025031723082065582275390625">
        <ele>2680.39990234375</ele>
        <time>2025-07-06T08:46:51.000Z</time>
        <extensions>
          <ns3:TrackPointExtension>
            <ns3:hr>118</ns3:hr>
            <ns3:cad>72</ns3:cad>
          </ns3:TrackPointExtension>
        </extensions>
      </trkpt>
      <trkpt lat="29.53201241791248321533203125" lon="103.3302524127066135406494140625">
        <ele>2680</ele>
        <time>2025-07-06T08:46:52.000Z</time>
        <extensions>
          <ns3:TrackPointExtension>
            <ns3:hr>117</ns3:hr>
            <ns3:cad>72</ns3:cad>
          </ns3:TrackPointExtension>
        </extensions>
      </trkpt>
      <trkpt lat="29.53201836906373500823974609375" lon="103.33025551401078701019287109375">
        <ele>2679.800048828125</ele>
        <time>2025-07-06T08:46:53.000Z</time>
        <extensions>
          <ns3:TrackPointExtension>
            <ns3:hr>117</ns3:hr>
            <ns3:cad>72</ns3:cad>
          </ns3:TrackPointExtension>
        </extensions>
      </trkpt>
      <trkpt lat="29.5320233143866062164306640625" lon="103.330255262553691864013671875">
        <ele>2679.39990234375</ele>
        <time>2025-07-06T08:46:54.000Z</time>
        <extensions>
          <ns3:TrackPointExtension>
            <ns3:hr>117</ns3:hr>
            <ns3:cad>72</ns3:cad>
          </ns3:TrackPointExtension>
        </extensions>
      </trkpt>
      <trkpt lat="29.5320320315659046173095703125" lon="103.3302591182291507720947265625">
        <ele>2679.199951171875</ele>
        <time>2025-07-06T08:46:55.000Z</time>
        <extensions>
          <ns3:TrackPointExtension>
            <ns3:hr>117</ns3:hr>
            <ns3:cad>72</ns3:cad>
          </ns3:TrackPointExtension>
        </extensions>
      </trkpt>
      <trkpt lat="29.53203563578426837921142578125" lon="103.33025702275335788726806640625">
        <ele>2678.800048828125</ele>
        <time>2025-07-06T08:46:56.000Z</time>
        <extensions>
          <ns3:TrackPointExtension>
            <ns3:hr>118</ns3:hr>
            <ns3:cad>72</ns3:cad>
          </ns3:TrackPointExtension>
        </extensions>
      </trkpt>
      <trkpt lat="29.532040916383266448974609375" lon="103.3302577771246433258056640625">
        <ele>2678.60009765625</ele>
        <time>2025-07-06T08:46:57.000Z</time>
        <extensions>
          <ns3:TrackPointExtension>
            <ns3:hr>117</ns3:hr>
            <ns3:cad>72</ns3:cad>
          </ns3:TrackPointExtension>
        </extensions>
      </trkpt>
      <trkpt lat="29.53204720281064510345458984375" lon="103.33025626838207244873046875">
        <ele>2678.199951171875</ele>
        <time>2025-07-06T08:46:58.000Z</time>
        <extensions>
          <ns3:TrackPointExtension>
            <ns3:hr>118</ns3:hr>
            <ns3:cad>72</ns3:cad>
          </ns3:TrackPointExtension>
        </extensions>
      </trkpt>
      <trkpt lat="29.53205642290413379669189453125" lon="103.33025836385786533355712890625">
        <ele>2677.800048828125</ele>
        <time>2025-07-06T08:46:59.000Z</time>
        <extensions>
          <ns3:TrackPointExtension>
            <ns3:hr>118</ns3:hr>
            <ns3:cad>75</ns3:cad>
          </ns3:TrackPointExtension>
        </extensions>
      </trkpt>
      <trkpt lat="29.53206027857959270477294921875" lon="103.33025853149592876434326171875">
        <ele>2677.39990234375</ele>
        <time>2025-07-06T08:47:00.000Z</time>
        <extensions>
          <ns3:TrackPointExtension>
            <ns3:hr>118</ns3:hr>
            <ns3:cad>75</ns3:cad>
          </ns3:TrackPointExtension>
        </extensions>
      </trkpt>
      <trkpt lat="29.532067738473415374755859375" lon="103.330258615314960479736328125">
        <ele>2677.199951171875</ele>
        <time>2025-07-06T08:47:01.000Z</time>
        <extensions>
          <ns3:TrackPointExtension>
            <ns3:hr>119</ns3:hr>
            <ns3:cad>75</ns3:cad>
          </ns3:TrackPointExtension>
        </extensions>
      </trkpt>
      <trkpt lat="29.53207503072917461395263671875" lon="103.330259285867214202880859375">
        <ele>2676.800048828125</ele>
        <time>2025-07-06T08:47:02.000Z</time>
        <extensions>
          <ns3:TrackPointExtension>
            <ns3:hr>119</ns3:hr>
            <ns3:cad>76</ns3:cad>
          </ns3:TrackPointExtension>
        </extensions>
      </trkpt>
      <trkpt lat="29.532083831727504730224609375" lon="103.33026054315268993377685546875">
        <ele>2676.39990234375</ele>
        <time>2025-07-06T08:47:03.000Z</time>
        <extensions>
          <ns3:TrackPointExtension>
            <ns3:hr>119</ns3:hr>
            <ns3:cad>76</ns3:cad>
          </ns3:TrackPointExtension>
        </extensions>
      </trkpt>
      <trkpt lat="29.53208710066974163055419921875" lon="103.33026154898107051849365234375">
        <ele>2676</ele>
        <time>2025-07-06T08:47:04.000Z</time>
        <extensions>
          <ns3:TrackPointExtension>
            <ns3:hr>118</ns3:hr>
            <ns3:cad>76</ns3:cad>
          </ns3:TrackPointExtension>
        </extensions>
      </trkpt>
      <trkpt lat="29.532095231115818023681640625" lon="103.330259956419467926025390625">
        <ele>2675.60009765625</ele>
        <time>2025-07-06T08:47:05.000Z</time>
        <extensions>
          <ns3:TrackPointExtension>
            <ns3:hr>118</ns3:hr>
            <ns3:cad>76</ns3:cad>
          </ns3:TrackPointExtension>
        </extensions>
      </trkpt>
      <trkpt lat="29.53210285864770412445068359375" lon="103.3302597887814044952392578125">
        <ele>2675.199951171875</ele>
        <time>2025-07-06T08:47:06.000Z</time>
        <extensions>
          <ns3:TrackPointExtension>
            <ns3:hr>117</ns3:hr>
            <ns3:cad>77</ns3:cad>
          </ns3:TrackPointExtension>
        </extensions>
      </trkpt>
      <trkpt lat="29.53211073763668537139892578125" lon="103.3302614651620388031005859375">
        <ele>2675</ele>
        <time>2025-07-06T08:47:07.000Z</time>
        <extensions>
          <ns3:TrackPointExtension>
            <ns3:hr>117</ns3:hr>
            <ns3:cad>77</ns3:cad>
          </ns3:TrackPointExtension>
        </extensions>
      </trkpt>
      <trkpt lat="29.53211559914052486419677734375" lon="103.33026289008557796478271484375">
        <ele>2674.60009765625</ele>
        <time>2025-07-06T08:47:08.000Z</time>
        <extensions>
          <ns3:TrackPointExtension>
            <ns3:hr>117</ns3:hr>
            <ns3:cad>77</ns3:cad>
          </ns3:TrackPointExtension>
        </extensions>
      </trkpt>
      <trkpt lat="29.5321238972246646881103515625" lon="103.3302644826471805572509765625">
        <ele>2674.199951171875</ele>
        <time>2025-07-06T08:47:09.000Z</time>
        <extensions>
          <ns3:TrackPointExtension>
            <ns3:hr>117</ns3:hr>
            <ns3:cad>75</ns3:cad>
          </ns3:TrackPointExtension>
        </extensions>
      </trkpt>
      <trkpt lat="29.5321316085755825042724609375" lon="103.33026356063783168792724609375">
        <ele>2673.800048828125</ele>
        <time>2025-07-06T08:47:10.000Z</time>
        <extensions>
          <ns3:TrackPointExtension>
            <ns3:hr>117</ns3:hr>
            <ns3:cad>75</ns3:cad>
          </ns3:TrackPointExtension>
        </extensions>
      </trkpt>
      <trkpt lat="29.532140158116817474365234375" lon="103.33026154898107051849365234375">
        <ele>2673.60009765625</ele>
        <time>2025-07-06T08:47:11.000Z</time>
        <extensions>
          <ns3:TrackPointExtension>
            <ns3:hr>117</ns3:hr>
            <ns3:cad>75</ns3:cad>
          </ns3:TrackPointExtension>
        </extensions>
      </trkpt>
      <trkpt lat="29.532149545848369598388671875" lon="103.33026238717138767242431640625">
        <ele>2673.199951171875</ele>
        <time>2025-07-06T08:47:12.000Z</time>
        <extensions>
          <ns3:TrackPointExtension>
            <ns3:hr>117</ns3:hr>
            <ns3:cad>71</ns3:cad>
          </ns3:TrackPointExtension>
        </extensions>
      </trkpt>
      <trkpt lat="29.53215725719928741455078125" lon="103.33026674576103687286376953125">
        <ele>2673</ele>
        <time>2025-07-06T08:47:13.000Z</time>
        <extensions>
          <ns3:TrackPointExtension>
            <ns3:hr>118</ns3:hr>
            <ns3:cad>70</ns3:cad>
          </ns3:TrackPointExtension>
        </extensions>
      </trkpt>
      <trkpt lat="29.53216354362666606903076171875" lon="103.33027563057839870452880859375">
        <ele>2672.60009765625</ele>
        <time>2025-07-06T08:47:14.000Z</time>
        <extensions>
          <ns3:TrackPointExtension>
            <ns3:hr>117</ns3:hr>
            <ns3:cad>69</ns3:cad>
          </ns3:TrackPointExtension>
        </extensions>
      </trkpt>
      <trkpt lat="29.53215918503701686859130859375" lon="103.3302832581102848052978515625">
        <ele>2672.39990234375</ele>
        <time>2025-07-06T08:47:15.000Z</time>
        <extensions>
          <ns3:TrackPointExtension>
            <ns3:hr>117</ns3:hr>
            <ns3:cad>67</ns3:cad>
          </ns3:TrackPointExtension>
        </extensions>
      </trkpt>
      <trkpt lat="29.5321584306657314300537109375" lon="103.33028317429125308990478515625">
        <ele>2672.199951171875</ele>
        <time>2025-07-06T08:47:16.000Z</time>
        <extensions>
          <ns3:TrackPointExtension>
            <ns3:hr>117</ns3:hr>
            <ns3:cad>67</ns3:cad>
          </ns3:TrackPointExtension>
        </extensions>
      </trkpt>
      <trkpt lat="29.53215591609477996826171875" lon="103.330286107957363128662109375">
        <ele>2672</ele>
        <time>2025-07-06T08:47:17.000Z</time>
        <extensions>
          <ns3:TrackPointExtension>
            <ns3:hr>118</ns3:hr>
            <ns3:cad>65</ns3:cad>
          </ns3:TrackPointExtension>
        </extensions>
      </trkpt>
      <trkpt lat="29.532153569161891937255859375" lon="103.3302923105657100677490234375">
        <ele>2671.800048828125</ele>
        <time>2025-07-06T08:47:18.000Z</time>
        <extensions>
          <ns3:TrackPointExtension>
            <ns3:hr>117</ns3:hr>
            <ns3:cad>65</ns3:cad>
          </ns3:TrackPointExtension>
        </extensions>
      </trkpt>
      <trkpt lat="29.53215055167675018310546875" lon="103.330298848450183868408203125">
        <ele>2671.39990234375</ele>
        <time>2025-07-06T08:47:19.000Z</time>
        <extensions>
          <ns3:TrackPointExtension>
            <ns3:hr>117</ns3:hr>
            <ns3:cad>65</ns3:cad>
          </ns3:TrackPointExtension>
        </extensions>
      </trkpt>
      <trkpt lat="29.53215147368609905242919921875" lon="103.33030228503048419952392578125">
        <ele>2671.199951171875</ele>
        <time>2025-07-06T08:47:20.000Z</time>
        <extensions>
          <ns3:TrackPointExtension>
            <ns3:hr>118</ns3:hr>
            <ns3:cad>65</ns3:cad>
          </ns3:TrackPointExtension>
        </extensions>
      </trkpt>
      <trkpt lat="29.53214812092483043670654296875" lon="103.33030815236270427703857421875">
        <ele>2670.800048828125</ele>
        <time>2025-07-06T08:47:21.000Z</time>
        <extensions>
          <ns3:TrackPointExtension>
            <ns3:hr>118</ns3:hr>
            <ns3:cad>65</ns3:cad>
          </ns3:TrackPointExtension>
        </extensions>
      </trkpt>
      <trkpt lat="29.53214409761130809783935546875" lon="103.3303146064281463623046875">
        <ele>2670.39990234375</ele>
        <time>2025-07-06T08:47:22.000Z</time>
        <extensions>
          <ns3:TrackPointExtension>
            <ns3:hr>118</ns3:hr>
            <ns3:cad>79</ns3:cad>
          </ns3:TrackPointExtension>
        </extensions>
      </trkpt>
      <trkpt lat="29.5321403257548809051513671875" lon="103.33032055757939815521240234375">
        <ele>2670</ele>
        <time>2025-07-06T08:47:23.000Z</time>
        <extensions>
          <ns3:TrackPointExtension>
            <ns3:hr>117</ns3:hr>
            <ns3:cad>79</ns3:cad>
          </ns3:TrackPointExtension>
        </extensions>
      </trkpt>
      <trkpt lat="29.532136805355548858642578125" lon="103.3303265087306499481201171875">
        <ele>2669.60009765625</ele>
        <time>2025-07-06T08:47:24.000Z</time>
        <extensions>
          <ns3:TrackPointExtension>
            <ns3:hr>117</ns3:hr>
            <ns3:cad>79</ns3:cad>
          </ns3:TrackPointExtension>
        </extensions>
      </trkpt>
      <trkpt lat="29.53213253058493137359619140625" lon="103.33033095113933086395263671875">
        <ele>2669.199951171875</ele>
        <time>2025-07-06T08:47:25.000Z</time>
        <extensions>
          <ns3:TrackPointExtension>
            <ns3:hr>118</ns3:hr>
            <ns3:cad>79</ns3:cad>
          </ns3:TrackPointExtension>
        </extensions>
      </trkpt>
      <trkpt lat="29.53213018365204334259033203125" lon="103.33032994531095027923583984375">
        <ele>2668.800048828125</ele>
        <time>2025-07-06T08:47:26.000Z</time>
        <extensions>
          <ns3:TrackPointExtension>
            <ns3:hr>118</ns3:hr>
            <ns3:cad>79</ns3:cad>
          </ns3:TrackPointExtension>
        </extensions>
      </trkpt>
      <trkpt lat="29.532125405967235565185546875" lon="103.33033614791929721832275390625">
        <ele>2668.39990234375</ele>
        <time>2025-07-06T08:47:27.000Z</time>
        <extensions>
          <ns3:TrackPointExtension>
            <ns3:hr>118</ns3:hr>
            <ns3:cad>79</ns3:cad>
          </ns3:TrackPointExtension>
        </extensions>
      </trkpt>
      <trkpt lat="29.53211861662566661834716796875" lon="103.3303462900221347808837890625">
        <ele>2668.199951171875</ele>
        <time>2025-07-06T08:47:28.000Z</time>
        <extensions>
          <ns3:TrackPointExtension>
            <ns3:hr>118</ns3:hr>
            <ns3:cad>83</ns3:cad>
          </ns3:TrackPointExtension>
        </extensions>
      </trkpt>
      <trkpt lat="29.5321185328066349029541015625" lon="103.3303483016788959503173828125">
        <ele>2667.800048828125</ele>
        <time>2025-07-06T08:47:29.000Z</time>
        <extensions>
          <ns3:TrackPointExtension>
            <ns3:hr>119</ns3:hr>
            <ns3:cad>83</ns3:cad>
          </ns3:TrackPointExtension>
        </extensions>
      </trkpt>
      <trkpt lat="29.5321161858737468719482421875" lon="103.33035685122013092041015625">
        <ele>2667.60009765625</ele>
        <time>2025-07-06T08:47:30.000Z</time>
        <extensions>
          <ns3:TrackPointExtension>
            <ns3:hr>120</ns3:hr>
            <ns3:cad>83</ns3:cad>
          </ns3:TrackPointExtension>
        </extensions>
      </trkpt>
      <trkpt lat="29.5321148447692394256591796875" lon="103.330362550914287567138671875">
        <ele>2667.199951171875</ele>
        <time>2025-07-06T08:47:31.000Z</time>
        <extensions>
          <ns3:TrackPointExtension>
            <ns3:hr>120</ns3:hr>
            <ns3:cad>83</ns3:cad>
          </ns3:TrackPointExtension>
        </extensions>
      </trkpt>
      <trkpt lat="29.53211073763668537139892578125" lon="103.3303657360374927520751953125">
        <ele>2666.800048828125</ele>
        <time>2025-07-06T08:47:32.000Z</time>
        <extensions>
          <ns3:TrackPointExtension>
            <ns3:hr>120</ns3:hr>
            <ns3:cad>80</ns3:cad>
          </ns3:TrackPointExtension>
        </extensions>
      </trkpt>
      <trkpt lat="29.53210973180830478668212890625" lon="103.33037118427455425262451171875">
        <ele>2666.60009765625</ele>
        <time>2025-07-06T08:47:33.000Z</time>
        <extensions>
          <ns3:TrackPointExtension>
            <ns3:hr>120</ns3:hr>
            <ns3:cad>79</ns3:cad>
          </ns3:TrackPointExtension>
        </extensions>
      </trkpt>
      <trkpt lat="29.532108306884765625" lon="103.33037956617772579193115234375">
        <ele>2666.199951171875</ele>
        <time>2025-07-06T08:47:34.000Z</time>
        <extensions>
          <ns3:TrackPointExtension>
            <ns3:hr>120</ns3:hr>
            <ns3:cad>79</ns3:cad>
          </ns3:TrackPointExtension>
        </extensions>
      </trkpt>
      <trkpt lat="29.5321114920079708099365234375" lon="103.33038501441478729248046875">
        <ele>2665.60009765625</ele>
        <time>2025-07-06T08:47:35.000Z</time>
        <extensions>
          <ns3:TrackPointExtension>
            <ns3:hr>120</ns3:hr>
            <ns3:cad>79</ns3:cad>
          </ns3:TrackPointExtension>
        </extensions>
      </trkpt>
      <trkpt lat="29.53211300075054168701171875" lon="103.33038828335702419281005859375">
        <ele>2665.199951171875</ele>
        <time>2025-07-06T08:47:36.000Z</time>
        <extensions>
          <ns3:TrackPointExtension>
            <ns3:hr>121</ns3:hr>
            <ns3:cad>76</ns3:cad>
          </ns3:TrackPointExtension>
        </extensions>
      </trkpt>
      <trkpt lat="29.5321148447692394256591796875" lon="103.3303923904895782470703125">
        <ele>2664.800048828125</ele>
        <time>2025-07-06T08:47:37.000Z</time>
        <extensions>
          <ns3:TrackPointExtension>
            <ns3:hr>120</ns3:hr>
            <ns3:cad>76</ns3:cad>
          </ns3:TrackPointExtension>
        </extensions>
      </trkpt>
      <trkpt lat="29.5321176946163177490234375" lon="103.33039498887956142425537109375">
        <ele>2664.39990234375</ele>
        <time>2025-07-06T08:47:38.000Z</time>
        <extensions>
          <ns3:TrackPointExtension>
            <ns3:hr>120</ns3:hr>
            <ns3:cad>76</ns3:cad>
          </ns3:TrackPointExtension>
        </extensions>
      </trkpt>
      <trkpt lat="29.5321232266724109649658203125" lon="103.33039280958473682403564453125">
        <ele>2664</ele>
        <time>2025-07-06T08:47:39.000Z</time>
        <extensions>
          <ns3:TrackPointExtension>
            <ns3:hr>120</ns3:hr>
            <ns3:cad>76</ns3:cad>
          </ns3:TrackPointExtension>
        </extensions>
      </trkpt>
      <trkpt lat="29.532130099833011627197265625" lon="103.33039515651762485504150390625">
        <ele>2663.800048828125</ele>
        <time>2025-07-06T08:47:40.000Z</time>
        <extensions>
          <ns3:TrackPointExtension>
            <ns3:hr>121</ns3:hr>
            <ns3:cad>76</ns3:cad>
          </ns3:TrackPointExtension>
        </extensions>
      </trkpt>
      <trkpt lat="29.53213772736489772796630859375" lon="103.3303895406424999237060546875">
        <ele>2663.39990234375</ele>
        <time>2025-07-06T08:47:41.000Z</time>
        <extensions>
          <ns3:TrackPointExtension>
            <ns3:hr>122</ns3:hr>
            <ns3:cad>75</ns3:cad>
          </ns3:TrackPointExtension>
        </extensions>
      </trkpt>
      <trkpt lat="29.53214384615421295166015625" lon="103.33039037883281707763671875">
        <ele>2663</ele>
        <time>2025-07-06T08:47:42.000Z</time>
        <extensions>
          <ns3:TrackPointExtension>
            <ns3:hr>122</ns3:hr>
            <ns3:cad>75</ns3:cad>
          </ns3:TrackPointExtension>
        </extensions>
      </trkpt>
      <trkpt lat="29.53214921057224273681640625" lon="103.33039096556603908538818359375">
        <ele>2662.60009765625</ele>
        <time>2025-07-06T08:47:43.000Z</time>
        <extensions>
          <ns3:TrackPointExtension>
            <ns3:hr>122</ns3:hr>
            <ns3:cad>75</ns3:cad>
          </ns3:TrackPointExtension>
        </extensions>
      </trkpt>
      <trkpt lat="29.5321523956954479217529296875" lon="103.33039063028991222381591796875">
        <ele>2662.199951171875</ele>
        <time>2025-07-06T08:47:44.000Z</time>
        <extensions>
          <ns3:TrackPointExtension>
            <ns3:hr>122</ns3:hr>
            <ns3:cad>75</ns3:cad>
          </ns3:TrackPointExtension>
        </extensions>
      </trkpt>
      <trkpt lat="29.53215583227574825286865234375" lon="103.3303923904895782470703125">
        <ele>2661.800048828125</ele>
        <time>2025-07-06T08:47:45.000Z</time>
        <extensions>
          <ns3:TrackPointExtension>
            <ns3:hr>123</ns3:hr>
            <ns3:cad>78</ns3:cad>
          </ns3:TrackPointExtension>
        </extensions>
      </trkpt>
      <trkpt lat="29.53215734101831912994384765625" lon="103.33039934746921062469482421875">
        <ele>2661.39990234375</ele>
        <time>2025-07-06T08:47:46.000Z</time>
        <extensions>
          <ns3:TrackPointExtension>
            <ns3:hr>122</ns3:hr>
            <ns3:cad>78</ns3:cad>
          </ns3:TrackPointExtension>
        </extensions>
      </trkpt>
      <trkpt lat="29.53216052614152431488037109375" lon="103.3304058015346527099609375">
        <ele>2661</ele>
        <time>2025-07-06T08:47:47.000Z</time>
        <extensions>
          <ns3:TrackPointExtension>
            <ns3:hr>122</ns3:hr>
            <ns3:cad>78</ns3:cad>
          </ns3:TrackPointExtension>
        </extensions>
      </trkpt>
      <trkpt lat="29.53216186724603176116943359375" lon="103.330412842333316802978515625">
        <ele>2660.60009765625</ele>
        <time>2025-07-06T08:47:48.000Z</time>
        <extensions>
          <ns3:TrackPointExtension>
            <ns3:hr>123</ns3:hr>
            <ns3:cad>84</ns3:cad>
          </ns3:TrackPointExtension>
        </extensions>
      </trkpt>
      <trkpt lat="29.53215784393250942230224609375" lon="103.33042348735034465789794921875">
        <ele>2660.199951171875</ele>
        <time>2025-07-06T08:47:49.000Z</time>
        <extensions>
          <ns3:TrackPointExtension>
            <ns3:hr>122</ns3:hr>
            <ns3:cad>84</ns3:cad>
          </ns3:TrackPointExtension>
        </extensions>
      </trkpt>
      <trkpt lat="29.53215164132416248321533203125" lon="103.33043086342513561248779296875">
        <ele>2660</ele>
        <time>2025-07-06T08:47:50.000Z</time>
        <extensions>
          <ns3:TrackPointExtension>
            <ns3:hr>122</ns3:hr>
            <ns3:cad>82</ns3:cad>
          </ns3:TrackPointExtension>
        </extensions>
      </trkpt>
      <trkpt lat="29.53214745037257671356201171875" lon="103.330442346632480621337890625">
        <ele>2659.60009765625</ele>
        <time>2025-07-06T08:47:51.000Z</time>
        <extensions>
          <ns3:TrackPointExtension>
            <ns3:hr>122</ns3:hr>
            <ns3:cad>82</ns3:cad>
          </ns3:TrackPointExtension>
        </extensions>
      </trkpt>
      <trkpt lat="29.53214376233518123626708984375" lon="103.3304498903453350067138671875">
        <ele>2659.39990234375</ele>
        <time>2025-07-06T08:47:52.000Z</time>
        <extensions>
          <ns3:TrackPointExtension>
            <ns3:hr>122</ns3:hr>
            <ns3:cad>86</ns3:cad>
          </ns3:TrackPointExtension>
        </extensions>
      </trkpt>
      <trkpt lat="29.5321404933929443359375" lon="103.3304609544575214385986328125">
        <ele>2659</ele>
        <time>2025-07-06T08:47:53.000Z</time>
        <extensions>
          <ns3:TrackPointExtension>
            <ns3:hr>122</ns3:hr>
            <ns3:cad>86</ns3:cad>
          </ns3:TrackPointExtension>
        </extensions>
      </trkpt>
      <trkpt lat="29.53213487751781940460205078125" lon="103.33047486841678619384765625">
        <ele>2658.800048828125</ele>
        <time>2025-07-06T08:47:54.000Z</time>
        <extensions>
          <ns3:TrackPointExtension>
            <ns3:hr>122</ns3:hr>
            <ns3:cad>85</ns3:cad>
          </ns3:TrackPointExtension>
        </extensions>
      </trkpt>
      <trkpt lat="29.53213311731815338134765625" lon="103.3304835855960845947265625">
        <ele>2658.39990234375</ele>
        <time>2025-07-06T08:47:55.000Z</time>
        <extensions>
          <ns3:TrackPointExtension>
            <ns3:hr>123</ns3:hr>
            <ns3:cad>85</ns3:cad>
          </ns3:TrackPointExtension>
        </extensions>
      </trkpt>
      <trkpt lat="29.53213001601397991180419921875" lon="103.33049808628857135772705078125">
        <ele>2658</ele>
        <time>2025-07-06T08:47:56.000Z</time>
        <extensions>
          <ns3:TrackPointExtension>
            <ns3:hr>124</ns3:hr>
            <ns3:cad>85</ns3:cad>
          </ns3:TrackPointExtension>
        </extensions>
      </trkpt>
      <trkpt lat="29.53212750144302845001220703125" lon="103.33050864748656749725341796875">
        <ele>2657.800048828125</ele>
        <time>2025-07-06T08:47:57.000Z</time>
        <extensions>
          <ns3:TrackPointExtension>
            <ns3:hr>124</ns3:hr>
            <ns3:cad>85</ns3:cad>
          </ns3:TrackPointExtension>
        </extensions>
      </trkpt>
      <trkpt lat="29.53212372958660125732421875" lon="103.33052122034132480621337890625">
        <ele>2657.39990234375</ele>
        <time>2025-07-06T08:47:58.000Z</time>
        <extensions>
          <ns3:TrackPointExtension>
            <ns3:hr>124</ns3:hr>
            <ns3:cad>85</ns3:cad>
          </ns3:TrackPointExtension>
        </extensions>
      </trkpt>
      <trkpt lat="29.53212104737758636474609375" lon="103.33052926696836948394775390625">
        <ele>2657.199951171875</ele>
        <time>2025-07-06T08:47:59.000Z</time>
        <extensions>
          <ns3:TrackPointExtension>
            <ns3:hr>125</ns3:hr>
            <ns3:cad>85</ns3:cad>
          </ns3:TrackPointExtension>
        </extensions>
      </trkpt>
      <trkpt lat="29.53211694024503231048583984375" lon="103.330540247261524200439453125">
        <ele>2656.800048828125</ele>
        <time>2025-07-06T08:48:00.000Z</time>
        <extensions>
          <ns3:TrackPointExtension>
            <ns3:hr>125</ns3:hr>
            <ns3:cad>81</ns3:cad>
          </ns3:TrackPointExtension>
        </extensions>
      </trkpt>
      <trkpt lat="29.53211576677858829498291015625" lon="103.3305501379072666168212890625">
        <ele>2656.60009765625</ele>
        <time>2025-07-06T08:48:01.000Z</time>
        <extensions>
          <ns3:TrackPointExtension>
            <ns3:hr>125</ns3:hr>
            <ns3:cad>81</ns3:cad>
          </ns3:TrackPointExtension>
        </extensions>
      </trkpt>
      <trkpt lat="29.5321158505976200103759765625" lon="103.33055709488689899444580078125">
        <ele>2656.199951171875</ele>
        <time>2025-07-06T08:48:02.000Z</time>
        <extensions>
          <ns3:TrackPointExtension>
            <ns3:hr>125</ns3:hr>
            <ns3:cad>81</ns3:cad>
          </ns3:TrackPointExtension>
        </extensions>
      </trkpt>
      <trkpt lat="29.5321155153214931488037109375" lon="103.33056162111461162567138671875">
        <ele>2656</ele>
        <time>2025-07-06T08:48:03.000Z</time>
        <extensions>
          <ns3:TrackPointExtension>
            <ns3:hr>125</ns3:hr>
            <ns3:cad>71</ns3:cad>
          </ns3:TrackPointExtension>
        </extensions>
      </trkpt>
      <trkpt lat="29.532114677131175994873046875" lon="103.33057234995067119598388671875">
        <ele>2655.60009765625</ele>
        <time>2025-07-06T08:48:04.000Z</time>
        <extensions>
          <ns3:TrackPointExtension>
            <ns3:hr>125</ns3:hr>
            <ns3:cad>71</ns3:cad>
          </ns3:TrackPointExtension>
        </extensions>
      </trkpt>
      <trkpt lat="29.53211626969277858734130859375" lon="103.33058274351060390472412109375">
        <ele>2655.199951171875</ele>
        <time>2025-07-06T08:48:05.000Z</time>
        <extensions>
          <ns3:TrackPointExtension>
            <ns3:hr>125</ns3:hr>
            <ns3:cad>0</ns3:cad>
          </ns3:TrackPointExtension>
        </extensions>
      </trkpt>
      <trkpt lat="29.53211476095020771026611328125" lon="103.33059288561344146728515625">
        <ele>2655</ele>
        <time>2025-07-06T08:48:06.000Z</time>
        <extensions>
          <ns3:TrackPointExtension>
            <ns3:hr>125</ns3:hr>
            <ns3:cad>0</ns3:cad>
          </ns3:TrackPointExtension>
        </extensions>
      </trkpt>
      <trkpt lat="29.53211568295955657958984375" lon="103.33059833385050296783447265625">
        <ele>2654.800048828125</ele>
        <time>2025-07-06T08:48:07.000Z</time>
        <extensions>
          <ns3:TrackPointExtension>
            <ns3:hr>125</ns3:hr>
            <ns3:cad>0</ns3:cad>
          </ns3:TrackPointExtension>
        </extensions>
      </trkpt>
      <trkpt lat="29.5321188680827617645263671875" lon="103.3306064642965793609619140625">
        <ele>2654.39990234375</ele>
        <time>2025-07-06T08:48:08.000Z</time>
        <extensions>
          <ns3:TrackPointExtension>
            <ns3:hr>125</ns3:hr>
            <ns3:cad>0</ns3:cad>
          </ns3:TrackPointExtension>
        </extensions>
      </trkpt>
      <trkpt lat="29.53211777843534946441650390625" lon="103.33062532357871532440185546875">
        <ele>2654.199951171875</ele>
        <time>2025-07-06T08:48:09.000Z</time>
        <extensions>
          <ns3:TrackPointExtension>
            <ns3:hr>124</ns3:hr>
            <ns3:cad>66</ns3:cad>
          </ns3:TrackPointExtension>
        </extensions>
      </trkpt>
      <trkpt lat="29.53211526386439800262451171875" lon="103.330644853413105010986328125">
        <ele>2654</ele>
        <time>2025-07-06T08:48:10.000Z</time>
        <extensions>
          <ns3:TrackPointExtension>
            <ns3:hr>124</ns3:hr>
            <ns3:cad>66</ns3:cad>
          </ns3:TrackPointExtension>
        </extensions>
      </trkpt>
      <trkpt lat="29.53211694024503231048583984375" lon="103.3306631259620189666748046875">
        <ele>2653.60009765625</ele>
        <time>2025-07-06T08:48:11.000Z</time>
        <extensions>
          <ns3:TrackPointExtension>
            <ns3:hr>124</ns3:hr>
            <ns3:cad>66</ns3:cad>
          </ns3:TrackPointExtension>
        </extensions>
      </trkpt>
      <trkpt lat="29.5321148447692394256591796875" lon="103.3306792192161083221435546875">
        <ele>2653.39990234375</ele>
        <time>2025-07-06T08:48:12.000Z</time>
        <extensions>
          <ns3:TrackPointExtension>
            <ns3:hr>124</ns3:hr>
            <ns3:cad>66</ns3:cad>
          </ns3:TrackPointExtension>
        </extensions>
      </trkpt>
      <trkpt lat="29.53210839070379734039306640625" lon="103.3306979946792125701904296875">
        <ele>2653.199951171875</ele>
        <time>2025-07-06T08:48:13.000Z</time>
        <extensions>
          <ns3:TrackPointExtension>
            <ns3:hr>125</ns3:hr>
            <ns3:cad>66</ns3:cad>
          </ns3:TrackPointExtension>
        </extensions>
      </trkpt>
      <trkpt lat="29.53210336156189441680908203125" lon="103.3307150937616825103759765625">
        <ele>2653.199951171875</ele>
        <time>2025-07-06T08:48:14.000Z</time>
        <extensions>
          <ns3:TrackPointExtension>
            <ns3:hr>124</ns3:hr>
            <ns3:cad>66</ns3:cad>
          </ns3:TrackPointExtension>
        </extensions>
      </trkpt>
      <trkpt lat="29.53210067935287952423095703125" lon="103.33073143847286701202392578125">
        <ele>2653.199951171875</ele>
        <time>2025-07-06T08:48:15.000Z</time>
        <extensions>
          <ns3:TrackPointExtension>
            <ns3:hr>124</ns3:hr>
            <ns3:cad>66</ns3:cad>
          </ns3:TrackPointExtension>
        </extensions>
      </trkpt>
      <trkpt lat="29.5320977456867694854736328125" lon="103.33074401132762432098388671875">
        <ele>2653.39990234375</ele>
        <time>2025-07-06T08:48:16.000Z</time>
        <extensions>
          <ns3:TrackPointExtension>
            <ns3:hr>124</ns3:hr>
            <ns3:cad>66</ns3:cad>
          </ns3:TrackPointExtension>
        </extensions>
      </trkpt>
      <trkpt lat="29.53210302628576755523681640625" lon="103.3307539857923984527587890625">
        <ele>2653.39990234375</ele>
        <time>2025-07-06T08:48:17.000Z</time>
        <extensions>
          <ns3:TrackPointExtension>
            <ns3:hr>124</ns3:hr>
            <ns3:cad>66</ns3:cad>
          </ns3:TrackPointExtension>
        </extensions>
      </trkpt>
      <trkpt lat="29.532105959951877593994140625" lon="103.33076815120875835418701171875">
        <ele>2653.60009765625</ele>
        <time>2025-07-06T08:48:18.000Z</time>
        <extensions>
          <ns3:TrackPointExtension>
            <ns3:hr>124</ns3:hr>
            <ns3:cad>64</ns3:cad>
          </ns3:TrackPointExtension>
        </extensions>
      </trkpt>
      <trkpt lat="29.532110989093780517578125" lon="103.33077904768288135528564453125">
        <ele>2653.60009765625</ele>
        <time>2025-07-06T08:48:19.000Z</time>
        <extensions>
          <ns3:TrackPointExtension>
            <ns3:hr>124</ns3:hr>
            <ns3:cad>56</ns3:cad>
          </ns3:TrackPointExtension>
        </extensions>
      </trkpt>
      <trkpt lat="29.53211492858827114105224609375" lon="103.33079447038471698760986328125">
        <ele>2653.60009765625</ele>
        <time>2025-07-06T08:48:20.000Z</time>
        <extensions>
          <ns3:TrackPointExtension>
            <ns3:hr>124</ns3:hr>
            <ns3:cad>56</ns3:cad>
          </ns3:TrackPointExtension>
        </extensions>
      </trkpt>
      <trkpt lat="29.53211811371147632598876953125" lon="103.33080519922077655792236328125">
        <ele>2653.60009765625</ele>
        <time>2025-07-06T08:48:21.000Z</time>
        <extensions>
          <ns3:TrackPointExtension>
            <ns3:hr>125</ns3:hr>
            <ns3:cad>56</ns3:cad>
          </ns3:TrackPointExtension>
        </extensions>
      </trkpt>
      <trkpt lat="29.53211828134953975677490234375" lon="103.33081710152328014373779296875">
        <ele>2653.60009765625</ele>
        <time>2025-07-06T08:48:22.000Z</time>
        <extensions>
          <ns3:TrackPointExtension>
            <ns3:hr>124</ns3:hr>
            <ns3:cad>0</ns3:cad>
          </ns3:TrackPointExtension>
        </extensions>
      </trkpt>
      <trkpt lat="29.53211777843534946441650390625" lon="103.33082514815032482147216796875">
        <ele>2653.60009765625</ele>
        <time>2025-07-06T08:48:23.000Z</time>
        <extensions>
          <ns3:TrackPointExtension>
            <ns3:hr>124</ns3:hr>
            <ns3:cad>0</ns3:cad>
          </ns3:TrackPointExtension>
        </extensions>
      </trkpt>
      <trkpt lat="29.53211811371147632598876953125" lon="103.33083503879606723785400390625">
        <ele>2653.60009765625</ele>
        <time>2025-07-06T08:48:24.000Z</time>
        <extensions>
          <ns3:TrackPointExtension>
            <ns3:hr>124</ns3:hr>
            <ns3:cad>0</ns3:cad>
          </ns3:TrackPointExtension>
        </extensions>
      </trkpt>
      <trkpt lat="29.5321171917021274566650390625" lon="103.33085037767887115478515625">
        <ele>2653.60009765625</ele>
        <time>2025-07-06T08:48:25.000Z</time>
        <extensions>
          <ns3:TrackPointExtension>
            <ns3:hr>124</ns3:hr>
            <ns3:cad>63</ns3:cad>
          </ns3:TrackPointExtension>
        </extensions>
      </trkpt>
      <trkpt lat="29.53211911953985691070556640625" lon="103.33085834048688411712646484375">
        <ele>2653.60009765625</ele>
        <time>2025-07-06T08:48:26.000Z</time>
        <extensions>
          <ns3:TrackPointExtension>
            <ns3:hr>124</ns3:hr>
            <ns3:cad>63</ns3:cad>
          </ns3:TrackPointExtension>
        </extensions>
      </trkpt>
      <trkpt lat="29.5321208797395229339599609375" lon="103.33086806349456310272216796875">
        <ele>2653.60009765625</ele>
        <time>2025-07-06T08:48:27.000Z</time>
        <extensions>
          <ns3:TrackPointExtension>
            <ns3:hr>124</ns3:hr>
            <ns3:cad>63</ns3:cad>
          </ns3:TrackPointExtension>
        </extensions>
      </trkpt>
      <trkpt lat="29.53211895190179347991943359375" lon="103.33088130690157413482666015625">
        <ele>2653.39990234375</ele>
        <time>2025-07-06T08:48:28.000Z</time>
        <extensions>
          <ns3:TrackPointExtension>
            <ns3:hr>124</ns3:hr>
            <ns3:cad>65</ns3:cad>
          </ns3:TrackPointExtension>
        </extensions>
      </trkpt>
      <trkpt lat="29.53212297521531581878662109375" lon="103.33089689724147319793701171875">
        <ele>2653.39990234375</ele>
        <time>2025-07-06T08:48:29.000Z</time>
        <extensions>
          <ns3:TrackPointExtension>
            <ns3:hr>123</ns3:hr>
            <ns3:cad>65</ns3:cad>
          </ns3:TrackPointExtension>
        </extensions>
      </trkpt>
      <trkpt lat="29.53211995773017406463623046875" lon="103.33091969601809978485107421875">
        <ele>2653.199951171875</ele>
        <time>2025-07-06T08:48:30.000Z</time>
        <extensions>
          <ns3:TrackPointExtension>
            <ns3:hr>123</ns3:hr>
            <ns3:cad>65</ns3:cad>
          </ns3:TrackPointExtension>
        </extensions>
      </trkpt>
      <trkpt lat="29.5321202091872692108154296875" lon="103.33093444816768169403076171875">
        <ele>2653.199951171875</ele>
        <time>2025-07-06T08:48:31.000Z</time>
        <extensions>
          <ns3:TrackPointExtension>
            <ns3:hr>123</ns3:hr>
            <ns3:cad>0</ns3:cad>
          </ns3:TrackPointExtension>
        </extensions>
      </trkpt>
      <trkpt lat="29.53211425803601741790771484375" lon="103.33095523528754711151123046875">
        <ele>2653</ele>
        <time>2025-07-06T08:48:32.000Z</time>
        <extensions>
          <ns3:TrackPointExtension>
            <ns3:hr>123</ns3:hr>
            <ns3:cad>0</ns3:cad>
          </ns3:TrackPointExtension>
        </extensions>
      </trkpt>
      <trkpt lat="29.53211358748376369476318359375" lon="103.3309663832187652587890625">
        <ele>2652.60009765625</ele>
        <time>2025-07-06T08:48:33.000Z</time>
        <extensions>
          <ns3:TrackPointExtension>
            <ns3:hr>124</ns3:hr>
            <ns3:cad>0</ns3:cad>
          </ns3:TrackPointExtension>
        </extensions>
      </trkpt>
      <trkpt lat="29.53211090527474880218505859375" lon="103.33097619004547595977783203125">
        <ele>2652.39990234375</ele>
        <time>2025-07-06T08:48:34.000Z</time>
        <extensions>
          <ns3:TrackPointExtension>
            <ns3:hr>123</ns3:hr>
            <ns3:cad>62</ns3:cad>
          </ns3:TrackPointExtension>
        </extensions>
      </trkpt>
      <trkpt lat="29.532107301056385040283203125" lon="103.33098356612026691436767578125">
        <ele>2652.39990234375</ele>
        <time>2025-07-06T08:48:35.000Z</time>
        <extensions>
          <ns3:TrackPointExtension>
            <ns3:hr>123</ns3:hr>
            <ns3:cad>64</ns3:cad>
          </ns3:TrackPointExtension>
        </extensions>
      </trkpt>
      <trkpt lat="29.53210051171481609344482421875" lon="103.33099119365215301513671875">
        <ele>2652.199951171875</ele>
        <time>2025-07-06T08:48:36.000Z</time>
        <extensions>
          <ns3:TrackPointExtension>
            <ns3:hr>123</ns3:hr>
            <ns3:cad>64</ns3:cad>
          </ns3:TrackPointExtension>
        </extensions>
      </trkpt>
      <trkpt lat="29.53210763633251190185546875" lon="103.3310030959546566009521484375">
        <ele>2652</ele>
        <time>2025-07-06T08:48:37.000Z</time>
        <extensions>
          <ns3:TrackPointExtension>
            <ns3:hr>123</ns3:hr>
            <ns3:cad>64</ns3:cad>
          </ns3:TrackPointExtension>
        </extensions>
      </trkpt>
      <trkpt lat="29.53210989944636821746826171875" lon="103.331007622182369232177734375">
        <ele>2651.800048828125</ele>
        <time>2025-07-06T08:48:38.000Z</time>
        <extensions>
          <ns3:TrackPointExtension>
            <ns3:hr>123</ns3:hr>
            <ns3:cad>64</ns3:cad>
          </ns3:TrackPointExtension>
        </extensions>
      </trkpt>
      <trkpt lat="29.53211056999862194061279296875" lon="103.33101457916200160980224609375">
        <ele>2651.39990234375</ele>
        <time>2025-07-06T08:48:39.000Z</time>
        <extensions>
          <ns3:TrackPointExtension>
            <ns3:hr>123</ns3:hr>
            <ns3:cad>64</ns3:cad>
          </ns3:TrackPointExtension>
        </extensions>
      </trkpt>
      <trkpt lat="29.532109983265399932861328125" lon="103.33101960830390453338623046875">
        <ele>2651</ele>
        <time>2025-07-06T08:48:40.000Z</time>
        <extensions>
          <ns3:TrackPointExtension>
            <ns3:hr>123</ns3:hr>
            <ns3:cad>64</ns3:cad>
          </ns3:TrackPointExtension>
        </extensions>
      </trkpt>
      <trkpt lat="29.53210637904703617095947265625" lon="103.33102681674063205718994140625">
        <ele>2650.60009765625</ele>
        <time>2025-07-06T08:48:41.000Z</time>
        <extensions>
          <ns3:TrackPointExtension>
            <ns3:hr>123</ns3:hr>
            <ns3:cad>0</ns3:cad>
          </ns3:TrackPointExtension>
        </extensions>
      </trkpt>
      <trkpt lat="29.5321051217615604400634765625" lon="103.33104810677468776702880859375">
        <ele>2650.39990234375</ele>
        <time>2025-07-06T08:48:42.000Z</time>
        <extensions>
          <ns3:TrackPointExtension>
            <ns3:hr>123</ns3:hr>
            <ns3:cad>0</ns3:cad>
          </ns3:TrackPointExtension>
        </extensions>
      </trkpt>
      <trkpt lat="29.53210554085671901702880859375" lon="103.3310560695827007293701171875">
        <ele>2650.199951171875</ele>
        <time>2025-07-06T08:48:43.000Z</time>
        <extensions>
          <ns3:TrackPointExtension>
            <ns3:hr>123</ns3:hr>
            <ns3:cad>0</ns3:cad>
          </ns3:TrackPointExtension>
        </extensions>
      </trkpt>
      <trkpt lat="29.53210302628576755523681640625" lon="103.331072665750980377197265625">
        <ele>2649.800048828125</ele>
        <time>2025-07-06T08:48:44.000Z</time>
        <extensions>
          <ns3:TrackPointExtension>
            <ns3:hr>123</ns3:hr>
            <ns3:cad>0</ns3:cad>
          </ns3:TrackPointExtension>
        </extensions>
      </trkpt>
      <trkpt lat="29.532100260257720947265625" lon="103.3310838975012302398681640625">
        <ele>2649.800048828125</ele>
        <time>2025-07-06T08:48:45.000Z</time>
        <extensions>
          <ns3:TrackPointExtension>
            <ns3:hr>123</ns3:hr>
            <ns3:cad>0</ns3:cad>
          </ns3:TrackPointExtension>
        </extensions>
      </trkpt>
      <trkpt lat="29.53210051171481609344482421875" lon="103.3310922794044017791748046875">
        <ele>2649.60009765625</ele>
        <time>2025-07-06T08:48:46.000Z</time>
        <extensions>
          <ns3:TrackPointExtension>
            <ns3:hr>123</ns3:hr>
            <ns3:cad>0</ns3:cad>
          </ns3:TrackPointExtension>
        </extensions>
      </trkpt>
      <trkpt lat="29.532099254429340362548828125" lon="103.33110384643077850341796875">
        <ele>2649.39990234375</ele>
        <time>2025-07-06T08:48:47.000Z</time>
        <extensions>
          <ns3:TrackPointExtension>
            <ns3:hr>123</ns3:hr>
            <ns3:cad>0</ns3:cad>
          </ns3:TrackPointExtension>
        </extensions>
      </trkpt>
      <trkpt lat="29.53209958970546722412109375" lon="103.33111700601875782012939453125">
        <ele>2649.199951171875</ele>
        <time>2025-07-06T08:48:48.000Z</time>
        <extensions>
          <ns3:TrackPointExtension>
            <ns3:hr>123</ns3:hr>
            <ns3:cad>0</ns3:cad>
          </ns3:TrackPointExtension>
        </extensions>
      </trkpt>
      <trkpt lat="29.53210218809545040130615234375" lon="103.33112522028386592864990234375">
        <ele>2649</ele>
        <time>2025-07-06T08:48:49.000Z</time>
        <extensions>
          <ns3:TrackPointExtension>
            <ns3:hr>123</ns3:hr>
            <ns3:cad>0</ns3:cad>
          </ns3:TrackPointExtension>
        </extensions>
      </trkpt>
      <trkpt lat="29.5321016013622283935546875" lon="103.3311405591666698455810546875">
        <ele>2648.800048828125</ele>
        <time>2025-07-06T08:48:50.000Z</time>
        <extensions>
          <ns3:TrackPointExtension>
            <ns3:hr>122</ns3:hr>
            <ns3:cad>0</ns3:cad>
          </ns3:TrackPointExtension>
        </extensions>
      </trkpt>
      <trkpt lat="29.53210629522800445556640625" lon="103.33115070126950740814208984375">
        <ele>2648.60009765625</ele>
        <time>2025-07-06T08:48:51.000Z</time>
        <extensions>
          <ns3:TrackPointExtension>
            <ns3:hr>122</ns3:hr>
            <ns3:cad>0</ns3:cad>
          </ns3:TrackPointExtension>
        </extensions>
      </trkpt>
      <trkpt lat="29.5321108214557170867919921875" lon="103.33115673623979091644287109375">
        <ele>2648.39990234375</ele>
        <time>2025-07-06T08:48:52.000Z</time>
        <extensions>
          <ns3:TrackPointExtension>
            <ns3:hr>122</ns3:hr>
            <ns3:cad>0</ns3:cad>
          </ns3:TrackPointExtension>
        </extensions>
      </trkpt>
      <trkpt lat="29.53211341984570026397705078125" lon="103.33116897381842136383056640625">
        <ele>2648</ele>
        <time>2025-07-06T08:48:53.000Z</time>
        <extensions>
          <ns3:TrackPointExtension>
            <ns3:hr>122</ns3:hr>
            <ns3:cad>0</ns3:cad>
          </ns3:TrackPointExtension>
        </extensions>
      </trkpt>
      <trkpt lat="29.53211476095020771026611328125" lon="103.33117936737835407257080078125">
        <ele>2647.800048828125</ele>
        <time>2025-07-06T08:48:54.000Z</time>
        <extensions>
          <ns3:TrackPointExtension>
            <ns3:hr>121</ns3:hr>
            <ns3:cad>0</ns3:cad>
          </ns3:TrackPointExtension>
        </extensions>
      </trkpt>
      <trkpt lat="29.53211543150246143341064453125" lon="103.3311921916902065277099609375">
        <ele>2647.39990234375</ele>
        <time>2025-07-06T08:48:55.000Z</time>
        <extensions>
          <ns3:TrackPointExtension>
            <ns3:hr>121</ns3:hr>
            <ns3:cad>0</ns3:cad>
          </ns3:TrackPointExtension>
        </extensions>
      </trkpt>
      <trkpt lat="29.53211476095020771026611328125" lon="103.331203758716583251953125">
        <ele>2647</ele>
        <time>2025-07-06T08:48:56.000Z</time>
        <extensions>
          <ns3:TrackPointExtension>
            <ns3:hr>121</ns3:hr>
            <ns3:cad>0</ns3:cad>
          </ns3:TrackPointExtension>
        </extensions>
      </trkpt>
      <trkpt lat="29.53211459331214427947998046875" lon="103.33121004514396190643310546875">
        <ele>2646.800048828125</ele>
        <time>2025-07-06T08:48:57.000Z</time>
        <extensions>
          <ns3:TrackPointExtension>
            <ns3:hr>121</ns3:hr>
            <ns3:cad>0</ns3:cad>
          </ns3:TrackPointExtension>
        </extensions>
      </trkpt>
      <trkpt lat="29.532118029892444610595703125" lon="103.3312196843326091766357421875">
        <ele>2646.39990234375</ele>
        <time>2025-07-06T08:48:58.000Z</time>
        <extensions>
          <ns3:TrackPointExtension>
            <ns3:hr>121</ns3:hr>
            <ns3:cad>0</ns3:cad>
          </ns3:TrackPointExtension>
        </extensions>
      </trkpt>
      <trkpt lat="29.53211970627307891845703125" lon="103.33122613839805126190185546875">
        <ele>2646.199951171875</ele>
        <time>2025-07-06T08:48:59.000Z</time>
        <extensions>
          <ns3:TrackPointExtension>
            <ns3:hr>121</ns3:hr>
            <ns3:cad>86</ns3:cad>
          </ns3:TrackPointExtension>
        </extensions>
      </trkpt>
      <trkpt lat="29.53212129883468151092529296875" lon="103.33123393356800079345703125">
        <ele>2646</ele>
        <time>2025-07-06T08:49:00.000Z</time>
        <extensions>
          <ns3:TrackPointExtension>
            <ns3:hr>121</ns3:hr>
            <ns3:cad>86</ns3:cad>
          </ns3:TrackPointExtension>
        </extensions>
      </trkpt>
      <trkpt lat="29.532123394310474395751953125" lon="103.33124424330890178680419921875">
        <ele>2645.800048828125</ele>
        <time>2025-07-06T08:49:01.000Z</time>
        <extensions>
          <ns3:TrackPointExtension>
            <ns3:hr>121</ns3:hr>
            <ns3:cad>86</ns3:cad>
          </ns3:TrackPointExtension>
        </extensions>
      </trkpt>
      <trkpt lat="29.53212012536823749542236328125" lon="103.3312525413930416107177734375">
        <ele>2645.60009765625</ele>
        <time>2025-07-06T08:49:02.000Z</time>
        <extensions>
          <ns3:TrackPointExtension>
            <ns3:hr>120</ns3:hr>
            <ns3:cad>86</ns3:cad>
          </ns3:TrackPointExtension>
        </extensions>
      </trkpt>
      <trkpt lat="29.5321208797395229339599609375" lon="103.33126586861908435821533203125">
        <ele>2645.39990234375</ele>
        <time>2025-07-06T08:49:03.000Z</time>
        <extensions>
          <ns3:TrackPointExtension>
            <ns3:hr>120</ns3:hr>
            <ns3:cad>86</ns3:cad>
          </ns3:TrackPointExtension>
        </extensions>
      </trkpt>
      <trkpt lat="29.53212716616690158843994140625" lon="103.33127374760806560516357421875">
        <ele>2645</ele>
        <time>2025-07-06T08:49:04.000Z</time>
        <extensions>
          <ns3:TrackPointExtension>
            <ns3:hr>120</ns3:hr>
            <ns3:cad>90</ns3:cad>
          </ns3:TrackPointExtension>
        </extensions>
      </trkpt>
      <trkpt lat="29.5321285910904407501220703125" lon="103.3312833867967128753662109375">
        <ele>2644.60009765625</ele>
        <time>2025-07-06T08:49:05.000Z</time>
        <extensions>
          <ns3:TrackPointExtension>
            <ns3:hr>120</ns3:hr>
            <ns3:cad>90</ns3:cad>
          </ns3:TrackPointExtension>
        </extensions>
      </trkpt>
      <trkpt lat="29.53213035129010677337646484375" lon="103.33129218779504299163818359375">
        <ele>2644.39990234375</ele>
        <time>2025-07-06T08:49:06.000Z</time>
        <extensions>
          <ns3:TrackPointExtension>
            <ns3:hr>119</ns3:hr>
            <ns3:cad>90</ns3:cad>
          </ns3:TrackPointExtension>
        </extensions>
      </trkpt>
      <trkpt lat="29.532129429280757904052734375" lon="103.3313065208494663238525390625">
        <ele>2644.199951171875</ele>
        <time>2025-07-06T08:49:07.000Z</time>
        <extensions>
          <ns3:TrackPointExtension>
            <ns3:hr>119</ns3:hr>
            <ns3:cad>90</ns3:cad>
          </ns3:TrackPointExtension>
        </extensions>
      </trkpt>
      <trkpt lat="29.53212951309978961944580078125" lon="103.3313175849616527557373046875">
        <ele>2644</ele>
        <time>2025-07-06T08:49:08.000Z</time>
        <extensions>
          <ns3:TrackPointExtension>
            <ns3:hr>118</ns3:hr>
            <ns3:cad>90</ns3:cad>
          </ns3:TrackPointExtension>
        </extensions>
      </trkpt>
      <trkpt lat="29.53212766908109188079833984375" lon="103.33133040927350521087646484375">
        <ele>2643.800048828125</ele>
        <time>2025-07-06T08:49:09.000Z</time>
        <extensions>
          <ns3:TrackPointExtension>
            <ns3:hr>118</ns3:hr>
            <ns3:cad>90</ns3:cad>
          </ns3:TrackPointExtension>
        </extensions>
      </trkpt>
      <trkpt lat="29.5321285910904407501220703125" lon="103.33133879117667675018310546875">
        <ele>2643.60009765625</ele>
        <time>2025-07-06T08:49:10.000Z</time>
        <extensions>
          <ns3:TrackPointExtension>
            <ns3:hr>118</ns3:hr>
            <ns3:cad>90</ns3:cad>
          </ns3:TrackPointExtension>
        </extensions>
      </trkpt>
      <trkpt lat="29.53212901018559932708740234375" lon="103.3313497714698314666748046875">
        <ele>2643.199951171875</ele>
        <time>2025-07-06T08:49:11.000Z</time>
        <extensions>
          <ns3:TrackPointExtension>
            <ns3:hr>118</ns3:hr>
            <ns3:cad>90</ns3:cad>
          </ns3:TrackPointExtension>
        </extensions>
      </trkpt>
      <trkpt lat="29.5321242325007915496826171875" lon="103.3313633501529693603515625">
        <ele>2643</ele>
        <time>2025-07-06T08:49:12.000Z</time>
        <extensions>
          <ns3:TrackPointExtension>
            <ns3:hr>118</ns3:hr>
            <ns3:cad>90</ns3:cad>
          </ns3:TrackPointExtension>
        </extensions>
      </trkpt>
      <trkpt lat="29.53212548978626728057861328125" lon="103.3313718996942043304443359375">
        <ele>2642.800048828125</ele>
        <time>2025-07-06T08:49:13.000Z</time>
        <extensions>
          <ns3:TrackPointExtension>
            <ns3:hr>118</ns3:hr>
            <ns3:cad>90</ns3:cad>
          </ns3:TrackPointExtension>
        </extensions>
      </trkpt>
      <trkpt lat="29.532126747071743011474609375" lon="103.3313765935599803924560546875">
        <ele>2642.60009765625</ele>
        <time>2025-07-06T08:49:14.000Z</time>
        <extensions>
          <ns3:TrackPointExtension>
            <ns3:hr>118</ns3:hr>
            <ns3:cad>90</ns3:cad>
          </ns3:TrackPointExtension>
        </extensions>
      </trkpt>
      <trkpt lat="29.53212616033852100372314453125" lon="103.33139746449887752532958984375">
        <ele>2642.39990234375</ele>
        <time>2025-07-06T08:49:15.000Z</time>
        <extensions>
          <ns3:TrackPointExtension>
            <ns3:hr>118</ns3:hr>
            <ns3:cad>90</ns3:cad>
          </ns3:TrackPointExtension>
        </extensions>
      </trkpt>
      <trkpt lat="29.5321279205381870269775390625" lon="103.3314062654972076416015625">
        <ele>2642</ele>
        <time>2025-07-06T08:49:16.000Z</time>
        <extensions>
          <ns3:TrackPointExtension>
            <ns3:hr>118</ns3:hr>
            <ns3:cad>90</ns3:cad>
          </ns3:TrackPointExtension>
        </extensions>
      </trkpt>
      <trkpt lat="29.53212850727140903472900390625" lon="103.33141389302909374237060546875">
        <ele>2641.800048828125</ele>
        <time>2025-07-06T08:49:17.000Z</time>
        <extensions>
          <ns3:TrackPointExtension>
            <ns3:hr>118</ns3:hr>
            <ns3:cad>90</ns3:cad>
          </ns3:TrackPointExtension>
        </extensions>
      </trkpt>
      <trkpt lat="29.53213320113718509674072265625" lon="103.33141632378101348876953125">
        <ele>2641.60009765625</ele>
        <time>2025-07-06T08:49:18.000Z</time>
        <extensions>
          <ns3:TrackPointExtension>
            <ns3:hr>118</ns3:hr>
            <ns3:cad>90</ns3:cad>
          </ns3:TrackPointExtension>
        </extensions>
      </trkpt>
      <trkpt lat="29.53213806264102458953857421875" lon="103.331418000161647796630859375">
        <ele>2641.39990234375</ele>
        <time>2025-07-06T08:49:19.000Z</time>
        <extensions>
          <ns3:TrackPointExtension>
            <ns3:hr>118</ns3:hr>
            <ns3:cad>68</ns3:cad>
          </ns3:TrackPointExtension>
        </extensions>
      </trkpt>
      <trkpt lat="29.53213856555521488189697265625" lon="103.3314154855906963348388671875">
        <ele>2641.199951171875</ele>
        <time>2025-07-06T08:49:20.000Z</time>
        <extensions>
          <ns3:TrackPointExtension>
            <ns3:hr>119</ns3:hr>
            <ns3:cad>68</ns3:cad>
          </ns3:TrackPointExtension>
        </extensions>
      </trkpt>
      <trkpt lat="29.532143175601959228515625" lon="103.3314104564487934112548828125">
        <ele>2641</ele>
        <time>2025-07-06T08:49:21.000Z</time>
        <extensions>
          <ns3:TrackPointExtension>
            <ns3:hr>119</ns3:hr>
            <ns3:cad>68</ns3:cad>
          </ns3:TrackPointExtension>
        </extensions>
      </trkpt>
      <trkpt lat="29.53214610926806926727294921875" lon="103.3314067684113979339599609375">
        <ele>2640.800048828125</ele>
        <time>2025-07-06T08:49:22.000Z</time>
        <extensions>
          <ns3:TrackPointExtension>
            <ns3:hr>120</ns3:hr>
            <ns3:cad>68</ns3:cad>
          </ns3:TrackPointExtension>
        </extensions>
      </trkpt>
      <trkpt lat="29.5321520604193210601806640625" lon="103.3313977159559726715087890625">
        <ele>2640.60009765625</ele>
        <time>2025-07-06T08:49:23.000Z</time>
        <extensions>
          <ns3:TrackPointExtension>
            <ns3:hr>120</ns3:hr>
            <ns3:cad>68</ns3:cad>
          </ns3:TrackPointExtension>
        </extensions>
      </trkpt>
      <trkpt lat="29.5321574248373508453369140625" lon="103.33138950169086456298828125">
        <ele>2640.199951171875</ele>
        <time>2025-07-06T08:49:24.000Z</time>
        <extensions>
          <ns3:TrackPointExtension>
            <ns3:hr>120</ns3:hr>
            <ns3:cad>68</ns3:cad>
          </ns3:TrackPointExtension>
        </extensions>
      </trkpt>
      <trkpt lat="29.5321661420166492462158203125" lon="103.33137801848351955413818359375">
        <ele>2640</ele>
        <time>2025-07-06T08:49:25.000Z</time>
        <extensions>
          <ns3:TrackPointExtension>
            <ns3:hr>120</ns3:hr>
            <ns3:cad>62</ns3:cad>
          </ns3:TrackPointExtension>
        </extensions>
      </trkpt>
      <trkpt lat="29.532176367938518524169921875" lon="103.331366367638111114501953125">
        <ele>2639.60009765625</ele>
        <time>2025-07-06T08:49:26.000Z</time>
        <extensions>
          <ns3:TrackPointExtension>
            <ns3:hr>121</ns3:hr>
            <ns3:cad>62</ns3:cad>
          </ns3:TrackPointExtension>
        </extensions>
      </trkpt>
      <trkpt lat="29.53218315728008747100830078125" lon="103.33135773427784442901611328125">
        <ele>2639.39990234375</ele>
        <time>2025-07-06T08:49:27.000Z</time>
        <extensions>
          <ns3:TrackPointExtension>
            <ns3:hr>121</ns3:hr>
            <ns3:cad>62</ns3:cad>
          </ns3:TrackPointExtension>
        </extensions>
      </trkpt>
      <trkpt lat="29.53218810260295867919921875" lon="103.33134926855564117431640625">
        <ele>2639.199951171875</ele>
        <time>2025-07-06T08:49:28.000Z</time>
        <extensions>
          <ns3:TrackPointExtension>
            <ns3:hr>121</ns3:hr>
            <ns3:cad>70</ns3:cad>
          </ns3:TrackPointExtension>
        </extensions>
      </trkpt>
      <trkpt lat="29.5322000049054622650146484375" lon="103.3313377015292644500732421875">
        <ele>2639</ele>
        <time>2025-07-06T08:49:29.000Z</time>
        <extensions>
          <ns3:TrackPointExtension>
            <ns3:hr>121</ns3:hr>
            <ns3:cad>70</ns3:cad>
          </ns3:TrackPointExtension>
        </extensions>
      </trkpt>
      <trkpt lat="29.53220830298960208892822265625" lon="103.33133309148252010345458984375">
        <ele>2638.800048828125</ele>
        <time>2025-07-06T08:49:30.000Z</time>
        <extensions>
          <ns3:TrackPointExtension>
            <ns3:hr>121</ns3:hr>
            <ns3:cad>70</ns3:cad>
          </ns3:TrackPointExtension>
        </extensions>
      </trkpt>
      <trkpt lat="29.53221584670245647430419921875" lon="103.3313269726932048797607421875">
        <ele>2638.60009765625</ele>
        <time>2025-07-06T08:49:31.000Z</time>
        <extensions>
          <ns3:TrackPointExtension>
            <ns3:hr>121</ns3:hr>
            <ns3:cad>70</ns3:cad>
          </ns3:TrackPointExtension>
        </extensions>
      </trkpt>
      <trkpt lat="29.53222624026238918304443359375" lon="103.33131632767617702484130859375">
        <ele>2638.199951171875</ele>
        <time>2025-07-06T08:49:32.000Z</time>
        <extensions>
          <ns3:TrackPointExtension>
            <ns3:hr>120</ns3:hr>
            <ns3:cad>70</ns3:cad>
          </ns3:TrackPointExtension>
        </extensions>
      </trkpt>
      <trkpt lat="29.53223168849945068359375" lon="103.33130945451557636260986328125">
        <ele>2638</ele>
        <time>2025-07-06T08:49:33.000Z</time>
        <extensions>
          <ns3:TrackPointExtension>
            <ns3:hr>120</ns3:hr>
            <ns3:cad>67</ns3:cad>
          </ns3:TrackPointExtension>
        </extensions>
      </trkpt>
      <trkpt lat="29.5322385616600513458251953125" lon="103.331300653517246246337890625">
        <ele>2637.60009765625</ele>
        <time>2025-07-06T08:49:34.000Z</time>
        <extensions>
          <ns3:TrackPointExtension>
            <ns3:hr>120</ns3:hr>
            <ns3:cad>67</ns3:cad>
          </ns3:TrackPointExtension>
        </extensions>
      </trkpt>
      <trkpt lat="29.5322445966303348541259765625" lon="103.3312927745282649993896484375">
        <ele>2637.199951171875</ele>
        <time>2025-07-06T08:49:35.000Z</time>
        <extensions>
          <ns3:TrackPointExtension>
            <ns3:hr>120</ns3:hr>
            <ns3:cad>67</ns3:cad>
          </ns3:TrackPointExtension>
        </extensions>
      </trkpt>
      <trkpt lat="29.53225038014352321624755859375" lon="103.33128715865314006805419921875">
        <ele>2637</ele>
        <time>2025-07-06T08:49:36.000Z</time>
        <extensions>
          <ns3:TrackPointExtension>
            <ns3:hr>120</ns3:hr>
            <ns3:cad>85</ns3:cad>
          </ns3:TrackPointExtension>
        </extensions>
      </trkpt>
      <trkpt lat="29.53225457109510898590087890625" lon="103.33128028549253940582275390625">
        <ele>2636.800048828125</ele>
        <time>2025-07-06T08:49:37.000Z</time>
        <extensions>
          <ns3:TrackPointExtension>
            <ns3:hr>120</ns3:hr>
            <ns3:cad>85</ns3:cad>
          </ns3:TrackPointExtension>
        </extensions>
      </trkpt>
      <trkpt lat="29.53225792385637760162353515625" lon="103.33127676509320735931396484375">
        <ele>2636.39990234375</ele>
        <time>2025-07-06T08:49:38.000Z</time>
        <extensions>
          <ns3:TrackPointExtension>
            <ns3:hr>120</ns3:hr>
            <ns3:cad>85</ns3:cad>
          </ns3:TrackPointExtension>
        </extensions>
      </trkpt>
      <trkpt lat="29.5322637073695659637451171875" lon="103.33126788027584552764892578125">
        <ele>2636.199951171875</ele>
        <time>2025-07-06T08:49:39.000Z</time>
        <extensions>
          <ns3:TrackPointExtension>
            <ns3:hr>119</ns3:hr>
            <ns3:cad>85</ns3:cad>
          </ns3:TrackPointExtension>
        </extensions>
      </trkpt>
      <trkpt lat="29.5322673954069614410400390625" lon="103.33125547505915164947509765625">
        <ele>2636</ele>
        <time>2025-07-06T08:49:40.000Z</time>
        <extensions>
          <ns3:TrackPointExtension>
            <ns3:hr>119</ns3:hr>
            <ns3:cad>85</ns3:cad>
          </ns3:TrackPointExtension>
        </extensions>
      </trkpt>
      <trkpt lat="29.53226999379694461822509765625" lon="103.33124591968953609466552734375">
        <ele>2635.60009765625</ele>
        <time>2025-07-06T08:49:41.000Z</time>
        <extensions>
          <ns3:TrackPointExtension>
            <ns3:hr>119</ns3:hr>
            <ns3:cad>85</ns3:cad>
          </ns3:TrackPointExtension>
        </extensions>
      </trkpt>
      <trkpt lat="29.532272927463054656982421875" lon="103.33123653195798397064208984375">
        <ele>2635.39990234375</ele>
        <time>2025-07-06T08:49:42.000Z</time>
        <extensions>
          <ns3:TrackPointExtension>
            <ns3:hr>119</ns3:hr>
            <ns3:cad>85</ns3:cad>
          </ns3:TrackPointExtension>
        </extensions>
      </trkpt>
      <trkpt lat="29.5322717539966106414794921875" lon="103.3312265574932098388671875">
        <ele>2635.199951171875</ele>
        <time>2025-07-06T08:49:43.000Z</time>
        <extensions>
          <ns3:TrackPointExtension>
            <ns3:hr>119</ns3:hr>
            <ns3:cad>85</ns3:cad>
          </ns3:TrackPointExtension>
        </extensions>
      </trkpt>
      <trkpt lat="29.5322727598249912261962890625" lon="103.33121784031391143798828125">
        <ele>2634.800048828125</ele>
        <time>2025-07-06T08:49:44.000Z</time>
        <extensions>
          <ns3:TrackPointExtension>
            <ns3:hr>120</ns3:hr>
            <ns3:cad>74</ns3:cad>
          </ns3:TrackPointExtension>
        </extensions>
      </trkpt>
      <trkpt lat="29.5322761125862598419189453125" lon="103.3312102966010570526123046875">
        <ele>2634.60009765625</ele>
        <time>2025-07-06T08:49:45.000Z</time>
        <extensions>
          <ns3:TrackPointExtension>
            <ns3:hr>119</ns3:hr>
            <ns3:cad>72</ns3:cad>
          </ns3:TrackPointExtension>
        </extensions>
      </trkpt>
      <trkpt lat="29.5322848297655582427978515625" lon="103.33120082505047321319580078125">
        <ele>2634.39990234375</ele>
        <time>2025-07-06T08:49:46.000Z</time>
        <extensions>
          <ns3:TrackPointExtension>
            <ns3:hr>119</ns3:hr>
            <ns3:cad>72</ns3:cad>
          </ns3:TrackPointExtension>
        </extensions>
      </trkpt>
      <trkpt lat="29.53229681588709354400634765625" lon="103.331202082335948944091796875">
        <ele>2634.199951171875</ele>
        <time>2025-07-06T08:49:47.000Z</time>
        <extensions>
          <ns3:TrackPointExtension>
            <ns3:hr>119</ns3:hr>
            <ns3:cad>72</ns3:cad>
          </ns3:TrackPointExtension>
        </extensions>
      </trkpt>
      <trkpt lat="29.53230586834251880645751953125" lon="103.33121239207684993743896484375">
        <ele>2634</ele>
        <time>2025-07-06T08:49:48.000Z</time>
        <extensions>
          <ns3:TrackPointExtension>
            <ns3:hr>119</ns3:hr>
            <ns3:cad>72</ns3:cad>
          </ns3:TrackPointExtension>
        </extensions>
      </trkpt>
      <trkpt lat="29.5323113165795803070068359375" lon="103.3312203548848628997802734375">
        <ele>2633.800048828125</ele>
        <time>2025-07-06T08:49:49.000Z</time>
        <extensions>
          <ns3:TrackPointExtension>
            <ns3:hr>119</ns3:hr>
            <ns3:cad>68</ns3:cad>
          </ns3:TrackPointExtension>
        </extensions>
      </trkpt>
      <trkpt lat="29.53231525607407093048095703125" lon="103.33122999407351016998291015625">
        <ele>2633.60009765625</ele>
        <time>2025-07-06T08:49:50.000Z</time>
        <extensions>
          <ns3:TrackPointExtension>
            <ns3:hr>119</ns3:hr>
            <ns3:cad>66</ns3:cad>
          </ns3:TrackPointExtension>
        </extensions>
      </trkpt>
      <trkpt lat="29.53231927938759326934814453125" lon="103.33123988471925258636474609375">
        <ele>2633.39990234375</ele>
        <time>2025-07-06T08:49:51.000Z</time>
        <extensions>
          <ns3:TrackPointExtension>
            <ns3:hr>119</ns3:hr>
            <ns3:cad>65</ns3:cad>
          </ns3:TrackPointExtension>
        </extensions>
      </trkpt>
      <trkpt lat="29.5323230512440204620361328125" lon="103.33125212229788303375244140625">
        <ele>2633.199951171875</ele>
        <time>2025-07-06T08:49:52.000Z</time>
        <extensions>
          <ns3:TrackPointExtension>
            <ns3:hr>119</ns3:hr>
            <ns3:cad>64</ns3:cad>
          </ns3:TrackPointExtension>
        </extensions>
      </trkpt>
      <trkpt lat="29.532323889434337615966796875" lon="103.33125296048820018768310546875">
        <ele>2633</ele>
        <time>2025-07-06T08:49:53.000Z</time>
        <extensions>
          <ns3:TrackPointExtension>
            <ns3:hr>118</ns3:hr>
            <ns3:cad>64</ns3:cad>
          </ns3:TrackPointExtension>
        </extensions>
      </trkpt>
      <trkpt lat="29.53232632018625736236572265625" lon="103.3312582410871982574462890625">
        <ele>2632.60009765625</ele>
        <time>2025-07-06T08:49:54.000Z</time>
        <extensions>
          <ns3:TrackPointExtension>
            <ns3:hr>118</ns3:hr>
            <ns3:cad>64</ns3:cad>
          </ns3:TrackPointExtension>
        </extensions>
      </trkpt>
      <trkpt lat="29.5323277451097965240478515625" lon="103.33126821555197238922119140625">
        <ele>2632.39990234375</ele>
        <time>2025-07-06T08:49:55.000Z</time>
        <extensions>
          <ns3:TrackPointExtension>
            <ns3:hr>118</ns3:hr>
            <ns3:cad>64</ns3:cad>
          </ns3:TrackPointExtension>
        </extensions>
      </trkpt>
      <trkpt lat="29.53232749365270137786865234375" lon="103.33127307705581188201904296875">
        <ele>2632</ele>
        <time>2025-07-06T08:49:56.000Z</time>
        <extensions>
          <ns3:TrackPointExtension>
            <ns3:hr>118</ns3:hr>
            <ns3:cad>64</ns3:cad>
          </ns3:TrackPointExtension>
        </extensions>
      </trkpt>
      <trkpt lat="29.5323284156620502471923828125" lon="103.33127710036933422088623046875">
        <ele>2631.60009765625</ele>
        <time>2025-07-06T08:49:57.000Z</time>
        <extensions>
          <ns3:TrackPointExtension>
            <ns3:hr>118</ns3:hr>
            <ns3:cad>64</ns3:cad>
          </ns3:TrackPointExtension>
        </extensions>
      </trkpt>
      <trkpt lat="29.532333277165889739990234375" lon="103.33128749392926692962646484375">
        <ele>2631.199951171875</ele>
        <time>2025-07-06T08:49:58.000Z</time>
        <extensions>
          <ns3:TrackPointExtension>
            <ns3:hr>118</ns3:hr>
            <ns3:cad>68</ns3:cad>
          </ns3:TrackPointExtension>
        </extensions>
      </trkpt>
      <trkpt lat="29.5323378033936023712158203125" lon="103.33129285834729671478271484375">
        <ele>2630.800048828125</ele>
        <time>2025-07-06T08:49:59.000Z</time>
        <extensions>
          <ns3:TrackPointExtension>
            <ns3:hr>117</ns3:hr>
            <ns3:cad>68</ns3:cad>
          </ns3:TrackPointExtension>
        </extensions>
      </trkpt>
      <trkpt lat="29.5323430001735687255859375" lon="103.3313011564314365386962890625">
        <ele>2630.60009765625</ele>
        <time>2025-07-06T08:50:00.000Z</time>
        <extensions>
          <ns3:TrackPointExtension>
            <ns3:hr>117</ns3:hr>
            <ns3:cad>68</ns3:cad>
          </ns3:TrackPointExtension>
        </extensions>
      </trkpt>
      <trkpt lat="29.53234903514385223388671875" lon="103.33130978979170322418212890625">
        <ele>2630.199951171875</ele>
        <time>2025-07-06T08:50:01.000Z</time>
        <extensions>
          <ns3:TrackPointExtension>
            <ns3:hr>117</ns3:hr>
            <ns3:cad>68</ns3:cad>
          </ns3:TrackPointExtension>
        </extensions>
      </trkpt>
      <trkpt lat="29.53235280700027942657470703125" lon="103.33131699822843074798583984375">
        <ele>2629.800048828125</ele>
        <time>2025-07-06T08:50:02.000Z</time>
        <extensions>
          <ns3:TrackPointExtension>
            <ns3:hr>116</ns3:hr>
            <ns3:cad>68</ns3:cad>
          </ns3:TrackPointExtension>
        </extensions>
      </trkpt>
      <trkpt lat="29.532356746494770050048828125" lon="103.33132336847484111785888671875">
        <ele>2629.39990234375</ele>
        <time>2025-07-06T08:50:03.000Z</time>
        <extensions>
          <ns3:TrackPointExtension>
            <ns3:hr>116</ns3:hr>
            <ns3:cad>68</ns3:cad>
          </ns3:TrackPointExtension>
        </extensions>
      </trkpt>
      <trkpt lat="29.53236320056021213531494140625" lon="103.3313316665589809417724609375">
        <ele>2629</ele>
        <time>2025-07-06T08:50:04.000Z</time>
        <extensions>
          <ns3:TrackPointExtension>
            <ns3:hr>117</ns3:hr>
            <ns3:cad>68</ns3:cad>
          </ns3:TrackPointExtension>
        </extensions>
      </trkpt>
      <trkpt lat="29.532368145883083343505859375" lon="103.331341557204723358154296875">
        <ele>2628.60009765625</ele>
        <time>2025-07-06T08:50:05.000Z</time>
        <extensions>
          <ns3:TrackPointExtension>
            <ns3:hr>117</ns3:hr>
            <ns3:cad>68</ns3:cad>
          </ns3:TrackPointExtension>
        </extensions>
      </trkpt>
      <trkpt lat="29.53237024135887622833251953125" lon="103.33136108703911304473876953125">
        <ele>2628.199951171875</ele>
        <time>2025-07-06T08:50:06.000Z</time>
        <extensions>
          <ns3:TrackPointExtension>
            <ns3:hr>119</ns3:hr>
            <ns3:cad>68</ns3:cad>
          </ns3:TrackPointExtension>
        </extensions>
      </trkpt>
      <trkpt lat="29.53237040899693965911865234375" lon="103.33138656802475452423095703125">
        <ele>2627.800048828125</ele>
        <time>2025-07-06T08:50:07.000Z</time>
        <extensions>
          <ns3:TrackPointExtension>
            <ns3:hr>119</ns3:hr>
            <ns3:cad>68</ns3:cad>
          </ns3:TrackPointExtension>
        </extensions>
      </trkpt>
      <trkpt lat="29.53237292356789112091064453125" lon="103.3313993923366069793701171875">
        <ele>2627.39990234375</ele>
        <time>2025-07-06T08:50:08.000Z</time>
        <extensions>
          <ns3:TrackPointExtension>
            <ns3:hr>120</ns3:hr>
            <ns3:cad>68</ns3:cad>
          </ns3:TrackPointExtension>
        </extensions>
      </trkpt>
      <trkpt lat="29.53237929381430149078369140625" lon="103.3314117975533008575439453125">
        <ele>2627.199951171875</ele>
        <time>2025-07-06T08:50:09.000Z</time>
        <extensions>
          <ns3:TrackPointExtension>
            <ns3:hr>121</ns3:hr>
            <ns3:cad>68</ns3:cad>
          </ns3:TrackPointExtension>
        </extensions>
      </trkpt>
      <trkpt lat="29.5323837362229824066162109375" lon="103.3314195089042186737060546875">
        <ele>2627</ele>
        <time>2025-07-06T08:50:10.000Z</time>
        <extensions>
          <ns3:TrackPointExtension>
            <ns3:hr>122</ns3:hr>
            <ns3:cad>68</ns3:cad>
          </ns3:TrackPointExtension>
        </extensions>
      </trkpt>
      <trkpt lat="29.53238599933683872222900390625" lon="103.33142814226448535919189453125">
        <ele>2626.800048828125</ele>
        <time>2025-07-06T08:50:11.000Z</time>
        <extensions>
          <ns3:TrackPointExtension>
            <ns3:hr>123</ns3:hr>
            <ns3:cad>68</ns3:cad>
          </ns3:TrackPointExtension>
        </extensions>
      </trkpt>
      <trkpt lat="29.5323867537081241607666015625" lon="103.33143384195864200592041015625">
        <ele>2626.60009765625</ele>
        <time>2025-07-06T08:50:12.000Z</time>
        <extensions>
          <ns3:TrackPointExtension>
            <ns3:hr>123</ns3:hr>
            <ns3:cad>58</ns3:cad>
          </ns3:TrackPointExtension>
        </extensions>
      </trkpt>
      <trkpt lat="29.53238583169877529144287109375" lon="103.33144239149987697601318359375">
        <ele>2626.199951171875</ele>
        <time>2025-07-06T08:50:13.000Z</time>
        <extensions>
          <ns3:TrackPointExtension>
            <ns3:hr>124</ns3:hr>
            <ns3:cad>58</ns3:cad>
          </ns3:TrackPointExtension>
        </extensions>
      </trkpt>
      <trkpt lat="29.53238524496555328369140625" lon="103.33145580254495143890380859375">
        <ele>2625.800048828125</ele>
        <time>2025-07-06T08:50:14.000Z</time>
        <extensions>
          <ns3:TrackPointExtension>
            <ns3:hr>123</ns3:hr>
            <ns3:cad>58</ns3:cad>
          </ns3:TrackPointExtension>
        </extensions>
      </trkpt>
      <trkpt lat="29.53238817863166332244873046875" lon="103.331460244953632354736328125">
        <ele>2625.60009765625</ele>
        <time>2025-07-06T08:50:15.000Z</time>
        <extensions>
          <ns3:TrackPointExtension>
            <ns3:hr>123</ns3:hr>
            <ns3:cad>58</ns3:cad>
          </ns3:TrackPointExtension>
        </extensions>
      </trkpt>
      <trkpt lat="29.53239169903099536895751953125" lon="103.33146552555263042449951171875">
        <ele>2625.199951171875</ele>
        <time>2025-07-06T08:50:16.000Z</time>
        <extensions>
          <ns3:TrackPointExtension>
            <ns3:hr>123</ns3:hr>
            <ns3:cad>60</ns3:cad>
          </ns3:TrackPointExtension>
        </extensions>
      </trkpt>
      <trkpt lat="29.53239890746772289276123046875" lon="103.33147055469453334808349609375">
        <ele>2624.800048828125</ele>
        <time>2025-07-06T08:50:17.000Z</time>
        <extensions>
          <ns3:TrackPointExtension>
            <ns3:hr>123</ns3:hr>
            <ns3:cad>60</ns3:cad>
          </ns3:TrackPointExtension>
        </extensions>
      </trkpt>
      <trkpt lat="29.53240041621029376983642578125" lon="103.33147893659770488739013671875">
        <ele>2624.60009765625</ele>
        <time>2025-07-06T08:50:18.000Z</time>
        <extensions>
          <ns3:TrackPointExtension>
            <ns3:hr>123</ns3:hr>
            <ns3:cad>60</ns3:cad>
          </ns3:TrackPointExtension>
        </extensions>
      </trkpt>
      <trkpt lat="29.53240158967673778533935546875" lon="103.33148580975830554962158203125">
        <ele>2624.199951171875</ele>
        <time>2025-07-06T08:50:19.000Z</time>
        <extensions>
          <ns3:TrackPointExtension>
            <ns3:hr>123</ns3:hr>
            <ns3:cad>60</ns3:cad>
          </ns3:TrackPointExtension>
        </extensions>
      </trkpt>
      <trkpt lat="29.5324041880667209625244140625" lon="103.331494443118572235107421875">
        <ele>2623.800048828125</ele>
        <time>2025-07-06T08:50:20.000Z</time>
        <extensions>
          <ns3:TrackPointExtension>
            <ns3:hr>123</ns3:hr>
            <ns3:cad>60</ns3:cad>
          </ns3:TrackPointExtension>
        </extensions>
      </trkpt>
      <trkpt lat="29.5324055291712284088134765625" lon="103.33150123246014118194580078125">
        <ele>2623.60009765625</ele>
        <time>2025-07-06T08:50:21.000Z</time>
        <extensions>
          <ns3:TrackPointExtension>
            <ns3:hr>123</ns3:hr>
            <ns3:cad>60</ns3:cad>
          </ns3:TrackPointExtension>
        </extensions>
      </trkpt>
      <trkpt lat="29.53240670263767242431640625" lon="103.3315135538578033447265625">
        <ele>2623.199951171875</ele>
        <time>2025-07-06T08:50:22.000Z</time>
        <extensions>
          <ns3:TrackPointExtension>
            <ns3:hr>123</ns3:hr>
            <ns3:cad>60</ns3:cad>
          </ns3:TrackPointExtension>
        </extensions>
      </trkpt>
      <trkpt lat="29.53240661881864070892333984375" lon="103.33152118138968944549560546875">
        <ele>2623</ele>
        <time>2025-07-06T08:50:23.000Z</time>
        <extensions>
          <ns3:TrackPointExtension>
            <ns3:hr>123</ns3:hr>
            <ns3:cad>78</ns3:cad>
          </ns3:TrackPointExtension>
        </extensions>
      </trkpt>
      <trkpt lat="29.53241030685603618621826171875" lon="103.3315269649028778076171875">
        <ele>2622.60009765625</ele>
        <time>2025-07-06T08:50:24.000Z</time>
        <extensions>
          <ns3:TrackPointExtension>
            <ns3:hr>123</ns3:hr>
            <ns3:cad>78</ns3:cad>
          </ns3:TrackPointExtension>
        </extensions>
      </trkpt>
      <trkpt lat="29.5324127376079559326171875" lon="103.331538029015064239501953125">
        <ele>2622.199951171875</ele>
        <time>2025-07-06T08:50:25.000Z</time>
        <extensions>
          <ns3:TrackPointExtension>
            <ns3:hr>123</ns3:hr>
            <ns3:cad>78</ns3:cad>
          </ns3:TrackPointExtension>
        </extensions>
      </trkpt>
      <trkpt lat="29.5324132405221462249755859375" lon="103.33154800347983837127685546875">
        <ele>2622</ele>
        <time>2025-07-06T08:50:26.000Z</time>
        <extensions>
          <ns3:TrackPointExtension>
            <ns3:hr>123</ns3:hr>
            <ns3:cad>79</ns3:cad>
          </ns3:TrackPointExtension>
        </extensions>
      </trkpt>
      <trkpt lat="29.53241466544568538665771484375" lon="103.3315613307058811187744140625">
        <ele>2621.60009765625</ele>
        <time>2025-07-06T08:50:27.000Z</time>
        <extensions>
          <ns3:TrackPointExtension>
            <ns3:hr>122</ns3:hr>
            <ns3:cad>80</ns3:cad>
          </ns3:TrackPointExtension>
        </extensions>
      </trkpt>
      <trkpt lat="29.5324112288653850555419921875" lon="103.33156585693359375">
        <ele>2621.39990234375</ele>
        <time>2025-07-06T08:50:28.000Z</time>
        <extensions>
          <ns3:TrackPointExtension>
            <ns3:hr>122</ns3:hr>
            <ns3:cad>80</ns3:cad>
          </ns3:TrackPointExtension>
        </extensions>
      </trkpt>
      <trkpt lat="29.5324118994176387786865234375" lon="103.33157415501773357391357421875">
        <ele>2621.199951171875</ele>
        <time>2025-07-06T08:50:29.000Z</time>
        <extensions>
          <ns3:TrackPointExtension>
            <ns3:hr>122</ns3:hr>
            <ns3:cad>71</ns3:cad>
          </ns3:TrackPointExtension>
        </extensions>
      </trkpt>
      <trkpt lat="29.532411061227321624755859375" lon="103.331580944359302520751953125">
        <ele>2620.800048828125</ele>
        <time>2025-07-06T08:50:30.000Z</time>
        <extensions>
          <ns3:TrackPointExtension>
            <ns3:hr>120</ns3:hr>
            <ns3:cad>71</ns3:cad>
          </ns3:TrackPointExtension>
        </extensions>
      </trkpt>
      <trkpt lat="29.53241198323667049407958984375" lon="103.3315868116915225982666015625">
        <ele>2620.39990234375</ele>
        <time>2025-07-06T08:50:31.000Z</time>
        <extensions>
          <ns3:TrackPointExtension>
            <ns3:hr>120</ns3:hr>
            <ns3:cad>82</ns3:cad>
          </ns3:TrackPointExtension>
        </extensions>
      </trkpt>
      <trkpt lat="29.5324172638356685638427734375" lon="103.3315928466618061065673828125">
        <ele>2620.199951171875</ele>
        <time>2025-07-06T08:50:32.000Z</time>
        <extensions>
          <ns3:TrackPointExtension>
            <ns3:hr>120</ns3:hr>
            <ns3:cad>82</ns3:cad>
          </ns3:TrackPointExtension>
        </extensions>
      </trkpt>
      <trkpt lat="29.532423131167888641357421875" lon="103.33159846253693103790283203125">
        <ele>2619.800048828125</ele>
        <time>2025-07-06T08:50:33.000Z</time>
        <extensions>
          <ns3:TrackPointExtension>
            <ns3:hr>119</ns3:hr>
            <ns3:cad>82</ns3:cad>
          </ns3:TrackPointExtension>
        </extensions>
      </trkpt>
      <trkpt lat="29.5324315130710601806640625" lon="103.3316106162965297698974609375">
        <ele>2619.60009765625</ele>
        <time>2025-07-06T08:50:34.000Z</time>
        <extensions>
          <ns3:TrackPointExtension>
            <ns3:hr>120</ns3:hr>
            <ns3:cad>0</ns3:cad>
          </ns3:TrackPointExtension>
        </extensions>
      </trkpt>
      <trkpt lat="29.53243226744234561920166015625" lon="103.33161841146647930145263671875">
        <ele>2619.199951171875</ele>
        <time>2025-07-06T08:50:35.000Z</time>
        <extensions>
          <ns3:TrackPointExtension>
            <ns3:hr>120</ns3:hr>
            <ns3:cad>0</ns3:cad>
          </ns3:TrackPointExtension>
        </extensions>
      </trkpt>
      <trkpt lat="29.53243486583232879638671875" lon="103.33162553608417510986328125">
        <ele>2619</ele>
        <time>2025-07-06T08:50:36.000Z</time>
        <extensions>
          <ns3:TrackPointExtension>
            <ns3:hr>119</ns3:hr>
            <ns3:cad>0</ns3:cad>
          </ns3:TrackPointExtension>
        </extensions>
      </trkpt>
      <trkpt lat="29.53243997879326343536376953125" lon="103.33163182251155376434326171875">
        <ele>2618.800048828125</ele>
        <time>2025-07-06T08:50:37.000Z</time>
        <extensions>
          <ns3:TrackPointExtension>
            <ns3:hr>120</ns3:hr>
            <ns3:cad>0</ns3:cad>
          </ns3:TrackPointExtension>
        </extensions>
      </trkpt>
      <trkpt lat="29.532443247735500335693359375" lon="103.3316401205956935882568359375">
        <ele>2618.60009765625</ele>
        <time>2025-07-06T08:50:38.000Z</time>
        <extensions>
          <ns3:TrackPointExtension>
            <ns3:hr>120</ns3:hr>
            <ns3:cad>66</ns3:cad>
          </ns3:TrackPointExtension>
        </extensions>
      </trkpt>
      <trkpt lat="29.53244685195386409759521484375" lon="103.33164942450821399688720703125">
        <ele>2618.199951171875</ele>
        <time>2025-07-06T08:50:39.000Z</time>
        <extensions>
          <ns3:TrackPointExtension>
            <ns3:hr>120</ns3:hr>
            <ns3:cad>66</ns3:cad>
          </ns3:TrackPointExtension>
        </extensions>
      </trkpt>
      <trkpt lat="29.532449953258037567138671875" lon="103.33165504038333892822265625">
        <ele>2618</ele>
        <time>2025-07-06T08:50:40.000Z</time>
        <extensions>
          <ns3:TrackPointExtension>
            <ns3:hr>119</ns3:hr>
            <ns3:cad>66</ns3:cad>
          </ns3:TrackPointExtension>
        </extensions>
      </trkpt>
      <trkpt lat="29.53245623968541622161865234375" lon="103.33165663294494152069091796875">
        <ele>2617.60009765625</ele>
        <time>2025-07-06T08:50:41.000Z</time>
        <extensions>
          <ns3:TrackPointExtension>
            <ns3:hr>120</ns3:hr>
            <ns3:cad>66</ns3:cad>
          </ns3:TrackPointExtension>
        </extensions>
      </trkpt>
      <trkpt lat="29.5324628613889217376708984375" lon="103.3316592313349246978759765625">
        <ele>2617.39990234375</ele>
        <time>2025-07-06T08:50:42.000Z</time>
        <extensions>
          <ns3:TrackPointExtension>
            <ns3:hr>119</ns3:hr>
            <ns3:cad>72</ns3:cad>
          </ns3:TrackPointExtension>
        </extensions>
      </trkpt>
      <trkpt lat="29.53246747143566608428955078125" lon="103.3316637575626373291015625">
        <ele>2617</ele>
        <time>2025-07-06T08:50:43.000Z</time>
        <extensions>
          <ns3:TrackPointExtension>
            <ns3:hr>119</ns3:hr>
            <ns3:cad>72</ns3:cad>
          </ns3:TrackPointExtension>
        </extensions>
      </trkpt>
      <trkpt lat="29.53247216530144214630126953125" lon="103.331670463085174560546875">
        <ele>2616.800048828125</ele>
        <time>2025-07-06T08:50:44.000Z</time>
        <extensions>
          <ns3:TrackPointExtension>
            <ns3:hr>119</ns3:hr>
            <ns3:cad>72</ns3:cad>
          </ns3:TrackPointExtension>
        </extensions>
      </trkpt>
      <trkpt lat="29.53247568570077419281005859375" lon="103.3316756598651409149169921875">
        <ele>2616.60009765625</ele>
        <time>2025-07-06T08:50:45.000Z</time>
        <extensions>
          <ns3:TrackPointExtension>
            <ns3:hr>119</ns3:hr>
            <ns3:cad>72</ns3:cad>
          </ns3:TrackPointExtension>
        </extensions>
      </trkpt>
      <trkpt lat="29.53247937373816967010498046875" lon="103.33167892880737781524658203125">
        <ele>2616.199951171875</ele>
        <time>2025-07-06T08:50:46.000Z</time>
        <extensions>
          <ns3:TrackPointExtension>
            <ns3:hr>118</ns3:hr>
            <ns3:cad>64</ns3:cad>
          </ns3:TrackPointExtension>
        </extensions>
      </trkpt>
      <trkpt lat="29.5324829779565334320068359375" lon="103.3316823653876781463623046875">
        <ele>2616</ele>
        <time>2025-07-06T08:50:47.000Z</time>
        <extensions>
          <ns3:TrackPointExtension>
            <ns3:hr>118</ns3:hr>
            <ns3:cad>64</ns3:cad>
          </ns3:TrackPointExtension>
        </extensions>
      </trkpt>
      <trkpt lat="29.53248725272715091705322265625" lon="103.33168747834861278533935546875">
        <ele>2615.60009765625</ele>
        <time>2025-07-06T08:50:48.000Z</time>
        <extensions>
          <ns3:TrackPointExtension>
            <ns3:hr>118</ns3:hr>
            <ns3:cad>64</ns3:cad>
          </ns3:TrackPointExtension>
        </extensions>
      </trkpt>
      <trkpt lat="29.5324910245835781097412109375" lon="103.33169125020503997802734375">
        <ele>2615.199951171875</ele>
        <time>2025-07-06T08:50:49.000Z</time>
        <extensions>
          <ns3:TrackPointExtension>
            <ns3:hr>118</ns3:hr>
            <ns3:cad>64</ns3:cad>
          </ns3:TrackPointExtension>
        </extensions>
      </trkpt>
      <trkpt lat="29.532491862773895263671875" lon="103.3316986262798309326171875">
        <ele>2615</ele>
        <time>2025-07-06T08:50:50.000Z</time>
        <extensions>
          <ns3:TrackPointExtension>
            <ns3:hr>119</ns3:hr>
            <ns3:cad>64</ns3:cad>
          </ns3:TrackPointExtension>
        </extensions>
      </trkpt>
      <trkpt lat="29.532491527497768402099609375" lon="103.3317001350224018096923828125">
        <ele>2614.60009765625</ele>
        <time>2025-07-06T08:50:51.000Z</time>
        <extensions>
          <ns3:TrackPointExtension>
            <ns3:hr>118</ns3:hr>
            <ns3:cad>64</ns3:cad>
          </ns3:TrackPointExtension>
        </extensions>
      </trkpt>
      <trkpt lat="29.53249379061162471771240234375" lon="103.33170440979301929473876953125">
        <ele>2614.199951171875</ele>
        <time>2025-07-06T08:50:52.000Z</time>
        <extensions>
          <ns3:TrackPointExtension>
            <ns3:hr>118</ns3:hr>
            <ns3:cad>64</ns3:cad>
          </ns3:TrackPointExtension>
        </extensions>
      </trkpt>
      <trkpt lat="29.53249747864902019500732421875" lon="103.33171279169619083404541015625">
        <ele>2613.800048828125</ele>
        <time>2025-07-06T08:50:53.000Z</time>
        <extensions>
          <ns3:TrackPointExtension>
            <ns3:hr>118</ns3:hr>
            <ns3:cad>76</ns3:cad>
          </ns3:TrackPointExtension>
        </extensions>
      </trkpt>
      <trkpt lat="29.5325027592480182647705078125" lon="103.33172419108450412750244140625">
        <ele>2613.60009765625</ele>
        <time>2025-07-06T08:50:54.000Z</time>
        <extensions>
          <ns3:TrackPointExtension>
            <ns3:hr>118</ns3:hr>
            <ns3:cad>76</ns3:cad>
          </ns3:TrackPointExtension>
        </extensions>
      </trkpt>
      <trkpt lat="29.53250954858958721160888671875" lon="103.331733830273151397705078125">
        <ele>2613.199951171875</ele>
        <time>2025-07-06T08:50:55.000Z</time>
        <extensions>
          <ns3:TrackPointExtension>
            <ns3:hr>118</ns3:hr>
            <ns3:cad>76</ns3:cad>
          </ns3:TrackPointExtension>
        </extensions>
      </trkpt>
      <trkpt lat="29.53251189552247524261474609375" lon="103.33174162544310092926025390625">
        <ele>2613</ele>
        <time>2025-07-06T08:50:56.000Z</time>
        <extensions>
          <ns3:TrackPointExtension>
            <ns3:hr>118</ns3:hr>
            <ns3:cad>40</ns3:cad>
          </ns3:TrackPointExtension>
        </extensions>
      </trkpt>
      <trkpt lat="29.53251474536955356597900390625" lon="103.33174900151789188385009765625">
        <ele>2612.60009765625</ele>
        <time>2025-07-06T08:50:57.000Z</time>
        <extensions>
          <ns3:TrackPointExtension>
            <ns3:hr>118</ns3:hr>
            <ns3:cad>40</ns3:cad>
          </ns3:TrackPointExtension>
        </extensions>
      </trkpt>
      <trkpt lat="29.532519690692424774169921875" lon="103.33175369538366794586181640625">
        <ele>2612.199951171875</ele>
        <time>2025-07-06T08:50:58.000Z</time>
        <extensions>
          <ns3:TrackPointExtension>
            <ns3:hr>118</ns3:hr>
            <ns3:cad>79</ns3:cad>
          </ns3:TrackPointExtension>
        </extensions>
      </trkpt>
      <trkpt lat="29.53252111561596393585205078125" lon="103.3317601494491100311279296875">
        <ele>2612</ele>
        <time>2025-07-06T08:50:59.000Z</time>
        <extensions>
          <ns3:TrackPointExtension>
            <ns3:hr>118</ns3:hr>
            <ns3:cad>79</ns3:cad>
          </ns3:TrackPointExtension>
        </extensions>
      </trkpt>
      <trkpt lat="29.5325242169201374053955078125" lon="103.33176978863775730133056640625">
        <ele>2611.60009765625</ele>
        <time>2025-07-06T08:51:00.000Z</time>
        <extensions>
          <ns3:TrackPointExtension>
            <ns3:hr>118</ns3:hr>
            <ns3:cad>79</ns3:cad>
          </ns3:TrackPointExtension>
        </extensions>
      </trkpt>
      <trkpt lat="29.53252798877656459808349609375" lon="103.33178001455962657928466796875">
        <ele>2611.39990234375</ele>
        <time>2025-07-06T08:51:01.000Z</time>
        <extensions>
          <ns3:TrackPointExtension>
            <ns3:hr>118</ns3:hr>
            <ns3:cad>79</ns3:cad>
          </ns3:TrackPointExtension>
        </extensions>
      </trkpt>
      <trkpt lat="29.53253268264234066009521484375" lon="103.33178789354860782623291015625">
        <ele>2611</ele>
        <time>2025-07-06T08:51:02.000Z</time>
        <extensions>
          <ns3:TrackPointExtension>
            <ns3:hr>117</ns3:hr>
            <ns3:cad>79</ns3:cad>
          </ns3:TrackPointExtension>
        </extensions>
      </trkpt>
      <trkpt lat="29.53253570012748241424560546875" lon="103.3317980356514453887939453125">
        <ele>2610.60009765625</ele>
        <time>2025-07-06T08:51:03.000Z</time>
        <extensions>
          <ns3:TrackPointExtension>
            <ns3:hr>118</ns3:hr>
            <ns3:cad>79</ns3:cad>
          </ns3:TrackPointExtension>
        </extensions>
      </trkpt>
      <trkpt lat="29.53253947198390960693359375" lon="103.3318084292113780975341796875">
        <ele>2610.199951171875</ele>
        <time>2025-07-06T08:51:04.000Z</time>
        <extensions>
          <ns3:TrackPointExtension>
            <ns3:hr>118</ns3:hr>
            <ns3:cad>79</ns3:cad>
          </ns3:TrackPointExtension>
        </extensions>
      </trkpt>
      <trkpt lat="29.532544501125812530517578125" lon="103.33182125352323055267333984375">
        <ele>2609.800048828125</ele>
        <time>2025-07-06T08:51:05.000Z</time>
        <extensions>
          <ns3:TrackPointExtension>
            <ns3:hr>117</ns3:hr>
            <ns3:cad>79</ns3:cad>
          </ns3:TrackPointExtension>
        </extensions>
      </trkpt>
      <trkpt lat="29.53254173509776592254638671875" lon="103.3318265341222286224365234375">
        <ele>2609.39990234375</ele>
        <time>2025-07-06T08:51:06.000Z</time>
        <extensions>
          <ns3:TrackPointExtension>
            <ns3:hr>118</ns3:hr>
            <ns3:cad>79</ns3:cad>
          </ns3:TrackPointExtension>
        </extensions>
      </trkpt>
      <trkpt lat="29.5325409807264804840087890625" lon="103.331837095320224761962890625">
        <ele>2609</ele>
        <time>2025-07-06T08:51:07.000Z</time>
        <extensions>
          <ns3:TrackPointExtension>
            <ns3:hr>118</ns3:hr>
            <ns3:cad>79</ns3:cad>
          </ns3:TrackPointExtension>
        </extensions>
      </trkpt>
      <trkpt lat="29.5325439982116222381591796875" lon="103.3318429626524448394775390625">
        <ele>2608.60009765625</ele>
        <time>2025-07-06T08:51:08.000Z</time>
        <extensions>
          <ns3:TrackPointExtension>
            <ns3:hr>119</ns3:hr>
            <ns3:cad>79</ns3:cad>
          </ns3:TrackPointExtension>
        </extensions>
      </trkpt>
      <trkpt lat="29.53254911117255687713623046875" lon="103.3318557031452655792236328125">
        <ele>2608.39990234375</ele>
        <time>2025-07-06T08:51:09.000Z</time>
        <extensions>
          <ns3:TrackPointExtension>
            <ns3:hr>119</ns3:hr>
            <ns3:cad>79</ns3:cad>
          </ns3:TrackPointExtension>
        </extensions>
      </trkpt>
      <trkpt lat="29.53255447559058666229248046875" lon="103.331865929067134857177734375">
        <ele>2608</ele>
        <time>2025-07-06T08:51:10.000Z</time>
        <extensions>
          <ns3:TrackPointExtension>
            <ns3:hr>119</ns3:hr>
            <ns3:cad>79</ns3:cad>
          </ns3:TrackPointExtension>
        </extensions>
      </trkpt>
      <trkpt lat="29.53256151638925075531005859375" lon="103.33187473006546497344970703125">
        <ele>2607.60009765625</ele>
        <time>2025-07-06T08:51:11.000Z</time>
        <extensions>
          <ns3:TrackPointExtension>
            <ns3:hr>120</ns3:hr>
            <ns3:cad>79</ns3:cad>
          </ns3:TrackPointExtension>
        </extensions>
      </trkpt>
      <trkpt lat="29.53256369568407535552978515625" lon="103.33188411779701709747314453125">
        <ele>2607.199951171875</ele>
        <time>2025-07-06T08:51:12.000Z</time>
        <extensions>
          <ns3:TrackPointExtension>
            <ns3:hr>120</ns3:hr>
            <ns3:cad>79</ns3:cad>
          </ns3:TrackPointExtension>
        </extensions>
      </trkpt>
      <trkpt lat="29.532565958797931671142578125" lon="103.3318915776908397674560546875">
        <ele>2606.800048828125</ele>
        <time>2025-07-06T08:51:13.000Z</time>
        <extensions>
          <ns3:TrackPointExtension>
            <ns3:hr>121</ns3:hr>
            <ns3:cad>79</ns3:cad>
          </ns3:TrackPointExtension>
        </extensions>
      </trkpt>
      <trkpt lat="29.5325724966824054718017578125" lon="103.3319063298404216766357421875">
        <ele>2606.39990234375</ele>
        <time>2025-07-06T08:51:14.000Z</time>
        <extensions>
          <ns3:TrackPointExtension>
            <ns3:hr>122</ns3:hr>
            <ns3:cad>79</ns3:cad>
          </ns3:TrackPointExtension>
        </extensions>
      </trkpt>
      <trkpt lat="29.5325735025107860565185546875" lon="103.3319132030010223388671875">
        <ele>2606</ele>
        <time>2025-07-06T08:51:15.000Z</time>
        <extensions>
          <ns3:TrackPointExtension>
            <ns3:hr>123</ns3:hr>
            <ns3:cad>79</ns3:cad>
          </ns3:TrackPointExtension>
        </extensions>
      </trkpt>
      <trkpt lat="29.53257501125335693359375" lon="103.331922590732574462890625">
        <ele>2605.800048828125</ele>
        <time>2025-07-06T08:51:16.000Z</time>
        <extensions>
          <ns3:TrackPointExtension>
            <ns3:hr>123</ns3:hr>
            <ns3:cad>79</ns3:cad>
          </ns3:TrackPointExtension>
        </extensions>
      </trkpt>
      <trkpt lat="29.53257878310978412628173828125" lon="103.3319318108260631561279296875">
        <ele>2605.60009765625</ele>
        <time>2025-07-06T08:51:17.000Z</time>
        <extensions>
          <ns3:TrackPointExtension>
            <ns3:hr>122</ns3:hr>
            <ns3:cad>0</ns3:cad>
          </ns3:TrackPointExtension>
        </extensions>
      </trkpt>
      <trkpt lat="29.532582052052021026611328125" lon="103.3319358341395854949951171875">
        <ele>2605.199951171875</ele>
        <time>2025-07-06T08:51:18.000Z</time>
        <extensions>
          <ns3:TrackPointExtension>
            <ns3:hr>122</ns3:hr>
            <ns3:cad>0</ns3:cad>
          </ns3:TrackPointExtension>
        </extensions>
      </trkpt>
      <trkpt lat="29.5325865782797336578369140625" lon="103.331951759755611419677734375">
        <ele>2605</ele>
        <time>2025-07-06T08:51:19.000Z</time>
        <extensions>
          <ns3:TrackPointExtension>
            <ns3:hr>122</ns3:hr>
            <ns3:cad>0</ns3:cad>
          </ns3:TrackPointExtension>
        </extensions>
      </trkpt>
      <trkpt lat="29.5325869135558605194091796875" lon="103.33196617662906646728515625">
        <ele>2604.800048828125</ele>
        <time>2025-07-06T08:51:20.000Z</time>
        <extensions>
          <ns3:TrackPointExtension>
            <ns3:hr>122</ns3:hr>
            <ns3:cad>0</ns3:cad>
          </ns3:TrackPointExtension>
        </extensions>
      </trkpt>
      <trkpt lat="29.53259085305035114288330078125" lon="103.33197765983641147613525390625">
        <ele>2604.60009765625</ele>
        <time>2025-07-06T08:51:21.000Z</time>
        <extensions>
          <ns3:TrackPointExtension>
            <ns3:hr>122</ns3:hr>
            <ns3:cad>0</ns3:cad>
          </ns3:TrackPointExtension>
        </extensions>
      </trkpt>
      <trkpt lat="29.53259739093482494354248046875" lon="103.33198972977697849273681640625">
        <ele>2604.39990234375</ele>
        <time>2025-07-06T08:51:22.000Z</time>
        <extensions>
          <ns3:TrackPointExtension>
            <ns3:hr>121</ns3:hr>
            <ns3:cad>0</ns3:cad>
          </ns3:TrackPointExtension>
        </extensions>
      </trkpt>
      <trkpt lat="29.53260376118123531341552734375" lon="103.3319998718798160552978515625">
        <ele>2604</ele>
        <time>2025-07-06T08:51:23.000Z</time>
        <extensions>
          <ns3:TrackPointExtension>
            <ns3:hr>121</ns3:hr>
            <ns3:cad>0</ns3:cad>
          </ns3:TrackPointExtension>
        </extensions>
      </trkpt>
      <trkpt lat="29.5326085388660430908203125" lon="103.33200640976428985595703125">
        <ele>2603.800048828125</ele>
        <time>2025-07-06T08:51:24.000Z</time>
        <extensions>
          <ns3:TrackPointExtension>
            <ns3:hr>121</ns3:hr>
            <ns3:cad>0</ns3:cad>
          </ns3:TrackPointExtension>
        </extensions>
      </trkpt>
      <trkpt lat="29.53261499293148517608642578125" lon="103.33200934343039989471435546875">
        <ele>2603.39990234375</ele>
        <time>2025-07-06T08:51:25.000Z</time>
        <extensions>
          <ns3:TrackPointExtension>
            <ns3:hr>121</ns3:hr>
            <ns3:cad>0</ns3:cad>
          </ns3:TrackPointExtension>
        </extensions>
      </trkpt>
      <trkpt lat="29.53262186609208583831787109375" lon="103.332016132771968841552734375">
        <ele>2603.199951171875</ele>
        <time>2025-07-06T08:51:26.000Z</time>
        <extensions>
          <ns3:TrackPointExtension>
            <ns3:hr>121</ns3:hr>
            <ns3:cad>0</ns3:cad>
          </ns3:TrackPointExtension>
        </extensions>
      </trkpt>
      <trkpt lat="29.53262588940560817718505859375" lon="103.33202158100903034210205078125">
        <ele>2602.800048828125</ele>
        <time>2025-07-06T08:51:27.000Z</time>
        <extensions>
          <ns3:TrackPointExtension>
            <ns3:hr>121</ns3:hr>
            <ns3:cad>0</ns3:cad>
          </ns3:TrackPointExtension>
        </extensions>
      </trkpt>
      <trkpt lat="29.53263024799525737762451171875" lon="103.3320270292460918426513671875">
        <ele>2602.39990234375</ele>
        <time>2025-07-06T08:51:28.000Z</time>
        <extensions>
          <ns3:TrackPointExtension>
            <ns3:hr>121</ns3:hr>
            <ns3:cad>0</ns3:cad>
          </ns3:TrackPointExtension>
        </extensions>
      </trkpt>
      <trkpt lat="29.53263578005135059356689453125" lon="103.332029543817043304443359375">
        <ele>2602.199951171875</ele>
        <time>2025-07-06T08:51:29.000Z</time>
        <extensions>
          <ns3:TrackPointExtension>
            <ns3:hr>120</ns3:hr>
            <ns3:cad>0</ns3:cad>
          </ns3:TrackPointExtension>
        </extensions>
      </trkpt>
      <trkpt lat="29.5326445810496807098388671875" lon="103.33203733898699283599853515625">
        <ele>2601.800048828125</ele>
        <time>2025-07-06T08:51:30.000Z</time>
        <extensions>
          <ns3:TrackPointExtension>
            <ns3:hr>121</ns3:hr>
            <ns3:cad>80</ns3:cad>
          </ns3:TrackPointExtension>
        </extensions>
      </trkpt>
      <trkpt lat="29.53264868818223476409912109375" lon="103.33204236812889575958251953125">
        <ele>2601.39990234375</ele>
        <time>2025-07-06T08:51:31.000Z</time>
        <extensions>
          <ns3:TrackPointExtension>
            <ns3:hr>120</ns3:hr>
            <ns3:cad>80</ns3:cad>
          </ns3:TrackPointExtension>
        </extensions>
      </trkpt>
      <trkpt lat="29.5326569862663745880126953125" lon="103.33204974420368671417236328125">
        <ele>2601</ele>
        <time>2025-07-06T08:51:32.000Z</time>
        <extensions>
          <ns3:TrackPointExtension>
            <ns3:hr>120</ns3:hr>
            <ns3:cad>80</ns3:cad>
          </ns3:TrackPointExtension>
        </extensions>
      </trkpt>
      <trkpt lat="29.53266394324600696563720703125" lon="103.33205376751720905303955078125">
        <ele>2600.60009765625</ele>
        <time>2025-07-06T08:51:33.000Z</time>
        <extensions>
          <ns3:TrackPointExtension>
            <ns3:hr>120</ns3:hr>
            <ns3:cad>80</ns3:cad>
          </ns3:TrackPointExtension>
        </extensions>
      </trkpt>
      <trkpt lat="29.5326714031398296356201171875" lon="103.332053013145923614501953125">
        <ele>2600.199951171875</ele>
        <time>2025-07-06T08:51:34.000Z</time>
        <extensions>
          <ns3:TrackPointExtension>
            <ns3:hr>121</ns3:hr>
            <ns3:cad>80</ns3:cad>
          </ns3:TrackPointExtension>
        </extensions>
      </trkpt>
      <trkpt lat="29.53267701901495456695556640625" lon="103.33205795846879482269287109375">
        <ele>2600</ele>
        <time>2025-07-06T08:51:35.000Z</time>
        <extensions>
          <ns3:TrackPointExtension>
            <ns3:hr>121</ns3:hr>
            <ns3:cad>80</ns3:cad>
          </ns3:TrackPointExtension>
        </extensions>
      </trkpt>
      <trkpt lat="29.5326831378042697906494140625" lon="103.3320618979632854461669921875">
        <ele>2599.60009765625</ele>
        <time>2025-07-06T08:51:36.000Z</time>
        <extensions>
          <ns3:TrackPointExtension>
            <ns3:hr>121</ns3:hr>
            <ns3:cad>80</ns3:cad>
          </ns3:TrackPointExtension>
        </extensions>
      </trkpt>
      <trkpt lat="29.53268741257488727569580078125" lon="103.33206231705844402313232421875">
        <ele>2599.199951171875</ele>
        <time>2025-07-06T08:51:37.000Z</time>
        <extensions>
          <ns3:TrackPointExtension>
            <ns3:hr>121</ns3:hr>
            <ns3:cad>80</ns3:cad>
          </ns3:TrackPointExtension>
        </extensions>
      </trkpt>
      <trkpt lat="29.5326916873455047607421875" lon="103.3320558629930019378662109375">
        <ele>2599</ele>
        <time>2025-07-06T08:51:38.000Z</time>
        <extensions>
          <ns3:TrackPointExtension>
            <ns3:hr>121</ns3:hr>
            <ns3:cad>80</ns3:cad>
          </ns3:TrackPointExtension>
        </extensions>
      </trkpt>
      <trkpt lat="29.5327024161815643310546875" lon="103.33206005394458770751953125">
        <ele>2598.60009765625</ele>
        <time>2025-07-06T08:51:39.000Z</time>
        <extensions>
          <ns3:TrackPointExtension>
            <ns3:hr>122</ns3:hr>
            <ns3:cad>80</ns3:cad>
          </ns3:TrackPointExtension>
        </extensions>
      </trkpt>
      <trkpt lat="29.53270937316119670867919921875" lon="103.3320689387619495391845703125">
        <ele>2598.39990234375</ele>
        <time>2025-07-06T08:51:40.000Z</time>
        <extensions>
          <ns3:TrackPointExtension>
            <ns3:hr>122</ns3:hr>
            <ns3:cad>80</ns3:cad>
          </ns3:TrackPointExtension>
        </extensions>
      </trkpt>
      <trkpt lat="29.53271825797855854034423828125" lon="103.332077153027057647705078125">
        <ele>2598.199951171875</ele>
        <time>2025-07-06T08:51:41.000Z</time>
        <extensions>
          <ns3:TrackPointExtension>
            <ns3:hr>123</ns3:hr>
            <ns3:cad>80</ns3:cad>
          </ns3:TrackPointExtension>
        </extensions>
      </trkpt>
      <trkpt lat="29.5327233709394931793212890625" lon="103.33208595402538776397705078125">
        <ele>2598</ele>
        <time>2025-07-06T08:51:42.000Z</time>
        <extensions>
          <ns3:TrackPointExtension>
            <ns3:hr>123</ns3:hr>
            <ns3:cad>80</ns3:cad>
          </ns3:TrackPointExtension>
        </extensions>
      </trkpt>
      <trkpt lat="29.53272429294884204864501953125" lon="103.33209215663373470306396484375">
        <ele>2597.60009765625</ele>
        <time>2025-07-06T08:51:43.000Z</time>
        <extensions>
          <ns3:TrackPointExtension>
            <ns3:hr>122</ns3:hr>
            <ns3:cad>80</ns3:cad>
          </ns3:TrackPointExtension>
        </extensions>
      </trkpt>
      <trkpt lat="29.53272831626236438751220703125" lon="103.33209919743239879608154296875">
        <ele>2597.39990234375</ele>
        <time>2025-07-06T08:51:44.000Z</time>
        <extensions>
          <ns3:TrackPointExtension>
            <ns3:hr>122</ns3:hr>
            <ns3:cad>80</ns3:cad>
          </ns3:TrackPointExtension>
        </extensions>
      </trkpt>
      <trkpt lat="29.53273418359458446502685546875" lon="103.332105986773967742919921875">
        <ele>2597</ele>
        <time>2025-07-06T08:51:45.000Z</time>
        <extensions>
          <ns3:TrackPointExtension>
            <ns3:hr>122</ns3:hr>
            <ns3:cad>80</ns3:cad>
          </ns3:TrackPointExtension>
        </extensions>
      </trkpt>
      <trkpt lat="29.53273720107972621917724609375" lon="103.33211344666779041290283203125">
        <ele>2596.60009765625</ele>
        <time>2025-07-06T08:51:46.000Z</time>
        <extensions>
          <ns3:TrackPointExtension>
            <ns3:hr>123</ns3:hr>
            <ns3:cad>80</ns3:cad>
          </ns3:TrackPointExtension>
        </extensions>
      </trkpt>
      <trkpt lat="29.53274072147905826568603515625" lon="103.33212534897029399871826171875">
        <ele>2596.199951171875</ele>
        <time>2025-07-06T08:51:47.000Z</time>
        <extensions>
          <ns3:TrackPointExtension>
            <ns3:hr>123</ns3:hr>
            <ns3:cad>80</ns3:cad>
          </ns3:TrackPointExtension>
        </extensions>
      </trkpt>
      <trkpt lat="29.53274843282997608184814453125" lon="103.3321400173008441925048828125">
        <ele>2595.800048828125</ele>
        <time>2025-07-06T08:51:48.000Z</time>
        <extensions>
          <ns3:TrackPointExtension>
            <ns3:hr>123</ns3:hr>
            <ns3:cad>80</ns3:cad>
          </ns3:TrackPointExtension>
        </extensions>
      </trkpt>
      <trkpt lat="29.53275865875184535980224609375" lon="103.3321546018123626708984375">
        <ele>2595.39990234375</ele>
        <time>2025-07-06T08:51:49.000Z</time>
        <extensions>
          <ns3:TrackPointExtension>
            <ns3:hr>123</ns3:hr>
            <ns3:cad>80</ns3:cad>
          </ns3:TrackPointExtension>
        </extensions>
      </trkpt>
      <trkpt lat="29.5327666215598583221435546875" lon="103.33216625265777111053466796875">
        <ele>2595</ele>
        <time>2025-07-06T08:51:50.000Z</time>
        <extensions>
          <ns3:TrackPointExtension>
            <ns3:hr>124</ns3:hr>
            <ns3:cad>80</ns3:cad>
          </ns3:TrackPointExtension>
        </extensions>
      </trkpt>
      <trkpt lat="29.53277257271111011505126953125" lon="103.3321782387793064117431640625">
        <ele>2594.800048828125</ele>
        <time>2025-07-06T08:51:51.000Z</time>
        <extensions>
          <ns3:TrackPointExtension>
            <ns3:hr>123</ns3:hr>
            <ns3:cad>80</ns3:cad>
          </ns3:TrackPointExtension>
        </extensions>
      </trkpt>
      <trkpt lat="29.532776512205600738525390625" lon="103.332187123596668243408203125">
        <ele>2594.39990234375</ele>
        <time>2025-07-06T08:51:52.000Z</time>
        <extensions>
          <ns3:TrackPointExtension>
            <ns3:hr>123</ns3:hr>
            <ns3:cad>80</ns3:cad>
          </ns3:TrackPointExtension>
        </extensions>
      </trkpt>
      <trkpt lat="29.5327780209481716156005859375" lon="103.3321926556527614593505859375">
        <ele>2594</ele>
        <time>2025-07-06T08:51:53.000Z</time>
        <extensions>
          <ns3:TrackPointExtension>
            <ns3:hr>123</ns3:hr>
            <ns3:cad>80</ns3:cad>
          </ns3:TrackPointExtension>
        </extensions>
      </trkpt>
      <trkpt lat="29.53278128989040851593017578125" lon="103.3322000317275524139404296875">
        <ele>2593.60009765625</ele>
        <time>2025-07-06T08:51:54.000Z</time>
        <extensions>
          <ns3:TrackPointExtension>
            <ns3:hr>124</ns3:hr>
            <ns3:cad>80</ns3:cad>
          </ns3:TrackPointExtension>
        </extensions>
      </trkpt>
      <trkpt lat="29.53278883360326290130615234375" lon="103.3322050608694553375244140625">
        <ele>2593.199951171875</ele>
        <time>2025-07-06T08:51:55.000Z</time>
        <extensions>
          <ns3:TrackPointExtension>
            <ns3:hr>124</ns3:hr>
            <ns3:cad>80</ns3:cad>
          </ns3:TrackPointExtension>
        </extensions>
      </trkpt>
      <trkpt lat="29.53279235400259494781494140625" lon="103.3322104252874851226806640625">
        <ele>2592.800048828125</ele>
        <time>2025-07-06T08:51:56.000Z</time>
        <extensions>
          <ns3:TrackPointExtension>
            <ns3:hr>125</ns3:hr>
            <ns3:cad>88</ns3:cad>
          </ns3:TrackPointExtension>
        </extensions>
      </trkpt>
      <trkpt lat="29.53279562294483184814453125" lon="103.33221704699099063873291015625">
        <ele>2592.39990234375</ele>
        <time>2025-07-06T08:51:57.000Z</time>
        <extensions>
          <ns3:TrackPointExtension>
            <ns3:hr>126</ns3:hr>
            <ns3:cad>88</ns3:cad>
          </ns3:TrackPointExtension>
        </extensions>
      </trkpt>
      <trkpt lat="29.5328028313815593719482421875" lon="103.33223112858831882476806640625">
        <ele>2592</ele>
        <time>2025-07-06T08:51:58.000Z</time>
        <extensions>
          <ns3:TrackPointExtension>
            <ns3:hr>128</ns3:hr>
            <ns3:cad>88</ns3:cad>
          </ns3:TrackPointExtension>
        </extensions>
      </trkpt>
      <trkpt lat="29.53281146474182605743408203125" lon="103.3322399295866489410400390625">
        <ele>2591.60009765625</ele>
        <time>2025-07-06T08:51:59.000Z</time>
        <extensions>
          <ns3:TrackPointExtension>
            <ns3:hr>130</ns3:hr>
            <ns3:cad>88</ns3:cad>
          </ns3:TrackPointExtension>
        </extensions>
      </trkpt>
      <trkpt lat="29.53282118774950504302978515625" lon="103.33224889822304248809814453125">
        <ele>2591.199951171875</ele>
        <time>2025-07-06T08:52:00.000Z</time>
        <extensions>
          <ns3:TrackPointExtension>
            <ns3:hr>130</ns3:hr>
            <ns3:cad>88</ns3:cad>
          </ns3:TrackPointExtension>
        </extensions>
      </trkpt>
      <trkpt lat="29.5328276418149471282958984375" lon="103.3322607167065143585205078125">
        <ele>2590.800048828125</ele>
        <time>2025-07-06T08:52:01.000Z</time>
        <extensions>
          <ns3:TrackPointExtension>
            <ns3:hr>130</ns3:hr>
            <ns3:cad>0</ns3:cad>
          </ns3:TrackPointExtension>
        </extensions>
      </trkpt>
      <trkpt lat="29.5328313298523426055908203125" lon="103.33226800896227359771728515625">
        <ele>2590.39990234375</ele>
        <time>2025-07-06T08:52:02.000Z</time>
        <extensions>
          <ns3:TrackPointExtension>
            <ns3:hr>130</ns3:hr>
            <ns3:cad>0</ns3:cad>
          </ns3:TrackPointExtension>
        </extensions>
      </trkpt>
      <trkpt lat="29.53283694572746753692626953125" lon="103.33227865397930145263671875">
        <ele>2590.199951171875</ele>
        <time>2025-07-06T08:52:03.000Z</time>
        <extensions>
          <ns3:TrackPointExtension>
            <ns3:hr>131</ns3:hr>
            <ns3:cad>0</ns3:cad>
          </ns3:TrackPointExtension>
        </extensions>
      </trkpt>
      <trkpt lat="29.53284599818289279937744140625" lon="103.33228938281536102294921875">
        <ele>2589.800048828125</ele>
        <time>2025-07-06T08:52:04.000Z</time>
        <extensions>
          <ns3:TrackPointExtension>
            <ns3:hr>131</ns3:hr>
            <ns3:cad>0</ns3:cad>
          </ns3:TrackPointExtension>
        </extensions>
      </trkpt>
      <trkpt lat="29.53285002149641513824462890625" lon="103.3322949148714542388916015625">
        <ele>2589.39990234375</ele>
        <time>2025-07-06T08:52:05.000Z</time>
        <extensions>
          <ns3:TrackPointExtension>
            <ns3:hr>132</ns3:hr>
            <ns3:cad>0</ns3:cad>
          </ns3:TrackPointExtension>
        </extensions>
      </trkpt>
      <trkpt lat="29.53285220079123973846435546875" lon="103.33230371586978435516357421875">
        <ele>2589.199951171875</ele>
        <time>2025-07-06T08:52:06.000Z</time>
        <extensions>
          <ns3:TrackPointExtension>
            <ns3:hr>132</ns3:hr>
            <ns3:cad>61</ns3:cad>
          </ns3:TrackPointExtension>
        </extensions>
      </trkpt>
      <trkpt lat="29.5328598283231258392333984375" lon="103.33230623044073581695556640625">
        <ele>2589</ele>
        <time>2025-07-06T08:52:07.000Z</time>
        <extensions>
          <ns3:TrackPointExtension>
            <ns3:hr>132</ns3:hr>
            <ns3:cad>61</ns3:cad>
          </ns3:TrackPointExtension>
        </extensions>
      </trkpt>
      <trkpt lat="29.5328598283231258392333984375" lon="103.3323061466217041015625">
        <ele>2588.800048828125</ele>
        <time>2025-07-06T08:52:08.000Z</time>
        <extensions>
          <ns3:TrackPointExtension>
            <ns3:hr>132</ns3:hr>
            <ns3:cad>61</ns3:cad>
          </ns3:TrackPointExtension>
        </extensions>
      </trkpt>
      <trkpt lat="29.5328645221889019012451171875" lon="103.3323101699352264404296875">
        <ele>2588.60009765625</ele>
        <time>2025-07-06T08:52:09.000Z</time>
        <extensions>
          <ns3:TrackPointExtension>
            <ns3:hr>132</ns3:hr>
            <ns3:cad>61</ns3:cad>
          </ns3:TrackPointExtension>
        </extensions>
      </trkpt>
      <trkpt lat="29.5328745804727077484130859375" lon="103.33232969976961612701416015625">
        <ele>2588.39990234375</ele>
        <time>2025-07-06T08:52:10.000Z</time>
        <extensions>
          <ns3:TrackPointExtension>
            <ns3:hr>132</ns3:hr>
            <ns3:cad>61</ns3:cad>
          </ns3:TrackPointExtension>
        </extensions>
      </trkpt>
      <trkpt lat="29.532886482775211334228515625" lon="103.3323488943278789520263671875">
        <ele>2588</ele>
        <time>2025-07-06T08:52:11.000Z</time>
        <extensions>
          <ns3:TrackPointExtension>
            <ns3:hr>133</ns3:hr>
            <ns3:cad>61</ns3:cad>
          </ns3:TrackPointExtension>
        </extensions>
      </trkpt>
      <trkpt lat="29.5328901708126068115234375" lon="103.33235451020300388336181640625">
        <ele>2587.800048828125</ele>
        <time>2025-07-06T08:52:12.000Z</time>
        <extensions>
          <ns3:TrackPointExtension>
            <ns3:hr>133</ns3:hr>
            <ns3:cad>61</ns3:cad>
          </ns3:TrackPointExtension>
        </extensions>
      </trkpt>
      <trkpt lat="29.53289763070642948150634765625" lon="103.33236389793455600738525390625">
        <ele>2587.60009765625</ele>
        <time>2025-07-06T08:52:13.000Z</time>
        <extensions>
          <ns3:TrackPointExtension>
            <ns3:hr>132</ns3:hr>
            <ns3:cad>61</ns3:cad>
          </ns3:TrackPointExtension>
        </extensions>
      </trkpt>
      <trkpt lat="29.5329091139137744903564453125" lon="103.33237010054290294647216796875">
        <ele>2587.199951171875</ele>
        <time>2025-07-06T08:52:14.000Z</time>
        <extensions>
          <ns3:TrackPointExtension>
            <ns3:hr>132</ns3:hr>
            <ns3:cad>0</ns3:cad>
          </ns3:TrackPointExtension>
        </extensions>
      </trkpt>
      <trkpt lat="29.5329218544065952301025390625" lon="103.3323800750076770782470703125">
        <ele>2587</ele>
        <time>2025-07-06T08:52:15.000Z</time>
        <extensions>
          <ns3:TrackPointExtension>
            <ns3:hr>131</ns3:hr>
            <ns3:cad>0</ns3:cad>
          </ns3:TrackPointExtension>
        </extensions>
      </trkpt>
      <trkpt lat="29.532930068671703338623046875" lon="103.3323906362056732177734375">
        <ele>2586.800048828125</ele>
        <time>2025-07-06T08:52:16.000Z</time>
        <extensions>
          <ns3:TrackPointExtension>
            <ns3:hr>131</ns3:hr>
            <ns3:cad>0</ns3:cad>
          </ns3:TrackPointExtension>
        </extensions>
      </trkpt>
      <trkpt lat="29.5329416356980800628662109375" lon="103.33240530453622341156005859375">
        <ele>2586.60009765625</ele>
        <time>2025-07-06T08:52:17.000Z</time>
        <extensions>
          <ns3:TrackPointExtension>
            <ns3:hr>132</ns3:hr>
            <ns3:cad>0</ns3:cad>
          </ns3:TrackPointExtension>
        </extensions>
      </trkpt>
      <trkpt lat="29.5329438149929046630859375" lon="103.332413099706172943115234375">
        <ele>2586.199951171875</ele>
        <time>2025-07-06T08:52:18.000Z</time>
        <extensions>
          <ns3:TrackPointExtension>
            <ns3:hr>132</ns3:hr>
            <ns3:cad>0</ns3:cad>
          </ns3:TrackPointExtension>
        </extensions>
      </trkpt>
      <trkpt lat="29.53295077197253704071044921875" lon="103.332419134676456451416015625">
        <ele>2586</ele>
        <time>2025-07-06T08:52:19.000Z</time>
        <extensions>
          <ns3:TrackPointExtension>
            <ns3:hr>132</ns3:hr>
            <ns3:cad>0</ns3:cad>
          </ns3:TrackPointExtension>
        </extensions>
      </trkpt>
      <trkpt lat="29.53295848332345485687255859375" lon="103.332421816885471343994140625">
        <ele>2585.800048828125</ele>
        <time>2025-07-06T08:52:20.000Z</time>
        <extensions>
          <ns3:TrackPointExtension>
            <ns3:hr>132</ns3:hr>
            <ns3:cad>0</ns3:cad>
          </ns3:TrackPointExtension>
        </extensions>
      </trkpt>
      <trkpt lat="29.53297222964465618133544921875" lon="103.33243112079799175262451171875">
        <ele>2585.60009765625</ele>
        <time>2025-07-06T08:52:21.000Z</time>
        <extensions>
          <ns3:TrackPointExtension>
            <ns3:hr>131</ns3:hr>
            <ns3:cad>66</ns3:cad>
          </ns3:TrackPointExtension>
        </extensions>
      </trkpt>
      <trkpt lat="29.5329786837100982666015625" lon="103.33244034089148044586181640625">
        <ele>2585.39990234375</ele>
        <time>2025-07-06T08:52:22.000Z</time>
        <extensions>
          <ns3:TrackPointExtension>
            <ns3:hr>132</ns3:hr>
            <ns3:cad>67</ns3:cad>
          </ns3:TrackPointExtension>
        </extensions>
      </trkpt>
      <trkpt lat="29.53298899345099925994873046875" lon="103.33245123736560344696044921875">
        <ele>2585.199951171875</ele>
        <time>2025-07-06T08:52:23.000Z</time>
        <extensions>
          <ns3:TrackPointExtension>
            <ns3:hr>132</ns3:hr>
            <ns3:cad>69</ns3:cad>
          </ns3:TrackPointExtension>
        </extensions>
      </trkpt>
      <trkpt lat="29.532998465001583099365234375" lon="103.3324630558490753173828125">
        <ele>2585</ele>
        <time>2025-07-06T08:52:24.000Z</time>
        <extensions>
          <ns3:TrackPointExtension>
            <ns3:hr>131</ns3:hr>
            <ns3:cad>69</ns3:cad>
          </ns3:TrackPointExtension>
        </extensions>
      </trkpt>
      <trkpt lat="29.53300542198121547698974609375" lon="103.3324712701141834259033203125">
        <ele>2584.800048828125</ele>
        <time>2025-07-06T08:52:25.000Z</time>
        <extensions>
          <ns3:TrackPointExtension>
            <ns3:hr>131</ns3:hr>
            <ns3:cad>69</ns3:cad>
          </ns3:TrackPointExtension>
        </extensions>
      </trkpt>
      <trkpt lat="29.5330110378563404083251953125" lon="103.3324742875993251800537109375">
        <ele>2584.60009765625</ele>
        <time>2025-07-06T08:52:26.000Z</time>
        <extensions>
          <ns3:TrackPointExtension>
            <ns3:hr>131</ns3:hr>
            <ns3:cad>69</ns3:cad>
          </ns3:TrackPointExtension>
        </extensions>
      </trkpt>
      <trkpt lat="29.5330150611698627471923828125" lon="103.332472778856754302978515625">
        <ele>2584.199951171875</ele>
        <time>2025-07-06T08:52:27.000Z</time>
        <extensions>
          <ns3:TrackPointExtension>
            <ns3:hr>131</ns3:hr>
            <ns3:cad>69</ns3:cad>
          </ns3:TrackPointExtension>
        </extensions>
      </trkpt>
      <trkpt lat="29.533022940158843994140625" lon="103.3324830047786235809326171875">
        <ele>2584</ele>
        <time>2025-07-06T08:52:28.000Z</time>
        <extensions>
          <ns3:TrackPointExtension>
            <ns3:hr>131</ns3:hr>
            <ns3:cad>68</ns3:cad>
          </ns3:TrackPointExtension>
        </extensions>
      </trkpt>
      <trkpt lat="29.5330321602523326873779296875" lon="103.3324873633682727813720703125">
        <ele>2583.800048828125</ele>
        <time>2025-07-06T08:52:29.000Z</time>
        <extensions>
          <ns3:TrackPointExtension>
            <ns3:hr>131</ns3:hr>
            <ns3:cad>65</ns3:cad>
          </ns3:TrackPointExtension>
        </extensions>
      </trkpt>
      <trkpt lat="29.53303626738488674163818359375" lon="103.33249331451952457427978515625">
        <ele>2583.39990234375</ele>
        <time>2025-07-06T08:52:30.000Z</time>
        <extensions>
          <ns3:TrackPointExtension>
            <ns3:hr>130</ns3:hr>
            <ns3:cad>65</ns3:cad>
          </ns3:TrackPointExtension>
        </extensions>
      </trkpt>
      <trkpt lat="29.5330442301928997039794921875" lon="103.3324960805475711822509765625">
        <ele>2583.199951171875</ele>
        <time>2025-07-06T08:52:31.000Z</time>
        <extensions>
          <ns3:TrackPointExtension>
            <ns3:hr>130</ns3:hr>
            <ns3:cad>0</ns3:cad>
          </ns3:TrackPointExtension>
        </extensions>
      </trkpt>
      <trkpt lat="29.5330512709915637969970703125" lon="103.3324960805475711822509765625">
        <ele>2583</ele>
        <time>2025-07-06T08:52:32.000Z</time>
        <extensions>
          <ns3:TrackPointExtension>
            <ns3:hr>130</ns3:hr>
            <ns3:cad>0</ns3:cad>
          </ns3:TrackPointExtension>
        </extensions>
      </trkpt>
      <trkpt lat="29.53305839560925960540771484375" lon="103.33249817602336406707763671875">
        <ele>2582.800048828125</ele>
        <time>2025-07-06T08:52:33.000Z</time>
        <extensions>
          <ns3:TrackPointExtension>
            <ns3:hr>129</ns3:hr>
            <ns3:cad>0</ns3:cad>
          </ns3:TrackPointExtension>
        </extensions>
      </trkpt>
      <trkpt lat="29.53305588103830814361572265625" lon="103.3325024507939815521240234375">
        <ele>2582.60009765625</ele>
        <time>2025-07-06T08:52:34.000Z</time>
        <extensions>
          <ns3:TrackPointExtension>
            <ns3:hr>129</ns3:hr>
            <ns3:cad>64</ns3:cad>
          </ns3:TrackPointExtension>
        </extensions>
      </trkpt>
      <trkpt lat="29.53305789269506931304931640625" lon="103.33250991068780422210693359375">
        <ele>2582.199951171875</ele>
        <time>2025-07-06T08:52:35.000Z</time>
        <extensions>
          <ns3:TrackPointExtension>
            <ns3:hr>128</ns3:hr>
            <ns3:cad>64</ns3:cad>
          </ns3:TrackPointExtension>
        </extensions>
      </trkpt>
      <trkpt lat="29.53306023962795734405517578125" lon="103.33251728676259517669677734375">
        <ele>2582</ele>
        <time>2025-07-06T08:52:36.000Z</time>
        <extensions>
          <ns3:TrackPointExtension>
            <ns3:hr>128</ns3:hr>
            <ns3:cad>64</ns3:cad>
          </ns3:TrackPointExtension>
        </extensions>
      </trkpt>
      <trkpt lat="29.53307817690074443817138671875" lon="103.33252399228513240814208984375">
        <ele>2581.60009765625</ele>
        <time>2025-07-06T08:52:37.000Z</time>
        <extensions>
          <ns3:TrackPointExtension>
            <ns3:hr>127</ns3:hr>
            <ns3:cad>71</ns3:cad>
          </ns3:TrackPointExtension>
        </extensions>
      </trkpt>
      <trkpt lat="29.53308739699423313140869140625" lon="103.33253656513988971710205078125">
        <ele>2581.39990234375</ele>
        <time>2025-07-06T08:52:38.000Z</time>
        <extensions>
          <ns3:TrackPointExtension>
            <ns3:hr>126</ns3:hr>
            <ns3:cad>71</ns3:cad>
          </ns3:TrackPointExtension>
        </extensions>
      </trkpt>
      <trkpt lat="29.53309376724064350128173828125" lon="103.332549221813678741455078125">
        <ele>2581.199951171875</ele>
        <time>2025-07-06T08:52:39.000Z</time>
        <extensions>
          <ns3:TrackPointExtension>
            <ns3:hr>125</ns3:hr>
            <ns3:cad>0</ns3:cad>
          </ns3:TrackPointExtension>
        </extensions>
      </trkpt>
      <trkpt lat="29.53310047276318073272705078125" lon="103.33256389014422893524169921875">
        <ele>2580.800048828125</ele>
        <time>2025-07-06T08:52:40.000Z</time>
        <extensions>
          <ns3:TrackPointExtension>
            <ns3:hr>125</ns3:hr>
            <ns3:cad>0</ns3:cad>
          </ns3:TrackPointExtension>
        </extensions>
      </trkpt>
      <trkpt lat="29.5331089384853839874267578125" lon="103.33257193677127361297607421875">
        <ele>2580.60009765625</ele>
        <time>2025-07-06T08:52:41.000Z</time>
        <extensions>
          <ns3:TrackPointExtension>
            <ns3:hr>125</ns3:hr>
            <ns3:cad>0</ns3:cad>
          </ns3:TrackPointExtension>
        </extensions>
      </trkpt>
      <trkpt lat="29.53311220742762088775634765625" lon="103.33257445134222507476806640625">
        <ele>2580.39990234375</ele>
        <time>2025-07-06T08:52:42.000Z</time>
        <extensions>
          <ns3:TrackPointExtension>
            <ns3:hr>124</ns3:hr>
            <ns3:cad>0</ns3:cad>
          </ns3:TrackPointExtension>
        </extensions>
      </trkpt>
      <trkpt lat="29.53311882913112640380859375" lon="103.33257503807544708251953125">
        <ele>2580</ele>
        <time>2025-07-06T08:52:43.000Z</time>
        <extensions>
          <ns3:TrackPointExtension>
            <ns3:hr>124</ns3:hr>
            <ns3:cad>0</ns3:cad>
          </ns3:TrackPointExtension>
        </extensions>
      </trkpt>
      <trkpt lat="29.53312729485332965850830078125" lon="103.332578055560588836669921875">
        <ele>2579.60009765625</ele>
        <time>2025-07-06T08:52:44.000Z</time>
        <extensions>
          <ns3:TrackPointExtension>
            <ns3:hr>124</ns3:hr>
            <ns3:cad>0</ns3:cad>
          </ns3:TrackPointExtension>
        </extensions>
      </trkpt>
      <trkpt lat="29.53312930651009082794189453125" lon="103.33258115686476230621337890625">
        <ele>2579.39990234375</ele>
        <time>2025-07-06T08:52:45.000Z</time>
        <extensions>
          <ns3:TrackPointExtension>
            <ns3:hr>124</ns3:hr>
            <ns3:cad>0</ns3:cad>
          </ns3:TrackPointExtension>
        </extensions>
      </trkpt>
      <trkpt lat="29.5331404544413089752197265625" lon="103.33259046077728271484375">
        <ele>2579</ele>
        <time>2025-07-06T08:52:46.000Z</time>
        <extensions>
          <ns3:TrackPointExtension>
            <ns3:hr>123</ns3:hr>
            <ns3:cad>0</ns3:cad>
          </ns3:TrackPointExtension>
        </extensions>
      </trkpt>
      <trkpt lat="29.5331495068967342376708984375" lon="103.332598842680454254150390625">
        <ele>2578.800048828125</ele>
        <time>2025-07-06T08:52:47.000Z</time>
        <extensions>
          <ns3:TrackPointExtension>
            <ns3:hr>123</ns3:hr>
            <ns3:cad>0</ns3:cad>
          </ns3:TrackPointExtension>
        </extensions>
      </trkpt>
      <trkpt lat="29.533157385885715484619140625" lon="103.3326063863933086395263671875">
        <ele>2578.39990234375</ele>
        <time>2025-07-06T08:52:48.000Z</time>
        <extensions>
          <ns3:TrackPointExtension>
            <ns3:hr>124</ns3:hr>
            <ns3:cad>0</ns3:cad>
          </ns3:TrackPointExtension>
        </extensions>
      </trkpt>
      <trkpt lat="29.53315830789506435394287109375" lon="103.3326043747365474700927734375">
        <ele>2578.199951171875</ele>
        <time>2025-07-06T08:52:49.000Z</time>
        <extensions>
          <ns3:TrackPointExtension>
            <ns3:hr>123</ns3:hr>
            <ns3:cad>0</ns3:cad>
          </ns3:TrackPointExtension>
        </extensions>
      </trkpt>
      <trkpt lat="29.5331652648746967315673828125" lon="103.3326090686023235321044921875">
        <ele>2578</ele>
        <time>2025-07-06T08:52:50.000Z</time>
        <extensions>
          <ns3:TrackPointExtension>
            <ns3:hr>123</ns3:hr>
            <ns3:cad>0</ns3:cad>
          </ns3:TrackPointExtension>
        </extensions>
      </trkpt>
      <trkpt lat="29.533165432512760162353515625" lon="103.3326144330203533172607421875">
        <ele>2577.800048828125</ele>
        <time>2025-07-06T08:52:51.000Z</time>
        <extensions>
          <ns3:TrackPointExtension>
            <ns3:hr>122</ns3:hr>
            <ns3:cad>0</ns3:cad>
          </ns3:TrackPointExtension>
        </extensions>
      </trkpt>
      <trkpt lat="29.5331733115017414093017578125" lon="103.33262273110449314117431640625">
        <ele>2577.60009765625</ele>
        <time>2025-07-06T08:52:52.000Z</time>
        <extensions>
          <ns3:TrackPointExtension>
            <ns3:hr>122</ns3:hr>
            <ns3:cad>0</ns3:cad>
          </ns3:TrackPointExtension>
        </extensions>
      </trkpt>
      <trkpt lat="29.53317917883396148681640625" lon="103.33262960426509380340576171875">
        <ele>2577.39990234375</ele>
        <time>2025-07-06T08:52:53.000Z</time>
        <extensions>
          <ns3:TrackPointExtension>
            <ns3:hr>122</ns3:hr>
            <ns3:cad>0</ns3:cad>
          </ns3:TrackPointExtension>
        </extensions>
      </trkpt>
      <trkpt lat="29.53318663872778415679931640625" lon="103.3326379023492336273193359375">
        <ele>2577</ele>
        <time>2025-07-06T08:52:54.000Z</time>
        <extensions>
          <ns3:TrackPointExtension>
            <ns3:hr>122</ns3:hr>
            <ns3:cad>0</ns3:cad>
          </ns3:TrackPointExtension>
        </extensions>
      </trkpt>
      <trkpt lat="29.53319418244063854217529296875" lon="103.3326400816440582275390625">
        <ele>2576.800048828125</ele>
        <time>2025-07-06T08:52:55.000Z</time>
        <extensions>
          <ns3:TrackPointExtension>
            <ns3:hr>122</ns3:hr>
            <ns3:cad>0</ns3:cad>
          </ns3:TrackPointExtension>
        </extensions>
      </trkpt>
      <trkpt lat="29.53320541419088840484619140625" lon="103.3326459489762783050537109375">
        <ele>2576.39990234375</ele>
        <time>2025-07-06T08:52:56.000Z</time>
        <extensions>
          <ns3:TrackPointExtension>
            <ns3:hr>122</ns3:hr>
            <ns3:cad>0</ns3:cad>
          </ns3:TrackPointExtension>
        </extensions>
      </trkpt>
      <trkpt lat="29.533210694789886474609375" lon="103.3326503075659275054931640625">
        <ele>2576.199951171875</ele>
        <time>2025-07-06T08:52:57.000Z</time>
        <extensions>
          <ns3:TrackPointExtension>
            <ns3:hr>122</ns3:hr>
            <ns3:cad>0</ns3:cad>
          </ns3:TrackPointExtension>
        </extensions>
      </trkpt>
      <trkpt lat="29.5332162268459796905517578125" lon="103.33265676163136959075927734375">
        <ele>2576</ele>
        <time>2025-07-06T08:52:58.000Z</time>
        <extensions>
          <ns3:TrackPointExtension>
            <ns3:hr>121</ns3:hr>
            <ns3:cad>0</ns3:cad>
          </ns3:TrackPointExtension>
        </extensions>
      </trkpt>
      <trkpt lat="29.5332266204059123992919921875" lon="103.33266044966876506805419921875">
        <ele>2575.60009765625</ele>
        <time>2025-07-06T08:52:59.000Z</time>
        <extensions>
          <ns3:TrackPointExtension>
            <ns3:hr>122</ns3:hr>
            <ns3:cad>0</ns3:cad>
          </ns3:TrackPointExtension>
        </extensions>
      </trkpt>
      <trkpt lat="29.53322905115783214569091796875" lon="103.3326653949916362762451171875">
        <ele>2575.39990234375</ele>
        <time>2025-07-06T08:53:00.000Z</time>
        <extensions>
          <ns3:TrackPointExtension>
            <ns3:hr>122</ns3:hr>
            <ns3:cad>0</ns3:cad>
          </ns3:TrackPointExtension>
        </extensions>
      </trkpt>
      <trkpt lat="29.5332350023090839385986328125" lon="103.3326710946857929229736328125">
        <ele>2575</ele>
        <time>2025-07-06T08:53:01.000Z</time>
        <extensions>
          <ns3:TrackPointExtension>
            <ns3:hr>121</ns3:hr>
            <ns3:cad>0</ns3:cad>
          </ns3:TrackPointExtension>
        </extensions>
      </trkpt>
      <trkpt lat="29.53323894180357456207275390625" lon="103.33267704583704471588134765625">
        <ele>2574.800048828125</ele>
        <time>2025-07-06T08:53:02.000Z</time>
        <extensions>
          <ns3:TrackPointExtension>
            <ns3:hr>121</ns3:hr>
            <ns3:cad>0</ns3:cad>
          </ns3:TrackPointExtension>
        </extensions>
      </trkpt>
      <trkpt lat="29.53324061818420886993408203125" lon="103.3326895348727703094482421875">
        <ele>2574.39990234375</ele>
        <time>2025-07-06T08:53:03.000Z</time>
        <extensions>
          <ns3:TrackPointExtension>
            <ns3:hr>121</ns3:hr>
            <ns3:cad>80</ns3:cad>
          </ns3:TrackPointExtension>
        </extensions>
      </trkpt>
      <trkpt lat="29.533246569335460662841796875" lon="103.33269414491951465606689453125">
        <ele>2574</ele>
        <time>2025-07-06T08:53:04.000Z</time>
        <extensions>
          <ns3:TrackPointExtension>
            <ns3:hr>122</ns3:hr>
            <ns3:cad>80</ns3:cad>
          </ns3:TrackPointExtension>
        </extensions>
      </trkpt>
      <trkpt lat="29.53325302340090274810791015625" lon="103.33269649185240268707275390625">
        <ele>2573.800048828125</ele>
        <time>2025-07-06T08:53:05.000Z</time>
        <extensions>
          <ns3:TrackPointExtension>
            <ns3:hr>122</ns3:hr>
            <ns3:cad>80</ns3:cad>
          </ns3:TrackPointExtension>
        </extensions>
      </trkpt>
      <trkpt lat="29.5332564599812030792236328125" lon="103.33269783295691013336181640625">
        <ele>2573.39990234375</ele>
        <time>2025-07-06T08:53:06.000Z</time>
        <extensions>
          <ns3:TrackPointExtension>
            <ns3:hr>122</ns3:hr>
            <ns3:cad>80</ns3:cad>
          </ns3:TrackPointExtension>
        </extensions>
      </trkpt>
      <trkpt lat="29.5332614891231060028076171875" lon="103.33270001225173473358154296875">
        <ele>2573</ele>
        <time>2025-07-06T08:53:07.000Z</time>
        <extensions>
          <ns3:TrackPointExtension>
            <ns3:hr>122</ns3:hr>
            <ns3:cad>80</ns3:cad>
          </ns3:TrackPointExtension>
        </extensions>
      </trkpt>
      <trkpt lat="29.53327012248337268829345703125" lon="103.33270252682268619537353515625">
        <ele>2572.60009765625</ele>
        <time>2025-07-06T08:53:08.000Z</time>
        <extensions>
          <ns3:TrackPointExtension>
            <ns3:hr>121</ns3:hr>
            <ns3:cad>80</ns3:cad>
          </ns3:TrackPointExtension>
        </extensions>
      </trkpt>
      <trkpt lat="29.53328269533812999725341796875" lon="103.3327106572687625885009765625">
        <ele>2572.199951171875</ele>
        <time>2025-07-06T08:53:09.000Z</time>
        <extensions>
          <ns3:TrackPointExtension>
            <ns3:hr>121</ns3:hr>
            <ns3:cad>80</ns3:cad>
          </ns3:TrackPointExtension>
        </extensions>
      </trkpt>
      <trkpt lat="29.5332923345267772674560546875" lon="103.332719542086124420166015625">
        <ele>2571.800048828125</ele>
        <time>2025-07-06T08:53:10.000Z</time>
        <extensions>
          <ns3:TrackPointExtension>
            <ns3:hr>121</ns3:hr>
            <ns3:cad>90</ns3:cad>
          </ns3:TrackPointExtension>
        </extensions>
      </trkpt>
      <trkpt lat="29.53329996205866336822509765625" lon="103.3327244035899639129638671875">
        <ele>2571.39990234375</ele>
        <time>2025-07-06T08:53:11.000Z</time>
        <extensions>
          <ns3:TrackPointExtension>
            <ns3:hr>121</ns3:hr>
            <ns3:cad>90</ns3:cad>
          </ns3:TrackPointExtension>
        </extensions>
      </trkpt>
      <trkpt lat="29.53330599702894687652587890625" lon="103.33272750489413738250732421875">
        <ele>2571</ele>
        <time>2025-07-06T08:53:12.000Z</time>
        <extensions>
          <ns3:TrackPointExtension>
            <ns3:hr>121</ns3:hr>
            <ns3:cad>90</ns3:cad>
          </ns3:TrackPointExtension>
        </extensions>
      </trkpt>
      <trkpt lat="29.533312283456325531005859375" lon="103.33273387514054775238037109375">
        <ele>2570.60009765625</ele>
        <time>2025-07-06T08:53:13.000Z</time>
        <extensions>
          <ns3:TrackPointExtension>
            <ns3:hr>121</ns3:hr>
            <ns3:cad>90</ns3:cad>
          </ns3:TrackPointExtension>
        </extensions>
      </trkpt>
      <trkpt lat="29.53332343138754367828369140625" lon="103.3327354677021503448486328125">
        <ele>2570.39990234375</ele>
        <time>2025-07-06T08:53:14.000Z</time>
        <extensions>
          <ns3:TrackPointExtension>
            <ns3:hr>121</ns3:hr>
            <ns3:cad>90</ns3:cad>
          </ns3:TrackPointExtension>
        </extensions>
      </trkpt>
      <trkpt lat="29.533334411680698394775390625" lon="103.332737982273101806640625">
        <ele>2570</ele>
        <time>2025-07-06T08:53:15.000Z</time>
        <extensions>
          <ns3:TrackPointExtension>
            <ns3:hr>120</ns3:hr>
            <ns3:cad>90</ns3:cad>
          </ns3:TrackPointExtension>
        </extensions>
      </trkpt>
      <trkpt lat="29.533341117203235626220703125" lon="103.33274074830114841461181640625">
        <ele>2569.60009765625</ele>
        <time>2025-07-06T08:53:16.000Z</time>
        <extensions>
          <ns3:TrackPointExtension>
            <ns3:hr>121</ns3:hr>
            <ns3:cad>90</ns3:cad>
          </ns3:TrackPointExtension>
        </extensions>
      </trkpt>
      <trkpt lat="29.53335042111575603485107421875" lon="103.332747705280780792236328125">
        <ele>2569.39990234375</ele>
        <time>2025-07-06T08:53:17.000Z</time>
        <extensions>
          <ns3:TrackPointExtension>
            <ns3:hr>121</ns3:hr>
            <ns3:cad>90</ns3:cad>
          </ns3:TrackPointExtension>
        </extensions>
      </trkpt>
      <trkpt lat="29.5333563722670078277587890625" lon="103.3327529020607471466064453125">
        <ele>2569</ele>
        <time>2025-07-06T08:53:18.000Z</time>
        <extensions>
          <ns3:TrackPointExtension>
            <ns3:hr>120</ns3:hr>
            <ns3:cad>90</ns3:cad>
          </ns3:TrackPointExtension>
        </extensions>
      </trkpt>
      <trkpt lat="29.53336349688470363616943359375" lon="103.332759775221347808837890625">
        <ele>2568.800048828125</ele>
        <time>2025-07-06T08:53:19.000Z</time>
        <extensions>
          <ns3:TrackPointExtension>
            <ns3:hr>120</ns3:hr>
            <ns3:cad>90</ns3:cad>
          </ns3:TrackPointExtension>
        </extensions>
      </trkpt>
      <trkpt lat="29.53337355516850948333740234375" lon="103.332765810191631317138671875">
        <ele>2568.60009765625</ele>
        <time>2025-07-06T08:53:20.000Z</time>
        <extensions>
          <ns3:TrackPointExtension>
            <ns3:hr>121</ns3:hr>
            <ns3:cad>85</ns3:cad>
          </ns3:TrackPointExtension>
        </extensions>
      </trkpt>
      <trkpt lat="29.53338126651942729949951171875" lon="103.3327746950089931488037109375">
        <ele>2568.199951171875</ele>
        <time>2025-07-06T08:53:21.000Z</time>
        <extensions>
          <ns3:TrackPointExtension>
            <ns3:hr>121</ns3:hr>
            <ns3:cad>85</ns3:cad>
          </ns3:TrackPointExtension>
        </extensions>
      </trkpt>
      <trkpt lat="29.53338445164263248443603515625" lon="103.33278148435056209564208984375">
        <ele>2568</ele>
        <time>2025-07-06T08:53:22.000Z</time>
        <extensions>
          <ns3:TrackPointExtension>
            <ns3:hr>121</ns3:hr>
            <ns3:cad>85</ns3:cad>
          </ns3:TrackPointExtension>
        </extensions>
      </trkpt>
      <trkpt lat="29.53338830731809139251708984375" lon="103.3327887766063213348388671875">
        <ele>2567.60009765625</ele>
        <time>2025-07-06T08:53:23.000Z</time>
        <extensions>
          <ns3:TrackPointExtension>
            <ns3:hr>120</ns3:hr>
            <ns3:cad>41</ns3:cad>
          </ns3:TrackPointExtension>
        </extensions>
      </trkpt>
      <trkpt lat="29.53339518047869205474853515625" lon="103.33279523067176342010498046875">
        <ele>2567.39990234375</ele>
        <time>2025-07-06T08:53:24.000Z</time>
        <extensions>
          <ns3:TrackPointExtension>
            <ns3:hr>121</ns3:hr>
            <ns3:cad>41</ns3:cad>
          </ns3:TrackPointExtension>
        </extensions>
      </trkpt>
      <trkpt lat="29.53340289182960987091064453125" lon="103.33280059508979320526123046875">
        <ele>2567</ele>
        <time>2025-07-06T08:53:25.000Z</time>
        <extensions>
          <ns3:TrackPointExtension>
            <ns3:hr>121</ns3:hr>
            <ns3:cad>41</ns3:cad>
          </ns3:TrackPointExtension>
        </extensions>
      </trkpt>
      <trkpt lat="29.533412195742130279541015625" lon="103.3328088931739330291748046875">
        <ele>2566.60009765625</ele>
        <time>2025-07-06T08:53:26.000Z</time>
        <extensions>
          <ns3:TrackPointExtension>
            <ns3:hr>121</ns3:hr>
            <ns3:cad>41</ns3:cad>
          </ns3:TrackPointExtension>
        </extensions>
      </trkpt>
      <trkpt lat="29.5334210805594921112060546875" lon="103.33281920291483402252197265625">
        <ele>2566.39990234375</ele>
        <time>2025-07-06T08:53:27.000Z</time>
        <extensions>
          <ns3:TrackPointExtension>
            <ns3:hr>121</ns3:hr>
            <ns3:cad>88</ns3:cad>
          </ns3:TrackPointExtension>
        </extensions>
      </trkpt>
      <trkpt lat="29.53342719934880733489990234375" lon="103.33282850682735443115234375">
        <ele>2566</ele>
        <time>2025-07-06T08:53:28.000Z</time>
        <extensions>
          <ns3:TrackPointExtension>
            <ns3:hr>122</ns3:hr>
            <ns3:cad>88</ns3:cad>
          </ns3:TrackPointExtension>
        </extensions>
      </trkpt>
      <trkpt lat="29.53343390487134456634521484375" lon="103.3328353799879550933837890625">
        <ele>2565.60009765625</ele>
        <time>2025-07-06T08:53:29.000Z</time>
        <extensions>
          <ns3:TrackPointExtension>
            <ns3:hr>122</ns3:hr>
            <ns3:cad>88</ns3:cad>
          </ns3:TrackPointExtension>
        </extensions>
      </trkpt>
      <trkpt lat="29.53344211913645267486572265625" lon="103.332842253148555755615234375">
        <ele>2565.199951171875</ele>
        <time>2025-07-06T08:53:30.000Z</time>
        <extensions>
          <ns3:TrackPointExtension>
            <ns3:hr>122</ns3:hr>
            <ns3:cad>88</ns3:cad>
          </ns3:TrackPointExtension>
        </extensions>
      </trkpt>
      <trkpt lat="29.53344798646867275238037109375" lon="103.332847617566585540771484375">
        <ele>2565</ele>
        <time>2025-07-06T08:53:31.000Z</time>
        <extensions>
          <ns3:TrackPointExtension>
            <ns3:hr>121</ns3:hr>
            <ns3:cad>88</ns3:cad>
          </ns3:TrackPointExtension>
        </extensions>
      </trkpt>
      <trkpt lat="29.53345544636249542236328125" lon="103.3328534848988056182861328125">
        <ele>2564.60009765625</ele>
        <time>2025-07-06T08:53:32.000Z</time>
        <extensions>
          <ns3:TrackPointExtension>
            <ns3:hr>122</ns3:hr>
            <ns3:cad>88</ns3:cad>
          </ns3:TrackPointExtension>
        </extensions>
      </trkpt>
      <trkpt lat="29.5334614813327789306640625" lon="103.33285667002201080322265625">
        <ele>2564.39990234375</ele>
        <time>2025-07-06T08:53:33.000Z</time>
        <extensions>
          <ns3:TrackPointExtension>
            <ns3:hr>121</ns3:hr>
            <ns3:cad>88</ns3:cad>
          </ns3:TrackPointExtension>
        </extensions>
      </trkpt>
      <trkpt lat="29.53346994705498218536376953125" lon="103.3328605256974697113037109375">
        <ele>2564</ele>
        <time>2025-07-06T08:53:34.000Z</time>
        <extensions>
          <ns3:TrackPointExtension>
            <ns3:hr>121</ns3:hr>
            <ns3:cad>88</ns3:cad>
          </ns3:TrackPointExtension>
        </extensions>
      </trkpt>
      <trkpt lat="29.533479250967502593994140625" lon="103.33287184126675128936767578125">
        <ele>2563.800048828125</ele>
        <time>2025-07-06T08:53:35.000Z</time>
        <extensions>
          <ns3:TrackPointExtension>
            <ns3:hr>121</ns3:hr>
            <ns3:cad>88</ns3:cad>
          </ns3:TrackPointExtension>
        </extensions>
      </trkpt>
      <trkpt lat="29.53348754905164241790771484375" lon="103.3328793011605739593505859375">
        <ele>2563.39990234375</ele>
        <time>2025-07-06T08:53:36.000Z</time>
        <extensions>
          <ns3:TrackPointExtension>
            <ns3:hr>121</ns3:hr>
            <ns3:cad>88</ns3:cad>
          </ns3:TrackPointExtension>
        </extensions>
      </trkpt>
      <trkpt lat="29.53349375165998935699462890625" lon="103.33288458175957202911376953125">
        <ele>2563</ele>
        <time>2025-07-06T08:53:37.000Z</time>
        <extensions>
          <ns3:TrackPointExtension>
            <ns3:hr>121</ns3:hr>
            <ns3:cad>88</ns3:cad>
          </ns3:TrackPointExtension>
        </extensions>
      </trkpt>
      <trkpt lat="29.53349894843995571136474609375" lon="103.33289061672985553741455078125">
        <ele>2562.800048828125</ele>
        <time>2025-07-06T08:53:38.000Z</time>
        <extensions>
          <ns3:TrackPointExtension>
            <ns3:hr>120</ns3:hr>
            <ns3:cad>88</ns3:cad>
          </ns3:TrackPointExtension>
        </extensions>
      </trkpt>
      <trkpt lat="29.53350347466766834259033203125" lon="103.3328948915004730224609375">
        <ele>2562.60009765625</ele>
        <time>2025-07-06T08:53:39.000Z</time>
        <extensions>
          <ns3:TrackPointExtension>
            <ns3:hr>119</ns3:hr>
            <ns3:cad>82</ns3:cad>
          </ns3:TrackPointExtension>
        </extensions>
      </trkpt>
      <trkpt lat="29.53350850380957126617431640625" lon="103.33289933390915393829345703125">
        <ele>2562.39990234375</ele>
        <time>2025-07-06T08:53:40.000Z</time>
        <extensions>
          <ns3:TrackPointExtension>
            <ns3:hr>118</ns3:hr>
            <ns3:cad>82</ns3:cad>
          </ns3:TrackPointExtension>
        </extensions>
      </trkpt>
      <trkpt lat="29.53351755626499652862548828125" lon="103.33290494978427886962890625">
        <ele>2562.199951171875</ele>
        <time>2025-07-06T08:53:41.000Z</time>
        <extensions>
          <ns3:TrackPointExtension>
            <ns3:hr>117</ns3:hr>
            <ns3:cad>82</ns3:cad>
          </ns3:TrackPointExtension>
        </extensions>
      </trkpt>
      <trkpt lat="29.5335206575691699981689453125" lon="103.33290922455489635467529296875">
        <ele>2561.800048828125</ele>
        <time>2025-07-06T08:53:42.000Z</time>
        <extensions>
          <ns3:TrackPointExtension>
            <ns3:hr>117</ns3:hr>
            <ns3:cad>82</ns3:cad>
          </ns3:TrackPointExtension>
        </extensions>
      </trkpt>
      <trkpt lat="29.5335243456065654754638671875" lon="103.33290922455489635467529296875">
        <ele>2561.60009765625</ele>
        <time>2025-07-06T08:53:43.000Z</time>
        <extensions>
          <ns3:TrackPointExtension>
            <ns3:hr>117</ns3:hr>
            <ns3:cad>82</ns3:cad>
          </ns3:TrackPointExtension>
        </extensions>
      </trkpt>
      <trkpt lat="29.533536918461322784423828125" lon="103.3329155109822750091552734375">
        <ele>2561.199951171875</ele>
        <time>2025-07-06T08:53:44.000Z</time>
        <extensions>
          <ns3:TrackPointExtension>
            <ns3:hr>117</ns3:hr>
            <ns3:cad>82</ns3:cad>
          </ns3:TrackPointExtension>
        </extensions>
      </trkpt>
      <trkpt lat="29.5335454680025577545166015625" lon="103.3329238928854465484619140625">
        <ele>2561</ele>
        <time>2025-07-06T08:53:45.000Z</time>
        <extensions>
          <ns3:TrackPointExtension>
            <ns3:hr>118</ns3:hr>
            <ns3:cad>82</ns3:cad>
          </ns3:TrackPointExtension>
        </extensions>
      </trkpt>
      <trkpt lat="29.53355074860155582427978515625" lon="103.33292682655155658721923828125">
        <ele>2560.60009765625</ele>
        <time>2025-07-06T08:53:46.000Z</time>
        <extensions>
          <ns3:TrackPointExtension>
            <ns3:hr>118</ns3:hr>
            <ns3:cad>82</ns3:cad>
          </ns3:TrackPointExtension>
        </extensions>
      </trkpt>
      <trkpt lat="29.533555693924427032470703125" lon="103.33292950876057147979736328125">
        <ele>2560.39990234375</ele>
        <time>2025-07-06T08:53:47.000Z</time>
        <extensions>
          <ns3:TrackPointExtension>
            <ns3:hr>119</ns3:hr>
            <ns3:cad>82</ns3:cad>
          </ns3:TrackPointExtension>
        </extensions>
      </trkpt>
      <trkpt lat="29.5335634052753448486328125" lon="103.33293177187442779541015625">
        <ele>2560.199951171875</ele>
        <time>2025-07-06T08:53:48.000Z</time>
        <extensions>
          <ns3:TrackPointExtension>
            <ns3:hr>119</ns3:hr>
            <ns3:cad>82</ns3:cad>
          </ns3:TrackPointExtension>
        </extensions>
      </trkpt>
      <trkpt lat="29.5335722900927066802978515625" lon="103.332936465740203857421875">
        <ele>2560</ele>
        <time>2025-07-06T08:53:49.000Z</time>
        <extensions>
          <ns3:TrackPointExtension>
            <ns3:hr>119</ns3:hr>
            <ns3:cad>82</ns3:cad>
          </ns3:TrackPointExtension>
        </extensions>
      </trkpt>
      <trkpt lat="29.5335846953094005584716796875" lon="103.332946188747882843017578125">
        <ele>2559.60009765625</ele>
        <time>2025-07-06T08:53:50.000Z</time>
        <extensions>
          <ns3:TrackPointExtension>
            <ns3:hr>118</ns3:hr>
            <ns3:cad>75</ns3:cad>
          </ns3:TrackPointExtension>
        </extensions>
      </trkpt>
      <trkpt lat="29.5335870422422885894775390625" lon="103.33295314572751522064208984375">
        <ele>2559.39990234375</ele>
        <time>2025-07-06T08:53:51.000Z</time>
        <extensions>
          <ns3:TrackPointExtension>
            <ns3:hr>118</ns3:hr>
            <ns3:cad>75</ns3:cad>
          </ns3:TrackPointExtension>
        </extensions>
      </trkpt>
      <trkpt lat="29.533587880432605743408203125" lon="103.33295800723135471343994140625">
        <ele>2559</ele>
        <time>2025-07-06T08:53:52.000Z</time>
        <extensions>
          <ns3:TrackPointExtension>
            <ns3:hr>118</ns3:hr>
            <ns3:cad>75</ns3:cad>
          </ns3:TrackPointExtension>
        </extensions>
      </trkpt>
      <trkpt lat="29.53359064646065235137939453125" lon="103.33295716904103755950927734375">
        <ele>2558.800048828125</ele>
        <time>2025-07-06T08:53:53.000Z</time>
        <extensions>
          <ns3:TrackPointExtension>
            <ns3:hr>118</ns3:hr>
            <ns3:cad>75</ns3:cad>
          </ns3:TrackPointExtension>
        </extensions>
      </trkpt>
      <trkpt lat="29.5336017943918704986572265625" lon="103.33296253345906734466552734375">
        <ele>2558.39990234375</ele>
        <time>2025-07-06T08:53:54.000Z</time>
        <extensions>
          <ns3:TrackPointExtension>
            <ns3:hr>118</ns3:hr>
            <ns3:cad>75</ns3:cad>
          </ns3:TrackPointExtension>
        </extensions>
      </trkpt>
      <trkpt lat="29.53360523097217082977294921875" lon="103.33296622149646282196044921875">
        <ele>2558.199951171875</ele>
        <time>2025-07-06T08:53:55.000Z</time>
        <extensions>
          <ns3:TrackPointExtension>
            <ns3:hr>118</ns3:hr>
            <ns3:cad>68</ns3:cad>
          </ns3:TrackPointExtension>
        </extensions>
      </trkpt>
      <trkpt lat="29.5336152054369449615478515625" lon="103.3329735137522220611572265625">
        <ele>2558</ele>
        <time>2025-07-06T08:53:56.000Z</time>
        <extensions>
          <ns3:TrackPointExtension>
            <ns3:hr>118</ns3:hr>
            <ns3:cad>68</ns3:cad>
          </ns3:TrackPointExtension>
        </extensions>
      </trkpt>
      <trkpt lat="29.53362048603594303131103515625" lon="103.33297762088477611541748046875">
        <ele>2557.60009765625</ele>
        <time>2025-07-06T08:53:57.000Z</time>
        <extensions>
          <ns3:TrackPointExtension>
            <ns3:hr>118</ns3:hr>
            <ns3:cad>69</ns3:cad>
          </ns3:TrackPointExtension>
        </extensions>
      </trkpt>
      <trkpt lat="29.53362710773944854736328125" lon="103.33298801444470882415771484375">
        <ele>2557.39990234375</ele>
        <time>2025-07-06T08:53:58.000Z</time>
        <extensions>
          <ns3:TrackPointExtension>
            <ns3:hr>118</ns3:hr>
            <ns3:cad>70</ns3:cad>
          </ns3:TrackPointExtension>
        </extensions>
      </trkpt>
      <trkpt lat="29.5336329750716686248779296875" lon="103.3329996652901172637939453125">
        <ele>2557</ele>
        <time>2025-07-06T08:53:59.000Z</time>
        <extensions>
          <ns3:TrackPointExtension>
            <ns3:hr>118</ns3:hr>
            <ns3:cad>70</ns3:cad>
          </ns3:TrackPointExtension>
        </extensions>
      </trkpt>
      <trkpt lat="29.533646889030933380126953125" lon="103.333012573421001434326171875">
        <ele>2556.60009765625</ele>
        <time>2025-07-06T08:54:00.000Z</time>
        <extensions>
          <ns3:TrackPointExtension>
            <ns3:hr>117</ns3:hr>
            <ns3:cad>70</ns3:cad>
          </ns3:TrackPointExtension>
        </extensions>
      </trkpt>
      <trkpt lat="29.5336546003818511962890625" lon="103.3330288343131542205810546875">
        <ele>2556.199951171875</ele>
        <time>2025-07-06T08:54:01.000Z</time>
        <extensions>
          <ns3:TrackPointExtension>
            <ns3:hr>117</ns3:hr>
            <ns3:cad>70</ns3:cad>
          </ns3:TrackPointExtension>
        </extensions>
      </trkpt>
      <trkpt lat="29.5336644910275936126708984375" lon="103.33302539773285388946533203125">
        <ele>2555.800048828125</ele>
        <time>2025-07-06T08:54:02.000Z</time>
        <extensions>
          <ns3:TrackPointExtension>
            <ns3:hr>117</ns3:hr>
            <ns3:cad>70</ns3:cad>
          </ns3:TrackPointExtension>
        </extensions>
      </trkpt>
      <trkpt lat="29.533670358359813690185546875" lon="103.333023972809314727783203125">
        <ele>2555.60009765625</ele>
        <time>2025-07-06T08:54:03.000Z</time>
        <extensions>
          <ns3:TrackPointExtension>
            <ns3:hr>117</ns3:hr>
            <ns3:cad>70</ns3:cad>
          </ns3:TrackPointExtension>
        </extensions>
      </trkpt>
      <trkpt lat="29.53367379494011402130126953125" lon="103.333023302257061004638671875">
        <ele>2555.199951171875</ele>
        <time>2025-07-06T08:54:04.000Z</time>
        <extensions>
          <ns3:TrackPointExtension>
            <ns3:hr>117</ns3:hr>
            <ns3:cad>70</ns3:cad>
          </ns3:TrackPointExtension>
        </extensions>
      </trkpt>
      <trkpt lat="29.533677734434604644775390625" lon="103.3330328576266765594482421875">
        <ele>2555</ele>
        <time>2025-07-06T08:54:05.000Z</time>
        <extensions>
          <ns3:TrackPointExtension>
            <ns3:hr>116</ns3:hr>
            <ns3:cad>70</ns3:cad>
          </ns3:TrackPointExtension>
        </extensions>
      </trkpt>
      <trkpt lat="29.533683769404888153076171875" lon="103.3330385573208332061767578125">
        <ele>2554.60009765625</ele>
        <time>2025-07-06T08:54:06.000Z</time>
        <extensions>
          <ns3:TrackPointExtension>
            <ns3:hr>117</ns3:hr>
            <ns3:cad>70</ns3:cad>
          </ns3:TrackPointExtension>
        </extensions>
      </trkpt>
      <trkpt lat="29.5336856134235858917236328125" lon="103.33303646184504032135009765625">
        <ele>2554</ele>
        <time>2025-07-06T08:54:07.000Z</time>
        <extensions>
          <ns3:TrackPointExtension>
            <ns3:hr>116</ns3:hr>
            <ns3:cad>70</ns3:cad>
          </ns3:TrackPointExtension>
        </extensions>
      </trkpt>
      <trkpt lat="29.533677063882350921630859375" lon="103.33303227089345455169677734375">
        <ele>2553.60009765625</ele>
        <time>2025-07-06T08:54:08.000Z</time>
        <extensions>
          <ns3:TrackPointExtension>
            <ns3:hr>116</ns3:hr>
            <ns3:cad>70</ns3:cad>
          </ns3:TrackPointExtension>
        </extensions>
      </trkpt>
      <trkpt lat="29.53367966227233409881591796875" lon="103.33303914405405521392822265625">
        <ele>2553.199951171875</ele>
        <time>2025-07-06T08:54:09.000Z</time>
        <extensions>
          <ns3:TrackPointExtension>
            <ns3:hr>116</ns3:hr>
            <ns3:cad>70</ns3:cad>
          </ns3:TrackPointExtension>
        </extensions>
      </trkpt>
      <trkpt lat="29.533686451613903045654296875" lon="103.333044759929180145263671875">
        <ele>2552.800048828125</ele>
        <time>2025-07-06T08:54:10.000Z</time>
        <extensions>
          <ns3:TrackPointExtension>
            <ns3:hr>117</ns3:hr>
            <ns3:cad>70</ns3:cad>
          </ns3:TrackPointExtension>
        </extensions>
      </trkpt>
      <trkpt lat="29.53369039110839366912841796875" lon="103.3330556564033031463623046875">
        <ele>2552.60009765625</ele>
        <time>2025-07-06T08:54:11.000Z</time>
        <extensions>
          <ns3:TrackPointExtension>
            <ns3:hr>116</ns3:hr>
            <ns3:cad>70</ns3:cad>
          </ns3:TrackPointExtension>
        </extensions>
      </trkpt>
      <trkpt lat="29.53369592316448688507080078125" lon="103.33306185901165008544921875">
        <ele>2552.39990234375</ele>
        <time>2025-07-06T08:54:12.000Z</time>
        <extensions>
          <ns3:TrackPointExtension>
            <ns3:hr>116</ns3:hr>
            <ns3:cad>83</ns3:cad>
          </ns3:TrackPointExtension>
        </extensions>
      </trkpt>
      <trkpt lat="29.5337001979351043701171875" lon="103.33306915126740932464599609375">
        <ele>2552</ele>
        <time>2025-07-06T08:54:13.000Z</time>
        <extensions>
          <ns3:TrackPointExtension>
            <ns3:hr>117</ns3:hr>
            <ns3:cad>83</ns3:cad>
          </ns3:TrackPointExtension>
        </extensions>
      </trkpt>
      <trkpt lat="29.5337053947150707244873046875" lon="103.33307166583836078643798828125">
        <ele>2551.800048828125</ele>
        <time>2025-07-06T08:54:14.000Z</time>
        <extensions>
          <ns3:TrackPointExtension>
            <ns3:hr>120</ns3:hr>
            <ns3:cad>83</ns3:cad>
          </ns3:TrackPointExtension>
        </extensions>
      </trkpt>
      <trkpt lat="29.533711262047290802001953125" lon="103.3330744318664073944091796875">
        <ele>2551.39990234375</ele>
        <time>2025-07-06T08:54:15.000Z</time>
        <extensions>
          <ns3:TrackPointExtension>
            <ns3:hr>121</ns3:hr>
            <ns3:cad>83</ns3:cad>
          </ns3:TrackPointExtension>
        </extensions>
      </trkpt>
      <trkpt lat="29.53372106887400150299072265625" lon="103.3330794610083103179931640625">
        <ele>2551</ele>
        <time>2025-07-06T08:54:16.000Z</time>
        <extensions>
          <ns3:TrackPointExtension>
            <ns3:hr>122</ns3:hr>
            <ns3:cad>83</ns3:cad>
          </ns3:TrackPointExtension>
        </extensions>
      </trkpt>
      <trkpt lat="29.53372743912041187286376953125" lon="103.3330841548740863800048828125">
        <ele>2550.60009765625</ele>
        <time>2025-07-06T08:54:17.000Z</time>
        <extensions>
          <ns3:TrackPointExtension>
            <ns3:hr>122</ns3:hr>
            <ns3:cad>83</ns3:cad>
          </ns3:TrackPointExtension>
        </extensions>
      </trkpt>
      <trkpt lat="29.53373917378485202789306640625" lon="103.3330955542623996734619140625">
        <ele>2550.199951171875</ele>
        <time>2025-07-06T08:54:18.000Z</time>
        <extensions>
          <ns3:TrackPointExtension>
            <ns3:hr>122</ns3:hr>
            <ns3:cad>83</ns3:cad>
          </ns3:TrackPointExtension>
        </extensions>
      </trkpt>
      <trkpt lat="29.53374571166932582855224609375" lon="103.3331025950610637664794921875">
        <ele>2550</ele>
        <time>2025-07-06T08:54:19.000Z</time>
        <extensions>
          <ns3:TrackPointExtension>
            <ns3:hr>122</ns3:hr>
            <ns3:cad>0</ns3:cad>
          </ns3:TrackPointExtension>
        </extensions>
      </trkpt>
      <trkpt lat="29.53375644050538539886474609375" lon="103.33311324007809162139892578125">
        <ele>2549.60009765625</ele>
        <time>2025-07-06T08:54:20.000Z</time>
        <extensions>
          <ns3:TrackPointExtension>
            <ns3:hr>122</ns3:hr>
            <ns3:cad>0</ns3:cad>
          </ns3:TrackPointExtension>
        </extensions>
      </trkpt>
      <trkpt lat="29.53375979326665401458740234375" lon="103.3331175148487091064453125">
        <ele>2549.199951171875</ele>
        <time>2025-07-06T08:54:21.000Z</time>
        <extensions>
          <ns3:TrackPointExtension>
            <ns3:hr>121</ns3:hr>
            <ns3:cad>0</ns3:cad>
          </ns3:TrackPointExtension>
        </extensions>
      </trkpt>
      <trkpt lat="29.5337645709514617919921875" lon="103.33311952650547027587890625">
        <ele>2548.800048828125</ele>
        <time>2025-07-06T08:54:22.000Z</time>
        <extensions>
          <ns3:TrackPointExtension>
            <ns3:hr>121</ns3:hr>
            <ns3:cad>0</ns3:cad>
          </ns3:TrackPointExtension>
        </extensions>
      </trkpt>
      <trkpt lat="29.53376901336014270782470703125" lon="103.33312279544770717620849609375">
        <ele>2548.39990234375</ele>
        <time>2025-07-06T08:54:23.000Z</time>
        <extensions>
          <ns3:TrackPointExtension>
            <ns3:hr>121</ns3:hr>
            <ns3:cad>0</ns3:cad>
          </ns3:TrackPointExtension>
        </extensions>
      </trkpt>
      <trkpt lat="29.53377270139753818511962890625" lon="103.333134949207305908203125">
        <ele>2548.199951171875</ele>
        <time>2025-07-06T08:54:24.000Z</time>
        <extensions>
          <ns3:TrackPointExtension>
            <ns3:hr>122</ns3:hr>
            <ns3:cad>0</ns3:cad>
          </ns3:TrackPointExtension>
        </extensions>
      </trkpt>
      <trkpt lat="29.53377504833042621612548828125" lon="103.33313888870179653167724609375">
        <ele>2547.800048828125</ele>
        <time>2025-07-06T08:54:25.000Z</time>
        <extensions>
          <ns3:TrackPointExtension>
            <ns3:hr>121</ns3:hr>
            <ns3:cad>0</ns3:cad>
          </ns3:TrackPointExtension>
        </extensions>
      </trkpt>
      <trkpt lat="29.53378275968134403228759765625" lon="103.33313888870179653167724609375">
        <ele>2547.60009765625</ele>
        <time>2025-07-06T08:54:26.000Z</time>
        <extensions>
          <ns3:TrackPointExtension>
            <ns3:hr>121</ns3:hr>
            <ns3:cad>0</ns3:cad>
          </ns3:TrackPointExtension>
        </extensions>
      </trkpt>
      <trkpt lat="29.53379097394645214080810546875" lon="103.3331441693007946014404296875">
        <ele>2547.39990234375</ele>
        <time>2025-07-06T08:54:27.000Z</time>
        <extensions>
          <ns3:TrackPointExtension>
            <ns3:hr>121</ns3:hr>
            <ns3:cad>62</ns3:cad>
          </ns3:TrackPointExtension>
        </extensions>
      </trkpt>
      <trkpt lat="29.53379516489803791046142578125" lon="103.3331502042710781097412109375">
        <ele>2547</ele>
        <time>2025-07-06T08:54:28.000Z</time>
        <extensions>
          <ns3:TrackPointExtension>
            <ns3:hr>121</ns3:hr>
            <ns3:cad>62</ns3:cad>
          </ns3:TrackPointExtension>
        </extensions>
      </trkpt>
      <trkpt lat="29.5338002778589725494384765625" lon="103.33315514959394931793212890625">
        <ele>2546.60009765625</ele>
        <time>2025-07-06T08:54:29.000Z</time>
        <extensions>
          <ns3:TrackPointExtension>
            <ns3:hr>121</ns3:hr>
            <ns3:cad>62</ns3:cad>
          </ns3:TrackPointExtension>
        </extensions>
      </trkpt>
      <trkpt lat="29.5338043011724948883056640625" lon="103.333160094916820526123046875">
        <ele>2546.39990234375</ele>
        <time>2025-07-06T08:54:30.000Z</time>
        <extensions>
          <ns3:TrackPointExtension>
            <ns3:hr>121</ns3:hr>
            <ns3:cad>62</ns3:cad>
          </ns3:TrackPointExtension>
        </extensions>
      </trkpt>
      <trkpt lat="29.53381075523793697357177734375" lon="103.333164118230342864990234375">
        <ele>2546</ele>
        <time>2025-07-06T08:54:31.000Z</time>
        <extensions>
          <ns3:TrackPointExtension>
            <ns3:hr>122</ns3:hr>
            <ns3:cad>65</ns3:cad>
          </ns3:TrackPointExtension>
        </extensions>
      </trkpt>
      <trkpt lat="29.53381695784628391265869140625" lon="103.333164118230342864990234375">
        <ele>2545.800048828125</ele>
        <time>2025-07-06T08:54:32.000Z</time>
        <extensions>
          <ns3:TrackPointExtension>
            <ns3:hr>121</ns3:hr>
            <ns3:cad>65</ns3:cad>
          </ns3:TrackPointExtension>
        </extensions>
      </trkpt>
      <trkpt lat="29.5338235795497894287109375" lon="103.33316453732550144195556640625">
        <ele>2545.39990234375</ele>
        <time>2025-07-06T08:54:33.000Z</time>
        <extensions>
          <ns3:TrackPointExtension>
            <ns3:hr>121</ns3:hr>
            <ns3:cad>65</ns3:cad>
          </ns3:TrackPointExtension>
        </extensions>
      </trkpt>
      <trkpt lat="29.5338297821581363677978515625" lon="103.33316369913518428802490234375">
        <ele>2545.199951171875</ele>
        <time>2025-07-06T08:54:34.000Z</time>
        <extensions>
          <ns3:TrackPointExtension>
            <ns3:hr>121</ns3:hr>
            <ns3:cad>65</ns3:cad>
          </ns3:TrackPointExtension>
        </extensions>
      </trkpt>
      <trkpt lat="29.53383590094745159149169921875" lon="103.333168141543865203857421875">
        <ele>2545</ele>
        <time>2025-07-06T08:54:35.000Z</time>
        <extensions>
          <ns3:TrackPointExtension>
            <ns3:hr>121</ns3:hr>
            <ns3:cad>65</ns3:cad>
          </ns3:TrackPointExtension>
        </extensions>
      </trkpt>
      <trkpt lat="29.53384562395513057708740234375" lon="103.33317451179027557373046875">
        <ele>2544.60009765625</ele>
        <time>2025-07-06T08:54:36.000Z</time>
        <extensions>
          <ns3:TrackPointExtension>
            <ns3:hr>121</ns3:hr>
            <ns3:cad>65</ns3:cad>
          </ns3:TrackPointExtension>
        </extensions>
      </trkpt>
      <trkpt lat="29.53385241329669952392578125" lon="103.33318121731281280517578125">
        <ele>2544.39990234375</ele>
        <time>2025-07-06T08:54:37.000Z</time>
        <extensions>
          <ns3:TrackPointExtension>
            <ns3:hr>120</ns3:hr>
            <ns3:cad>65</ns3:cad>
          </ns3:TrackPointExtension>
        </extensions>
      </trkpt>
      <trkpt lat="29.5338569395244121551513671875" lon="103.33318850956857204437255859375">
        <ele>2544</ele>
        <time>2025-07-06T08:54:38.000Z</time>
        <extensions>
          <ns3:TrackPointExtension>
            <ns3:hr>120</ns3:hr>
            <ns3:cad>65</ns3:cad>
          </ns3:TrackPointExtension>
        </extensions>
      </trkpt>
      <trkpt lat="29.5338649861514568328857421875" lon="103.33319655619561672210693359375">
        <ele>2543.60009765625</ele>
        <time>2025-07-06T08:54:39.000Z</time>
        <extensions>
          <ns3:TrackPointExtension>
            <ns3:hr>120</ns3:hr>
            <ns3:cad>81</ns3:cad>
          </ns3:TrackPointExtension>
        </extensions>
      </trkpt>
      <trkpt lat="29.53386850655078887939453125" lon="103.3332011662423610687255859375">
        <ele>2543.199951171875</ele>
        <time>2025-07-06T08:54:40.000Z</time>
        <extensions>
          <ns3:TrackPointExtension>
            <ns3:hr>121</ns3:hr>
            <ns3:cad>81</ns3:cad>
          </ns3:TrackPointExtension>
        </extensions>
      </trkpt>
      <trkpt lat="29.53387177549302577972412109375" lon="103.3332073688507080078125">
        <ele>2543</ele>
        <time>2025-07-06T08:54:41.000Z</time>
        <extensions>
          <ns3:TrackPointExtension>
            <ns3:hr>120</ns3:hr>
            <ns3:cad>81</ns3:cad>
          </ns3:TrackPointExtension>
        </extensions>
      </trkpt>
      <trkpt lat="29.5338745415210723876953125" lon="103.33321264944970607757568359375">
        <ele>2542.800048828125</ele>
        <time>2025-07-06T08:54:42.000Z</time>
        <extensions>
          <ns3:TrackPointExtension>
            <ns3:hr>120</ns3:hr>
            <ns3:cad>81</ns3:cad>
          </ns3:TrackPointExtension>
        </extensions>
      </trkpt>
      <trkpt lat="29.5338804088532924652099609375" lon="103.33321952261030673980712890625">
        <ele>2542.39990234375</ele>
        <time>2025-07-06T08:54:43.000Z</time>
        <extensions>
          <ns3:TrackPointExtension>
            <ns3:hr>120</ns3:hr>
            <ns3:cad>81</ns3:cad>
          </ns3:TrackPointExtension>
        </extensions>
      </trkpt>
      <trkpt lat="29.533889293670654296875" lon="103.3332248032093048095703125">
        <ele>2542.199951171875</ele>
        <time>2025-07-06T08:54:44.000Z</time>
        <extensions>
          <ns3:TrackPointExtension>
            <ns3:hr>121</ns3:hr>
            <ns3:cad>81</ns3:cad>
          </ns3:TrackPointExtension>
        </extensions>
      </trkpt>
      <trkpt lat="29.53389876522123813629150390625" lon="103.33323083817958831787109375">
        <ele>2541.800048828125</ele>
        <time>2025-07-06T08:54:45.000Z</time>
        <extensions>
          <ns3:TrackPointExtension>
            <ns3:hr>120</ns3:hr>
            <ns3:cad>81</ns3:cad>
          </ns3:TrackPointExtension>
        </extensions>
      </trkpt>
      <trkpt lat="29.533906392753124237060546875" lon="103.33323343656957149505615234375">
        <ele>2541.39990234375</ele>
        <time>2025-07-06T08:54:46.000Z</time>
        <extensions>
          <ns3:TrackPointExtension>
            <ns3:hr>120</ns3:hr>
            <ns3:cad>81</ns3:cad>
          </ns3:TrackPointExtension>
        </extensions>
      </trkpt>
      <trkpt lat="29.5339120924472808837890625" lon="103.3332316763699054718017578125">
        <ele>2541.199951171875</ele>
        <time>2025-07-06T08:54:47.000Z</time>
        <extensions>
          <ns3:TrackPointExtension>
            <ns3:hr>120</ns3:hr>
            <ns3:cad>81</ns3:cad>
          </ns3:TrackPointExtension>
        </extensions>
      </trkpt>
      <trkpt lat="29.53391812741756439208984375" lon="103.3332299999892711639404296875">
        <ele>2540.800048828125</ele>
        <time>2025-07-06T08:54:48.000Z</time>
        <extensions>
          <ns3:TrackPointExtension>
            <ns3:hr>120</ns3:hr>
            <ns3:cad>81</ns3:cad>
          </ns3:TrackPointExtension>
        </extensions>
      </trkpt>
      <trkpt lat="29.5339273475110530853271484375" lon="103.33322790451347827911376953125">
        <ele>2540.60009765625</ele>
        <time>2025-07-06T08:54:49.000Z</time>
        <extensions>
          <ns3:TrackPointExtension>
            <ns3:hr>120</ns3:hr>
            <ns3:cad>81</ns3:cad>
          </ns3:TrackPointExtension>
        </extensions>
      </trkpt>
      <trkpt lat="29.533943273127079010009765625" lon="103.33322706632316112518310546875">
        <ele>2540.199951171875</ele>
        <time>2025-07-06T08:54:50.000Z</time>
        <extensions>
          <ns3:TrackPointExtension>
            <ns3:hr>121</ns3:hr>
            <ns3:cad>81</ns3:cad>
          </ns3:TrackPointExtension>
        </extensions>
      </trkpt>
      <trkpt lat="29.5339461229741573333740234375" lon="103.3332194387912750244140625">
        <ele>2540</ele>
        <time>2025-07-06T08:54:51.000Z</time>
        <extensions>
          <ns3:TrackPointExtension>
            <ns3:hr>120</ns3:hr>
            <ns3:cad>81</ns3:cad>
          </ns3:TrackPointExtension>
        </extensions>
      </trkpt>
      <trkpt lat="29.5339558459818363189697265625" lon="103.3332186006009578704833984375">
        <ele>2539.60009765625</ele>
        <time>2025-07-06T08:54:52.000Z</time>
        <extensions>
          <ns3:TrackPointExtension>
            <ns3:hr>120</ns3:hr>
            <ns3:cad>81</ns3:cad>
          </ns3:TrackPointExtension>
        </extensions>
      </trkpt>
      <trkpt lat="29.53396598808467388153076171875" lon="103.33321784622967243194580078125">
        <ele>2539.39990234375</ele>
        <time>2025-07-06T08:54:53.000Z</time>
        <extensions>
          <ns3:TrackPointExtension>
            <ns3:hr>120</ns3:hr>
            <ns3:cad>81</ns3:cad>
          </ns3:TrackPointExtension>
        </extensions>
      </trkpt>
      <trkpt lat="29.533977471292018890380859375" lon="103.3332162536680698394775390625">
        <ele>2539.199951171875</ele>
        <time>2025-07-06T08:54:54.000Z</time>
        <extensions>
          <ns3:TrackPointExtension>
            <ns3:hr>121</ns3:hr>
            <ns3:cad>81</ns3:cad>
          </ns3:TrackPointExtension>
        </extensions>
      </trkpt>
      <trkpt lat="29.533988200128078460693359375" lon="103.33321248181164264678955078125">
        <ele>2539</ele>
        <time>2025-07-06T08:54:55.000Z</time>
        <extensions>
          <ns3:TrackPointExtension>
            <ns3:hr>121</ns3:hr>
            <ns3:cad>81</ns3:cad>
          </ns3:TrackPointExtension>
        </extensions>
      </trkpt>
      <trkpt lat="29.533998928964138031005859375" lon="103.3332159183919429779052734375">
        <ele>2538.60009765625</ele>
        <time>2025-07-06T08:54:56.000Z</time>
        <extensions>
          <ns3:TrackPointExtension>
            <ns3:hr>121</ns3:hr>
            <ns3:cad>81</ns3:cad>
          </ns3:TrackPointExtension>
        </extensions>
      </trkpt>
      <trkpt lat="29.53400672413408756256103515625" lon="103.33321482874453067779541015625">
        <ele>2538.39990234375</ele>
        <time>2025-07-06T08:54:57.000Z</time>
        <extensions>
          <ns3:TrackPointExtension>
            <ns3:hr>121</ns3:hr>
            <ns3:cad>81</ns3:cad>
          </ns3:TrackPointExtension>
        </extensions>
      </trkpt>
      <trkpt lat="29.5340148545801639556884765625" lon="103.3332115598022937774658203125">
        <ele>2538</ele>
        <time>2025-07-06T08:54:58.000Z</time>
        <extensions>
          <ns3:TrackPointExtension>
            <ns3:hr>121</ns3:hr>
            <ns3:cad>81</ns3:cad>
          </ns3:TrackPointExtension>
        </extensions>
      </trkpt>
      <trkpt lat="29.53402281738817691802978515625" lon="103.333205692470073699951171875">
        <ele>2537.800048828125</ele>
        <time>2025-07-06T08:54:59.000Z</time>
        <extensions>
          <ns3:TrackPointExtension>
            <ns3:hr>121</ns3:hr>
            <ns3:cad>77</ns3:cad>
          </ns3:TrackPointExtension>
        </extensions>
      </trkpt>
      <trkpt lat="29.5340354740619659423828125" lon="103.33320267498493194580078125">
        <ele>2537.60009765625</ele>
        <time>2025-07-06T08:55:00.000Z</time>
        <extensions>
          <ns3:TrackPointExtension>
            <ns3:hr>121</ns3:hr>
            <ns3:cad>69</ns3:cad>
          </ns3:TrackPointExtension>
        </extensions>
      </trkpt>
      <trkpt lat="29.53404343686997890472412109375" lon="103.33319923840463161468505859375">
        <ele>2537.39990234375</ele>
        <time>2025-07-06T08:55:01.000Z</time>
        <extensions>
          <ns3:TrackPointExtension>
            <ns3:hr>121</ns3:hr>
            <ns3:cad>0</ns3:cad>
          </ns3:TrackPointExtension>
        </extensions>
      </trkpt>
      <trkpt lat="29.53405533917248249053955078125" lon="103.3331947959959506988525390625">
        <ele>2537.39990234375</ele>
        <time>2025-07-06T08:55:02.000Z</time>
        <extensions>
          <ns3:TrackPointExtension>
            <ns3:hr>120</ns3:hr>
            <ns3:cad>0</ns3:cad>
          </ns3:TrackPointExtension>
        </extensions>
      </trkpt>
      <trkpt lat="29.53406992368400096893310546875" lon="103.33319119177758693695068359375">
        <ele>2537.39990234375</ele>
        <time>2025-07-06T08:55:03.000Z</time>
        <extensions>
          <ns3:TrackPointExtension>
            <ns3:hr>120</ns3:hr>
            <ns3:cad>0</ns3:cad>
          </ns3:TrackPointExtension>
        </extensions>
      </trkpt>
      <trkpt lat="29.53407713212072849273681640625" lon="103.3331880904734134674072265625">
        <ele>2537.199951171875</ele>
        <time>2025-07-06T08:55:04.000Z</time>
        <extensions>
          <ns3:TrackPointExtension>
            <ns3:hr>120</ns3:hr>
            <ns3:cad>0</ns3:cad>
          </ns3:TrackPointExtension>
        </extensions>
      </trkpt>
      <trkpt lat="29.5340839214622974395751953125" lon="103.33318666554987430572509765625">
        <ele>2537</ele>
        <time>2025-07-06T08:55:05.000Z</time>
        <extensions>
          <ns3:TrackPointExtension>
            <ns3:hr>120</ns3:hr>
            <ns3:cad>0</ns3:cad>
          </ns3:TrackPointExtension>
        </extensions>
      </trkpt>
      <trkpt lat="29.5340872742235660552978515625" lon="103.33318415097892284393310546875">
        <ele>2536.60009765625</ele>
        <time>2025-07-06T08:55:06.000Z</time>
        <extensions>
          <ns3:TrackPointExtension>
            <ns3:hr>121</ns3:hr>
            <ns3:cad>0</ns3:cad>
          </ns3:TrackPointExtension>
        </extensions>
      </trkpt>
      <trkpt lat="29.5341003499925136566162109375" lon="103.3331790380179882049560546875">
        <ele>2536.199951171875</ele>
        <time>2025-07-06T08:55:07.000Z</time>
        <extensions>
          <ns3:TrackPointExtension>
            <ns3:hr>120</ns3:hr>
            <ns3:cad>0</ns3:cad>
          </ns3:TrackPointExtension>
        </extensions>
      </trkpt>
      <trkpt lat="29.53411300666630268096923828125" lon="103.33317828364670276641845703125">
        <ele>2535.800048828125</ele>
        <time>2025-07-06T08:55:08.000Z</time>
        <extensions>
          <ns3:TrackPointExtension>
            <ns3:hr>120</ns3:hr>
            <ns3:cad>73</ns3:cad>
          </ns3:TrackPointExtension>
        </extensions>
      </trkpt>
      <trkpt lat="29.53412407077848911285400390625" lon="103.3331740088760852813720703125">
        <ele>2535.199951171875</ele>
        <time>2025-07-06T08:55:09.000Z</time>
        <extensions>
          <ns3:TrackPointExtension>
            <ns3:hr>121</ns3:hr>
            <ns3:cad>73</ns3:cad>
          </ns3:TrackPointExtension>
        </extensions>
      </trkpt>
      <trkpt lat="29.53413262031972408294677734375" lon="103.33316621370613574981689453125">
        <ele>2534.800048828125</ele>
        <time>2025-07-06T08:55:10.000Z</time>
        <extensions>
          <ns3:TrackPointExtension>
            <ns3:hr>120</ns3:hr>
            <ns3:cad>71</ns3:cad>
          </ns3:TrackPointExtension>
        </extensions>
      </trkpt>
      <trkpt lat="29.53413865529000759124755859375" lon="103.33316219039261341094970703125">
        <ele>2534.39990234375</ele>
        <time>2025-07-06T08:55:11.000Z</time>
        <extensions>
          <ns3:TrackPointExtension>
            <ns3:hr>120</ns3:hr>
            <ns3:cad>71</ns3:cad>
          </ns3:TrackPointExtension>
        </extensions>
      </trkpt>
      <trkpt lat="29.5341446064412593841552734375" lon="103.33315766416490077972412109375">
        <ele>2534</ele>
        <time>2025-07-06T08:55:12.000Z</time>
        <extensions>
          <ns3:TrackPointExtension>
            <ns3:hr>121</ns3:hr>
            <ns3:cad>71</ns3:cad>
          </ns3:TrackPointExtension>
        </extensions>
      </trkpt>
      <trkpt lat="29.53415525145828723907470703125" lon="103.33315179683268070220947265625">
        <ele>2533.60009765625</ele>
        <time>2025-07-06T08:55:13.000Z</time>
        <extensions>
          <ns3:TrackPointExtension>
            <ns3:hr>121</ns3:hr>
            <ns3:cad>72</ns3:cad>
          </ns3:TrackPointExtension>
        </extensions>
      </trkpt>
      <trkpt lat="29.53417100943624973297119140625" lon="103.33315095864236354827880859375">
        <ele>2533.199951171875</ele>
        <time>2025-07-06T08:55:14.000Z</time>
        <extensions>
          <ns3:TrackPointExtension>
            <ns3:hr>122</ns3:hr>
            <ns3:cad>72</ns3:cad>
          </ns3:TrackPointExtension>
        </extensions>
      </trkpt>
      <trkpt lat="29.5341814868152141571044921875" lon="103.3331455104053020477294921875">
        <ele>2532.800048828125</ele>
        <time>2025-07-06T08:55:15.000Z</time>
        <extensions>
          <ns3:TrackPointExtension>
            <ns3:hr>123</ns3:hr>
            <ns3:cad>72</ns3:cad>
          </ns3:TrackPointExtension>
        </extensions>
      </trkpt>
      <trkpt lat="29.53419196419417858123779296875" lon="103.3331398107111454010009765625">
        <ele>2532.39990234375</ele>
        <time>2025-07-06T08:55:16.000Z</time>
        <extensions>
          <ns3:TrackPointExtension>
            <ns3:hr>123</ns3:hr>
            <ns3:cad>72</ns3:cad>
          </ns3:TrackPointExtension>
        </extensions>
      </trkpt>
      <trkpt lat="29.5341948978602886199951171875" lon="103.3331424929201602935791015625">
        <ele>2532.199951171875</ele>
        <time>2025-07-06T08:55:17.000Z</time>
        <extensions>
          <ns3:TrackPointExtension>
            <ns3:hr>123</ns3:hr>
            <ns3:cad>71</ns3:cad>
          </ns3:TrackPointExtension>
        </extensions>
      </trkpt>
      <trkpt lat="29.53419766388833522796630859375" lon="103.3331465162336826324462890625">
        <ele>2532</ele>
        <time>2025-07-06T08:55:18.000Z</time>
        <extensions>
          <ns3:TrackPointExtension>
            <ns3:hr>123</ns3:hr>
            <ns3:cad>71</ns3:cad>
          </ns3:TrackPointExtension>
        </extensions>
      </trkpt>
      <trkpt lat="29.5341989211738109588623046875" lon="103.33314576186239719390869140625">
        <ele>2531.800048828125</ele>
        <time>2025-07-06T08:55:19.000Z</time>
        <extensions>
          <ns3:TrackPointExtension>
            <ns3:hr>124</ns3:hr>
            <ns3:cad>71</ns3:cad>
          </ns3:TrackPointExtension>
        </extensions>
      </trkpt>
      <trkpt lat="29.53420520760118961334228515625" lon="103.3331455104053020477294921875">
        <ele>2531.60009765625</ele>
        <time>2025-07-06T08:55:20.000Z</time>
        <extensions>
          <ns3:TrackPointExtension>
            <ns3:hr>126</ns3:hr>
            <ns3:cad>0</ns3:cad>
          </ns3:TrackPointExtension>
        </extensions>
      </trkpt>
      <trkpt lat="29.53421308659017086029052734375" lon="103.333139307796955108642578125">
        <ele>2531.39990234375</ele>
        <time>2025-07-06T08:55:21.000Z</time>
        <extensions>
          <ns3:TrackPointExtension>
            <ns3:hr>127</ns3:hr>
            <ns3:cad>0</ns3:cad>
          </ns3:TrackPointExtension>
        </extensions>
      </trkpt>
      <trkpt lat="29.53421451151371002197265625" lon="103.3331354521214962005615234375">
        <ele>2531</ele>
        <time>2025-07-06T08:55:22.000Z</time>
        <extensions>
          <ns3:TrackPointExtension>
            <ns3:hr>129</ns3:hr>
            <ns3:cad>70</ns3:cad>
          </ns3:TrackPointExtension>
        </extensions>
      </trkpt>
      <trkpt lat="29.5342203788459300994873046875" lon="103.33313184790313243865966796875">
        <ele>2530.60009765625</ele>
        <time>2025-07-06T08:55:23.000Z</time>
        <extensions>
          <ns3:TrackPointExtension>
            <ns3:hr>130</ns3:hr>
            <ns3:cad>71</ns3:cad>
          </ns3:TrackPointExtension>
        </extensions>
      </trkpt>
      <trkpt lat="29.53422926366329193115234375" lon="103.33313352428376674652099609375">
        <ele>2530.199951171875</ele>
        <time>2025-07-06T08:55:24.000Z</time>
        <extensions>
          <ns3:TrackPointExtension>
            <ns3:hr>130</ns3:hr>
            <ns3:cad>73</ns3:cad>
          </ns3:TrackPointExtension>
        </extensions>
      </trkpt>
      <trkpt lat="29.534238316118717193603515625" lon="103.33313721232116222381591796875">
        <ele>2529.800048828125</ele>
        <time>2025-07-06T08:55:25.000Z</time>
        <extensions>
          <ns3:TrackPointExtension>
            <ns3:hr>130</ns3:hr>
            <ns3:cad>73</ns3:cad>
          </ns3:TrackPointExtension>
        </extensions>
      </trkpt>
      <trkpt lat="29.53424745239317417144775390625" lon="103.3331445045769214630126953125">
        <ele>2529.39990234375</ele>
        <time>2025-07-06T08:55:26.000Z</time>
        <extensions>
          <ns3:TrackPointExtension>
            <ns3:hr>130</ns3:hr>
            <ns3:cad>73</ns3:cad>
          </ns3:TrackPointExtension>
        </extensions>
      </trkpt>
      <trkpt lat="29.534259773790836334228515625" lon="103.33315179683268070220947265625">
        <ele>2529.199951171875</ele>
        <time>2025-07-06T08:55:27.000Z</time>
        <extensions>
          <ns3:TrackPointExtension>
            <ns3:hr>130</ns3:hr>
            <ns3:cad>73</ns3:cad>
          </ns3:TrackPointExtension>
        </extensions>
      </trkpt>
      <trkpt lat="29.5342686586081981658935546875" lon="103.33316403441131114959716796875">
        <ele>2529</ele>
        <time>2025-07-06T08:55:28.000Z</time>
        <extensions>
          <ns3:TrackPointExtension>
            <ns3:hr>130</ns3:hr>
            <ns3:cad>73</ns3:cad>
          </ns3:TrackPointExtension>
        </extensions>
      </trkpt>
      <trkpt lat="29.53427662141621112823486328125" lon="103.33317182958126068115234375">
        <ele>2528.60009765625</ele>
        <time>2025-07-06T08:55:29.000Z</time>
        <extensions>
          <ns3:TrackPointExtension>
            <ns3:hr>130</ns3:hr>
            <ns3:cad>73</ns3:cad>
          </ns3:TrackPointExtension>
        </extensions>
      </trkpt>
      <trkpt lat="29.53428533859550952911376953125" lon="103.333177864551544189453125">
        <ele>2528.39990234375</ele>
        <time>2025-07-06T08:55:30.000Z</time>
        <extensions>
          <ns3:TrackPointExtension>
            <ns3:hr>131</ns3:hr>
            <ns3:cad>73</ns3:cad>
          </ns3:TrackPointExtension>
        </extensions>
      </trkpt>
      <trkpt lat="29.5342927984893321990966796875" lon="103.33317778073251247406005859375">
        <ele>2528.199951171875</ele>
        <time>2025-07-06T08:55:31.000Z</time>
        <extensions>
          <ns3:TrackPointExtension>
            <ns3:hr>131</ns3:hr>
            <ns3:cad>73</ns3:cad>
          </ns3:TrackPointExtension>
        </extensions>
      </trkpt>
      <trkpt lat="29.5342988334596157073974609375" lon="103.33317593671381473541259765625">
        <ele>2528</ele>
        <time>2025-07-06T08:55:32.000Z</time>
        <extensions>
          <ns3:TrackPointExtension>
            <ns3:hr>131</ns3:hr>
            <ns3:cad>73</ns3:cad>
          </ns3:TrackPointExtension>
        </extensions>
      </trkpt>
      <trkpt lat="29.53430034220218658447265625" lon="103.333175517618656158447265625">
        <ele>2527.60009765625</ele>
        <time>2025-07-06T08:55:33.000Z</time>
        <extensions>
          <ns3:TrackPointExtension>
            <ns3:hr>132</ns3:hr>
            <ns3:cad>66</ns3:cad>
          </ns3:TrackPointExtension>
        </extensions>
      </trkpt>
      <trkpt lat="29.53430227003991603851318359375" lon="103.3331750147044658660888671875">
        <ele>2527.39990234375</ele>
        <time>2025-07-06T08:55:34.000Z</time>
        <extensions>
          <ns3:TrackPointExtension>
            <ns3:hr>131</ns3:hr>
            <ns3:cad>0</ns3:cad>
          </ns3:TrackPointExtension>
        </extensions>
      </trkpt>
      <trkpt lat="29.53430235385894775390625" lon="103.33317476324737071990966796875">
        <ele>2527.39990234375</ele>
        <time>2025-07-06T08:55:35.000Z</time>
        <extensions>
          <ns3:TrackPointExtension>
            <ns3:hr>131</ns3:hr>
            <ns3:cad>0</ns3:cad>
          </ns3:TrackPointExtension>
        </extensions>
      </trkpt>
      <trkpt lat="29.53430235385894775390625" lon="103.33317476324737071990966796875">
        <ele>2527.39990234375</ele>
        <time>2025-07-06T08:55:36.000Z</time>
        <extensions>
          <ns3:TrackPointExtension>
            <ns3:hr>127</ns3:hr>
            <ns3:cad>0</ns3:cad>
          </ns3:TrackPointExtension>
        </extensions>
      </trkpt>
      <trkpt lat="29.53430235385894775390625" lon="103.33317476324737071990966796875">
        <ele>2527.39990234375</ele>
        <time>2025-07-06T08:55:37.000Z</time>
        <extensions>
          <ns3:TrackPointExtension>
            <ns3:hr>120</ns3:hr>
            <ns3:cad>0</ns3:cad>
          </ns3:TrackPointExtension>
        </extensions>
      </trkpt>
      <trkpt lat="29.53430243767797946929931640625" lon="103.3331740088760852813720703125">
        <ele>2527.39990234375</ele>
        <time>2025-07-06T08:55:38.000Z</time>
        <extensions>
          <ns3:TrackPointExtension>
            <ns3:hr>117</ns3:hr>
            <ns3:cad>0</ns3:cad>
          </ns3:TrackPointExtension>
        </extensions>
      </trkpt>
      <trkpt lat="29.53430981375277042388916015625" lon="103.3331659622490406036376953125">
        <ele>2527.199951171875</ele>
        <time>2025-07-06T08:55:39.000Z</time>
        <extensions>
          <ns3:TrackPointExtension>
            <ns3:hr>117</ns3:hr>
            <ns3:cad>0</ns3:cad>
          </ns3:TrackPointExtension>
        </extensions>
      </trkpt>
      <trkpt lat="29.53432037495076656341552734375" lon="103.33316135220229625701904296875">
        <ele>2527</ele>
        <time>2025-07-06T08:55:40.000Z</time>
        <extensions>
          <ns3:TrackPointExtension>
            <ns3:hr>118</ns3:hr>
            <ns3:cad>0</ns3:cad>
          </ns3:TrackPointExtension>
        </extensions>
      </trkpt>
      <trkpt lat="29.53432892449200153350830078125" lon="103.33315481431782245635986328125">
        <ele>2526.60009765625</ele>
        <time>2025-07-06T08:55:41.000Z</time>
        <extensions>
          <ns3:TrackPointExtension>
            <ns3:hr>118</ns3:hr>
            <ns3:cad>0</ns3:cad>
          </ns3:TrackPointExtension>
        </extensions>
      </trkpt>
      <trkpt lat="29.53433931805193424224853515625" lon="103.33314810879528522491455078125">
        <ele>2526</ele>
        <time>2025-07-06T08:55:42.000Z</time>
        <extensions>
          <ns3:TrackPointExtension>
            <ns3:hr>119</ns3:hr>
            <ns3:cad>0</ns3:cad>
          </ns3:TrackPointExtension>
        </extensions>
      </trkpt>
      <trkpt lat="29.53435130417346954345703125" lon="103.33313687704503536224365234375">
        <ele>2525.39990234375</ele>
        <time>2025-07-06T08:55:43.000Z</time>
        <extensions>
          <ns3:TrackPointExtension>
            <ns3:hr>120</ns3:hr>
            <ns3:cad>0</ns3:cad>
          </ns3:TrackPointExtension>
        </extensions>
      </trkpt>
      <trkpt lat="29.53436044044792652130126953125" lon="103.33313000388443470001220703125">
        <ele>2525</ele>
        <time>2025-07-06T08:55:44.000Z</time>
        <extensions>
          <ns3:TrackPointExtension>
            <ns3:hr>121</ns3:hr>
            <ns3:cad>76</ns3:cad>
          </ns3:TrackPointExtension>
        </extensions>
      </trkpt>
      <trkpt lat="29.53437351621687412261962890625" lon="103.333119191229343414306640625">
        <ele>2524.60009765625</ele>
        <time>2025-07-06T08:55:45.000Z</time>
        <extensions>
          <ns3:TrackPointExtension>
            <ns3:hr>122</ns3:hr>
            <ns3:cad>76</ns3:cad>
          </ns3:TrackPointExtension>
        </extensions>
      </trkpt>
      <trkpt lat="29.53438390977680683135986328125" lon="103.33310519345104694366455078125">
        <ele>2524.199951171875</ele>
        <time>2025-07-06T08:55:46.000Z</time>
        <extensions>
          <ns3:TrackPointExtension>
            <ns3:hr>123</ns3:hr>
            <ns3:cad>76</ns3:cad>
          </ns3:TrackPointExtension>
        </extensions>
      </trkpt>
      <trkpt lat="29.53438977710902690887451171875" lon="103.33310167305171489715576171875">
        <ele>2523.800048828125</ele>
        <time>2025-07-06T08:55:47.000Z</time>
        <extensions>
          <ns3:TrackPointExtension>
            <ns3:hr>124</ns3:hr>
            <ns3:cad>76</ns3:cad>
          </ns3:TrackPointExtension>
        </extensions>
      </trkpt>
      <trkpt lat="29.534395225346088409423828125" lon="103.3331005834043025970458984375">
        <ele>2523.39990234375</ele>
        <time>2025-07-06T08:55:48.000Z</time>
        <extensions>
          <ns3:TrackPointExtension>
            <ns3:hr>124</ns3:hr>
            <ns3:cad>76</ns3:cad>
          </ns3:TrackPointExtension>
        </extensions>
      </trkpt>
      <trkpt lat="29.534399919211864471435546875" lon="103.3331005834043025970458984375">
        <ele>2523</ele>
        <time>2025-07-06T08:55:49.000Z</time>
        <extensions>
          <ns3:TrackPointExtension>
            <ns3:hr>125</ns3:hr>
            <ns3:cad>76</ns3:cad>
          </ns3:TrackPointExtension>
        </extensions>
      </trkpt>
      <trkpt lat="29.5344074629247188568115234375" lon="103.33309781737625598907470703125">
        <ele>2522.60009765625</ele>
        <time>2025-07-06T08:55:50.000Z</time>
        <extensions>
          <ns3:TrackPointExtension>
            <ns3:hr>124</ns3:hr>
            <ns3:cad>76</ns3:cad>
          </ns3:TrackPointExtension>
        </extensions>
      </trkpt>
      <trkpt lat="29.53442833386361598968505859375" lon="103.33308390341699123382568359375">
        <ele>2522</ele>
        <time>2025-07-06T08:55:51.000Z</time>
        <extensions>
          <ns3:TrackPointExtension>
            <ns3:hr>124</ns3:hr>
            <ns3:cad>69</ns3:cad>
          </ns3:TrackPointExtension>
        </extensions>
      </trkpt>
      <trkpt lat="29.53443847596645355224609375" lon="103.33308063447475433349609375">
        <ele>2521.60009765625</ele>
        <time>2025-07-06T08:55:52.000Z</time>
        <extensions>
          <ns3:TrackPointExtension>
            <ns3:hr>124</ns3:hr>
            <ns3:cad>69</ns3:cad>
          </ns3:TrackPointExtension>
        </extensions>
      </trkpt>
      <trkpt lat="29.53445046208798885345458984375" lon="103.33307501859962940216064453125">
        <ele>2521.39990234375</ele>
        <time>2025-07-06T08:55:53.000Z</time>
        <extensions>
          <ns3:TrackPointExtension>
            <ns3:hr>124</ns3:hr>
            <ns3:cad>69</ns3:cad>
          </ns3:TrackPointExtension>
        </extensions>
      </trkpt>
      <trkpt lat="29.53446219675242900848388671875" lon="103.33306864835321903228759765625">
        <ele>2521.199951171875</ele>
        <time>2025-07-06T08:55:54.000Z</time>
        <extensions>
          <ns3:TrackPointExtension>
            <ns3:hr>124</ns3:hr>
            <ns3:cad>69</ns3:cad>
          </ns3:TrackPointExtension>
        </extensions>
      </trkpt>
      <trkpt lat="29.53447401523590087890625" lon="103.33306496031582355499267578125">
        <ele>2521</ele>
        <time>2025-07-06T08:55:55.000Z</time>
        <extensions>
          <ns3:TrackPointExtension>
            <ns3:hr>125</ns3:hr>
            <ns3:cad>69</ns3:cad>
          </ns3:TrackPointExtension>
        </extensions>
      </trkpt>
      <trkpt lat="29.5344829000532627105712890625" lon="103.3330603502690792083740234375">
        <ele>2521</ele>
        <time>2025-07-06T08:55:56.000Z</time>
        <extensions>
          <ns3:TrackPointExtension>
            <ns3:hr>125</ns3:hr>
            <ns3:cad>67</ns3:cad>
          </ns3:TrackPointExtension>
        </extensions>
      </trkpt>
      <trkpt lat="29.53449170105159282684326171875" lon="103.33305356092751026153564453125">
        <ele>2520.800048828125</ele>
        <time>2025-07-06T08:55:57.000Z</time>
        <extensions>
          <ns3:TrackPointExtension>
            <ns3:hr>126</ns3:hr>
            <ns3:cad>67</ns3:cad>
          </ns3:TrackPointExtension>
        </extensions>
      </trkpt>
      <trkpt lat="29.53450175933539867401123046875" lon="103.33304970525205135345458984375">
        <ele>2520.39990234375</ele>
        <time>2025-07-06T08:55:58.000Z</time>
        <extensions>
          <ns3:TrackPointExtension>
            <ns3:hr>126</ns3:hr>
            <ns3:cad>67</ns3:cad>
          </ns3:TrackPointExtension>
        </extensions>
      </trkpt>
      <trkpt lat="29.5345134101808071136474609375" lon="103.3330469392240047454833984375">
        <ele>2520</ele>
        <time>2025-07-06T08:55:59.000Z</time>
        <extensions>
          <ns3:TrackPointExtension>
            <ns3:hr>126</ns3:hr>
            <ns3:cad>67</ns3:cad>
          </ns3:TrackPointExtension>
        </extensions>
      </trkpt>
      <trkpt lat="29.5345264859497547149658203125" lon="103.33304266445338726043701171875">
        <ele>2519.60009765625</ele>
        <time>2025-07-06T08:56:00.000Z</time>
        <extensions>
          <ns3:TrackPointExtension>
            <ns3:hr>126</ns3:hr>
            <ns3:cad>63</ns3:cad>
          </ns3:TrackPointExtension>
        </extensions>
      </trkpt>
      <trkpt lat="29.534539394080638885498046875" lon="103.33303612656891345977783203125">
        <ele>2519.39990234375</ele>
        <time>2025-07-06T08:56:01.000Z</time>
        <extensions>
          <ns3:TrackPointExtension>
            <ns3:hr>125</ns3:hr>
            <ns3:cad>63</ns3:cad>
          </ns3:TrackPointExtension>
        </extensions>
      </trkpt>
      <trkpt lat="29.53455205075442790985107421875" lon="103.3330331929028034210205078125">
        <ele>2519</ele>
        <time>2025-07-06T08:56:02.000Z</time>
        <extensions>
          <ns3:TrackPointExtension>
            <ns3:hr>125</ns3:hr>
            <ns3:cad>64</ns3:cad>
          </ns3:TrackPointExtension>
        </extensions>
      </trkpt>
      <trkpt lat="29.53455381095409393310546875" lon="103.3330382220447063446044921875">
        <ele>2519</ele>
        <time>2025-07-06T08:56:03.000Z</time>
        <extensions>
          <ns3:TrackPointExtension>
            <ns3:hr>124</ns3:hr>
            <ns3:cad>64</ns3:cad>
          </ns3:TrackPointExtension>
        </extensions>
      </trkpt>
      <trkpt lat="29.53455842100083827972412109375" lon="103.333039395511150360107421875">
        <ele>2518.800048828125</ele>
        <time>2025-07-06T08:56:04.000Z</time>
        <extensions>
          <ns3:TrackPointExtension>
            <ns3:hr>124</ns3:hr>
            <ns3:cad>64</ns3:cad>
          </ns3:TrackPointExtension>
        </extensions>
      </trkpt>
      <trkpt lat="29.53456596471369266510009765625" lon="103.333036713302135467529296875">
        <ele>2518.60009765625</ele>
        <time>2025-07-06T08:56:05.000Z</time>
        <extensions>
          <ns3:TrackPointExtension>
            <ns3:hr>123</ns3:hr>
            <ns3:cad>0</ns3:cad>
          </ns3:TrackPointExtension>
        </extensions>
      </trkpt>
      <trkpt lat="29.53457015566527843475341796875" lon="103.3330362103879451751708984375">
        <ele>2518.39990234375</ele>
        <time>2025-07-06T08:56:06.000Z</time>
        <extensions>
          <ns3:TrackPointExtension>
            <ns3:hr>123</ns3:hr>
            <ns3:cad>0</ns3:cad>
          </ns3:TrackPointExtension>
        </extensions>
      </trkpt>
      <trkpt lat="29.534577615559101104736328125" lon="103.333036713302135467529296875">
        <ele>2518.199951171875</ele>
        <time>2025-07-06T08:56:07.000Z</time>
        <extensions>
          <ns3:TrackPointExtension>
            <ns3:hr>123</ns3:hr>
            <ns3:cad>0</ns3:cad>
          </ns3:TrackPointExtension>
        </extensions>
      </trkpt>
      <trkpt lat="29.534586332738399505615234375" lon="103.333036042749881744384765625">
        <ele>2518</ele>
        <time>2025-07-06T08:56:08.000Z</time>
        <extensions>
          <ns3:TrackPointExtension>
            <ns3:hr>124</ns3:hr>
            <ns3:cad>0</ns3:cad>
          </ns3:TrackPointExtension>
        </extensions>
      </trkpt>
      <trkpt lat="29.53459530137479305267333984375" lon="103.333031348884105682373046875">
        <ele>2517.60009765625</ele>
        <time>2025-07-06T08:56:09.000Z</time>
        <extensions>
          <ns3:TrackPointExtension>
            <ns3:hr>124</ns3:hr>
            <ns3:cad>0</ns3:cad>
          </ns3:TrackPointExtension>
        </extensions>
      </trkpt>
      <trkpt lat="29.5346059463918209075927734375" lon="103.33302707411348819732666015625">
        <ele>2517.39990234375</ele>
        <time>2025-07-06T08:56:10.000Z</time>
        <extensions>
          <ns3:TrackPointExtension>
            <ns3:hr>124</ns3:hr>
            <ns3:cad>0</ns3:cad>
          </ns3:TrackPointExtension>
        </extensions>
      </trkpt>
      <trkpt lat="29.53461307100951671600341796875" lon="103.33302221260964870452880859375">
        <ele>2517</ele>
        <time>2025-07-06T08:56:11.000Z</time>
        <extensions>
          <ns3:TrackPointExtension>
            <ns3:hr>124</ns3:hr>
            <ns3:cad>62</ns3:cad>
          </ns3:TrackPointExtension>
        </extensions>
      </trkpt>
      <trkpt lat="29.53461977653205394744873046875" lon="103.3330182731151580810546875">
        <ele>2516.60009765625</ele>
        <time>2025-07-06T08:56:12.000Z</time>
        <extensions>
          <ns3:TrackPointExtension>
            <ns3:hr>124</ns3:hr>
            <ns3:cad>62</ns3:cad>
          </ns3:TrackPointExtension>
        </extensions>
      </trkpt>
      <trkpt lat="29.534626565873622894287109375" lon="103.3330117352306842803955078125">
        <ele>2516.199951171875</ele>
        <time>2025-07-06T08:56:13.000Z</time>
        <extensions>
          <ns3:TrackPointExtension>
            <ns3:hr>123</ns3:hr>
            <ns3:cad>62</ns3:cad>
          </ns3:TrackPointExtension>
        </extensions>
      </trkpt>
      <trkpt lat="29.53463771380484104156494140625" lon="103.333007209002971649169921875">
        <ele>2516</ele>
        <time>2025-07-06T08:56:14.000Z</time>
        <extensions>
          <ns3:TrackPointExtension>
            <ns3:hr>123</ns3:hr>
            <ns3:cad>62</ns3:cad>
          </ns3:TrackPointExtension>
        </extensions>
      </trkpt>
      <trkpt lat="29.5346498675644397735595703125" lon="103.33300394006073474884033203125">
        <ele>2515.60009765625</ele>
        <time>2025-07-06T08:56:15.000Z</time>
        <extensions>
          <ns3:TrackPointExtension>
            <ns3:hr>123</ns3:hr>
            <ns3:cad>59</ns3:cad>
          </ns3:TrackPointExtension>
        </extensions>
      </trkpt>
      <trkpt lat="29.5346585847437381744384765625" lon="103.33300511352717876434326171875">
        <ele>2515.199951171875</ele>
        <time>2025-07-06T08:56:16.000Z</time>
        <extensions>
          <ns3:TrackPointExtension>
            <ns3:hr>122</ns3:hr>
            <ns3:cad>59</ns3:cad>
          </ns3:TrackPointExtension>
        </extensions>
      </trkpt>
      <trkpt lat="29.534661769866943359375" lon="103.333007209002971649169921875">
        <ele>2515</ele>
        <time>2025-07-06T08:56:17.000Z</time>
        <extensions>
          <ns3:TrackPointExtension>
            <ns3:hr>122</ns3:hr>
            <ns3:cad>62</ns3:cad>
          </ns3:TrackPointExtension>
        </extensions>
      </trkpt>
      <trkpt lat="29.53466705046594142913818359375" lon="103.3330083824694156646728515625">
        <ele>2514.800048828125</ele>
        <time>2025-07-06T08:56:18.000Z</time>
        <extensions>
          <ns3:TrackPointExtension>
            <ns3:hr>122</ns3:hr>
            <ns3:cad>62</ns3:cad>
          </ns3:TrackPointExtension>
        </extensions>
      </trkpt>
      <trkpt lat="29.53467258252203464508056640625" lon="103.33300444297492504119873046875">
        <ele>2514.60009765625</ele>
        <time>2025-07-06T08:56:19.000Z</time>
        <extensions>
          <ns3:TrackPointExtension>
            <ns3:hr>121</ns3:hr>
            <ns3:cad>65</ns3:cad>
          </ns3:TrackPointExtension>
        </extensions>
      </trkpt>
      <trkpt lat="29.53467786312103271484375" lon="103.33300075493752956390380859375">
        <ele>2514.199951171875</ele>
        <time>2025-07-06T08:56:20.000Z</time>
        <extensions>
          <ns3:TrackPointExtension>
            <ns3:hr>121</ns3:hr>
            <ns3:cad>66</ns3:cad>
          </ns3:TrackPointExtension>
        </extensions>
      </trkpt>
      <trkpt lat="29.53468867577612400054931640625" lon="103.3329939655959606170654296875">
        <ele>2514</ele>
        <time>2025-07-06T08:56:21.000Z</time>
        <extensions>
          <ns3:TrackPointExtension>
            <ns3:hr>121</ns3:hr>
            <ns3:cad>66</ns3:cad>
          </ns3:TrackPointExtension>
        </extensions>
      </trkpt>
      <trkpt lat="29.5346947945654392242431640625" lon="103.3329912833869457244873046875">
        <ele>2513.60009765625</ele>
        <time>2025-07-06T08:56:22.000Z</time>
        <extensions>
          <ns3:TrackPointExtension>
            <ns3:hr>121</ns3:hr>
            <ns3:cad>66</ns3:cad>
          </ns3:TrackPointExtension>
        </extensions>
      </trkpt>
      <trkpt lat="29.53470133244991302490234375" lon="103.3329879306256771087646484375">
        <ele>2513.199951171875</ele>
        <time>2025-07-06T08:56:23.000Z</time>
        <extensions>
          <ns3:TrackPointExtension>
            <ns3:hr>121</ns3:hr>
            <ns3:cad>66</ns3:cad>
          </ns3:TrackPointExtension>
        </extensions>
      </trkpt>
      <trkpt lat="29.53471206128597259521484375" lon="103.33298265002667903900146484375">
        <ele>2512.60009765625</ele>
        <time>2025-07-06T08:56:24.000Z</time>
        <extensions>
          <ns3:TrackPointExtension>
            <ns3:hr>122</ns3:hr>
            <ns3:cad>66</ns3:cad>
          </ns3:TrackPointExtension>
        </extensions>
      </trkpt>
      <trkpt lat="29.5347209461033344268798828125" lon="103.332981057465076446533203125">
        <ele>2512.199951171875</ele>
        <time>2025-07-06T08:56:25.000Z</time>
        <extensions>
          <ns3:TrackPointExtension>
            <ns3:hr>121</ns3:hr>
            <ns3:cad>66</ns3:cad>
          </ns3:TrackPointExtension>
        </extensions>
      </trkpt>
      <trkpt lat="29.53472672961652278900146484375" lon="103.33298248238861560821533203125">
        <ele>2511.60009765625</ele>
        <time>2025-07-06T08:56:26.000Z</time>
        <extensions>
          <ns3:TrackPointExtension>
            <ns3:hr>121</ns3:hr>
            <ns3:cad>66</ns3:cad>
          </ns3:TrackPointExtension>
        </extensions>
      </trkpt>
      <trkpt lat="29.53473620116710662841796875" lon="103.3329778723418712615966796875">
        <ele>2511.199951171875</ele>
        <time>2025-07-06T08:56:27.000Z</time>
        <extensions>
          <ns3:TrackPointExtension>
            <ns3:hr>122</ns3:hr>
            <ns3:cad>79</ns3:cad>
          </ns3:TrackPointExtension>
        </extensions>
      </trkpt>
      <trkpt lat="29.53474852256476879119873046875" lon="103.3329704962670803070068359375">
        <ele>2510.800048828125</ele>
        <time>2025-07-06T08:56:28.000Z</time>
        <extensions>
          <ns3:TrackPointExtension>
            <ns3:hr>122</ns3:hr>
            <ns3:cad>79</ns3:cad>
          </ns3:TrackPointExtension>
        </extensions>
      </trkpt>
      <trkpt lat="29.5347584970295429229736328125" lon="103.332962952554225921630859375">
        <ele>2510.39990234375</ele>
        <time>2025-07-06T08:56:29.000Z</time>
        <extensions>
          <ns3:TrackPointExtension>
            <ns3:hr>121</ns3:hr>
            <ns3:cad>78</ns3:cad>
          </ns3:TrackPointExtension>
        </extensions>
      </trkpt>
      <trkpt lat="29.534766376018524169921875" lon="103.332957923412322998046875">
        <ele>2510</ele>
        <time>2025-07-06T08:56:30.000Z</time>
        <extensions>
          <ns3:TrackPointExtension>
            <ns3:hr>120</ns3:hr>
            <ns3:cad>78</ns3:cad>
          </ns3:TrackPointExtension>
        </extensions>
      </trkpt>
      <trkpt lat="29.53477517701685428619384765625" lon="103.33295616321265697479248046875">
        <ele>2509.800048828125</ele>
        <time>2025-07-06T08:56:31.000Z</time>
        <extensions>
          <ns3:TrackPointExtension>
            <ns3:hr>120</ns3:hr>
            <ns3:cad>77</ns3:cad>
          </ns3:TrackPointExtension>
        </extensions>
      </trkpt>
      <trkpt lat="29.53478422947227954864501953125" lon="103.3329564146697521209716796875">
        <ele>2509.60009765625</ele>
        <time>2025-07-06T08:56:32.000Z</time>
        <extensions>
          <ns3:TrackPointExtension>
            <ns3:hr>120</ns3:hr>
            <ns3:cad>76</ns3:cad>
          </ns3:TrackPointExtension>
        </extensions>
      </trkpt>
      <trkpt lat="29.5348781906068325042724609375" lon="103.3328950591385364532470703125">
        <ele>2508.60009765625</ele>
        <time>2025-07-06T08:56:42.000Z</time>
        <extensions>
          <ns3:TrackPointExtension>
            <ns3:hr>124</ns3:hr>
            <ns3:cad>0</ns3:cad>
          </ns3:TrackPointExtension>
        </extensions>
      </trkpt>
      <trkpt lat="29.5348758436739444732666015625" lon="103.332896567881107330322265625">
        <ele>2508.60009765625</ele>
        <time>2025-07-06T08:56:43.000Z</time>
        <extensions>
          <ns3:TrackPointExtension>
            <ns3:hr>124</ns3:hr>
            <ns3:cad>0</ns3:cad>
          </ns3:TrackPointExtension>
        </extensions>
      </trkpt>
      <trkpt lat="29.5348822139203548431396484375" lon="103.33288407884538173675537109375">
        <ele>2508.60009765625</ele>
        <time>2025-07-06T08:56:44.000Z</time>
        <extensions>
          <ns3:TrackPointExtension>
            <ns3:hr>124</ns3:hr>
            <ns3:cad>0</ns3:cad>
          </ns3:TrackPointExtension>
        </extensions>
      </trkpt>
      <trkpt lat="29.5348892547190189361572265625" lon="103.33287502638995647430419921875">
        <ele>2508.39990234375</ele>
        <time>2025-07-06T08:56:45.000Z</time>
        <extensions>
          <ns3:TrackPointExtension>
            <ns3:hr>124</ns3:hr>
            <ns3:cad>0</ns3:cad>
          </ns3:TrackPointExtension>
        </extensions>
      </trkpt>
      <trkpt lat="29.5348946191370487213134765625" lon="103.33286605775356292724609375">
        <ele>2508.39990234375</ele>
        <time>2025-07-06T08:56:46.000Z</time>
        <extensions>
          <ns3:TrackPointExtension>
            <ns3:hr>123</ns3:hr>
            <ns3:cad>0</ns3:cad>
          </ns3:TrackPointExtension>
        </extensions>
      </trkpt>
      <trkpt lat="29.53490459360182285308837890625" lon="103.33285306580364704132080078125">
        <ele>2508.39990234375</ele>
        <time>2025-07-06T08:56:47.000Z</time>
        <extensions>
          <ns3:TrackPointExtension>
            <ns3:hr>124</ns3:hr>
            <ns3:cad>0</ns3:cad>
          </ns3:TrackPointExtension>
        </extensions>
      </trkpt>
      <trkpt lat="29.53491498716175556182861328125" lon="103.33284753374755382537841796875">
        <ele>2508.39990234375</ele>
        <time>2025-07-06T08:56:48.000Z</time>
        <extensions>
          <ns3:TrackPointExtension>
            <ns3:hr>124</ns3:hr>
            <ns3:cad>0</ns3:cad>
          </ns3:TrackPointExtension>
        </extensions>
      </trkpt>
      <trkpt lat="29.5349234528839588165283203125" lon="103.33284200169146060943603515625">
        <ele>2508.39990234375</ele>
        <time>2025-07-06T08:56:49.000Z</time>
        <extensions>
          <ns3:TrackPointExtension>
            <ns3:hr>123</ns3:hr>
            <ns3:cad>0</ns3:cad>
          </ns3:TrackPointExtension>
        </extensions>
      </trkpt>
      <trkpt lat="29.53493879176676273345947265625" lon="103.33283579908311367034912109375">
        <ele>2508.39990234375</ele>
        <time>2025-07-06T08:56:50.000Z</time>
        <extensions>
          <ns3:TrackPointExtension>
            <ns3:hr>123</ns3:hr>
            <ns3:cad>0</ns3:cad>
          </ns3:TrackPointExtension>
        </extensions>
      </trkpt>
      <trkpt lat="29.534953795373439788818359375" lon="103.33283311687409877777099609375">
        <ele>2508.39990234375</ele>
        <time>2025-07-06T08:56:51.000Z</time>
        <extensions>
          <ns3:TrackPointExtension>
            <ns3:hr>123</ns3:hr>
            <ns3:cad>0</ns3:cad>
          </ns3:TrackPointExtension>
        </extensions>
      </trkpt>
      <trkpt lat="29.5349606685340404510498046875" lon="103.3328316919505596160888671875">
        <ele>2508.39990234375</ele>
        <time>2025-07-06T08:56:52.000Z</time>
        <extensions>
          <ns3:TrackPointExtension>
            <ns3:hr>123</ns3:hr>
            <ns3:cad>0</ns3:cad>
          </ns3:TrackPointExtension>
        </extensions>
      </trkpt>
      <trkpt lat="29.53497785143554210662841796875" lon="103.33283278159797191619873046875">
        <ele>2508.199951171875</ele>
        <time>2025-07-06T08:56:53.000Z</time>
        <extensions>
          <ns3:TrackPointExtension>
            <ns3:hr>123</ns3:hr>
            <ns3:cad>0</ns3:cad>
          </ns3:TrackPointExtension>
        </extensions>
      </trkpt>
      <trkpt lat="29.53498757444322109222412109375" lon="103.33283831365406513214111328125">
        <ele>2508.199951171875</ele>
        <time>2025-07-06T08:56:54.000Z</time>
        <extensions>
          <ns3:TrackPointExtension>
            <ns3:hr>123</ns3:hr>
            <ns3:cad>0</ns3:cad>
          </ns3:TrackPointExtension>
        </extensions>
      </trkpt>
      <trkpt lat="29.5349925197660923004150390625" lon="103.3328484557569026947021484375">
        <ele>2508.39990234375</ele>
        <time>2025-07-06T08:56:55.000Z</time>
        <extensions>
          <ns3:TrackPointExtension>
            <ns3:hr>122</ns3:hr>
            <ns3:cad>0</ns3:cad>
          </ns3:TrackPointExtension>
        </extensions>
      </trkpt>
      <trkpt lat="29.53499997965991497039794921875" lon="103.3328544907271862030029296875">
        <ele>2508.39990234375</ele>
        <time>2025-07-06T08:56:56.000Z</time>
        <extensions>
          <ns3:TrackPointExtension>
            <ns3:hr>122</ns3:hr>
            <ns3:cad>0</ns3:cad>
          </ns3:TrackPointExtension>
        </extensions>
      </trkpt>
      <trkpt lat="29.5350116305053234100341796875" lon="103.33286203444004058837890625">
        <ele>2508.39990234375</ele>
        <time>2025-07-06T08:56:57.000Z</time>
        <extensions>
          <ns3:TrackPointExtension>
            <ns3:hr>122</ns3:hr>
            <ns3:cad>0</ns3:cad>
          </ns3:TrackPointExtension>
        </extensions>
      </trkpt>
      <trkpt lat="29.53501875512301921844482421875" lon="103.332867063581943511962890625">
        <ele>2508.60009765625</ele>
        <time>2025-07-06T08:56:58.000Z</time>
        <extensions>
          <ns3:TrackPointExtension>
            <ns3:hr>122</ns3:hr>
            <ns3:cad>0</ns3:cad>
          </ns3:TrackPointExtension>
        </extensions>
      </trkpt>
      <trkpt lat="29.5350260473787784576416015625" lon="103.332876451313495635986328125">
        <ele>2508.60009765625</ele>
        <time>2025-07-06T08:56:59.000Z</time>
        <extensions>
          <ns3:TrackPointExtension>
            <ns3:hr>122</ns3:hr>
            <ns3:cad>0</ns3:cad>
          </ns3:TrackPointExtension>
        </extensions>
      </trkpt>
      <trkpt lat="29.535034261643886566162109375" lon="103.332885839045047760009765625">
        <ele>2508.60009765625</ele>
        <time>2025-07-06T08:57:00.000Z</time>
        <extensions>
          <ns3:TrackPointExtension>
            <ns3:hr>121</ns3:hr>
            <ns3:cad>58</ns3:cad>
          </ns3:TrackPointExtension>
        </extensions>
      </trkpt>
      <trkpt lat="29.5350381173193454742431640625" lon="103.33289229311048984527587890625">
        <ele>2508.800048828125</ele>
        <time>2025-07-06T08:57:01.000Z</time>
        <extensions>
          <ns3:TrackPointExtension>
            <ns3:hr>121</ns3:hr>
            <ns3:cad>58</ns3:cad>
          </ns3:TrackPointExtension>
        </extensions>
      </trkpt>
      <trkpt lat="29.5350439846515655517578125" lon="103.3329000882804393768310546875">
        <ele>2508.800048828125</ele>
        <time>2025-07-06T08:57:02.000Z</time>
        <extensions>
          <ns3:TrackPointExtension>
            <ns3:hr>121</ns3:hr>
            <ns3:cad>58</ns3:cad>
          </ns3:TrackPointExtension>
        </extensions>
      </trkpt>
      <trkpt lat="29.535047672688961029052734375" lon="103.3329084701836109161376953125">
        <ele>2508.800048828125</ele>
        <time>2025-07-06T08:57:03.000Z</time>
        <extensions>
          <ns3:TrackPointExtension>
            <ns3:hr>122</ns3:hr>
            <ns3:cad>58</ns3:cad>
          </ns3:TrackPointExtension>
        </extensions>
      </trkpt>
      <trkpt lat="29.5350542105734348297119140625" lon="103.33291894756257534027099609375">
        <ele>2509</ele>
        <time>2025-07-06T08:57:04.000Z</time>
        <extensions>
          <ns3:TrackPointExtension>
            <ns3:hr>122</ns3:hr>
            <ns3:cad>58</ns3:cad>
          </ns3:TrackPointExtension>
        </extensions>
      </trkpt>
      <trkpt lat="29.5350609160959720611572265625" lon="103.3329285867512226104736328125">
        <ele>2509</ele>
        <time>2025-07-06T08:57:05.000Z</time>
        <extensions>
          <ns3:TrackPointExtension>
            <ns3:hr>122</ns3:hr>
            <ns3:cad>63</ns3:cad>
          </ns3:TrackPointExtension>
        </extensions>
      </trkpt>
      <trkpt lat="29.53506368212401866912841796875" lon="103.3329379744827747344970703125">
        <ele>2508.800048828125</ele>
        <time>2025-07-06T08:57:06.000Z</time>
        <extensions>
          <ns3:TrackPointExtension>
            <ns3:hr>121</ns3:hr>
            <ns3:cad>64</ns3:cad>
          </ns3:TrackPointExtension>
        </extensions>
      </trkpt>
      <trkpt lat="29.5350676216185092926025390625" lon="103.33294660784304141998291015625">
        <ele>2508.60009765625</ele>
        <time>2025-07-06T08:57:07.000Z</time>
        <extensions>
          <ns3:TrackPointExtension>
            <ns3:hr>121</ns3:hr>
            <ns3:cad>64</ns3:cad>
          </ns3:TrackPointExtension>
        </extensions>
      </trkpt>
      <trkpt lat="29.5350734889507293701171875" lon="103.33295448683202266693115234375">
        <ele>2508.39990234375</ele>
        <time>2025-07-06T08:57:08.000Z</time>
        <extensions>
          <ns3:TrackPointExtension>
            <ns3:hr>121</ns3:hr>
            <ns3:cad>64</ns3:cad>
          </ns3:TrackPointExtension>
        </extensions>
      </trkpt>
      <trkpt lat="29.53507944010198116302490234375" lon="103.33296471275389194488525390625">
        <ele>2508</ele>
        <time>2025-07-06T08:57:09.000Z</time>
        <extensions>
          <ns3:TrackPointExtension>
            <ns3:hr>121</ns3:hr>
            <ns3:cad>64</ns3:cad>
          </ns3:TrackPointExtension>
        </extensions>
      </trkpt>
      <trkpt lat="29.53508446924388408660888671875" lon="103.3329741843044757843017578125">
        <ele>2507.60009765625</ele>
        <time>2025-07-06T08:57:10.000Z</time>
        <extensions>
          <ns3:TrackPointExtension>
            <ns3:hr>121</ns3:hr>
            <ns3:cad>64</ns3:cad>
          </ns3:TrackPointExtension>
        </extensions>
      </trkpt>
      <trkpt lat="29.53508815728127956390380859375" lon="103.3329780399799346923828125">
        <ele>2507.39990234375</ele>
        <time>2025-07-06T08:57:11.000Z</time>
        <extensions>
          <ns3:TrackPointExtension>
            <ns3:hr>121</ns3:hr>
            <ns3:cad>66</ns3:cad>
          </ns3:TrackPointExtension>
        </extensions>
      </trkpt>
      <trkpt lat="29.53509184531867504119873046875" lon="103.3329842425882816314697265625">
        <ele>2507.39990234375</ele>
        <time>2025-07-06T08:57:12.000Z</time>
        <extensions>
          <ns3:TrackPointExtension>
            <ns3:hr>120</ns3:hr>
            <ns3:cad>66</ns3:cad>
          </ns3:TrackPointExtension>
        </extensions>
      </trkpt>
      <trkpt lat="29.53509167768061161041259765625" lon="103.33298918791115283966064453125">
        <ele>2507.39990234375</ele>
        <time>2025-07-06T08:57:13.000Z</time>
        <extensions>
          <ns3:TrackPointExtension>
            <ns3:hr>120</ns3:hr>
            <ns3:cad>66</ns3:cad>
          </ns3:TrackPointExtension>
        </extensions>
      </trkpt>
      <trkpt lat="29.5350977964699268341064453125" lon="103.33299689926207065582275390625">
        <ele>2507.199951171875</ele>
        <time>2025-07-06T08:57:14.000Z</time>
        <extensions>
          <ns3:TrackPointExtension>
            <ns3:hr>120</ns3:hr>
            <ns3:cad>70</ns3:cad>
          </ns3:TrackPointExtension>
        </extensions>
      </trkpt>
      <trkpt lat="29.53510525636374950408935546875" lon="103.3330023474991321563720703125">
        <ele>2507</ele>
        <time>2025-07-06T08:57:15.000Z</time>
        <extensions>
          <ns3:TrackPointExtension>
            <ns3:hr>120</ns3:hr>
            <ns3:cad>70</ns3:cad>
          </ns3:TrackPointExtension>
        </extensions>
      </trkpt>
      <trkpt lat="29.53510911203920841217041015625" lon="103.3330103941261768341064453125">
        <ele>2506.800048828125</ele>
        <time>2025-07-06T08:57:16.000Z</time>
        <extensions>
          <ns3:TrackPointExtension>
            <ns3:hr>120</ns3:hr>
            <ns3:cad>70</ns3:cad>
          </ns3:TrackPointExtension>
        </extensions>
      </trkpt>
      <trkpt lat="29.53511933796107769012451171875" lon="103.333027996122837066650390625">
        <ele>2506.39990234375</ele>
        <time>2025-07-06T08:57:17.000Z</time>
        <extensions>
          <ns3:TrackPointExtension>
            <ns3:hr>119</ns3:hr>
            <ns3:cad>70</ns3:cad>
          </ns3:TrackPointExtension>
        </extensions>
      </trkpt>
      <trkpt lat="29.53512109816074371337890625" lon="103.33304333500564098358154296875">
        <ele>2506</ele>
        <time>2025-07-06T08:57:18.000Z</time>
        <extensions>
          <ns3:TrackPointExtension>
            <ns3:hr>119</ns3:hr>
            <ns3:cad>61</ns3:cad>
          </ns3:TrackPointExtension>
        </extensions>
      </trkpt>
      <trkpt lat="29.53512570820748805999755859375" lon="103.333052136003971099853515625">
        <ele>2505.800048828125</ele>
        <time>2025-07-06T08:57:19.000Z</time>
        <extensions>
          <ns3:TrackPointExtension>
            <ns3:hr>119</ns3:hr>
            <ns3:cad>61</ns3:cad>
          </ns3:TrackPointExtension>
        </extensions>
      </trkpt>
      <trkpt lat="29.53513325192034244537353515625" lon="103.33306127227842807769775390625">
        <ele>2505.60009765625</ele>
        <time>2025-07-06T08:57:20.000Z</time>
        <extensions>
          <ns3:TrackPointExtension>
            <ns3:hr>119</ns3:hr>
            <ns3:cad>0</ns3:cad>
          </ns3:TrackPointExtension>
        </extensions>
      </trkpt>
      <trkpt lat="29.5351376943290233612060546875" lon="103.3330690674483776092529296875">
        <ele>2505.39990234375</ele>
        <time>2025-07-06T08:57:21.000Z</time>
        <extensions>
          <ns3:TrackPointExtension>
            <ns3:hr>119</ns3:hr>
            <ns3:cad>0</ns3:cad>
          </ns3:TrackPointExtension>
        </extensions>
      </trkpt>
      <trkpt lat="29.53514263965189456939697265625" lon="103.3330801315605640411376953125">
        <ele>2505</ele>
        <time>2025-07-06T08:57:22.000Z</time>
        <extensions>
          <ns3:TrackPointExtension>
            <ns3:hr>119</ns3:hr>
            <ns3:cad>0</ns3:cad>
          </ns3:TrackPointExtension>
        </extensions>
      </trkpt>
      <trkpt lat="29.53514716587960720062255859375" lon="103.33309379406273365020751953125">
        <ele>2504.800048828125</ele>
        <time>2025-07-06T08:57:23.000Z</time>
        <extensions>
          <ns3:TrackPointExtension>
            <ns3:hr>119</ns3:hr>
            <ns3:cad>0</ns3:cad>
          </ns3:TrackPointExtension>
        </extensions>
      </trkpt>
      <trkpt lat="29.5351539552211761474609375" lon="103.3331069536507129669189453125">
        <ele>2504.199951171875</ele>
        <time>2025-07-06T08:57:24.000Z</time>
        <extensions>
          <ns3:TrackPointExtension>
            <ns3:hr>119</ns3:hr>
            <ns3:cad>0</ns3:cad>
          </ns3:TrackPointExtension>
        </extensions>
      </trkpt>
      <trkpt lat="29.5351591520011425018310546875" lon="103.33311877213418483734130859375">
        <ele>2503.60009765625</ele>
        <time>2025-07-06T08:57:25.000Z</time>
        <extensions>
          <ns3:TrackPointExtension>
            <ns3:hr>119</ns3:hr>
            <ns3:cad>0</ns3:cad>
          </ns3:TrackPointExtension>
        </extensions>
      </trkpt>
      <trkpt lat="29.53516342677175998687744140625" lon="103.3331320993602275848388671875">
        <ele>2503.199951171875</ele>
        <time>2025-07-06T08:57:26.000Z</time>
        <extensions>
          <ns3:TrackPointExtension>
            <ns3:hr>119</ns3:hr>
            <ns3:cad>0</ns3:cad>
          </ns3:TrackPointExtension>
        </extensions>
      </trkpt>
      <trkpt lat="29.53516946174204349517822265625" lon="103.3331445045769214630126953125">
        <ele>2502.60009765625</ele>
        <time>2025-07-06T08:57:27.000Z</time>
        <extensions>
          <ns3:TrackPointExtension>
            <ns3:hr>119</ns3:hr>
            <ns3:cad>0</ns3:cad>
          </ns3:TrackPointExtension>
        </extensions>
      </trkpt>
      <trkpt lat="29.5351708866655826568603515625" lon="103.33315908908843994140625">
        <ele>2502.199951171875</ele>
        <time>2025-07-06T08:57:28.000Z</time>
        <extensions>
          <ns3:TrackPointExtension>
            <ns3:hr>120</ns3:hr>
            <ns3:cad>0</ns3:cad>
          </ns3:TrackPointExtension>
        </extensions>
      </trkpt>
      <trkpt lat="29.53517164103686809539794921875" lon="103.333172164857387542724609375">
        <ele>2501.800048828125</ele>
        <time>2025-07-06T08:57:29.000Z</time>
        <extensions>
          <ns3:TrackPointExtension>
            <ns3:hr>121</ns3:hr>
            <ns3:cad>0</ns3:cad>
          </ns3:TrackPointExtension>
        </extensions>
      </trkpt>
      <trkpt lat="29.53517214395105838775634765625" lon="103.33319035358726978302001953125">
        <ele>2501.199951171875</ele>
        <time>2025-07-06T08:57:30.000Z</time>
        <extensions>
          <ns3:TrackPointExtension>
            <ns3:hr>122</ns3:hr>
            <ns3:cad>0</ns3:cad>
          </ns3:TrackPointExtension>
        </extensions>
      </trkpt>
      <trkpt lat="29.535177759826183319091796875" lon="103.33320912905037403106689453125">
        <ele>2500.800048828125</ele>
        <time>2025-07-06T08:57:31.000Z</time>
        <extensions>
          <ns3:TrackPointExtension>
            <ns3:hr>123</ns3:hr>
            <ns3:cad>0</ns3:cad>
          </ns3:TrackPointExtension>
        </extensions>
      </trkpt>
      <trkpt lat="29.535181783139705657958984375" lon="103.333221785724163055419921875">
        <ele>2500.39990234375</ele>
        <time>2025-07-06T08:57:32.000Z</time>
        <extensions>
          <ns3:TrackPointExtension>
            <ns3:hr>127</ns3:hr>
            <ns3:cad>113</ns3:cad>
          </ns3:TrackPointExtension>
        </extensions>
      </trkpt>
      <trkpt lat="29.53518454916775226593017578125" lon="103.33323343656957149505615234375">
        <ele>2499.800048828125</ele>
        <time>2025-07-06T08:57:33.000Z</time>
        <extensions>
          <ns3:TrackPointExtension>
            <ns3:hr>129</ns3:hr>
            <ns3:cad>113</ns3:cad>
          </ns3:TrackPointExtension>
        </extensions>
      </trkpt>
      <trkpt lat="29.535187147557735443115234375" lon="103.3332413993775844573974609375">
        <ele>2499.39990234375</ele>
        <time>2025-07-06T08:57:34.000Z</time>
        <extensions>
          <ns3:TrackPointExtension>
            <ns3:hr>130</ns3:hr>
            <ns3:cad>113</ns3:cad>
          </ns3:TrackPointExtension>
        </extensions>
      </trkpt>
      <trkpt lat="29.535190165042877197265625" lon="103.33324030973017215728759765625">
        <ele>2499</ele>
        <time>2025-07-06T08:57:35.000Z</time>
        <extensions>
          <ns3:TrackPointExtension>
            <ns3:hr>130</ns3:hr>
            <ns3:cad>109</ns3:cad>
          </ns3:TrackPointExtension>
        </extensions>
      </trkpt>
      <trkpt lat="29.5351977087557315826416015625" lon="103.33325338549911975860595703125">
        <ele>2498.60009765625</ele>
        <time>2025-07-06T08:57:36.000Z</time>
        <extensions>
          <ns3:TrackPointExtension>
            <ns3:hr>131</ns3:hr>
            <ns3:cad>109</ns3:cad>
          </ns3:TrackPointExtension>
        </extensions>
      </trkpt>
      <trkpt lat="29.53520164825022220611572265625" lon="103.33325975574553012847900390625">
        <ele>2498</ele>
        <time>2025-07-06T08:57:37.000Z</time>
        <extensions>
          <ns3:TrackPointExtension>
            <ns3:hr>131</ns3:hr>
            <ns3:cad>109</ns3:cad>
          </ns3:TrackPointExtension>
        </extensions>
      </trkpt>
      <trkpt lat="29.5352121256291866302490234375" lon="103.3332722447812557220458984375">
        <ele>2497.800048828125</ele>
        <time>2025-07-06T08:57:38.000Z</time>
        <extensions>
          <ns3:TrackPointExtension>
            <ns3:hr>131</ns3:hr>
            <ns3:cad>109</ns3:cad>
          </ns3:TrackPointExtension>
        </extensions>
      </trkpt>
      <trkpt lat="29.535217322409152984619140625" lon="103.33328104577958583831787109375">
        <ele>2497.39990234375</ele>
        <time>2025-07-06T08:57:39.000Z</time>
        <extensions>
          <ns3:TrackPointExtension>
            <ns3:hr>131</ns3:hr>
            <ns3:cad>109</ns3:cad>
          </ns3:TrackPointExtension>
        </extensions>
      </trkpt>
      <trkpt lat="29.5352248661220073699951171875" lon="103.33328892476856708526611328125">
        <ele>2497</ele>
        <time>2025-07-06T08:57:40.000Z</time>
        <extensions>
          <ns3:TrackPointExtension>
            <ns3:hr>132</ns3:hr>
            <ns3:cad>109</ns3:cad>
          </ns3:TrackPointExtension>
        </extensions>
      </trkpt>
      <trkpt lat="29.535233415663242340087890625" lon="103.33329630084335803985595703125">
        <ele>2496.60009765625</ele>
        <time>2025-07-06T08:57:41.000Z</time>
        <extensions>
          <ns3:TrackPointExtension>
            <ns3:hr>131</ns3:hr>
            <ns3:cad>109</ns3:cad>
          </ns3:TrackPointExtension>
        </extensions>
      </trkpt>
      <trkpt lat="29.53523836098611354827880859375" lon="103.3333052694797515869140625">
        <ele>2496.199951171875</ele>
        <time>2025-07-06T08:57:42.000Z</time>
        <extensions>
          <ns3:TrackPointExtension>
            <ns3:hr>131</ns3:hr>
            <ns3:cad>109</ns3:cad>
          </ns3:TrackPointExtension>
        </extensions>
      </trkpt>
      <trkpt lat="29.535241462290287017822265625" lon="103.33330971188843250274658203125">
        <ele>2496</ele>
        <time>2025-07-06T08:57:43.000Z</time>
        <extensions>
          <ns3:TrackPointExtension>
            <ns3:hr>131</ns3:hr>
            <ns3:cad>109</ns3:cad>
          </ns3:TrackPointExtension>
        </extensions>
      </trkpt>
      <trkpt lat="29.53524674288928508758544921875" lon="103.3333240449428558349609375">
        <ele>2495.60009765625</ele>
        <time>2025-07-06T08:57:44.000Z</time>
        <extensions>
          <ns3:TrackPointExtension>
            <ns3:hr>132</ns3:hr>
            <ns3:cad>109</ns3:cad>
          </ns3:TrackPointExtension>
        </extensions>
      </trkpt>
      <trkpt lat="29.5352503471076488494873046875" lon="103.3333342708647251129150390625">
        <ele>2495.199951171875</ele>
        <time>2025-07-06T08:57:45.000Z</time>
        <extensions>
          <ns3:TrackPointExtension>
            <ns3:hr>131</ns3:hr>
            <ns3:cad>109</ns3:cad>
          </ns3:TrackPointExtension>
        </extensions>
      </trkpt>
      <trkpt lat="29.53525294549763202667236328125" lon="103.333349861204624176025390625">
        <ele>2494.800048828125</ele>
        <time>2025-07-06T08:57:46.000Z</time>
        <extensions>
          <ns3:TrackPointExtension>
            <ns3:hr>131</ns3:hr>
            <ns3:cad>109</ns3:cad>
          </ns3:TrackPointExtension>
        </extensions>
      </trkpt>
      <trkpt lat="29.535254202783107757568359375" lon="103.33336100913584232330322265625">
        <ele>2494.39990234375</ele>
        <time>2025-07-06T08:57:47.000Z</time>
        <extensions>
          <ns3:TrackPointExtension>
            <ns3:hr>131</ns3:hr>
            <ns3:cad>109</ns3:cad>
          </ns3:TrackPointExtension>
        </extensions>
      </trkpt>
      <trkpt lat="29.53525763936340808868408203125" lon="103.33337299525737762451171875">
        <ele>2494</ele>
        <time>2025-07-06T08:57:48.000Z</time>
        <extensions>
          <ns3:TrackPointExtension>
            <ns3:hr>132</ns3:hr>
            <ns3:cad>109</ns3:cad>
          </ns3:TrackPointExtension>
        </extensions>
      </trkpt>
      <trkpt lat="29.535259902477264404296875" lon="103.33338347263634204864501953125">
        <ele>2493.60009765625</ele>
        <time>2025-07-06T08:57:49.000Z</time>
        <extensions>
          <ns3:TrackPointExtension>
            <ns3:hr>131</ns3:hr>
            <ns3:cad>109</ns3:cad>
          </ns3:TrackPointExtension>
        </extensions>
      </trkpt>
      <trkpt lat="29.5352647639811038970947265625" lon="103.3334063552320003509521484375">
        <ele>2493.39990234375</ele>
        <time>2025-07-06T08:57:50.000Z</time>
        <extensions>
          <ns3:TrackPointExtension>
            <ns3:hr>131</ns3:hr>
            <ns3:cad>0</ns3:cad>
          </ns3:TrackPointExtension>
        </extensions>
      </trkpt>
      <trkpt lat="29.53527155332267284393310546875" lon="103.33343024365603923797607421875">
        <ele>2492.800048828125</ele>
        <time>2025-07-06T08:57:51.000Z</time>
        <extensions>
          <ns3:TrackPointExtension>
            <ns3:hr>131</ns3:hr>
            <ns3:cad>0</ns3:cad>
          </ns3:TrackPointExtension>
        </extensions>
      </trkpt>
      <trkpt lat="29.5352733135223388671875" lon="103.33344801329076290130615234375">
        <ele>2492.60009765625</ele>
        <time>2025-07-06T08:57:52.000Z</time>
        <extensions>
          <ns3:TrackPointExtension>
            <ns3:hr>131</ns3:hr>
            <ns3:cad>0</ns3:cad>
          </ns3:TrackPointExtension>
        </extensions>
      </trkpt>
      <trkpt lat="29.53528043814003467559814453125" lon="103.33345689810812473297119140625">
        <ele>2492.199951171875</ele>
        <time>2025-07-06T08:57:53.000Z</time>
        <extensions>
          <ns3:TrackPointExtension>
            <ns3:hr>131</ns3:hr>
            <ns3:cad>0</ns3:cad>
          </ns3:TrackPointExtension>
        </extensions>
      </trkpt>
      <trkpt lat="29.53528278507292270660400390625" lon="103.33346821367740631103515625">
        <ele>2492</ele>
        <time>2025-07-06T08:57:54.000Z</time>
        <extensions>
          <ns3:TrackPointExtension>
            <ns3:hr>131</ns3:hr>
            <ns3:cad>65</ns3:cad>
          </ns3:TrackPointExtension>
        </extensions>
      </trkpt>
      <trkpt lat="29.5352848805487155914306640625" lon="103.33347751758992671966552734375">
        <ele>2491.800048828125</ele>
        <time>2025-07-06T08:57:55.000Z</time>
        <extensions>
          <ns3:TrackPointExtension>
            <ns3:hr>130</ns3:hr>
            <ns3:cad>65</ns3:cad>
          </ns3:TrackPointExtension>
        </extensions>
      </trkpt>
      <trkpt lat="29.53529183752834796905517578125" lon="103.33348640240728855133056640625">
        <ele>2491.60009765625</ele>
        <time>2025-07-06T08:57:56.000Z</time>
        <extensions>
          <ns3:TrackPointExtension>
            <ns3:hr>130</ns3:hr>
            <ns3:cad>0</ns3:cad>
          </ns3:TrackPointExtension>
        </extensions>
      </trkpt>
      <trkpt lat="29.53529703430831432342529296875" lon="103.3334918506443500518798828125">
        <ele>2491.199951171875</ele>
        <time>2025-07-06T08:57:57.000Z</time>
        <extensions>
          <ns3:TrackPointExtension>
            <ns3:hr>130</ns3:hr>
            <ns3:cad>0</ns3:cad>
          </ns3:TrackPointExtension>
        </extensions>
      </trkpt>
      <trkpt lat="29.535299129784107208251953125" lon="103.33349612541496753692626953125">
        <ele>2490.800048828125</ele>
        <time>2025-07-06T08:57:58.000Z</time>
        <extensions>
          <ns3:TrackPointExtension>
            <ns3:hr>130</ns3:hr>
            <ns3:cad>0</ns3:cad>
          </ns3:TrackPointExtension>
        </extensions>
      </trkpt>
      <trkpt lat="29.53530885279178619384765625" lon="103.33350534550845623016357421875">
        <ele>2490.39990234375</ele>
        <time>2025-07-06T08:57:59.000Z</time>
        <extensions>
          <ns3:TrackPointExtension>
            <ns3:hr>130</ns3:hr>
            <ns3:cad>0</ns3:cad>
          </ns3:TrackPointExtension>
        </extensions>
      </trkpt>
      <trkpt lat="29.53532335348427295684814453125" lon="103.33351649343967437744140625">
        <ele>2490</ele>
        <time>2025-07-06T08:58:00.000Z</time>
        <extensions>
          <ns3:TrackPointExtension>
            <ns3:hr>130</ns3:hr>
            <ns3:cad>68</ns3:cad>
          </ns3:TrackPointExtension>
        </extensions>
      </trkpt>
      <trkpt lat="29.53533039428293704986572265625" lon="103.333516828715801239013671875">
        <ele>2489.60009765625</ele>
        <time>2025-07-06T08:58:01.000Z</time>
        <extensions>
          <ns3:TrackPointExtension>
            <ns3:hr>129</ns3:hr>
            <ns3:cad>68</ns3:cad>
          </ns3:TrackPointExtension>
        </extensions>
      </trkpt>
      <trkpt lat="29.53533743508160114288330078125" lon="103.33352177403867244720458984375">
        <ele>2489.39990234375</ele>
        <time>2025-07-06T08:58:02.000Z</time>
        <extensions>
          <ns3:TrackPointExtension>
            <ns3:hr>129</ns3:hr>
            <ns3:cad>68</ns3:cad>
          </ns3:TrackPointExtension>
        </extensions>
      </trkpt>
      <trkpt lat="29.53534631989896297454833984375" lon="103.33353283815085887908935546875">
        <ele>2489.199951171875</ele>
        <time>2025-07-06T08:58:03.000Z</time>
        <extensions>
          <ns3:TrackPointExtension>
            <ns3:hr>129</ns3:hr>
            <ns3:cad>0</ns3:cad>
          </ns3:TrackPointExtension>
        </extensions>
      </trkpt>
      <trkpt lat="29.53535034321248531341552734375" lon="103.33355404436588287353515625">
        <ele>2489</ele>
        <time>2025-07-06T08:58:04.000Z</time>
        <extensions>
          <ns3:TrackPointExtension>
            <ns3:hr>129</ns3:hr>
            <ns3:cad>0</ns3:cad>
          </ns3:TrackPointExtension>
        </extensions>
      </trkpt>
      <trkpt lat="29.53535704873502254486083984375" lon="103.3335729874670505523681640625">
        <ele>2488.800048828125</ele>
        <time>2025-07-06T08:58:05.000Z</time>
        <extensions>
          <ns3:TrackPointExtension>
            <ns3:hr>129</ns3:hr>
            <ns3:cad>0</ns3:cad>
          </ns3:TrackPointExtension>
        </extensions>
      </trkpt>
      <trkpt lat="29.53536291606724262237548828125" lon="103.3335924334824085235595703125">
        <ele>2488.60009765625</ele>
        <time>2025-07-06T08:58:06.000Z</time>
        <extensions>
          <ns3:TrackPointExtension>
            <ns3:hr>128</ns3:hr>
            <ns3:cad>0</ns3:cad>
          </ns3:TrackPointExtension>
        </extensions>
      </trkpt>
      <trkpt lat="29.53537012450397014617919921875" lon="103.33360576070845127105712890625">
        <ele>2488.60009765625</ele>
        <time>2025-07-06T08:58:07.000Z</time>
        <extensions>
          <ns3:TrackPointExtension>
            <ns3:hr>129</ns3:hr>
            <ns3:cad>0</ns3:cad>
          </ns3:TrackPointExtension>
        </extensions>
      </trkpt>
      <trkpt lat="29.535378254950046539306640625" lon="103.33361439406871795654296875">
        <ele>2488.60009765625</ele>
        <time>2025-07-06T08:58:08.000Z</time>
        <extensions>
          <ns3:TrackPointExtension>
            <ns3:hr>129</ns3:hr>
            <ns3:cad>0</ns3:cad>
          </ns3:TrackPointExtension>
        </extensions>
      </trkpt>
      <trkpt lat="29.5353868044912815093994140625" lon="103.3336162380874156951904296875">
        <ele>2488.60009765625</ele>
        <time>2025-07-06T08:58:09.000Z</time>
        <extensions>
          <ns3:TrackPointExtension>
            <ns3:hr>129</ns3:hr>
            <ns3:cad>0</ns3:cad>
          </ns3:TrackPointExtension>
        </extensions>
      </trkpt>
      <trkpt lat="29.53539174981415271759033203125" lon="103.33361883647739887237548828125">
        <ele>2488.60009765625</ele>
        <time>2025-07-06T08:58:10.000Z</time>
        <extensions>
          <ns3:TrackPointExtension>
            <ns3:hr>129</ns3:hr>
            <ns3:cad>0</ns3:cad>
          </ns3:TrackPointExtension>
        </extensions>
      </trkpt>
      <trkpt lat="29.53539979644119739532470703125" lon="103.33362570963799953460693359375">
        <ele>2488.60009765625</ele>
        <time>2025-07-06T08:58:11.000Z</time>
        <extensions>
          <ns3:TrackPointExtension>
            <ns3:hr>130</ns3:hr>
            <ns3:cad>0</ns3:cad>
          </ns3:TrackPointExtension>
        </extensions>
      </trkpt>
      <trkpt lat="29.53540868125855922698974609375" lon="103.33363392390310764312744140625">
        <ele>2488.60009765625</ele>
        <time>2025-07-06T08:58:12.000Z</time>
        <extensions>
          <ns3:TrackPointExtension>
            <ns3:hr>130</ns3:hr>
            <ns3:cad>0</ns3:cad>
          </ns3:TrackPointExtension>
        </extensions>
      </trkpt>
      <trkpt lat="29.535419158637523651123046875" lon="103.33364582620561122894287109375">
        <ele>2488.39990234375</ele>
        <time>2025-07-06T08:58:13.000Z</time>
        <extensions>
          <ns3:TrackPointExtension>
            <ns3:hr>130</ns3:hr>
            <ns3:cad>0</ns3:cad>
          </ns3:TrackPointExtension>
        </extensions>
      </trkpt>
      <trkpt lat="29.53543080948293209075927734375" lon="103.3336611650884151458740234375">
        <ele>2488.39990234375</ele>
        <time>2025-07-06T08:58:14.000Z</time>
        <extensions>
          <ns3:TrackPointExtension>
            <ns3:hr>130</ns3:hr>
            <ns3:cad>0</ns3:cad>
          </ns3:TrackPointExtension>
        </extensions>
      </trkpt>
      <trkpt lat="29.5354414544999599456787109375" lon="103.33367952145636081695556640625">
        <ele>2488.199951171875</ele>
        <time>2025-07-06T08:58:15.000Z</time>
        <extensions>
          <ns3:TrackPointExtension>
            <ns3:hr>130</ns3:hr>
            <ns3:cad>69</ns3:cad>
          </ns3:TrackPointExtension>
        </extensions>
      </trkpt>
      <trkpt lat="29.5354562066495418548583984375" lon="103.3337050862610340118408203125">
        <ele>2488</ele>
        <time>2025-07-06T08:58:16.000Z</time>
        <extensions>
          <ns3:TrackPointExtension>
            <ns3:hr>130</ns3:hr>
            <ns3:cad>69</ns3:cad>
          </ns3:TrackPointExtension>
        </extensions>
      </trkpt>
      <trkpt lat="29.5354702882468700408935546875" lon="103.3337208442389965057373046875">
        <ele>2488</ele>
        <time>2025-07-06T08:58:17.000Z</time>
        <extensions>
          <ns3:TrackPointExtension>
            <ns3:hr>130</ns3:hr>
            <ns3:cad>64</ns3:cad>
          </ns3:TrackPointExtension>
        </extensions>
      </trkpt>
      <trkpt lat="29.5354806818068027496337890625" lon="103.3337317407131195068359375">
        <ele>2488</ele>
        <time>2025-07-06T08:58:18.000Z</time>
        <extensions>
          <ns3:TrackPointExtension>
            <ns3:hr>130</ns3:hr>
            <ns3:cad>64</ns3:cad>
          </ns3:TrackPointExtension>
        </extensions>
      </trkpt>
      <trkpt lat="29.53548881225287914276123046875" lon="103.3337315730750560760498046875">
        <ele>2487.800048828125</ele>
        <time>2025-07-06T08:58:19.000Z</time>
        <extensions>
          <ns3:TrackPointExtension>
            <ns3:hr>130</ns3:hr>
            <ns3:cad>64</ns3:cad>
          </ns3:TrackPointExtension>
        </extensions>
      </trkpt>
      <trkpt lat="29.53549417667090892791748046875" lon="103.3337339200079441070556640625">
        <ele>2487.800048828125</ele>
        <time>2025-07-06T08:58:20.000Z</time>
        <extensions>
          <ns3:TrackPointExtension>
            <ns3:hr>130</ns3:hr>
            <ns3:cad>65</ns3:cad>
          </ns3:TrackPointExtension>
        </extensions>
      </trkpt>
      <trkpt lat="29.53550507314503192901611328125" lon="103.33374439738690853118896484375">
        <ele>2487.800048828125</ele>
        <time>2025-07-06T08:58:21.000Z</time>
        <extensions>
          <ns3:TrackPointExtension>
            <ns3:hr>129</ns3:hr>
            <ns3:cad>65</ns3:cad>
          </ns3:TrackPointExtension>
        </extensions>
      </trkpt>
      <trkpt lat="29.5355105213820934295654296875" lon="103.3337604068219661712646484375">
        <ele>2487.800048828125</ele>
        <time>2025-07-06T08:58:22.000Z</time>
        <extensions>
          <ns3:TrackPointExtension>
            <ns3:hr>129</ns3:hr>
            <ns3:cad>65</ns3:cad>
          </ns3:TrackPointExtension>
        </extensions>
      </trkpt>
      <trkpt lat="29.5355222560465335845947265625" lon="103.33378010429441928863525390625">
        <ele>2488</ele>
        <time>2025-07-06T08:58:23.000Z</time>
        <extensions>
          <ns3:TrackPointExtension>
            <ns3:hr>129</ns3:hr>
            <ns3:cad>65</ns3:cad>
          </ns3:TrackPointExtension>
        </extensions>
      </trkpt>
      <trkpt lat="29.535530470311641693115234375" lon="103.33379276096820831298828125">
        <ele>2488</ele>
        <time>2025-07-06T08:58:24.000Z</time>
        <extensions>
          <ns3:TrackPointExtension>
            <ns3:hr>129</ns3:hr>
            <ns3:cad>57</ns3:cad>
          </ns3:TrackPointExtension>
        </extensions>
      </trkpt>
      <trkpt lat="29.53553709201514720916748046875" lon="103.33379988558590412139892578125">
        <ele>2488</ele>
        <time>2025-07-06T08:58:25.000Z</time>
        <extensions>
          <ns3:TrackPointExtension>
            <ns3:hr>129</ns3:hr>
            <ns3:cad>0</ns3:cad>
          </ns3:TrackPointExtension>
        </extensions>
      </trkpt>
      <trkpt lat="29.53554086387157440185546875" lon="103.3338095247745513916015625">
        <ele>2487.800048828125</ele>
        <time>2025-07-06T08:58:26.000Z</time>
        <extensions>
          <ns3:TrackPointExtension>
            <ns3:hr>129</ns3:hr>
            <ns3:cad>0</ns3:cad>
          </ns3:TrackPointExtension>
        </extensions>
      </trkpt>
      <trkpt lat="29.53555150888860225677490234375" lon="103.3338150568306446075439453125">
        <ele>2487.60009765625</ele>
        <time>2025-07-06T08:58:27.000Z</time>
        <extensions>
          <ns3:TrackPointExtension>
            <ns3:hr>128</ns3:hr>
            <ns3:cad>0</ns3:cad>
          </ns3:TrackPointExtension>
        </extensions>
      </trkpt>
      <trkpt lat="29.535557292401790618896484375" lon="103.3338220976293087005615234375">
        <ele>2487.199951171875</ele>
        <time>2025-07-06T08:58:28.000Z</time>
        <extensions>
          <ns3:TrackPointExtension>
            <ns3:hr>128</ns3:hr>
            <ns3:cad>0</ns3:cad>
          </ns3:TrackPointExtension>
        </extensions>
      </trkpt>
      <trkpt lat="29.535565339028835296630859375" lon="103.3338331617414951324462890625">
        <ele>2486.800048828125</ele>
        <time>2025-07-06T08:58:29.000Z</time>
        <extensions>
          <ns3:TrackPointExtension>
            <ns3:hr>128</ns3:hr>
            <ns3:cad>0</ns3:cad>
          </ns3:TrackPointExtension>
        </extensions>
      </trkpt>
      <trkpt lat="29.535571038722991943359375" lon="103.33384330384433269500732421875">
        <ele>2486.39990234375</ele>
        <time>2025-07-06T08:58:30.000Z</time>
        <extensions>
          <ns3:TrackPointExtension>
            <ns3:hr>128</ns3:hr>
            <ns3:cad>0</ns3:cad>
          </ns3:TrackPointExtension>
        </extensions>
      </trkpt>
      <trkpt lat="29.53557531349360942840576171875" lon="103.33385554142296314239501953125">
        <ele>2485.800048828125</ele>
        <time>2025-07-06T08:58:31.000Z</time>
        <extensions>
          <ns3:TrackPointExtension>
            <ns3:hr>128</ns3:hr>
            <ns3:cad>0</ns3:cad>
          </ns3:TrackPointExtension>
        </extensions>
      </trkpt>
      <trkpt lat="29.53558118082582950592041015625" lon="103.33386945538222789764404296875">
        <ele>2485.39990234375</ele>
        <time>2025-07-06T08:58:32.000Z</time>
        <extensions>
          <ns3:TrackPointExtension>
            <ns3:hr>129</ns3:hr>
            <ns3:cad>0</ns3:cad>
          </ns3:TrackPointExtension>
        </extensions>
      </trkpt>
      <trkpt lat="29.5355869643390178680419921875" lon="103.33388068713247776031494140625">
        <ele>2485</ele>
        <time>2025-07-06T08:58:33.000Z</time>
        <extensions>
          <ns3:TrackPointExtension>
            <ns3:hr>128</ns3:hr>
            <ns3:cad>0</ns3:cad>
          </ns3:TrackPointExtension>
        </extensions>
      </trkpt>
      <trkpt lat="29.53559073619544506072998046875" lon="103.33389309234917163848876953125">
        <ele>2484.39990234375</ele>
        <time>2025-07-06T08:58:34.000Z</time>
        <extensions>
          <ns3:TrackPointExtension>
            <ns3:hr>128</ns3:hr>
            <ns3:cad>0</ns3:cad>
          </ns3:TrackPointExtension>
        </extensions>
      </trkpt>
      <trkpt lat="29.53559475950896739959716796875" lon="103.33390767686069011688232421875">
        <ele>2483.800048828125</ele>
        <time>2025-07-06T08:58:35.000Z</time>
        <extensions>
          <ns3:TrackPointExtension>
            <ns3:hr>127</ns3:hr>
            <ns3:cad>0</ns3:cad>
          </ns3:TrackPointExtension>
        </extensions>
      </trkpt>
      <trkpt lat="29.5356007106602191925048828125" lon="103.33391840569674968719482421875">
        <ele>2483.199951171875</ele>
        <time>2025-07-06T08:58:36.000Z</time>
        <extensions>
          <ns3:TrackPointExtension>
            <ns3:hr>127</ns3:hr>
            <ns3:cad>0</ns3:cad>
          </ns3:TrackPointExtension>
        </extensions>
      </trkpt>
      <trkpt lat="29.5356040634214878082275390625" lon="103.3339280448853969573974609375">
        <ele>2482.800048828125</ele>
        <time>2025-07-06T08:58:37.000Z</time>
        <extensions>
          <ns3:TrackPointExtension>
            <ns3:hr>126</ns3:hr>
            <ns3:cad>0</ns3:cad>
          </ns3:TrackPointExtension>
        </extensions>
      </trkpt>
      <trkpt lat="29.5356045663356781005859375" lon="103.33393852226436138153076171875">
        <ele>2482.199951171875</ele>
        <time>2025-07-06T08:58:38.000Z</time>
        <extensions>
          <ns3:TrackPointExtension>
            <ns3:hr>126</ns3:hr>
            <ns3:cad>0</ns3:cad>
          </ns3:TrackPointExtension>
        </extensions>
      </trkpt>
      <trkpt lat="29.535605907440185546875" lon="103.333947323262691497802734375">
        <ele>2482</ele>
        <time>2025-07-06T08:58:39.000Z</time>
        <extensions>
          <ns3:TrackPointExtension>
            <ns3:hr>126</ns3:hr>
            <ns3:cad>0</ns3:cad>
          </ns3:TrackPointExtension>
        </extensions>
      </trkpt>
      <trkpt lat="29.53560850583016872406005859375" lon="103.3339508436620235443115234375">
        <ele>2481.60009765625</ele>
        <time>2025-07-06T08:58:40.000Z</time>
        <extensions>
          <ns3:TrackPointExtension>
            <ns3:hr>125</ns3:hr>
            <ns3:cad>0</ns3:cad>
          </ns3:TrackPointExtension>
        </extensions>
      </trkpt>
      <trkpt lat="29.53560900874435901641845703125" lon="103.33395511843264102935791015625">
        <ele>2481.39990234375</ele>
        <time>2025-07-06T08:58:41.000Z</time>
        <extensions>
          <ns3:TrackPointExtension>
            <ns3:hr>124</ns3:hr>
            <ns3:cad>0</ns3:cad>
          </ns3:TrackPointExtension>
        </extensions>
      </trkpt>
      <trkpt lat="29.53561303205788135528564453125" lon="103.333961069583892822265625">
        <ele>2481</ele>
        <time>2025-07-06T08:58:42.000Z</time>
        <extensions>
          <ns3:TrackPointExtension>
            <ns3:hr>124</ns3:hr>
            <ns3:cad>0</ns3:cad>
          </ns3:TrackPointExtension>
        </extensions>
      </trkpt>
      <trkpt lat="29.535620994865894317626953125" lon="103.3339691162109375">
        <ele>2480.60009765625</ele>
        <time>2025-07-06T08:58:43.000Z</time>
        <extensions>
          <ns3:TrackPointExtension>
            <ns3:hr>124</ns3:hr>
            <ns3:cad>102</ns3:cad>
          </ns3:TrackPointExtension>
        </extensions>
      </trkpt>
      <trkpt lat="29.53563599847257137298583984375" lon="103.3339783363044261932373046875">
        <ele>2480.199951171875</ele>
        <time>2025-07-06T08:58:44.000Z</time>
        <extensions>
          <ns3:TrackPointExtension>
            <ns3:hr>123</ns3:hr>
            <ns3:cad>102</ns3:cad>
          </ns3:TrackPointExtension>
        </extensions>
      </trkpt>
      <trkpt lat="29.5356528460979461669921875" lon="103.33399535156786441802978515625">
        <ele>2479.800048828125</ele>
        <time>2025-07-06T08:58:45.000Z</time>
        <extensions>
          <ns3:TrackPointExtension>
            <ns3:hr>123</ns3:hr>
            <ns3:cad>102</ns3:cad>
          </ns3:TrackPointExtension>
        </extensions>
      </trkpt>
      <trkpt lat="29.53567388467490673065185546875" lon="103.3340125344693660736083984375">
        <ele>2479.800048828125</ele>
        <time>2025-07-06T08:58:46.000Z</time>
        <extensions>
          <ns3:TrackPointExtension>
            <ns3:hr>123</ns3:hr>
            <ns3:cad>102</ns3:cad>
          </ns3:TrackPointExtension>
        </extensions>
      </trkpt>
      <trkpt lat="29.5356976054608821868896484375" lon="103.33403122611343860626220703125">
        <ele>2479.60009765625</ele>
        <time>2025-07-06T08:58:47.000Z</time>
        <extensions>
          <ns3:TrackPointExtension>
            <ns3:hr>123</ns3:hr>
            <ns3:cad>102</ns3:cad>
          </ns3:TrackPointExtension>
        </extensions>
      </trkpt>
      <trkpt lat="29.5357244275510311126708984375" lon="103.3340544439852237701416015625">
        <ele>2479.60009765625</ele>
        <time>2025-07-06T08:58:48.000Z</time>
        <extensions>
          <ns3:TrackPointExtension>
            <ns3:hr>122</ns3:hr>
            <ns3:cad>102</ns3:cad>
          </ns3:TrackPointExtension>
        </extensions>
      </trkpt>
      <trkpt lat="29.53574831597506999969482421875" lon="103.3340705372393131256103515625">
        <ele>2479.60009765625</ele>
        <time>2025-07-06T08:58:49.000Z</time>
        <extensions>
          <ns3:TrackPointExtension>
            <ns3:hr>122</ns3:hr>
            <ns3:cad>90</ns3:cad>
          </ns3:TrackPointExtension>
        </extensions>
      </trkpt>
      <trkpt lat="29.5357686839997768402099609375" lon="103.33409291692078113555908203125">
        <ele>2479.60009765625</ele>
        <time>2025-07-06T08:58:50.000Z</time>
        <extensions>
          <ns3:TrackPointExtension>
            <ns3:hr>122</ns3:hr>
            <ns3:cad>90</ns3:cad>
          </ns3:TrackPointExtension>
        </extensions>
      </trkpt>
      <trkpt lat="29.53579123131930828094482421875" lon="103.33410766907036304473876953125">
        <ele>2479.39990234375</ele>
        <time>2025-07-06T08:58:51.000Z</time>
        <extensions>
          <ns3:TrackPointExtension>
            <ns3:hr>122</ns3:hr>
            <ns3:cad>93</ns3:cad>
          </ns3:TrackPointExtension>
        </extensions>
      </trkpt>
      <trkpt lat="29.53580782748758792877197265625" lon="103.33411973901093006134033203125">
        <ele>2479.39990234375</ele>
        <time>2025-07-06T08:58:52.000Z</time>
        <extensions>
          <ns3:TrackPointExtension>
            <ns3:hr>122</ns3:hr>
            <ns3:cad>94</ns3:cad>
          </ns3:TrackPointExtension>
        </extensions>
      </trkpt>
      <trkpt lat="29.5358209870755672454833984375" lon="103.33412627689540386199951171875">
        <ele>2479.199951171875</ele>
        <time>2025-07-06T08:58:53.000Z</time>
        <extensions>
          <ns3:TrackPointExtension>
            <ns3:hr>122</ns3:hr>
            <ns3:cad>94</ns3:cad>
          </ns3:TrackPointExtension>
        </extensions>
      </trkpt>
      <trkpt lat="29.53583364374935626983642578125" lon="103.3341282047331333160400390625">
        <ele>2479.199951171875</ele>
        <time>2025-07-06T08:58:54.000Z</time>
        <extensions>
          <ns3:TrackPointExtension>
            <ns3:hr>122</ns3:hr>
            <ns3:cad>93</ns3:cad>
          </ns3:TrackPointExtension>
        </extensions>
      </trkpt>
      <trkpt lat="29.535849653184413909912109375" lon="103.33413449116051197052001953125">
        <ele>2479</ele>
        <time>2025-07-06T08:58:55.000Z</time>
        <extensions>
          <ns3:TrackPointExtension>
            <ns3:hr>122</ns3:hr>
            <ns3:cad>93</ns3:cad>
          </ns3:TrackPointExtension>
        </extensions>
      </trkpt>
      <trkpt lat="29.5358551852405071258544921875" lon="103.33413583226501941680908203125">
        <ele>2478.800048828125</ele>
        <time>2025-07-06T08:58:56.000Z</time>
        <extensions>
          <ns3:TrackPointExtension>
            <ns3:hr>122</ns3:hr>
            <ns3:cad>93</ns3:cad>
          </ns3:TrackPointExtension>
        </extensions>
      </trkpt>
      <trkpt lat="29.53586943447589874267578125" lon="103.3341394364833831787109375">
        <ele>2478.60009765625</ele>
        <time>2025-07-06T08:58:57.000Z</time>
        <extensions>
          <ns3:TrackPointExtension>
            <ns3:hr>122</ns3:hr>
            <ns3:cad>89</ns3:cad>
          </ns3:TrackPointExtension>
        </extensions>
      </trkpt>
      <trkpt lat="29.53588242642581462860107421875" lon="103.33414639346301555633544921875">
        <ele>2478.199951171875</ele>
        <time>2025-07-06T08:58:58.000Z</time>
        <extensions>
          <ns3:TrackPointExtension>
            <ns3:hr>122</ns3:hr>
            <ns3:cad>83</ns3:cad>
          </ns3:TrackPointExtension>
        </extensions>
      </trkpt>
      <trkpt lat="29.535893909633159637451171875" lon="103.33414941094815731048583984375">
        <ele>2478</ele>
        <time>2025-07-06T08:58:59.000Z</time>
        <extensions>
          <ns3:TrackPointExtension>
            <ns3:hr>122</ns3:hr>
            <ns3:cad>83</ns3:cad>
          </ns3:TrackPointExtension>
        </extensions>
      </trkpt>
      <trkpt lat="29.5359049737453460693359375" lon="103.33415343426167964935302734375">
        <ele>2477.60009765625</ele>
        <time>2025-07-06T08:59:00.000Z</time>
        <extensions>
          <ns3:TrackPointExtension>
            <ns3:hr>122</ns3:hr>
            <ns3:cad>83</ns3:cad>
          </ns3:TrackPointExtension>
        </extensions>
      </trkpt>
      <trkpt lat="29.5359115116298198699951171875" lon="103.3341501653194427490234375">
        <ele>2477.39990234375</ele>
        <time>2025-07-06T08:59:01.000Z</time>
        <extensions>
          <ns3:TrackPointExtension>
            <ns3:hr>121</ns3:hr>
            <ns3:cad>83</ns3:cad>
          </ns3:TrackPointExtension>
        </extensions>
      </trkpt>
      <trkpt lat="29.53592433594167232513427734375" lon="103.3341486565768718719482421875">
        <ele>2477.199951171875</ele>
        <time>2025-07-06T08:59:02.000Z</time>
        <extensions>
          <ns3:TrackPointExtension>
            <ns3:hr>121</ns3:hr>
            <ns3:cad>83</ns3:cad>
          </ns3:TrackPointExtension>
        </extensions>
      </trkpt>
      <trkpt lat="29.53593389131128787994384765625" lon="103.33415209315717220306396484375">
        <ele>2477</ele>
        <time>2025-07-06T08:59:03.000Z</time>
        <extensions>
          <ns3:TrackPointExtension>
            <ns3:hr>121</ns3:hr>
            <ns3:cad>83</ns3:cad>
          </ns3:TrackPointExtension>
        </extensions>
      </trkpt>
      <trkpt lat="29.535946883261203765869140625" lon="103.33415628410875797271728515625">
        <ele>2476.60009765625</ele>
        <time>2025-07-06T08:59:04.000Z</time>
        <extensions>
          <ns3:TrackPointExtension>
            <ns3:hr>121</ns3:hr>
            <ns3:cad>83</ns3:cad>
          </ns3:TrackPointExtension>
        </extensions>
      </trkpt>
      <trkpt lat="29.53595660626888275146484375" lon="103.334167934954166412353515625">
        <ele>2476.199951171875</ele>
        <time>2025-07-06T08:59:05.000Z</time>
        <extensions>
          <ns3:TrackPointExtension>
            <ns3:hr>121</ns3:hr>
            <ns3:cad>83</ns3:cad>
          </ns3:TrackPointExtension>
        </extensions>
      </trkpt>
      <trkpt lat="29.53596943058073520660400390625" lon="103.33417321555316448211669921875">
        <ele>2475.800048828125</ele>
        <time>2025-07-06T08:59:06.000Z</time>
        <extensions>
          <ns3:TrackPointExtension>
            <ns3:hr>121</ns3:hr>
            <ns3:cad>83</ns3:cad>
          </ns3:TrackPointExtension>
        </extensions>
      </trkpt>
      <trkpt lat="29.53597948886454105377197265625" lon="103.33417941816151142120361328125">
        <ele>2475.39990234375</ele>
        <time>2025-07-06T08:59:07.000Z</time>
        <extensions>
          <ns3:TrackPointExtension>
            <ns3:hr>121</ns3:hr>
            <ns3:cad>83</ns3:cad>
          </ns3:TrackPointExtension>
        </extensions>
      </trkpt>
      <trkpt lat="29.53598937951028347015380859375" lon="103.334180675446987152099609375">
        <ele>2475</ele>
        <time>2025-07-06T08:59:08.000Z</time>
        <extensions>
          <ns3:TrackPointExtension>
            <ns3:hr>122</ns3:hr>
            <ns3:cad>83</ns3:cad>
          </ns3:TrackPointExtension>
        </extensions>
      </trkpt>
      <trkpt lat="29.53599977307021617889404296875" lon="103.33418293856084346771240234375">
        <ele>2474.60009765625</ele>
        <time>2025-07-06T08:59:09.000Z</time>
        <extensions>
          <ns3:TrackPointExtension>
            <ns3:hr>122</ns3:hr>
            <ns3:cad>83</ns3:cad>
          </ns3:TrackPointExtension>
        </extensions>
      </trkpt>
      <trkpt lat="29.53600849024951457977294921875" lon="103.33418905735015869140625">
        <ele>2474.199951171875</ele>
        <time>2025-07-06T08:59:10.000Z</time>
        <extensions>
          <ns3:TrackPointExtension>
            <ns3:hr>122</ns3:hr>
            <ns3:cad>83</ns3:cad>
          </ns3:TrackPointExtension>
        </extensions>
      </trkpt>
      <trkpt lat="29.53601603396236896514892578125" lon="103.3341945894062519073486328125">
        <ele>2473.800048828125</ele>
        <time>2025-07-06T08:59:11.000Z</time>
        <extensions>
          <ns3:TrackPointExtension>
            <ns3:hr>122</ns3:hr>
            <ns3:cad>83</ns3:cad>
          </ns3:TrackPointExtension>
        </extensions>
      </trkpt>
      <trkpt lat="29.53602793626487255096435546875" lon="103.334206826984882354736328125">
        <ele>2473.39990234375</ele>
        <time>2025-07-06T08:59:12.000Z</time>
        <extensions>
          <ns3:TrackPointExtension>
            <ns3:hr>122</ns3:hr>
            <ns3:cad>83</ns3:cad>
          </ns3:TrackPointExtension>
        </extensions>
      </trkpt>
      <trkpt lat="29.53603916801512241363525390625" lon="103.334220238029956817626953125">
        <ele>2472.800048828125</ele>
        <time>2025-07-06T08:59:13.000Z</time>
        <extensions>
          <ns3:TrackPointExtension>
            <ns3:hr>122</ns3:hr>
            <ns3:cad>83</ns3:cad>
          </ns3:TrackPointExtension>
        </extensions>
      </trkpt>
      <trkpt lat="29.53604646027088165283203125" lon="103.334224261343479156494140625">
        <ele>2472.39990234375</ele>
        <time>2025-07-06T08:59:14.000Z</time>
        <extensions>
          <ns3:TrackPointExtension>
            <ns3:hr>122</ns3:hr>
            <ns3:cad>83</ns3:cad>
          </ns3:TrackPointExtension>
        </extensions>
      </trkpt>
      <trkpt lat="29.536054171621799468994140625" lon="103.3342287875711917877197265625">
        <ele>2472.199951171875</ele>
        <time>2025-07-06T08:59:15.000Z</time>
        <extensions>
          <ns3:TrackPointExtension>
            <ns3:hr>122</ns3:hr>
            <ns3:cad>83</ns3:cad>
          </ns3:TrackPointExtension>
        </extensions>
      </trkpt>
      <trkpt lat="29.5360613800585269927978515625" lon="103.33422937430441379547119140625">
        <ele>2472</ele>
        <time>2025-07-06T08:59:16.000Z</time>
        <extensions>
          <ns3:TrackPointExtension>
            <ns3:hr>122</ns3:hr>
            <ns3:cad>88</ns3:cad>
          </ns3:TrackPointExtension>
        </extensions>
      </trkpt>
      <trkpt lat="29.5360714383423328399658203125" lon="103.33423557691276073455810546875">
        <ele>2471.60009765625</ele>
        <time>2025-07-06T08:59:17.000Z</time>
        <extensions>
          <ns3:TrackPointExtension>
            <ns3:hr>122</ns3:hr>
            <ns3:cad>88</ns3:cad>
          </ns3:TrackPointExtension>
        </extensions>
      </trkpt>
      <trkpt lat="29.53607537783682346343994140625" lon="103.3342371694743633270263671875">
        <ele>2471.39990234375</ele>
        <time>2025-07-06T08:59:18.000Z</time>
        <extensions>
          <ns3:TrackPointExtension>
            <ns3:hr>122</ns3:hr>
            <ns3:cad>88</ns3:cad>
          </ns3:TrackPointExtension>
        </extensions>
      </trkpt>
      <trkpt lat="29.536084346473217010498046875" lon="103.33424211479723453521728515625">
        <ele>2471.199951171875</ele>
        <time>2025-07-06T08:59:19.000Z</time>
        <extensions>
          <ns3:TrackPointExtension>
            <ns3:hr>122</ns3:hr>
            <ns3:cad>88</ns3:cad>
          </ns3:TrackPointExtension>
        </extensions>
      </trkpt>
      <trkpt lat="29.5360952429473400115966796875" lon="103.33424412645399570465087890625">
        <ele>2471</ele>
        <time>2025-07-06T08:59:20.000Z</time>
        <extensions>
          <ns3:TrackPointExtension>
            <ns3:hr>122</ns3:hr>
            <ns3:cad>88</ns3:cad>
          </ns3:TrackPointExtension>
        </extensions>
      </trkpt>
      <trkpt lat="29.53610588796436786651611328125" lon="103.33424739539623260498046875">
        <ele>2470.800048828125</ele>
        <time>2025-07-06T08:59:21.000Z</time>
        <extensions>
          <ns3:TrackPointExtension>
            <ns3:hr>122</ns3:hr>
            <ns3:cad>88</ns3:cad>
          </ns3:TrackPointExtension>
        </extensions>
      </trkpt>
      <trkpt lat="29.5361197181046009063720703125" lon="103.33425502292811870574951171875">
        <ele>2470.39990234375</ele>
        <time>2025-07-06T08:59:22.000Z</time>
        <extensions>
          <ns3:TrackPointExtension>
            <ns3:hr>122</ns3:hr>
            <ns3:cad>88</ns3:cad>
          </ns3:TrackPointExtension>
        </extensions>
      </trkpt>
      <trkpt lat="29.53612717799842357635498046875" lon="103.334258459508419036865234375">
        <ele>2470.199951171875</ele>
        <time>2025-07-06T08:59:23.000Z</time>
        <extensions>
          <ns3:TrackPointExtension>
            <ns3:hr>122</ns3:hr>
            <ns3:cad>88</ns3:cad>
          </ns3:TrackPointExtension>
        </extensions>
      </trkpt>
      <trkpt lat="29.5361344702541828155517578125" lon="103.3342643268406391143798828125">
        <ele>2470</ele>
        <time>2025-07-06T08:59:24.000Z</time>
        <extensions>
          <ns3:TrackPointExtension>
            <ns3:hr>122</ns3:hr>
            <ns3:cad>88</ns3:cad>
          </ns3:TrackPointExtension>
        </extensions>
      </trkpt>
      <trkpt lat="29.536151401698589324951171875" lon="103.334269188344478607177734375">
        <ele>2469.800048828125</ele>
        <time>2025-07-06T08:59:25.000Z</time>
        <extensions>
          <ns3:TrackPointExtension>
            <ns3:hr>122</ns3:hr>
            <ns3:cad>88</ns3:cad>
          </ns3:TrackPointExtension>
        </extensions>
      </trkpt>
      <trkpt lat="29.53616204671561717987060546875" lon="103.334271200001239776611328125">
        <ele>2469.39990234375</ele>
        <time>2025-07-06T08:59:26.000Z</time>
        <extensions>
          <ns3:TrackPointExtension>
            <ns3:hr>121</ns3:hr>
            <ns3:cad>69</ns3:cad>
          </ns3:TrackPointExtension>
        </extensions>
      </trkpt>
      <trkpt lat="29.53616850078105926513671875" lon="103.33428503014147281646728515625">
        <ele>2469.199951171875</ele>
        <time>2025-07-06T08:59:27.000Z</time>
        <extensions>
          <ns3:TrackPointExtension>
            <ns3:hr>121</ns3:hr>
            <ns3:cad>69</ns3:cad>
          </ns3:TrackPointExtension>
        </extensions>
      </trkpt>
      <trkpt lat="29.53617830760776996612548828125" lon="103.3342971839010715484619140625">
        <ele>2469</ele>
        <time>2025-07-06T08:59:28.000Z</time>
        <extensions>
          <ns3:TrackPointExtension>
            <ns3:hr>121</ns3:hr>
            <ns3:cad>69</ns3:cad>
          </ns3:TrackPointExtension>
        </extensions>
      </trkpt>
      <trkpt lat="29.53618786297738552093505859375" lon="103.3343025483191013336181640625">
        <ele>2468.800048828125</ele>
        <time>2025-07-06T08:59:29.000Z</time>
        <extensions>
          <ns3:TrackPointExtension>
            <ns3:hr>121</ns3:hr>
            <ns3:cad>69</ns3:cad>
          </ns3:TrackPointExtension>
        </extensions>
      </trkpt>
      <trkpt lat="29.5361931435763835906982421875" lon="103.33430179394781589508056640625">
        <ele>2468.800048828125</ele>
        <time>2025-07-06T08:59:30.000Z</time>
        <extensions>
          <ns3:TrackPointExtension>
            <ns3:hr>121</ns3:hr>
            <ns3:cad>0</ns3:cad>
          </ns3:TrackPointExtension>
        </extensions>
      </trkpt>
      <trkpt lat="29.53620429150760173797607421875" lon="103.334310762584209442138671875">
        <ele>2468.60009765625</ele>
        <time>2025-07-06T08:59:31.000Z</time>
        <extensions>
          <ns3:TrackPointExtension>
            <ns3:hr>121</ns3:hr>
            <ns3:cad>0</ns3:cad>
          </ns3:TrackPointExtension>
        </extensions>
      </trkpt>
      <trkpt lat="29.53621183522045612335205078125" lon="103.33431587554514408111572265625">
        <ele>2468.60009765625</ele>
        <time>2025-07-06T08:59:32.000Z</time>
        <extensions>
          <ns3:TrackPointExtension>
            <ns3:hr>121</ns3:hr>
            <ns3:cad>0</ns3:cad>
          </ns3:TrackPointExtension>
        </extensions>
      </trkpt>
      <trkpt lat="29.53621409833431243896484375" lon="103.3343280293047428131103515625">
        <ele>2468.60009765625</ele>
        <time>2025-07-06T08:59:33.000Z</time>
        <extensions>
          <ns3:TrackPointExtension>
            <ns3:hr>122</ns3:hr>
            <ns3:cad>0</ns3:cad>
          </ns3:TrackPointExtension>
        </extensions>
      </trkpt>
      <trkpt lat="29.536225832998752593994140625" lon="103.3343364112079143524169921875">
        <ele>2468.60009765625</ele>
        <time>2025-07-06T08:59:34.000Z</time>
        <extensions>
          <ns3:TrackPointExtension>
            <ns3:hr>123</ns3:hr>
            <ns3:cad>0</ns3:cad>
          </ns3:TrackPointExtension>
        </extensions>
      </trkpt>
      <trkpt lat="29.53623597510159015655517578125" lon="103.33434437401592731475830078125">
        <ele>2468.39990234375</ele>
        <time>2025-07-06T08:59:35.000Z</time>
        <extensions>
          <ns3:TrackPointExtension>
            <ns3:hr>123</ns3:hr>
            <ns3:cad>0</ns3:cad>
          </ns3:TrackPointExtension>
        </extensions>
      </trkpt>
      <trkpt lat="29.53625072725117206573486328125" lon="103.33434998989105224609375">
        <ele>2468.199951171875</ele>
        <time>2025-07-06T08:59:36.000Z</time>
        <extensions>
          <ns3:TrackPointExtension>
            <ns3:hr>123</ns3:hr>
            <ns3:cad>0</ns3:cad>
          </ns3:TrackPointExtension>
        </extensions>
      </trkpt>
      <trkpt lat="29.5362672396004199981689453125" lon="103.33435510285198688507080078125">
        <ele>2467.800048828125</ele>
        <time>2025-07-06T08:59:37.000Z</time>
        <extensions>
          <ns3:TrackPointExtension>
            <ns3:hr>124</ns3:hr>
            <ns3:cad>0</ns3:cad>
          </ns3:TrackPointExtension>
        </extensions>
      </trkpt>
      <trkpt lat="29.5362778007984161376953125" lon="103.33435200154781341552734375">
        <ele>2467.60009765625</ele>
        <time>2025-07-06T08:59:38.000Z</time>
        <extensions>
          <ns3:TrackPointExtension>
            <ns3:hr>124</ns3:hr>
            <ns3:cad>62</ns3:cad>
          </ns3:TrackPointExtension>
        </extensions>
      </trkpt>
      <trkpt lat="29.5362913794815540313720703125" lon="103.33435309119522571563720703125">
        <ele>2467.39990234375</ele>
        <time>2025-07-06T08:59:39.000Z</time>
        <extensions>
          <ns3:TrackPointExtension>
            <ns3:hr>124</ns3:hr>
            <ns3:cad>62</ns3:cad>
          </ns3:TrackPointExtension>
        </extensions>
      </trkpt>
      <trkpt lat="29.536300264298915863037109375" lon="103.33435560576617717742919921875">
        <ele>2467.199951171875</ele>
        <time>2025-07-06T08:59:40.000Z</time>
        <extensions>
          <ns3:TrackPointExtension>
            <ns3:hr>124</ns3:hr>
            <ns3:cad>62</ns3:cad>
          </ns3:TrackPointExtension>
        </extensions>
      </trkpt>
      <trkpt lat="29.5363088138401508331298828125" lon="103.334363736212253570556640625">
        <ele>2467</ele>
        <time>2025-07-06T08:59:41.000Z</time>
        <extensions>
          <ns3:TrackPointExtension>
            <ns3:hr>124</ns3:hr>
            <ns3:cad>62</ns3:cad>
          </ns3:TrackPointExtension>
        </extensions>
      </trkpt>
      <trkpt lat="29.53631426207721233367919921875" lon="103.33436532877385616302490234375">
        <ele>2466.60009765625</ele>
        <time>2025-07-06T08:59:42.000Z</time>
        <extensions>
          <ns3:TrackPointExtension>
            <ns3:hr>124</ns3:hr>
            <ns3:cad>62</ns3:cad>
          </ns3:TrackPointExtension>
        </extensions>
      </trkpt>
      <trkpt lat="29.5363309420645236968994140625" lon="103.334365747869014739990234375">
        <ele>2466.39990234375</ele>
        <time>2025-07-06T08:59:43.000Z</time>
        <extensions>
          <ns3:TrackPointExtension>
            <ns3:hr>124</ns3:hr>
            <ns3:cad>62</ns3:cad>
          </ns3:TrackPointExtension>
        </extensions>
      </trkpt>
      <trkpt lat="29.5363410003483295440673828125" lon="103.33436365239322185516357421875">
        <ele>2466</ele>
        <time>2025-07-06T08:59:44.000Z</time>
        <extensions>
          <ns3:TrackPointExtension>
            <ns3:hr>124</ns3:hr>
            <ns3:cad>62</ns3:cad>
          </ns3:TrackPointExtension>
        </extensions>
      </trkpt>
      <trkpt lat="29.5363497175276279449462890625" lon="103.33436281420290470123291015625">
        <ele>2465.39990234375</ele>
        <time>2025-07-06T08:59:45.000Z</time>
        <extensions>
          <ns3:TrackPointExtension>
            <ns3:hr>124</ns3:hr>
            <ns3:cad>62</ns3:cad>
          </ns3:TrackPointExtension>
        </extensions>
      </trkpt>
      <trkpt lat="29.53636237420141696929931640625" lon="103.334361724555492401123046875">
        <ele>2465</ele>
        <time>2025-07-06T08:59:46.000Z</time>
        <extensions>
          <ns3:TrackPointExtension>
            <ns3:hr>124</ns3:hr>
            <ns3:cad>62</ns3:cad>
          </ns3:TrackPointExtension>
        </extensions>
      </trkpt>
      <trkpt lat="29.53637226484715938568115234375" lon="103.33435979671776294708251953125">
        <ele>2464.60009765625</ele>
        <time>2025-07-06T08:59:47.000Z</time>
        <extensions>
          <ns3:TrackPointExtension>
            <ns3:hr>123</ns3:hr>
            <ns3:cad>62</ns3:cad>
          </ns3:TrackPointExtension>
        </extensions>
      </trkpt>
      <trkpt lat="29.536384753882884979248046875" lon="103.33436029963195323944091796875">
        <ele>2464.199951171875</ele>
        <time>2025-07-06T08:59:48.000Z</time>
        <extensions>
          <ns3:TrackPointExtension>
            <ns3:hr>123</ns3:hr>
            <ns3:cad>62</ns3:cad>
          </ns3:TrackPointExtension>
        </extensions>
      </trkpt>
      <trkpt lat="29.53639447689056396484375" lon="103.334355689585208892822265625">
        <ele>2464</ele>
        <time>2025-07-06T08:59:49.000Z</time>
        <extensions>
          <ns3:TrackPointExtension>
            <ns3:hr>123</ns3:hr>
            <ns3:cad>62</ns3:cad>
          </ns3:TrackPointExtension>
        </extensions>
      </trkpt>
      <trkpt lat="29.5364026911556720733642578125" lon="103.33435175009071826934814453125">
        <ele>2463.60009765625</ele>
        <time>2025-07-06T08:59:50.000Z</time>
        <extensions>
          <ns3:TrackPointExtension>
            <ns3:hr>123</ns3:hr>
            <ns3:cad>62</ns3:cad>
          </ns3:TrackPointExtension>
        </extensions>
      </trkpt>
      <trkpt lat="29.536412246525287628173828125" lon="103.3343508280813694000244140625">
        <ele>2463.39990234375</ele>
        <time>2025-07-06T08:59:51.000Z</time>
        <extensions>
          <ns3:TrackPointExtension>
            <ns3:hr>123</ns3:hr>
            <ns3:cad>62</ns3:cad>
          </ns3:TrackPointExtension>
        </extensions>
      </trkpt>
      <trkpt lat="29.53641660511493682861328125" lon="103.33435242064297199249267578125">
        <ele>2463.199951171875</ele>
        <time>2025-07-06T08:59:52.000Z</time>
        <extensions>
          <ns3:TrackPointExtension>
            <ns3:hr>123</ns3:hr>
            <ns3:cad>62</ns3:cad>
          </ns3:TrackPointExtension>
        </extensions>
      </trkpt>
      <trkpt lat="29.53641601838171482086181640625" lon="103.3343421109020709991455078125">
        <ele>2462.800048828125</ele>
        <time>2025-07-06T08:59:53.000Z</time>
        <extensions>
          <ns3:TrackPointExtension>
            <ns3:hr>123</ns3:hr>
            <ns3:cad>62</ns3:cad>
          </ns3:TrackPointExtension>
        </extensions>
      </trkpt>
      <trkpt lat="29.53642196953296661376953125" lon="103.33433817140758037567138671875">
        <ele>2462.60009765625</ele>
        <time>2025-07-06T08:59:54.000Z</time>
        <extensions>
          <ns3:TrackPointExtension>
            <ns3:hr>123</ns3:hr>
            <ns3:cad>62</ns3:cad>
          </ns3:TrackPointExtension>
        </extensions>
      </trkpt>
      <trkpt lat="29.5364372245967388153076171875" lon="103.3343273587524890899658203125">
        <ele>2462.39990234375</ele>
        <time>2025-07-06T08:59:55.000Z</time>
        <extensions>
          <ns3:TrackPointExtension>
            <ns3:hr>122</ns3:hr>
            <ns3:cad>62</ns3:cad>
          </ns3:TrackPointExtension>
        </extensions>
      </trkpt>
      <trkpt lat="29.53644971363246440887451171875" lon="103.334322832524776458740234375">
        <ele>2462.39990234375</ele>
        <time>2025-07-06T08:59:56.000Z</time>
        <extensions>
          <ns3:TrackPointExtension>
            <ns3:hr>123</ns3:hr>
            <ns3:cad>0</ns3:cad>
          </ns3:TrackPointExtension>
        </extensions>
      </trkpt>
      <trkpt lat="29.5364690758287906646728515625" lon="103.33432191051542758941650390625">
        <ele>2462.39990234375</ele>
        <time>2025-07-06T08:59:57.000Z</time>
        <extensions>
          <ns3:TrackPointExtension>
            <ns3:hr>123</ns3:hr>
            <ns3:cad>0</ns3:cad>
          </ns3:TrackPointExtension>
        </extensions>
      </trkpt>
      <trkpt lat="29.5364881865680217742919921875" lon="103.33433129824697971343994140625">
        <ele>2462.39990234375</ele>
        <time>2025-07-06T08:59:58.000Z</time>
        <extensions>
          <ns3:TrackPointExtension>
            <ns3:hr>123</ns3:hr>
            <ns3:cad>0</ns3:cad>
          </ns3:TrackPointExtension>
        </extensions>
      </trkpt>
      <trkpt lat="29.536506123840808868408203125" lon="103.3343437872827053070068359375">
        <ele>2462.39990234375</ele>
        <time>2025-07-06T08:59:59.000Z</time>
        <extensions>
          <ns3:TrackPointExtension>
            <ns3:hr>123</ns3:hr>
            <ns3:cad>0</ns3:cad>
          </ns3:TrackPointExtension>
        </extensions>
      </trkpt>
      <trkpt lat="29.536520875990390777587890625" lon="103.334355689585208892822265625">
        <ele>2462.39990234375</ele>
        <time>2025-07-06T09:00:00.000Z</time>
        <extensions>
          <ns3:TrackPointExtension>
            <ns3:hr>123</ns3:hr>
            <ns3:cad>0</ns3:cad>
          </ns3:TrackPointExtension>
        </extensions>
      </trkpt>
      <trkpt lat="29.53653554432094097137451171875" lon="103.33435778506100177764892578125">
        <ele>2462.39990234375</ele>
        <time>2025-07-06T09:00:01.000Z</time>
        <extensions>
          <ns3:TrackPointExtension>
            <ns3:hr>122</ns3:hr>
            <ns3:cad>0</ns3:cad>
          </ns3:TrackPointExtension>
        </extensions>
      </trkpt>
      <trkpt lat="29.5365460216999053955078125" lon="103.33435560576617717742919921875">
        <ele>2462.39990234375</ele>
        <time>2025-07-06T09:00:02.000Z</time>
        <extensions>
          <ns3:TrackPointExtension>
            <ns3:hr>122</ns3:hr>
            <ns3:cad>0</ns3:cad>
          </ns3:TrackPointExtension>
        </extensions>
      </trkpt>
      <trkpt lat="29.53655918128788471221923828125" lon="103.3343531750142574310302734375">
        <ele>2462.39990234375</ele>
        <time>2025-07-06T09:00:03.000Z</time>
        <extensions>
          <ns3:TrackPointExtension>
            <ns3:hr>122</ns3:hr>
            <ns3:cad>0</ns3:cad>
          </ns3:TrackPointExtension>
        </extensions>
      </trkpt>
      <trkpt lat="29.53656471334397792816162109375" lon="103.33435175009071826934814453125">
        <ele>2462.39990234375</ele>
        <time>2025-07-06T09:00:04.000Z</time>
        <extensions>
          <ns3:TrackPointExtension>
            <ns3:hr>121</ns3:hr>
            <ns3:cad>0</ns3:cad>
          </ns3:TrackPointExtension>
        </extensions>
      </trkpt>
      <trkpt lat="29.5365736819803714752197265625" lon="103.33435242064297199249267578125">
        <ele>2462.60009765625</ele>
        <time>2025-07-06T09:00:05.000Z</time>
        <extensions>
          <ns3:TrackPointExtension>
            <ns3:hr>121</ns3:hr>
            <ns3:cad>0</ns3:cad>
          </ns3:TrackPointExtension>
        </extensions>
      </trkpt>
      <trkpt lat="29.53658214770257472991943359375" lon="103.33435225300490856170654296875">
        <ele>2462.800048828125</ele>
        <time>2025-07-06T09:00:06.000Z</time>
        <extensions>
          <ns3:TrackPointExtension>
            <ns3:hr>121</ns3:hr>
            <ns3:cad>0</ns3:cad>
          </ns3:TrackPointExtension>
        </extensions>
      </trkpt>
      <trkpt lat="29.53658248297870159149169921875" lon="103.33436449058353900909423828125">
        <ele>2463.199951171875</ele>
        <time>2025-07-06T09:00:07.000Z</time>
        <extensions>
          <ns3:TrackPointExtension>
            <ns3:hr>122</ns3:hr>
            <ns3:cad>0</ns3:cad>
          </ns3:TrackPointExtension>
        </extensions>
      </trkpt>
      <trkpt lat="29.53659522347152233123779296875" lon="103.334367759525775909423828125">
        <ele>2463.39990234375</ele>
        <time>2025-07-06T09:00:08.000Z</time>
        <extensions>
          <ns3:TrackPointExtension>
            <ns3:hr>123</ns3:hr>
            <ns3:cad>47</ns3:cad>
          </ns3:TrackPointExtension>
        </extensions>
      </trkpt>
      <trkpt lat="29.53660595230758190155029296875" lon="103.3343645744025707244873046875">
        <ele>2463.800048828125</ele>
        <time>2025-07-06T09:00:09.000Z</time>
        <extensions>
          <ns3:TrackPointExtension>
            <ns3:hr>123</ns3:hr>
            <ns3:cad>47</ns3:cad>
          </ns3:TrackPointExtension>
        </extensions>
      </trkpt>
      <trkpt lat="29.5366243086755275726318359375" lon="103.33435728214681148529052734375">
        <ele>2464</ele>
        <time>2025-07-06T09:00:10.000Z</time>
        <extensions>
          <ns3:TrackPointExtension>
            <ns3:hr>124</ns3:hr>
            <ns3:cad>47</ns3:cad>
          </ns3:TrackPointExtension>
        </extensions>
      </trkpt>
      <trkpt lat="29.53664501197636127471923828125" lon="103.33434705622494220733642578125">
        <ele>2464.199951171875</ele>
        <time>2025-07-06T09:00:11.000Z</time>
        <extensions>
          <ns3:TrackPointExtension>
            <ns3:hr>125</ns3:hr>
            <ns3:cad>47</ns3:cad>
          </ns3:TrackPointExtension>
        </extensions>
      </trkpt>
      <trkpt lat="29.5366586744785308837890625" lon="103.334342949092388153076171875">
        <ele>2464.39990234375</ele>
        <time>2025-07-06T09:00:12.000Z</time>
        <extensions>
          <ns3:TrackPointExtension>
            <ns3:hr>125</ns3:hr>
            <ns3:cad>57</ns3:cad>
          </ns3:TrackPointExtension>
        </extensions>
      </trkpt>
      <trkpt lat="29.53667049296200275421142578125" lon="103.33433683030307292938232421875">
        <ele>2464.39990234375</ele>
        <time>2025-07-06T09:00:13.000Z</time>
        <extensions>
          <ns3:TrackPointExtension>
            <ns3:hr>126</ns3:hr>
            <ns3:cad>65</ns3:cad>
          </ns3:TrackPointExtension>
        </extensions>
      </trkpt>
      <trkpt lat="29.53668490983545780181884765625" lon="103.3343337289988994598388671875">
        <ele>2464.60009765625</ele>
        <time>2025-07-06T09:00:14.000Z</time>
        <extensions>
          <ns3:TrackPointExtension>
            <ns3:hr>126</ns3:hr>
            <ns3:cad>65</ns3:cad>
          </ns3:TrackPointExtension>
        </extensions>
      </trkpt>
      <trkpt lat="29.5366994105279445648193359375" lon="103.3343300409615039825439453125">
        <ele>2464.60009765625</ele>
        <time>2025-07-06T09:00:15.000Z</time>
        <extensions>
          <ns3:TrackPointExtension>
            <ns3:hr>126</ns3:hr>
            <ns3:cad>59</ns3:cad>
          </ns3:TrackPointExtension>
        </extensions>
      </trkpt>
      <trkpt lat="29.5367118157446384429931640625" lon="103.3343313820660114288330078125">
        <ele>2464.60009765625</ele>
        <time>2025-07-06T09:00:16.000Z</time>
        <extensions>
          <ns3:TrackPointExtension>
            <ns3:hr>126</ns3:hr>
            <ns3:cad>59</ns3:cad>
          </ns3:TrackPointExtension>
        </extensions>
      </trkpt>
      <trkpt lat="29.536727406084537506103515625" lon="103.33433615975081920623779296875">
        <ele>2464.39990234375</ele>
        <time>2025-07-06T09:00:17.000Z</time>
        <extensions>
          <ns3:TrackPointExtension>
            <ns3:hr>127</ns3:hr>
            <ns3:cad>59</ns3:cad>
          </ns3:TrackPointExtension>
        </extensions>
      </trkpt>
      <trkpt lat="29.5367359556257724761962890625" lon="103.334347307682037353515625">
        <ele>2464.39990234375</ele>
        <time>2025-07-06T09:00:18.000Z</time>
        <extensions>
          <ns3:TrackPointExtension>
            <ns3:hr>126</ns3:hr>
            <ns3:cad>59</ns3:cad>
          </ns3:TrackPointExtension>
        </extensions>
      </trkpt>
      <trkpt lat="29.53674249351024627685546875" lon="103.33434504456818103790283203125">
        <ele>2464.39990234375</ele>
        <time>2025-07-06T09:00:19.000Z</time>
        <extensions>
          <ns3:TrackPointExtension>
            <ns3:hr>126</ns3:hr>
            <ns3:cad>62</ns3:cad>
          </ns3:TrackPointExtension>
        </extensions>
      </trkpt>
      <trkpt lat="29.53674576245248317718505859375" lon="103.33434722386300563812255859375">
        <ele>2464.199951171875</ele>
        <time>2025-07-06T09:00:20.000Z</time>
        <extensions>
          <ns3:TrackPointExtension>
            <ns3:hr>126</ns3:hr>
            <ns3:cad>62</ns3:cad>
          </ns3:TrackPointExtension>
        </extensions>
      </trkpt>
      <trkpt lat="29.5367552340030670166015625" lon="103.33434605039656162261962890625">
        <ele>2464.199951171875</ele>
        <time>2025-07-06T09:00:21.000Z</time>
        <extensions>
          <ns3:TrackPointExtension>
            <ns3:hr>126</ns3:hr>
            <ns3:cad>62</ns3:cad>
          </ns3:TrackPointExtension>
        </extensions>
      </trkpt>
      <trkpt lat="29.53676219098269939422607421875" lon="103.33433884195983409881591796875">
        <ele>2464</ele>
        <time>2025-07-06T09:00:22.000Z</time>
        <extensions>
          <ns3:TrackPointExtension>
            <ns3:hr>126</ns3:hr>
            <ns3:cad>62</ns3:cad>
          </ns3:TrackPointExtension>
        </extensions>
      </trkpt>
      <trkpt lat="29.5367708243429660797119140625" lon="103.33433364517986774444580078125">
        <ele>2464</ele>
        <time>2025-07-06T09:00:23.000Z</time>
        <extensions>
          <ns3:TrackPointExtension>
            <ns3:hr>126</ns3:hr>
            <ns3:cad>62</ns3:cad>
          </ns3:TrackPointExtension>
        </extensions>
      </trkpt>
      <trkpt lat="29.5367793738842010498046875" lon="103.33432777784764766693115234375">
        <ele>2463.60009765625</ele>
        <time>2025-07-06T09:00:24.000Z</time>
        <extensions>
          <ns3:TrackPointExtension>
            <ns3:hr>127</ns3:hr>
            <ns3:cad>62</ns3:cad>
          </ns3:TrackPointExtension>
        </extensions>
      </trkpt>
      <trkpt lat="29.53678767196834087371826171875" lon="103.33432425744831562042236328125">
        <ele>2463.39990234375</ele>
        <time>2025-07-06T09:00:25.000Z</time>
        <extensions>
          <ns3:TrackPointExtension>
            <ns3:hr>126</ns3:hr>
            <ns3:cad>0</ns3:cad>
          </ns3:TrackPointExtension>
        </extensions>
      </trkpt>
      <trkpt lat="29.536801837384700775146484375" lon="103.33431319333612918853759765625">
        <ele>2463.199951171875</ele>
        <time>2025-07-06T09:00:26.000Z</time>
        <extensions>
          <ns3:TrackPointExtension>
            <ns3:hr>127</ns3:hr>
            <ns3:cad>0</ns3:cad>
          </ns3:TrackPointExtension>
        </extensions>
      </trkpt>
      <trkpt lat="29.53680963255465030670166015625" lon="103.33430414088070392608642578125">
        <ele>2462.800048828125</ele>
        <time>2025-07-06T09:00:27.000Z</time>
        <extensions>
          <ns3:TrackPointExtension>
            <ns3:hr>127</ns3:hr>
            <ns3:cad>0</ns3:cad>
          </ns3:TrackPointExtension>
        </extensions>
      </trkpt>
      <trkpt lat="29.536821283400058746337890625" lon="103.3342965133488178253173828125">
        <ele>2462.39990234375</ele>
        <time>2025-07-06T09:00:28.000Z</time>
        <extensions>
          <ns3:TrackPointExtension>
            <ns3:hr>127</ns3:hr>
            <ns3:cad>0</ns3:cad>
          </ns3:TrackPointExtension>
        </extensions>
      </trkpt>
      <trkpt lat="29.5368318445980548858642578125" lon="103.3342891372740268707275390625">
        <ele>2462.199951171875</ele>
        <time>2025-07-06T09:00:29.000Z</time>
        <extensions>
          <ns3:TrackPointExtension>
            <ns3:hr>127</ns3:hr>
            <ns3:cad>0</ns3:cad>
          </ns3:TrackPointExtension>
        </extensions>
      </trkpt>
      <trkpt lat="29.53683645464479923248291015625" lon="103.334285281598567962646484375">
        <ele>2461.800048828125</ele>
        <time>2025-07-06T09:00:30.000Z</time>
        <extensions>
          <ns3:TrackPointExtension>
            <ns3:hr>126</ns3:hr>
            <ns3:cad>0</ns3:cad>
          </ns3:TrackPointExtension>
        </extensions>
      </trkpt>
      <trkpt lat="29.53684165142476558685302734375" lon="103.334281928837299346923828125">
        <ele>2461.60009765625</ele>
        <time>2025-07-06T09:00:31.000Z</time>
        <extensions>
          <ns3:TrackPointExtension>
            <ns3:hr>126</ns3:hr>
            <ns3:cad>0</ns3:cad>
          </ns3:TrackPointExtension>
        </extensions>
      </trkpt>
      <trkpt lat="29.53684181906282901763916015625" lon="103.334281928837299346923828125">
        <ele>2461.39990234375</ele>
        <time>2025-07-06T09:00:32.000Z</time>
        <extensions>
          <ns3:TrackPointExtension>
            <ns3:hr>127</ns3:hr>
            <ns3:cad>68</ns3:cad>
          </ns3:TrackPointExtension>
        </extensions>
      </trkpt>
      <trkpt lat="29.53685112297534942626953125" lon="103.334277570247650146484375">
        <ele>2461</ele>
        <time>2025-07-06T09:00:33.000Z</time>
        <extensions>
          <ns3:TrackPointExtension>
            <ns3:hr>126</ns3:hr>
            <ns3:cad>68</ns3:cad>
          </ns3:TrackPointExtension>
        </extensions>
      </trkpt>
      <trkpt lat="29.5368613488972187042236328125" lon="103.3342737145721912384033203125">
        <ele>2460.800048828125</ele>
        <time>2025-07-06T09:00:34.000Z</time>
        <extensions>
          <ns3:TrackPointExtension>
            <ns3:hr>126</ns3:hr>
            <ns3:cad>68</ns3:cad>
          </ns3:TrackPointExtension>
        </extensions>
      </trkpt>
      <trkpt lat="29.5368700660765171051025390625" lon="103.33427044562995433807373046875">
        <ele>2460.60009765625</ele>
        <time>2025-07-06T09:00:35.000Z</time>
        <extensions>
          <ns3:TrackPointExtension>
            <ns3:hr>126</ns3:hr>
            <ns3:cad>68</ns3:cad>
          </ns3:TrackPointExtension>
        </extensions>
      </trkpt>
      <trkpt lat="29.53687727451324462890625" lon="103.33426709286868572235107421875">
        <ele>2460.39990234375</ele>
        <time>2025-07-06T09:00:36.000Z</time>
        <extensions>
          <ns3:TrackPointExtension>
            <ns3:hr>126</ns3:hr>
            <ns3:cad>68</ns3:cad>
          </ns3:TrackPointExtension>
        </extensions>
      </trkpt>
      <trkpt lat="29.5368871651589870452880859375" lon="103.33426608704030513763427734375">
        <ele>2460.199951171875</ele>
        <time>2025-07-06T09:00:37.000Z</time>
        <extensions>
          <ns3:TrackPointExtension>
            <ns3:hr>126</ns3:hr>
            <ns3:cad>68</ns3:cad>
          </ns3:TrackPointExtension>
        </extensions>
      </trkpt>
      <trkpt lat="29.53689512796700000762939453125" lon="103.3342666737735271453857421875">
        <ele>2459.800048828125</ele>
        <time>2025-07-06T09:00:38.000Z</time>
        <extensions>
          <ns3:TrackPointExtension>
            <ns3:hr>126</ns3:hr>
            <ns3:cad>68</ns3:cad>
          </ns3:TrackPointExtension>
        </extensions>
      </trkpt>
      <trkpt lat="29.5369022525846958160400390625" lon="103.3342680148780345916748046875">
        <ele>2459.60009765625</ele>
        <time>2025-07-06T09:00:39.000Z</time>
        <extensions>
          <ns3:TrackPointExtension>
            <ns3:hr>127</ns3:hr>
            <ns3:cad>68</ns3:cad>
          </ns3:TrackPointExtension>
        </extensions>
      </trkpt>
      <trkpt lat="29.53690786845982074737548828125" lon="103.33426793105900287628173828125">
        <ele>2459.39990234375</ele>
        <time>2025-07-06T09:00:40.000Z</time>
        <extensions>
          <ns3:TrackPointExtension>
            <ns3:hr>126</ns3:hr>
            <ns3:cad>68</ns3:cad>
          </ns3:TrackPointExtension>
        </extensions>
      </trkpt>
      <trkpt lat="29.536917507648468017578125" lon="103.33426457829773426055908203125">
        <ele>2459.199951171875</ele>
        <time>2025-07-06T09:00:41.000Z</time>
        <extensions>
          <ns3:TrackPointExtension>
            <ns3:hr>126</ns3:hr>
            <ns3:cad>68</ns3:cad>
          </ns3:TrackPointExtension>
        </extensions>
      </trkpt>
      <trkpt lat="29.53692329116165637969970703125" lon="103.3342626504600048065185546875">
        <ele>2459.199951171875</ele>
        <time>2025-07-06T09:00:42.000Z</time>
        <extensions>
          <ns3:TrackPointExtension>
            <ns3:hr>126</ns3:hr>
            <ns3:cad>68</ns3:cad>
          </ns3:TrackPointExtension>
        </extensions>
      </trkpt>
      <trkpt lat="29.53692865557968616485595703125" lon="103.334259800612926483154296875">
        <ele>2459</ele>
        <time>2025-07-06T09:00:43.000Z</time>
        <extensions>
          <ns3:TrackPointExtension>
            <ns3:hr>126</ns3:hr>
            <ns3:cad>67</ns3:cad>
          </ns3:TrackPointExtension>
        </extensions>
      </trkpt>
      <trkpt lat="29.53693385235965251922607421875" lon="103.3342559449374675750732421875">
        <ele>2458.800048828125</ele>
        <time>2025-07-06T09:00:44.000Z</time>
        <extensions>
          <ns3:TrackPointExtension>
            <ns3:hr>126</ns3:hr>
            <ns3:cad>67</ns3:cad>
          </ns3:TrackPointExtension>
        </extensions>
      </trkpt>
      <trkpt lat="29.5369408093392848968505859375" lon="103.33424798212945461273193359375">
        <ele>2458.60009765625</ele>
        <time>2025-07-06T09:00:45.000Z</time>
        <extensions>
          <ns3:TrackPointExtension>
            <ns3:hr>127</ns3:hr>
            <ns3:cad>67</ns3:cad>
          </ns3:TrackPointExtension>
        </extensions>
      </trkpt>
      <trkpt lat="29.53695011325180530548095703125" lon="103.33423792384564876556396484375">
        <ele>2458.199951171875</ele>
        <time>2025-07-06T09:00:46.000Z</time>
        <extensions>
          <ns3:TrackPointExtension>
            <ns3:hr>126</ns3:hr>
            <ns3:cad>67</ns3:cad>
          </ns3:TrackPointExtension>
        </extensions>
      </trkpt>
      <trkpt lat="29.53695774078369140625" lon="103.33423339761793613433837890625">
        <ele>2458</ele>
        <time>2025-07-06T09:00:47.000Z</time>
        <extensions>
          <ns3:TrackPointExtension>
            <ns3:hr>126</ns3:hr>
            <ns3:cad>79</ns3:cad>
          </ns3:TrackPointExtension>
        </extensions>
      </trkpt>
      <trkpt lat="29.5369609259068965911865234375" lon="103.33422535099089145660400390625">
        <ele>2457.800048828125</ele>
        <time>2025-07-06T09:00:48.000Z</time>
        <extensions>
          <ns3:TrackPointExtension>
            <ns3:hr>126</ns3:hr>
            <ns3:cad>79</ns3:cad>
          </ns3:TrackPointExtension>
        </extensions>
      </trkpt>
      <trkpt lat="29.53696754761040210723876953125" lon="103.3342183940112590789794921875">
        <ele>2457.60009765625</ele>
        <time>2025-07-06T09:00:49.000Z</time>
        <extensions>
          <ns3:TrackPointExtension>
            <ns3:hr>126</ns3:hr>
            <ns3:cad>66</ns3:cad>
          </ns3:TrackPointExtension>
        </extensions>
      </trkpt>
      <trkpt lat="29.53697718679904937744140625" lon="103.3342157118022441864013671875">
        <ele>2457.60009765625</ele>
        <time>2025-07-06T09:00:50.000Z</time>
        <extensions>
          <ns3:TrackPointExtension>
            <ns3:hr>127</ns3:hr>
            <ns3:cad>66</ns3:cad>
          </ns3:TrackPointExtension>
        </extensions>
      </trkpt>
      <trkpt lat="29.53698632307350635528564453125" lon="103.3342137001454830169677734375">
        <ele>2457.39990234375</ele>
        <time>2025-07-06T09:00:51.000Z</time>
        <extensions>
          <ns3:TrackPointExtension>
            <ns3:hr>126</ns3:hr>
            <ns3:cad>82</ns3:cad>
          </ns3:TrackPointExtension>
        </extensions>
      </trkpt>
      <trkpt lat="29.53699369914829730987548828125" lon="103.33420875482261180877685546875">
        <ele>2457.39990234375</ele>
        <time>2025-07-06T09:00:52.000Z</time>
        <extensions>
          <ns3:TrackPointExtension>
            <ns3:hr>126</ns3:hr>
            <ns3:cad>82</ns3:cad>
          </ns3:TrackPointExtension>
        </extensions>
      </trkpt>
      <trkpt lat="29.53700132668018341064453125" lon="103.3342036418616771697998046875">
        <ele>2457</ele>
        <time>2025-07-06T09:00:53.000Z</time>
        <extensions>
          <ns3:TrackPointExtension>
            <ns3:hr>126</ns3:hr>
            <ns3:cad>0</ns3:cad>
          </ns3:TrackPointExtension>
        </extensions>
      </trkpt>
      <trkpt lat="29.53700426034629344940185546875" lon="103.33420322276651859283447265625">
        <ele>2456.800048828125</ele>
        <time>2025-07-06T09:00:54.000Z</time>
        <extensions>
          <ns3:TrackPointExtension>
            <ns3:hr>126</ns3:hr>
            <ns3:cad>0</ns3:cad>
          </ns3:TrackPointExtension>
        </extensions>
      </trkpt>
      <trkpt lat="29.537014067173004150390625" lon="103.3341972716152667999267578125">
        <ele>2456.39990234375</ele>
        <time>2025-07-06T09:00:55.000Z</time>
        <extensions>
          <ns3:TrackPointExtension>
            <ns3:hr>127</ns3:hr>
            <ns3:cad>0</ns3:cad>
          </ns3:TrackPointExtension>
        </extensions>
      </trkpt>
      <trkpt lat="29.53702186234295368194580078125" lon="103.33419903181493282318115234375">
        <ele>2456</ele>
        <time>2025-07-06T09:00:56.000Z</time>
        <extensions>
          <ns3:TrackPointExtension>
            <ns3:hr>126</ns3:hr>
            <ns3:cad>0</ns3:cad>
          </ns3:TrackPointExtension>
        </extensions>
      </trkpt>
      <trkpt lat="29.537029825150966644287109375" lon="103.33419752307236194610595703125">
        <ele>2455.800048828125</ele>
        <time>2025-07-06T09:00:57.000Z</time>
        <extensions>
          <ns3:TrackPointExtension>
            <ns3:hr>127</ns3:hr>
            <ns3:cad>0</ns3:cad>
          </ns3:TrackPointExtension>
        </extensions>
      </trkpt>
      <trkpt lat="29.53703326173126697540283203125" lon="103.3341935835778713226318359375">
        <ele>2455.60009765625</ele>
        <time>2025-07-06T09:00:58.000Z</time>
        <extensions>
          <ns3:TrackPointExtension>
            <ns3:hr>127</ns3:hr>
            <ns3:cad>0</ns3:cad>
          </ns3:TrackPointExtension>
        </extensions>
      </trkpt>
      <trkpt lat="29.53703678213059902191162109375" lon="103.3341878838837146759033203125">
        <ele>2455.39990234375</ele>
        <time>2025-07-06T09:00:59.000Z</time>
        <extensions>
          <ns3:TrackPointExtension>
            <ns3:hr>127</ns3:hr>
            <ns3:cad>0</ns3:cad>
          </ns3:TrackPointExtension>
        </extensions>
      </trkpt>
      <trkpt lat="29.5370422303676605224609375" lon="103.3341835252940654754638671875">
        <ele>2455.199951171875</ele>
        <time>2025-07-06T09:01:00.000Z</time>
        <extensions>
          <ns3:TrackPointExtension>
            <ns3:hr>128</ns3:hr>
            <ns3:cad>0</ns3:cad>
          </ns3:TrackPointExtension>
        </extensions>
      </trkpt>
      <trkpt lat="29.5370571501553058624267578125" lon="103.33417958579957485198974609375">
        <ele>2455</ele>
        <time>2025-07-06T09:01:01.000Z</time>
        <extensions>
          <ns3:TrackPointExtension>
            <ns3:hr>128</ns3:hr>
            <ns3:cad>0</ns3:cad>
          </ns3:TrackPointExtension>
        </extensions>
      </trkpt>
      <trkpt lat="29.53706209547817707061767578125" lon="103.33417832851409912109375">
        <ele>2454.800048828125</ele>
        <time>2025-07-06T09:01:02.000Z</time>
        <extensions>
          <ns3:TrackPointExtension>
            <ns3:hr>128</ns3:hr>
            <ns3:cad>0</ns3:cad>
          </ns3:TrackPointExtension>
        </extensions>
      </trkpt>
      <trkpt lat="29.53706896863877773284912109375" lon="103.3341716229915618896484375">
        <ele>2454.60009765625</ele>
        <time>2025-07-06T09:01:03.000Z</time>
        <extensions>
          <ns3:TrackPointExtension>
            <ns3:hr>128</ns3:hr>
            <ns3:cad>0</ns3:cad>
          </ns3:TrackPointExtension>
        </extensions>
      </trkpt>
      <trkpt lat="29.5370819605886936187744140625" lon="103.334161899983882904052734375">
        <ele>2454.39990234375</ele>
        <time>2025-07-06T09:01:04.000Z</time>
        <extensions>
          <ns3:TrackPointExtension>
            <ns3:hr>128</ns3:hr>
            <ns3:cad>83</ns3:cad>
          </ns3:TrackPointExtension>
        </extensions>
      </trkpt>
      <trkpt lat="29.537089169025421142578125" lon="103.3341587148606777191162109375">
        <ele>2454.199951171875</ele>
        <time>2025-07-06T09:01:05.000Z</time>
        <extensions>
          <ns3:TrackPointExtension>
            <ns3:hr>128</ns3:hr>
            <ns3:cad>83</ns3:cad>
          </ns3:TrackPointExtension>
        </extensions>
      </trkpt>
      <trkpt lat="29.537094533443450927734375" lon="103.33416298963129520416259765625">
        <ele>2454</ele>
        <time>2025-07-06T09:01:06.000Z</time>
        <extensions>
          <ns3:TrackPointExtension>
            <ns3:hr>127</ns3:hr>
            <ns3:cad>83</ns3:cad>
          </ns3:TrackPointExtension>
        </extensions>
      </trkpt>
      <trkpt lat="29.53710216097533702850341796875" lon="103.33416047506034374237060546875">
        <ele>2454</ele>
        <time>2025-07-06T09:01:07.000Z</time>
        <extensions>
          <ns3:TrackPointExtension>
            <ns3:hr>127</ns3:hr>
            <ns3:cad>83</ns3:cad>
          </ns3:TrackPointExtension>
        </extensions>
      </trkpt>
      <trkpt lat="29.53711054287850856781005859375" lon="103.3341550268232822418212890625">
        <ele>2453.800048828125</ele>
        <time>2025-07-06T09:01:08.000Z</time>
        <extensions>
          <ns3:TrackPointExtension>
            <ns3:hr>127</ns3:hr>
            <ns3:cad>83</ns3:cad>
          </ns3:TrackPointExtension>
        </extensions>
      </trkpt>
      <trkpt lat="29.53711892478168010711669921875" lon="103.33415058441460132598876953125">
        <ele>2453.60009765625</ele>
        <time>2025-07-06T09:01:09.000Z</time>
        <extensions>
          <ns3:TrackPointExtension>
            <ns3:hr>126</ns3:hr>
            <ns3:cad>83</ns3:cad>
          </ns3:TrackPointExtension>
        </extensions>
      </trkpt>
      <trkpt lat="29.53712546266615390777587890625" lon="103.3341474831104278564453125">
        <ele>2453.60009765625</ele>
        <time>2025-07-06T09:01:10.000Z</time>
        <extensions>
          <ns3:TrackPointExtension>
            <ns3:hr>126</ns3:hr>
            <ns3:cad>83</ns3:cad>
          </ns3:TrackPointExtension>
        </extensions>
      </trkpt>
      <trkpt lat="29.5371235348284244537353515625" lon="103.33414237014949321746826171875">
        <ele>2453.39990234375</ele>
        <time>2025-07-06T09:01:11.000Z</time>
        <extensions>
          <ns3:TrackPointExtension>
            <ns3:hr>126</ns3:hr>
            <ns3:cad>69</ns3:cad>
          </ns3:TrackPointExtension>
        </extensions>
      </trkpt>
      <trkpt lat="29.53712864778935909271240234375" lon="103.33413700573146343231201171875">
        <ele>2453.39990234375</ele>
        <time>2025-07-06T09:01:12.000Z</time>
        <extensions>
          <ns3:TrackPointExtension>
            <ns3:hr>126</ns3:hr>
            <ns3:cad>69</ns3:cad>
          </ns3:TrackPointExtension>
        </extensions>
      </trkpt>
      <trkpt lat="29.53713543713092803955078125" lon="103.33413985557854175567626953125">
        <ele>2453.199951171875</ele>
        <time>2025-07-06T09:01:13.000Z</time>
        <extensions>
          <ns3:TrackPointExtension>
            <ns3:hr>126</ns3:hr>
            <ns3:cad>69</ns3:cad>
          </ns3:TrackPointExtension>
        </extensions>
      </trkpt>
      <trkpt lat="29.53714658506214618682861328125" lon="103.3341318927705287933349609375">
        <ele>2453.199951171875</ele>
        <time>2025-07-06T09:01:14.000Z</time>
        <extensions>
          <ns3:TrackPointExtension>
            <ns3:hr>126</ns3:hr>
            <ns3:cad>69</ns3:cad>
          </ns3:TrackPointExtension>
        </extensions>
      </trkpt>
      <trkpt lat="29.53716234304010868072509765625" lon="103.3341238461434841156005859375">
        <ele>2453</ele>
        <time>2025-07-06T09:01:15.000Z</time>
        <extensions>
          <ns3:TrackPointExtension>
            <ns3:hr>125</ns3:hr>
            <ns3:cad>55</ns3:cad>
          </ns3:TrackPointExtension>
        </extensions>
      </trkpt>
      <trkpt lat="29.5371709764003753662109375" lon="103.33411538042128086090087890625">
        <ele>2453</ele>
        <time>2025-07-06T09:01:16.000Z</time>
        <extensions>
          <ns3:TrackPointExtension>
            <ns3:hr>126</ns3:hr>
            <ns3:cad>55</ns3:cad>
          </ns3:TrackPointExtension>
        </extensions>
      </trkpt>
      <trkpt lat="29.53717726282775402069091796875" lon="103.334110267460346221923828125">
        <ele>2453</ele>
        <time>2025-07-06T09:01:17.000Z</time>
        <extensions>
          <ns3:TrackPointExtension>
            <ns3:hr>126</ns3:hr>
            <ns3:cad>55</ns3:cad>
          </ns3:TrackPointExtension>
        </extensions>
      </trkpt>
      <trkpt lat="29.53718028031289577484130859375" lon="103.3341060765087604522705078125">
        <ele>2452.800048828125</ele>
        <time>2025-07-06T09:01:18.000Z</time>
        <extensions>
          <ns3:TrackPointExtension>
            <ns3:hr>125</ns3:hr>
            <ns3:cad>55</ns3:cad>
          </ns3:TrackPointExtension>
        </extensions>
      </trkpt>
      <trkpt lat="29.53718748874962329864501953125" lon="103.334102220833301544189453125">
        <ele>2452.800048828125</ele>
        <time>2025-07-06T09:01:19.000Z</time>
        <extensions>
          <ns3:TrackPointExtension>
            <ns3:hr>125</ns3:hr>
            <ns3:cad>55</ns3:cad>
          </ns3:TrackPointExtension>
        </extensions>
      </trkpt>
      <trkpt lat="29.5371875725686550140380859375" lon="103.3341000415384769439697265625">
        <ele>2452.60009765625</ele>
        <time>2025-07-06T09:01:20.000Z</time>
        <extensions>
          <ns3:TrackPointExtension>
            <ns3:hr>126</ns3:hr>
            <ns3:cad>55</ns3:cad>
          </ns3:TrackPointExtension>
        </extensions>
      </trkpt>
      <trkpt lat="29.53718841075897216796875" lon="103.3340946771204471588134765625">
        <ele>2452.39990234375</ele>
        <time>2025-07-06T09:01:21.000Z</time>
        <extensions>
          <ns3:TrackPointExtension>
            <ns3:hr>125</ns3:hr>
            <ns3:cad>55</ns3:cad>
          </ns3:TrackPointExtension>
        </extensions>
      </trkpt>
      <trkpt lat="29.537188746035099029541015625" lon="103.334091491997241973876953125">
        <ele>2452.39990234375</ele>
        <time>2025-07-06T09:01:22.000Z</time>
        <extensions>
          <ns3:TrackPointExtension>
            <ns3:hr>125</ns3:hr>
            <ns3:cad>64</ns3:cad>
          </ns3:TrackPointExtension>
        </extensions>
      </trkpt>
      <trkpt lat="29.537190757691860198974609375" lon="103.33407707512378692626953125">
        <ele>2452.39990234375</ele>
        <time>2025-07-06T09:01:23.000Z</time>
        <extensions>
          <ns3:TrackPointExtension>
            <ns3:hr>124</ns3:hr>
            <ns3:cad>64</ns3:cad>
          </ns3:TrackPointExtension>
        </extensions>
      </trkpt>
      <trkpt lat="29.53719570301473140716552734375" lon="103.3340658433735370635986328125">
        <ele>2452.39990234375</ele>
        <time>2025-07-06T09:01:24.000Z</time>
        <extensions>
          <ns3:TrackPointExtension>
            <ns3:hr>122</ns3:hr>
            <ns3:cad>64</ns3:cad>
          </ns3:TrackPointExtension>
        </extensions>
      </trkpt>
      <trkpt lat="29.53720073215663433074951171875" lon="103.33406005986034870147705078125">
        <ele>2452.39990234375</ele>
        <time>2025-07-06T09:01:25.000Z</time>
        <extensions>
          <ns3:TrackPointExtension>
            <ns3:hr>121</ns3:hr>
            <ns3:cad>64</ns3:cad>
          </ns3:TrackPointExtension>
        </extensions>
      </trkpt>
      <trkpt lat="29.5372043363749980926513671875" lon="103.3340562880039215087890625">
        <ele>2452.199951171875</ele>
        <time>2025-07-06T09:01:26.000Z</time>
        <extensions>
          <ns3:TrackPointExtension>
            <ns3:hr>121</ns3:hr>
            <ns3:cad>64</ns3:cad>
          </ns3:TrackPointExtension>
        </extensions>
      </trkpt>
      <trkpt lat="29.53720383346080780029296875" lon="103.33405335433781147003173828125">
        <ele>2452.199951171875</ele>
        <time>2025-07-06T09:01:27.000Z</time>
        <extensions>
          <ns3:TrackPointExtension>
            <ns3:hr>121</ns3:hr>
            <ns3:cad>64</ns3:cad>
          </ns3:TrackPointExtension>
        </extensions>
      </trkpt>
      <trkpt lat="29.53720986843109130859375" lon="103.3340460620820522308349609375">
        <ele>2452.199951171875</ele>
        <time>2025-07-06T09:01:28.000Z</time>
        <extensions>
          <ns3:TrackPointExtension>
            <ns3:hr>120</ns3:hr>
            <ns3:cad>64</ns3:cad>
          </ns3:TrackPointExtension>
        </extensions>
      </trkpt>
      <trkpt lat="29.53721481375396251678466796875" lon="103.3340363390743732452392578125">
        <ele>2452.199951171875</ele>
        <time>2025-07-06T09:01:29.000Z</time>
        <extensions>
          <ns3:TrackPointExtension>
            <ns3:hr>120</ns3:hr>
            <ns3:cad>64</ns3:cad>
          </ns3:TrackPointExtension>
        </extensions>
      </trkpt>
      <trkpt lat="29.53721866942942142486572265625" lon="103.33402954973280429840087890625">
        <ele>2452</ele>
        <time>2025-07-06T09:01:30.000Z</time>
        <extensions>
          <ns3:TrackPointExtension>
            <ns3:hr>120</ns3:hr>
            <ns3:cad>67</ns3:cad>
          </ns3:TrackPointExtension>
        </extensions>
      </trkpt>
      <trkpt lat="29.5372237823903560638427734375" lon="103.33402317948639392852783203125">
        <ele>2452</ele>
        <time>2025-07-06T09:01:31.000Z</time>
        <extensions>
          <ns3:TrackPointExtension>
            <ns3:hr>120</ns3:hr>
            <ns3:cad>67</ns3:cad>
          </ns3:TrackPointExtension>
        </extensions>
      </trkpt>
      <trkpt lat="29.537227638065814971923828125" lon="103.3340133726596832275390625">
        <ele>2451.800048828125</ele>
        <time>2025-07-06T09:01:32.000Z</time>
        <extensions>
          <ns3:TrackPointExtension>
            <ns3:hr>119</ns3:hr>
            <ns3:cad>69</ns3:cad>
          </ns3:TrackPointExtension>
        </extensions>
      </trkpt>
      <trkpt lat="29.5372314937412738800048828125" lon="103.33400004543364048004150390625">
        <ele>2451.60009765625</ele>
        <time>2025-07-06T09:01:33.000Z</time>
        <extensions>
          <ns3:TrackPointExtension>
            <ns3:hr>119</ns3:hr>
            <ns3:cad>70</ns3:cad>
          </ns3:TrackPointExtension>
        </extensions>
      </trkpt>
      <trkpt lat="29.53723342157900333404541015625" lon="103.3339920826256275177001953125">
        <ele>2451.39990234375</ele>
        <time>2025-07-06T09:01:34.000Z</time>
        <extensions>
          <ns3:TrackPointExtension>
            <ns3:hr>118</ns3:hr>
            <ns3:cad>75</ns3:cad>
          </ns3:TrackPointExtension>
        </extensions>
      </trkpt>
      <trkpt lat="29.5372301526367664337158203125" lon="103.333989568054676055908203125">
        <ele>2451.199951171875</ele>
        <time>2025-07-06T09:01:35.000Z</time>
        <extensions>
          <ns3:TrackPointExtension>
            <ns3:hr>118</ns3:hr>
            <ns3:cad>75</ns3:cad>
          </ns3:TrackPointExtension>
        </extensions>
      </trkpt>
      <trkpt lat="29.53723627142608165740966796875" lon="103.3339776657521724700927734375">
        <ele>2451</ele>
        <time>2025-07-06T09:01:36.000Z</time>
        <extensions>
          <ns3:TrackPointExtension>
            <ns3:hr>118</ns3:hr>
            <ns3:cad>67</ns3:cad>
          </ns3:TrackPointExtension>
        </extensions>
      </trkpt>
      <trkpt lat="29.5372425578534603118896484375" lon="103.3339709602296352386474609375">
        <ele>2450.800048828125</ele>
        <time>2025-07-06T09:01:37.000Z</time>
        <extensions>
          <ns3:TrackPointExtension>
            <ns3:hr>118</ns3:hr>
            <ns3:cad>67</ns3:cad>
          </ns3:TrackPointExtension>
        </extensions>
      </trkpt>
      <trkpt lat="29.53724599443376064300537109375" lon="103.33396031521260738372802734375">
        <ele>2450.60009765625</ele>
        <time>2025-07-06T09:01:38.000Z</time>
        <extensions>
          <ns3:TrackPointExtension>
            <ns3:hr>118</ns3:hr>
            <ns3:cad>67</ns3:cad>
          </ns3:TrackPointExtension>
        </extensions>
      </trkpt>
      <trkpt lat="29.53725186176598072052001953125" lon="103.333944976329803466796875">
        <ele>2450.39990234375</ele>
        <time>2025-07-06T09:01:39.000Z</time>
        <extensions>
          <ns3:TrackPointExtension>
            <ns3:hr>118</ns3:hr>
            <ns3:cad>0</ns3:cad>
          </ns3:TrackPointExtension>
        </extensions>
      </trkpt>
      <trkpt lat="29.5372569747269153594970703125" lon="103.3339355885982513427734375">
        <ele>2450</ele>
        <time>2025-07-06T09:01:40.000Z</time>
        <extensions>
          <ns3:TrackPointExtension>
            <ns3:hr>119</ns3:hr>
            <ns3:cad>0</ns3:cad>
          </ns3:TrackPointExtension>
        </extensions>
      </trkpt>
      <trkpt lat="29.53726150095462799072265625" lon="103.3339246921241283416748046875">
        <ele>2449.800048828125</ele>
        <time>2025-07-06T09:01:41.000Z</time>
        <extensions>
          <ns3:TrackPointExtension>
            <ns3:hr>119</ns3:hr>
            <ns3:cad>0</ns3:cad>
          </ns3:TrackPointExtension>
        </extensions>
      </trkpt>
      <trkpt lat="29.53726443462073802947998046875" lon="103.33391572348773479461669921875">
        <ele>2449.39990234375</ele>
        <time>2025-07-06T09:01:42.000Z</time>
        <extensions>
          <ns3:TrackPointExtension>
            <ns3:hr>119</ns3:hr>
            <ns3:cad>0</ns3:cad>
          </ns3:TrackPointExtension>
        </extensions>
      </trkpt>
      <trkpt lat="29.5372683741152286529541015625" lon="103.333901725709438323974609375">
        <ele>2449.199951171875</ele>
        <time>2025-07-06T09:01:43.000Z</time>
        <extensions>
          <ns3:TrackPointExtension>
            <ns3:hr>119</ns3:hr>
            <ns3:cad>0</ns3:cad>
          </ns3:TrackPointExtension>
        </extensions>
      </trkpt>
      <trkpt lat="29.5372740738093852996826171875" lon="103.3338894881308078765869140625">
        <ele>2449</ele>
        <time>2025-07-06T09:01:44.000Z</time>
        <extensions>
          <ns3:TrackPointExtension>
            <ns3:hr>120</ns3:hr>
            <ns3:cad>0</ns3:cad>
          </ns3:TrackPointExtension>
        </extensions>
      </trkpt>
      <trkpt lat="29.53728002496063709259033203125" lon="103.3338794298470020294189453125">
        <ele>2448.800048828125</ele>
        <time>2025-07-06T09:01:45.000Z</time>
        <extensions>
          <ns3:TrackPointExtension>
            <ns3:hr>119</ns3:hr>
            <ns3:cad>0</ns3:cad>
          </ns3:TrackPointExtension>
        </extensions>
      </trkpt>
      <trkpt lat="29.537285305559635162353515625" lon="103.33387431688606739044189453125">
        <ele>2448.39990234375</ele>
        <time>2025-07-06T09:01:46.000Z</time>
        <extensions>
          <ns3:TrackPointExtension>
            <ns3:hr>119</ns3:hr>
            <ns3:cad>78</ns3:cad>
          </ns3:TrackPointExtension>
        </extensions>
      </trkpt>
      <trkpt lat="29.5372889935970306396484375" lon="103.33386249840259552001953125">
        <ele>2448.39990234375</ele>
        <time>2025-07-06T09:01:47.000Z</time>
        <extensions>
          <ns3:TrackPointExtension>
            <ns3:hr>119</ns3:hr>
            <ns3:cad>78</ns3:cad>
          </ns3:TrackPointExtension>
        </extensions>
      </trkpt>
      <trkpt lat="29.53728958033025264739990234375" lon="103.33385604433715343475341796875">
        <ele>2448.199951171875</ele>
        <time>2025-07-06T09:01:48.000Z</time>
        <extensions>
          <ns3:TrackPointExtension>
            <ns3:hr>119</ns3:hr>
            <ns3:cad>78</ns3:cad>
          </ns3:TrackPointExtension>
        </extensions>
      </trkpt>
      <trkpt lat="29.53729410655796527862548828125" lon="103.33384498022496700286865234375">
        <ele>2448.199951171875</ele>
        <time>2025-07-06T09:01:49.000Z</time>
        <extensions>
          <ns3:TrackPointExtension>
            <ns3:hr>119</ns3:hr>
            <ns3:cad>78</ns3:cad>
          </ns3:TrackPointExtension>
        </extensions>
      </trkpt>
      <trkpt lat="29.53729494474828243255615234375" lon="103.33383693359792232513427734375">
        <ele>2448</ele>
        <time>2025-07-06T09:01:50.000Z</time>
        <extensions>
          <ns3:TrackPointExtension>
            <ns3:hr>119</ns3:hr>
            <ns3:cad>73</ns3:cad>
          </ns3:TrackPointExtension>
        </extensions>
      </trkpt>
      <trkpt lat="29.5372943580150604248046875" lon="103.33383022807538509368896484375">
        <ele>2447.800048828125</ele>
        <time>2025-07-06T09:01:51.000Z</time>
        <extensions>
          <ns3:TrackPointExtension>
            <ns3:hr>119</ns3:hr>
            <ns3:cad>73</ns3:cad>
          </ns3:TrackPointExtension>
        </extensions>
      </trkpt>
      <trkpt lat="29.53730047680437564849853515625" lon="103.3338163979351520538330078125">
        <ele>2447.60009765625</ele>
        <time>2025-07-06T09:01:52.000Z</time>
        <extensions>
          <ns3:TrackPointExtension>
            <ns3:hr>119</ns3:hr>
            <ns3:cad>73</ns3:cad>
          </ns3:TrackPointExtension>
        </extensions>
      </trkpt>
      <trkpt lat="29.53731137327849864959716796875" lon="103.3338036574423313140869140625">
        <ele>2447.199951171875</ele>
        <time>2025-07-06T09:01:53.000Z</time>
        <extensions>
          <ns3:TrackPointExtension>
            <ns3:hr>118</ns3:hr>
            <ns3:cad>73</ns3:cad>
          </ns3:TrackPointExtension>
        </extensions>
      </trkpt>
      <trkpt lat="29.537315480411052703857421875" lon="103.3337946049869060516357421875">
        <ele>2447</ele>
        <time>2025-07-06T09:01:54.000Z</time>
        <extensions>
          <ns3:TrackPointExtension>
            <ns3:hr>119</ns3:hr>
            <ns3:cad>73</ns3:cad>
          </ns3:TrackPointExtension>
        </extensions>
      </trkpt>
      <trkpt lat="29.5373169891536235809326171875" lon="103.33379033021628856658935546875">
        <ele>2447</ele>
        <time>2025-07-06T09:01:55.000Z</time>
        <extensions>
          <ns3:TrackPointExtension>
            <ns3:hr>119</ns3:hr>
            <ns3:cad>73</ns3:cad>
          </ns3:TrackPointExtension>
        </extensions>
      </trkpt>
      <trkpt lat="29.5373196713626384735107421875" lon="103.3337865583598613739013671875">
        <ele>2447</ele>
        <time>2025-07-06T09:01:56.000Z</time>
        <extensions>
          <ns3:TrackPointExtension>
            <ns3:hr>119</ns3:hr>
            <ns3:cad>0</ns3:cad>
          </ns3:TrackPointExtension>
        </extensions>
      </trkpt>
      <trkpt lat="29.53733869828283786773681640625" lon="103.33378395996987819671630859375">
        <ele>2447</ele>
        <time>2025-07-06T09:01:57.000Z</time>
        <extensions>
          <ns3:TrackPointExtension>
            <ns3:hr>119</ns3:hr>
            <ns3:cad>0</ns3:cad>
          </ns3:TrackPointExtension>
        </extensions>
      </trkpt>
      <trkpt lat="29.5373521931469440460205078125" lon="103.33378731273114681243896484375">
        <ele>2446.800048828125</ele>
        <time>2025-07-06T09:01:58.000Z</time>
        <extensions>
          <ns3:TrackPointExtension>
            <ns3:hr>118</ns3:hr>
            <ns3:cad>0</ns3:cad>
          </ns3:TrackPointExtension>
        </extensions>
      </trkpt>
      <trkpt lat="29.5373587310314178466796875" lon="103.33377624861896038055419921875">
        <ele>2446.800048828125</ele>
        <time>2025-07-06T09:01:59.000Z</time>
        <extensions>
          <ns3:TrackPointExtension>
            <ns3:hr>118</ns3:hr>
            <ns3:cad>70</ns3:cad>
          </ns3:TrackPointExtension>
        </extensions>
      </trkpt>
      <trkpt lat="29.537367783486843109130859375" lon="103.33376836962997913360595703125">
        <ele>2446.800048828125</ele>
        <time>2025-07-06T09:02:00.000Z</time>
        <extensions>
          <ns3:TrackPointExtension>
            <ns3:hr>118</ns3:hr>
            <ns3:cad>70</ns3:cad>
          </ns3:TrackPointExtension>
        </extensions>
      </trkpt>
      <trkpt lat="29.53738396055996417999267578125" lon="103.3337639272212982177734375">
        <ele>2446.60009765625</ele>
        <time>2025-07-06T09:02:01.000Z</time>
        <extensions>
          <ns3:TrackPointExtension>
            <ns3:hr>118</ns3:hr>
            <ns3:cad>70</ns3:cad>
          </ns3:TrackPointExtension>
        </extensions>
      </trkpt>
      <trkpt lat="29.53740407712757587432861328125" lon="103.33376451395452022552490234375">
        <ele>2446.60009765625</ele>
        <time>2025-07-06T09:02:02.000Z</time>
        <extensions>
          <ns3:TrackPointExtension>
            <ns3:hr>118</ns3:hr>
            <ns3:cad>70</ns3:cad>
          </ns3:TrackPointExtension>
        </extensions>
      </trkpt>
      <trkpt lat="29.53742553479969501495361328125" lon="103.33376820199191570281982421875">
        <ele>2446.60009765625</ele>
        <time>2025-07-06T09:02:03.000Z</time>
        <extensions>
          <ns3:TrackPointExtension>
            <ns3:hr>118</ns3:hr>
            <ns3:cad>70</ns3:cad>
          </ns3:TrackPointExtension>
        </extensions>
      </trkpt>
      <trkpt lat="29.53744682483375072479248046875" lon="103.33376937545835971832275390625">
        <ele>2446.39990234375</ele>
        <time>2025-07-06T09:02:04.000Z</time>
        <extensions>
          <ns3:TrackPointExtension>
            <ns3:hr>119</ns3:hr>
            <ns3:cad>70</ns3:cad>
          </ns3:TrackPointExtension>
        </extensions>
      </trkpt>
      <trkpt lat="29.53745503909885883331298828125" lon="103.33376317285001277923583984375">
        <ele>2446.199951171875</ele>
        <time>2025-07-06T09:02:05.000Z</time>
        <extensions>
          <ns3:TrackPointExtension>
            <ns3:hr>119</ns3:hr>
            <ns3:cad>70</ns3:cad>
          </ns3:TrackPointExtension>
        </extensions>
      </trkpt>
      <trkpt lat="29.53746140934526920318603515625" lon="103.33375923335552215576171875">
        <ele>2446.199951171875</ele>
        <time>2025-07-06T09:02:06.000Z</time>
        <extensions>
          <ns3:TrackPointExtension>
            <ns3:hr>120</ns3:hr>
            <ns3:cad>70</ns3:cad>
          </ns3:TrackPointExtension>
        </extensions>
      </trkpt>
      <trkpt lat="29.5374708808958530426025390625" lon="103.33376183174550533294677734375">
        <ele>2446</ele>
        <time>2025-07-06T09:02:07.000Z</time>
        <extensions>
          <ns3:TrackPointExtension>
            <ns3:hr>121</ns3:hr>
            <ns3:cad>70</ns3:cad>
          </ns3:TrackPointExtension>
        </extensions>
      </trkpt>
      <trkpt lat="29.53747733496129512786865234375" lon="103.3337718062102794647216796875">
        <ele>2445.800048828125</ele>
        <time>2025-07-06T09:02:08.000Z</time>
        <extensions>
          <ns3:TrackPointExtension>
            <ns3:hr>122</ns3:hr>
            <ns3:cad>70</ns3:cad>
          </ns3:TrackPointExtension>
        </extensions>
      </trkpt>
      <trkpt lat="29.53748420812189579010009765625" lon="103.33377524279057979583740234375">
        <ele>2445.800048828125</ele>
        <time>2025-07-06T09:02:09.000Z</time>
        <extensions>
          <ns3:TrackPointExtension>
            <ns3:hr>122</ns3:hr>
            <ns3:cad>70</ns3:cad>
          </ns3:TrackPointExtension>
        </extensions>
      </trkpt>
      <trkpt lat="29.53748948872089385986328125" lon="103.333771638572216033935546875">
        <ele>2445.60009765625</ele>
        <time>2025-07-06T09:02:10.000Z</time>
        <extensions>
          <ns3:TrackPointExtension>
            <ns3:hr>122</ns3:hr>
            <ns3:cad>70</ns3:cad>
          </ns3:TrackPointExtension>
        </extensions>
      </trkpt>
      <trkpt lat="29.53749963082373142242431640625" lon="103.33377222530543804168701171875">
        <ele>2445.199951171875</ele>
        <time>2025-07-06T09:02:11.000Z</time>
        <extensions>
          <ns3:TrackPointExtension>
            <ns3:hr>121</ns3:hr>
            <ns3:cad>70</ns3:cad>
          </ns3:TrackPointExtension>
        </extensions>
      </trkpt>
      <trkpt lat="29.53750801272690296173095703125" lon="103.33378530107438564300537109375">
        <ele>2444.800048828125</ele>
        <time>2025-07-06T09:02:12.000Z</time>
        <extensions>
          <ns3:TrackPointExtension>
            <ns3:hr>121</ns3:hr>
            <ns3:cad>70</ns3:cad>
          </ns3:TrackPointExtension>
        </extensions>
      </trkpt>
      <trkpt lat="29.53752594999969005584716796875" lon="103.33379904739558696746826171875">
        <ele>2444.60009765625</ele>
        <time>2025-07-06T09:02:13.000Z</time>
        <extensions>
          <ns3:TrackPointExtension>
            <ns3:hr>121</ns3:hr>
            <ns3:cad>70</ns3:cad>
          </ns3:TrackPointExtension>
        </extensions>
      </trkpt>
      <trkpt lat="29.537534415721893310546875" lon="103.33379368297755718231201171875">
        <ele>2444.199951171875</ele>
        <time>2025-07-06T09:02:14.000Z</time>
        <extensions>
          <ns3:TrackPointExtension>
            <ns3:hr>121</ns3:hr>
            <ns3:cad>70</ns3:cad>
          </ns3:TrackPointExtension>
        </extensions>
      </trkpt>
      <trkpt lat="29.53755444847047328948974609375" lon="103.33378379233181476593017578125">
        <ele>2444</ele>
        <time>2025-07-06T09:02:15.000Z</time>
        <extensions>
          <ns3:TrackPointExtension>
            <ns3:hr>120</ns3:hr>
            <ns3:cad>70</ns3:cad>
          </ns3:TrackPointExtension>
        </extensions>
      </trkpt>
      <trkpt lat="29.5375667698681354522705078125" lon="103.3337765000760555267333984375">
        <ele>2443.60009765625</ele>
        <time>2025-07-06T09:02:16.000Z</time>
        <extensions>
          <ns3:TrackPointExtension>
            <ns3:hr>120</ns3:hr>
            <ns3:cad>83</ns3:cad>
          </ns3:TrackPointExtension>
        </extensions>
      </trkpt>
      <trkpt lat="29.537584371864795684814453125" lon="103.33376862108707427978515625">
        <ele>2443.39990234375</ele>
        <time>2025-07-06T09:02:17.000Z</time>
        <extensions>
          <ns3:TrackPointExtension>
            <ns3:hr>121</ns3:hr>
            <ns3:cad>83</ns3:cad>
          </ns3:TrackPointExtension>
        </extensions>
      </trkpt>
      <trkpt lat="29.5376023091375827789306640625" lon="103.33376057446002960205078125">
        <ele>2443.199951171875</ele>
        <time>2025-07-06T09:02:18.000Z</time>
        <extensions>
          <ns3:TrackPointExtension>
            <ns3:hr>121</ns3:hr>
            <ns3:cad>83</ns3:cad>
          </ns3:TrackPointExtension>
        </extensions>
      </trkpt>
      <trkpt lat="29.53760809265077114105224609375" lon="103.33374959416687488555908203125">
        <ele>2443</ele>
        <time>2025-07-06T09:02:19.000Z</time>
        <extensions>
          <ns3:TrackPointExtension>
            <ns3:hr>121</ns3:hr>
            <ns3:cad>83</ns3:cad>
          </ns3:TrackPointExtension>
        </extensions>
      </trkpt>
      <trkpt lat="29.53762535937130451202392578125" lon="103.33373836241662502288818359375">
        <ele>2442.800048828125</ele>
        <time>2025-07-06T09:02:20.000Z</time>
        <extensions>
          <ns3:TrackPointExtension>
            <ns3:hr>121</ns3:hr>
            <ns3:cad>83</ns3:cad>
          </ns3:TrackPointExtension>
        </extensions>
      </trkpt>
      <trkpt lat="29.5376355014741420745849609375" lon="103.333732746541500091552734375">
        <ele>2442.60009765625</ele>
        <time>2025-07-06T09:02:21.000Z</time>
        <extensions>
          <ns3:TrackPointExtension>
            <ns3:hr>120</ns3:hr>
            <ns3:cad>83</ns3:cad>
          </ns3:TrackPointExtension>
        </extensions>
      </trkpt>
      <trkpt lat="29.5376401953399181365966796875" lon="103.33372914232313632965087890625">
        <ele>2442.199951171875</ele>
        <time>2025-07-06T09:02:22.000Z</time>
        <extensions>
          <ns3:TrackPointExtension>
            <ns3:hr>121</ns3:hr>
            <ns3:cad>83</ns3:cad>
          </ns3:TrackPointExtension>
        </extensions>
      </trkpt>
      <trkpt lat="29.53764949925243854522705078125" lon="103.33370785228908061981201171875">
        <ele>2442</ele>
        <time>2025-07-06T09:02:23.000Z</time>
        <extensions>
          <ns3:TrackPointExtension>
            <ns3:hr>121</ns3:hr>
            <ns3:cad>83</ns3:cad>
          </ns3:TrackPointExtension>
        </extensions>
      </trkpt>
      <trkpt lat="29.537658803164958953857421875" lon="103.333693183958530426025390625">
        <ele>2441.800048828125</ele>
        <time>2025-07-06T09:02:24.000Z</time>
        <extensions>
          <ns3:TrackPointExtension>
            <ns3:hr>121</ns3:hr>
            <ns3:cad>83</ns3:cad>
          </ns3:TrackPointExtension>
        </extensions>
      </trkpt>
      <trkpt lat="29.53766726888716220855712890625" lon="103.33368354476988315582275390625">
        <ele>2441.60009765625</ele>
        <time>2025-07-06T09:02:25.000Z</time>
        <extensions>
          <ns3:TrackPointExtension>
            <ns3:hr>121</ns3:hr>
            <ns3:cad>83</ns3:cad>
          </ns3:TrackPointExtension>
        </extensions>
      </trkpt>
      <trkpt lat="29.53767280094325542449951171875" lon="103.3336739055812358856201171875">
        <ele>2441.39990234375</ele>
        <time>2025-07-06T09:02:26.000Z</time>
        <extensions>
          <ns3:TrackPointExtension>
            <ns3:hr>122</ns3:hr>
            <ns3:cad>75</ns3:cad>
          </ns3:TrackPointExtension>
        </extensions>
      </trkpt>
      <trkpt lat="29.5376810990273952484130859375" lon="103.3336558006703853607177734375">
        <ele>2441.199951171875</ele>
        <time>2025-07-06T09:02:27.000Z</time>
        <extensions>
          <ns3:TrackPointExtension>
            <ns3:hr>122</ns3:hr>
            <ns3:cad>0</ns3:cad>
          </ns3:TrackPointExtension>
        </extensions>
      </trkpt>
      <trkpt lat="29.5376854576170444488525390625" lon="103.33365052007138729095458984375">
        <ele>2440.800048828125</ele>
        <time>2025-07-06T09:02:28.000Z</time>
        <extensions>
          <ns3:TrackPointExtension>
            <ns3:hr>122</ns3:hr>
            <ns3:cad>0</ns3:cad>
          </ns3:TrackPointExtension>
        </extensions>
      </trkpt>
      <trkpt lat="29.53769543208181858062744140625" lon="103.33363828249275684356689453125">
        <ele>2440.60009765625</ele>
        <time>2025-07-06T09:02:29.000Z</time>
        <extensions>
          <ns3:TrackPointExtension>
            <ns3:hr>122</ns3:hr>
            <ns3:cad>0</ns3:cad>
          </ns3:TrackPointExtension>
        </extensions>
      </trkpt>
      <trkpt lat="29.53770951367914676666259765625" lon="103.33362151868641376495361328125">
        <ele>2440.39990234375</ele>
        <time>2025-07-06T09:02:30.000Z</time>
        <extensions>
          <ns3:TrackPointExtension>
            <ns3:hr>122</ns3:hr>
            <ns3:cad>0</ns3:cad>
          </ns3:TrackPointExtension>
        </extensions>
      </trkpt>
      <trkpt lat="29.53772149980068206787109375" lon="103.3336112089455127716064453125">
        <ele>2440</ele>
        <time>2025-07-06T09:02:31.000Z</time>
        <extensions>
          <ns3:TrackPointExtension>
            <ns3:hr>122</ns3:hr>
            <ns3:cad>0</ns3:cad>
          </ns3:TrackPointExtension>
        </extensions>
      </trkpt>
      <trkpt lat="29.5377369225025177001953125" lon="103.3335976302623748779296875">
        <ele>2439.800048828125</ele>
        <time>2025-07-06T09:02:32.000Z</time>
        <extensions>
          <ns3:TrackPointExtension>
            <ns3:hr>122</ns3:hr>
            <ns3:cad>42</ns3:cad>
          </ns3:TrackPointExtension>
        </extensions>
      </trkpt>
      <trkpt lat="29.53774505294859409332275390625" lon="103.33358488976955413818359375">
        <ele>2439.60009765625</ele>
        <time>2025-07-06T09:02:33.000Z</time>
        <extensions>
          <ns3:TrackPointExtension>
            <ns3:hr>123</ns3:hr>
            <ns3:cad>42</ns3:cad>
          </ns3:TrackPointExtension>
        </extensions>
      </trkpt>
      <trkpt lat="29.537758715450763702392578125" lon="103.33357793278992176055908203125">
        <ele>2439.39990234375</ele>
        <time>2025-07-06T09:02:34.000Z</time>
        <extensions>
          <ns3:TrackPointExtension>
            <ns3:hr>123</ns3:hr>
            <ns3:cad>42</ns3:cad>
          </ns3:TrackPointExtension>
        </extensions>
      </trkpt>
      <trkpt lat="29.5377696119248867034912109375" lon="103.33357575349509716033935546875">
        <ele>2439.39990234375</ele>
        <time>2025-07-06T09:02:35.000Z</time>
        <extensions>
          <ns3:TrackPointExtension>
            <ns3:hr>123</ns3:hr>
            <ns3:cad>42</ns3:cad>
          </ns3:TrackPointExtension>
        </extensions>
      </trkpt>
      <trkpt lat="29.53778327442705631256103515625" lon="103.3335703052580356597900390625">
        <ele>2439.199951171875</ele>
        <time>2025-07-06T09:02:36.000Z</time>
        <extensions>
          <ns3:TrackPointExtension>
            <ns3:hr>123</ns3:hr>
            <ns3:cad>42</ns3:cad>
          </ns3:TrackPointExtension>
        </extensions>
      </trkpt>
      <trkpt lat="29.53779651783406734466552734375" lon="103.33356519229710102081298828125">
        <ele>2439.199951171875</ele>
        <time>2025-07-06T09:02:37.000Z</time>
        <extensions>
          <ns3:TrackPointExtension>
            <ns3:hr>124</ns3:hr>
            <ns3:cad>42</ns3:cad>
          </ns3:TrackPointExtension>
        </extensions>
      </trkpt>
      <trkpt lat="29.5378128625452518463134765625" lon="103.33355613984167575836181640625">
        <ele>2439.199951171875</ele>
        <time>2025-07-06T09:02:38.000Z</time>
        <extensions>
          <ns3:TrackPointExtension>
            <ns3:hr>124</ns3:hr>
            <ns3:cad>42</ns3:cad>
          </ns3:TrackPointExtension>
        </extensions>
      </trkpt>
      <trkpt lat="29.5378326438367366790771484375" lon="103.33354775793850421905517578125">
        <ele>2439.199951171875</ele>
        <time>2025-07-06T09:02:39.000Z</time>
        <extensions>
          <ns3:TrackPointExtension>
            <ns3:hr>125</ns3:hr>
            <ns3:cad>42</ns3:cad>
          </ns3:TrackPointExtension>
        </extensions>
      </trkpt>
      <trkpt lat="29.5378494076430797576904296875" lon="103.33353769965469837188720703125">
        <ele>2439.199951171875</ele>
        <time>2025-07-06T09:02:40.000Z</time>
        <extensions>
          <ns3:TrackPointExtension>
            <ns3:hr>125</ns3:hr>
            <ns3:cad>66</ns3:cad>
          </ns3:TrackPointExtension>
        </extensions>
      </trkpt>
      <trkpt lat="29.53785167075693607330322265625" lon="103.333529569208621978759765625">
        <ele>2439.39990234375</ele>
        <time>2025-07-06T09:02:41.000Z</time>
        <extensions>
          <ns3:TrackPointExtension>
            <ns3:hr>125</ns3:hr>
            <ns3:cad>66</ns3:cad>
          </ns3:TrackPointExtension>
        </extensions>
      </trkpt>
      <trkpt lat="29.53786759637296199798583984375" lon="103.333514146506786346435546875">
        <ele>2439.39990234375</ele>
        <time>2025-07-06T09:02:42.000Z</time>
        <extensions>
          <ns3:TrackPointExtension>
            <ns3:hr>125</ns3:hr>
            <ns3:cad>66</ns3:cad>
          </ns3:TrackPointExtension>
        </extensions>
      </trkpt>
      <trkpt lat="29.5378829352557659149169921875" lon="103.33350333385169506072998046875">
        <ele>2439.39990234375</ele>
        <time>2025-07-06T09:02:43.000Z</time>
        <extensions>
          <ns3:TrackPointExtension>
            <ns3:hr>125</ns3:hr>
            <ns3:cad>68</ns3:cad>
          </ns3:TrackPointExtension>
        </extensions>
      </trkpt>
      <trkpt lat="29.53789844177663326263427734375" lon="103.33349662832915782928466796875">
        <ele>2439.60009765625</ele>
        <time>2025-07-06T09:02:44.000Z</time>
        <extensions>
          <ns3:TrackPointExtension>
            <ns3:hr>126</ns3:hr>
            <ns3:cad>68</ns3:cad>
          </ns3:TrackPointExtension>
        </extensions>
      </trkpt>
      <trkpt lat="29.53791654668748378753662109375" lon="103.33349235355854034423828125">
        <ele>2439.60009765625</ele>
        <time>2025-07-06T09:02:45.000Z</time>
        <extensions>
          <ns3:TrackPointExtension>
            <ns3:hr>126</ns3:hr>
            <ns3:cad>0</ns3:cad>
          </ns3:TrackPointExtension>
        </extensions>
      </trkpt>
      <trkpt lat="29.53793364576995372772216796875" lon="103.333485983312129974365234375">
        <ele>2439.60009765625</ele>
        <time>2025-07-06T09:02:46.000Z</time>
        <extensions>
          <ns3:TrackPointExtension>
            <ns3:hr>126</ns3:hr>
            <ns3:cad>0</ns3:cad>
          </ns3:TrackPointExtension>
        </extensions>
      </trkpt>
      <trkpt lat="29.53794705681502819061279296875" lon="103.3334764279425144195556640625">
        <ele>2439.39990234375</ele>
        <time>2025-07-06T09:02:47.000Z</time>
        <extensions>
          <ns3:TrackPointExtension>
            <ns3:hr>125</ns3:hr>
            <ns3:cad>0</ns3:cad>
          </ns3:TrackPointExtension>
        </extensions>
      </trkpt>
      <trkpt lat="29.5379610545933246612548828125" lon="103.33346553146839141845703125">
        <ele>2439.39990234375</ele>
        <time>2025-07-06T09:02:48.000Z</time>
        <extensions>
          <ns3:TrackPointExtension>
            <ns3:hr>125</ns3:hr>
            <ns3:cad>0</ns3:cad>
          </ns3:TrackPointExtension>
        </extensions>
      </trkpt>
      <trkpt lat="29.5379701070487499237060546875" lon="103.33346125669777393341064453125">
        <ele>2439.39990234375</ele>
        <time>2025-07-06T09:02:49.000Z</time>
        <extensions>
          <ns3:TrackPointExtension>
            <ns3:hr>125</ns3:hr>
            <ns3:cad>0</ns3:cad>
          </ns3:TrackPointExtension>
        </extensions>
      </trkpt>
      <trkpt lat="29.53798728995025157928466796875" lon="103.333454132080078125">
        <ele>2439.199951171875</ele>
        <time>2025-07-06T09:02:50.000Z</time>
        <extensions>
          <ns3:TrackPointExtension>
            <ns3:hr>125</ns3:hr>
            <ns3:cad>0</ns3:cad>
          </ns3:TrackPointExtension>
        </extensions>
      </trkpt>
      <trkpt lat="29.53800581395626068115234375" lon="103.333451114594936370849609375">
        <ele>2439.199951171875</ele>
        <time>2025-07-06T09:02:51.000Z</time>
        <extensions>
          <ns3:TrackPointExtension>
            <ns3:hr>125</ns3:hr>
            <ns3:cad>0</ns3:cad>
          </ns3:TrackPointExtension>
        </extensions>
      </trkpt>
      <trkpt lat="29.53801444731652736663818359375" lon="103.33344600163400173187255859375">
        <ele>2439.199951171875</ele>
        <time>2025-07-06T09:02:52.000Z</time>
        <extensions>
          <ns3:TrackPointExtension>
            <ns3:hr>125</ns3:hr>
            <ns3:cad>0</ns3:cad>
          </ns3:TrackPointExtension>
        </extensions>
      </trkpt>
      <trkpt lat="29.53802148811519145965576171875" lon="103.33344298414885997772216796875">
        <ele>2439.199951171875</ele>
        <time>2025-07-06T09:02:53.000Z</time>
        <extensions>
          <ns3:TrackPointExtension>
            <ns3:hr>125</ns3:hr>
            <ns3:cad>0</ns3:cad>
          </ns3:TrackPointExtension>
        </extensions>
      </trkpt>
      <trkpt lat="29.5380351506173610687255859375" lon="103.33343309350311756134033203125">
        <ele>2439</ele>
        <time>2025-07-06T09:02:54.000Z</time>
        <extensions>
          <ns3:TrackPointExtension>
            <ns3:hr>125</ns3:hr>
            <ns3:cad>0</ns3:cad>
          </ns3:TrackPointExtension>
        </extensions>
      </trkpt>
      <trkpt lat="29.53804965130984783172607421875" lon="103.3334286510944366455078125">
        <ele>2439</ele>
        <time>2025-07-06T09:02:55.000Z</time>
        <extensions>
          <ns3:TrackPointExtension>
            <ns3:hr>125</ns3:hr>
            <ns3:cad>0</ns3:cad>
          </ns3:TrackPointExtension>
        </extensions>
      </trkpt>
      <trkpt lat="29.53806876204907894134521484375" lon="103.33342035301029682159423828125">
        <ele>2439</ele>
        <time>2025-07-06T09:02:56.000Z</time>
        <extensions>
          <ns3:TrackPointExtension>
            <ns3:hr>125</ns3:hr>
            <ns3:cad>0</ns3:cad>
          </ns3:TrackPointExtension>
        </extensions>
      </trkpt>
      <trkpt lat="29.53808133490383625030517578125" lon="103.333418928086757659912109375">
        <ele>2438.800048828125</ele>
        <time>2025-07-06T09:02:57.000Z</time>
        <extensions>
          <ns3:TrackPointExtension>
            <ns3:hr>125</ns3:hr>
            <ns3:cad>0</ns3:cad>
          </ns3:TrackPointExtension>
        </extensions>
      </trkpt>
      <trkpt lat="29.53808762133121490478515625" lon="103.333414234220981597900390625">
        <ele>2439</ele>
        <time>2025-07-06T09:02:58.000Z</time>
        <extensions>
          <ns3:TrackPointExtension>
            <ns3:hr>125</ns3:hr>
            <ns3:cad>0</ns3:cad>
          </ns3:TrackPointExtension>
        </extensions>
      </trkpt>
      <trkpt lat="29.53810237348079681396484375" lon="103.33340518176555633544921875">
        <ele>2439</ele>
        <time>2025-07-06T09:02:59.000Z</time>
        <extensions>
          <ns3:TrackPointExtension>
            <ns3:hr>125</ns3:hr>
            <ns3:cad>0</ns3:cad>
          </ns3:TrackPointExtension>
        </extensions>
      </trkpt>
      <trkpt lat="29.53811402432620525360107421875" lon="103.33339755423367023468017578125">
        <ele>2439</ele>
        <time>2025-07-06T09:03:00.000Z</time>
        <extensions>
          <ns3:TrackPointExtension>
            <ns3:hr>125</ns3:hr>
            <ns3:cad>0</ns3:cad>
          </ns3:TrackPointExtension>
        </extensions>
      </trkpt>
      <trkpt lat="29.5381283573806285858154296875" lon="103.3333911001682281494140625">
        <ele>2439</ele>
        <time>2025-07-06T09:03:01.000Z</time>
        <extensions>
          <ns3:TrackPointExtension>
            <ns3:hr>125</ns3:hr>
            <ns3:cad>0</ns3:cad>
          </ns3:TrackPointExtension>
        </extensions>
      </trkpt>
      <trkpt lat="29.53814352862536907196044921875" lon="103.33337861113250255584716796875">
        <ele>2439</ele>
        <time>2025-07-06T09:03:02.000Z</time>
        <extensions>
          <ns3:TrackPointExtension>
            <ns3:hr>125</ns3:hr>
            <ns3:cad>0</ns3:cad>
          </ns3:TrackPointExtension>
        </extensions>
      </trkpt>
      <trkpt lat="29.53815459273755550384521484375" lon="103.33336939103901386260986328125">
        <ele>2439.199951171875</ele>
        <time>2025-07-06T09:03:03.000Z</time>
        <extensions>
          <ns3:TrackPointExtension>
            <ns3:hr>124</ns3:hr>
            <ns3:cad>0</ns3:cad>
          </ns3:TrackPointExtension>
        </extensions>
      </trkpt>
      <trkpt lat="29.5381625555455684661865234375" lon="103.33336067385971546173095703125">
        <ele>2439.199951171875</ele>
        <time>2025-07-06T09:03:04.000Z</time>
        <extensions>
          <ns3:TrackPointExtension>
            <ns3:hr>125</ns3:hr>
            <ns3:cad>0</ns3:cad>
          </ns3:TrackPointExtension>
        </extensions>
      </trkpt>
      <trkpt lat="29.53817370347678661346435546875" lon="103.3333510346710681915283203125">
        <ele>2439.199951171875</ele>
        <time>2025-07-06T09:03:05.000Z</time>
        <extensions>
          <ns3:TrackPointExtension>
            <ns3:hr>125</ns3:hr>
            <ns3:cad>0</ns3:cad>
          </ns3:TrackPointExtension>
        </extensions>
      </trkpt>
      <trkpt lat="29.5381836779415607452392578125" lon="103.33334240131080150604248046875">
        <ele>2439.199951171875</ele>
        <time>2025-07-06T09:03:06.000Z</time>
        <extensions>
          <ns3:TrackPointExtension>
            <ns3:hr>127</ns3:hr>
            <ns3:cad>0</ns3:cad>
          </ns3:TrackPointExtension>
        </extensions>
      </trkpt>
      <trkpt lat="29.53819801099598407745361328125" lon="103.33333033137023448944091796875">
        <ele>2439.39990234375</ele>
        <time>2025-07-06T09:03:07.000Z</time>
        <extensions>
          <ns3:TrackPointExtension>
            <ns3:hr>128</ns3:hr>
            <ns3:cad>0</ns3:cad>
          </ns3:TrackPointExtension>
        </extensions>
      </trkpt>
      <trkpt lat="29.5382158644497394561767578125" lon="103.333322368562221527099609375">
        <ele>2439.199951171875</ele>
        <time>2025-07-06T09:03:08.000Z</time>
        <extensions>
          <ns3:TrackPointExtension>
            <ns3:hr>130</ns3:hr>
            <ns3:cad>0</ns3:cad>
          </ns3:TrackPointExtension>
        </extensions>
      </trkpt>
      <trkpt lat="29.53823053278028964996337890625" lon="103.33331122063100337982177734375">
        <ele>2439.199951171875</ele>
        <time>2025-07-06T09:03:09.000Z</time>
        <extensions>
          <ns3:TrackPointExtension>
            <ns3:hr>131</ns3:hr>
            <ns3:cad>0</ns3:cad>
          </ns3:TrackPointExtension>
        </extensions>
      </trkpt>
      <trkpt lat="29.5382416807115077972412109375" lon="103.33329730667173862457275390625">
        <ele>2439.199951171875</ele>
        <time>2025-07-06T09:03:10.000Z</time>
        <extensions>
          <ns3:TrackPointExtension>
            <ns3:hr>132</ns3:hr>
            <ns3:cad>0</ns3:cad>
          </ns3:TrackPointExtension>
        </extensions>
      </trkpt>
      <trkpt lat="29.538247883319854736328125" lon="103.3332863263785839080810546875">
        <ele>2439.39990234375</ele>
        <time>2025-07-06T09:03:11.000Z</time>
        <extensions>
          <ns3:TrackPointExtension>
            <ns3:hr>133</ns3:hr>
            <ns3:cad>0</ns3:cad>
          </ns3:TrackPointExtension>
        </extensions>
      </trkpt>
      <trkpt lat="29.53826121054589748382568359375" lon="103.33326704800128936767578125">
        <ele>2439.39990234375</ele>
        <time>2025-07-06T09:03:12.000Z</time>
        <extensions>
          <ns3:TrackPointExtension>
            <ns3:hr>134</ns3:hr>
            <ns3:cad>0</ns3:cad>
          </ns3:TrackPointExtension>
        </extensions>
      </trkpt>
      <trkpt lat="29.5382760465145111083984375" lon="103.33324961364269256591796875">
        <ele>2439.39990234375</ele>
        <time>2025-07-06T09:03:13.000Z</time>
        <extensions>
          <ns3:TrackPointExtension>
            <ns3:hr>134</ns3:hr>
            <ns3:cad>0</ns3:cad>
          </ns3:TrackPointExtension>
        </extensions>
      </trkpt>
      <trkpt lat="29.5382909663021564483642578125" lon="103.3332353644073009490966796875">
        <ele>2439.39990234375</ele>
        <time>2025-07-06T09:03:14.000Z</time>
        <extensions>
          <ns3:TrackPointExtension>
            <ns3:hr>135</ns3:hr>
            <ns3:cad>0</ns3:cad>
          </ns3:TrackPointExtension>
        </extensions>
      </trkpt>
      <trkpt lat="29.53830161131918430328369140625" lon="103.3332279883325099945068359375">
        <ele>2439.39990234375</ele>
        <time>2025-07-06T09:03:15.000Z</time>
        <extensions>
          <ns3:TrackPointExtension>
            <ns3:hr>135</ns3:hr>
            <ns3:cad>0</ns3:cad>
          </ns3:TrackPointExtension>
        </extensions>
      </trkpt>
      <trkpt lat="29.53831284306943416595458984375" lon="103.33322807215154170989990234375">
        <ele>2439.39990234375</ele>
        <time>2025-07-06T09:03:16.000Z</time>
        <extensions>
          <ns3:TrackPointExtension>
            <ns3:hr>135</ns3:hr>
            <ns3:cad>0</ns3:cad>
          </ns3:TrackPointExtension>
        </extensions>
      </trkpt>
      <trkpt lat="29.538333378732204437255859375" lon="103.33322270773351192474365234375">
        <ele>2439.199951171875</ele>
        <time>2025-07-06T09:03:17.000Z</time>
        <extensions>
          <ns3:TrackPointExtension>
            <ns3:hr>135</ns3:hr>
            <ns3:cad>0</ns3:cad>
          </ns3:TrackPointExtension>
        </extensions>
      </trkpt>
      <trkpt lat="29.53834134154021739959716796875" lon="103.33321801386773586273193359375">
        <ele>2439.199951171875</ele>
        <time>2025-07-06T09:03:18.000Z</time>
        <extensions>
          <ns3:TrackPointExtension>
            <ns3:hr>135</ns3:hr>
            <ns3:cad>89</ns3:cad>
          </ns3:TrackPointExtension>
        </extensions>
      </trkpt>
      <trkpt lat="29.53835257329046726226806640625" lon="103.33321549929678440093994140625">
        <ele>2439</ele>
        <time>2025-07-06T09:03:19.000Z</time>
        <extensions>
          <ns3:TrackPointExtension>
            <ns3:hr>135</ns3:hr>
            <ns3:cad>89</ns3:cad>
          </ns3:TrackPointExtension>
        </extensions>
      </trkpt>
      <trkpt lat="29.5383667387068271636962890625" lon="103.333213739097118377685546875">
        <ele>2438.800048828125</ele>
        <time>2025-07-06T09:03:20.000Z</time>
        <extensions>
          <ns3:TrackPointExtension>
            <ns3:hr>135</ns3:hr>
            <ns3:cad>88</ns3:cad>
          </ns3:TrackPointExtension>
        </extensions>
      </trkpt>
      <trkpt lat="29.53837939538061618804931640625" lon="103.33321214653551578521728515625">
        <ele>2438.60009765625</ele>
        <time>2025-07-06T09:03:21.000Z</time>
        <extensions>
          <ns3:TrackPointExtension>
            <ns3:hr>134</ns3:hr>
            <ns3:cad>87</ns3:cad>
          </ns3:TrackPointExtension>
        </extensions>
      </trkpt>
      <trkpt lat="29.5383972488343715667724609375" lon="103.33320912905037403106689453125">
        <ele>2438.39990234375</ele>
        <time>2025-07-06T09:03:22.000Z</time>
        <extensions>
          <ns3:TrackPointExtension>
            <ns3:hr>135</ns3:hr>
            <ns3:cad>87</ns3:cad>
          </ns3:TrackPointExtension>
        </extensions>
      </trkpt>
      <trkpt lat="29.53841728158295154571533203125" lon="103.333204351365566253662109375">
        <ele>2438.199951171875</ele>
        <time>2025-07-06T09:03:23.000Z</time>
        <extensions>
          <ns3:TrackPointExtension>
            <ns3:hr>135</ns3:hr>
            <ns3:cad>87</ns3:cad>
          </ns3:TrackPointExtension>
        </extensions>
      </trkpt>
      <trkpt lat="29.5384354703128337860107421875" lon="103.3332031778991222381591796875">
        <ele>2437.800048828125</ele>
        <time>2025-07-06T09:03:24.000Z</time>
        <extensions>
          <ns3:TrackPointExtension>
            <ns3:hr>134</ns3:hr>
            <ns3:cad>89</ns3:cad>
          </ns3:TrackPointExtension>
        </extensions>
      </trkpt>
      <trkpt lat="29.53845617361366748809814453125" lon="103.33319957368075847625732421875">
        <ele>2437.39990234375</ele>
        <time>2025-07-06T09:03:25.000Z</time>
        <extensions>
          <ns3:TrackPointExtension>
            <ns3:hr>135</ns3:hr>
            <ns3:cad>90</ns3:cad>
          </ns3:TrackPointExtension>
        </extensions>
      </trkpt>
      <trkpt lat="29.5384757034480571746826171875" lon="103.3331991545855998992919921875">
        <ele>2437</ele>
        <time>2025-07-06T09:03:26.000Z</time>
        <extensions>
          <ns3:TrackPointExtension>
            <ns3:hr>135</ns3:hr>
            <ns3:cad>90</ns3:cad>
          </ns3:TrackPointExtension>
        </extensions>
      </trkpt>
      <trkpt lat="29.53849355690181255340576171875" lon="103.333198316395282745361328125">
        <ele>2436.800048828125</ele>
        <time>2025-07-06T09:03:27.000Z</time>
        <extensions>
          <ns3:TrackPointExtension>
            <ns3:hr>134</ns3:hr>
            <ns3:cad>90</ns3:cad>
          </ns3:TrackPointExtension>
        </extensions>
      </trkpt>
      <trkpt lat="29.5385159365832805633544921875" lon="103.33319353871047496795654296875">
        <ele>2436.60009765625</ele>
        <time>2025-07-06T09:03:28.000Z</time>
        <extensions>
          <ns3:TrackPointExtension>
            <ns3:hr>135</ns3:hr>
            <ns3:cad>90</ns3:cad>
          </ns3:TrackPointExtension>
        </extensions>
      </trkpt>
      <trkpt lat="29.5385330356657505035400390625" lon="103.33319353871047496795654296875">
        <ele>2436.39990234375</ele>
        <time>2025-07-06T09:03:29.000Z</time>
        <extensions>
          <ns3:TrackPointExtension>
            <ns3:hr>135</ns3:hr>
            <ns3:cad>90</ns3:cad>
          </ns3:TrackPointExtension>
        </extensions>
      </trkpt>
      <trkpt lat="29.53854988329112529754638671875" lon="103.3331914432346820831298828125">
        <ele>2436.199951171875</ele>
        <time>2025-07-06T09:03:30.000Z</time>
        <extensions>
          <ns3:TrackPointExtension>
            <ns3:hr>135</ns3:hr>
            <ns3:cad>87</ns3:cad>
          </ns3:TrackPointExtension>
        </extensions>
      </trkpt>
      <trkpt lat="29.538562037050724029541015625" lon="103.3331833966076374053955078125">
        <ele>2436.199951171875</ele>
        <time>2025-07-06T09:03:31.000Z</time>
        <extensions>
          <ns3:TrackPointExtension>
            <ns3:hr>135</ns3:hr>
            <ns3:cad>87</ns3:cad>
          </ns3:TrackPointExtension>
        </extensions>
      </trkpt>
      <trkpt lat="29.538576118648052215576171875" lon="103.3331736735999584197998046875">
        <ele>2436</ele>
        <time>2025-07-06T09:03:32.000Z</time>
        <extensions>
          <ns3:TrackPointExtension>
            <ns3:hr>135</ns3:hr>
            <ns3:cad>86</ns3:cad>
          </ns3:TrackPointExtension>
        </extensions>
      </trkpt>
      <trkpt lat="29.5385940559208393096923828125" lon="103.333167470991611480712890625">
        <ele>2435.800048828125</ele>
        <time>2025-07-06T09:03:33.000Z</time>
        <extensions>
          <ns3:TrackPointExtension>
            <ns3:hr>137</ns3:hr>
            <ns3:cad>86</ns3:cad>
          </ns3:TrackPointExtension>
        </extensions>
      </trkpt>
      <trkpt lat="29.53861869871616363525390625" lon="103.3331572450697422027587890625">
        <ele>2435.60009765625</ele>
        <time>2025-07-06T09:03:34.000Z</time>
        <extensions>
          <ns3:TrackPointExtension>
            <ns3:hr>138</ns3:hr>
            <ns3:cad>86</ns3:cad>
          </ns3:TrackPointExtension>
        </extensions>
      </trkpt>
      <trkpt lat="29.53864309005439281463623046875" lon="103.33314810879528522491455078125">
        <ele>2435.39990234375</ele>
        <time>2025-07-06T09:03:35.000Z</time>
        <extensions>
          <ns3:TrackPointExtension>
            <ns3:hr>139</ns3:hr>
            <ns3:cad>86</ns3:cad>
          </ns3:TrackPointExtension>
        </extensions>
      </trkpt>
      <trkpt lat="29.53866966068744659423828125" lon="103.33313888870179653167724609375">
        <ele>2435.199951171875</ele>
        <time>2025-07-06T09:03:36.000Z</time>
        <extensions>
          <ns3:TrackPointExtension>
            <ns3:hr>140</ns3:hr>
            <ns3:cad>86</ns3:cad>
          </ns3:TrackPointExtension>
        </extensions>
      </trkpt>
      <trkpt lat="29.5386973209679126739501953125" lon="103.33313536830246448516845703125">
        <ele>2435</ele>
        <time>2025-07-06T09:03:37.000Z</time>
        <extensions>
          <ns3:TrackPointExtension>
            <ns3:hr>140</ns3:hr>
            <ns3:cad>86</ns3:cad>
          </ns3:TrackPointExtension>
        </extensions>
      </trkpt>
      <trkpt lat="29.53872087411582469940185546875" lon="103.3331309258937835693359375">
        <ele>2434.60009765625</ele>
        <time>2025-07-06T09:03:38.000Z</time>
        <extensions>
          <ns3:TrackPointExtension>
            <ns3:hr>140</ns3:hr>
            <ns3:cad>86</ns3:cad>
          </ns3:TrackPointExtension>
        </extensions>
      </trkpt>
      <trkpt lat="29.53874652273952960968017578125" lon="103.333120532333850860595703125">
        <ele>2434.39990234375</ele>
        <time>2025-07-06T09:03:39.000Z</time>
        <extensions>
          <ns3:TrackPointExtension>
            <ns3:hr>140</ns3:hr>
            <ns3:cad>86</ns3:cad>
          </ns3:TrackPointExtension>
        </extensions>
      </trkpt>
      <trkpt lat="29.53877049498260021209716796875" lon="103.3331079594790935516357421875">
        <ele>2434.39990234375</ele>
        <time>2025-07-06T09:03:40.000Z</time>
        <extensions>
          <ns3:TrackPointExtension>
            <ns3:hr>140</ns3:hr>
            <ns3:cad>86</ns3:cad>
          </ns3:TrackPointExtension>
        </extensions>
      </trkpt>
      <trkpt lat="29.538790695369243621826171875" lon="103.3331069536507129669189453125">
        <ele>2434.39990234375</ele>
        <time>2025-07-06T09:03:41.000Z</time>
        <extensions>
          <ns3:TrackPointExtension>
            <ns3:hr>140</ns3:hr>
            <ns3:cad>86</ns3:cad>
          </ns3:TrackPointExtension>
        </extensions>
      </trkpt>
      <trkpt lat="29.5388086326420307159423828125" lon="103.3331014215946197509765625">
        <ele>2434.39990234375</ele>
        <time>2025-07-06T09:03:42.000Z</time>
        <extensions>
          <ns3:TrackPointExtension>
            <ns3:hr>140</ns3:hr>
            <ns3:cad>95</ns3:cad>
          </ns3:TrackPointExtension>
        </extensions>
      </trkpt>
      <trkpt lat="29.5388220436871051788330078125" lon="103.3330942131578922271728515625">
        <ele>2434.39990234375</ele>
        <time>2025-07-06T09:03:43.000Z</time>
        <extensions>
          <ns3:TrackPointExtension>
            <ns3:hr>140</ns3:hr>
            <ns3:cad>95</ns3:cad>
          </ns3:TrackPointExtension>
        </extensions>
      </trkpt>
      <trkpt lat="29.53883218578994274139404296875" lon="103.3330901898443698883056640625">
        <ele>2434.39990234375</ele>
        <time>2025-07-06T09:03:44.000Z</time>
        <extensions>
          <ns3:TrackPointExtension>
            <ns3:hr>140</ns3:hr>
            <ns3:cad>93</ns3:cad>
          </ns3:TrackPointExtension>
        </extensions>
      </trkpt>
      <trkpt lat="29.5388468541204929351806640625" lon="103.3330865018069744110107421875">
        <ele>2434.39990234375</ele>
        <time>2025-07-06T09:03:45.000Z</time>
        <extensions>
          <ns3:TrackPointExtension>
            <ns3:hr>140</ns3:hr>
            <ns3:cad>93</ns3:cad>
          </ns3:TrackPointExtension>
        </extensions>
      </trkpt>
      <trkpt lat="29.53885682858526706695556640625" lon="103.33307803608477115631103515625">
        <ele>2434.39990234375</ele>
        <time>2025-07-06T09:03:46.000Z</time>
        <extensions>
          <ns3:TrackPointExtension>
            <ns3:hr>140</ns3:hr>
            <ns3:cad>93</ns3:cad>
          </ns3:TrackPointExtension>
        </extensions>
      </trkpt>
      <trkpt lat="29.53886822797358036041259765625" lon="103.33306965418159961700439453125">
        <ele>2434.39990234375</ele>
        <time>2025-07-06T09:03:47.000Z</time>
        <extensions>
          <ns3:TrackPointExtension>
            <ns3:hr>140</ns3:hr>
            <ns3:cad>93</ns3:cad>
          </ns3:TrackPointExtension>
        </extensions>
      </trkpt>
      <trkpt lat="29.5388820581138134002685546875" lon="103.33306261338293552398681640625">
        <ele>2434.39990234375</ele>
        <time>2025-07-06T09:03:48.000Z</time>
        <extensions>
          <ns3:TrackPointExtension>
            <ns3:hr>140</ns3:hr>
            <ns3:cad>93</ns3:cad>
          </ns3:TrackPointExtension>
        </extensions>
      </trkpt>
      <trkpt lat="29.5388971455395221710205078125" lon="103.3330559916794300079345703125">
        <ele>2434.39990234375</ele>
        <time>2025-07-06T09:03:49.000Z</time>
        <extensions>
          <ns3:TrackPointExtension>
            <ns3:hr>139</ns3:hr>
            <ns3:cad>75</ns3:cad>
          </ns3:TrackPointExtension>
        </extensions>
      </trkpt>
      <trkpt lat="29.53891030512750148773193359375" lon="103.33304668776690959930419921875">
        <ele>2434.60009765625</ele>
        <time>2025-07-06T09:03:50.000Z</time>
        <extensions>
          <ns3:TrackPointExtension>
            <ns3:hr>139</ns3:hr>
            <ns3:cad>75</ns3:cad>
          </ns3:TrackPointExtension>
        </extensions>
      </trkpt>
      <trkpt lat="29.53892371617257595062255859375" lon="103.33303595893085002899169921875">
        <ele>2434.60009765625</ele>
        <time>2025-07-06T09:03:51.000Z</time>
        <extensions>
          <ns3:TrackPointExtension>
            <ns3:hr>139</ns3:hr>
            <ns3:cad>75</ns3:cad>
          </ns3:TrackPointExtension>
        </extensions>
      </trkpt>
      <trkpt lat="29.53894056379795074462890625" lon="103.3330236375331878662109375">
        <ele>2434.800048828125</ele>
        <time>2025-07-06T09:03:52.000Z</time>
        <extensions>
          <ns3:TrackPointExtension>
            <ns3:hr>139</ns3:hr>
            <ns3:cad>75</ns3:cad>
          </ns3:TrackPointExtension>
        </extensions>
      </trkpt>
      <trkpt lat="29.538959003984928131103515625" lon="103.333014585077762603759765625">
        <ele>2434.800048828125</ele>
        <time>2025-07-06T09:03:53.000Z</time>
        <extensions>
          <ns3:TrackPointExtension>
            <ns3:hr>139</ns3:hr>
            <ns3:cad>69</ns3:cad>
          </ns3:TrackPointExtension>
        </extensions>
      </trkpt>
      <trkpt lat="29.53897249884903430938720703125" lon="103.33300544880330562591552734375">
        <ele>2434.800048828125</ele>
        <time>2025-07-06T09:03:54.000Z</time>
        <extensions>
          <ns3:TrackPointExtension>
            <ns3:hr>140</ns3:hr>
            <ns3:cad>69</ns3:cad>
          </ns3:TrackPointExtension>
        </extensions>
      </trkpt>
      <trkpt lat="29.53898272477090358734130859375" lon="103.3330023474991321563720703125">
        <ele>2434.800048828125</ele>
        <time>2025-07-06T09:03:55.000Z</time>
        <extensions>
          <ns3:TrackPointExtension>
            <ns3:hr>140</ns3:hr>
            <ns3:cad>69</ns3:cad>
          </ns3:TrackPointExtension>
        </extensions>
      </trkpt>
      <trkpt lat="29.53899160958826541900634765625" lon="103.33299354650080204010009765625">
        <ele>2434.60009765625</ele>
        <time>2025-07-06T09:03:56.000Z</time>
        <extensions>
          <ns3:TrackPointExtension>
            <ns3:hr>140</ns3:hr>
            <ns3:cad>69</ns3:cad>
          </ns3:TrackPointExtension>
        </extensions>
      </trkpt>
      <trkpt lat="29.53900284133851528167724609375" lon="103.33298885263502597808837890625">
        <ele>2434.39990234375</ele>
        <time>2025-07-06T09:03:57.000Z</time>
        <extensions>
          <ns3:TrackPointExtension>
            <ns3:hr>141</ns3:hr>
            <ns3:cad>69</ns3:cad>
          </ns3:TrackPointExtension>
        </extensions>
      </trkpt>
      <trkpt lat="29.5390109717845916748046875" lon="103.33298482932150363922119140625">
        <ele>2434.199951171875</ele>
        <time>2025-07-06T09:03:58.000Z</time>
        <extensions>
          <ns3:TrackPointExtension>
            <ns3:hr>141</ns3:hr>
            <ns3:cad>69</ns3:cad>
          </ns3:TrackPointExtension>
        </extensions>
      </trkpt>
      <trkpt lat="29.53901432454586029052734375" lon="103.3329825662076473236083984375">
        <ele>2434</ele>
        <time>2025-07-06T09:03:59.000Z</time>
        <extensions>
          <ns3:TrackPointExtension>
            <ns3:hr>142</ns3:hr>
            <ns3:cad>69</ns3:cad>
          </ns3:TrackPointExtension>
        </extensions>
      </trkpt>
      <trkpt lat="29.539015330374240875244140625" lon="103.3329798839986324310302734375">
        <ele>2434</ele>
        <time>2025-07-06T09:04:00.000Z</time>
        <extensions>
          <ns3:TrackPointExtension>
            <ns3:hr>142</ns3:hr>
            <ns3:cad>69</ns3:cad>
          </ns3:TrackPointExtension>
        </extensions>
      </trkpt>
      <trkpt lat="29.53901440836489200592041015625" lon="103.3329778723418712615966796875">
        <ele>2433.800048828125</ele>
        <time>2025-07-06T09:04:01.000Z</time>
        <extensions>
          <ns3:TrackPointExtension>
            <ns3:hr>142</ns3:hr>
            <ns3:cad>69</ns3:cad>
          </ns3:TrackPointExtension>
        </extensions>
      </trkpt>
      <trkpt lat="29.53901943750679492950439453125" lon="103.3329755254089832305908203125">
        <ele>2433.800048828125</ele>
        <time>2025-07-06T09:04:02.000Z</time>
        <extensions>
          <ns3:TrackPointExtension>
            <ns3:hr>142</ns3:hr>
            <ns3:cad>0</ns3:cad>
          </ns3:TrackPointExtension>
        </extensions>
      </trkpt>
      <trkpt lat="29.53903268091380596160888671875" lon="103.332969658076763153076171875">
        <ele>2433.800048828125</ele>
        <time>2025-07-06T09:04:03.000Z</time>
        <extensions>
          <ns3:TrackPointExtension>
            <ns3:hr>142</ns3:hr>
            <ns3:cad>0</ns3:cad>
          </ns3:TrackPointExtension>
        </extensions>
      </trkpt>
      <trkpt lat="29.539035446941852569580078125" lon="103.3329624496400356292724609375">
        <ele>2433.60009765625</ele>
        <time>2025-07-06T09:04:04.000Z</time>
        <extensions>
          <ns3:TrackPointExtension>
            <ns3:hr>142</ns3:hr>
            <ns3:cad>0</ns3:cad>
          </ns3:TrackPointExtension>
        </extensions>
      </trkpt>
      <trkpt lat="29.53904357738792896270751953125" lon="103.3329557441174983978271484375">
        <ele>2433.60009765625</ele>
        <time>2025-07-06T09:04:05.000Z</time>
        <extensions>
          <ns3:TrackPointExtension>
            <ns3:hr>143</ns3:hr>
            <ns3:cad>0</ns3:cad>
          </ns3:TrackPointExtension>
        </extensions>
      </trkpt>
      <trkpt lat="29.539048187434673309326171875" lon="103.33295029588043689727783203125">
        <ele>2433.39990234375</ele>
        <time>2025-07-06T09:04:06.000Z</time>
        <extensions>
          <ns3:TrackPointExtension>
            <ns3:hr>143</ns3:hr>
            <ns3:cad>0</ns3:cad>
          </ns3:TrackPointExtension>
        </extensions>
      </trkpt>
      <trkpt lat="29.53905631788074970245361328125" lon="103.33294426091015338897705078125">
        <ele>2433.39990234375</ele>
        <time>2025-07-06T09:04:07.000Z</time>
        <extensions>
          <ns3:TrackPointExtension>
            <ns3:hr>144</ns3:hr>
            <ns3:cad>0</ns3:cad>
          </ns3:TrackPointExtension>
        </extensions>
      </trkpt>
      <trkpt lat="29.5390631072223186492919921875" lon="103.3329409919679164886474609375">
        <ele>2433.39990234375</ele>
        <time>2025-07-06T09:04:08.000Z</time>
        <extensions>
          <ns3:TrackPointExtension>
            <ns3:hr>144</ns3:hr>
            <ns3:cad>0</ns3:cad>
          </ns3:TrackPointExtension>
        </extensions>
      </trkpt>
      <trkpt lat="29.5390778593719005584716796875" lon="103.33292816765606403350830078125">
        <ele>2433.199951171875</ele>
        <time>2025-07-06T09:04:09.000Z</time>
        <extensions>
          <ns3:TrackPointExtension>
            <ns3:hr>144</ns3:hr>
            <ns3:cad>0</ns3:cad>
          </ns3:TrackPointExtension>
        </extensions>
      </trkpt>
      <trkpt lat="29.53908800147473812103271484375" lon="103.33291961811482906341552734375">
        <ele>2433.199951171875</ele>
        <time>2025-07-06T09:04:10.000Z</time>
        <extensions>
          <ns3:TrackPointExtension>
            <ns3:hr>144</ns3:hr>
            <ns3:cad>0</ns3:cad>
          </ns3:TrackPointExtension>
        </extensions>
      </trkpt>
      <trkpt lat="29.53909805975854396820068359375" lon="103.33290629088878631591796875">
        <ele>2433.199951171875</ele>
        <time>2025-07-06T09:04:11.000Z</time>
        <extensions>
          <ns3:TrackPointExtension>
            <ns3:hr>144</ns3:hr>
            <ns3:cad>0</ns3:cad>
          </ns3:TrackPointExtension>
        </extensions>
      </trkpt>
      <trkpt lat="29.53911029733717441558837890625" lon="103.332897238433361053466796875">
        <ele>2433</ele>
        <time>2025-07-06T09:04:12.000Z</time>
        <extensions>
          <ns3:TrackPointExtension>
            <ns3:hr>144</ns3:hr>
            <ns3:cad>0</ns3:cad>
          </ns3:TrackPointExtension>
        </extensions>
      </trkpt>
      <trkpt lat="29.53912119381129741668701171875" lon="103.33289648406207561492919921875">
        <ele>2433</ele>
        <time>2025-07-06T09:04:13.000Z</time>
        <extensions>
          <ns3:TrackPointExtension>
            <ns3:hr>144</ns3:hr>
            <ns3:cad>62</ns3:cad>
          </ns3:TrackPointExtension>
        </extensions>
      </trkpt>
      <trkpt lat="29.539134688675403594970703125" lon="103.33289514295756816864013671875">
        <ele>2433</ele>
        <time>2025-07-06T09:04:14.000Z</time>
        <extensions>
          <ns3:TrackPointExtension>
            <ns3:hr>144</ns3:hr>
            <ns3:cad>62</ns3:cad>
          </ns3:TrackPointExtension>
        </extensions>
      </trkpt>
      <trkpt lat="29.53914307057857513427734375" lon="103.3328940533101558685302734375">
        <ele>2433</ele>
        <time>2025-07-06T09:04:15.000Z</time>
        <extensions>
          <ns3:TrackPointExtension>
            <ns3:hr>144</ns3:hr>
            <ns3:cad>62</ns3:cad>
          </ns3:TrackPointExtension>
        </extensions>
      </trkpt>
      <trkpt lat="29.53915153630077838897705078125" lon="103.33289153873920440673828125">
        <ele>2433</ele>
        <time>2025-07-06T09:04:16.000Z</time>
        <extensions>
          <ns3:TrackPointExtension>
            <ns3:hr>144</ns3:hr>
            <ns3:cad>62</ns3:cad>
          </ns3:TrackPointExtension>
        </extensions>
      </trkpt>
      <trkpt lat="29.5391603372991085052490234375" lon="103.33288810215890407562255859375">
        <ele>2433</ele>
        <time>2025-07-06T09:04:17.000Z</time>
        <extensions>
          <ns3:TrackPointExtension>
            <ns3:hr>144</ns3:hr>
            <ns3:cad>62</ns3:cad>
          </ns3:TrackPointExtension>
        </extensions>
      </trkpt>
      <trkpt lat="29.53917064704000949859619140625" lon="103.33288541994988918304443359375">
        <ele>2433</ele>
        <time>2025-07-06T09:04:18.000Z</time>
        <extensions>
          <ns3:TrackPointExtension>
            <ns3:hr>144</ns3:hr>
            <ns3:cad>62</ns3:cad>
          </ns3:TrackPointExtension>
        </extensions>
      </trkpt>
      <trkpt lat="29.5391861535608768463134765625" lon="103.33287678658962249755859375">
        <ele>2433</ele>
        <time>2025-07-06T09:04:19.000Z</time>
        <extensions>
          <ns3:TrackPointExtension>
            <ns3:hr>143</ns3:hr>
            <ns3:cad>62</ns3:cad>
          </ns3:TrackPointExtension>
        </extensions>
      </trkpt>
      <trkpt lat="29.53919981606304645538330078125" lon="103.33286949433386325836181640625">
        <ele>2432.800048828125</ele>
        <time>2025-07-06T09:04:20.000Z</time>
        <extensions>
          <ns3:TrackPointExtension>
            <ns3:hr>143</ns3:hr>
            <ns3:cad>62</ns3:cad>
          </ns3:TrackPointExtension>
        </extensions>
      </trkpt>
      <trkpt lat="29.5392153225839138031005859375" lon="103.3328600227832794189453125">
        <ele>2432.60009765625</ele>
        <time>2025-07-06T09:04:21.000Z</time>
        <extensions>
          <ns3:TrackPointExtension>
            <ns3:hr>143</ns3:hr>
            <ns3:cad>62</ns3:cad>
          </ns3:TrackPointExtension>
        </extensions>
      </trkpt>
      <trkpt lat="29.53922621905803680419921875" lon="103.3328477852046489715576171875">
        <ele>2432.60009765625</ele>
        <time>2025-07-06T09:04:22.000Z</time>
        <extensions>
          <ns3:TrackPointExtension>
            <ns3:hr>143</ns3:hr>
            <ns3:cad>62</ns3:cad>
          </ns3:TrackPointExtension>
        </extensions>
      </trkpt>
      <trkpt lat="29.539240635931491851806640625" lon="103.332831524312496185302734375">
        <ele>2432.60009765625</ele>
        <time>2025-07-06T09:04:23.000Z</time>
        <extensions>
          <ns3:TrackPointExtension>
            <ns3:hr>141</ns3:hr>
            <ns3:cad>62</ns3:cad>
          </ns3:TrackPointExtension>
        </extensions>
      </trkpt>
      <trkpt lat="29.5392438210546970367431640625" lon="103.332823812961578369140625">
        <ele>2432.39990234375</ele>
        <time>2025-07-06T09:04:24.000Z</time>
        <extensions>
          <ns3:TrackPointExtension>
            <ns3:hr>138</ns3:hr>
            <ns3:cad>0</ns3:cad>
          </ns3:TrackPointExtension>
        </extensions>
      </trkpt>
      <trkpt lat="29.53926016576588153839111328125" lon="103.33280411548912525177001953125">
        <ele>2432.39990234375</ele>
        <time>2025-07-06T09:04:25.000Z</time>
        <extensions>
          <ns3:TrackPointExtension>
            <ns3:hr>137</ns3:hr>
            <ns3:cad>0</ns3:cad>
          </ns3:TrackPointExtension>
        </extensions>
      </trkpt>
      <trkpt lat="29.53927449882030487060546875" lon="103.332790620625019073486328125">
        <ele>2432.199951171875</ele>
        <time>2025-07-06T09:04:26.000Z</time>
        <extensions>
          <ns3:TrackPointExtension>
            <ns3:hr>137</ns3:hr>
            <ns3:cad>83</ns3:cad>
          </ns3:TrackPointExtension>
        </extensions>
      </trkpt>
      <trkpt lat="29.53928313218057155609130859375" lon="103.3327837474644184112548828125">
        <ele>2432</ele>
        <time>2025-07-06T09:04:27.000Z</time>
        <extensions>
          <ns3:TrackPointExtension>
            <ns3:hr>138</ns3:hr>
            <ns3:cad>83</ns3:cad>
          </ns3:TrackPointExtension>
        </extensions>
      </trkpt>
      <trkpt lat="29.5392954535782337188720703125" lon="103.3327713422477245330810546875">
        <ele>2431.60009765625</ele>
        <time>2025-07-06T09:04:28.000Z</time>
        <extensions>
          <ns3:TrackPointExtension>
            <ns3:hr>138</ns3:hr>
            <ns3:cad>83</ns3:cad>
          </ns3:TrackPointExtension>
        </extensions>
      </trkpt>
      <trkpt lat="29.53930802643299102783203125" lon="103.33276052959263324737548828125">
        <ele>2431.39990234375</ele>
        <time>2025-07-06T09:04:29.000Z</time>
        <extensions>
          <ns3:TrackPointExtension>
            <ns3:hr>139</ns3:hr>
            <ns3:cad>83</ns3:cad>
          </ns3:TrackPointExtension>
        </extensions>
      </trkpt>
      <trkpt lat="29.5393172465264797210693359375" lon="103.332749046385288238525390625">
        <ele>2431.199951171875</ele>
        <time>2025-07-06T09:04:30.000Z</time>
        <extensions>
          <ns3:TrackPointExtension>
            <ns3:hr>138</ns3:hr>
            <ns3:cad>83</ns3:cad>
          </ns3:TrackPointExtension>
        </extensions>
      </trkpt>
      <trkpt lat="29.5393249578773975372314453125" lon="103.33273706026375293731689453125">
        <ele>2430.800048828125</ele>
        <time>2025-07-06T09:04:31.000Z</time>
        <extensions>
          <ns3:TrackPointExtension>
            <ns3:hr>138</ns3:hr>
            <ns3:cad>83</ns3:cad>
          </ns3:TrackPointExtension>
        </extensions>
      </trkpt>
      <trkpt lat="29.5393346808850765228271484375" lon="103.33272616378962993621826171875">
        <ele>2430.60009765625</ele>
        <time>2025-07-06T09:04:32.000Z</time>
        <extensions>
          <ns3:TrackPointExtension>
            <ns3:hr>138</ns3:hr>
            <ns3:cad>83</ns3:cad>
          </ns3:TrackPointExtension>
        </extensions>
      </trkpt>
      <trkpt lat="29.53934901393949985504150390625" lon="103.3327140100300312042236328125">
        <ele>2430.199951171875</ele>
        <time>2025-07-06T09:04:33.000Z</time>
        <extensions>
          <ns3:TrackPointExtension>
            <ns3:hr>138</ns3:hr>
            <ns3:cad>83</ns3:cad>
          </ns3:TrackPointExtension>
        </extensions>
      </trkpt>
      <trkpt lat="29.53936259262263774871826171875" lon="103.332694731652736663818359375">
        <ele>2430</ele>
        <time>2025-07-06T09:04:34.000Z</time>
        <extensions>
          <ns3:TrackPointExtension>
            <ns3:hr>138</ns3:hr>
            <ns3:cad>83</ns3:cad>
          </ns3:TrackPointExtension>
        </extensions>
      </trkpt>
      <trkpt lat="29.53936980105936527252197265625" lon="103.33267972804605960845947265625">
        <ele>2429.60009765625</ele>
        <time>2025-07-06T09:04:35.000Z</time>
        <extensions>
          <ns3:TrackPointExtension>
            <ns3:hr>138</ns3:hr>
            <ns3:cad>73</ns3:cad>
          </ns3:TrackPointExtension>
        </extensions>
      </trkpt>
      <trkpt lat="29.539374075829982757568359375" lon="103.33266397006809711456298828125">
        <ele>2429.39990234375</ele>
        <time>2025-07-06T09:04:36.000Z</time>
        <extensions>
          <ns3:TrackPointExtension>
            <ns3:hr>138</ns3:hr>
            <ns3:cad>73</ns3:cad>
          </ns3:TrackPointExtension>
        </extensions>
      </trkpt>
      <trkpt lat="29.5393839664757251739501953125" lon="103.3326496370136737823486328125">
        <ele>2429.199951171875</ele>
        <time>2025-07-06T09:04:37.000Z</time>
        <extensions>
          <ns3:TrackPointExtension>
            <ns3:hr>138</ns3:hr>
            <ns3:cad>73</ns3:cad>
          </ns3:TrackPointExtension>
        </extensions>
      </trkpt>
      <trkpt lat="29.53939612023532390594482421875" lon="103.33263404667377471923828125">
        <ele>2429.199951171875</ele>
        <time>2025-07-06T09:04:38.000Z</time>
        <extensions>
          <ns3:TrackPointExtension>
            <ns3:hr>137</ns3:hr>
            <ns3:cad>73</ns3:cad>
          </ns3:TrackPointExtension>
        </extensions>
      </trkpt>
      <trkpt lat="29.53941271640360355377197265625" lon="103.33261971361935138702392578125">
        <ele>2429</ele>
        <time>2025-07-06T09:04:39.000Z</time>
        <extensions>
          <ns3:TrackPointExtension>
            <ns3:hr>138</ns3:hr>
            <ns3:cad>73</ns3:cad>
          </ns3:TrackPointExtension>
        </extensions>
      </trkpt>
      <trkpt lat="29.53942562453448772430419921875" lon="103.332609236240386962890625">
        <ele>2428.800048828125</ele>
        <time>2025-07-06T09:04:40.000Z</time>
        <extensions>
          <ns3:TrackPointExtension>
            <ns3:hr>138</ns3:hr>
            <ns3:cad>73</ns3:cad>
          </ns3:TrackPointExtension>
        </extensions>
      </trkpt>
      <trkpt lat="29.5394320785999298095703125" lon="103.33260051906108856201171875">
        <ele>2428.39990234375</ele>
        <time>2025-07-06T09:04:41.000Z</time>
        <extensions>
          <ns3:TrackPointExtension>
            <ns3:hr>139</ns3:hr>
            <ns3:cad>73</ns3:cad>
          </ns3:TrackPointExtension>
        </extensions>
      </trkpt>
      <trkpt lat="29.5394456572830677032470703125" lon="103.33259087987244129180908203125">
        <ele>2428.199951171875</ele>
        <time>2025-07-06T09:04:42.000Z</time>
        <extensions>
          <ns3:TrackPointExtension>
            <ns3:hr>139</ns3:hr>
            <ns3:cad>73</ns3:cad>
          </ns3:TrackPointExtension>
        </extensions>
      </trkpt>
      <trkpt lat="29.53945747576653957366943359375" lon="103.33258031867444515228271484375">
        <ele>2427.800048828125</ele>
        <time>2025-07-06T09:04:43.000Z</time>
        <extensions>
          <ns3:TrackPointExtension>
            <ns3:hr>140</ns3:hr>
            <ns3:cad>73</ns3:cad>
          </ns3:TrackPointExtension>
        </extensions>
      </trkpt>
      <trkpt lat="29.5394657738506793975830078125" lon="103.33257260732352733612060546875">
        <ele>2427.39990234375</ele>
        <time>2025-07-06T09:04:44.000Z</time>
        <extensions>
          <ns3:TrackPointExtension>
            <ns3:hr>140</ns3:hr>
            <ns3:cad>73</ns3:cad>
          </ns3:TrackPointExtension>
        </extensions>
      </trkpt>
      <trkpt lat="29.53947641886770725250244140625" lon="103.33256992511451244354248046875">
        <ele>2427.199951171875</ele>
        <time>2025-07-06T09:04:45.000Z</time>
        <extensions>
          <ns3:TrackPointExtension>
            <ns3:hr>141</ns3:hr>
            <ns3:cad>73</ns3:cad>
          </ns3:TrackPointExtension>
        </extensions>
      </trkpt>
      <trkpt lat="29.53948681242763996124267578125" lon="103.332563973963260650634765625">
        <ele>2426.800048828125</ele>
        <time>2025-07-06T09:04:46.000Z</time>
        <extensions>
          <ns3:TrackPointExtension>
            <ns3:hr>141</ns3:hr>
            <ns3:cad>73</ns3:cad>
          </ns3:TrackPointExtension>
        </extensions>
      </trkpt>
      <trkpt lat="29.539493434131145477294921875" lon="103.332557938992977142333984375">
        <ele>2426.60009765625</ele>
        <time>2025-07-06T09:04:47.000Z</time>
        <extensions>
          <ns3:TrackPointExtension>
            <ns3:hr>141</ns3:hr>
            <ns3:cad>73</ns3:cad>
          </ns3:TrackPointExtension>
        </extensions>
      </trkpt>
      <trkpt lat="29.539501480758190155029296875" lon="103.3325517363846302032470703125">
        <ele>2426.199951171875</ele>
        <time>2025-07-06T09:04:48.000Z</time>
        <extensions>
          <ns3:TrackPointExtension>
            <ns3:hr>142</ns3:hr>
            <ns3:cad>73</ns3:cad>
          </ns3:TrackPointExtension>
        </extensions>
      </trkpt>
      <trkpt lat="29.5395140536129474639892578125" lon="103.33254477940499782562255859375">
        <ele>2425.800048828125</ele>
        <time>2025-07-06T09:04:49.000Z</time>
        <extensions>
          <ns3:TrackPointExtension>
            <ns3:hr>142</ns3:hr>
            <ns3:cad>73</ns3:cad>
          </ns3:TrackPointExtension>
        </extensions>
      </trkpt>
      <trkpt lat="29.5395214296877384185791015625" lon="103.33253975026309490203857421875">
        <ele>2425.199951171875</ele>
        <time>2025-07-06T09:04:50.000Z</time>
        <extensions>
          <ns3:TrackPointExtension>
            <ns3:hr>141</ns3:hr>
            <ns3:cad>73</ns3:cad>
          </ns3:TrackPointExtension>
        </extensions>
      </trkpt>
      <trkpt lat="29.53952888958156108856201171875" lon="103.3325349725782871246337890625">
        <ele>2424.60009765625</ele>
        <time>2025-07-06T09:04:51.000Z</time>
        <extensions>
          <ns3:TrackPointExtension>
            <ns3:hr>141</ns3:hr>
            <ns3:cad>73</ns3:cad>
          </ns3:TrackPointExtension>
        </extensions>
      </trkpt>
      <trkpt lat="29.53954045660793781280517578125" lon="103.33252248354256153106689453125">
        <ele>2424.199951171875</ele>
        <time>2025-07-06T09:04:52.000Z</time>
        <extensions>
          <ns3:TrackPointExtension>
            <ns3:hr>141</ns3:hr>
            <ns3:cad>73</ns3:cad>
          </ns3:TrackPointExtension>
        </extensions>
      </trkpt>
      <trkpt lat="29.53955370001494884490966796875" lon="103.33251125179231166839599609375">
        <ele>2423.800048828125</ele>
        <time>2025-07-06T09:04:53.000Z</time>
        <extensions>
          <ns3:TrackPointExtension>
            <ns3:hr>141</ns3:hr>
            <ns3:cad>73</ns3:cad>
          </ns3:TrackPointExtension>
        </extensions>
      </trkpt>
      <trkpt lat="29.5395616628229618072509765625" lon="103.3324970863759517669677734375">
        <ele>2423.39990234375</ele>
        <time>2025-07-06T09:04:54.000Z</time>
        <extensions>
          <ns3:TrackPointExtension>
            <ns3:hr>140</ns3:hr>
            <ns3:cad>73</ns3:cad>
          </ns3:TrackPointExtension>
        </extensions>
      </trkpt>
      <trkpt lat="29.53957264311611652374267578125" lon="103.3324871957302093505859375">
        <ele>2423.199951171875</ele>
        <time>2025-07-06T09:04:55.000Z</time>
        <extensions>
          <ns3:TrackPointExtension>
            <ns3:hr>140</ns3:hr>
            <ns3:cad>73</ns3:cad>
          </ns3:TrackPointExtension>
        </extensions>
      </trkpt>
      <trkpt lat="29.539585970342159271240234375" lon="103.33247805945575237274169921875">
        <ele>2423</ele>
        <time>2025-07-06T09:04:56.000Z</time>
        <extensions>
          <ns3:TrackPointExtension>
            <ns3:hr>140</ns3:hr>
            <ns3:cad>0</ns3:cad>
          </ns3:TrackPointExtension>
        </extensions>
      </trkpt>
      <trkpt lat="29.53959996812045574188232421875" lon="103.332464732229709625244140625">
        <ele>2422.60009765625</ele>
        <time>2025-07-06T09:04:57.000Z</time>
        <extensions>
          <ns3:TrackPointExtension>
            <ns3:hr>140</ns3:hr>
            <ns3:cad>0</ns3:cad>
          </ns3:TrackPointExtension>
        </extensions>
      </trkpt>
      <trkpt lat="29.5396116189658641815185546875" lon="103.33245433866977691650390625">
        <ele>2422.199951171875</ele>
        <time>2025-07-06T09:04:58.000Z</time>
        <extensions>
          <ns3:TrackPointExtension>
            <ns3:hr>140</ns3:hr>
            <ns3:cad>0</ns3:cad>
          </ns3:TrackPointExtension>
        </extensions>
      </trkpt>
      <trkpt lat="29.5396193303167819976806640625" lon="103.33244604058563709259033203125">
        <ele>2421.800048828125</ele>
        <time>2025-07-06T09:04:59.000Z</time>
        <extensions>
          <ns3:TrackPointExtension>
            <ns3:hr>139</ns3:hr>
            <ns3:cad>0</ns3:cad>
          </ns3:TrackPointExtension>
        </extensions>
      </trkpt>
      <trkpt lat="29.53962578438222408294677734375" lon="103.33243782632052898406982421875">
        <ele>2421.39990234375</ele>
        <time>2025-07-06T09:05:00.000Z</time>
        <extensions>
          <ns3:TrackPointExtension>
            <ns3:hr>140</ns3:hr>
            <ns3:cad>0</ns3:cad>
          </ns3:TrackPointExtension>
        </extensions>
      </trkpt>
      <trkpt lat="29.5396303944289684295654296875" lon="103.33242944441735744476318359375">
        <ele>2421</ele>
        <time>2025-07-06T09:05:01.000Z</time>
        <extensions>
          <ns3:TrackPointExtension>
            <ns3:hr>140</ns3:hr>
            <ns3:cad>0</ns3:cad>
          </ns3:TrackPointExtension>
        </extensions>
      </trkpt>
      <trkpt lat="29.53964070416986942291259765625" lon="103.3324186317622661590576171875">
        <ele>2420.39990234375</ele>
        <time>2025-07-06T09:05:02.000Z</time>
        <extensions>
          <ns3:TrackPointExtension>
            <ns3:hr>140</ns3:hr>
            <ns3:cad>0</ns3:cad>
          </ns3:TrackPointExtension>
        </extensions>
      </trkpt>
      <trkpt lat="29.5396501757204532623291015625" lon="103.33240731619298458099365234375">
        <ele>2420.199951171875</ele>
        <time>2025-07-06T09:05:03.000Z</time>
        <extensions>
          <ns3:TrackPointExtension>
            <ns3:hr>140</ns3:hr>
            <ns3:cad>0</ns3:cad>
          </ns3:TrackPointExtension>
        </extensions>
      </trkpt>
      <trkpt lat="29.53965713270008563995361328125" lon="103.33240111358463764190673828125">
        <ele>2419.800048828125</ele>
        <time>2025-07-06T09:05:04.000Z</time>
        <extensions>
          <ns3:TrackPointExtension>
            <ns3:hr>140</ns3:hr>
            <ns3:cad>0</ns3:cad>
          </ns3:TrackPointExtension>
        </extensions>
      </trkpt>
      <trkpt lat="29.53966417349874973297119140625" lon="103.3323958329856395721435546875">
        <ele>2419.60009765625</ele>
        <time>2025-07-06T09:05:05.000Z</time>
        <extensions>
          <ns3:TrackPointExtension>
            <ns3:hr>140</ns3:hr>
            <ns3:cad>0</ns3:cad>
          </ns3:TrackPointExtension>
        </extensions>
      </trkpt>
      <trkpt lat="29.53967423178255558013916015625" lon="103.3323884569108486175537109375">
        <ele>2419.39990234375</ele>
        <time>2025-07-06T09:05:06.000Z</time>
        <extensions>
          <ns3:TrackPointExtension>
            <ns3:hr>139</ns3:hr>
            <ns3:cad>0</ns3:cad>
          </ns3:TrackPointExtension>
        </extensions>
      </trkpt>
      <trkpt lat="29.53968160785734653472900390625" lon="103.33238267339766025543212890625">
        <ele>2419.39990234375</ele>
        <time>2025-07-06T09:05:07.000Z</time>
        <extensions>
          <ns3:TrackPointExtension>
            <ns3:hr>139</ns3:hr>
            <ns3:cad>0</ns3:cad>
          </ns3:TrackPointExtension>
        </extensions>
      </trkpt>
      <trkpt lat="29.5396857149899005889892578125" lon="103.3323790691792964935302734375">
        <ele>2419.199951171875</ele>
        <time>2025-07-06T09:05:08.000Z</time>
        <extensions>
          <ns3:TrackPointExtension>
            <ns3:hr>139</ns3:hr>
            <ns3:cad>0</ns3:cad>
          </ns3:TrackPointExtension>
        </extensions>
      </trkpt>
      <trkpt lat="29.53969015739858150482177734375" lon="103.33238149993121623992919921875">
        <ele>2419</ele>
        <time>2025-07-06T09:05:09.000Z</time>
        <extensions>
          <ns3:TrackPointExtension>
            <ns3:hr>139</ns3:hr>
            <ns3:cad>0</ns3:cad>
          </ns3:TrackPointExtension>
        </extensions>
      </trkpt>
      <trkpt lat="29.5396987907588481903076171875" lon="103.332378566265106201171875">
        <ele>2418.800048828125</ele>
        <time>2025-07-06T09:05:10.000Z</time>
        <extensions>
          <ns3:TrackPointExtension>
            <ns3:hr>139</ns3:hr>
            <ns3:cad>0</ns3:cad>
          </ns3:TrackPointExtension>
        </extensions>
      </trkpt>
      <trkpt lat="29.53970641829073429107666015625" lon="103.3323730342090129852294921875">
        <ele>2418.60009765625</ele>
        <time>2025-07-06T09:05:11.000Z</time>
        <extensions>
          <ns3:TrackPointExtension>
            <ns3:hr>139</ns3:hr>
            <ns3:cad>81</ns3:cad>
          </ns3:TrackPointExtension>
        </extensions>
      </trkpt>
      <trkpt lat="29.539716728031635284423828125" lon="103.33236691541969776153564453125">
        <ele>2418.39990234375</ele>
        <time>2025-07-06T09:05:12.000Z</time>
        <extensions>
          <ns3:TrackPointExtension>
            <ns3:hr>138</ns3:hr>
            <ns3:cad>85</ns3:cad>
          </ns3:TrackPointExtension>
        </extensions>
      </trkpt>
      <trkpt lat="29.53972200863063335418701171875" lon="103.33236708305776119232177734375">
        <ele>2418.39990234375</ele>
        <time>2025-07-06T09:05:13.000Z</time>
        <extensions>
          <ns3:TrackPointExtension>
            <ns3:hr>138</ns3:hr>
            <ns3:cad>85</ns3:cad>
          </ns3:TrackPointExtension>
        </extensions>
      </trkpt>
      <trkpt lat="29.5397309772670269012451171875" lon="103.33236641250550746917724609375">
        <ele>2418</ele>
        <time>2025-07-06T09:05:14.000Z</time>
        <extensions>
          <ns3:TrackPointExtension>
            <ns3:hr>137</ns3:hr>
            <ns3:cad>85</ns3:cad>
          </ns3:TrackPointExtension>
        </extensions>
      </trkpt>
      <trkpt lat="29.53973860479891300201416015625" lon="103.3323555998504161834716796875">
        <ele>2418</ele>
        <time>2025-07-06T09:05:15.000Z</time>
        <extensions>
          <ns3:TrackPointExtension>
            <ns3:hr>136</ns3:hr>
            <ns3:cad>85</ns3:cad>
          </ns3:TrackPointExtension>
        </extensions>
      </trkpt>
      <trkpt lat="29.53974547795951366424560546875" lon="103.332341350615024566650390625">
        <ele>2417.800048828125</ele>
        <time>2025-07-06T09:05:16.000Z</time>
        <extensions>
          <ns3:TrackPointExtension>
            <ns3:hr>134</ns3:hr>
            <ns3:cad>85</ns3:cad>
          </ns3:TrackPointExtension>
        </extensions>
      </trkpt>
      <trkpt lat="29.5397504232823848724365234375" lon="103.3323301188647747039794921875">
        <ele>2417.60009765625</ele>
        <time>2025-07-06T09:05:17.000Z</time>
        <extensions>
          <ns3:TrackPointExtension>
            <ns3:hr>134</ns3:hr>
            <ns3:cad>85</ns3:cad>
          </ns3:TrackPointExtension>
        </extensions>
      </trkpt>
      <trkpt lat="29.53975469805300235748291015625" lon="103.3323200605809688568115234375">
        <ele>2417.39990234375</ele>
        <time>2025-07-06T09:05:18.000Z</time>
        <extensions>
          <ns3:TrackPointExtension>
            <ns3:hr>133</ns3:hr>
            <ns3:cad>85</ns3:cad>
          </ns3:TrackPointExtension>
        </extensions>
      </trkpt>
      <trkpt lat="29.53975654207170009613037109375" lon="103.3323106728494167327880859375">
        <ele>2417.199951171875</ele>
        <time>2025-07-06T09:05:19.000Z</time>
        <extensions>
          <ns3:TrackPointExtension>
            <ns3:hr>133</ns3:hr>
            <ns3:cad>85</ns3:cad>
          </ns3:TrackPointExtension>
        </extensions>
      </trkpt>
      <trkpt lat="29.5397579669952392578125" lon="103.3323022909462451934814453125">
        <ele>2417.199951171875</ele>
        <time>2025-07-06T09:05:20.000Z</time>
        <extensions>
          <ns3:TrackPointExtension>
            <ns3:hr>133</ns3:hr>
            <ns3:cad>85</ns3:cad>
          </ns3:TrackPointExtension>
        </extensions>
      </trkpt>
      <trkpt lat="29.53976240940392017364501953125" lon="103.3323101699352264404296875">
        <ele>2417.199951171875</ele>
        <time>2025-07-06T09:05:21.000Z</time>
        <extensions>
          <ns3:TrackPointExtension>
            <ns3:hr>133</ns3:hr>
            <ns3:cad>85</ns3:cad>
          </ns3:TrackPointExtension>
        </extensions>
      </trkpt>
      <trkpt lat="29.5397658459842205047607421875" lon="103.332316540181636810302734375">
        <ele>2417.39990234375</ele>
        <time>2025-07-06T09:05:22.000Z</time>
        <extensions>
          <ns3:TrackPointExtension>
            <ns3:hr>133</ns3:hr>
            <ns3:cad>85</ns3:cad>
          </ns3:TrackPointExtension>
        </extensions>
      </trkpt>
      <trkpt lat="29.539783112704753875732421875" lon="103.33231444470584392547607421875">
        <ele>2417.39990234375</ele>
        <time>2025-07-06T09:05:23.000Z</time>
        <extensions>
          <ns3:TrackPointExtension>
            <ns3:hr>133</ns3:hr>
            <ns3:cad>85</ns3:cad>
          </ns3:TrackPointExtension>
        </extensions>
      </trkpt>
      <trkpt lat="29.5397899858653545379638671875" lon="103.33230991847813129425048828125">
        <ele>2417.39990234375</ele>
        <time>2025-07-06T09:05:24.000Z</time>
        <extensions>
          <ns3:TrackPointExtension>
            <ns3:hr>132</ns3:hr>
            <ns3:cad>66</ns3:cad>
          </ns3:TrackPointExtension>
        </extensions>
      </trkpt>
      <trkpt lat="29.5397923327982425689697265625" lon="103.332303129136562347412109375">
        <ele>2417.39990234375</ele>
        <time>2025-07-06T09:05:25.000Z</time>
        <extensions>
          <ns3:TrackPointExtension>
            <ns3:hr>132</ns3:hr>
            <ns3:cad>62</ns3:cad>
          </ns3:TrackPointExtension>
        </extensions>
      </trkpt>
      <trkpt lat="29.5398023910820484161376953125" lon="103.332295753061771392822265625">
        <ele>2417.39990234375</ele>
        <time>2025-07-06T09:05:26.000Z</time>
        <extensions>
          <ns3:TrackPointExtension>
            <ns3:hr>132</ns3:hr>
            <ns3:cad>62</ns3:cad>
          </ns3:TrackPointExtension>
        </extensions>
      </trkpt>
      <trkpt lat="29.53981571830809116363525390625" lon="103.33229013718664646148681640625">
        <ele>2417.199951171875</ele>
        <time>2025-07-06T09:05:27.000Z</time>
        <extensions>
          <ns3:TrackPointExtension>
            <ns3:hr>132</ns3:hr>
            <ns3:cad>62</ns3:cad>
          </ns3:TrackPointExtension>
        </extensions>
      </trkpt>
      <trkpt lat="29.53982745297253131866455078125" lon="103.33228242583572864532470703125">
        <ele>2417.199951171875</ele>
        <time>2025-07-06T09:05:28.000Z</time>
        <extensions>
          <ns3:TrackPointExtension>
            <ns3:hr>132</ns3:hr>
            <ns3:cad>62</ns3:cad>
          </ns3:TrackPointExtension>
        </extensions>
      </trkpt>
      <trkpt lat="29.53983583487570285797119140625" lon="103.33228125236928462982177734375">
        <ele>2417.199951171875</ele>
        <time>2025-07-06T09:05:29.000Z</time>
        <extensions>
          <ns3:TrackPointExtension>
            <ns3:hr>132</ns3:hr>
            <ns3:cad>62</ns3:cad>
          </ns3:TrackPointExtension>
        </extensions>
      </trkpt>
      <trkpt lat="29.53983751125633716583251953125" lon="103.33228938281536102294921875">
        <ele>2417.199951171875</ele>
        <time>2025-07-06T09:05:30.000Z</time>
        <extensions>
          <ns3:TrackPointExtension>
            <ns3:hr>132</ns3:hr>
            <ns3:cad>61</ns3:cad>
          </ns3:TrackPointExtension>
        </extensions>
      </trkpt>
      <trkpt lat="29.5398342423141002655029296875" lon="103.3322939090430736541748046875">
        <ele>2417.199951171875</ele>
        <time>2025-07-06T09:05:31.000Z</time>
        <extensions>
          <ns3:TrackPointExtension>
            <ns3:hr>132</ns3:hr>
            <ns3:cad>61</ns3:cad>
          </ns3:TrackPointExtension>
        </extensions>
      </trkpt>
      <trkpt lat="29.53982594422996044158935546875" lon="103.3322999440133571624755859375">
        <ele>2417.199951171875</ele>
        <time>2025-07-06T09:05:32.000Z</time>
        <extensions>
          <ns3:TrackPointExtension>
            <ns3:hr>132</ns3:hr>
            <ns3:cad>61</ns3:cad>
          </ns3:TrackPointExtension>
        </extensions>
      </trkpt>
      <trkpt lat="29.5398158021271228790283203125" lon="103.3323123492300510406494140625">
        <ele>2417.199951171875</ele>
        <time>2025-07-06T09:05:33.000Z</time>
        <extensions>
          <ns3:TrackPointExtension>
            <ns3:hr>132</ns3:hr>
            <ns3:cad>61</ns3:cad>
          </ns3:TrackPointExtension>
        </extensions>
      </trkpt>
      <trkpt lat="29.53979375772178173065185546875" lon="103.3323235809803009033203125">
        <ele>2417.39990234375</ele>
        <time>2025-07-06T09:05:34.000Z</time>
        <extensions>
          <ns3:TrackPointExtension>
            <ns3:hr>133</ns3:hr>
            <ns3:cad>62</ns3:cad>
          </ns3:TrackPointExtension>
        </extensions>
      </trkpt>
      <trkpt lat="29.53977783210575580596923828125" lon="103.33232416771352291107177734375">
        <ele>2417.39990234375</ele>
        <time>2025-07-06T09:05:35.000Z</time>
        <extensions>
          <ns3:TrackPointExtension>
            <ns3:hr>133</ns3:hr>
            <ns3:cad>62</ns3:cad>
          </ns3:TrackPointExtension>
        </extensions>
      </trkpt>
      <trkpt lat="29.53976207412779331207275390625" lon="103.3323083259165287017822265625">
        <ele>2417.39990234375</ele>
        <time>2025-07-06T09:05:36.000Z</time>
        <extensions>
          <ns3:TrackPointExtension>
            <ns3:hr>133</ns3:hr>
            <ns3:cad>62</ns3:cad>
          </ns3:TrackPointExtension>
        </extensions>
      </trkpt>
      <trkpt lat="29.53975201584398746490478515625" lon="103.3322979323565959930419921875">
        <ele>2417.39990234375</ele>
        <time>2025-07-06T09:05:37.000Z</time>
        <extensions>
          <ns3:TrackPointExtension>
            <ns3:hr>133</ns3:hr>
            <ns3:cad>62</ns3:cad>
          </ns3:TrackPointExtension>
        </extensions>
      </trkpt>
      <trkpt lat="29.5397447235882282257080078125" lon="103.3322892151772975921630859375">
        <ele>2417.39990234375</ele>
        <time>2025-07-06T09:05:38.000Z</time>
        <extensions>
          <ns3:TrackPointExtension>
            <ns3:hr>132</ns3:hr>
            <ns3:cad>62</ns3:cad>
          </ns3:TrackPointExtension>
        </extensions>
      </trkpt>
      <trkpt lat="29.53974095173180103302001953125" lon="103.33228259347379207611083984375">
        <ele>2417.39990234375</ele>
        <time>2025-07-06T09:05:39.000Z</time>
        <extensions>
          <ns3:TrackPointExtension>
            <ns3:hr>131</ns3:hr>
            <ns3:cad>62</ns3:cad>
          </ns3:TrackPointExtension>
        </extensions>
      </trkpt>
      <trkpt lat="29.539734832942485809326171875" lon="103.332276977598667144775390625">
        <ele>2417.39990234375</ele>
        <time>2025-07-06T09:05:40.000Z</time>
        <extensions>
          <ns3:TrackPointExtension>
            <ns3:hr>130</ns3:hr>
            <ns3:cad>0</ns3:cad>
          </ns3:TrackPointExtension>
        </extensions>
      </trkpt>
      <trkpt lat="29.5397306419909000396728515625" lon="103.33226851187646389007568359375">
        <ele>2417.39990234375</ele>
        <time>2025-07-06T09:05:41.000Z</time>
        <extensions>
          <ns3:TrackPointExtension>
            <ns3:hr>129</ns3:hr>
            <ns3:cad>0</ns3:cad>
          </ns3:TrackPointExtension>
        </extensions>
      </trkpt>
      <trkpt lat="29.53973139636218547821044921875" lon="103.33225795067846775054931640625">
        <ele>2417.39990234375</ele>
        <time>2025-07-06T09:05:42.000Z</time>
        <extensions>
          <ns3:TrackPointExtension>
            <ns3:hr>129</ns3:hr>
            <ns3:cad>0</ns3:cad>
          </ns3:TrackPointExtension>
        </extensions>
      </trkpt>
      <trkpt lat="29.53974095173180103302001953125" lon="103.33224772475659847259521484375">
        <ele>2417.39990234375</ele>
        <time>2025-07-06T09:05:43.000Z</time>
        <extensions>
          <ns3:TrackPointExtension>
            <ns3:hr>129</ns3:hr>
            <ns3:cad>62</ns3:cad>
          </ns3:TrackPointExtension>
        </extensions>
      </trkpt>
      <trkpt lat="29.53975461423397064208984375" lon="103.33224780857563018798828125">
        <ele>2417.199951171875</ele>
        <time>2025-07-06T09:05:44.000Z</time>
        <extensions>
          <ns3:TrackPointExtension>
            <ns3:hr>129</ns3:hr>
            <ns3:cad>62</ns3:cad>
          </ns3:TrackPointExtension>
        </extensions>
      </trkpt>
      <trkpt lat="29.5397604815661907196044921875" lon="103.332249820232391357421875">
        <ele>2417.199951171875</ele>
        <time>2025-07-06T09:05:45.000Z</time>
        <extensions>
          <ns3:TrackPointExtension>
            <ns3:hr>130</ns3:hr>
            <ns3:cad>62</ns3:cad>
          </ns3:TrackPointExtension>
        </extensions>
      </trkpt>
      <trkpt lat="29.53976693563163280487060546875" lon="103.33224789239466190338134765625">
        <ele>2417.199951171875</ele>
        <time>2025-07-06T09:05:46.000Z</time>
        <extensions>
          <ns3:TrackPointExtension>
            <ns3:hr>130</ns3:hr>
            <ns3:cad>0</ns3:cad>
          </ns3:TrackPointExtension>
        </extensions>
      </trkpt>
      <trkpt lat="29.53978034667670726776123046875" lon="103.33224537782371044158935546875">
        <ele>2417</ele>
        <time>2025-07-06T09:05:47.000Z</time>
        <extensions>
          <ns3:TrackPointExtension>
            <ns3:hr>130</ns3:hr>
            <ns3:cad>0</ns3:cad>
          </ns3:TrackPointExtension>
        </extensions>
      </trkpt>
      <trkpt lat="29.539786465466022491455078125" lon="103.33224370144307613372802734375">
        <ele>2416.60009765625</ele>
        <time>2025-07-06T09:05:48.000Z</time>
        <extensions>
          <ns3:TrackPointExtension>
            <ns3:hr>129</ns3:hr>
            <ns3:cad>0</ns3:cad>
          </ns3:TrackPointExtension>
        </extensions>
      </trkpt>
      <trkpt lat="29.53979350626468658447265625" lon="103.33223548717796802520751953125">
        <ele>2416.39990234375</ele>
        <time>2025-07-06T09:05:49.000Z</time>
        <extensions>
          <ns3:TrackPointExtension>
            <ns3:hr>129</ns3:hr>
            <ns3:cad>0</ns3:cad>
          </ns3:TrackPointExtension>
        </extensions>
      </trkpt>
      <trkpt lat="29.5398020558059215545654296875" lon="103.332217633724212646484375">
        <ele>2416</ele>
        <time>2025-07-06T09:05:50.000Z</time>
        <extensions>
          <ns3:TrackPointExtension>
            <ns3:hr>129</ns3:hr>
            <ns3:cad>83</ns3:cad>
          </ns3:TrackPointExtension>
        </extensions>
      </trkpt>
      <trkpt lat="29.5398008823394775390625" lon="103.33220832981169223785400390625">
        <ele>2415.60009765625</ele>
        <time>2025-07-06T09:05:51.000Z</time>
        <extensions>
          <ns3:TrackPointExtension>
            <ns3:hr>129</ns3:hr>
            <ns3:cad>83</ns3:cad>
          </ns3:TrackPointExtension>
        </extensions>
      </trkpt>
      <trkpt lat="29.5397956855595111846923828125" lon="103.3321953378617763519287109375">
        <ele>2415.39990234375</ele>
        <time>2025-07-06T09:05:52.000Z</time>
        <extensions>
          <ns3:TrackPointExtension>
            <ns3:hr>129</ns3:hr>
            <ns3:cad>83</ns3:cad>
          </ns3:TrackPointExtension>
        </extensions>
      </trkpt>
      <trkpt lat="29.5397916622459888458251953125" lon="103.332186453044414520263671875">
        <ele>2415.199951171875</ele>
        <time>2025-07-06T09:05:53.000Z</time>
        <extensions>
          <ns3:TrackPointExtension>
            <ns3:hr>130</ns3:hr>
            <ns3:cad>83</ns3:cad>
          </ns3:TrackPointExtension>
        </extensions>
      </trkpt>
      <trkpt lat="29.53978738747537136077880859375" lon="103.33218184299767017364501953125">
        <ele>2415</ele>
        <time>2025-07-06T09:05:54.000Z</time>
        <extensions>
          <ns3:TrackPointExtension>
            <ns3:hr>129</ns3:hr>
            <ns3:cad>83</ns3:cad>
          </ns3:TrackPointExtension>
        </extensions>
      </trkpt>
      <trkpt lat="29.53978269360959529876708984375" lon="103.33217329345643520355224609375">
        <ele>2414.800048828125</ele>
        <time>2025-07-06T09:05:55.000Z</time>
        <extensions>
          <ns3:TrackPointExtension>
            <ns3:hr>129</ns3:hr>
            <ns3:cad>83</ns3:cad>
          </ns3:TrackPointExtension>
        </extensions>
      </trkpt>
      <trkpt lat="29.5397775806486606597900390625" lon="103.33216289989650249481201171875">
        <ele>2414.60009765625</ele>
        <time>2025-07-06T09:05:56.000Z</time>
        <extensions>
          <ns3:TrackPointExtension>
            <ns3:hr>129</ns3:hr>
            <ns3:cad>76</ns3:cad>
          </ns3:TrackPointExtension>
        </extensions>
      </trkpt>
      <trkpt lat="29.5397718809545040130615234375" lon="103.332161642611026763916015625">
        <ele>2414.199951171875</ele>
        <time>2025-07-06T09:05:57.000Z</time>
        <extensions>
          <ns3:TrackPointExtension>
            <ns3:hr>130</ns3:hr>
            <ns3:cad>76</ns3:cad>
          </ns3:TrackPointExtension>
        </extensions>
      </trkpt>
      <trkpt lat="29.53976492397487163543701171875" lon="103.33216063678264617919921875">
        <ele>2414</ele>
        <time>2025-07-06T09:05:58.000Z</time>
        <extensions>
          <ns3:TrackPointExtension>
            <ns3:hr>129</ns3:hr>
            <ns3:cad>76</ns3:cad>
          </ns3:TrackPointExtension>
        </extensions>
      </trkpt>
      <trkpt lat="29.53976341523230075836181640625" lon="103.332153260707855224609375">
        <ele>2413.60009765625</ele>
        <time>2025-07-06T09:05:59.000Z</time>
        <extensions>
          <ns3:TrackPointExtension>
            <ns3:hr>129</ns3:hr>
            <ns3:cad>77</ns3:cad>
          </ns3:TrackPointExtension>
        </extensions>
      </trkpt>
      <trkpt lat="29.5397604815661907196044921875" lon="103.33214362151920795440673828125">
        <ele>2413.39990234375</ele>
        <time>2025-07-06T09:06:00.000Z</time>
        <extensions>
          <ns3:TrackPointExtension>
            <ns3:hr>129</ns3:hr>
            <ns3:cad>77</ns3:cad>
          </ns3:TrackPointExtension>
        </extensions>
      </trkpt>
      <trkpt lat="29.5397608168423175811767578125" lon="103.33212065510451793670654296875">
        <ele>2413.199951171875</ele>
        <time>2025-07-06T09:06:01.000Z</time>
        <extensions>
          <ns3:TrackPointExtension>
            <ns3:hr>130</ns3:hr>
            <ns3:cad>77</ns3:cad>
          </ns3:TrackPointExtension>
        </extensions>
      </trkpt>
      <trkpt lat="29.53976727090775966644287109375" lon="103.33210187964141368865966796875">
        <ele>2413</ele>
        <time>2025-07-06T09:06:02.000Z</time>
        <extensions>
          <ns3:TrackPointExtension>
            <ns3:hr>130</ns3:hr>
            <ns3:cad>77</ns3:cad>
          </ns3:TrackPointExtension>
        </extensions>
      </trkpt>
      <trkpt lat="29.53977917321026325225830078125" lon="103.332084529101848602294921875">
        <ele>2412.800048828125</ele>
        <time>2025-07-06T09:06:03.000Z</time>
        <extensions>
          <ns3:TrackPointExtension>
            <ns3:hr>130</ns3:hr>
            <ns3:cad>77</ns3:cad>
          </ns3:TrackPointExtension>
        </extensions>
      </trkpt>
      <trkpt lat="29.53978738747537136077880859375" lon="103.33207623101770877838134765625">
        <ele>2412.60009765625</ele>
        <time>2025-07-06T09:06:04.000Z</time>
        <extensions>
          <ns3:TrackPointExtension>
            <ns3:hr>129</ns3:hr>
            <ns3:cad>77</ns3:cad>
          </ns3:TrackPointExtension>
        </extensions>
      </trkpt>
      <trkpt lat="29.53979275189340114593505859375" lon="103.33207455463707447052001953125">
        <ele>2412.39990234375</ele>
        <time>2025-07-06T09:06:05.000Z</time>
        <extensions>
          <ns3:TrackPointExtension>
            <ns3:hr>129</ns3:hr>
            <ns3:cad>77</ns3:cad>
          </ns3:TrackPointExtension>
        </extensions>
      </trkpt>
      <trkpt lat="29.539792835712432861328125" lon="103.33203951828181743621826171875">
        <ele>2412.39990234375</ele>
        <time>2025-07-06T09:06:06.000Z</time>
        <extensions>
          <ns3:TrackPointExtension>
            <ns3:hr>129</ns3:hr>
            <ns3:cad>77</ns3:cad>
          </ns3:TrackPointExtension>
        </extensions>
      </trkpt>
      <trkpt lat="29.53979593701660633087158203125" lon="103.33204823546111583709716796875">
        <ele>2412.39990234375</ele>
        <time>2025-07-06T09:06:07.000Z</time>
        <extensions>
          <ns3:TrackPointExtension>
            <ns3:hr>129</ns3:hr>
            <ns3:cad>77</ns3:cad>
          </ns3:TrackPointExtension>
        </extensions>
      </trkpt>
      <trkpt lat="29.53979928977787494659423828125" lon="103.3320481516420841217041015625">
        <ele>2412.39990234375</ele>
        <time>2025-07-06T09:06:08.000Z</time>
        <extensions>
          <ns3:TrackPointExtension>
            <ns3:hr>129</ns3:hr>
            <ns3:cad>77</ns3:cad>
          </ns3:TrackPointExtension>
        </extensions>
      </trkpt>
      <trkpt lat="29.53979761339724063873291015625" lon="103.3320488221943378448486328125">
        <ele>2412.39990234375</ele>
        <time>2025-07-06T09:06:09.000Z</time>
        <extensions>
          <ns3:TrackPointExtension>
            <ns3:hr>129</ns3:hr>
            <ns3:cad>77</ns3:cad>
          </ns3:TrackPointExtension>
        </extensions>
      </trkpt>
      <trkpt lat="29.53979727812111377716064453125" lon="103.33204873837530612945556640625">
        <ele>2412.39990234375</ele>
        <time>2025-07-06T09:06:10.000Z</time>
        <extensions>
          <ns3:TrackPointExtension>
            <ns3:hr>128</ns3:hr>
            <ns3:cad>77</ns3:cad>
          </ns3:TrackPointExtension>
        </extensions>
      </trkpt>
      <trkpt lat="29.53979107551276683807373046875" lon="103.33204756490886211395263671875">
        <ele>2412.39990234375</ele>
        <time>2025-07-06T09:06:11.000Z</time>
        <extensions>
          <ns3:TrackPointExtension>
            <ns3:hr>129</ns3:hr>
            <ns3:cad>68</ns3:cad>
          </ns3:TrackPointExtension>
        </extensions>
      </trkpt>
      <trkpt lat="29.53982912935316562652587890625" lon="103.33203448913991451263427734375">
        <ele>2412</ele>
        <time>2025-07-06T09:06:22.000Z</time>
        <extensions>
          <ns3:TrackPointExtension>
            <ns3:hr>129</ns3:hr>
            <ns3:cad>0</ns3:cad>
          </ns3:TrackPointExtension>
        </extensions>
      </trkpt>
      <trkpt lat="29.53984019346535205841064453125" lon="103.33203482441604137420654296875">
        <ele>2412</ele>
        <time>2025-07-06T09:06:23.000Z</time>
        <extensions>
          <ns3:TrackPointExtension>
            <ns3:hr>128</ns3:hr>
            <ns3:cad>0</ns3:cad>
          </ns3:TrackPointExtension>
        </extensions>
      </trkpt>
      <trkpt lat="29.53984773717820644378662109375" lon="103.33203432150185108184814453125">
        <ele>2412</ele>
        <time>2025-07-06T09:06:24.000Z</time>
        <extensions>
          <ns3:TrackPointExtension>
            <ns3:hr>128</ns3:hr>
            <ns3:cad>0</ns3:cad>
          </ns3:TrackPointExtension>
        </extensions>
      </trkpt>
      <trkpt lat="29.5398503355681896209716796875" lon="103.3320354111492633819580078125">
        <ele>2412.199951171875</ele>
        <time>2025-07-06T09:06:25.000Z</time>
        <extensions>
          <ns3:TrackPointExtension>
            <ns3:hr>128</ns3:hr>
            <ns3:cad>0</ns3:cad>
          </ns3:TrackPointExtension>
        </extensions>
      </trkpt>
      <trkpt lat="29.53985880129039287567138671875" lon="103.3320344053208827972412109375">
        <ele>2412.199951171875</ele>
        <time>2025-07-06T09:06:26.000Z</time>
        <extensions>
          <ns3:TrackPointExtension>
            <ns3:hr>129</ns3:hr>
            <ns3:cad>55</ns3:cad>
          </ns3:TrackPointExtension>
        </extensions>
      </trkpt>
      <trkpt lat="29.539866261184215545654296875" lon="103.33203063346445560455322265625">
        <ele>2412.199951171875</ele>
        <time>2025-07-06T09:06:27.000Z</time>
        <extensions>
          <ns3:TrackPointExtension>
            <ns3:hr>128</ns3:hr>
            <ns3:cad>55</ns3:cad>
          </ns3:TrackPointExtension>
        </extensions>
      </trkpt>
      <trkpt lat="29.539870955049991607666015625" lon="103.33202627487480640411376953125">
        <ele>2412</ele>
        <time>2025-07-06T09:06:28.000Z</time>
        <extensions>
          <ns3:TrackPointExtension>
            <ns3:hr>128</ns3:hr>
            <ns3:cad>0</ns3:cad>
          </ns3:TrackPointExtension>
        </extensions>
      </trkpt>
      <trkpt lat="29.53987137414515018463134765625" lon="103.332024514675140380859375">
        <ele>2412</ele>
        <time>2025-07-06T09:06:29.000Z</time>
        <extensions>
          <ns3:TrackPointExtension>
            <ns3:hr>128</ns3:hr>
            <ns3:cad>0</ns3:cad>
          </ns3:TrackPointExtension>
        </extensions>
      </trkpt>
      <trkpt lat="29.53986860811710357666015625" lon="103.332024514675140380859375">
        <ele>2411.800048828125</ele>
        <time>2025-07-06T09:06:30.000Z</time>
        <extensions>
          <ns3:TrackPointExtension>
            <ns3:hr>128</ns3:hr>
            <ns3:cad>53</ns3:cad>
          </ns3:TrackPointExtension>
        </extensions>
      </trkpt>
      <trkpt lat="29.539856202900409698486328125" lon="103.3320258557796478271484375">
        <ele>2411.800048828125</ele>
        <time>2025-07-06T09:06:31.000Z</time>
        <extensions>
          <ns3:TrackPointExtension>
            <ns3:hr>128</ns3:hr>
            <ns3:cad>53</ns3:cad>
          </ns3:TrackPointExtension>
        </extensions>
      </trkpt>
      <trkpt lat="29.539841450750827789306640625" lon="103.3320300467312335968017578125">
        <ele>2412</ele>
        <time>2025-07-06T09:06:32.000Z</time>
        <extensions>
          <ns3:TrackPointExtension>
            <ns3:hr>128</ns3:hr>
            <ns3:cad>55</ns3:cad>
          </ns3:TrackPointExtension>
        </extensions>
      </trkpt>
      <trkpt lat="29.53982979990541934967041015625" lon="103.3320339024066925048828125">
        <ele>2412</ele>
        <time>2025-07-06T09:06:33.000Z</time>
        <extensions>
          <ns3:TrackPointExtension>
            <ns3:hr>127</ns3:hr>
            <ns3:cad>55</ns3:cad>
          </ns3:TrackPointExtension>
        </extensions>
      </trkpt>
      <trkpt lat="29.53981907106935977935791015625" lon="103.33203591406345367431640625">
        <ele>2412</ele>
        <time>2025-07-06T09:06:34.000Z</time>
        <extensions>
          <ns3:TrackPointExtension>
            <ns3:hr>127</ns3:hr>
            <ns3:cad>55</ns3:cad>
          </ns3:TrackPointExtension>
        </extensions>
      </trkpt>
      <trkpt lat="29.53979694284498691558837890625" lon="103.33204203285276889801025390625">
        <ele>2412</ele>
        <time>2025-07-06T09:06:35.000Z</time>
        <extensions>
          <ns3:TrackPointExtension>
            <ns3:hr>127</ns3:hr>
            <ns3:cad>64</ns3:cad>
          </ns3:TrackPointExtension>
        </extensions>
      </trkpt>
      <trkpt lat="29.53977665863931179046630859375" lon="103.33205066621303558349609375">
        <ele>2412</ele>
        <time>2025-07-06T09:06:36.000Z</time>
        <extensions>
          <ns3:TrackPointExtension>
            <ns3:hr>127</ns3:hr>
            <ns3:cad>64</ns3:cad>
          </ns3:TrackPointExtension>
        </extensions>
      </trkpt>
      <trkpt lat="29.5397691987454891204833984375" lon="103.33205108530819416046142578125">
        <ele>2412</ele>
        <time>2025-07-06T09:06:37.000Z</time>
        <extensions>
          <ns3:TrackPointExtension>
            <ns3:hr>127</ns3:hr>
            <ns3:cad>64</ns3:cad>
          </ns3:TrackPointExtension>
        </extensions>
      </trkpt>
      <trkpt lat="29.539762325584888458251953125" lon="103.3320501632988452911376953125">
        <ele>2412</ele>
        <time>2025-07-06T09:06:38.000Z</time>
        <extensions>
          <ns3:TrackPointExtension>
            <ns3:hr>127</ns3:hr>
            <ns3:cad>64</ns3:cad>
          </ns3:TrackPointExtension>
        </extensions>
      </trkpt>
      <trkpt lat="29.5397544465959072113037109375" lon="103.3320515044033527374267578125">
        <ele>2412</ele>
        <time>2025-07-06T09:06:39.000Z</time>
        <extensions>
          <ns3:TrackPointExtension>
            <ns3:hr>126</ns3:hr>
            <ns3:cad>65</ns3:cad>
          </ns3:TrackPointExtension>
        </extensions>
      </trkpt>
      <trkpt lat="29.53975704498589038848876953125" lon="103.332051672041416168212890625">
        <ele>2412</ele>
        <time>2025-07-06T09:06:40.000Z</time>
        <extensions>
          <ns3:TrackPointExtension>
            <ns3:hr>126</ns3:hr>
            <ns3:cad>65</ns3:cad>
          </ns3:TrackPointExtension>
        </extensions>
      </trkpt>
      <trkpt lat="29.53976240940392017364501953125" lon="103.3320491574704647064208984375">
        <ele>2412</ele>
        <time>2025-07-06T09:06:41.000Z</time>
        <extensions>
          <ns3:TrackPointExtension>
            <ns3:hr>126</ns3:hr>
            <ns3:cad>63</ns3:cad>
          </ns3:TrackPointExtension>
        </extensions>
      </trkpt>
      <trkpt lat="29.53976911492645740509033203125" lon="103.3320468105375766754150390625">
        <ele>2412</ele>
        <time>2025-07-06T09:06:42.000Z</time>
        <extensions>
          <ns3:TrackPointExtension>
            <ns3:hr>126</ns3:hr>
            <ns3:cad>63</ns3:cad>
          </ns3:TrackPointExtension>
        </extensions>
      </trkpt>
      <trkpt lat="29.5397738926112651824951171875" lon="103.3320437930524349212646484375">
        <ele>2412</ele>
        <time>2025-07-06T09:06:43.000Z</time>
        <extensions>
          <ns3:TrackPointExtension>
            <ns3:hr>126</ns3:hr>
            <ns3:cad>64</ns3:cad>
          </ns3:TrackPointExtension>
        </extensions>
      </trkpt>
      <trkpt lat="29.53978286124765872955322265625" lon="103.332036919891834259033203125">
        <ele>2412.199951171875</ele>
        <time>2025-07-06T09:06:44.000Z</time>
        <extensions>
          <ns3:TrackPointExtension>
            <ns3:hr>126</ns3:hr>
            <ns3:cad>64</ns3:cad>
          </ns3:TrackPointExtension>
        </extensions>
      </trkpt>
      <trkpt lat="29.53978822566568851470947265625" lon="103.3320313878357410430908203125">
        <ele>2412.199951171875</ele>
        <time>2025-07-06T09:06:45.000Z</time>
        <extensions>
          <ns3:TrackPointExtension>
            <ns3:hr>125</ns3:hr>
            <ns3:cad>64</ns3:cad>
          </ns3:TrackPointExtension>
        </extensions>
      </trkpt>
      <trkpt lat="29.53979258425533771514892578125" lon="103.3320280350744724273681640625">
        <ele>2412.199951171875</ele>
        <time>2025-07-06T09:06:46.000Z</time>
        <extensions>
          <ns3:TrackPointExtension>
            <ns3:hr>125</ns3:hr>
            <ns3:cad>64</ns3:cad>
          </ns3:TrackPointExtension>
        </extensions>
      </trkpt>
      <trkpt lat="29.539798200130462646484375" lon="103.33202409557998180389404296875">
        <ele>2412.39990234375</ele>
        <time>2025-07-06T09:06:47.000Z</time>
        <extensions>
          <ns3:TrackPointExtension>
            <ns3:hr>125</ns3:hr>
            <ns3:cad>62</ns3:cad>
          </ns3:TrackPointExtension>
        </extensions>
      </trkpt>
      <trkpt lat="29.53981102444231510162353515625" lon="103.3320119418203830718994140625">
        <ele>2412.39990234375</ele>
        <time>2025-07-06T09:06:48.000Z</time>
        <extensions>
          <ns3:TrackPointExtension>
            <ns3:hr>125</ns3:hr>
            <ns3:cad>61</ns3:cad>
          </ns3:TrackPointExtension>
        </extensions>
      </trkpt>
      <trkpt lat="29.53982301056385040283203125" lon="103.33199811168015003204345703125">
        <ele>2412.39990234375</ele>
        <time>2025-07-06T09:06:49.000Z</time>
        <extensions>
          <ns3:TrackPointExtension>
            <ns3:hr>125</ns3:hr>
            <ns3:cad>62</ns3:cad>
          </ns3:TrackPointExtension>
        </extensions>
      </trkpt>
      <trkpt lat="29.53983533196151256561279296875" lon="103.33198637701570987701416015625">
        <ele>2412.39990234375</ele>
        <time>2025-07-06T09:06:50.000Z</time>
        <extensions>
          <ns3:TrackPointExtension>
            <ns3:hr>124</ns3:hr>
            <ns3:cad>64</ns3:cad>
          </ns3:TrackPointExtension>
        </extensions>
      </trkpt>
      <trkpt lat="29.53985025174915790557861328125" lon="103.3319757319986820220947265625">
        <ele>2412.199951171875</ele>
        <time>2025-07-06T09:06:51.000Z</time>
        <extensions>
          <ns3:TrackPointExtension>
            <ns3:hr>124</ns3:hr>
            <ns3:cad>64</ns3:cad>
          </ns3:TrackPointExtension>
        </extensions>
      </trkpt>
      <trkpt lat="29.53987187705934047698974609375" lon="103.3319656737148761749267578125">
        <ele>2412.199951171875</ele>
        <time>2025-07-06T09:06:52.000Z</time>
        <extensions>
          <ns3:TrackPointExtension>
            <ns3:hr>124</ns3:hr>
            <ns3:cad>64</ns3:cad>
          </ns3:TrackPointExtension>
        </extensions>
      </trkpt>
      <trkpt lat="29.53988864086568355560302734375" lon="103.33195745944976806640625">
        <ele>2412</ele>
        <time>2025-07-06T09:06:53.000Z</time>
        <extensions>
          <ns3:TrackPointExtension>
            <ns3:hr>124</ns3:hr>
            <ns3:cad>64</ns3:cad>
          </ns3:TrackPointExtension>
        </extensions>
      </trkpt>
      <trkpt lat="29.5399095118045806884765625" lon="103.33194782026112079620361328125">
        <ele>2412</ele>
        <time>2025-07-06T09:06:54.000Z</time>
        <extensions>
          <ns3:TrackPointExtension>
            <ns3:hr>124</ns3:hr>
            <ns3:cad>0</ns3:cad>
          </ns3:TrackPointExtension>
        </extensions>
      </trkpt>
      <trkpt lat="29.53992568887770175933837890625" lon="103.33194346167147159576416015625">
        <ele>2412</ele>
        <time>2025-07-06T09:06:55.000Z</time>
        <extensions>
          <ns3:TrackPointExtension>
            <ns3:hr>124</ns3:hr>
            <ns3:cad>0</ns3:cad>
          </ns3:TrackPointExtension>
        </extensions>
      </trkpt>
      <trkpt lat="29.5399405248463153839111328125" lon="103.33193826489150524139404296875">
        <ele>2412</ele>
        <time>2025-07-06T09:06:56.000Z</time>
        <extensions>
          <ns3:TrackPointExtension>
            <ns3:hr>124</ns3:hr>
            <ns3:cad>0</ns3:cad>
          </ns3:TrackPointExtension>
        </extensions>
      </trkpt>
      <trkpt lat="29.53998930752277374267578125" lon="103.33191546611487865447998046875">
        <ele>2412</ele>
        <time>2025-07-06T09:06:57.000Z</time>
        <extensions>
          <ns3:TrackPointExtension>
            <ns3:hr>123</ns3:hr>
            <ns3:cad>0</ns3:cad>
          </ns3:TrackPointExtension>
        </extensions>
      </trkpt>
      <trkpt lat="29.5400038920342922210693359375" lon="103.3319046534597873687744140625">
        <ele>2411.800048828125</ele>
        <time>2025-07-06T09:06:58.000Z</time>
        <extensions>
          <ns3:TrackPointExtension>
            <ns3:hr>123</ns3:hr>
            <ns3:cad>0</ns3:cad>
          </ns3:TrackPointExtension>
        </extensions>
      </trkpt>
      <trkpt lat="29.53999894671142101287841796875" lon="103.3318979479372501373291015625">
        <ele>2411.800048828125</ele>
        <time>2025-07-06T09:06:59.000Z</time>
        <extensions>
          <ns3:TrackPointExtension>
            <ns3:hr>123</ns3:hr>
            <ns3:cad>0</ns3:cad>
          </ns3:TrackPointExtension>
        </extensions>
      </trkpt>
    </trkseg>
  </trk>
</gpx>
