<?xml version="1.0" encoding="UTF-8"?>
<gpx creator="Garmin Connect" version="1.1"
  xsi:schemaLocation="http://www.topografix.com/GPX/1/1 http://www.topografix.com/GPX/11.xsd"
  xmlns:ns3="http://www.garmin.com/xmlschemas/TrackPointExtension/v1"
  xmlns="http://www.topografix.com/GPX/1/1"
  xmlns:xsi="http://www.w3.org/2001/XMLSchema-instance" xmlns:ns2="http://www.garmin.com/xmlschemas/GpxExtensions/v3">
  <metadata>
    <link href="connect.garmin.com">
      <text>Garmin Connect</text>
    </link>
    <time>2025-08-06T10:23:54.000Z</time>
  </metadata>
  <trk>
    <name>越野跑</name>
    <type>trail_running</type>
    <trkseg>
      <trkpt lat="24.42706860601902008056640625" lon="118.1263504922389984130859375">
        <ele>14.19999980926513671875</ele>
        <time>2025-08-06T10:23:57.000Z</time>
        <extensions>
          <ns3:TrackPointExtension>
            <ns3:hr>74</ns3:hr>
            <ns3:cad>0</ns3:cad>
          </ns3:TrackPointExtension>
        </extensions>
      </trkpt>
      <trkpt lat="24.4270798377692699432373046875" lon="118.1262430362403392791748046875">
        <ele>14.19999980926513671875</ele>
        <time>2025-08-06T10:23:58.000Z</time>
        <extensions>
          <ns3:TrackPointExtension>
            <ns3:hr>75</ns3:hr>
            <ns3:cad>0</ns3:cad>
          </ns3:TrackPointExtension>
        </extensions>
      </trkpt>
      <trkpt lat="24.427062235772609710693359375" lon="118.1262675113976001739501953125">
        <ele>14.19999980926513671875</ele>
        <time>2025-08-06T10:23:59.000Z</time>
        <extensions>
          <ns3:TrackPointExtension>
            <ns3:hr>75</ns3:hr>
            <ns3:cad>0</ns3:cad>
          </ns3:TrackPointExtension>
        </extensions>
      </trkpt>
      <trkpt lat="24.42708428017795085906982421875" lon="118.126284442842006683349609375">
        <ele>14.19999980926513671875</ele>
        <time>2025-08-06T10:24:00.000Z</time>
        <extensions>
          <ns3:TrackPointExtension>
            <ns3:hr>75</ns3:hr>
            <ns3:cad>59</ns3:cad>
          </ns3:TrackPointExtension>
        </extensions>
      </trkpt>
      <trkpt lat="24.42708411253988742828369140625" lon="118.12633900903165340423583984375">
        <ele>14.19999980926513671875</ele>
        <time>2025-08-06T10:24:01.000Z</time>
        <extensions>
          <ns3:TrackPointExtension>
            <ns3:hr>75</ns3:hr>
            <ns3:cad>54</ns3:cad>
          </ns3:TrackPointExtension>
        </extensions>
      </trkpt>
      <trkpt lat="24.4270781613886356353759765625" lon="118.126398436725139617919921875">
        <ele>14.19999980926513671875</ele>
        <time>2025-08-06T10:24:02.000Z</time>
        <extensions>
          <ns3:TrackPointExtension>
            <ns3:hr>75</ns3:hr>
            <ns3:cad>54</ns3:cad>
          </ns3:TrackPointExtension>
        </extensions>
      </trkpt>
      <trkpt lat="24.42707824520766735076904296875" lon="118.1264113448560237884521484375">
        <ele>14.3999996185302734375</ele>
        <time>2025-08-06T10:24:03.000Z</time>
        <extensions>
          <ns3:TrackPointExtension>
            <ns3:hr>75</ns3:hr>
            <ns3:cad>54</ns3:cad>
          </ns3:TrackPointExtension>
        </extensions>
      </trkpt>
      <trkpt lat="24.42707589827477931976318359375" lon="118.12640639953315258026123046875">
        <ele>14.3999996185302734375</ele>
        <time>2025-08-06T10:24:04.000Z</time>
        <extensions>
          <ns3:TrackPointExtension>
            <ns3:hr>75</ns3:hr>
            <ns3:cad>54</ns3:cad>
          </ns3:TrackPointExtension>
        </extensions>
      </trkpt>
      <trkpt lat="24.42708545364439487457275390625" lon="118.12641645781695842742919921875">
        <ele>14.6000003814697265625</ele>
        <time>2025-08-06T10:24:05.000Z</time>
        <extensions>
          <ns3:TrackPointExtension>
            <ns3:hr>75</ns3:hr>
            <ns3:cad>57</ns3:cad>
          </ns3:TrackPointExtension>
        </extensions>
      </trkpt>
      <trkpt lat="24.427078664302825927734375" lon="118.12641142867505550384521484375">
        <ele>14.80000019073486328125</ele>
        <time>2025-08-06T10:24:06.000Z</time>
        <extensions>
          <ns3:TrackPointExtension>
            <ns3:hr>76</ns3:hr>
            <ns3:cad>57</ns3:cad>
          </ns3:TrackPointExtension>
        </extensions>
      </trkpt>
      <trkpt lat="24.427067935466766357421875" lon="118.1264049746096134185791015625">
        <ele>14.80000019073486328125</ele>
        <time>2025-08-06T10:24:07.000Z</time>
        <extensions>
          <ns3:TrackPointExtension>
            <ns3:hr>76</ns3:hr>
            <ns3:cad>57</ns3:cad>
          </ns3:TrackPointExtension>
        </extensions>
      </trkpt>
      <trkpt lat="24.4270627386868000030517578125" lon="118.12640388496220111846923828125">
        <ele>14.80000019073486328125</ele>
        <time>2025-08-06T10:24:08.000Z</time>
        <extensions>
          <ns3:TrackPointExtension>
            <ns3:hr>76</ns3:hr>
            <ns3:cad>57</ns3:cad>
          </ns3:TrackPointExtension>
        </extensions>
      </trkpt>
      <trkpt lat="24.42705561406910419464111328125" lon="118.12638728879392147064208984375">
        <ele>15</ele>
        <time>2025-08-06T10:24:09.000Z</time>
        <extensions>
          <ns3:TrackPointExtension>
            <ns3:hr>76</ns3:hr>
            <ns3:cad>57</ns3:cad>
          </ns3:TrackPointExtension>
        </extensions>
      </trkpt>
      <trkpt lat="24.42705377005040645599365234375" lon="118.12637840397655963897705078125">
        <ele>15</ele>
        <time>2025-08-06T10:24:10.000Z</time>
        <extensions>
          <ns3:TrackPointExtension>
            <ns3:hr>76</ns3:hr>
            <ns3:cad>57</ns3:cad>
          </ns3:TrackPointExtension>
        </extensions>
      </trkpt>
      <trkpt lat="24.42705360241234302520751953125" lon="118.12637186609208583831787109375">
        <ele>14.80000019073486328125</ele>
        <time>2025-08-06T10:24:11.000Z</time>
        <extensions>
          <ns3:TrackPointExtension>
            <ns3:hr>76</ns3:hr>
            <ns3:cad>57</ns3:cad>
          </ns3:TrackPointExtension>
        </extensions>
      </trkpt>
      <trkpt lat="24.427054859697818756103515625" lon="118.126368261873722076416015625">
        <ele>14.80000019073486328125</ele>
        <time>2025-08-06T10:24:12.000Z</time>
        <extensions>
          <ns3:TrackPointExtension>
            <ns3:hr>76</ns3:hr>
            <ns3:cad>57</ns3:cad>
          </ns3:TrackPointExtension>
        </extensions>
      </trkpt>
      <trkpt lat="24.4270585477352142333984375" lon="118.12635459937155246734619140625">
        <ele>15</ele>
        <time>2025-08-06T10:24:13.000Z</time>
        <extensions>
          <ns3:TrackPointExtension>
            <ns3:hr>75</ns3:hr>
            <ns3:cad>57</ns3:cad>
          </ns3:TrackPointExtension>
        </extensions>
      </trkpt>
      <trkpt lat="24.42706148140132427215576171875" lon="118.1263466365635395050048828125">
        <ele>15</ele>
        <time>2025-08-06T10:24:14.000Z</time>
        <extensions>
          <ns3:TrackPointExtension>
            <ns3:hr>75</ns3:hr>
            <ns3:cad>57</ns3:cad>
          </ns3:TrackPointExtension>
        </extensions>
      </trkpt>
      <trkpt lat="24.42707153968513011932373046875" lon="118.12633297406136989593505859375">
        <ele>15</ele>
        <time>2025-08-06T10:24:15.000Z</time>
        <extensions>
          <ns3:TrackPointExtension>
            <ns3:hr>75</ns3:hr>
            <ns3:cad>53</ns3:cad>
          </ns3:TrackPointExtension>
        </extensions>
      </trkpt>
      <trkpt lat="24.427082352340221405029296875" lon="118.12631495296955108642578125">
        <ele>15</ele>
        <time>2025-08-06T10:24:16.000Z</time>
        <extensions>
          <ns3:TrackPointExtension>
            <ns3:hr>75</ns3:hr>
            <ns3:cad>53</ns3:cad>
          </ns3:TrackPointExtension>
        </extensions>
      </trkpt>
      <trkpt lat="24.42708260379731655120849609375" lon="118.12630615197122097015380859375">
        <ele>15</ele>
        <time>2025-08-06T10:24:17.000Z</time>
        <extensions>
          <ns3:TrackPointExtension>
            <ns3:hr>75</ns3:hr>
            <ns3:cad>53</ns3:cad>
          </ns3:TrackPointExtension>
        </extensions>
      </trkpt>
      <trkpt lat="24.42708729766309261322021484375" lon="118.1262953393161296844482421875">
        <ele>15</ele>
        <time>2025-08-06T10:24:18.000Z</time>
        <extensions>
          <ns3:TrackPointExtension>
            <ns3:hr>76</ns3:hr>
            <ns3:cad>53</ns3:cad>
          </ns3:TrackPointExtension>
        </extensions>
      </trkpt>
      <trkpt lat="24.4270805083215236663818359375" lon="118.12630154192447662353515625">
        <ele>15.19999980926513671875</ele>
        <time>2025-08-06T10:24:19.000Z</time>
        <extensions>
          <ns3:TrackPointExtension>
            <ns3:hr>76</ns3:hr>
            <ns3:cad>0</ns3:cad>
          </ns3:TrackPointExtension>
        </extensions>
      </trkpt>
      <trkpt lat="24.42708210088312625885009765625" lon="118.1262981891632080078125">
        <ele>15.3999996185302734375</ele>
        <time>2025-08-06T10:24:20.000Z</time>
        <extensions>
          <ns3:TrackPointExtension>
            <ns3:hr>76</ns3:hr>
            <ns3:cad>0</ns3:cad>
          </ns3:TrackPointExtension>
        </extensions>
      </trkpt>
      <trkpt lat="24.42708444781601428985595703125" lon="118.1262953393161296844482421875">
        <ele>15.6000003814697265625</ele>
        <time>2025-08-06T10:24:21.000Z</time>
        <extensions>
          <ns3:TrackPointExtension>
            <ns3:hr>75</ns3:hr>
            <ns3:cad>0</ns3:cad>
          </ns3:TrackPointExtension>
        </extensions>
      </trkpt>
      <trkpt lat="24.4270986132323741912841796875" lon="118.12628754414618015289306640625">
        <ele>15.80000019073486328125</ele>
        <time>2025-08-06T10:24:22.000Z</time>
        <extensions>
          <ns3:TrackPointExtension>
            <ns3:hr>76</ns3:hr>
            <ns3:cad>0</ns3:cad>
          </ns3:TrackPointExtension>
        </extensions>
      </trkpt>
      <trkpt lat="24.427110850811004638671875" lon="118.12628318555653095245361328125">
        <ele>16.200000762939453125</ele>
        <time>2025-08-06T10:24:23.000Z</time>
        <extensions>
          <ns3:TrackPointExtension>
            <ns3:hr>76</ns3:hr>
            <ns3:cad>0</ns3:cad>
          </ns3:TrackPointExtension>
        </extensions>
      </trkpt>
      <trkpt lat="24.4271214120090007781982421875" lon="118.1262795813381671905517578125">
        <ele>16.200000762939453125</ele>
        <time>2025-08-06T10:24:24.000Z</time>
        <extensions>
          <ns3:TrackPointExtension>
            <ns3:hr>76</ns3:hr>
            <ns3:cad>0</ns3:cad>
          </ns3:TrackPointExtension>
        </extensions>
      </trkpt>
      <trkpt lat="24.42713121883571147918701171875" lon="118.1262779049575328826904296875">
        <ele>16.3999996185302734375</ele>
        <time>2025-08-06T10:24:25.000Z</time>
        <extensions>
          <ns3:TrackPointExtension>
            <ns3:hr>76</ns3:hr>
            <ns3:cad>53</ns3:cad>
          </ns3:TrackPointExtension>
        </extensions>
      </trkpt>
      <trkpt lat="24.427146054804325103759765625" lon="118.1262752227485179901123046875">
        <ele>16.3999996185302734375</ele>
        <time>2025-08-06T10:24:26.000Z</time>
        <extensions>
          <ns3:TrackPointExtension>
            <ns3:hr>76</ns3:hr>
            <ns3:cad>53</ns3:cad>
          </ns3:TrackPointExtension>
        </extensions>
      </trkpt>
      <trkpt lat="24.42716784775257110595703125" lon="118.12627203762531280517578125">
        <ele>16.6000003814697265625</ele>
        <time>2025-08-06T10:24:27.000Z</time>
        <extensions>
          <ns3:TrackPointExtension>
            <ns3:hr>76</ns3:hr>
            <ns3:cad>51</ns3:cad>
          </ns3:TrackPointExtension>
        </extensions>
      </trkpt>
      <trkpt lat="24.4271760620176792144775390625" lon="118.12627094797790050506591796875">
        <ele>16.3999996185302734375</ele>
        <time>2025-08-06T10:24:28.000Z</time>
        <extensions>
          <ns3:TrackPointExtension>
            <ns3:hr>77</ns3:hr>
            <ns3:cad>51</ns3:cad>
          </ns3:TrackPointExtension>
        </extensions>
      </trkpt>
      <trkpt lat="24.427187629044055938720703125" lon="118.12627078033983707427978515625">
        <ele>16.200000762939453125</ele>
        <time>2025-08-06T10:24:29.000Z</time>
        <extensions>
          <ns3:TrackPointExtension>
            <ns3:hr>76</ns3:hr>
            <ns3:cad>51</ns3:cad>
          </ns3:TrackPointExtension>
        </extensions>
      </trkpt>
      <trkpt lat="24.427201040089130401611328125" lon="118.1262768991291522979736328125">
        <ele>16.200000762939453125</ele>
        <time>2025-08-06T10:24:30.000Z</time>
        <extensions>
          <ns3:TrackPointExtension>
            <ns3:hr>76</ns3:hr>
            <ns3:cad>0</ns3:cad>
          </ns3:TrackPointExtension>
        </extensions>
      </trkpt>
      <trkpt lat="24.42720766179263591766357421875" lon="118.12627916224300861358642578125">
        <ele>16</ele>
        <time>2025-08-06T10:24:31.000Z</time>
        <extensions>
          <ns3:TrackPointExtension>
            <ns3:hr>77</ns3:hr>
            <ns3:cad>0</ns3:cad>
          </ns3:TrackPointExtension>
        </extensions>
      </trkpt>
      <trkpt lat="24.427223168313503265380859375" lon="118.12628469429910182952880859375">
        <ele>16</ele>
        <time>2025-08-06T10:24:32.000Z</time>
        <extensions>
          <ns3:TrackPointExtension>
            <ns3:hr>77</ns3:hr>
            <ns3:cad>0</ns3:cad>
          </ns3:TrackPointExtension>
        </extensions>
      </trkpt>
      <trkpt lat="24.427229873836040496826171875" lon="118.126287125051021575927734375">
        <ele>16</ele>
        <time>2025-08-06T10:24:33.000Z</time>
        <extensions>
          <ns3:TrackPointExtension>
            <ns3:hr>78</ns3:hr>
            <ns3:cad>0</ns3:cad>
          </ns3:TrackPointExtension>
        </extensions>
      </trkpt>
      <trkpt lat="24.42723247222602367401123046875" lon="118.126291818916797637939453125">
        <ele>16.200000762939453125</ele>
        <time>2025-08-06T10:24:34.000Z</time>
        <extensions>
          <ns3:TrackPointExtension>
            <ns3:hr>78</ns3:hr>
            <ns3:cad>0</ns3:cad>
          </ns3:TrackPointExtension>
        </extensions>
      </trkpt>
      <trkpt lat="24.42724169231951236724853515625" lon="118.12629793770611286163330078125">
        <ele>16.200000762939453125</ele>
        <time>2025-08-06T10:24:35.000Z</time>
        <extensions>
          <ns3:TrackPointExtension>
            <ns3:hr>79</ns3:hr>
            <ns3:cad>0</ns3:cad>
          </ns3:TrackPointExtension>
        </extensions>
      </trkpt>
      <trkpt lat="24.4272463023662567138671875" lon="118.12630531378090381622314453125">
        <ele>16.3999996185302734375</ele>
        <time>2025-08-06T10:24:36.000Z</time>
        <extensions>
          <ns3:TrackPointExtension>
            <ns3:hr>80</ns3:hr>
            <ns3:cad>0</ns3:cad>
          </ns3:TrackPointExtension>
        </extensions>
      </trkpt>
      <trkpt lat="24.42724638618528842926025390625" lon="118.1263102591037750244140625">
        <ele>16.3999996185302734375</ele>
        <time>2025-08-06T10:24:37.000Z</time>
        <extensions>
          <ns3:TrackPointExtension>
            <ns3:hr>89</ns3:hr>
            <ns3:cad>0</ns3:cad>
          </ns3:TrackPointExtension>
        </extensions>
      </trkpt>
      <trkpt lat="24.42724688909947872161865234375" lon="118.12631486915051937103271484375">
        <ele>16.6000003814697265625</ele>
        <time>2025-08-06T10:24:38.000Z</time>
        <extensions>
          <ns3:TrackPointExtension>
            <ns3:hr>110</ns3:hr>
            <ns3:cad>0</ns3:cad>
          </ns3:TrackPointExtension>
        </extensions>
      </trkpt>
      <trkpt lat="24.42725275643169879913330078125" lon="118.1263268552720546722412109375">
        <ele>16.6000003814697265625</ele>
        <time>2025-08-06T10:24:39.000Z</time>
        <extensions>
          <ns3:TrackPointExtension>
            <ns3:hr>112</ns3:hr>
            <ns3:cad>0</ns3:cad>
          </ns3:TrackPointExtension>
        </extensions>
      </trkpt>
      <trkpt lat="24.427254684269428253173828125" lon="118.12633766792714595794677734375">
        <ele>16.6000003814697265625</ele>
        <time>2025-08-06T10:24:40.000Z</time>
        <extensions>
          <ns3:TrackPointExtension>
            <ns3:hr>113</ns3:hr>
            <ns3:cad>0</ns3:cad>
          </ns3:TrackPointExtension>
        </extensions>
      </trkpt>
      <trkpt lat="24.4272588752210140228271484375" lon="118.1263504922389984130859375">
        <ele>16.799999237060546875</ele>
        <time>2025-08-06T10:24:41.000Z</time>
        <extensions>
          <ns3:TrackPointExtension>
            <ns3:hr>113</ns3:hr>
            <ns3:cad>49</ns3:cad>
          </ns3:TrackPointExtension>
        </extensions>
      </trkpt>
      <trkpt lat="24.42726331762969493865966796875" lon="118.12635610811412334442138671875">
        <ele>17</ele>
        <time>2025-08-06T10:24:42.000Z</time>
        <extensions>
          <ns3:TrackPointExtension>
            <ns3:hr>113</ns3:hr>
            <ns3:cad>49</ns3:cad>
          </ns3:TrackPointExtension>
        </extensions>
      </trkpt>
      <trkpt lat="24.42726549692451953887939453125" lon="118.12637471593916416168212890625">
        <ele>17.200000762939453125</ele>
        <time>2025-08-06T10:24:43.000Z</time>
        <extensions>
          <ns3:TrackPointExtension>
            <ns3:hr>113</ns3:hr>
            <ns3:cad>0</ns3:cad>
          </ns3:TrackPointExtension>
        </extensions>
      </trkpt>
      <trkpt lat="24.42726910114288330078125" lon="118.12638276256620883941650390625">
        <ele>17.3999996185302734375</ele>
        <time>2025-08-06T10:24:44.000Z</time>
        <extensions>
          <ns3:TrackPointExtension>
            <ns3:hr>113</ns3:hr>
            <ns3:cad>0</ns3:cad>
          </ns3:TrackPointExtension>
        </extensions>
      </trkpt>
      <trkpt lat="24.42726977169513702392578125" lon="118.12639717943966388702392578125">
        <ele>17.3999996185302734375</ele>
        <time>2025-08-06T10:24:45.000Z</time>
        <extensions>
          <ns3:TrackPointExtension>
            <ns3:hr>112</ns3:hr>
            <ns3:cad>0</ns3:cad>
          </ns3:TrackPointExtension>
        </extensions>
      </trkpt>
      <trkpt lat="24.42726868204772472381591796875" lon="118.12641226686537265777587890625">
        <ele>17.3999996185302734375</ele>
        <time>2025-08-06T10:24:46.000Z</time>
        <extensions>
          <ns3:TrackPointExtension>
            <ns3:hr>112</ns3:hr>
            <ns3:cad>0</ns3:cad>
          </ns3:TrackPointExtension>
        </extensions>
      </trkpt>
      <trkpt lat="24.42726482637226581573486328125" lon="118.12642584554851055145263671875">
        <ele>17.3999996185302734375</ele>
        <time>2025-08-06T10:24:47.000Z</time>
        <extensions>
          <ns3:TrackPointExtension>
            <ns3:hr>112</ns3:hr>
            <ns3:cad>0</ns3:cad>
          </ns3:TrackPointExtension>
        </extensions>
      </trkpt>
      <trkpt lat="24.427256025373935699462890625" lon="118.12644294463098049163818359375">
        <ele>17.3999996185302734375</ele>
        <time>2025-08-06T10:24:48.000Z</time>
        <extensions>
          <ns3:TrackPointExtension>
            <ns3:hr>112</ns3:hr>
            <ns3:cad>0</ns3:cad>
          </ns3:TrackPointExtension>
        </extensions>
      </trkpt>
      <trkpt lat="24.4272488169372081756591796875" lon="118.1264485605061054229736328125">
        <ele>17.6000003814697265625</ele>
        <time>2025-08-06T10:24:49.000Z</time>
        <extensions>
          <ns3:TrackPointExtension>
            <ns3:hr>112</ns3:hr>
            <ns3:cad>0</ns3:cad>
          </ns3:TrackPointExtension>
        </extensions>
      </trkpt>
      <trkpt lat="24.4272411055862903594970703125" lon="118.12645585276186466217041015625">
        <ele>17.799999237060546875</ele>
        <time>2025-08-06T10:24:50.000Z</time>
        <extensions>
          <ns3:TrackPointExtension>
            <ns3:hr>111</ns3:hr>
            <ns3:cad>0</ns3:cad>
          </ns3:TrackPointExtension>
        </extensions>
      </trkpt>
      <trkpt lat="24.42723892629146575927734375" lon="118.12646104954183101654052734375">
        <ele>18.200000762939453125</ele>
        <time>2025-08-06T10:24:51.000Z</time>
        <extensions>
          <ns3:TrackPointExtension>
            <ns3:hr>111</ns3:hr>
            <ns3:cad>55</ns3:cad>
          </ns3:TrackPointExtension>
        </extensions>
      </trkpt>
      <trkpt lat="24.42723565734922885894775390625" lon="118.12646691687405109405517578125">
        <ele>18.3999996185302734375</ele>
        <time>2025-08-06T10:24:52.000Z</time>
        <extensions>
          <ns3:TrackPointExtension>
            <ns3:hr>111</ns3:hr>
            <ns3:cad>55</ns3:cad>
          </ns3:TrackPointExtension>
        </extensions>
      </trkpt>
      <trkpt lat="24.42723029293119907379150390625" lon="118.12647580169141292572021484375">
        <ele>18.3999996185302734375</ele>
        <time>2025-08-06T10:24:53.000Z</time>
        <extensions>
          <ns3:TrackPointExtension>
            <ns3:hr>112</ns3:hr>
            <ns3:cad>55</ns3:cad>
          </ns3:TrackPointExtension>
        </extensions>
      </trkpt>
      <trkpt lat="24.4272219948470592498779296875" lon="118.1264861114323139190673828125">
        <ele>18.200000762939453125</ele>
        <time>2025-08-06T10:24:54.000Z</time>
        <extensions>
          <ns3:TrackPointExtension>
            <ns3:hr>112</ns3:hr>
            <ns3:cad>55</ns3:cad>
          </ns3:TrackPointExtension>
        </extensions>
      </trkpt>
      <trkpt lat="24.42721612751483917236328125" lon="118.12649608589708805084228515625">
        <ele>18.200000762939453125</ele>
        <time>2025-08-06T10:24:55.000Z</time>
        <extensions>
          <ns3:TrackPointExtension>
            <ns3:hr>112</ns3:hr>
            <ns3:cad>55</ns3:cad>
          </ns3:TrackPointExtension>
        </extensions>
      </trkpt>
      <trkpt lat="24.42721076309680938720703125" lon="118.12650379724800586700439453125">
        <ele>18</ele>
        <time>2025-08-06T10:24:56.000Z</time>
        <extensions>
          <ns3:TrackPointExtension>
            <ns3:hr>112</ns3:hr>
            <ns3:cad>55</ns3:cad>
          </ns3:TrackPointExtension>
        </extensions>
      </trkpt>
      <trkpt lat="24.42720062099397182464599609375" lon="118.1265159510076045989990234375">
        <ele>18.200000762939453125</ele>
        <time>2025-08-06T10:24:57.000Z</time>
        <extensions>
          <ns3:TrackPointExtension>
            <ns3:hr>112</ns3:hr>
            <ns3:cad>0</ns3:cad>
          </ns3:TrackPointExtension>
        </extensions>
      </trkpt>
      <trkpt lat="24.42719710059463977813720703125" lon="118.12651838175952434539794921875">
        <ele>18.200000762939453125</ele>
        <time>2025-08-06T10:24:58.000Z</time>
        <extensions>
          <ns3:TrackPointExtension>
            <ns3:hr>112</ns3:hr>
            <ns3:cad>0</ns3:cad>
          </ns3:TrackPointExtension>
        </extensions>
      </trkpt>
      <trkpt lat="24.42719207145273685455322265625" lon="118.12652659602463245391845703125">
        <ele>18.200000762939453125</ele>
        <time>2025-08-06T10:24:59.000Z</time>
        <extensions>
          <ns3:TrackPointExtension>
            <ns3:hr>112</ns3:hr>
            <ns3:cad>0</ns3:cad>
          </ns3:TrackPointExtension>
        </extensions>
      </trkpt>
      <trkpt lat="24.42718637175858020782470703125" lon="118.126536905765533447265625">
        <ele>18.200000762939453125</ele>
        <time>2025-08-06T10:25:00.000Z</time>
        <extensions>
          <ns3:TrackPointExtension>
            <ns3:hr>111</ns3:hr>
            <ns3:cad>0</ns3:cad>
          </ns3:TrackPointExtension>
        </extensions>
      </trkpt>
      <trkpt lat="24.4271787442266941070556640625" lon="118.126547969877719879150390625">
        <ele>18.200000762939453125</ele>
        <time>2025-08-06T10:25:01.000Z</time>
        <extensions>
          <ns3:TrackPointExtension>
            <ns3:hr>110</ns3:hr>
            <ns3:cad>0</ns3:cad>
          </ns3:TrackPointExtension>
        </extensions>
      </trkpt>
      <trkpt lat="24.427170865237712860107421875" lon="118.12655710615217685699462890625">
        <ele>18.200000762939453125</ele>
        <time>2025-08-06T10:25:02.000Z</time>
        <extensions>
          <ns3:TrackPointExtension>
            <ns3:hr>110</ns3:hr>
            <ns3:cad>0</ns3:cad>
          </ns3:TrackPointExtension>
        </extensions>
      </trkpt>
      <trkpt lat="24.42716089077293872833251953125" lon="118.12656766735017299652099609375">
        <ele>18.3999996185302734375</ele>
        <time>2025-08-06T10:25:03.000Z</time>
        <extensions>
          <ns3:TrackPointExtension>
            <ns3:hr>110</ns3:hr>
            <ns3:cad>0</ns3:cad>
          </ns3:TrackPointExtension>
        </extensions>
      </trkpt>
      <trkpt lat="24.42715418525040149688720703125" lon="118.12657378613948822021484375">
        <ele>18.6000003814697265625</ele>
        <time>2025-08-06T10:25:04.000Z</time>
        <extensions>
          <ns3:TrackPointExtension>
            <ns3:hr>109</ns3:hr>
            <ns3:cad>0</ns3:cad>
          </ns3:TrackPointExtension>
        </extensions>
      </trkpt>
      <trkpt lat="24.4271457195281982421875" lon="118.12658359296619892120361328125">
        <ele>18.799999237060546875</ele>
        <time>2025-08-06T10:25:05.000Z</time>
        <extensions>
          <ns3:TrackPointExtension>
            <ns3:hr>109</ns3:hr>
            <ns3:cad>0</ns3:cad>
          </ns3:TrackPointExtension>
        </extensions>
      </trkpt>
      <trkpt lat="24.42714127711951732635498046875" lon="118.1265877000987529754638671875">
        <ele>18.799999237060546875</ele>
        <time>2025-08-06T10:25:06.000Z</time>
        <extensions>
          <ns3:TrackPointExtension>
            <ns3:hr>108</ns3:hr>
            <ns3:cad>0</ns3:cad>
          </ns3:TrackPointExtension>
        </extensions>
      </trkpt>
      <trkpt lat="24.42713624797761440277099609375" lon="118.1265947408974170684814453125">
        <ele>18.799999237060546875</ele>
        <time>2025-08-06T10:25:07.000Z</time>
        <extensions>
          <ns3:TrackPointExtension>
            <ns3:hr>107</ns3:hr>
            <ns3:cad>0</ns3:cad>
          </ns3:TrackPointExtension>
        </extensions>
      </trkpt>
      <trkpt lat="24.42713390104472637176513671875" lon="118.1265994347631931304931640625">
        <ele>19</ele>
        <time>2025-08-06T10:25:08.000Z</time>
        <extensions>
          <ns3:TrackPointExtension>
            <ns3:hr>106</ns3:hr>
            <ns3:cad>0</ns3:cad>
          </ns3:TrackPointExtension>
        </extensions>
      </trkpt>
      <trkpt lat="24.42712535150349140167236328125" lon="118.12660924158990383148193359375">
        <ele>18.799999237060546875</ele>
        <time>2025-08-06T10:25:09.000Z</time>
        <extensions>
          <ns3:TrackPointExtension>
            <ns3:hr>106</ns3:hr>
            <ns3:cad>0</ns3:cad>
          </ns3:TrackPointExtension>
        </extensions>
      </trkpt>
      <trkpt lat="24.42711696960031986236572265625" lon="118.1266215629875659942626953125">
        <ele>18.799999237060546875</ele>
        <time>2025-08-06T10:25:10.000Z</time>
        <extensions>
          <ns3:TrackPointExtension>
            <ns3:hr>106</ns3:hr>
            <ns3:cad>0</ns3:cad>
          </ns3:TrackPointExtension>
        </extensions>
      </trkpt>
      <trkpt lat="24.42710892297327518463134765625" lon="118.1266309507191181182861328125">
        <ele>19</ele>
        <time>2025-08-06T10:25:11.000Z</time>
        <extensions>
          <ns3:TrackPointExtension>
            <ns3:hr>105</ns3:hr>
            <ns3:cad>0</ns3:cad>
          </ns3:TrackPointExtension>
        </extensions>
      </trkpt>
      <trkpt lat="24.4271023012697696685791015625" lon="118.12663807533681392669677734375">
        <ele>19</ele>
        <time>2025-08-06T10:25:12.000Z</time>
        <extensions>
          <ns3:TrackPointExtension>
            <ns3:hr>105</ns3:hr>
            <ns3:cad>53</ns3:cad>
          </ns3:TrackPointExtension>
        </extensions>
      </trkpt>
      <trkpt lat="24.42709534429013729095458984375" lon="118.12664486467838287353515625">
        <ele>19</ele>
        <time>2025-08-06T10:25:13.000Z</time>
        <extensions>
          <ns3:TrackPointExtension>
            <ns3:hr>105</ns3:hr>
            <ns3:cad>53</ns3:cad>
          </ns3:TrackPointExtension>
        </extensions>
      </trkpt>
      <trkpt lat="24.42708738148212432861328125" lon="118.12665467150509357452392578125">
        <ele>19.200000762939453125</ele>
        <time>2025-08-06T10:25:14.000Z</time>
        <extensions>
          <ns3:TrackPointExtension>
            <ns3:hr>106</ns3:hr>
            <ns3:cad>50</ns3:cad>
          </ns3:TrackPointExtension>
        </extensions>
      </trkpt>
      <trkpt lat="24.4270801730453968048095703125" lon="118.12666204757988452911376953125">
        <ele>19.3999996185302734375</ele>
        <time>2025-08-06T10:25:15.000Z</time>
        <extensions>
          <ns3:TrackPointExtension>
            <ns3:hr>105</ns3:hr>
            <ns3:cad>0</ns3:cad>
          </ns3:TrackPointExtension>
        </extensions>
      </trkpt>
      <trkpt lat="24.42707288078963756561279296875" lon="118.12667034566402435302734375">
        <ele>19.6000003814697265625</ele>
        <time>2025-08-06T10:25:16.000Z</time>
        <extensions>
          <ns3:TrackPointExtension>
            <ns3:hr>105</ns3:hr>
            <ns3:cad>0</ns3:cad>
          </ns3:TrackPointExtension>
        </extensions>
      </trkpt>
      <trkpt lat="24.4270660914480686187744140625" lon="118.126676715910434722900390625">
        <ele>20</ele>
        <time>2025-08-06T10:25:17.000Z</time>
        <extensions>
          <ns3:TrackPointExtension>
            <ns3:hr>105</ns3:hr>
            <ns3:cad>0</ns3:cad>
          </ns3:TrackPointExtension>
        </extensions>
      </trkpt>
      <trkpt lat="24.4270620681345462799072265625" lon="118.12668484635651111602783203125">
        <ele>20.200000762939453125</ele>
        <time>2025-08-06T10:25:18.000Z</time>
        <extensions>
          <ns3:TrackPointExtension>
            <ns3:hr>105</ns3:hr>
            <ns3:cad>0</ns3:cad>
          </ns3:TrackPointExtension>
        </extensions>
      </trkpt>
      <trkpt lat="24.42705879919230937957763671875" lon="118.1266916356980800628662109375">
        <ele>20.200000762939453125</ele>
        <time>2025-08-06T10:25:19.000Z</time>
        <extensions>
          <ns3:TrackPointExtension>
            <ns3:hr>105</ns3:hr>
            <ns3:cad>0</ns3:cad>
          </ns3:TrackPointExtension>
        </extensions>
      </trkpt>
      <trkpt lat="24.4270536862313747406005859375" lon="118.126700185239315032958984375">
        <ele>20.200000762939453125</ele>
        <time>2025-08-06T10:25:20.000Z</time>
        <extensions>
          <ns3:TrackPointExtension>
            <ns3:hr>105</ns3:hr>
            <ns3:cad>0</ns3:cad>
          </ns3:TrackPointExtension>
        </extensions>
      </trkpt>
      <trkpt lat="24.42704790271818637847900390625" lon="118.12670999206602573394775390625">
        <ele>20</ele>
        <time>2025-08-06T10:25:21.000Z</time>
        <extensions>
          <ns3:TrackPointExtension>
            <ns3:hr>105</ns3:hr>
            <ns3:cad>0</ns3:cad>
          </ns3:TrackPointExtension>
        </extensions>
      </trkpt>
      <trkpt lat="24.4270426221191883087158203125" lon="118.12671921215951442718505859375">
        <ele>20</ele>
        <time>2025-08-06T10:25:22.000Z</time>
        <extensions>
          <ns3:TrackPointExtension>
            <ns3:hr>105</ns3:hr>
            <ns3:cad>0</ns3:cad>
          </ns3:TrackPointExtension>
        </extensions>
      </trkpt>
      <trkpt lat="24.42703784443438053131103515625" lon="118.1267275102436542510986328125">
        <ele>19.799999237060546875</ele>
        <time>2025-08-06T10:25:23.000Z</time>
        <extensions>
          <ns3:TrackPointExtension>
            <ns3:hr>105</ns3:hr>
            <ns3:cad>0</ns3:cad>
          </ns3:TrackPointExtension>
        </extensions>
      </trkpt>
      <trkpt lat="24.4270302169024944305419921875" lon="118.1267348863184452056884765625">
        <ele>20</ele>
        <time>2025-08-06T10:25:24.000Z</time>
        <extensions>
          <ns3:TrackPointExtension>
            <ns3:hr>105</ns3:hr>
            <ns3:cad>0</ns3:cad>
          </ns3:TrackPointExtension>
        </extensions>
      </trkpt>
      <trkpt lat="24.42702594213187694549560546875" lon="118.12674419023096561431884765625">
        <ele>20</ele>
        <time>2025-08-06T10:25:25.000Z</time>
        <extensions>
          <ns3:TrackPointExtension>
            <ns3:hr>104</ns3:hr>
            <ns3:cad>0</ns3:cad>
          </ns3:TrackPointExtension>
        </extensions>
      </trkpt>
      <trkpt lat="24.42702208645641803741455078125" lon="118.12675491906702518463134765625">
        <ele>20.200000762939453125</ele>
        <time>2025-08-06T10:25:26.000Z</time>
        <extensions>
          <ns3:TrackPointExtension>
            <ns3:hr>104</ns3:hr>
            <ns3:cad>0</ns3:cad>
          </ns3:TrackPointExtension>
        </extensions>
      </trkpt>
      <trkpt lat="24.42701789550483226776123046875" lon="118.1267637200653553009033203125">
        <ele>20.3999996185302734375</ele>
        <time>2025-08-06T10:25:27.000Z</time>
        <extensions>
          <ns3:TrackPointExtension>
            <ns3:hr>104</ns3:hr>
            <ns3:cad>0</ns3:cad>
          </ns3:TrackPointExtension>
        </extensions>
      </trkpt>
      <trkpt lat="24.42701353691518306732177734375" lon="118.12677537091076374053955078125">
        <ele>20.3999996185302734375</ele>
        <time>2025-08-06T10:25:28.000Z</time>
        <extensions>
          <ns3:TrackPointExtension>
            <ns3:hr>103</ns3:hr>
            <ns3:cad>0</ns3:cad>
          </ns3:TrackPointExtension>
        </extensions>
      </trkpt>
      <trkpt lat="24.427009932696819305419921875" lon="118.12678341753780841827392578125">
        <ele>20.6000003814697265625</ele>
        <time>2025-08-06T10:25:29.000Z</time>
        <extensions>
          <ns3:TrackPointExtension>
            <ns3:hr>102</ns3:hr>
            <ns3:cad>53</ns3:cad>
          </ns3:TrackPointExtension>
        </extensions>
      </trkpt>
      <trkpt lat="24.4270067475736141204833984375" lon="118.1267895363271236419677734375">
        <ele>20.799999237060546875</ele>
        <time>2025-08-06T10:25:30.000Z</time>
        <extensions>
          <ns3:TrackPointExtension>
            <ns3:hr>102</ns3:hr>
            <ns3:cad>53</ns3:cad>
          </ns3:TrackPointExtension>
        </extensions>
      </trkpt>
      <trkpt lat="24.42700314335525035858154296875" lon="118.1267969124019145965576171875">
        <ele>21</ele>
        <time>2025-08-06T10:25:31.000Z</time>
        <extensions>
          <ns3:TrackPointExtension>
            <ns3:hr>102</ns3:hr>
            <ns3:cad>52</ns3:cad>
          </ns3:TrackPointExtension>
        </extensions>
      </trkpt>
      <trkpt lat="24.42700020968914031982421875" lon="118.1268037855625152587890625">
        <ele>21.200000762939453125</ele>
        <time>2025-08-06T10:25:32.000Z</time>
        <extensions>
          <ns3:TrackPointExtension>
            <ns3:hr>101</ns3:hr>
            <ns3:cad>52</ns3:cad>
          </ns3:TrackPointExtension>
        </extensions>
      </trkpt>
      <trkpt lat="24.4269966892898082733154296875" lon="118.12681074254214763641357421875">
        <ele>21.200000762939453125</ele>
        <time>2025-08-06T10:25:33.000Z</time>
        <extensions>
          <ns3:TrackPointExtension>
            <ns3:hr>101</ns3:hr>
            <ns3:cad>0</ns3:cad>
          </ns3:TrackPointExtension>
        </extensions>
      </trkpt>
      <trkpt lat="24.4269941747188568115234375" lon="118.1268203817307949066162109375">
        <ele>21.3999996185302734375</ele>
        <time>2025-08-06T10:25:34.000Z</time>
        <extensions>
          <ns3:TrackPointExtension>
            <ns3:hr>101</ns3:hr>
            <ns3:cad>0</ns3:cad>
          </ns3:TrackPointExtension>
        </extensions>
      </trkpt>
      <trkpt lat="24.4269906543195247650146484375" lon="118.1268337927758693695068359375">
        <ele>21.200000762939453125</ele>
        <time>2025-08-06T10:25:35.000Z</time>
        <extensions>
          <ns3:TrackPointExtension>
            <ns3:hr>101</ns3:hr>
            <ns3:cad>0</ns3:cad>
          </ns3:TrackPointExtension>
        </extensions>
      </trkpt>
      <trkpt lat="24.42698654718697071075439453125" lon="118.12684510834515094757080078125">
        <ele>21.200000762939453125</ele>
        <time>2025-08-06T10:25:36.000Z</time>
        <extensions>
          <ns3:TrackPointExtension>
            <ns3:hr>100</ns3:hr>
            <ns3:cad>0</ns3:cad>
          </ns3:TrackPointExtension>
        </extensions>
      </trkpt>
      <trkpt lat="24.42698319442570209503173828125" lon="118.1268552504479885101318359375">
        <ele>21.200000762939453125</ele>
        <time>2025-08-06T10:25:37.000Z</time>
        <extensions>
          <ns3:TrackPointExtension>
            <ns3:hr>101</ns3:hr>
            <ns3:cad>0</ns3:cad>
          </ns3:TrackPointExtension>
        </extensions>
      </trkpt>
      <trkpt lat="24.42697984166443347930908203125" lon="118.12686556018888950347900390625">
        <ele>21.200000762939453125</ele>
        <time>2025-08-06T10:25:38.000Z</time>
        <extensions>
          <ns3:TrackPointExtension>
            <ns3:hr>101</ns3:hr>
            <ns3:cad>0</ns3:cad>
          </ns3:TrackPointExtension>
        </extensions>
      </trkpt>
      <trkpt lat="24.42697581835091114044189453125" lon="118.1268753670156002044677734375">
        <ele>21.3999996185302734375</ele>
        <time>2025-08-06T10:25:39.000Z</time>
        <extensions>
          <ns3:TrackPointExtension>
            <ns3:hr>101</ns3:hr>
            <ns3:cad>0</ns3:cad>
          </ns3:TrackPointExtension>
        </extensions>
      </trkpt>
      <trkpt lat="24.42697246558964252471923828125" lon="118.12688517384231090545654296875">
        <ele>21.3999996185302734375</ele>
        <time>2025-08-06T10:25:40.000Z</time>
        <extensions>
          <ns3:TrackPointExtension>
            <ns3:hr>102</ns3:hr>
            <ns3:cad>0</ns3:cad>
          </ns3:TrackPointExtension>
        </extensions>
      </trkpt>
      <trkpt lat="24.42696928046643733978271484375" lon="118.126893974840641021728515625">
        <ele>21.6000003814697265625</ele>
        <time>2025-08-06T10:25:41.000Z</time>
        <extensions>
          <ns3:TrackPointExtension>
            <ns3:hr>102</ns3:hr>
            <ns3:cad>0</ns3:cad>
          </ns3:TrackPointExtension>
        </extensions>
      </trkpt>
      <trkpt lat="24.42696274258196353912353515625" lon="118.12690378166735172271728515625">
        <ele>21.6000003814697265625</ele>
        <time>2025-08-06T10:25:42.000Z</time>
        <extensions>
          <ns3:TrackPointExtension>
            <ns3:hr>103</ns3:hr>
            <ns3:cad>0</ns3:cad>
          </ns3:TrackPointExtension>
        </extensions>
      </trkpt>
      <trkpt lat="24.42695821635425090789794921875" lon="118.12691568396985530853271484375">
        <ele>21.799999237060546875</ele>
        <time>2025-08-06T10:25:43.000Z</time>
        <extensions>
          <ns3:TrackPointExtension>
            <ns3:hr>104</ns3:hr>
            <ns3:cad>54</ns3:cad>
          </ns3:TrackPointExtension>
        </extensions>
      </trkpt>
      <trkpt lat="24.4269527681171894073486328125" lon="118.12692574225366115570068359375">
        <ele>21.799999237060546875</ele>
        <time>2025-08-06T10:25:44.000Z</time>
        <extensions>
          <ns3:TrackPointExtension>
            <ns3:hr>104</ns3:hr>
            <ns3:cad>55</ns3:cad>
          </ns3:TrackPointExtension>
        </extensions>
      </trkpt>
      <trkpt lat="24.42694882862269878387451171875" lon="118.12693496234714984893798828125">
        <ele>22</ele>
        <time>2025-08-06T10:25:45.000Z</time>
        <extensions>
          <ns3:TrackPointExtension>
            <ns3:hr>105</ns3:hr>
            <ns3:cad>56</ns3:cad>
          </ns3:TrackPointExtension>
        </extensions>
      </trkpt>
      <trkpt lat="24.42694430239498615264892578125" lon="118.1269451044499874114990234375">
        <ele>22</ele>
        <time>2025-08-06T10:25:46.000Z</time>
        <extensions>
          <ns3:TrackPointExtension>
            <ns3:hr>106</ns3:hr>
            <ns3:cad>56</ns3:cad>
          </ns3:TrackPointExtension>
        </extensions>
      </trkpt>
      <trkpt lat="24.426938183605670928955078125" lon="118.12695826403796672821044921875">
        <ele>22.200000762939453125</ele>
        <time>2025-08-06T10:25:47.000Z</time>
        <extensions>
          <ns3:TrackPointExtension>
            <ns3:hr>107</ns3:hr>
            <ns3:cad>55</ns3:cad>
          </ns3:TrackPointExtension>
        </extensions>
      </trkpt>
      <trkpt lat="24.426932148635387420654296875" lon="118.126969076693058013916015625">
        <ele>22.200000762939453125</ele>
        <time>2025-08-06T10:25:48.000Z</time>
        <extensions>
          <ns3:TrackPointExtension>
            <ns3:hr>107</ns3:hr>
            <ns3:cad>54</ns3:cad>
          </ns3:TrackPointExtension>
        </extensions>
      </trkpt>
      <trkpt lat="24.42692653276026248931884765625" lon="118.126979134976863861083984375">
        <ele>22.3999996185302734375</ele>
        <time>2025-08-06T10:25:49.000Z</time>
        <extensions>
          <ns3:TrackPointExtension>
            <ns3:hr>108</ns3:hr>
            <ns3:cad>54</ns3:cad>
          </ns3:TrackPointExtension>
        </extensions>
      </trkpt>
      <trkpt lat="24.4269217550754547119140625" lon="118.1269863434135913848876953125">
        <ele>22.3999996185302734375</ele>
        <time>2025-08-06T10:25:50.000Z</time>
        <extensions>
          <ns3:TrackPointExtension>
            <ns3:hr>108</ns3:hr>
            <ns3:cad>54</ns3:cad>
          </ns3:TrackPointExtension>
        </extensions>
      </trkpt>
      <trkpt lat="24.4269163906574249267578125" lon="118.12699531204998493194580078125">
        <ele>22.3999996185302734375</ele>
        <time>2025-08-06T10:25:51.000Z</time>
        <extensions>
          <ns3:TrackPointExtension>
            <ns3:hr>108</ns3:hr>
            <ns3:cad>56</ns3:cad>
          </ns3:TrackPointExtension>
        </extensions>
      </trkpt>
      <trkpt lat="24.42690926603972911834716796875" lon="118.127006627619266510009765625">
        <ele>22.6000003814697265625</ele>
        <time>2025-08-06T10:25:52.000Z</time>
        <extensions>
          <ns3:TrackPointExtension>
            <ns3:hr>108</ns3:hr>
            <ns3:cad>57</ns3:cad>
          </ns3:TrackPointExtension>
        </extensions>
      </trkpt>
      <trkpt lat="24.4269024766981601715087890625" lon="118.127019703388214111328125">
        <ele>22.6000003814697265625</ele>
        <time>2025-08-06T10:25:53.000Z</time>
        <extensions>
          <ns3:TrackPointExtension>
            <ns3:hr>109</ns3:hr>
            <ns3:cad>57</ns3:cad>
          </ns3:TrackPointExtension>
        </extensions>
      </trkpt>
      <trkpt lat="24.42689602263271808624267578125" lon="118.12702883966267108917236328125">
        <ele>22.799999237060546875</ele>
        <time>2025-08-06T10:25:54.000Z</time>
        <extensions>
          <ns3:TrackPointExtension>
            <ns3:hr>108</ns3:hr>
            <ns3:cad>55</ns3:cad>
          </ns3:TrackPointExtension>
        </extensions>
      </trkpt>
      <trkpt lat="24.42689015530049800872802734375" lon="118.12703822739422321319580078125">
        <ele>22.799999237060546875</ele>
        <time>2025-08-06T10:25:55.000Z</time>
        <extensions>
          <ns3:TrackPointExtension>
            <ns3:hr>108</ns3:hr>
            <ns3:cad>55</ns3:cad>
          </ns3:TrackPointExtension>
        </extensions>
      </trkpt>
      <trkpt lat="24.42688487470149993896484375" lon="118.1270490400493144989013671875">
        <ele>22.799999237060546875</ele>
        <time>2025-08-06T10:25:56.000Z</time>
        <extensions>
          <ns3:TrackPointExtension>
            <ns3:hr>108</ns3:hr>
            <ns3:cad>55</ns3:cad>
          </ns3:TrackPointExtension>
        </extensions>
      </trkpt>
      <trkpt lat="24.4268786720931529998779296875" lon="118.12706152908504009246826171875">
        <ele>22.799999237060546875</ele>
        <time>2025-08-06T10:25:57.000Z</time>
        <extensions>
          <ns3:TrackPointExtension>
            <ns3:hr>108</ns3:hr>
            <ns3:cad>55</ns3:cad>
          </ns3:TrackPointExtension>
        </extensions>
      </trkpt>
      <trkpt lat="24.42687213420867919921875" lon="118.1270721741020679473876953125">
        <ele>23</ele>
        <time>2025-08-06T10:25:58.000Z</time>
        <extensions>
          <ns3:TrackPointExtension>
            <ns3:hr>109</ns3:hr>
            <ns3:cad>55</ns3:cad>
          </ns3:TrackPointExtension>
        </extensions>
      </trkpt>
      <trkpt lat="24.42686601541936397552490234375" lon="118.12708365730941295623779296875">
        <ele>23</ele>
        <time>2025-08-06T10:25:59.000Z</time>
        <extensions>
          <ns3:TrackPointExtension>
            <ns3:hr>108</ns3:hr>
            <ns3:cad>57</ns3:cad>
          </ns3:TrackPointExtension>
        </extensions>
      </trkpt>
      <trkpt lat="24.426859058439731597900390625" lon="118.12709539197385311126708984375">
        <ele>23</ele>
        <time>2025-08-06T10:26:00.000Z</time>
        <extensions>
          <ns3:TrackPointExtension>
            <ns3:hr>108</ns3:hr>
            <ns3:cad>57</ns3:cad>
          </ns3:TrackPointExtension>
        </extensions>
      </trkpt>
      <trkpt lat="24.42685243673622608184814453125" lon="118.127106539905071258544921875">
        <ele>23</ele>
        <time>2025-08-06T10:26:01.000Z</time>
        <extensions>
          <ns3:TrackPointExtension>
            <ns3:hr>108</ns3:hr>
            <ns3:cad>57</ns3:cad>
          </ns3:TrackPointExtension>
        </extensions>
      </trkpt>
      <trkpt lat="24.42684673704206943511962890625" lon="118.1271150894463062286376953125">
        <ele>23.200000762939453125</ele>
        <time>2025-08-06T10:26:02.000Z</time>
        <extensions>
          <ns3:TrackPointExtension>
            <ns3:hr>108</ns3:hr>
            <ns3:cad>56</ns3:cad>
          </ns3:TrackPointExtension>
        </extensions>
      </trkpt>
      <trkpt lat="24.42684204317629337310791015625" lon="118.12712632119655609130859375">
        <ele>23.3999996185302734375</ele>
        <time>2025-08-06T10:26:03.000Z</time>
        <extensions>
          <ns3:TrackPointExtension>
            <ns3:hr>107</ns3:hr>
            <ns3:cad>56</ns3:cad>
          </ns3:TrackPointExtension>
        </extensions>
      </trkpt>
      <trkpt lat="24.42683684639632701873779296875" lon="118.127134703099727630615234375">
        <ele>23.3999996185302734375</ele>
        <time>2025-08-06T10:26:04.000Z</time>
        <extensions>
          <ns3:TrackPointExtension>
            <ns3:hr>106</ns3:hr>
            <ns3:cad>54</ns3:cad>
          </ns3:TrackPointExtension>
        </extensions>
      </trkpt>
      <trkpt lat="24.42683349363505840301513671875" lon="118.127140738070011138916015625">
        <ele>23.6000003814697265625</ele>
        <time>2025-08-06T10:26:05.000Z</time>
        <extensions>
          <ns3:TrackPointExtension>
            <ns3:hr>106</ns3:hr>
            <ns3:cad>54</ns3:cad>
          </ns3:TrackPointExtension>
        </extensions>
      </trkpt>
      <trkpt lat="24.42682997323572635650634765625" lon="118.12715004198253154754638671875">
        <ele>23.6000003814697265625</ele>
        <time>2025-08-06T10:26:06.000Z</time>
        <extensions>
          <ns3:TrackPointExtension>
            <ns3:hr>106</ns3:hr>
            <ns3:cad>54</ns3:cad>
          </ns3:TrackPointExtension>
        </extensions>
      </trkpt>
      <trkpt lat="24.42682645283639430999755859375" lon="118.12716077081859111785888671875">
        <ele>23.3999996185302734375</ele>
        <time>2025-08-06T10:26:07.000Z</time>
        <extensions>
          <ns3:TrackPointExtension>
            <ns3:hr>106</ns3:hr>
            <ns3:cad>54</ns3:cad>
          </ns3:TrackPointExtension>
        </extensions>
      </trkpt>
      <trkpt lat="24.42682092078030109405517578125" lon="118.1271717511117458343505859375">
        <ele>23.200000762939453125</ele>
        <time>2025-08-06T10:26:08.000Z</time>
        <extensions>
          <ns3:TrackPointExtension>
            <ns3:hr>106</ns3:hr>
            <ns3:cad>54</ns3:cad>
          </ns3:TrackPointExtension>
        </extensions>
      </trkpt>
      <trkpt lat="24.426816813647747039794921875" lon="118.1271838210523128509521484375">
        <ele>23</ele>
        <time>2025-08-06T10:26:09.000Z</time>
        <extensions>
          <ns3:TrackPointExtension>
            <ns3:hr>106</ns3:hr>
            <ns3:cad>59</ns3:cad>
          </ns3:TrackPointExtension>
        </extensions>
      </trkpt>
      <trkpt lat="24.4268122874200344085693359375" lon="118.12719605863094329833984375">
        <ele>23</ele>
        <time>2025-08-06T10:26:10.000Z</time>
        <extensions>
          <ns3:TrackPointExtension>
            <ns3:hr>106</ns3:hr>
            <ns3:cad>59</ns3:cad>
          </ns3:TrackPointExtension>
        </extensions>
      </trkpt>
      <trkpt lat="24.42680709064006805419921875" lon="118.1272056140005588531494140625">
        <ele>22.799999237060546875</ele>
        <time>2025-08-06T10:26:11.000Z</time>
        <extensions>
          <ns3:TrackPointExtension>
            <ns3:hr>106</ns3:hr>
            <ns3:cad>57</ns3:cad>
          </ns3:TrackPointExtension>
        </extensions>
      </trkpt>
      <trkpt lat="24.426802061498165130615234375" lon="118.12721860595047473907470703125">
        <ele>22.799999237060546875</ele>
        <time>2025-08-06T10:26:12.000Z</time>
        <extensions>
          <ns3:TrackPointExtension>
            <ns3:hr>106</ns3:hr>
            <ns3:cad>57</ns3:cad>
          </ns3:TrackPointExtension>
        </extensions>
      </trkpt>
      <trkpt lat="24.426797367632389068603515625" lon="118.12722967006266117095947265625">
        <ele>22.799999237060546875</ele>
        <time>2025-08-06T10:26:13.000Z</time>
        <extensions>
          <ns3:TrackPointExtension>
            <ns3:hr>106</ns3:hr>
            <ns3:cad>56</ns3:cad>
          </ns3:TrackPointExtension>
        </extensions>
      </trkpt>
      <trkpt lat="24.42679326049983501434326171875" lon="118.1272423267364501953125">
        <ele>22.799999237060546875</ele>
        <time>2025-08-06T10:26:14.000Z</time>
        <extensions>
          <ns3:TrackPointExtension>
            <ns3:hr>106</ns3:hr>
            <ns3:cad>56</ns3:cad>
          </ns3:TrackPointExtension>
        </extensions>
      </trkpt>
      <trkpt lat="24.4267903268337249755859375" lon="118.1272508762776851654052734375">
        <ele>22.799999237060546875</ele>
        <time>2025-08-06T10:26:15.000Z</time>
        <extensions>
          <ns3:TrackPointExtension>
            <ns3:hr>103</ns3:hr>
            <ns3:cad>57</ns3:cad>
          </ns3:TrackPointExtension>
        </extensions>
      </trkpt>
      <trkpt lat="24.42679099738597869873046875" lon="118.12725800089538097381591796875">
        <ele>22.6000003814697265625</ele>
        <time>2025-08-06T10:26:16.000Z</time>
        <extensions>
          <ns3:TrackPointExtension>
            <ns3:hr>102</ns3:hr>
            <ns3:cad>57</ns3:cad>
          </ns3:TrackPointExtension>
        </extensions>
      </trkpt>
      <trkpt lat="24.42679510451853275299072265625" lon="118.12726403586566448211669921875">
        <ele>22.6000003814697265625</ele>
        <time>2025-08-06T10:26:17.000Z</time>
        <extensions>
          <ns3:TrackPointExtension>
            <ns3:hr>100</ns3:hr>
            <ns3:cad>57</ns3:cad>
          </ns3:TrackPointExtension>
        </extensions>
      </trkpt>
      <trkpt lat="24.42680013366043567657470703125" lon="118.12726914882659912109375">
        <ele>22.6000003814697265625</ele>
        <time>2025-08-06T10:26:18.000Z</time>
        <extensions>
          <ns3:TrackPointExtension>
            <ns3:hr>95</ns3:hr>
            <ns3:cad>56</ns3:cad>
          </ns3:TrackPointExtension>
        </extensions>
      </trkpt>
      <trkpt lat="24.42680709064006805419921875" lon="118.127270154654979705810546875">
        <ele>22.6000003814697265625</ele>
        <time>2025-08-06T10:26:19.000Z</time>
        <extensions>
          <ns3:TrackPointExtension>
            <ns3:hr>93</ns3:hr>
            <ns3:cad>56</ns3:cad>
          </ns3:TrackPointExtension>
        </extensions>
      </trkpt>
      <trkpt lat="24.42681387998163700103759765625" lon="118.1272649578750133514404296875">
        <ele>22.6000003814697265625</ele>
        <time>2025-08-06T10:26:20.000Z</time>
        <extensions>
          <ns3:TrackPointExtension>
            <ns3:hr>92</ns3:hr>
            <ns3:cad>56</ns3:cad>
          </ns3:TrackPointExtension>
        </extensions>
      </trkpt>
      <trkpt lat="24.426821507513523101806640625" lon="118.1272535584867000579833984375">
        <ele>22.6000003814697265625</ele>
        <time>2025-08-06T10:26:21.000Z</time>
        <extensions>
          <ns3:TrackPointExtension>
            <ns3:hr>91</ns3:hr>
            <ns3:cad>56</ns3:cad>
          </ns3:TrackPointExtension>
        </extensions>
      </trkpt>
      <trkpt lat="24.426826871931552886962890625" lon="118.12724609859287738800048828125">
        <ele>22.6000003814697265625</ele>
        <time>2025-08-06T10:26:22.000Z</time>
        <extensions>
          <ns3:TrackPointExtension>
            <ns3:hr>91</ns3:hr>
            <ns3:cad>57</ns3:cad>
          </ns3:TrackPointExtension>
        </extensions>
      </trkpt>
      <trkpt lat="24.4268332421779632568359375" lon="118.127235956490039825439453125">
        <ele>22.6000003814697265625</ele>
        <time>2025-08-06T10:26:23.000Z</time>
        <extensions>
          <ns3:TrackPointExtension>
            <ns3:hr>90</ns3:hr>
            <ns3:cad>58</ns3:cad>
          </ns3:TrackPointExtension>
        </extensions>
      </trkpt>
      <trkpt lat="24.42683927714824676513671875" lon="118.1272260658442974090576171875">
        <ele>22.6000003814697265625</ele>
        <time>2025-08-06T10:26:24.000Z</time>
        <extensions>
          <ns3:TrackPointExtension>
            <ns3:hr>90</ns3:hr>
            <ns3:cad>58</ns3:cad>
          </ns3:TrackPointExtension>
        </extensions>
      </trkpt>
      <trkpt lat="24.42684589885175228118896484375" lon="118.12721307389438152313232421875">
        <ele>22.3999996185302734375</ele>
        <time>2025-08-06T10:26:25.000Z</time>
        <extensions>
          <ns3:TrackPointExtension>
            <ns3:hr>90</ns3:hr>
            <ns3:cad>58</ns3:cad>
          </ns3:TrackPointExtension>
        </extensions>
      </trkpt>
      <trkpt lat="24.4268515147268772125244140625" lon="118.127202093601226806640625">
        <ele>22.3999996185302734375</ele>
        <time>2025-08-06T10:26:26.000Z</time>
        <extensions>
          <ns3:TrackPointExtension>
            <ns3:hr>90</ns3:hr>
            <ns3:cad>58</ns3:cad>
          </ns3:TrackPointExtension>
        </extensions>
      </trkpt>
      <trkpt lat="24.42685679532587528228759765625" lon="118.1271925382316112518310546875">
        <ele>22.200000762939453125</ele>
        <time>2025-08-06T10:26:27.000Z</time>
        <extensions>
          <ns3:TrackPointExtension>
            <ns3:hr>91</ns3:hr>
            <ns3:cad>58</ns3:cad>
          </ns3:TrackPointExtension>
        </extensions>
      </trkpt>
      <trkpt lat="24.42686207592487335205078125" lon="118.12718189321458339691162109375">
        <ele>22.200000762939453125</ele>
        <time>2025-08-06T10:26:28.000Z</time>
        <extensions>
          <ns3:TrackPointExtension>
            <ns3:hr>90</ns3:hr>
            <ns3:cad>58</ns3:cad>
          </ns3:TrackPointExtension>
        </extensions>
      </trkpt>
      <trkpt lat="24.42686635069549083709716796875" lon="118.1271724216639995574951171875">
        <ele>22.200000762939453125</ele>
        <time>2025-08-06T10:26:29.000Z</time>
        <extensions>
          <ns3:TrackPointExtension>
            <ns3:hr>90</ns3:hr>
            <ns3:cad>57</ns3:cad>
          </ns3:TrackPointExtension>
        </extensions>
      </trkpt>
      <trkpt lat="24.42687188275158405303955078125" lon="118.127160854637622833251953125">
        <ele>22</ele>
        <time>2025-08-06T10:26:30.000Z</time>
        <extensions>
          <ns3:TrackPointExtension>
            <ns3:hr>90</ns3:hr>
            <ns3:cad>57</ns3:cad>
          </ns3:TrackPointExtension>
        </extensions>
      </trkpt>
      <trkpt lat="24.42687691189348697662353515625" lon="118.12715054489672183990478515625">
        <ele>22</ele>
        <time>2025-08-06T10:26:31.000Z</time>
        <extensions>
          <ns3:TrackPointExtension>
            <ns3:hr>90</ns3:hr>
            <ns3:cad>57</ns3:cad>
          </ns3:TrackPointExtension>
        </extensions>
      </trkpt>
      <trkpt lat="24.42688244394958019256591796875" lon="118.12714065425097942352294921875">
        <ele>22</ele>
        <time>2025-08-06T10:26:32.000Z</time>
        <extensions>
          <ns3:TrackPointExtension>
            <ns3:hr>90</ns3:hr>
            <ns3:cad>57</ns3:cad>
          </ns3:TrackPointExtension>
        </extensions>
      </trkpt>
      <trkpt lat="24.42688755691051483154296875" lon="118.1271308474242687225341796875">
        <ele>22</ele>
        <time>2025-08-06T10:26:33.000Z</time>
        <extensions>
          <ns3:TrackPointExtension>
            <ns3:hr>91</ns3:hr>
            <ns3:cad>57</ns3:cad>
          </ns3:TrackPointExtension>
        </extensions>
      </trkpt>
      <trkpt lat="24.42689384333789348602294921875" lon="118.12712095677852630615234375">
        <ele>22</ele>
        <time>2025-08-06T10:26:34.000Z</time>
        <extensions>
          <ns3:TrackPointExtension>
            <ns3:hr>90</ns3:hr>
            <ns3:cad>57</ns3:cad>
          </ns3:TrackPointExtension>
        </extensions>
      </trkpt>
      <trkpt lat="24.42690155468881130218505859375" lon="118.12711081467568874359130859375">
        <ele>22</ele>
        <time>2025-08-06T10:26:35.000Z</time>
        <extensions>
          <ns3:TrackPointExtension>
            <ns3:hr>90</ns3:hr>
            <ns3:cad>57</ns3:cad>
          </ns3:TrackPointExtension>
        </extensions>
      </trkpt>
      <trkpt lat="24.42690909840166568756103515625" lon="118.1271023489534854888916015625">
        <ele>22</ele>
        <time>2025-08-06T10:26:36.000Z</time>
        <extensions>
          <ns3:TrackPointExtension>
            <ns3:hr>90</ns3:hr>
            <ns3:cad>57</ns3:cad>
          </ns3:TrackPointExtension>
        </extensions>
      </trkpt>
      <trkpt lat="24.4269162230193614959716796875" lon="118.1270892731845378875732421875">
        <ele>21.799999237060546875</ele>
        <time>2025-08-06T10:26:37.000Z</time>
        <extensions>
          <ns3:TrackPointExtension>
            <ns3:hr>90</ns3:hr>
            <ns3:cad>58</ns3:cad>
          </ns3:TrackPointExtension>
        </extensions>
      </trkpt>
      <trkpt lat="24.42692368291318416595458984375" lon="118.12707812525331974029541015625">
        <ele>21.799999237060546875</ele>
        <time>2025-08-06T10:26:38.000Z</time>
        <extensions>
          <ns3:TrackPointExtension>
            <ns3:hr>90</ns3:hr>
            <ns3:cad>59</ns3:cad>
          </ns3:TrackPointExtension>
        </extensions>
      </trkpt>
      <trkpt lat="24.42693005315959453582763671875" lon="118.1270684860646724700927734375">
        <ele>21.6000003814697265625</ele>
        <time>2025-08-06T10:26:39.000Z</time>
        <extensions>
          <ns3:TrackPointExtension>
            <ns3:hr>90</ns3:hr>
            <ns3:cad>59</ns3:cad>
          </ns3:TrackPointExtension>
        </extensions>
      </trkpt>
      <trkpt lat="24.4269370101392269134521484375" lon="118.12706052325665950775146484375">
        <ele>21.6000003814697265625</ele>
        <time>2025-08-06T10:26:40.000Z</time>
        <extensions>
          <ns3:TrackPointExtension>
            <ns3:hr>91</ns3:hr>
            <ns3:cad>58</ns3:cad>
          </ns3:TrackPointExtension>
        </extensions>
      </trkpt>
      <trkpt lat="24.4269480742514133453369140625" lon="118.12704878859221935272216796875">
        <ele>21.6000003814697265625</ele>
        <time>2025-08-06T10:26:41.000Z</time>
        <extensions>
          <ns3:TrackPointExtension>
            <ns3:hr>90</ns3:hr>
            <ns3:cad>58</ns3:cad>
          </ns3:TrackPointExtension>
        </extensions>
      </trkpt>
      <trkpt lat="24.42696190439164638519287109375" lon="118.1270425021648406982421875">
        <ele>21.6000003814697265625</ele>
        <time>2025-08-06T10:26:42.000Z</time>
        <extensions>
          <ns3:TrackPointExtension>
            <ns3:hr>90</ns3:hr>
            <ns3:cad>59</ns3:cad>
          </ns3:TrackPointExtension>
        </extensions>
      </trkpt>
      <trkpt lat="24.4269748963415622711181640625" lon="118.12704023905098438262939453125">
        <ele>21.6000003814697265625</ele>
        <time>2025-08-06T10:26:43.000Z</time>
        <extensions>
          <ns3:TrackPointExtension>
            <ns3:hr>90</ns3:hr>
            <ns3:cad>59</ns3:cad>
          </ns3:TrackPointExtension>
        </extensions>
      </trkpt>
      <trkpt lat="24.42698436789214611053466796875" lon="118.1270386464893817901611328125">
        <ele>21.6000003814697265625</ele>
        <time>2025-08-06T10:26:44.000Z</time>
        <extensions>
          <ns3:TrackPointExtension>
            <ns3:hr>88</ns3:hr>
            <ns3:cad>61</ns3:cad>
          </ns3:TrackPointExtension>
        </extensions>
      </trkpt>
      <trkpt lat="24.42699375562369823455810546875" lon="118.127041161060333251953125">
        <ele>21.799999237060546875</ele>
        <time>2025-08-06T10:26:45.000Z</time>
        <extensions>
          <ns3:TrackPointExtension>
            <ns3:hr>88</ns3:hr>
            <ns3:cad>61</ns3:cad>
          </ns3:TrackPointExtension>
        </extensions>
      </trkpt>
      <trkpt lat="24.42700364626944065093994140625" lon="118.1270463578402996063232421875">
        <ele>22</ele>
        <time>2025-08-06T10:26:46.000Z</time>
        <extensions>
          <ns3:TrackPointExtension>
            <ns3:hr>87</ns3:hr>
            <ns3:cad>61</ns3:cad>
          </ns3:TrackPointExtension>
        </extensions>
      </trkpt>
      <trkpt lat="24.427015297114849090576171875" lon="118.1270513869822025299072265625">
        <ele>22.3999996185302734375</ele>
        <time>2025-08-06T10:26:47.000Z</time>
        <extensions>
          <ns3:TrackPointExtension>
            <ns3:hr>87</ns3:hr>
            <ns3:cad>61</ns3:cad>
          </ns3:TrackPointExtension>
        </extensions>
      </trkpt>
      <trkpt lat="24.4270248524844646453857421875" lon="118.127054907381534576416015625">
        <ele>22.799999237060546875</ele>
        <time>2025-08-06T10:26:48.000Z</time>
        <extensions>
          <ns3:TrackPointExtension>
            <ns3:hr>87</ns3:hr>
            <ns3:cad>61</ns3:cad>
          </ns3:TrackPointExtension>
        </extensions>
      </trkpt>
      <trkpt lat="24.427031390368938446044921875" lon="118.12705817632377147674560546875">
        <ele>23.200000762939453125</ele>
        <time>2025-08-06T10:26:49.000Z</time>
        <extensions>
          <ns3:TrackPointExtension>
            <ns3:hr>87</ns3:hr>
            <ns3:cad>61</ns3:cad>
          </ns3:TrackPointExtension>
        </extensions>
      </trkpt>
      <trkpt lat="24.427037425339221954345703125" lon="118.1270611099898815155029296875">
        <ele>23.799999237060546875</ele>
        <time>2025-08-06T10:26:50.000Z</time>
        <extensions>
          <ns3:TrackPointExtension>
            <ns3:hr>87</ns3:hr>
            <ns3:cad>43</ns3:cad>
          </ns3:TrackPointExtension>
        </extensions>
      </trkpt>
      <trkpt lat="24.427043460309505462646484375" lon="118.1270644627511501312255859375">
        <ele>24.200000762939453125</ele>
        <time>2025-08-06T10:26:51.000Z</time>
        <extensions>
          <ns3:TrackPointExtension>
            <ns3:hr>86</ns3:hr>
            <ns3:cad>43</ns3:cad>
          </ns3:TrackPointExtension>
        </extensions>
      </trkpt>
      <trkpt lat="24.4270476512610912322998046875" lon="118.12706731259822845458984375">
        <ele>24.6000003814697265625</ele>
        <time>2025-08-06T10:26:52.000Z</time>
        <extensions>
          <ns3:TrackPointExtension>
            <ns3:hr>86</ns3:hr>
            <ns3:cad>43</ns3:cad>
          </ns3:TrackPointExtension>
        </extensions>
      </trkpt>
      <trkpt lat="24.42705594934523105621337890625" lon="118.1270715035498142242431640625">
        <ele>24.799999237060546875</ele>
        <time>2025-08-06T10:26:53.000Z</time>
        <extensions>
          <ns3:TrackPointExtension>
            <ns3:hr>86</ns3:hr>
            <ns3:cad>43</ns3:cad>
          </ns3:TrackPointExtension>
        </extensions>
      </trkpt>
      <trkpt lat="24.42706014029681682586669921875" lon="118.12707359902560710906982421875">
        <ele>25.200000762939453125</ele>
        <time>2025-08-06T10:26:54.000Z</time>
        <extensions>
          <ns3:TrackPointExtension>
            <ns3:hr>87</ns3:hr>
            <ns3:cad>43</ns3:cad>
          </ns3:TrackPointExtension>
        </extensions>
      </trkpt>
      <trkpt lat="24.42706483416259288787841796875" lon="118.12707477249205112457275390625">
        <ele>25.6000003814697265625</ele>
        <time>2025-08-06T10:26:55.000Z</time>
        <extensions>
          <ns3:TrackPointExtension>
            <ns3:hr>87</ns3:hr>
            <ns3:cad>70</ns3:cad>
          </ns3:TrackPointExtension>
        </extensions>
      </trkpt>
      <trkpt lat="24.427073635160923004150390625" lon="118.12707804143428802490234375">
        <ele>25.799999237060546875</ele>
        <time>2025-08-06T10:26:56.000Z</time>
        <extensions>
          <ns3:TrackPointExtension>
            <ns3:hr>87</ns3:hr>
            <ns3:cad>70</ns3:cad>
          </ns3:TrackPointExtension>
        </extensions>
      </trkpt>
      <trkpt lat="24.42708411253988742828369140625" lon="118.12707846052944660186767578125">
        <ele>26</ele>
        <time>2025-08-06T10:26:57.000Z</time>
        <extensions>
          <ns3:TrackPointExtension>
            <ns3:hr>87</ns3:hr>
            <ns3:cad>64</ns3:cad>
          </ns3:TrackPointExtension>
        </extensions>
      </trkpt>
      <trkpt lat="24.42709249444305896759033203125" lon="118.12707594595849514007568359375">
        <ele>26.200000762939453125</ele>
        <time>2025-08-06T10:26:58.000Z</time>
        <extensions>
          <ns3:TrackPointExtension>
            <ns3:hr>88</ns3:hr>
            <ns3:cad>64</ns3:cad>
          </ns3:TrackPointExtension>
        </extensions>
      </trkpt>
      <trkpt lat="24.42710339091718196868896484375" lon="118.12707762233912944793701171875">
        <ele>26.200000762939453125</ele>
        <time>2025-08-06T10:26:59.000Z</time>
        <extensions>
          <ns3:TrackPointExtension>
            <ns3:hr>88</ns3:hr>
            <ns3:cad>64</ns3:cad>
          </ns3:TrackPointExtension>
        </extensions>
      </trkpt>
      <trkpt lat="24.4271140359342098236083984375" lon="118.12707711942493915557861328125">
        <ele>26.200000762939453125</ele>
        <time>2025-08-06T10:27:00.000Z</time>
        <extensions>
          <ns3:TrackPointExtension>
            <ns3:hr>89</ns3:hr>
            <ns3:cad>57</ns3:cad>
          </ns3:TrackPointExtension>
        </extensions>
      </trkpt>
      <trkpt lat="24.4271237589418888092041015625" lon="118.127075023949146270751953125">
        <ele>26.200000762939453125</ele>
        <time>2025-08-06T10:27:01.000Z</time>
        <extensions>
          <ns3:TrackPointExtension>
            <ns3:hr>89</ns3:hr>
            <ns3:cad>57</ns3:cad>
          </ns3:TrackPointExtension>
        </extensions>
      </trkpt>
      <trkpt lat="24.42713323049247264862060546875" lon="118.127073012292385101318359375">
        <ele>26.200000762939453125</ele>
        <time>2025-08-06T10:27:02.000Z</time>
        <extensions>
          <ns3:TrackPointExtension>
            <ns3:hr>89</ns3:hr>
            <ns3:cad>57</ns3:cad>
          </ns3:TrackPointExtension>
        </extensions>
      </trkpt>
      <trkpt lat="24.42714312113821506500244140625" lon="118.12707175500690937042236328125">
        <ele>26.200000762939453125</ele>
        <time>2025-08-06T10:27:03.000Z</time>
        <extensions>
          <ns3:TrackPointExtension>
            <ns3:hr>90</ns3:hr>
            <ns3:cad>57</ns3:cad>
          </ns3:TrackPointExtension>
        </extensions>
      </trkpt>
      <trkpt lat="24.427151419222354888916015625" lon="118.1270706653594970703125">
        <ele>26.200000762939453125</ele>
        <time>2025-08-06T10:27:04.000Z</time>
        <extensions>
          <ns3:TrackPointExtension>
            <ns3:hr>90</ns3:hr>
            <ns3:cad>58</ns3:cad>
          </ns3:TrackPointExtension>
        </extensions>
      </trkpt>
      <trkpt lat="24.4271631538867950439453125" lon="118.12706890515983104705810546875">
        <ele>26.200000762939453125</ele>
        <time>2025-08-06T10:27:05.000Z</time>
        <extensions>
          <ns3:TrackPointExtension>
            <ns3:hr>90</ns3:hr>
            <ns3:cad>59</ns3:cad>
          </ns3:TrackPointExtension>
        </extensions>
      </trkpt>
      <trkpt lat="24.42717363126575946807861328125" lon="118.12706739641726016998291015625">
        <ele>26</ele>
        <time>2025-08-06T10:27:06.000Z</time>
        <extensions>
          <ns3:TrackPointExtension>
            <ns3:hr>90</ns3:hr>
            <ns3:cad>60</ns3:cad>
          </ns3:TrackPointExtension>
        </extensions>
      </trkpt>
      <trkpt lat="24.427184276282787322998046875" lon="118.12706639058887958526611328125">
        <ele>26</ele>
        <time>2025-08-06T10:27:07.000Z</time>
        <extensions>
          <ns3:TrackPointExtension>
            <ns3:hr>91</ns3:hr>
            <ns3:cad>60</ns3:cad>
          </ns3:TrackPointExtension>
        </extensions>
      </trkpt>
      <trkpt lat="24.42719408310949802398681640625" lon="118.127068988978862762451171875">
        <ele>26</ele>
        <time>2025-08-06T10:27:08.000Z</time>
        <extensions>
          <ns3:TrackPointExtension>
            <ns3:hr>91</ns3:hr>
            <ns3:cad>60</ns3:cad>
          </ns3:TrackPointExtension>
        </extensions>
      </trkpt>
      <trkpt lat="24.4272052310407161712646484375" lon="118.127071000635623931884765625">
        <ele>26</ele>
        <time>2025-08-06T10:27:09.000Z</time>
        <extensions>
          <ns3:TrackPointExtension>
            <ns3:hr>91</ns3:hr>
            <ns3:cad>60</ns3:cad>
          </ns3:TrackPointExtension>
        </extensions>
      </trkpt>
      <trkpt lat="24.4272167980670928955078125" lon="118.127071671187877655029296875">
        <ele>25.799999237060546875</ele>
        <time>2025-08-06T10:27:10.000Z</time>
        <extensions>
          <ns3:TrackPointExtension>
            <ns3:hr>91</ns3:hr>
            <ns3:cad>60</ns3:cad>
          </ns3:TrackPointExtension>
        </extensions>
      </trkpt>
      <trkpt lat="24.4272283650934696197509765625" lon="118.1270731799304485321044921875">
        <ele>25.799999237060546875</ele>
        <time>2025-08-06T10:27:11.000Z</time>
        <extensions>
          <ns3:TrackPointExtension>
            <ns3:hr>91</ns3:hr>
            <ns3:cad>60</ns3:cad>
          </ns3:TrackPointExtension>
        </extensions>
      </trkpt>
      <trkpt lat="24.42724102176725864410400390625" lon="118.12707527540624141693115234375">
        <ele>25.799999237060546875</ele>
        <time>2025-08-06T10:27:12.000Z</time>
        <extensions>
          <ns3:TrackPointExtension>
            <ns3:hr>90</ns3:hr>
            <ns3:cad>58</ns3:cad>
          </ns3:TrackPointExtension>
        </extensions>
      </trkpt>
      <trkpt lat="24.42725091241300106048583984375" lon="118.12707762233912944793701171875">
        <ele>25.799999237060546875</ele>
        <time>2025-08-06T10:27:13.000Z</time>
        <extensions>
          <ns3:TrackPointExtension>
            <ns3:hr>90</ns3:hr>
            <ns3:cad>57</ns3:cad>
          </ns3:TrackPointExtension>
        </extensions>
      </trkpt>
      <trkpt lat="24.42726164124906063079833984375" lon="118.12707929871976375579833984375">
        <ele>25.799999237060546875</ele>
        <time>2025-08-06T10:27:14.000Z</time>
        <extensions>
          <ns3:TrackPointExtension>
            <ns3:hr>90</ns3:hr>
            <ns3:cad>57</ns3:cad>
          </ns3:TrackPointExtension>
        </extensions>
      </trkpt>
      <trkpt lat="24.42727287299931049346923828125" lon="118.12708097510039806365966796875">
        <ele>25.799999237060546875</ele>
        <time>2025-08-06T10:27:15.000Z</time>
        <extensions>
          <ns3:TrackPointExtension>
            <ns3:hr>90</ns3:hr>
            <ns3:cad>58</ns3:cad>
          </ns3:TrackPointExtension>
        </extensions>
      </trkpt>
      <trkpt lat="24.42728460766375064849853515625" lon="118.127081058919429779052734375">
        <ele>25.799999237060546875</ele>
        <time>2025-08-06T10:27:16.000Z</time>
        <extensions>
          <ns3:TrackPointExtension>
            <ns3:hr>90</ns3:hr>
            <ns3:cad>58</ns3:cad>
          </ns3:TrackPointExtension>
        </extensions>
      </trkpt>
      <trkpt lat="24.42729550413787364959716796875" lon="118.1270802207291126251220703125">
        <ele>26</ele>
        <time>2025-08-06T10:27:17.000Z</time>
        <extensions>
          <ns3:TrackPointExtension>
            <ns3:hr>90</ns3:hr>
            <ns3:cad>58</ns3:cad>
          </ns3:TrackPointExtension>
        </extensions>
      </trkpt>
      <trkpt lat="24.42730673588812351226806640625" lon="118.12708072364330291748046875">
        <ele>25.799999237060546875</ele>
        <time>2025-08-06T10:27:18.000Z</time>
        <extensions>
          <ns3:TrackPointExtension>
            <ns3:hr>90</ns3:hr>
            <ns3:cad>59</ns3:cad>
          </ns3:TrackPointExtension>
        </extensions>
      </trkpt>
      <trkpt lat="24.4273173809051513671875" lon="118.1270827353000640869140625">
        <ele>25.799999237060546875</ele>
        <time>2025-08-06T10:27:19.000Z</time>
        <extensions>
          <ns3:TrackPointExtension>
            <ns3:hr>90</ns3:hr>
            <ns3:cad>59</ns3:cad>
          </ns3:TrackPointExtension>
        </extensions>
      </trkpt>
      <trkpt lat="24.427327103912830352783203125" lon="118.12708382494747638702392578125">
        <ele>25.799999237060546875</ele>
        <time>2025-08-06T10:27:20.000Z</time>
        <extensions>
          <ns3:TrackPointExtension>
            <ns3:hr>90</ns3:hr>
            <ns3:cad>59</ns3:cad>
          </ns3:TrackPointExtension>
        </extensions>
      </trkpt>
      <trkpt lat="24.4273376651108264923095703125" lon="118.12708499841392040252685546875">
        <ele>25.799999237060546875</ele>
        <time>2025-08-06T10:27:21.000Z</time>
        <extensions>
          <ns3:TrackPointExtension>
            <ns3:hr>90</ns3:hr>
            <ns3:cad>59</ns3:cad>
          </ns3:TrackPointExtension>
        </extensions>
      </trkpt>
      <trkpt lat="24.4273487292230129241943359375" lon="118.127085752785205841064453125">
        <ele>25.799999237060546875</ele>
        <time>2025-08-06T10:27:22.000Z</time>
        <extensions>
          <ns3:TrackPointExtension>
            <ns3:hr>90</ns3:hr>
            <ns3:cad>59</ns3:cad>
          </ns3:TrackPointExtension>
        </extensions>
      </trkpt>
      <trkpt lat="24.42736071534454822540283203125" lon="118.1270859204232692718505859375">
        <ele>25.799999237060546875</ele>
        <time>2025-08-06T10:27:23.000Z</time>
        <extensions>
          <ns3:TrackPointExtension>
            <ns3:hr>90</ns3:hr>
            <ns3:cad>58</ns3:cad>
          </ns3:TrackPointExtension>
        </extensions>
      </trkpt>
      <trkpt lat="24.42737169563770294189453125" lon="118.12708701007068157196044921875">
        <ele>25.799999237060546875</ele>
        <time>2025-08-06T10:27:24.000Z</time>
        <extensions>
          <ns3:TrackPointExtension>
            <ns3:hr>90</ns3:hr>
            <ns3:cad>58</ns3:cad>
          </ns3:TrackPointExtension>
        </extensions>
      </trkpt>
      <trkpt lat="24.42738183774054050445556640625" lon="118.1270875968039035797119140625">
        <ele>25.799999237060546875</ele>
        <time>2025-08-06T10:27:25.000Z</time>
        <extensions>
          <ns3:TrackPointExtension>
            <ns3:hr>90</ns3:hr>
            <ns3:cad>58</ns3:cad>
          </ns3:TrackPointExtension>
        </extensions>
      </trkpt>
      <trkpt lat="24.4273923151195049285888671875" lon="118.12708835117518901824951171875">
        <ele>25.799999237060546875</ele>
        <time>2025-08-06T10:27:26.000Z</time>
        <extensions>
          <ns3:TrackPointExtension>
            <ns3:hr>91</ns3:hr>
            <ns3:cad>58</ns3:cad>
          </ns3:TrackPointExtension>
        </extensions>
      </trkpt>
      <trkpt lat="24.42740245722234249114990234375" lon="118.1270889379084110260009765625">
        <ele>25.799999237060546875</ele>
        <time>2025-08-06T10:27:27.000Z</time>
        <extensions>
          <ns3:TrackPointExtension>
            <ns3:hr>90</ns3:hr>
            <ns3:cad>59</ns3:cad>
          </ns3:TrackPointExtension>
        </extensions>
      </trkpt>
      <trkpt lat="24.42741167731583118438720703125" lon="118.12708902172744274139404296875">
        <ele>25.799999237060546875</ele>
        <time>2025-08-06T10:27:28.000Z</time>
        <extensions>
          <ns3:TrackPointExtension>
            <ns3:hr>90</ns3:hr>
            <ns3:cad>59</ns3:cad>
          </ns3:TrackPointExtension>
        </extensions>
      </trkpt>
      <trkpt lat="24.42742123268544673919677734375" lon="118.12708885408937931060791015625">
        <ele>26</ele>
        <time>2025-08-06T10:27:29.000Z</time>
        <extensions>
          <ns3:TrackPointExtension>
            <ns3:hr>91</ns3:hr>
            <ns3:cad>59</ns3:cad>
          </ns3:TrackPointExtension>
        </extensions>
      </trkpt>
      <trkpt lat="24.4274332188069820404052734375" lon="118.1270892731845378875732421875">
        <ele>26</ele>
        <time>2025-08-06T10:27:30.000Z</time>
        <extensions>
          <ns3:TrackPointExtension>
            <ns3:hr>90</ns3:hr>
            <ns3:cad>58</ns3:cad>
          </ns3:TrackPointExtension>
        </extensions>
      </trkpt>
      <trkpt lat="24.42744570784270763397216796875" lon="118.1270902790129184722900390625">
        <ele>26</ele>
        <time>2025-08-06T10:27:31.000Z</time>
        <extensions>
          <ns3:TrackPointExtension>
            <ns3:hr>91</ns3:hr>
            <ns3:cad>58</ns3:cad>
          </ns3:TrackPointExtension>
        </extensions>
      </trkpt>
      <trkpt lat="24.4274553470313549041748046875" lon="118.12709069810807704925537109375">
        <ele>26</ele>
        <time>2025-08-06T10:27:32.000Z</time>
        <extensions>
          <ns3:TrackPointExtension>
            <ns3:hr>91</ns3:hr>
            <ns3:cad>58</ns3:cad>
          </ns3:TrackPointExtension>
        </extensions>
      </trkpt>
      <trkpt lat="24.42746230401098728179931640625" lon="118.1270912848412990570068359375">
        <ele>26</ele>
        <time>2025-08-06T10:27:33.000Z</time>
        <extensions>
          <ns3:TrackPointExtension>
            <ns3:hr>91</ns3:hr>
            <ns3:cad>58</ns3:cad>
          </ns3:TrackPointExtension>
        </extensions>
      </trkpt>
      <trkpt lat="24.42747135646641254425048828125" lon="118.12709136866033077239990234375">
        <ele>26</ele>
        <time>2025-08-06T10:27:34.000Z</time>
        <extensions>
          <ns3:TrackPointExtension>
            <ns3:hr>91</ns3:hr>
            <ns3:cad>58</ns3:cad>
          </ns3:TrackPointExtension>
        </extensions>
      </trkpt>
      <trkpt lat="24.42748242057859897613525390625" lon="118.1270919553935527801513671875">
        <ele>26</ele>
        <time>2025-08-06T10:27:35.000Z</time>
        <extensions>
          <ns3:TrackPointExtension>
            <ns3:hr>91</ns3:hr>
            <ns3:cad>58</ns3:cad>
          </ns3:TrackPointExtension>
        </extensions>
      </trkpt>
      <trkpt lat="24.42749214358627796173095703125" lon="118.12709203921258449554443359375">
        <ele>26</ele>
        <time>2025-08-06T10:27:36.000Z</time>
        <extensions>
          <ns3:TrackPointExtension>
            <ns3:hr>91</ns3:hr>
            <ns3:cad>59</ns3:cad>
          </ns3:TrackPointExtension>
        </extensions>
      </trkpt>
      <trkpt lat="24.42750320769846439361572265625" lon="118.1270916201174259185791015625">
        <ele>26</ele>
        <time>2025-08-06T10:27:37.000Z</time>
        <extensions>
          <ns3:TrackPointExtension>
            <ns3:hr>91</ns3:hr>
            <ns3:cad>59</ns3:cad>
          </ns3:TrackPointExtension>
        </extensions>
      </trkpt>
      <trkpt lat="24.4275140203535556793212890625" lon="118.127088434994220733642578125">
        <ele>25.799999237060546875</ele>
        <time>2025-08-06T10:27:38.000Z</time>
        <extensions>
          <ns3:TrackPointExtension>
            <ns3:hr>91</ns3:hr>
            <ns3:cad>58</ns3:cad>
          </ns3:TrackPointExtension>
        </extensions>
      </trkpt>
      <trkpt lat="24.4275247491896152496337890625" lon="118.127086423337459564208984375">
        <ele>25.799999237060546875</ele>
        <time>2025-08-06T10:27:39.000Z</time>
        <extensions>
          <ns3:TrackPointExtension>
            <ns3:hr>91</ns3:hr>
            <ns3:cad>57</ns3:cad>
          </ns3:TrackPointExtension>
        </extensions>
      </trkpt>
      <trkpt lat="24.4275358133018016815185546875" lon="118.12708332203328609466552734375">
        <ele>25.799999237060546875</ele>
        <time>2025-08-06T10:27:40.000Z</time>
        <extensions>
          <ns3:TrackPointExtension>
            <ns3:hr>91</ns3:hr>
            <ns3:cad>57</ns3:cad>
          </ns3:TrackPointExtension>
        </extensions>
      </trkpt>
      <trkpt lat="24.4275488890707492828369140625" lon="118.1270800530910491943359375">
        <ele>25.799999237060546875</ele>
        <time>2025-08-06T10:27:41.000Z</time>
        <extensions>
          <ns3:TrackPointExtension>
            <ns3:hr>91</ns3:hr>
            <ns3:cad>57</ns3:cad>
          </ns3:TrackPointExtension>
        </extensions>
      </trkpt>
      <trkpt lat="24.42756154574453830718994140625" lon="118.12707728706300258636474609375">
        <ele>25.799999237060546875</ele>
        <time>2025-08-06T10:27:42.000Z</time>
        <extensions>
          <ns3:TrackPointExtension>
            <ns3:hr>90</ns3:hr>
            <ns3:cad>57</ns3:cad>
          </ns3:TrackPointExtension>
        </extensions>
      </trkpt>
      <trkpt lat="24.42757210694253444671630859375" lon="118.12707460485398769378662109375">
        <ele>25.799999237060546875</ele>
        <time>2025-08-06T10:27:43.000Z</time>
        <extensions>
          <ns3:TrackPointExtension>
            <ns3:hr>88</ns3:hr>
            <ns3:cad>57</ns3:cad>
          </ns3:TrackPointExtension>
        </extensions>
      </trkpt>
      <trkpt lat="24.42758082412183284759521484375" lon="118.1270738504827022552490234375">
        <ele>26</ele>
        <time>2025-08-06T10:27:44.000Z</time>
        <extensions>
          <ns3:TrackPointExtension>
            <ns3:hr>88</ns3:hr>
            <ns3:cad>57</ns3:cad>
          </ns3:TrackPointExtension>
        </extensions>
      </trkpt>
      <trkpt lat="24.427588619291782379150390625" lon="118.12707276083528995513916015625">
        <ele>26</ele>
        <time>2025-08-06T10:27:45.000Z</time>
        <extensions>
          <ns3:TrackPointExtension>
            <ns3:hr>88</ns3:hr>
            <ns3:cad>57</ns3:cad>
          </ns3:TrackPointExtension>
        </extensions>
      </trkpt>
      <trkpt lat="24.427595324814319610595703125" lon="118.127071000635623931884765625">
        <ele>26</ele>
        <time>2025-08-06T10:27:46.000Z</time>
        <extensions>
          <ns3:TrackPointExtension>
            <ns3:hr>89</ns3:hr>
            <ns3:cad>57</ns3:cad>
          </ns3:TrackPointExtension>
        </extensions>
      </trkpt>
      <trkpt lat="24.42760060541331768035888671875" lon="118.12706672586500644683837890625">
        <ele>26</ele>
        <time>2025-08-06T10:27:47.000Z</time>
        <extensions>
          <ns3:TrackPointExtension>
            <ns3:hr>89</ns3:hr>
            <ns3:cad>56</ns3:cad>
          </ns3:TrackPointExtension>
        </extensions>
      </trkpt>
      <trkpt lat="24.42760697565972805023193359375" lon="118.127062954008579254150390625">
        <ele>26.200000762939453125</ele>
        <time>2025-08-06T10:27:48.000Z</time>
        <extensions>
          <ns3:TrackPointExtension>
            <ns3:hr>89</ns3:hr>
            <ns3:cad>56</ns3:cad>
          </ns3:TrackPointExtension>
        </extensions>
      </trkpt>
      <trkpt lat="24.42761887796223163604736328125" lon="118.1270570866763591766357421875">
        <ele>26.200000762939453125</ele>
        <time>2025-08-06T10:27:49.000Z</time>
        <extensions>
          <ns3:TrackPointExtension>
            <ns3:hr>90</ns3:hr>
            <ns3:cad>57</ns3:cad>
          </ns3:TrackPointExtension>
        </extensions>
      </trkpt>
      <trkpt lat="24.42765198647975921630859375" lon="118.12704459764063358306884765625">
        <ele>26.200000762939453125</ele>
        <time>2025-08-06T10:27:50.000Z</time>
        <extensions>
          <ns3:TrackPointExtension>
            <ns3:hr>90</ns3:hr>
            <ns3:cad>57</ns3:cad>
          </ns3:TrackPointExtension>
        </extensions>
      </trkpt>
      <trkpt lat="24.42766631953418254852294921875" lon="118.12704292125999927520751953125">
        <ele>26.3999996185302734375</ele>
        <time>2025-08-06T10:27:51.000Z</time>
        <extensions>
          <ns3:TrackPointExtension>
            <ns3:hr>91</ns3:hr>
            <ns3:cad>57</ns3:cad>
          </ns3:TrackPointExtension>
        </extensions>
      </trkpt>
      <trkpt lat="24.42767880856990814208984375" lon="118.12704409472644329071044921875">
        <ele>26.3999996185302734375</ele>
        <time>2025-08-06T10:27:52.000Z</time>
        <extensions>
          <ns3:TrackPointExtension>
            <ns3:hr>93</ns3:hr>
            <ns3:cad>57</ns3:cad>
          </ns3:TrackPointExtension>
        </extensions>
      </trkpt>
      <trkpt lat="24.42769314162433147430419921875" lon="118.12704660929739475250244140625">
        <ele>26.3999996185302734375</ele>
        <time>2025-08-06T10:27:53.000Z</time>
        <extensions>
          <ns3:TrackPointExtension>
            <ns3:hr>93</ns3:hr>
            <ns3:cad>57</ns3:cad>
          </ns3:TrackPointExtension>
        </extensions>
      </trkpt>
      <trkpt lat="24.427705965936183929443359375" lon="118.12704878859221935272216796875">
        <ele>26.3999996185302734375</ele>
        <time>2025-08-06T10:27:54.000Z</time>
        <extensions>
          <ns3:TrackPointExtension>
            <ns3:hr>93</ns3:hr>
            <ns3:cad>57</ns3:cad>
          </ns3:TrackPointExtension>
        </extensions>
      </trkpt>
      <trkpt lat="24.42771711386740207672119140625" lon="118.127050884068012237548828125">
        <ele>26.200000762939453125</ele>
        <time>2025-08-06T10:27:55.000Z</time>
        <extensions>
          <ns3:TrackPointExtension>
            <ns3:hr>93</ns3:hr>
            <ns3:cad>57</ns3:cad>
          </ns3:TrackPointExtension>
        </extensions>
      </trkpt>
      <trkpt lat="24.4277264177799224853515625" lon="118.127050884068012237548828125">
        <ele>26.200000762939453125</ele>
        <time>2025-08-06T10:27:56.000Z</time>
        <extensions>
          <ns3:TrackPointExtension>
            <ns3:hr>93</ns3:hr>
            <ns3:cad>57</ns3:cad>
          </ns3:TrackPointExtension>
        </extensions>
      </trkpt>
      <trkpt lat="24.42773270420730113983154296875" lon="118.12704828567802906036376953125">
        <ele>26.200000762939453125</ele>
        <time>2025-08-06T10:27:57.000Z</time>
        <extensions>
          <ns3:TrackPointExtension>
            <ns3:hr>93</ns3:hr>
            <ns3:cad>58</ns3:cad>
          </ns3:TrackPointExtension>
        </extensions>
      </trkpt>
      <trkpt lat="24.427742175757884979248046875" lon="118.12704585492610931396484375">
        <ele>26.200000762939453125</ele>
        <time>2025-08-06T10:27:58.000Z</time>
        <extensions>
          <ns3:TrackPointExtension>
            <ns3:hr>94</ns3:hr>
            <ns3:cad>59</ns3:cad>
          </ns3:TrackPointExtension>
        </extensions>
      </trkpt>
      <trkpt lat="24.42775164730846881866455078125" lon="118.12704426236450672149658203125">
        <ele>26.200000762939453125</ele>
        <time>2025-08-06T10:27:59.000Z</time>
        <extensions>
          <ns3:TrackPointExtension>
            <ns3:hr>93</ns3:hr>
            <ns3:cad>59</ns3:cad>
          </ns3:TrackPointExtension>
        </extensions>
      </trkpt>
      <trkpt lat="24.42776505835354328155517578125" lon="118.12704191543161869049072265625">
        <ele>26.200000762939453125</ele>
        <time>2025-08-06T10:28:00.000Z</time>
        <extensions>
          <ns3:TrackPointExtension>
            <ns3:hr>92</ns3:hr>
            <ns3:cad>59</ns3:cad>
          </ns3:TrackPointExtension>
        </extensions>
      </trkpt>
      <trkpt lat="24.42777763120830059051513671875" lon="118.127039484679698944091796875">
        <ele>26.200000762939453125</ele>
        <time>2025-08-06T10:28:01.000Z</time>
        <extensions>
          <ns3:TrackPointExtension>
            <ns3:hr>91</ns3:hr>
            <ns3:cad>59</ns3:cad>
          </ns3:TrackPointExtension>
        </extensions>
      </trkpt>
      <trkpt lat="24.42779489792883396148681640625" lon="118.12703722156584262847900390625">
        <ele>26.3999996185302734375</ele>
        <time>2025-08-06T10:28:02.000Z</time>
        <extensions>
          <ns3:TrackPointExtension>
            <ns3:hr>86</ns3:hr>
            <ns3:cad>59</ns3:cad>
          </ns3:TrackPointExtension>
        </extensions>
      </trkpt>
      <trkpt lat="24.42780998535454273223876953125" lon="118.12703537754714488983154296875">
        <ele>26.3999996185302734375</ele>
        <time>2025-08-06T10:28:03.000Z</time>
        <extensions>
          <ns3:TrackPointExtension>
            <ns3:hr>86</ns3:hr>
            <ns3:cad>59</ns3:cad>
          </ns3:TrackPointExtension>
        </extensions>
      </trkpt>
      <trkpt lat="24.42782071419060230255126953125" lon="118.127035796642303466796875">
        <ele>26.6000003814697265625</ele>
        <time>2025-08-06T10:28:04.000Z</time>
        <extensions>
          <ns3:TrackPointExtension>
            <ns3:hr>85</ns3:hr>
            <ns3:cad>58</ns3:cad>
          </ns3:TrackPointExtension>
        </extensions>
      </trkpt>
      <trkpt lat="24.42783035337924957275390625" lon="118.12703554518520832061767578125">
        <ele>26.6000003814697265625</ele>
        <time>2025-08-06T10:28:05.000Z</time>
        <extensions>
          <ns3:TrackPointExtension>
            <ns3:hr>85</ns3:hr>
            <ns3:cad>58</ns3:cad>
          </ns3:TrackPointExtension>
        </extensions>
      </trkpt>
      <trkpt lat="24.42783697508275508880615234375" lon="118.1270352937281131744384765625">
        <ele>26.3999996185302734375</ele>
        <time>2025-08-06T10:28:06.000Z</time>
        <extensions>
          <ns3:TrackPointExtension>
            <ns3:hr>85</ns3:hr>
            <ns3:cad>58</ns3:cad>
          </ns3:TrackPointExtension>
        </extensions>
      </trkpt>
      <trkpt lat="24.427839405834674835205078125" lon="118.127034120261669158935546875">
        <ele>26.3999996185302734375</ele>
        <time>2025-08-06T10:28:07.000Z</time>
        <extensions>
          <ns3:TrackPointExtension>
            <ns3:hr>85</ns3:hr>
            <ns3:cad>58</ns3:cad>
          </ns3:TrackPointExtension>
        </extensions>
      </trkpt>
      <trkpt lat="24.42784485407173633575439453125" lon="118.127034790813922882080078125">
        <ele>26.3999996185302734375</ele>
        <time>2025-08-06T10:28:08.000Z</time>
        <extensions>
          <ns3:TrackPointExtension>
            <ns3:hr>84</ns3:hr>
            <ns3:cad>58</ns3:cad>
          </ns3:TrackPointExtension>
        </extensions>
      </trkpt>
      <trkpt lat="24.427854828536510467529296875" lon="118.1270342878997325897216796875">
        <ele>26.200000762939453125</ele>
        <time>2025-08-06T10:28:09.000Z</time>
        <extensions>
          <ns3:TrackPointExtension>
            <ns3:hr>85</ns3:hr>
            <ns3:cad>58</ns3:cad>
          </ns3:TrackPointExtension>
        </extensions>
      </trkpt>
      <trkpt lat="24.4278660602867603302001953125" lon="118.12703621573746204376220703125">
        <ele>26.3999996185302734375</ele>
        <time>2025-08-06T10:28:10.000Z</time>
        <extensions>
          <ns3:TrackPointExtension>
            <ns3:hr>85</ns3:hr>
            <ns3:cad>58</ns3:cad>
          </ns3:TrackPointExtension>
        </extensions>
      </trkpt>
      <trkpt lat="24.4278741069138050079345703125" lon="118.12703906558454036712646484375">
        <ele>26.3999996185302734375</ele>
        <time>2025-08-06T10:28:11.000Z</time>
        <extensions>
          <ns3:TrackPointExtension>
            <ns3:hr>85</ns3:hr>
            <ns3:cad>57</ns3:cad>
          </ns3:TrackPointExtension>
        </extensions>
      </trkpt>
      <trkpt lat="24.42788475193083286285400390625" lon="118.12704342417418956756591796875">
        <ele>26.200000762939453125</ele>
        <time>2025-08-06T10:28:12.000Z</time>
        <extensions>
          <ns3:TrackPointExtension>
            <ns3:hr>85</ns3:hr>
            <ns3:cad>57</ns3:cad>
          </ns3:TrackPointExtension>
        </extensions>
      </trkpt>
      <trkpt lat="24.427891038358211517333984375" lon="118.12704719603061676025390625">
        <ele>26.200000762939453125</ele>
        <time>2025-08-06T10:28:13.000Z</time>
        <extensions>
          <ns3:TrackPointExtension>
            <ns3:hr>85</ns3:hr>
            <ns3:cad>57</ns3:cad>
          </ns3:TrackPointExtension>
        </extensions>
      </trkpt>
      <trkpt lat="24.42789883352816104888916015625" lon="118.12704845331609249114990234375">
        <ele>26.3999996185302734375</ele>
        <time>2025-08-06T10:28:14.000Z</time>
        <extensions>
          <ns3:TrackPointExtension>
            <ns3:hr>85</ns3:hr>
            <ns3:cad>57</ns3:cad>
          </ns3:TrackPointExtension>
        </extensions>
      </trkpt>
      <trkpt lat="24.42790822125971317291259765625" lon="118.12704828567802906036376953125">
        <ele>26.3999996185302734375</ele>
        <time>2025-08-06T10:28:15.000Z</time>
        <extensions>
          <ns3:TrackPointExtension>
            <ns3:hr>85</ns3:hr>
            <ns3:cad>57</ns3:cad>
          </ns3:TrackPointExtension>
        </extensions>
      </trkpt>
      <trkpt lat="24.42791827954351902008056640625" lon="118.12704912386834621429443359375">
        <ele>26.3999996185302734375</ele>
        <time>2025-08-06T10:28:16.000Z</time>
        <extensions>
          <ns3:TrackPointExtension>
            <ns3:hr>85</ns3:hr>
            <ns3:cad>57</ns3:cad>
          </ns3:TrackPointExtension>
        </extensions>
      </trkpt>
      <trkpt lat="24.42792900837957859039306640625" lon="118.12704912386834621429443359375">
        <ele>26.3999996185302734375</ele>
        <time>2025-08-06T10:28:17.000Z</time>
        <extensions>
          <ns3:TrackPointExtension>
            <ns3:hr>85</ns3:hr>
            <ns3:cad>57</ns3:cad>
          </ns3:TrackPointExtension>
        </extensions>
      </trkpt>
      <trkpt lat="24.4279384799301624298095703125" lon="118.12704929150640964508056640625">
        <ele>26.3999996185302734375</ele>
        <time>2025-08-06T10:28:18.000Z</time>
        <extensions>
          <ns3:TrackPointExtension>
            <ns3:hr>85</ns3:hr>
            <ns3:cad>56</ns3:cad>
          </ns3:TrackPointExtension>
        </extensions>
      </trkpt>
      <trkpt lat="24.42795331589877605438232421875" lon="118.12705163843929767608642578125">
        <ele>26.3999996185302734375</ele>
        <time>2025-08-06T10:28:19.000Z</time>
        <extensions>
          <ns3:TrackPointExtension>
            <ns3:hr>86</ns3:hr>
            <ns3:cad>56</ns3:cad>
          </ns3:TrackPointExtension>
        </extensions>
      </trkpt>
      <trkpt lat="24.427963793277740478515625" lon="118.127053566277027130126953125">
        <ele>26.3999996185302734375</ele>
        <time>2025-08-06T10:28:20.000Z</time>
        <extensions>
          <ns3:TrackPointExtension>
            <ns3:hr>86</ns3:hr>
            <ns3:cad>57</ns3:cad>
          </ns3:TrackPointExtension>
        </extensions>
      </trkpt>
      <trkpt lat="24.427974857389926910400390625" lon="118.12705499120056629180908203125">
        <ele>26.3999996185302734375</ele>
        <time>2025-08-06T10:28:21.000Z</time>
        <extensions>
          <ns3:TrackPointExtension>
            <ns3:hr>86</ns3:hr>
            <ns3:cad>57</ns3:cad>
          </ns3:TrackPointExtension>
        </extensions>
      </trkpt>
      <trkpt lat="24.427982233464717864990234375" lon="118.1270574219524860382080078125">
        <ele>26.3999996185302734375</ele>
        <time>2025-08-06T10:28:22.000Z</time>
        <extensions>
          <ns3:TrackPointExtension>
            <ns3:hr>86</ns3:hr>
            <ns3:cad>57</ns3:cad>
          </ns3:TrackPointExtension>
        </extensions>
      </trkpt>
      <trkpt lat="24.42798885516822338104248046875" lon="118.1270627863705158233642578125">
        <ele>26.3999996185302734375</ele>
        <time>2025-08-06T10:28:23.000Z</time>
        <extensions>
          <ns3:TrackPointExtension>
            <ns3:hr>86</ns3:hr>
            <ns3:cad>57</ns3:cad>
          </ns3:TrackPointExtension>
        </extensions>
      </trkpt>
      <trkpt lat="24.42799975164234638214111328125" lon="118.1270715035498142242431640625">
        <ele>26.3999996185302734375</ele>
        <time>2025-08-06T10:28:24.000Z</time>
        <extensions>
          <ns3:TrackPointExtension>
            <ns3:hr>86</ns3:hr>
            <ns3:cad>57</ns3:cad>
          </ns3:TrackPointExtension>
        </extensions>
      </trkpt>
      <trkpt lat="24.42800997756421566009521484375" lon="118.1270829029381275177001953125">
        <ele>26.3999996185302734375</ele>
        <time>2025-08-06T10:28:25.000Z</time>
        <extensions>
          <ns3:TrackPointExtension>
            <ns3:hr>86</ns3:hr>
            <ns3:cad>57</ns3:cad>
          </ns3:TrackPointExtension>
        </extensions>
      </trkpt>
      <trkpt lat="24.42801752127707004547119140625" lon="118.12709589488804340362548828125">
        <ele>26.200000762939453125</ele>
        <time>2025-08-06T10:28:26.000Z</time>
        <extensions>
          <ns3:TrackPointExtension>
            <ns3:hr>85</ns3:hr>
            <ns3:cad>57</ns3:cad>
          </ns3:TrackPointExtension>
        </extensions>
      </trkpt>
      <trkpt lat="24.42802003584802150726318359375" lon="118.1271100603044033050537109375">
        <ele>26.200000762939453125</ele>
        <time>2025-08-06T10:28:27.000Z</time>
        <extensions>
          <ns3:TrackPointExtension>
            <ns3:hr>85</ns3:hr>
            <ns3:cad>57</ns3:cad>
          </ns3:TrackPointExtension>
        </extensions>
      </trkpt>
      <trkpt lat="24.4280239753425121307373046875" lon="118.12712573446333408355712890625">
        <ele>26.3999996185302734375</ele>
        <time>2025-08-06T10:28:28.000Z</time>
        <extensions>
          <ns3:TrackPointExtension>
            <ns3:hr>84</ns3:hr>
            <ns3:cad>57</ns3:cad>
          </ns3:TrackPointExtension>
        </extensions>
      </trkpt>
      <trkpt lat="24.4280259869992733001708984375" lon="118.12714040279388427734375">
        <ele>26.200000762939453125</ele>
        <time>2025-08-06T10:28:29.000Z</time>
        <extensions>
          <ns3:TrackPointExtension>
            <ns3:hr>83</ns3:hr>
            <ns3:cad>59</ns3:cad>
          </ns3:TrackPointExtension>
        </extensions>
      </trkpt>
      <trkpt lat="24.42802640609443187713623046875" lon="118.12715448439121246337890625">
        <ele>26.200000762939453125</ele>
        <time>2025-08-06T10:28:30.000Z</time>
        <extensions>
          <ns3:TrackPointExtension>
            <ns3:hr>83</ns3:hr>
            <ns3:cad>59</ns3:cad>
          </ns3:TrackPointExtension>
        </extensions>
      </trkpt>
      <trkpt lat="24.42802590318024158477783203125" lon="118.12716781161725521087646484375">
        <ele>26.200000762939453125</ele>
        <time>2025-08-06T10:28:31.000Z</time>
        <extensions>
          <ns3:TrackPointExtension>
            <ns3:hr>83</ns3:hr>
            <ns3:cad>59</ns3:cad>
          </ns3:TrackPointExtension>
        </extensions>
      </trkpt>
      <trkpt lat="24.42802472971379756927490234375" lon="118.1271828152239322662353515625">
        <ele>26.3999996185302734375</ele>
        <time>2025-08-06T10:28:32.000Z</time>
        <extensions>
          <ns3:TrackPointExtension>
            <ns3:hr>83</ns3:hr>
            <ns3:cad>59</ns3:cad>
          </ns3:TrackPointExtension>
        </extensions>
      </trkpt>
      <trkpt lat="24.4280233047902584075927734375" lon="118.12719698064029216766357421875">
        <ele>26.3999996185302734375</ele>
        <time>2025-08-06T10:28:33.000Z</time>
        <extensions>
          <ns3:TrackPointExtension>
            <ns3:hr>83</ns3:hr>
            <ns3:cad>59</ns3:cad>
          </ns3:TrackPointExtension>
        </extensions>
      </trkpt>
      <trkpt lat="24.42802238278090953826904296875" lon="118.127209804952144622802734375">
        <ele>26.3999996185302734375</ele>
        <time>2025-08-06T10:28:34.000Z</time>
        <extensions>
          <ns3:TrackPointExtension>
            <ns3:hr>83</ns3:hr>
            <ns3:cad>59</ns3:cad>
          </ns3:TrackPointExtension>
        </extensions>
      </trkpt>
      <trkpt lat="24.42802120931446552276611328125" lon="118.12722212634980678558349609375">
        <ele>26.3999996185302734375</ele>
        <time>2025-08-06T10:28:35.000Z</time>
        <extensions>
          <ns3:TrackPointExtension>
            <ns3:hr>84</ns3:hr>
            <ns3:cad>59</ns3:cad>
          </ns3:TrackPointExtension>
        </extensions>
      </trkpt>
      <trkpt lat="24.4280199520289897918701171875" lon="118.12723587267100811004638671875">
        <ele>26.3999996185302734375</ele>
        <time>2025-08-06T10:28:36.000Z</time>
        <extensions>
          <ns3:TrackPointExtension>
            <ns3:hr>84</ns3:hr>
            <ns3:cad>59</ns3:cad>
          </ns3:TrackPointExtension>
        </extensions>
      </trkpt>
      <trkpt lat="24.42801835946738719940185546875" lon="118.12724836170673370361328125">
        <ele>26.3999996185302734375</ele>
        <time>2025-08-06T10:28:37.000Z</time>
        <extensions>
          <ns3:TrackPointExtension>
            <ns3:hr>84</ns3:hr>
            <ns3:cad>59</ns3:cad>
          </ns3:TrackPointExtension>
        </extensions>
      </trkpt>
      <trkpt lat="24.428017772734165191650390625" lon="118.12726051546633243560791015625">
        <ele>26.3999996185302734375</ele>
        <time>2025-08-06T10:28:38.000Z</time>
        <extensions>
          <ns3:TrackPointExtension>
            <ns3:hr>85</ns3:hr>
            <ns3:cad>59</ns3:cad>
          </ns3:TrackPointExtension>
        </extensions>
      </trkpt>
      <trkpt lat="24.42801668308675289154052734375" lon="118.12727342359721660614013671875">
        <ele>26.3999996185302734375</ele>
        <time>2025-08-06T10:28:39.000Z</time>
        <extensions>
          <ns3:TrackPointExtension>
            <ns3:hr>85</ns3:hr>
            <ns3:cad>58</ns3:cad>
          </ns3:TrackPointExtension>
        </extensions>
      </trkpt>
      <trkpt lat="24.428017437458038330078125" lon="118.127282224595546722412109375">
        <ele>26.200000762939453125</ele>
        <time>2025-08-06T10:28:40.000Z</time>
        <extensions>
          <ns3:TrackPointExtension>
            <ns3:hr>85</ns3:hr>
            <ns3:cad>57</ns3:cad>
          </ns3:TrackPointExtension>
        </extensions>
      </trkpt>
      <trkpt lat="24.428020454943180084228515625" lon="118.12729136087000370025634765625">
        <ele>26.200000762939453125</ele>
        <time>2025-08-06T10:28:41.000Z</time>
        <extensions>
          <ns3:TrackPointExtension>
            <ns3:hr>85</ns3:hr>
            <ns3:cad>57</ns3:cad>
          </ns3:TrackPointExtension>
        </extensions>
      </trkpt>
      <trkpt lat="24.428022466599941253662109375" lon="118.12730066478252410888671875">
        <ele>26.200000762939453125</ele>
        <time>2025-08-06T10:28:42.000Z</time>
        <extensions>
          <ns3:TrackPointExtension>
            <ns3:hr>84</ns3:hr>
            <ns3:cad>57</ns3:cad>
          </ns3:TrackPointExtension>
        </extensions>
      </trkpt>
      <trkpt lat="24.42802347242832183837890625" lon="118.12731063924729824066162109375">
        <ele>26.200000762939453125</ele>
        <time>2025-08-06T10:28:43.000Z</time>
        <extensions>
          <ns3:TrackPointExtension>
            <ns3:hr>85</ns3:hr>
            <ns3:cad>57</ns3:cad>
          </ns3:TrackPointExtension>
        </extensions>
      </trkpt>
      <trkpt lat="24.42802472971379756927490234375" lon="118.12731969170272350311279296875">
        <ele>26.200000762939453125</ele>
        <time>2025-08-06T10:28:44.000Z</time>
        <extensions>
          <ns3:TrackPointExtension>
            <ns3:hr>85</ns3:hr>
            <ns3:cad>57</ns3:cad>
          </ns3:TrackPointExtension>
        </extensions>
      </trkpt>
      <trkpt lat="24.42802573554217815399169921875" lon="118.1273336894810199737548828125">
        <ele>26.200000762939453125</ele>
        <time>2025-08-06T10:28:45.000Z</time>
        <extensions>
          <ns3:TrackPointExtension>
            <ns3:hr>84</ns3:hr>
            <ns3:cad>58</ns3:cad>
          </ns3:TrackPointExtension>
        </extensions>
      </trkpt>
      <trkpt lat="24.4280273281037807464599609375" lon="118.127345256507396697998046875">
        <ele>26.200000762939453125</ele>
        <time>2025-08-06T10:28:46.000Z</time>
        <extensions>
          <ns3:TrackPointExtension>
            <ns3:hr>83</ns3:hr>
            <ns3:cad>59</ns3:cad>
          </ns3:TrackPointExtension>
        </extensions>
      </trkpt>
      <trkpt lat="24.42802883684635162353515625" lon="118.12735724262893199920654296875">
        <ele>26.200000762939453125</ele>
        <time>2025-08-06T10:28:47.000Z</time>
        <extensions>
          <ns3:TrackPointExtension>
            <ns3:hr>82</ns3:hr>
            <ns3:cad>59</ns3:cad>
          </ns3:TrackPointExtension>
        </extensions>
      </trkpt>
      <trkpt lat="24.4280290044844150543212890625" lon="118.1273682229220867156982421875">
        <ele>26.200000762939453125</ele>
        <time>2025-08-06T10:28:48.000Z</time>
        <extensions>
          <ns3:TrackPointExtension>
            <ns3:hr>82</ns3:hr>
            <ns3:cad>59</ns3:cad>
          </ns3:TrackPointExtension>
        </extensions>
      </trkpt>
      <trkpt lat="24.42802808247506618499755859375" lon="118.12737702392041683197021484375">
        <ele>26.200000762939453125</ele>
        <time>2025-08-06T10:28:49.000Z</time>
        <extensions>
          <ns3:TrackPointExtension>
            <ns3:hr>82</ns3:hr>
            <ns3:cad>59</ns3:cad>
          </ns3:TrackPointExtension>
        </extensions>
      </trkpt>
      <trkpt lat="24.42802841775119304656982421875" lon="118.12738557346165180206298828125">
        <ele>26.200000762939453125</ele>
        <time>2025-08-06T10:28:50.000Z</time>
        <extensions>
          <ns3:TrackPointExtension>
            <ns3:hr>82</ns3:hr>
            <ns3:cad>58</ns3:cad>
          </ns3:TrackPointExtension>
        </extensions>
      </trkpt>
      <trkpt lat="24.428028166294097900390625" lon="118.127400912344455718994140625">
        <ele>26.200000762939453125</ele>
        <time>2025-08-06T10:28:51.000Z</time>
        <extensions>
          <ns3:TrackPointExtension>
            <ns3:hr>83</ns3:hr>
            <ns3:cad>58</ns3:cad>
          </ns3:TrackPointExtension>
        </extensions>
      </trkpt>
      <trkpt lat="24.42802975885570049285888671875" lon="118.1274104677140712738037109375">
        <ele>26.200000762939453125</ele>
        <time>2025-08-06T10:28:52.000Z</time>
        <extensions>
          <ns3:TrackPointExtension>
            <ns3:hr>82</ns3:hr>
            <ns3:cad>58</ns3:cad>
          </ns3:TrackPointExtension>
        </extensions>
      </trkpt>
      <trkpt lat="24.42803286015987396240234375" lon="118.12742178328335285186767578125">
        <ele>26.200000762939453125</ele>
        <time>2025-08-06T10:28:53.000Z</time>
        <extensions>
          <ns3:TrackPointExtension>
            <ns3:hr>82</ns3:hr>
            <ns3:cad>58</ns3:cad>
          </ns3:TrackPointExtension>
        </extensions>
      </trkpt>
      <trkpt lat="24.42803596146404743194580078125" lon="118.12743301503360271453857421875">
        <ele>26.200000762939453125</ele>
        <time>2025-08-06T10:28:54.000Z</time>
        <extensions>
          <ns3:TrackPointExtension>
            <ns3:hr>83</ns3:hr>
            <ns3:cad>58</ns3:cad>
          </ns3:TrackPointExtension>
        </extensions>
      </trkpt>
      <trkpt lat="24.4280387274920940399169921875" lon="118.127443157136440277099609375">
        <ele>26.200000762939453125</ele>
        <time>2025-08-06T10:28:55.000Z</time>
        <extensions>
          <ns3:TrackPointExtension>
            <ns3:hr>83</ns3:hr>
            <ns3:cad>58</ns3:cad>
          </ns3:TrackPointExtension>
        </extensions>
      </trkpt>
      <trkpt lat="24.4280417449772357940673828125" lon="118.1274547241628170013427734375">
        <ele>26.200000762939453125</ele>
        <time>2025-08-06T10:28:56.000Z</time>
        <extensions>
          <ns3:TrackPointExtension>
            <ns3:hr>83</ns3:hr>
            <ns3:cad>57</ns3:cad>
          </ns3:TrackPointExtension>
        </extensions>
      </trkpt>
      <trkpt lat="24.428045265376567840576171875" lon="118.1274689733982086181640625">
        <ele>26.200000762939453125</ele>
        <time>2025-08-06T10:28:57.000Z</time>
        <extensions>
          <ns3:TrackPointExtension>
            <ns3:hr>83</ns3:hr>
            <ns3:cad>57</ns3:cad>
          </ns3:TrackPointExtension>
        </extensions>
      </trkpt>
      <trkpt lat="24.428048618137836456298828125" lon="118.1274838931858539581298828125">
        <ele>26.3999996185302734375</ele>
        <time>2025-08-06T10:28:58.000Z</time>
        <extensions>
          <ns3:TrackPointExtension>
            <ns3:hr>85</ns3:hr>
            <ns3:cad>58</ns3:cad>
          </ns3:TrackPointExtension>
        </extensions>
      </trkpt>
      <trkpt lat="24.4280501268804073333740234375" lon="118.12749780714511871337890625">
        <ele>26.3999996185302734375</ele>
        <time>2025-08-06T10:28:59.000Z</time>
        <extensions>
          <ns3:TrackPointExtension>
            <ns3:hr>86</ns3:hr>
            <ns3:cad>58</ns3:cad>
          </ns3:TrackPointExtension>
        </extensions>
      </trkpt>
      <trkpt lat="24.42805171944200992584228515625" lon="118.1275093741714954376220703125">
        <ele>26.6000003814697265625</ele>
        <time>2025-08-06T10:29:00.000Z</time>
        <extensions>
          <ns3:TrackPointExtension>
            <ns3:hr>86</ns3:hr>
            <ns3:cad>58</ns3:cad>
          </ns3:TrackPointExtension>
        </extensions>
      </trkpt>
      <trkpt lat="24.42805431783199310302734375" lon="118.1275167502462863922119140625">
        <ele>26.6000003814697265625</ele>
        <time>2025-08-06T10:29:01.000Z</time>
        <extensions>
          <ns3:TrackPointExtension>
            <ns3:hr>86</ns3:hr>
            <ns3:cad>58</ns3:cad>
          </ns3:TrackPointExtension>
        </extensions>
      </trkpt>
      <trkpt lat="24.42805674858391284942626953125" lon="118.12752504833042621612548828125">
        <ele>26.799999237060546875</ele>
        <time>2025-08-06T10:29:02.000Z</time>
        <extensions>
          <ns3:TrackPointExtension>
            <ns3:hr>85</ns3:hr>
            <ns3:cad>57</ns3:cad>
          </ns3:TrackPointExtension>
        </extensions>
      </trkpt>
      <trkpt lat="24.42805968225002288818359375" lon="118.12753477133810520172119140625">
        <ele>26.799999237060546875</ele>
        <time>2025-08-06T10:29:03.000Z</time>
        <extensions>
          <ns3:TrackPointExtension>
            <ns3:hr>85</ns3:hr>
            <ns3:cad>57</ns3:cad>
          </ns3:TrackPointExtension>
        </extensions>
      </trkpt>
      <trkpt lat="24.42806513048708438873291015625" lon="118.12754801474511623382568359375">
        <ele>27</ele>
        <time>2025-08-06T10:29:04.000Z</time>
        <extensions>
          <ns3:TrackPointExtension>
            <ns3:hr>85</ns3:hr>
            <ns3:cad>56</ns3:cad>
          </ns3:TrackPointExtension>
        </extensions>
      </trkpt>
      <trkpt lat="24.428071081638336181640625" lon="118.12756025232374668121337890625">
        <ele>27.200000762939453125</ele>
        <time>2025-08-06T10:29:05.000Z</time>
        <extensions>
          <ns3:TrackPointExtension>
            <ns3:hr>85</ns3:hr>
            <ns3:cad>55</ns3:cad>
          </ns3:TrackPointExtension>
        </extensions>
      </trkpt>
      <trkpt lat="24.4280782900750637054443359375" lon="118.12756662257015705108642578125">
        <ele>27.3999996185302734375</ele>
        <time>2025-08-06T10:29:06.000Z</time>
        <extensions>
          <ns3:TrackPointExtension>
            <ns3:hr>84</ns3:hr>
            <ns3:cad>55</ns3:cad>
          </ns3:TrackPointExtension>
        </extensions>
      </trkpt>
      <trkpt lat="24.428081475198268890380859375" lon="118.12756595201790332794189453125">
        <ele>27.3999996185302734375</ele>
        <time>2025-08-06T10:29:07.000Z</time>
        <extensions>
          <ns3:TrackPointExtension>
            <ns3:hr>84</ns3:hr>
            <ns3:cad>55</ns3:cad>
          </ns3:TrackPointExtension>
        </extensions>
      </trkpt>
      <trkpt lat="24.42808105610311031341552734375" lon="118.12756544910371303558349609375">
        <ele>27.6000003814697265625</ele>
        <time>2025-08-06T10:29:08.000Z</time>
        <extensions>
          <ns3:TrackPointExtension>
            <ns3:hr>84</ns3:hr>
            <ns3:cad>0</ns3:cad>
          </ns3:TrackPointExtension>
        </extensions>
      </trkpt>
      <trkpt lat="24.428085498511791229248046875" lon="118.12756578437983989715576171875">
        <ele>27.799999237060546875</ele>
        <time>2025-08-06T10:29:09.000Z</time>
        <extensions>
          <ns3:TrackPointExtension>
            <ns3:hr>84</ns3:hr>
            <ns3:cad>0</ns3:cad>
          </ns3:TrackPointExtension>
        </extensions>
      </trkpt>
      <trkpt lat="24.4280927069485187530517578125" lon="118.127566874027252197265625">
        <ele>28</ele>
        <time>2025-08-06T10:29:10.000Z</time>
        <extensions>
          <ns3:TrackPointExtension>
            <ns3:hr>84</ns3:hr>
            <ns3:cad>52</ns3:cad>
          </ns3:TrackPointExtension>
        </extensions>
      </trkpt>
      <trkpt lat="24.42810125648975372314453125" lon="118.12757425010204315185546875">
        <ele>28</ele>
        <time>2025-08-06T10:29:11.000Z</time>
        <extensions>
          <ns3:TrackPointExtension>
            <ns3:hr>83</ns3:hr>
            <ns3:cad>53</ns3:cad>
          </ns3:TrackPointExtension>
        </extensions>
      </trkpt>
      <trkpt lat="24.4281114824116230010986328125" lon="118.12758338637650012969970703125">
        <ele>28.200000762939453125</ele>
        <time>2025-08-06T10:29:12.000Z</time>
        <extensions>
          <ns3:TrackPointExtension>
            <ns3:hr>84</ns3:hr>
            <ns3:cad>53</ns3:cad>
          </ns3:TrackPointExtension>
        </extensions>
      </trkpt>
      <trkpt lat="24.42811860702931880950927734375" lon="118.12758992426097393035888671875">
        <ele>28.3999996185302734375</ele>
        <time>2025-08-06T10:29:13.000Z</time>
        <extensions>
          <ns3:TrackPointExtension>
            <ns3:hr>84</ns3:hr>
            <ns3:cad>53</ns3:cad>
          </ns3:TrackPointExtension>
        </extensions>
      </trkpt>
      <trkpt lat="24.42812698893249034881591796875" lon="118.1275988928973674774169921875">
        <ele>28.6000003814697265625</ele>
        <time>2025-08-06T10:29:14.000Z</time>
        <extensions>
          <ns3:TrackPointExtension>
            <ns3:hr>84</ns3:hr>
            <ns3:cad>51</ns3:cad>
          </ns3:TrackPointExtension>
        </extensions>
      </trkpt>
      <trkpt lat="24.42813436500728130340576171875" lon="118.1276072748005390167236328125">
        <ele>28.6000003814697265625</ele>
        <time>2025-08-06T10:29:15.000Z</time>
        <extensions>
          <ns3:TrackPointExtension>
            <ns3:hr>84</ns3:hr>
            <ns3:cad>51</ns3:cad>
          </ns3:TrackPointExtension>
        </extensions>
      </trkpt>
      <trkpt lat="24.428141824901103973388671875" lon="118.1276156567037105560302734375">
        <ele>28.799999237060546875</ele>
        <time>2025-08-06T10:29:16.000Z</time>
        <extensions>
          <ns3:TrackPointExtension>
            <ns3:hr>84</ns3:hr>
            <ns3:cad>51</ns3:cad>
          </ns3:TrackPointExtension>
        </extensions>
      </trkpt>
      <trkpt lat="24.42814551293849945068359375" lon="118.1276210211217403411865234375">
        <ele>29</ele>
        <time>2025-08-06T10:29:17.000Z</time>
        <extensions>
          <ns3:TrackPointExtension>
            <ns3:hr>85</ns3:hr>
            <ns3:cad>51</ns3:cad>
          </ns3:TrackPointExtension>
        </extensions>
      </trkpt>
      <trkpt lat="24.4281480275094509124755859375" lon="118.127625882625579833984375">
        <ele>29.200000762939453125</ele>
        <time>2025-08-06T10:29:18.000Z</time>
        <extensions>
          <ns3:TrackPointExtension>
            <ns3:hr>85</ns3:hr>
            <ns3:cad>51</ns3:cad>
          </ns3:TrackPointExtension>
        </extensions>
      </trkpt>
      <trkpt lat="24.42815230228006839752197265625" lon="118.1276310794055461883544921875">
        <ele>29.3999996185302734375</ele>
        <time>2025-08-06T10:29:19.000Z</time>
        <extensions>
          <ns3:TrackPointExtension>
            <ns3:hr>85</ns3:hr>
            <ns3:cad>51</ns3:cad>
          </ns3:TrackPointExtension>
        </extensions>
      </trkpt>
      <trkpt lat="24.428156912326812744140625" lon="118.12763837166130542755126953125">
        <ele>29.6000003814697265625</ele>
        <time>2025-08-06T10:29:20.000Z</time>
        <extensions>
          <ns3:TrackPointExtension>
            <ns3:hr>85</ns3:hr>
            <ns3:cad>51</ns3:cad>
          </ns3:TrackPointExtension>
        </extensions>
      </trkpt>
      <trkpt lat="24.4281611032783985137939453125" lon="118.12764993868768215179443359375">
        <ele>29.799999237060546875</ele>
        <time>2025-08-06T10:29:21.000Z</time>
        <extensions>
          <ns3:TrackPointExtension>
            <ns3:hr>86</ns3:hr>
            <ns3:cad>51</ns3:cad>
          </ns3:TrackPointExtension>
        </extensions>
      </trkpt>
      <trkpt lat="24.4281651265919208526611328125" lon="118.1276636011898517608642578125">
        <ele>30.200000762939453125</ele>
        <time>2025-08-06T10:29:22.000Z</time>
        <extensions>
          <ns3:TrackPointExtension>
            <ns3:hr>86</ns3:hr>
            <ns3:cad>0</ns3:cad>
          </ns3:TrackPointExtension>
        </extensions>
      </trkpt>
      <trkpt lat="24.42817191593348979949951171875" lon="118.127676509320735931396484375">
        <ele>30.3999996185302734375</ele>
        <time>2025-08-06T10:29:23.000Z</time>
        <extensions>
          <ns3:TrackPointExtension>
            <ns3:hr>86</ns3:hr>
            <ns3:cad>0</ns3:cad>
          </ns3:TrackPointExtension>
        </extensions>
      </trkpt>
      <trkpt lat="24.4281782023608684539794921875" lon="118.1276915967464447021484375">
        <ele>30.799999237060546875</ele>
        <time>2025-08-06T10:29:24.000Z</time>
        <extensions>
          <ns3:TrackPointExtension>
            <ns3:hr>86</ns3:hr>
            <ns3:cad>0</ns3:cad>
          </ns3:TrackPointExtension>
        </extensions>
      </trkpt>
      <trkpt lat="24.42818499170243740081787109375" lon="118.12770844437181949615478515625">
        <ele>31</ele>
        <time>2025-08-06T10:29:25.000Z</time>
        <extensions>
          <ns3:TrackPointExtension>
            <ns3:hr>86</ns3:hr>
            <ns3:cad>65</ns3:cad>
          </ns3:TrackPointExtension>
        </extensions>
      </trkpt>
      <trkpt lat="24.4281912781298160552978515625" lon="118.1277283094823360443115234375">
        <ele>31.3999996185302734375</ele>
        <time>2025-08-06T10:29:26.000Z</time>
        <extensions>
          <ns3:TrackPointExtension>
            <ns3:hr>86</ns3:hr>
            <ns3:cad>66</ns3:cad>
          </ns3:TrackPointExtension>
        </extensions>
      </trkpt>
      <trkpt lat="24.42819111049175262451171875" lon="118.12774063087999820709228515625">
        <ele>31.6000003814697265625</ele>
        <time>2025-08-06T10:29:27.000Z</time>
        <extensions>
          <ns3:TrackPointExtension>
            <ns3:hr>87</ns3:hr>
            <ns3:cad>68</ns3:cad>
          </ns3:TrackPointExtension>
        </extensions>
      </trkpt>
      <trkpt lat="24.428194127976894378662109375" lon="118.12774968333542346954345703125">
        <ele>32</ele>
        <time>2025-08-06T10:29:28.000Z</time>
        <extensions>
          <ns3:TrackPointExtension>
            <ns3:hr>87</ns3:hr>
            <ns3:cad>69</ns3:cad>
          </ns3:TrackPointExtension>
        </extensions>
      </trkpt>
      <trkpt lat="24.4281976483762264251708984375" lon="118.1277554668486118316650390625">
        <ele>32.40000152587890625</ele>
        <time>2025-08-06T10:29:29.000Z</time>
        <extensions>
          <ns3:TrackPointExtension>
            <ns3:hr>87</ns3:hr>
            <ns3:cad>69</ns3:cad>
          </ns3:TrackPointExtension>
        </extensions>
      </trkpt>
      <trkpt lat="24.4282016716897487640380859375" lon="118.1277598254382610321044921875">
        <ele>32.59999847412109375</ele>
        <time>2025-08-06T10:29:30.000Z</time>
        <extensions>
          <ns3:TrackPointExtension>
            <ns3:hr>87</ns3:hr>
            <ns3:cad>69</ns3:cad>
          </ns3:TrackPointExtension>
        </extensions>
      </trkpt>
      <trkpt lat="24.428206197917461395263671875" lon="118.12776141799986362457275390625">
        <ele>32.799999237060546875</ele>
        <time>2025-08-06T10:29:31.000Z</time>
        <extensions>
          <ns3:TrackPointExtension>
            <ns3:hr>88</ns3:hr>
            <ns3:cad>69</ns3:cad>
          </ns3:TrackPointExtension>
        </extensions>
      </trkpt>
      <trkpt lat="24.42821717821061611175537109375" lon="118.127764351665973663330078125">
        <ele>33.200000762939453125</ele>
        <time>2025-08-06T10:29:32.000Z</time>
        <extensions>
          <ns3:TrackPointExtension>
            <ns3:hr>88</ns3:hr>
            <ns3:cad>68</ns3:cad>
          </ns3:TrackPointExtension>
        </extensions>
      </trkpt>
      <trkpt lat="24.42822656594216823577880859375" lon="118.12776376493275165557861328125">
        <ele>33.40000152587890625</ele>
        <time>2025-08-06T10:29:33.000Z</time>
        <extensions>
          <ns3:TrackPointExtension>
            <ns3:hr>88</ns3:hr>
            <ns3:cad>68</ns3:cad>
          </ns3:TrackPointExtension>
        </extensions>
      </trkpt>
      <trkpt lat="24.4282385520637035369873046875" lon="118.12775923870503902435302734375">
        <ele>33.59999847412109375</ele>
        <time>2025-08-06T10:29:34.000Z</time>
        <extensions>
          <ns3:TrackPointExtension>
            <ns3:hr>89</ns3:hr>
            <ns3:cad>68</ns3:cad>
          </ns3:TrackPointExtension>
        </extensions>
      </trkpt>
      <trkpt lat="24.4282492808997631072998046875" lon="118.127752952277660369873046875">
        <ele>33.799999237060546875</ele>
        <time>2025-08-06T10:29:35.000Z</time>
        <extensions>
          <ns3:TrackPointExtension>
            <ns3:hr>90</ns3:hr>
            <ns3:cad>68</ns3:cad>
          </ns3:TrackPointExtension>
        </extensions>
      </trkpt>
      <trkpt lat="24.42825942300260066986083984375" lon="118.127746246755123138427734375">
        <ele>34</ele>
        <time>2025-08-06T10:29:36.000Z</time>
        <extensions>
          <ns3:TrackPointExtension>
            <ns3:hr>90</ns3:hr>
            <ns3:cad>53</ns3:cad>
          </ns3:TrackPointExtension>
        </extensions>
      </trkpt>
      <trkpt lat="24.42826621234416961669921875" lon="118.12773920595645904541015625">
        <ele>34.40000152587890625</ele>
        <time>2025-08-06T10:29:37.000Z</time>
        <extensions>
          <ns3:TrackPointExtension>
            <ns3:hr>90</ns3:hr>
            <ns3:cad>52</ns3:cad>
          </ns3:TrackPointExtension>
        </extensions>
      </trkpt>
      <trkpt lat="24.4282682240009307861328125" lon="118.1277326680719852447509765625">
        <ele>34.59999847412109375</ele>
        <time>2025-08-06T10:29:38.000Z</time>
        <extensions>
          <ns3:TrackPointExtension>
            <ns3:hr>91</ns3:hr>
            <ns3:cad>51</ns3:cad>
          </ns3:TrackPointExtension>
        </extensions>
      </trkpt>
      <trkpt lat="24.42827501334249973297119140625" lon="118.12772537581622600555419921875">
        <ele>34.799999237060546875</ele>
        <time>2025-08-06T10:29:39.000Z</time>
        <extensions>
          <ns3:TrackPointExtension>
            <ns3:hr>92</ns3:hr>
            <ns3:cad>51</ns3:cad>
          </ns3:TrackPointExtension>
        </extensions>
      </trkpt>
      <trkpt lat="24.428281970322132110595703125" lon="118.12771615572273731231689453125">
        <ele>35.200000762939453125</ele>
        <time>2025-08-06T10:29:40.000Z</time>
        <extensions>
          <ns3:TrackPointExtension>
            <ns3:hr>92</ns3:hr>
            <ns3:cad>51</ns3:cad>
          </ns3:TrackPointExtension>
        </extensions>
      </trkpt>
      <trkpt lat="24.4282891787588596343994140625" lon="118.12770777381956577301025390625">
        <ele>35.40000152587890625</ele>
        <time>2025-08-06T10:29:41.000Z</time>
        <extensions>
          <ns3:TrackPointExtension>
            <ns3:hr>94</ns3:hr>
            <ns3:cad>52</ns3:cad>
          </ns3:TrackPointExtension>
        </extensions>
      </trkpt>
      <trkpt lat="24.42829093895852565765380859375" lon="118.12770592980086803436279296875">
        <ele>35.59999847412109375</ele>
        <time>2025-08-06T10:29:42.000Z</time>
        <extensions>
          <ns3:TrackPointExtension>
            <ns3:hr>95</ns3:hr>
            <ns3:cad>52</ns3:cad>
          </ns3:TrackPointExtension>
        </extensions>
      </trkpt>
      <trkpt lat="24.42829429171979427337646484375" lon="118.1277034990489482879638671875">
        <ele>35.799999237060546875</ele>
        <time>2025-08-06T10:29:43.000Z</time>
        <extensions>
          <ns3:TrackPointExtension>
            <ns3:hr>96</ns3:hr>
            <ns3:cad>51</ns3:cad>
          </ns3:TrackPointExtension>
        </extensions>
      </trkpt>
      <trkpt lat="24.42829781211912631988525390625" lon="118.1277018226683139801025390625">
        <ele>36.200000762939453125</ele>
        <time>2025-08-06T10:29:44.000Z</time>
        <extensions>
          <ns3:TrackPointExtension>
            <ns3:hr>97</ns3:hr>
            <ns3:cad>51</ns3:cad>
          </ns3:TrackPointExtension>
        </extensions>
      </trkpt>
      <trkpt lat="24.4283005781471729278564453125" lon="118.12770307995378971099853515625">
        <ele>36.40000152587890625</ele>
        <time>2025-08-06T10:29:45.000Z</time>
        <extensions>
          <ns3:TrackPointExtension>
            <ns3:hr>97</ns3:hr>
            <ns3:cad>50</ns3:cad>
          </ns3:TrackPointExtension>
        </extensions>
      </trkpt>
      <trkpt lat="24.42830451764166355133056640625" lon="118.12770643271505832672119140625">
        <ele>36.799999237060546875</ele>
        <time>2025-08-06T10:29:46.000Z</time>
        <extensions>
          <ns3:TrackPointExtension>
            <ns3:hr>98</ns3:hr>
            <ns3:cad>50</ns3:cad>
          </ns3:TrackPointExtension>
        </extensions>
      </trkpt>
      <trkpt lat="24.42830937914550304412841796875" lon="118.12771179713308811187744140625">
        <ele>37.200000762939453125</ele>
        <time>2025-08-06T10:29:47.000Z</time>
        <extensions>
          <ns3:TrackPointExtension>
            <ns3:hr>98</ns3:hr>
            <ns3:cad>0</ns3:cad>
          </ns3:TrackPointExtension>
        </extensions>
      </trkpt>
      <trkpt lat="24.4283160008490085601806640625" lon="118.12772152014076709747314453125">
        <ele>37.40000152587890625</ele>
        <time>2025-08-06T10:29:48.000Z</time>
        <extensions>
          <ns3:TrackPointExtension>
            <ns3:hr>99</ns3:hr>
            <ns3:cad>0</ns3:cad>
          </ns3:TrackPointExtension>
        </extensions>
      </trkpt>
      <trkpt lat="24.42832128144800662994384765625" lon="118.1277306564152240753173828125">
        <ele>37.799999237060546875</ele>
        <time>2025-08-06T10:29:49.000Z</time>
        <extensions>
          <ns3:TrackPointExtension>
            <ns3:hr>99</ns3:hr>
            <ns3:cad>45</ns3:cad>
          </ns3:TrackPointExtension>
        </extensions>
      </trkpt>
      <trkpt lat="24.428326226770877838134765625" lon="118.127740882337093353271484375">
        <ele>38.200000762939453125</ele>
        <time>2025-08-06T10:29:50.000Z</time>
        <extensions>
          <ns3:TrackPointExtension>
            <ns3:hr>100</ns3:hr>
            <ns3:cad>45</ns3:cad>
          </ns3:TrackPointExtension>
        </extensions>
      </trkpt>
      <trkpt lat="24.4283320941030979156494140625" lon="118.12774918042123317718505859375">
        <ele>38.40000152587890625</ele>
        <time>2025-08-06T10:29:51.000Z</time>
        <extensions>
          <ns3:TrackPointExtension>
            <ns3:hr>100</ns3:hr>
            <ns3:cad>71</ns3:cad>
          </ns3:TrackPointExtension>
        </extensions>
      </trkpt>
      <trkpt lat="24.42833888344466686248779296875" lon="118.1277601607143878936767578125">
        <ele>38.59999847412109375</ele>
        <time>2025-08-06T10:29:52.000Z</time>
        <extensions>
          <ns3:TrackPointExtension>
            <ns3:hr>101</ns3:hr>
            <ns3:cad>71</ns3:cad>
          </ns3:TrackPointExtension>
        </extensions>
      </trkpt>
      <trkpt lat="24.428344331681728363037109375" lon="118.12777248211205005645751953125">
        <ele>38.799999237060546875</ele>
        <time>2025-08-06T10:29:53.000Z</time>
        <extensions>
          <ns3:TrackPointExtension>
            <ns3:hr>101</ns3:hr>
            <ns3:cad>60</ns3:cad>
          </ns3:TrackPointExtension>
        </extensions>
      </trkpt>
      <trkpt lat="24.428350031375885009765625" lon="118.1277843005955219268798828125">
        <ele>39</ele>
        <time>2025-08-06T10:29:54.000Z</time>
        <extensions>
          <ns3:TrackPointExtension>
            <ns3:hr>102</ns3:hr>
            <ns3:cad>60</ns3:cad>
          </ns3:TrackPointExtension>
        </extensions>
      </trkpt>
      <trkpt lat="24.42835514433681964874267578125" lon="118.1277962028980255126953125">
        <ele>39.200000762939453125</ele>
        <time>2025-08-06T10:29:55.000Z</time>
        <extensions>
          <ns3:TrackPointExtension>
            <ns3:hr>103</ns3:hr>
            <ns3:cad>60</ns3:cad>
          </ns3:TrackPointExtension>
        </extensions>
      </trkpt>
      <trkpt lat="24.42835849709808826446533203125" lon="118.12780357897281646728515625">
        <ele>39.40000152587890625</ele>
        <time>2025-08-06T10:29:56.000Z</time>
        <extensions>
          <ns3:TrackPointExtension>
            <ns3:hr>104</ns3:hr>
            <ns3:cad>60</ns3:cad>
          </ns3:TrackPointExtension>
        </extensions>
      </trkpt>
      <trkpt lat="24.42836335860192775726318359375" lon="118.127808608114719390869140625">
        <ele>39.59999847412109375</ele>
        <time>2025-08-06T10:29:57.000Z</time>
        <extensions>
          <ns3:TrackPointExtension>
            <ns3:hr>104</ns3:hr>
            <ns3:cad>60</ns3:cad>
          </ns3:TrackPointExtension>
        </extensions>
      </trkpt>
      <trkpt lat="24.42837081849575042724609375" lon="118.12781237997114658355712890625">
        <ele>39.799999237060546875</ele>
        <time>2025-08-06T10:29:58.000Z</time>
        <extensions>
          <ns3:TrackPointExtension>
            <ns3:hr>105</ns3:hr>
            <ns3:cad>60</ns3:cad>
          </ns3:TrackPointExtension>
        </extensions>
      </trkpt>
      <trkpt lat="24.4283766858279705047607421875" lon="118.12781372107565402984619140625">
        <ele>40</ele>
        <time>2025-08-06T10:29:59.000Z</time>
        <extensions>
          <ns3:TrackPointExtension>
            <ns3:hr>105</ns3:hr>
            <ns3:cad>60</ns3:cad>
          </ns3:TrackPointExtension>
        </extensions>
      </trkpt>
      <trkpt lat="24.428382217884063720703125" lon="118.1278131343424320220947265625">
        <ele>40.200000762939453125</ele>
        <time>2025-08-06T10:30:00.000Z</time>
        <extensions>
          <ns3:TrackPointExtension>
            <ns3:hr>106</ns3:hr>
            <ns3:cad>60</ns3:cad>
          </ns3:TrackPointExtension>
        </extensions>
      </trkpt>
      <trkpt lat="24.4283867441117763519287109375" lon="118.12780835665762424468994140625">
        <ele>40.40000152587890625</ele>
        <time>2025-08-06T10:30:01.000Z</time>
        <extensions>
          <ns3:TrackPointExtension>
            <ns3:hr>106</ns3:hr>
            <ns3:cad>45</ns3:cad>
          </ns3:TrackPointExtension>
        </extensions>
      </trkpt>
      <trkpt lat="24.42839303053915500640869140625" lon="118.12780299223959445953369140625">
        <ele>40.59999847412109375</ele>
        <time>2025-08-06T10:30:02.000Z</time>
        <extensions>
          <ns3:TrackPointExtension>
            <ns3:hr>107</ns3:hr>
            <ns3:cad>43</ns3:cad>
          </ns3:TrackPointExtension>
        </extensions>
      </trkpt>
      <trkpt lat="24.4283998198807239532470703125" lon="118.1277993880212306976318359375">
        <ele>40.799999237060546875</ele>
        <time>2025-08-06T10:30:03.000Z</time>
        <extensions>
          <ns3:TrackPointExtension>
            <ns3:hr>107</ns3:hr>
            <ns3:cad>42</ns3:cad>
          </ns3:TrackPointExtension>
        </extensions>
      </trkpt>
      <trkpt lat="24.4284071959555149078369140625" lon="118.12779595144093036651611328125">
        <ele>40.799999237060546875</ele>
        <time>2025-08-06T10:30:04.000Z</time>
        <extensions>
          <ns3:TrackPointExtension>
            <ns3:hr>108</ns3:hr>
            <ns3:cad>42</ns3:cad>
          </ns3:TrackPointExtension>
        </extensions>
      </trkpt>
      <trkpt lat="24.42841348238289356231689453125" lon="118.127791844308376312255859375">
        <ele>41</ele>
        <time>2025-08-06T10:30:05.000Z</time>
        <extensions>
          <ns3:TrackPointExtension>
            <ns3:hr>108</ns3:hr>
            <ns3:cad>42</ns3:cad>
          </ns3:TrackPointExtension>
        </extensions>
      </trkpt>
      <trkpt lat="24.42842018790543079376220703125" lon="118.127785809338092803955078125">
        <ele>41.200000762939453125</ele>
        <time>2025-08-06T10:30:06.000Z</time>
        <extensions>
          <ns3:TrackPointExtension>
            <ns3:hr>108</ns3:hr>
            <ns3:cad>42</ns3:cad>
          </ns3:TrackPointExtension>
        </extensions>
      </trkpt>
      <trkpt lat="24.42842580378055572509765625" lon="118.12777315266430377960205078125">
        <ele>41.40000152587890625</ele>
        <time>2025-08-06T10:30:07.000Z</time>
        <extensions>
          <ns3:TrackPointExtension>
            <ns3:hr>109</ns3:hr>
            <ns3:cad>42</ns3:cad>
          </ns3:TrackPointExtension>
        </extensions>
      </trkpt>
      <trkpt lat="24.42842781543731689453125" lon="118.12776141799986362457275390625">
        <ele>41.59999847412109375</ele>
        <time>2025-08-06T10:30:08.000Z</time>
        <extensions>
          <ns3:TrackPointExtension>
            <ns3:hr>109</ns3:hr>
            <ns3:cad>42</ns3:cad>
          </ns3:TrackPointExtension>
        </extensions>
      </trkpt>
      <trkpt lat="24.4284289889037609100341796875" lon="118.127752952277660369873046875">
        <ele>41.799999237060546875</ele>
        <time>2025-08-06T10:30:09.000Z</time>
        <extensions>
          <ns3:TrackPointExtension>
            <ns3:hr>109</ns3:hr>
            <ns3:cad>49</ns3:cad>
          </ns3:TrackPointExtension>
        </extensions>
      </trkpt>
      <trkpt lat="24.42843259312212467193603515625" lon="118.127743899822235107421875">
        <ele>42</ele>
        <time>2025-08-06T10:30:10.000Z</time>
        <extensions>
          <ns3:TrackPointExtension>
            <ns3:hr>109</ns3:hr>
            <ns3:cad>49</ns3:cad>
          </ns3:TrackPointExtension>
        </extensions>
      </trkpt>
      <trkpt lat="24.4284363649785518646240234375" lon="118.12773543410003185272216796875">
        <ele>42.200000762939453125</ele>
        <time>2025-08-06T10:30:11.000Z</time>
        <extensions>
          <ns3:TrackPointExtension>
            <ns3:hr>109</ns3:hr>
            <ns3:cad>49</ns3:cad>
          </ns3:TrackPointExtension>
        </extensions>
      </trkpt>
      <trkpt lat="24.4284420646727085113525390625" lon="118.12773006968200206756591796875">
        <ele>42.40000152587890625</ele>
        <time>2025-08-06T10:30:12.000Z</time>
        <extensions>
          <ns3:TrackPointExtension>
            <ns3:hr>110</ns3:hr>
            <ns3:cad>49</ns3:cad>
          </ns3:TrackPointExtension>
        </extensions>
      </trkpt>
      <trkpt lat="24.42844868637621402740478515625" lon="118.1277264654636383056640625">
        <ele>42.59999847412109375</ele>
        <time>2025-08-06T10:30:13.000Z</time>
        <extensions>
          <ns3:TrackPointExtension>
            <ns3:hr>110</ns3:hr>
            <ns3:cad>49</ns3:cad>
          </ns3:TrackPointExtension>
        </extensions>
      </trkpt>
      <trkpt lat="24.428453631699085235595703125" lon="118.127722106873989105224609375">
        <ele>42.799999237060546875</ele>
        <time>2025-08-06T10:30:14.000Z</time>
        <extensions>
          <ns3:TrackPointExtension>
            <ns3:hr>110</ns3:hr>
            <ns3:cad>49</ns3:cad>
          </ns3:TrackPointExtension>
        </extensions>
      </trkpt>
      <trkpt lat="24.428460337221622467041015625" lon="118.12772118486464023590087890625">
        <ele>43</ele>
        <time>2025-08-06T10:30:15.000Z</time>
        <extensions>
          <ns3:TrackPointExtension>
            <ns3:hr>110</ns3:hr>
            <ns3:cad>43</ns3:cad>
          </ns3:TrackPointExtension>
        </extensions>
      </trkpt>
      <trkpt lat="24.4284648634493350982666015625" lon="118.12771967612206935882568359375">
        <ele>43.200000762939453125</ele>
        <time>2025-08-06T10:30:16.000Z</time>
        <extensions>
          <ns3:TrackPointExtension>
            <ns3:hr>110</ns3:hr>
            <ns3:cad>43</ns3:cad>
          </ns3:TrackPointExtension>
        </extensions>
      </trkpt>
      <trkpt lat="24.4284712336957454681396484375" lon="118.127718083560466766357421875">
        <ele>43.40000152587890625</ele>
        <time>2025-08-06T10:30:17.000Z</time>
        <extensions>
          <ns3:TrackPointExtension>
            <ns3:hr>111</ns3:hr>
            <ns3:cad>79</ns3:cad>
          </ns3:TrackPointExtension>
        </extensions>
      </trkpt>
      <trkpt lat="24.4284806214272975921630859375" lon="118.1277182511985301971435546875">
        <ele>43.59999847412109375</ele>
        <time>2025-08-06T10:30:18.000Z</time>
        <extensions>
          <ns3:TrackPointExtension>
            <ns3:hr>111</ns3:hr>
            <ns3:cad>79</ns3:cad>
          </ns3:TrackPointExtension>
        </extensions>
      </trkpt>
      <trkpt lat="24.42848791368305683135986328125" lon="118.12771481461822986602783203125">
        <ele>44</ele>
        <time>2025-08-06T10:30:19.000Z</time>
        <extensions>
          <ns3:TrackPointExtension>
            <ns3:hr>111</ns3:hr>
            <ns3:cad>78</ns3:cad>
          </ns3:TrackPointExtension>
        </extensions>
      </trkpt>
      <trkpt lat="24.4284962117671966552734375" lon="118.12771280296146869659423828125">
        <ele>44.200000762939453125</ele>
        <time>2025-08-06T10:30:20.000Z</time>
        <extensions>
          <ns3:TrackPointExtension>
            <ns3:hr>111</ns3:hr>
            <ns3:cad>70</ns3:cad>
          </ns3:TrackPointExtension>
        </extensions>
      </trkpt>
      <trkpt lat="24.42850316874682903289794921875" lon="118.1277143955230712890625">
        <ele>44.40000152587890625</ele>
        <time>2025-08-06T10:30:21.000Z</time>
        <extensions>
          <ns3:TrackPointExtension>
            <ns3:hr>111</ns3:hr>
            <ns3:cad>70</ns3:cad>
          </ns3:TrackPointExtension>
        </extensions>
      </trkpt>
      <trkpt lat="24.42851029336452484130859375" lon="118.12771347351372241973876953125">
        <ele>44.59999847412109375</ele>
        <time>2025-08-06T10:30:22.000Z</time>
        <extensions>
          <ns3:TrackPointExtension>
            <ns3:hr>110</ns3:hr>
            <ns3:cad>70</ns3:cad>
          </ns3:TrackPointExtension>
        </extensions>
      </trkpt>
      <trkpt lat="24.4285158254206180572509765625" lon="118.12771330587565898895263671875">
        <ele>45</ele>
        <time>2025-08-06T10:30:23.000Z</time>
        <extensions>
          <ns3:TrackPointExtension>
            <ns3:hr>111</ns3:hr>
            <ns3:cad>45</ns3:cad>
          </ns3:TrackPointExtension>
        </extensions>
      </trkpt>
      <trkpt lat="24.428523369133472442626953125" lon="118.127713389694690704345703125">
        <ele>45.200000762939453125</ele>
        <time>2025-08-06T10:30:24.000Z</time>
        <extensions>
          <ns3:TrackPointExtension>
            <ns3:hr>111</ns3:hr>
            <ns3:cad>44</ns3:cad>
          </ns3:TrackPointExtension>
        </extensions>
      </trkpt>
      <trkpt lat="24.42853032611310482025146484375" lon="118.12771213240921497344970703125">
        <ele>45.40000152587890625</ele>
        <time>2025-08-06T10:30:25.000Z</time>
        <extensions>
          <ns3:TrackPointExtension>
            <ns3:hr>112</ns3:hr>
            <ns3:cad>44</ns3:cad>
          </ns3:TrackPointExtension>
        </extensions>
      </trkpt>
      <trkpt lat="24.4285366125404834747314453125" lon="118.12770903110504150390625">
        <ele>45.59999847412109375</ele>
        <time>2025-08-06T10:30:26.000Z</time>
        <extensions>
          <ns3:TrackPointExtension>
            <ns3:hr>112</ns3:hr>
            <ns3:cad>44</ns3:cad>
          </ns3:TrackPointExtension>
        </extensions>
      </trkpt>
      <trkpt lat="24.42854088731110095977783203125" lon="118.12770458869636058807373046875">
        <ele>45.799999237060546875</ele>
        <time>2025-08-06T10:30:27.000Z</time>
        <extensions>
          <ns3:TrackPointExtension>
            <ns3:hr>112</ns3:hr>
            <ns3:cad>44</ns3:cad>
          </ns3:TrackPointExtension>
        </extensions>
      </trkpt>
      <trkpt lat="24.42854541353881359100341796875" lon="118.12770207412540912628173828125">
        <ele>46</ele>
        <time>2025-08-06T10:30:28.000Z</time>
        <extensions>
          <ns3:TrackPointExtension>
            <ns3:hr>112</ns3:hr>
            <ns3:cad>44</ns3:cad>
          </ns3:TrackPointExtension>
        </extensions>
      </trkpt>
      <trkpt lat="24.42855077795684337615966796875" lon="118.12769955955445766448974609375">
        <ele>46.200000762939453125</ele>
        <time>2025-08-06T10:30:29.000Z</time>
        <extensions>
          <ns3:TrackPointExtension>
            <ns3:hr>113</ns3:hr>
            <ns3:cad>44</ns3:cad>
          </ns3:TrackPointExtension>
        </extensions>
      </trkpt>
      <trkpt lat="24.428553879261016845703125" lon="118.1276969611644744873046875">
        <ele>46.40000152587890625</ele>
        <time>2025-08-06T10:30:30.000Z</time>
        <extensions>
          <ns3:TrackPointExtension>
            <ns3:hr>113</ns3:hr>
            <ns3:cad>71</ns3:cad>
          </ns3:TrackPointExtension>
        </extensions>
      </trkpt>
      <trkpt lat="24.42855731584131717681884765625" lon="118.1276947818696498870849609375">
        <ele>46.59999847412109375</ele>
        <time>2025-08-06T10:30:31.000Z</time>
        <extensions>
          <ns3:TrackPointExtension>
            <ns3:hr>113</ns3:hr>
            <ns3:cad>74</ns3:cad>
          </ns3:TrackPointExtension>
        </extensions>
      </trkpt>
      <trkpt lat="24.4285584054887294769287109375" lon="118.12769084237515926361083984375">
        <ele>46.799999237060546875</ele>
        <time>2025-08-06T10:30:32.000Z</time>
        <extensions>
          <ns3:TrackPointExtension>
            <ns3:hr>113</ns3:hr>
            <ns3:cad>75</ns3:cad>
          </ns3:TrackPointExtension>
        </extensions>
      </trkpt>
      <trkpt lat="24.42856234498322010040283203125" lon="118.12768648378551006317138671875">
        <ele>47</ele>
        <time>2025-08-06T10:30:33.000Z</time>
        <extensions>
          <ns3:TrackPointExtension>
            <ns3:hr>113</ns3:hr>
            <ns3:cad>75</ns3:cad>
          </ns3:TrackPointExtension>
        </extensions>
      </trkpt>
      <trkpt lat="24.428568296134471893310546875" lon="118.127682209014892578125">
        <ele>47.200000762939453125</ele>
        <time>2025-08-06T10:30:34.000Z</time>
        <extensions>
          <ns3:TrackPointExtension>
            <ns3:hr>113</ns3:hr>
            <ns3:cad>74</ns3:cad>
          </ns3:TrackPointExtension>
        </extensions>
      </trkpt>
      <trkpt lat="24.4285734929144382476806640625" lon="118.1276766769587993621826171875">
        <ele>47.40000152587890625</ele>
        <time>2025-08-06T10:30:35.000Z</time>
        <extensions>
          <ns3:TrackPointExtension>
            <ns3:hr>113</ns3:hr>
            <ns3:cad>74</ns3:cad>
          </ns3:TrackPointExtension>
        </extensions>
      </trkpt>
      <trkpt lat="24.42858011461794376373291015625" lon="118.127672486007213592529296875">
        <ele>47.799999237060546875</ele>
        <time>2025-08-06T10:30:36.000Z</time>
        <extensions>
          <ns3:TrackPointExtension>
            <ns3:hr>113</ns3:hr>
            <ns3:cad>76</ns3:cad>
          </ns3:TrackPointExtension>
        </extensions>
      </trkpt>
      <trkpt lat="24.42858514375984668731689453125" lon="118.1276706419885158538818359375">
        <ele>48</ele>
        <time>2025-08-06T10:30:37.000Z</time>
        <extensions>
          <ns3:TrackPointExtension>
            <ns3:hr>113</ns3:hr>
            <ns3:cad>76</ns3:cad>
          </ns3:TrackPointExtension>
        </extensions>
      </trkpt>
      <trkpt lat="24.42859168164432048797607421875" lon="118.1276666186749935150146484375">
        <ele>48.40000152587890625</ele>
        <time>2025-08-06T10:30:38.000Z</time>
        <extensions>
          <ns3:TrackPointExtension>
            <ns3:hr>113</ns3:hr>
            <ns3:cad>76</ns3:cad>
          </ns3:TrackPointExtension>
        </extensions>
      </trkpt>
      <trkpt lat="24.42859855480492115020751953125" lon="118.12766569666564464569091796875">
        <ele>48.59999847412109375</ele>
        <time>2025-08-06T10:30:39.000Z</time>
        <extensions>
          <ns3:TrackPointExtension>
            <ns3:hr>114</ns3:hr>
            <ns3:cad>76</ns3:cad>
          </ns3:TrackPointExtension>
        </extensions>
      </trkpt>
      <trkpt lat="24.4286033324897289276123046875" lon="118.12766519375145435333251953125">
        <ele>49</ele>
        <time>2025-08-06T10:30:40.000Z</time>
        <extensions>
          <ns3:TrackPointExtension>
            <ns3:hr>114</ns3:hr>
            <ns3:cad>41</ns3:cad>
          </ns3:TrackPointExtension>
        </extensions>
      </trkpt>
      <trkpt lat="24.4286117143929004669189453125" lon="118.12766066752374172210693359375">
        <ele>49.200000762939453125</ele>
        <time>2025-08-06T10:30:41.000Z</time>
        <extensions>
          <ns3:TrackPointExtension>
            <ns3:hr>115</ns3:hr>
            <ns3:cad>41</ns3:cad>
          </ns3:TrackPointExtension>
        </extensions>
      </trkpt>
      <trkpt lat="24.428617246448993682861328125" lon="118.12765547074377536773681640625">
        <ele>49.59999847412109375</ele>
        <time>2025-08-06T10:30:42.000Z</time>
        <extensions>
          <ns3:TrackPointExtension>
            <ns3:hr>115</ns3:hr>
            <ns3:cad>41</ns3:cad>
          </ns3:TrackPointExtension>
        </extensions>
      </trkpt>
      <trkpt lat="24.42862018011510372161865234375" lon="118.1276500225067138671875">
        <ele>49.799999237060546875</ele>
        <time>2025-08-06T10:30:43.000Z</time>
        <extensions>
          <ns3:TrackPointExtension>
            <ns3:hr>116</ns3:hr>
            <ns3:cad>41</ns3:cad>
          </ns3:TrackPointExtension>
        </extensions>
      </trkpt>
      <trkpt lat="24.4286214374005794525146484375" lon="118.12764306552708148956298828125">
        <ele>49.799999237060546875</ele>
        <time>2025-08-06T10:30:44.000Z</time>
        <extensions>
          <ns3:TrackPointExtension>
            <ns3:hr>116</ns3:hr>
            <ns3:cad>41</ns3:cad>
          </ns3:TrackPointExtension>
        </extensions>
      </trkpt>
      <trkpt lat="24.4286247901618480682373046875" lon="118.12763535417616367340087890625">
        <ele>49.799999237060546875</ele>
        <time>2025-08-06T10:30:45.000Z</time>
        <extensions>
          <ns3:TrackPointExtension>
            <ns3:hr>116</ns3:hr>
            <ns3:cad>41</ns3:cad>
          </ns3:TrackPointExtension>
        </extensions>
      </trkpt>
      <trkpt lat="24.42862437106668949127197265625" lon="118.12762797810137271881103515625">
        <ele>50</ele>
        <time>2025-08-06T10:30:46.000Z</time>
        <extensions>
          <ns3:TrackPointExtension>
            <ns3:hr>116</ns3:hr>
            <ns3:cad>41</ns3:cad>
          </ns3:TrackPointExtension>
        </extensions>
      </trkpt>
      <trkpt lat="24.42862152121961116790771484375" lon="118.1276233680546283721923828125">
        <ele>49.799999237060546875</ele>
        <time>2025-08-06T10:30:47.000Z</time>
        <extensions>
          <ns3:TrackPointExtension>
            <ns3:hr>116</ns3:hr>
            <ns3:cad>41</ns3:cad>
          </ns3:TrackPointExtension>
        </extensions>
      </trkpt>
      <trkpt lat="24.4286180846393108367919921875" lon="118.1276126392185688018798828125">
        <ele>49.799999237060546875</ele>
        <time>2025-08-06T10:30:48.000Z</time>
        <extensions>
          <ns3:TrackPointExtension>
            <ns3:hr>116</ns3:hr>
            <ns3:cad>41</ns3:cad>
          </ns3:TrackPointExtension>
        </extensions>
      </trkpt>
      <trkpt lat="24.42861892282962799072265625" lon="118.127604089677333831787109375">
        <ele>49.59999847412109375</ele>
        <time>2025-08-06T10:30:49.000Z</time>
        <extensions>
          <ns3:TrackPointExtension>
            <ns3:hr>116</ns3:hr>
            <ns3:cad>41</ns3:cad>
          </ns3:TrackPointExtension>
        </extensions>
      </trkpt>
      <trkpt lat="24.42862319760024547576904296875" lon="118.12759696505963802337646484375">
        <ele>49.40000152587890625</ele>
        <time>2025-08-06T10:30:50.000Z</time>
        <extensions>
          <ns3:TrackPointExtension>
            <ns3:hr>116</ns3:hr>
            <ns3:cad>41</ns3:cad>
          </ns3:TrackPointExtension>
        </extensions>
      </trkpt>
      <trkpt lat="24.4286251254379749298095703125" lon="118.1275891698896884918212890625">
        <ele>49.200000762939453125</ele>
        <time>2025-08-06T10:30:51.000Z</time>
        <extensions>
          <ns3:TrackPointExtension>
            <ns3:hr>116</ns3:hr>
            <ns3:cad>49</ns3:cad>
          </ns3:TrackPointExtension>
        </extensions>
      </trkpt>
      <trkpt lat="24.42862504161894321441650390625" lon="118.1275817938148975372314453125">
        <ele>49.200000762939453125</ele>
        <time>2025-08-06T10:30:52.000Z</time>
        <extensions>
          <ns3:TrackPointExtension>
            <ns3:hr>116</ns3:hr>
            <ns3:cad>50</ns3:cad>
          </ns3:TrackPointExtension>
        </extensions>
      </trkpt>
      <trkpt lat="24.42862487398087978363037109375" lon="118.127571232616901397705078125">
        <ele>49.200000762939453125</ele>
        <time>2025-08-06T10:30:53.000Z</time>
        <extensions>
          <ns3:TrackPointExtension>
            <ns3:hr>116</ns3:hr>
            <ns3:cad>50</ns3:cad>
          </ns3:TrackPointExtension>
        </extensions>
      </trkpt>
      <trkpt lat="24.42862696945667266845703125" lon="118.12756075523793697357177734375">
        <ele>49.40000152587890625</ele>
        <time>2025-08-06T10:30:54.000Z</time>
        <extensions>
          <ns3:TrackPointExtension>
            <ns3:hr>117</ns3:hr>
            <ns3:cad>0</ns3:cad>
          </ns3:TrackPointExtension>
        </extensions>
      </trkpt>
      <trkpt lat="24.42863191477954387664794921875" lon="118.12755421735346317291259765625">
        <ele>49.59999847412109375</ele>
        <time>2025-08-06T10:30:55.000Z</time>
        <extensions>
          <ns3:TrackPointExtension>
            <ns3:hr>116</ns3:hr>
            <ns3:cad>0</ns3:cad>
          </ns3:TrackPointExtension>
        </extensions>
      </trkpt>
      <trkpt lat="24.4286368601024150848388671875" lon="118.12754851765930652618408203125">
        <ele>49.799999237060546875</ele>
        <time>2025-08-06T10:30:56.000Z</time>
        <extensions>
          <ns3:TrackPointExtension>
            <ns3:hr>116</ns3:hr>
            <ns3:cad>45</ns3:cad>
          </ns3:TrackPointExtension>
        </extensions>
      </trkpt>
      <trkpt lat="24.4286425597965717315673828125" lon="118.12754265032708644866943359375">
        <ele>50.200000762939453125</ele>
        <time>2025-08-06T10:30:57.000Z</time>
        <extensions>
          <ns3:TrackPointExtension>
            <ns3:hr>117</ns3:hr>
            <ns3:cad>46</ns3:cad>
          </ns3:TrackPointExtension>
        </extensions>
      </trkpt>
      <trkpt lat="24.428646750748157501220703125" lon="118.1275382079184055328369140625">
        <ele>50.40000152587890625</ele>
        <time>2025-08-06T10:30:58.000Z</time>
        <extensions>
          <ns3:TrackPointExtension>
            <ns3:hr>117</ns3:hr>
            <ns3:cad>46</ns3:cad>
          </ns3:TrackPointExtension>
        </extensions>
      </trkpt>
      <trkpt lat="24.42865387536585330963134765625" lon="118.12753795646131038665771484375">
        <ele>50.799999237060546875</ele>
        <time>2025-08-06T10:30:59.000Z</time>
        <extensions>
          <ns3:TrackPointExtension>
            <ns3:hr>117</ns3:hr>
            <ns3:cad>46</ns3:cad>
          </ns3:TrackPointExtension>
        </extensions>
      </trkpt>
      <trkpt lat="24.4286598265171051025390625" lon="118.12753812409937381744384765625">
        <ele>51</ele>
        <time>2025-08-06T10:31:00.000Z</time>
        <extensions>
          <ns3:TrackPointExtension>
            <ns3:hr>119</ns3:hr>
            <ns3:cad>46</ns3:cad>
          </ns3:TrackPointExtension>
        </extensions>
      </trkpt>
      <trkpt lat="24.42866510711610317230224609375" lon="118.1275360286235809326171875">
        <ele>51.40000152587890625</ele>
        <time>2025-08-06T10:31:01.000Z</time>
        <extensions>
          <ns3:TrackPointExtension>
            <ns3:hr>126</ns3:hr>
            <ns3:cad>46</ns3:cad>
          </ns3:TrackPointExtension>
        </extensions>
      </trkpt>
      <trkpt lat="24.42866946570575237274169921875" lon="118.127533011138439178466796875">
        <ele>51.59999847412109375</ele>
        <time>2025-08-06T10:31:02.000Z</time>
        <extensions>
          <ns3:TrackPointExtension>
            <ns3:hr>142</ns3:hr>
            <ns3:cad>45</ns3:cad>
          </ns3:TrackPointExtension>
        </extensions>
      </trkpt>
      <trkpt lat="24.42867164500057697296142578125" lon="118.12753200531005859375">
        <ele>51.799999237060546875</ele>
        <time>2025-08-06T10:31:03.000Z</time>
        <extensions>
          <ns3:TrackPointExtension>
            <ns3:hr>149</ns3:hr>
            <ns3:cad>45</ns3:cad>
          </ns3:TrackPointExtension>
        </extensions>
      </trkpt>
      <trkpt lat="24.42867667414247989654541015625" lon="118.12753225676715373992919921875">
        <ele>52.200000762939453125</ele>
        <time>2025-08-06T10:31:04.000Z</time>
        <extensions>
          <ns3:TrackPointExtension>
            <ns3:hr>149</ns3:hr>
            <ns3:cad>45</ns3:cad>
          </ns3:TrackPointExtension>
        </extensions>
      </trkpt>
      <trkpt lat="24.428683631122112274169921875" lon="118.12752840109169483184814453125">
        <ele>52.40000152587890625</ele>
        <time>2025-08-06T10:31:05.000Z</time>
        <extensions>
          <ns3:TrackPointExtension>
            <ns3:hr>149</ns3:hr>
            <ns3:cad>41</ns3:cad>
          </ns3:TrackPointExtension>
        </extensions>
      </trkpt>
      <trkpt lat="24.42868773825466632843017578125" lon="118.1275294907391071319580078125">
        <ele>52.59999847412109375</ele>
        <time>2025-08-06T10:31:06.000Z</time>
        <extensions>
          <ns3:TrackPointExtension>
            <ns3:hr>149</ns3:hr>
            <ns3:cad>41</ns3:cad>
          </ns3:TrackPointExtension>
        </extensions>
      </trkpt>
      <trkpt lat="24.42869159393012523651123046875" lon="118.12752731144428253173828125">
        <ele>52.799999237060546875</ele>
        <time>2025-08-06T10:31:07.000Z</time>
        <extensions>
          <ns3:TrackPointExtension>
            <ns3:hr>149</ns3:hr>
            <ns3:cad>41</ns3:cad>
          </ns3:TrackPointExtension>
        </extensions>
      </trkpt>
      <trkpt lat="24.4287015683948993682861328125" lon="118.1275328435003757476806640625">
        <ele>53.200000762939453125</ele>
        <time>2025-08-06T10:31:08.000Z</time>
        <extensions>
          <ns3:TrackPointExtension>
            <ns3:hr>149</ns3:hr>
            <ns3:cad>40</ns3:cad>
          </ns3:TrackPointExtension>
        </extensions>
      </trkpt>
      <trkpt lat="24.42870735190808773040771484375" lon="118.12752999365329742431640625">
        <ele>53.59999847412109375</ele>
        <time>2025-08-06T10:31:09.000Z</time>
        <extensions>
          <ns3:TrackPointExtension>
            <ns3:hr>150</ns3:hr>
            <ns3:cad>40</ns3:cad>
          </ns3:TrackPointExtension>
        </extensions>
      </trkpt>
      <trkpt lat="24.4287119619548320770263671875" lon="118.1275291554629802703857421875">
        <ele>53.799999237060546875</ele>
        <time>2025-08-06T10:31:10.000Z</time>
        <extensions>
          <ns3:TrackPointExtension>
            <ns3:hr>149</ns3:hr>
            <ns3:cad>40</ns3:cad>
          </ns3:TrackPointExtension>
        </extensions>
      </trkpt>
      <trkpt lat="24.4287176616489887237548828125" lon="118.12752353958785533905029296875">
        <ele>54</ele>
        <time>2025-08-06T10:31:11.000Z</time>
        <extensions>
          <ns3:TrackPointExtension>
            <ns3:hr>149</ns3:hr>
            <ns3:cad>43</ns3:cad>
          </ns3:TrackPointExtension>
        </extensions>
      </trkpt>
      <trkpt lat="24.42872059531509876251220703125" lon="118.1275258027017116546630859375">
        <ele>54.40000152587890625</ele>
        <time>2025-08-06T10:31:12.000Z</time>
        <extensions>
          <ns3:TrackPointExtension>
            <ns3:hr>149</ns3:hr>
            <ns3:cad>66</ns3:cad>
          </ns3:TrackPointExtension>
        </extensions>
      </trkpt>
      <trkpt lat="24.42871942184865474700927734375" lon="118.12752638943493366241455078125">
        <ele>54.40000152587890625</ele>
        <time>2025-08-06T10:31:13.000Z</time>
        <extensions>
          <ns3:TrackPointExtension>
            <ns3:hr>149</ns3:hr>
            <ns3:cad>66</ns3:cad>
          </ns3:TrackPointExtension>
        </extensions>
      </trkpt>
      <trkpt lat="24.4287230260670185089111328125" lon="118.12752404250204563140869140625">
        <ele>54.59999847412109375</ele>
        <time>2025-08-06T10:31:14.000Z</time>
        <extensions>
          <ns3:TrackPointExtension>
            <ns3:hr>149</ns3:hr>
            <ns3:cad>66</ns3:cad>
          </ns3:TrackPointExtension>
        </extensions>
      </trkpt>
      <trkpt lat="24.42872461862862110137939453125" lon="118.1275234557688236236572265625">
        <ele>54.59999847412109375</ele>
        <time>2025-08-06T10:31:15.000Z</time>
        <extensions>
          <ns3:TrackPointExtension>
            <ns3:hr>149</ns3:hr>
            <ns3:cad>66</ns3:cad>
          </ns3:TrackPointExtension>
        </extensions>
      </trkpt>
      <trkpt lat="24.428724534809589385986328125" lon="118.1275180913507938385009765625">
        <ele>54.59999847412109375</ele>
        <time>2025-08-06T10:31:16.000Z</time>
        <extensions>
          <ns3:TrackPointExtension>
            <ns3:hr>150</ns3:hr>
            <ns3:cad>0</ns3:cad>
          </ns3:TrackPointExtension>
        </extensions>
      </trkpt>
      <trkpt lat="24.428728558123111724853515625" lon="118.1275107152760028839111328125">
        <ele>54.799999237060546875</ele>
        <time>2025-08-06T10:31:17.000Z</time>
        <extensions>
          <ns3:TrackPointExtension>
            <ns3:hr>150</ns3:hr>
            <ns3:cad>0</ns3:cad>
          </ns3:TrackPointExtension>
        </extensions>
      </trkpt>
      <trkpt lat="24.42873216234147548675537109375" lon="118.12750451266765594482421875">
        <ele>54.799999237060546875</ele>
        <time>2025-08-06T10:31:18.000Z</time>
        <extensions>
          <ns3:TrackPointExtension>
            <ns3:hr>150</ns3:hr>
            <ns3:cad>0</ns3:cad>
          </ns3:TrackPointExtension>
        </extensions>
      </trkpt>
      <trkpt lat="24.4287357665598392486572265625" lon="118.12750040553510189056396484375">
        <ele>55</ele>
        <time>2025-08-06T10:31:19.000Z</time>
        <extensions>
          <ns3:TrackPointExtension>
            <ns3:hr>150</ns3:hr>
            <ns3:cad>0</ns3:cad>
          </ns3:TrackPointExtension>
        </extensions>
      </trkpt>
      <trkpt lat="24.42873886786401271820068359375" lon="118.127496801316738128662109375">
        <ele>55.200000762939453125</ele>
        <time>2025-08-06T10:31:20.000Z</time>
        <extensions>
          <ns3:TrackPointExtension>
            <ns3:hr>151</ns3:hr>
            <ns3:cad>0</ns3:cad>
          </ns3:TrackPointExtension>
        </extensions>
      </trkpt>
      <trkpt lat="24.428742639720439910888671875" lon="118.12749185599386692047119140625">
        <ele>55.40000152587890625</ele>
        <time>2025-08-06T10:31:21.000Z</time>
        <extensions>
          <ns3:TrackPointExtension>
            <ns3:hr>152</ns3:hr>
            <ns3:cad>0</ns3:cad>
          </ns3:TrackPointExtension>
        </extensions>
      </trkpt>
      <trkpt lat="24.4287478365004062652587890625" lon="118.12748841941356658935546875">
        <ele>55.59999847412109375</ele>
        <time>2025-08-06T10:31:22.000Z</time>
        <extensions>
          <ns3:TrackPointExtension>
            <ns3:hr>152</ns3:hr>
            <ns3:cad>41</ns3:cad>
          </ns3:TrackPointExtension>
        </extensions>
      </trkpt>
      <trkpt lat="24.42875546403229236602783203125" lon="118.12748439610004425048828125">
        <ele>56</ele>
        <time>2025-08-06T10:31:23.000Z</time>
        <extensions>
          <ns3:TrackPointExtension>
            <ns3:hr>153</ns3:hr>
            <ns3:cad>42</ns3:cad>
          </ns3:TrackPointExtension>
        </extensions>
      </trkpt>
      <trkpt lat="24.42876300774514675140380859375" lon="118.12748146243393421173095703125">
        <ele>56</ele>
        <time>2025-08-06T10:31:24.000Z</time>
        <extensions>
          <ns3:TrackPointExtension>
            <ns3:hr>152</ns3:hr>
            <ns3:cad>41</ns3:cad>
          </ns3:TrackPointExtension>
        </extensions>
      </trkpt>
      <trkpt lat="24.42877206020057201385498046875" lon="118.127480037510395050048828125">
        <ele>56.200000762939453125</ele>
        <time>2025-08-06T10:31:25.000Z</time>
        <extensions>
          <ns3:TrackPointExtension>
            <ns3:hr>153</ns3:hr>
            <ns3:cad>0</ns3:cad>
          </ns3:TrackPointExtension>
        </extensions>
      </trkpt>
      <trkpt lat="24.42878111265599727630615234375" lon="118.1274783611297607421875">
        <ele>56.200000762939453125</ele>
        <time>2025-08-06T10:31:26.000Z</time>
        <extensions>
          <ns3:TrackPointExtension>
            <ns3:hr>153</ns3:hr>
            <ns3:cad>0</ns3:cad>
          </ns3:TrackPointExtension>
        </extensions>
      </trkpt>
      <trkpt lat="24.42879200913012027740478515625" lon="118.12747794203460216522216796875">
        <ele>56.40000152587890625</ele>
        <time>2025-08-06T10:31:27.000Z</time>
        <extensions>
          <ns3:TrackPointExtension>
            <ns3:hr>153</ns3:hr>
            <ns3:cad>43</ns3:cad>
          </ns3:TrackPointExtension>
        </extensions>
      </trkpt>
      <trkpt lat="24.42880055867135524749755859375" lon="118.1274785287678241729736328125">
        <ele>56.59999847412109375</ele>
        <time>2025-08-06T10:31:28.000Z</time>
        <extensions>
          <ns3:TrackPointExtension>
            <ns3:hr>153</ns3:hr>
            <ns3:cad>43</ns3:cad>
          </ns3:TrackPointExtension>
        </extensions>
      </trkpt>
      <trkpt lat="24.42881128750741481781005859375" lon="118.1274825520813465118408203125">
        <ele>56.799999237060546875</ele>
        <time>2025-08-06T10:31:29.000Z</time>
        <extensions>
          <ns3:TrackPointExtension>
            <ns3:hr>154</ns3:hr>
            <ns3:cad>43</ns3:cad>
          </ns3:TrackPointExtension>
        </extensions>
      </trkpt>
      <trkpt lat="24.4288185797631740570068359375" lon="118.127487413585186004638671875">
        <ele>57.200000762939453125</ele>
        <time>2025-08-06T10:31:30.000Z</time>
        <extensions>
          <ns3:TrackPointExtension>
            <ns3:hr>154</ns3:hr>
            <ns3:cad>0</ns3:cad>
          </ns3:TrackPointExtension>
        </extensions>
      </trkpt>
      <trkpt lat="24.42882386036217212677001953125" lon="118.12749034725129604339599609375">
        <ele>57.799999237060546875</ele>
        <time>2025-08-06T10:31:31.000Z</time>
        <extensions>
          <ns3:TrackPointExtension>
            <ns3:hr>154</ns3:hr>
            <ns3:cad>0</ns3:cad>
          </ns3:TrackPointExtension>
        </extensions>
      </trkpt>
      <trkpt lat="24.42882947623729705810546875" lon="118.1274931132793426513671875">
        <ele>58.200000762939453125</ele>
        <time>2025-08-06T10:31:32.000Z</time>
        <extensions>
          <ns3:TrackPointExtension>
            <ns3:hr>154</ns3:hr>
            <ns3:cad>41</ns3:cad>
          </ns3:TrackPointExtension>
        </extensions>
      </trkpt>
      <trkpt lat="24.42883626557886600494384765625" lon="118.12748565338551998138427734375">
        <ele>58.59999847412109375</ele>
        <time>2025-08-06T10:31:33.000Z</time>
        <extensions>
          <ns3:TrackPointExtension>
            <ns3:hr>154</ns3:hr>
            <ns3:cad>41</ns3:cad>
          </ns3:TrackPointExtension>
        </extensions>
      </trkpt>
      <trkpt lat="24.42884129472076892852783203125" lon="118.12748372554779052734375">
        <ele>58.799999237060546875</ele>
        <time>2025-08-06T10:31:34.000Z</time>
        <extensions>
          <ns3:TrackPointExtension>
            <ns3:hr>154</ns3:hr>
            <ns3:cad>41</ns3:cad>
          </ns3:TrackPointExtension>
        </extensions>
      </trkpt>
      <trkpt lat="24.42884515039622783660888671875" lon="118.12748012132942676544189453125">
        <ele>59</ele>
        <time>2025-08-06T10:31:35.000Z</time>
        <extensions>
          <ns3:TrackPointExtension>
            <ns3:hr>150</ns3:hr>
            <ns3:cad>79</ns3:cad>
          </ns3:TrackPointExtension>
        </extensions>
      </trkpt>
      <trkpt lat="24.42884850315749645233154296875" lon="118.1274768523871898651123046875">
        <ele>59.40000152587890625</ele>
        <time>2025-08-06T10:31:36.000Z</time>
        <extensions>
          <ns3:TrackPointExtension>
            <ns3:hr>149</ns3:hr>
            <ns3:cad>79</ns3:cad>
          </ns3:TrackPointExtension>
        </extensions>
      </trkpt>
      <trkpt lat="24.42885152064263820648193359375" lon="118.1274728290736675262451171875">
        <ele>59.59999847412109375</ele>
        <time>2025-08-06T10:31:37.000Z</time>
        <extensions>
          <ns3:TrackPointExtension>
            <ns3:hr>149</ns3:hr>
            <ns3:cad>79</ns3:cad>
          </ns3:TrackPointExtension>
        </extensions>
      </trkpt>
      <trkpt lat="24.42885437048971652984619140625" lon="118.12747039832174777984619140625">
        <ele>60</ele>
        <time>2025-08-06T10:31:38.000Z</time>
        <extensions>
          <ns3:TrackPointExtension>
            <ns3:hr>148</ns3:hr>
            <ns3:cad>79</ns3:cad>
          </ns3:TrackPointExtension>
        </extensions>
      </trkpt>
      <trkpt lat="24.4288581423461437225341796875" lon="118.127465955913066864013671875">
        <ele>60.200000762939453125</ele>
        <time>2025-08-06T10:31:39.000Z</time>
        <extensions>
          <ns3:TrackPointExtension>
            <ns3:hr>148</ns3:hr>
            <ns3:cad>67</ns3:cad>
          </ns3:TrackPointExtension>
        </extensions>
      </trkpt>
      <trkpt lat="24.42886166274547576904296875" lon="118.12746302224695682525634765625">
        <ele>60.59999847412109375</ele>
        <time>2025-08-06T10:31:40.000Z</time>
        <extensions>
          <ns3:TrackPointExtension>
            <ns3:hr>149</ns3:hr>
            <ns3:cad>67</ns3:cad>
          </ns3:TrackPointExtension>
        </extensions>
      </trkpt>
      <trkpt lat="24.42886434495449066162109375" lon="118.12745799310505390167236328125">
        <ele>60.799999237060546875</ele>
        <time>2025-08-06T10:31:41.000Z</time>
        <extensions>
          <ns3:TrackPointExtension>
            <ns3:hr>149</ns3:hr>
            <ns3:cad>67</ns3:cad>
          </ns3:TrackPointExtension>
        </extensions>
      </trkpt>
      <trkpt lat="24.4288675300776958465576171875" lon="118.127453885972499847412109375">
        <ele>61.200000762939453125</ele>
        <time>2025-08-06T10:31:42.000Z</time>
        <extensions>
          <ns3:TrackPointExtension>
            <ns3:hr>149</ns3:hr>
            <ns3:cad>70</ns3:cad>
          </ns3:TrackPointExtension>
        </extensions>
      </trkpt>
      <trkpt lat="24.42887146957218647003173828125" lon="118.12745430506765842437744140625">
        <ele>61.59999847412109375</ele>
        <time>2025-08-06T10:31:43.000Z</time>
        <extensions>
          <ns3:TrackPointExtension>
            <ns3:hr>150</ns3:hr>
            <ns3:cad>70</ns3:cad>
          </ns3:TrackPointExtension>
        </extensions>
      </trkpt>
      <trkpt lat="24.42888001911342144012451171875" lon="118.12745396979153156280517578125">
        <ele>61.799999237060546875</ele>
        <time>2025-08-06T10:31:44.000Z</time>
        <extensions>
          <ns3:TrackPointExtension>
            <ns3:hr>151</ns3:hr>
            <ns3:cad>0</ns3:cad>
          </ns3:TrackPointExtension>
        </extensions>
      </trkpt>
      <trkpt lat="24.42888806574046611785888671875" lon="118.12746017239987850189208984375">
        <ele>62</ele>
        <time>2025-08-06T10:31:45.000Z</time>
        <extensions>
          <ns3:TrackPointExtension>
            <ns3:hr>152</ns3:hr>
            <ns3:cad>0</ns3:cad>
          </ns3:TrackPointExtension>
        </extensions>
      </trkpt>
      <trkpt lat="24.428896196186542510986328125" lon="118.1274631060659885406494140625">
        <ele>62.200000762939453125</ele>
        <time>2025-08-06T10:31:46.000Z</time>
        <extensions>
          <ns3:TrackPointExtension>
            <ns3:hr>152</ns3:hr>
            <ns3:cad>0</ns3:cad>
          </ns3:TrackPointExtension>
        </extensions>
      </trkpt>
      <trkpt lat="24.42890784703195095062255859375" lon="118.1274677999317646026611328125">
        <ele>62.40000152587890625</ele>
        <time>2025-08-06T10:31:47.000Z</time>
        <extensions>
          <ns3:TrackPointExtension>
            <ns3:hr>153</ns3:hr>
            <ns3:cad>0</ns3:cad>
          </ns3:TrackPointExtension>
        </extensions>
      </trkpt>
      <trkpt lat="24.42891555838286876678466796875" lon="118.12746821902692317962646484375">
        <ele>62.40000152587890625</ele>
        <time>2025-08-06T10:31:48.000Z</time>
        <extensions>
          <ns3:TrackPointExtension>
            <ns3:hr>152</ns3:hr>
            <ns3:cad>0</ns3:cad>
          </ns3:TrackPointExtension>
        </extensions>
      </trkpt>
      <trkpt lat="24.4289265386760234832763671875" lon="118.12747073359787464141845703125">
        <ele>62.40000152587890625</ele>
        <time>2025-08-06T10:31:49.000Z</time>
        <extensions>
          <ns3:TrackPointExtension>
            <ns3:hr>153</ns3:hr>
            <ns3:cad>0</ns3:cad>
          </ns3:TrackPointExtension>
        </extensions>
      </trkpt>
      <trkpt lat="24.428936429321765899658203125" lon="118.127472661435604095458984375">
        <ele>62.59999847412109375</ele>
        <time>2025-08-06T10:31:50.000Z</time>
        <extensions>
          <ns3:TrackPointExtension>
            <ns3:hr>153</ns3:hr>
            <ns3:cad>0</ns3:cad>
          </ns3:TrackPointExtension>
        </extensions>
      </trkpt>
      <trkpt lat="24.42894372157752513885498046875" lon="118.12747500836849212646484375">
        <ele>62.40000152587890625</ele>
        <time>2025-08-06T10:31:51.000Z</time>
        <extensions>
          <ns3:TrackPointExtension>
            <ns3:hr>153</ns3:hr>
            <ns3:cad>0</ns3:cad>
          </ns3:TrackPointExtension>
        </extensions>
      </trkpt>
      <trkpt lat="24.4289510138332843780517578125" lon="118.12747861258685588836669921875">
        <ele>62.59999847412109375</ele>
        <time>2025-08-06T10:31:52.000Z</time>
        <extensions>
          <ns3:TrackPointExtension>
            <ns3:hr>152</ns3:hr>
            <ns3:cad>57</ns3:cad>
          </ns3:TrackPointExtension>
        </extensions>
      </trkpt>
      <trkpt lat="24.42895981483161449432373046875" lon="118.12748305499553680419921875">
        <ele>62.59999847412109375</ele>
        <time>2025-08-06T10:31:53.000Z</time>
        <extensions>
          <ns3:TrackPointExtension>
            <ns3:hr>152</ns3:hr>
            <ns3:cad>57</ns3:cad>
          </ns3:TrackPointExtension>
        </extensions>
      </trkpt>
      <trkpt lat="24.42897087894380092620849609375" lon="118.12748783268034458160400390625">
        <ele>62.59999847412109375</ele>
        <time>2025-08-06T10:31:54.000Z</time>
        <extensions>
          <ns3:TrackPointExtension>
            <ns3:hr>151</ns3:hr>
            <ns3:cad>0</ns3:cad>
          </ns3:TrackPointExtension>
        </extensions>
      </trkpt>
      <trkpt lat="24.4289781711995601654052734375" lon="118.1274922750890254974365234375">
        <ele>62.59999847412109375</ele>
        <time>2025-08-06T10:31:55.000Z</time>
        <extensions>
          <ns3:TrackPointExtension>
            <ns3:hr>152</ns3:hr>
            <ns3:cad>0</ns3:cad>
          </ns3:TrackPointExtension>
        </extensions>
      </trkpt>
      <trkpt lat="24.42898571491241455078125" lon="118.12749621458351612091064453125">
        <ele>62.59999847412109375</ele>
        <time>2025-08-06T10:31:56.000Z</time>
        <extensions>
          <ns3:TrackPointExtension>
            <ns3:hr>152</ns3:hr>
            <ns3:cad>0</ns3:cad>
          </ns3:TrackPointExtension>
        </extensions>
      </trkpt>
      <trkpt lat="24.429000131785869598388671875" lon="118.12749889679253101348876953125">
        <ele>62.40000152587890625</ele>
        <time>2025-08-06T10:31:57.000Z</time>
        <extensions>
          <ns3:TrackPointExtension>
            <ns3:hr>152</ns3:hr>
            <ns3:cad>0</ns3:cad>
          </ns3:TrackPointExtension>
        </extensions>
      </trkpt>
      <trkpt lat="24.42900775931775569915771484375" lon="118.12749772332608699798583984375">
        <ele>62.200000762939453125</ele>
        <time>2025-08-06T10:31:58.000Z</time>
        <extensions>
          <ns3:TrackPointExtension>
            <ns3:hr>152</ns3:hr>
            <ns3:cad>0</ns3:cad>
          </ns3:TrackPointExtension>
        </extensions>
      </trkpt>
      <trkpt lat="24.429013542830944061279296875" lon="118.12749688513576984405517578125">
        <ele>62.200000762939453125</ele>
        <time>2025-08-06T10:31:59.000Z</time>
        <extensions>
          <ns3:TrackPointExtension>
            <ns3:hr>153</ns3:hr>
            <ns3:cad>0</ns3:cad>
          </ns3:TrackPointExtension>
        </extensions>
      </trkpt>
      <trkpt lat="24.4290217570960521697998046875" lon="118.1274973042309284210205078125">
        <ele>62.200000762939453125</ele>
        <time>2025-08-06T10:32:00.000Z</time>
        <extensions>
          <ns3:TrackPointExtension>
            <ns3:hr>153</ns3:hr>
            <ns3:cad>0</ns3:cad>
          </ns3:TrackPointExtension>
        </extensions>
      </trkpt>
      <trkpt lat="24.42903106100857257843017578125" lon="118.127498142421245574951171875">
        <ele>62.40000152587890625</ele>
        <time>2025-08-06T10:32:01.000Z</time>
        <extensions>
          <ns3:TrackPointExtension>
            <ns3:hr>154</ns3:hr>
            <ns3:cad>0</ns3:cad>
          </ns3:TrackPointExtension>
        </extensions>
      </trkpt>
      <trkpt lat="24.42903407849371433258056640625" lon="118.12749437056481838226318359375">
        <ele>62.59999847412109375</ele>
        <time>2025-08-06T10:32:02.000Z</time>
        <extensions>
          <ns3:TrackPointExtension>
            <ns3:hr>154</ns3:hr>
            <ns3:cad>59</ns3:cad>
          </ns3:TrackPointExtension>
        </extensions>
      </trkpt>
      <trkpt lat="24.4290482439100742340087890625" lon="118.12748330645263195037841796875">
        <ele>62.799999237060546875</ele>
        <time>2025-08-06T10:32:03.000Z</time>
        <extensions>
          <ns3:TrackPointExtension>
            <ns3:hr>153</ns3:hr>
            <ns3:cad>59</ns3:cad>
          </ns3:TrackPointExtension>
        </extensions>
      </trkpt>
      <trkpt lat="24.42906039766967296600341796875" lon="118.1274802051484584808349609375">
        <ele>63</ele>
        <time>2025-08-06T10:32:04.000Z</time>
        <extensions>
          <ns3:TrackPointExtension>
            <ns3:hr>153</ns3:hr>
            <ns3:cad>59</ns3:cad>
          </ns3:TrackPointExtension>
        </extensions>
      </trkpt>
      <trkpt lat="24.42906685173511505126953125" lon="118.1274765171110630035400390625">
        <ele>63.200000762939453125</ele>
        <time>2025-08-06T10:32:05.000Z</time>
        <extensions>
          <ns3:TrackPointExtension>
            <ns3:hr>153</ns3:hr>
            <ns3:cad>59</ns3:cad>
          </ns3:TrackPointExtension>
        </extensions>
      </trkpt>
      <trkpt lat="24.4290740601718425750732421875" lon="118.127472661435604095458984375">
        <ele>63.40000152587890625</ele>
        <time>2025-08-06T10:32:06.000Z</time>
        <extensions>
          <ns3:TrackPointExtension>
            <ns3:hr>153</ns3:hr>
            <ns3:cad>51</ns3:cad>
          </ns3:TrackPointExtension>
        </extensions>
      </trkpt>
      <trkpt lat="24.429081268608570098876953125" lon="118.1274694763123989105224609375">
        <ele>63.59999847412109375</ele>
        <time>2025-08-06T10:32:07.000Z</time>
        <extensions>
          <ns3:TrackPointExtension>
            <ns3:hr>153</ns3:hr>
            <ns3:cad>51</ns3:cad>
          </ns3:TrackPointExtension>
        </extensions>
      </trkpt>
      <trkpt lat="24.4290931709110736846923828125" lon="118.1274661235511302947998046875">
        <ele>63.799999237060546875</ele>
        <time>2025-08-06T10:32:08.000Z</time>
        <extensions>
          <ns3:TrackPointExtension>
            <ns3:hr>153</ns3:hr>
            <ns3:cad>51</ns3:cad>
          </ns3:TrackPointExtension>
        </extensions>
      </trkpt>
      <trkpt lat="24.42909903824329376220703125" lon="118.1274637766182422637939453125">
        <ele>64</ele>
        <time>2025-08-06T10:32:09.000Z</time>
        <extensions>
          <ns3:TrackPointExtension>
            <ns3:hr>152</ns3:hr>
            <ns3:cad>43</ns3:cad>
          </ns3:TrackPointExtension>
        </extensions>
      </trkpt>
      <trkpt lat="24.42910281009972095489501953125" lon="118.12746067531406879425048828125">
        <ele>64</ele>
        <time>2025-08-06T10:32:10.000Z</time>
        <extensions>
          <ns3:TrackPointExtension>
            <ns3:hr>152</ns3:hr>
            <ns3:cad>43</ns3:cad>
          </ns3:TrackPointExtension>
        </extensions>
      </trkpt>
      <trkpt lat="24.42911169491708278656005859375" lon="118.12745648436248302459716796875">
        <ele>64.1999969482421875</ele>
        <time>2025-08-06T10:32:11.000Z</time>
        <extensions>
          <ns3:TrackPointExtension>
            <ns3:hr>152</ns3:hr>
            <ns3:cad>43</ns3:cad>
          </ns3:TrackPointExtension>
        </extensions>
      </trkpt>
      <trkpt lat="24.42911781370639801025390625" lon="118.1274517066776752471923828125">
        <ele>64.1999969482421875</ele>
        <time>2025-08-06T10:32:12.000Z</time>
        <extensions>
          <ns3:TrackPointExtension>
            <ns3:hr>152</ns3:hr>
            <ns3:cad>43</ns3:cad>
          </ns3:TrackPointExtension>
        </extensions>
      </trkpt>
      <trkpt lat="24.429122507572174072265625" lon="118.12744642607867717742919921875">
        <ele>64.40000152587890625</ele>
        <time>2025-08-06T10:32:13.000Z</time>
        <extensions>
          <ns3:TrackPointExtension>
            <ns3:hr>152</ns3:hr>
            <ns3:cad>0</ns3:cad>
          </ns3:TrackPointExtension>
        </extensions>
      </trkpt>
      <trkpt lat="24.42912225611507892608642578125" lon="118.127443157136440277099609375">
        <ele>64.40000152587890625</ele>
        <time>2025-08-06T10:32:14.000Z</time>
        <extensions>
          <ns3:TrackPointExtension>
            <ns3:hr>151</ns3:hr>
            <ns3:cad>0</ns3:cad>
          </ns3:TrackPointExtension>
        </extensions>
      </trkpt>
      <trkpt lat="24.42912510596215724945068359375" lon="118.12744173221290111541748046875">
        <ele>64.40000152587890625</ele>
        <time>2025-08-06T10:32:15.000Z</time>
        <extensions>
          <ns3:TrackPointExtension>
            <ns3:hr>151</ns3:hr>
            <ns3:cad>0</ns3:cad>
          </ns3:TrackPointExtension>
        </extensions>
      </trkpt>
      <trkpt lat="24.4291283749043941497802734375" lon="118.12743569724261760711669921875">
        <ele>64.59999847412109375</ele>
        <time>2025-08-06T10:32:16.000Z</time>
        <extensions>
          <ns3:TrackPointExtension>
            <ns3:hr>151</ns3:hr>
            <ns3:cad>0</ns3:cad>
          </ns3:TrackPointExtension>
        </extensions>
      </trkpt>
      <trkpt lat="24.42913248203694820404052734375" lon="118.12743050046265125274658203125">
        <ele>64.59999847412109375</ele>
        <time>2025-08-06T10:32:17.000Z</time>
        <extensions>
          <ns3:TrackPointExtension>
            <ns3:hr>152</ns3:hr>
            <ns3:cad>0</ns3:cad>
          </ns3:TrackPointExtension>
        </extensions>
      </trkpt>
      <trkpt lat="24.4291372597217559814453125" lon="118.12742748297750949859619140625">
        <ele>64.8000030517578125</ele>
        <time>2025-08-06T10:32:18.000Z</time>
        <extensions>
          <ns3:TrackPointExtension>
            <ns3:hr>152</ns3:hr>
            <ns3:cad>54</ns3:cad>
          </ns3:TrackPointExtension>
        </extensions>
      </trkpt>
      <trkpt lat="24.4291426241397857666015625" lon="118.12742329202592372894287109375">
        <ele>65</ele>
        <time>2025-08-06T10:32:19.000Z</time>
        <extensions>
          <ns3:TrackPointExtension>
            <ns3:hr>152</ns3:hr>
            <ns3:cad>54</ns3:cad>
          </ns3:TrackPointExtension>
        </extensions>
      </trkpt>
      <trkpt lat="24.42914824001491069793701171875" lon="118.127419017255306243896484375">
        <ele>65</ele>
        <time>2025-08-06T10:32:20.000Z</time>
        <extensions>
          <ns3:TrackPointExtension>
            <ns3:hr>153</ns3:hr>
            <ns3:cad>54</ns3:cad>
          </ns3:TrackPointExtension>
        </extensions>
      </trkpt>
      <trkpt lat="24.42915536463260650634765625" lon="118.1274141557514667510986328125">
        <ele>65</ele>
        <time>2025-08-06T10:32:21.000Z</time>
        <extensions>
          <ns3:TrackPointExtension>
            <ns3:hr>153</ns3:hr>
            <ns3:cad>54</ns3:cad>
          </ns3:TrackPointExtension>
        </extensions>
      </trkpt>
      <trkpt lat="24.42916366271674633026123046875" lon="118.1274111382663249969482421875">
        <ele>65</ele>
        <time>2025-08-06T10:32:22.000Z</time>
        <extensions>
          <ns3:TrackPointExtension>
            <ns3:hr>152</ns3:hr>
            <ns3:cad>54</ns3:cad>
          </ns3:TrackPointExtension>
        </extensions>
      </trkpt>
      <trkpt lat="24.42917472682893276214599609375" lon="118.12740535475313663482666015625">
        <ele>65</ele>
        <time>2025-08-06T10:32:23.000Z</time>
        <extensions>
          <ns3:TrackPointExtension>
            <ns3:hr>152</ns3:hr>
            <ns3:cad>51</ns3:cad>
          </ns3:TrackPointExtension>
        </extensions>
      </trkpt>
      <trkpt lat="24.42918344400823116302490234375" lon="118.12740032561123371124267578125">
        <ele>65.1999969482421875</ele>
        <time>2025-08-06T10:32:24.000Z</time>
        <extensions>
          <ns3:TrackPointExtension>
            <ns3:hr>152</ns3:hr>
            <ns3:cad>51</ns3:cad>
          </ns3:TrackPointExtension>
        </extensions>
      </trkpt>
      <trkpt lat="24.4291914068162441253662109375" lon="118.12739596702158451080322265625">
        <ele>65.1999969482421875</ele>
        <time>2025-08-06T10:32:25.000Z</time>
        <extensions>
          <ns3:TrackPointExtension>
            <ns3:hr>151</ns3:hr>
            <ns3:cad>51</ns3:cad>
          </ns3:TrackPointExtension>
        </extensions>
      </trkpt>
      <trkpt lat="24.4291961006820201873779296875" lon="118.1273903511464595794677734375">
        <ele>65.40000152587890625</ele>
        <time>2025-08-06T10:32:26.000Z</time>
        <extensions>
          <ns3:TrackPointExtension>
            <ns3:hr>151</ns3:hr>
            <ns3:cad>51</ns3:cad>
          </ns3:TrackPointExtension>
        </extensions>
      </trkpt>
      <trkpt lat="24.42921127192676067352294921875" lon="118.127386830747127532958984375">
        <ele>65.59999847412109375</ele>
        <time>2025-08-06T10:32:27.000Z</time>
        <extensions>
          <ns3:TrackPointExtension>
            <ns3:hr>151</ns3:hr>
            <ns3:cad>0</ns3:cad>
          </ns3:TrackPointExtension>
        </extensions>
      </trkpt>
      <trkpt lat="24.4292271137237548828125" lon="118.12738624401390552520751953125">
        <ele>65.59999847412109375</ele>
        <time>2025-08-06T10:32:28.000Z</time>
        <extensions>
          <ns3:TrackPointExtension>
            <ns3:hr>151</ns3:hr>
            <ns3:cad>0</ns3:cad>
          </ns3:TrackPointExtension>
        </extensions>
      </trkpt>
      <trkpt lat="24.429235495626926422119140625" lon="118.1273906864225864410400390625">
        <ele>65.59999847412109375</ele>
        <time>2025-08-06T10:32:29.000Z</time>
        <extensions>
          <ns3:TrackPointExtension>
            <ns3:hr>151</ns3:hr>
            <ns3:cad>0</ns3:cad>
          </ns3:TrackPointExtension>
        </extensions>
      </trkpt>
      <trkpt lat="24.429250918328762054443359375" lon="118.1273933686316013336181640625">
        <ele>65.8000030517578125</ele>
        <time>2025-08-06T10:32:30.000Z</time>
        <extensions>
          <ns3:TrackPointExtension>
            <ns3:hr>150</ns3:hr>
            <ns3:cad>0</ns3:cad>
          </ns3:TrackPointExtension>
        </extensions>
      </trkpt>
      <trkpt lat="24.42925435490906238555908203125" lon="118.12739730812609195709228515625">
        <ele>65.8000030517578125</ele>
        <time>2025-08-06T10:32:31.000Z</time>
        <extensions>
          <ns3:TrackPointExtension>
            <ns3:hr>150</ns3:hr>
            <ns3:cad>0</ns3:cad>
          </ns3:TrackPointExtension>
        </extensions>
      </trkpt>
      <trkpt lat="24.42925720475614070892333984375" lon="118.1273953802883625030517578125">
        <ele>66</ele>
        <time>2025-08-06T10:32:32.000Z</time>
        <extensions>
          <ns3:TrackPointExtension>
            <ns3:hr>151</ns3:hr>
            <ns3:cad>0</ns3:cad>
          </ns3:TrackPointExtension>
        </extensions>
      </trkpt>
      <trkpt lat="24.42926173098385334014892578125" lon="118.1273940391838550567626953125">
        <ele>66.40000152587890625</ele>
        <time>2025-08-06T10:32:33.000Z</time>
        <extensions>
          <ns3:TrackPointExtension>
            <ns3:hr>151</ns3:hr>
            <ns3:cad>0</ns3:cad>
          </ns3:TrackPointExtension>
        </extensions>
      </trkpt>
      <trkpt lat="24.42926692776381969451904296875" lon="118.12739512883126735687255859375">
        <ele>66.59999847412109375</ele>
        <time>2025-08-06T10:32:34.000Z</time>
        <extensions>
          <ns3:TrackPointExtension>
            <ns3:hr>151</ns3:hr>
            <ns3:cad>0</ns3:cad>
          </ns3:TrackPointExtension>
        </extensions>
      </trkpt>
      <trkpt lat="24.42927128635346889495849609375" lon="118.127396218478679656982421875">
        <ele>66.8000030517578125</ele>
        <time>2025-08-06T10:32:35.000Z</time>
        <extensions>
          <ns3:TrackPointExtension>
            <ns3:hr>150</ns3:hr>
            <ns3:cad>0</ns3:cad>
          </ns3:TrackPointExtension>
        </extensions>
      </trkpt>
      <trkpt lat="24.4292745552957057952880859375" lon="118.127394877374172210693359375">
        <ele>67</ele>
        <time>2025-08-06T10:32:36.000Z</time>
        <extensions>
          <ns3:TrackPointExtension>
            <ns3:hr>150</ns3:hr>
            <ns3:cad>0</ns3:cad>
          </ns3:TrackPointExtension>
        </extensions>
      </trkpt>
      <trkpt lat="24.42928302101790904998779296875" lon="118.1273943744599819183349609375">
        <ele>67.1999969482421875</ele>
        <time>2025-08-06T10:32:37.000Z</time>
        <extensions>
          <ns3:TrackPointExtension>
            <ns3:hr>149</ns3:hr>
            <ns3:cad>0</ns3:cad>
          </ns3:TrackPointExtension>
        </extensions>
      </trkpt>
      <trkpt lat="24.4292866252362728118896484375" lon="118.127391524612903594970703125">
        <ele>67.40000152587890625</ele>
        <time>2025-08-06T10:32:38.000Z</time>
        <extensions>
          <ns3:TrackPointExtension>
            <ns3:hr>149</ns3:hr>
            <ns3:cad>0</ns3:cad>
          </ns3:TrackPointExtension>
        </extensions>
      </trkpt>
      <trkpt lat="24.4292916543781757354736328125" lon="118.127389848232269287109375">
        <ele>67.59999847412109375</ele>
        <time>2025-08-06T10:32:39.000Z</time>
        <extensions>
          <ns3:TrackPointExtension>
            <ns3:hr>149</ns3:hr>
            <ns3:cad>74</ns3:cad>
          </ns3:TrackPointExtension>
        </extensions>
      </trkpt>
      <trkpt lat="24.42930079065263271331787109375" lon="118.1273886747658252716064453125">
        <ele>68</ele>
        <time>2025-08-06T10:32:40.000Z</time>
        <extensions>
          <ns3:TrackPointExtension>
            <ns3:hr>149</ns3:hr>
            <ns3:cad>75</ns3:cad>
          </ns3:TrackPointExtension>
        </extensions>
      </trkpt>
      <trkpt lat="24.429308585822582244873046875" lon="118.127386830747127532958984375">
        <ele>68.1999969482421875</ele>
        <time>2025-08-06T10:32:41.000Z</time>
        <extensions>
          <ns3:TrackPointExtension>
            <ns3:hr>148</ns3:hr>
            <ns3:cad>75</ns3:cad>
          </ns3:TrackPointExtension>
        </extensions>
      </trkpt>
      <trkpt lat="24.4293188117444515228271484375" lon="118.127384148538112640380859375">
        <ele>68.40000152587890625</ele>
        <time>2025-08-06T10:32:42.000Z</time>
        <extensions>
          <ns3:TrackPointExtension>
            <ns3:hr>148</ns3:hr>
            <ns3:cad>75</ns3:cad>
          </ns3:TrackPointExtension>
        </extensions>
      </trkpt>
      <trkpt lat="24.42932861857116222381591796875" lon="118.1273829750716686248779296875">
        <ele>68.59999847412109375</ele>
        <time>2025-08-06T10:32:43.000Z</time>
        <extensions>
          <ns3:TrackPointExtension>
            <ns3:hr>148</ns3:hr>
            <ns3:cad>75</ns3:cad>
          </ns3:TrackPointExtension>
        </extensions>
      </trkpt>
      <trkpt lat="24.42933532409369945526123046875" lon="118.12738020904362201690673828125">
        <ele>68.8000030517578125</ele>
        <time>2025-08-06T10:32:44.000Z</time>
        <extensions>
          <ns3:TrackPointExtension>
            <ns3:hr>148</ns3:hr>
            <ns3:cad>42</ns3:cad>
          </ns3:TrackPointExtension>
        </extensions>
      </trkpt>
      <trkpt lat="24.42934446036815643310546875" lon="118.12737920321524143218994140625">
        <ele>69</ele>
        <time>2025-08-06T10:32:45.000Z</time>
        <extensions>
          <ns3:TrackPointExtension>
            <ns3:hr>147</ns3:hr>
            <ns3:cad>42</ns3:cad>
          </ns3:TrackPointExtension>
        </extensions>
      </trkpt>
      <trkpt lat="24.42935443483293056488037109375" lon="118.127375431358814239501953125">
        <ele>69.1999969482421875</ele>
        <time>2025-08-06T10:32:46.000Z</time>
        <extensions>
          <ns3:TrackPointExtension>
            <ns3:hr>146</ns3:hr>
            <ns3:cad>41</ns3:cad>
          </ns3:TrackPointExtension>
        </extensions>
      </trkpt>
      <trkpt lat="24.42935946397483348846435546875" lon="118.12737115658819675445556640625">
        <ele>69.40000152587890625</ele>
        <time>2025-08-06T10:32:47.000Z</time>
        <extensions>
          <ns3:TrackPointExtension>
            <ns3:hr>144</ns3:hr>
            <ns3:cad>41</ns3:cad>
          </ns3:TrackPointExtension>
        </extensions>
      </trkpt>
      <trkpt lat="24.4293620623648166656494140625" lon="118.12737132422626018524169921875">
        <ele>69.59999847412109375</ele>
        <time>2025-08-06T10:32:48.000Z</time>
        <extensions>
          <ns3:TrackPointExtension>
            <ns3:hr>143</ns3:hr>
            <ns3:cad>41</ns3:cad>
          </ns3:TrackPointExtension>
        </extensions>
      </trkpt>
      <trkpt lat="24.4293650798499584197998046875" lon="118.1273698993027210235595703125">
        <ele>69.8000030517578125</ele>
        <time>2025-08-06T10:32:49.000Z</time>
        <extensions>
          <ns3:TrackPointExtension>
            <ns3:hr>143</ns3:hr>
            <ns3:cad>41</ns3:cad>
          </ns3:TrackPointExtension>
        </extensions>
      </trkpt>
      <trkpt lat="24.42936834879219532012939453125" lon="118.1273662112653255462646484375">
        <ele>70</ele>
        <time>2025-08-06T10:32:50.000Z</time>
        <extensions>
          <ns3:TrackPointExtension>
            <ns3:hr>144</ns3:hr>
            <ns3:cad>41</ns3:cad>
          </ns3:TrackPointExtension>
        </extensions>
      </trkpt>
      <trkpt lat="24.42937203682959079742431640625" lon="118.12735967338085174560546875">
        <ele>70.1999969482421875</ele>
        <time>2025-08-06T10:32:51.000Z</time>
        <extensions>
          <ns3:TrackPointExtension>
            <ns3:hr>144</ns3:hr>
            <ns3:cad>41</ns3:cad>
          </ns3:TrackPointExtension>
        </extensions>
      </trkpt>
      <trkpt lat="24.42937706597149372100830078125" lon="118.12735774554312229156494140625">
        <ele>70.1999969482421875</ele>
        <time>2025-08-06T10:32:52.000Z</time>
        <extensions>
          <ns3:TrackPointExtension>
            <ns3:hr>144</ns3:hr>
            <ns3:cad>0</ns3:cad>
          </ns3:TrackPointExtension>
        </extensions>
      </trkpt>
      <trkpt lat="24.42938561551272869110107421875" lon="118.12735405750572681427001953125">
        <ele>70.40000152587890625</ele>
        <time>2025-08-06T10:32:53.000Z</time>
        <extensions>
          <ns3:TrackPointExtension>
            <ns3:hr>145</ns3:hr>
            <ns3:cad>0</ns3:cad>
          </ns3:TrackPointExtension>
        </extensions>
      </trkpt>
      <trkpt lat="24.42939081229269504547119140625" lon="118.12735187821090221405029296875">
        <ele>70.59999847412109375</ele>
        <time>2025-08-06T10:32:54.000Z</time>
        <extensions>
          <ns3:TrackPointExtension>
            <ns3:hr>145</ns3:hr>
            <ns3:cad>0</ns3:cad>
          </ns3:TrackPointExtension>
        </extensions>
      </trkpt>
      <trkpt lat="24.42939952947199344635009765625" lon="118.127351962029933929443359375">
        <ele>70.8000030517578125</ele>
        <time>2025-08-06T10:32:55.000Z</time>
        <extensions>
          <ns3:TrackPointExtension>
            <ns3:hr>145</ns3:hr>
            <ns3:cad>0</ns3:cad>
          </ns3:TrackPointExtension>
        </extensions>
      </trkpt>
      <trkpt lat="24.42940640263259410858154296875" lon="118.12735372222959995269775390625">
        <ele>71</ele>
        <time>2025-08-06T10:32:56.000Z</time>
        <extensions>
          <ns3:TrackPointExtension>
            <ns3:hr>144</ns3:hr>
            <ns3:cad>0</ns3:cad>
          </ns3:TrackPointExtension>
        </extensions>
      </trkpt>
      <trkpt lat="24.42941226996481418609619140625" lon="118.1273524649441242218017578125">
        <ele>71.1999969482421875</ele>
        <time>2025-08-06T10:32:57.000Z</time>
        <extensions>
          <ns3:TrackPointExtension>
            <ns3:hr>145</ns3:hr>
            <ns3:cad>0</ns3:cad>
          </ns3:TrackPointExtension>
        </extensions>
      </trkpt>
      <trkpt lat="24.42941780202090740203857421875" lon="118.12735204584896564483642578125">
        <ele>71.1999969482421875</ele>
        <time>2025-08-06T10:32:58.000Z</time>
        <extensions>
          <ns3:TrackPointExtension>
            <ns3:hr>145</ns3:hr>
            <ns3:cad>0</ns3:cad>
          </ns3:TrackPointExtension>
        </extensions>
      </trkpt>
      <trkpt lat="24.42942467518150806427001953125" lon="118.127352297306060791015625">
        <ele>71.40000152587890625</ele>
        <time>2025-08-06T10:32:59.000Z</time>
        <extensions>
          <ns3:TrackPointExtension>
            <ns3:hr>144</ns3:hr>
            <ns3:cad>0</ns3:cad>
          </ns3:TrackPointExtension>
        </extensions>
      </trkpt>
      <trkpt lat="24.4294321350753307342529296875" lon="118.1273509562015533447265625">
        <ele>71.59999847412109375</ele>
        <time>2025-08-06T10:33:00.000Z</time>
        <extensions>
          <ns3:TrackPointExtension>
            <ns3:hr>144</ns3:hr>
            <ns3:cad>44</ns3:cad>
          </ns3:TrackPointExtension>
        </extensions>
      </trkpt>
      <trkpt lat="24.4294361583888530731201171875" lon="118.12735271640121936798095703125">
        <ele>71.59999847412109375</ele>
        <time>2025-08-06T10:33:01.000Z</time>
        <extensions>
          <ns3:TrackPointExtension>
            <ns3:hr>144</ns3:hr>
            <ns3:cad>44</ns3:cad>
          </ns3:TrackPointExtension>
        </extensions>
      </trkpt>
      <trkpt lat="24.4294388405978679656982421875" lon="118.1273590028285980224609375">
        <ele>71.8000030517578125</ele>
        <time>2025-08-06T10:33:02.000Z</time>
        <extensions>
          <ns3:TrackPointExtension>
            <ns3:hr>144</ns3:hr>
            <ns3:cad>44</ns3:cad>
          </ns3:TrackPointExtension>
        </extensions>
      </trkpt>
      <trkpt lat="24.42944370210170745849609375" lon="118.1273625232279300689697265625">
        <ele>71.8000030517578125</ele>
        <time>2025-08-06T10:33:03.000Z</time>
        <extensions>
          <ns3:TrackPointExtension>
            <ns3:hr>144</ns3:hr>
            <ns3:cad>44</ns3:cad>
          </ns3:TrackPointExtension>
        </extensions>
      </trkpt>
      <trkpt lat="24.429445378482341766357421875" lon="118.12736570835113525390625">
        <ele>72</ele>
        <time>2025-08-06T10:33:04.000Z</time>
        <extensions>
          <ns3:TrackPointExtension>
            <ns3:hr>144</ns3:hr>
            <ns3:cad>52</ns3:cad>
          </ns3:TrackPointExtension>
        </extensions>
      </trkpt>
      <trkpt lat="24.429449737071990966796875" lon="118.1273698993027210235595703125">
        <ele>72.1999969482421875</ele>
        <time>2025-08-06T10:33:05.000Z</time>
        <extensions>
          <ns3:TrackPointExtension>
            <ns3:hr>145</ns3:hr>
            <ns3:cad>52</ns3:cad>
          </ns3:TrackPointExtension>
        </extensions>
      </trkpt>
      <trkpt lat="24.42945568822324275970458984375" lon="118.12737643718719482421875">
        <ele>72.1999969482421875</ele>
        <time>2025-08-06T10:33:06.000Z</time>
        <extensions>
          <ns3:TrackPointExtension>
            <ns3:hr>145</ns3:hr>
            <ns3:cad>52</ns3:cad>
          </ns3:TrackPointExtension>
        </extensions>
      </trkpt>
      <trkpt lat="24.429473876953125" lon="118.12738247215747833251953125">
        <ele>72.1999969482421875</ele>
        <time>2025-08-06T10:33:07.000Z</time>
        <extensions>
          <ns3:TrackPointExtension>
            <ns3:hr>145</ns3:hr>
            <ns3:cad>52</ns3:cad>
          </ns3:TrackPointExtension>
        </extensions>
      </trkpt>
      <trkpt lat="24.42947865463793277740478515625" lon="118.12737853266298770904541015625">
        <ele>72.40000152587890625</ele>
        <time>2025-08-06T10:33:08.000Z</time>
        <extensions>
          <ns3:TrackPointExtension>
            <ns3:hr>144</ns3:hr>
            <ns3:cad>52</ns3:cad>
          </ns3:TrackPointExtension>
        </extensions>
      </trkpt>
      <trkpt lat="24.42948938347399234771728515625" lon="118.12737978994846343994140625">
        <ele>72.40000152587890625</ele>
        <time>2025-08-06T10:33:09.000Z</time>
        <extensions>
          <ns3:TrackPointExtension>
            <ns3:hr>144</ns3:hr>
            <ns3:cad>52</ns3:cad>
          </ns3:TrackPointExtension>
        </extensions>
      </trkpt>
      <trkpt lat="24.429499022662639617919921875" lon="118.12738322652876377105712890625">
        <ele>72.40000152587890625</ele>
        <time>2025-08-06T10:33:10.000Z</time>
        <extensions>
          <ns3:TrackPointExtension>
            <ns3:hr>144</ns3:hr>
            <ns3:cad>52</ns3:cad>
          </ns3:TrackPointExtension>
        </extensions>
      </trkpt>
      <trkpt lat="24.42950673401355743408203125" lon="118.12738557346165180206298828125">
        <ele>72.40000152587890625</ele>
        <time>2025-08-06T10:33:11.000Z</time>
        <extensions>
          <ns3:TrackPointExtension>
            <ns3:hr>144</ns3:hr>
            <ns3:cad>58</ns3:cad>
          </ns3:TrackPointExtension>
        </extensions>
      </trkpt>
      <trkpt lat="24.42951771430671215057373046875" lon="118.1273853220045566558837890625">
        <ele>72.40000152587890625</ele>
        <time>2025-08-06T10:33:12.000Z</time>
        <extensions>
          <ns3:TrackPointExtension>
            <ns3:hr>144</ns3:hr>
            <ns3:cad>58</ns3:cad>
          </ns3:TrackPointExtension>
        </extensions>
      </trkpt>
      <trkpt lat="24.42952685058116912841796875" lon="118.1273859925568103790283203125">
        <ele>72.40000152587890625</ele>
        <time>2025-08-06T10:33:13.000Z</time>
        <extensions>
          <ns3:TrackPointExtension>
            <ns3:hr>144</ns3:hr>
            <ns3:cad>58</ns3:cad>
          </ns3:TrackPointExtension>
        </extensions>
      </trkpt>
      <trkpt lat="24.42953665740787982940673828125" lon="118.1273863278329372406005859375">
        <ele>72.40000152587890625</ele>
        <time>2025-08-06T10:33:14.000Z</time>
        <extensions>
          <ns3:TrackPointExtension>
            <ns3:hr>143</ns3:hr>
            <ns3:cad>58</ns3:cad>
          </ns3:TrackPointExtension>
        </extensions>
      </trkpt>
      <trkpt lat="24.42954671569168567657470703125" lon="118.12738507054746150970458984375">
        <ele>72.59999847412109375</ele>
        <time>2025-08-06T10:33:15.000Z</time>
        <extensions>
          <ns3:TrackPointExtension>
            <ns3:hr>143</ns3:hr>
            <ns3:cad>58</ns3:cad>
          </ns3:TrackPointExtension>
        </extensions>
      </trkpt>
      <trkpt lat="24.42955593578517436981201171875" lon="118.12738087959587574005126953125">
        <ele>72.59999847412109375</ele>
        <time>2025-08-06T10:33:16.000Z</time>
        <extensions>
          <ns3:TrackPointExtension>
            <ns3:hr>142</ns3:hr>
            <ns3:cad>57</ns3:cad>
          </ns3:TrackPointExtension>
        </extensions>
      </trkpt>
      <trkpt lat="24.42956599406898021697998046875" lon="118.1273749284446239471435546875">
        <ele>72.40000152587890625</ele>
        <time>2025-08-06T10:33:17.000Z</time>
        <extensions>
          <ns3:TrackPointExtension>
            <ns3:hr>142</ns3:hr>
            <ns3:cad>56</ns3:cad>
          </ns3:TrackPointExtension>
        </extensions>
      </trkpt>
      <trkpt lat="24.42957253195345401763916015625" lon="118.12736772000789642333984375">
        <ele>72.40000152587890625</ele>
        <time>2025-08-06T10:33:18.000Z</time>
        <extensions>
          <ns3:TrackPointExtension>
            <ns3:hr>141</ns3:hr>
            <ns3:cad>56</ns3:cad>
          </ns3:TrackPointExtension>
        </extensions>
      </trkpt>
      <trkpt lat="24.4295798242092132568359375" lon="118.1273601762950420379638671875">
        <ele>72.40000152587890625</ele>
        <time>2025-08-06T10:33:19.000Z</time>
        <extensions>
          <ns3:TrackPointExtension>
            <ns3:hr>141</ns3:hr>
            <ns3:cad>57</ns3:cad>
          </ns3:TrackPointExtension>
        </extensions>
      </trkpt>
      <trkpt lat="24.42958728410303592681884765625" lon="118.127349279820919036865234375">
        <ele>72.40000152587890625</ele>
        <time>2025-08-06T10:33:20.000Z</time>
        <extensions>
          <ns3:TrackPointExtension>
            <ns3:hr>141</ns3:hr>
            <ns3:cad>57</ns3:cad>
          </ns3:TrackPointExtension>
        </extensions>
      </trkpt>
      <trkpt lat="24.4295954145491123199462890625" lon="118.1273393891751766204833984375">
        <ele>72.1999969482421875</ele>
        <time>2025-08-06T10:33:21.000Z</time>
        <extensions>
          <ns3:TrackPointExtension>
            <ns3:hr>140</ns3:hr>
            <ns3:cad>57</ns3:cad>
          </ns3:TrackPointExtension>
        </extensions>
      </trkpt>
      <trkpt lat="24.429604969918727874755859375" lon="118.12733058817684650421142578125">
        <ele>72.1999969482421875</ele>
        <time>2025-08-06T10:33:22.000Z</time>
        <extensions>
          <ns3:TrackPointExtension>
            <ns3:hr>139</ns3:hr>
            <ns3:cad>59</ns3:cad>
          </ns3:TrackPointExtension>
        </extensions>
      </trkpt>
      <trkpt lat="24.42961477674543857574462890625" lon="118.1273232959210872650146484375">
        <ele>72.1999969482421875</ele>
        <time>2025-08-06T10:33:23.000Z</time>
        <extensions>
          <ns3:TrackPointExtension>
            <ns3:hr>139</ns3:hr>
            <ns3:cad>59</ns3:cad>
          </ns3:TrackPointExtension>
        </extensions>
      </trkpt>
      <trkpt lat="24.42962475121021270751953125" lon="118.12731541693210601806640625">
        <ele>72.1999969482421875</ele>
        <time>2025-08-06T10:33:24.000Z</time>
        <extensions>
          <ns3:TrackPointExtension>
            <ns3:hr>139</ns3:hr>
            <ns3:cad>59</ns3:cad>
          </ns3:TrackPointExtension>
        </extensions>
      </trkpt>
      <trkpt lat="24.429637491703033447265625" lon="118.12730845995247364044189453125">
        <ele>72.1999969482421875</ele>
        <time>2025-08-06T10:33:25.000Z</time>
        <extensions>
          <ns3:TrackPointExtension>
            <ns3:hr>139</ns3:hr>
            <ns3:cad>62</ns3:cad>
          </ns3:TrackPointExtension>
        </extensions>
      </trkpt>
      <trkpt lat="24.42964746616780757904052734375" lon="118.12730410136282444000244140625">
        <ele>72.1999969482421875</ele>
        <time>2025-08-06T10:33:26.000Z</time>
        <extensions>
          <ns3:TrackPointExtension>
            <ns3:hr>139</ns3:hr>
            <ns3:cad>62</ns3:cad>
          </ns3:TrackPointExtension>
        </extensions>
      </trkpt>
      <trkpt lat="24.4296564348042011260986328125" lon="118.1272999942302703857421875">
        <ele>72.1999969482421875</ele>
        <time>2025-08-06T10:33:27.000Z</time>
        <extensions>
          <ns3:TrackPointExtension>
            <ns3:hr>139</ns3:hr>
            <ns3:cad>62</ns3:cad>
          </ns3:TrackPointExtension>
        </extensions>
      </trkpt>
      <trkpt lat="24.4296678341925144195556640625" lon="118.12729555182158946990966796875">
        <ele>72.1999969482421875</ele>
        <time>2025-08-06T10:33:28.000Z</time>
        <extensions>
          <ns3:TrackPointExtension>
            <ns3:hr>140</ns3:hr>
            <ns3:cad>60</ns3:cad>
          </ns3:TrackPointExtension>
        </extensions>
      </trkpt>
      <trkpt lat="24.42967898212373256683349609375" lon="118.12729060649871826171875">
        <ele>72.40000152587890625</ele>
        <time>2025-08-06T10:33:29.000Z</time>
        <extensions>
          <ns3:TrackPointExtension>
            <ns3:hr>140</ns3:hr>
            <ns3:cad>58</ns3:cad>
          </ns3:TrackPointExtension>
        </extensions>
      </trkpt>
      <trkpt lat="24.4296909682452678680419921875" lon="118.12728599645197391510009765625">
        <ele>72.59999847412109375</ele>
        <time>2025-08-06T10:33:30.000Z</time>
        <extensions>
          <ns3:TrackPointExtension>
            <ns3:hr>141</ns3:hr>
            <ns3:cad>58</ns3:cad>
          </ns3:TrackPointExtension>
        </extensions>
      </trkpt>
      <trkpt lat="24.4296993501484394073486328125" lon="118.127280883491039276123046875">
        <ele>72.8000030517578125</ele>
        <time>2025-08-06T10:33:31.000Z</time>
        <extensions>
          <ns3:TrackPointExtension>
            <ns3:hr>141</ns3:hr>
            <ns3:cad>58</ns3:cad>
          </ns3:TrackPointExtension>
        </extensions>
      </trkpt>
      <trkpt lat="24.42970831878483295440673828125" lon="118.12727543525397777557373046875">
        <ele>72.8000030517578125</ele>
        <time>2025-08-06T10:33:32.000Z</time>
        <extensions>
          <ns3:TrackPointExtension>
            <ns3:hr>141</ns3:hr>
            <ns3:cad>58</ns3:cad>
          </ns3:TrackPointExtension>
        </extensions>
      </trkpt>
      <trkpt lat="24.42971569485962390899658203125" lon="118.1272713281214237213134765625">
        <ele>73</ele>
        <time>2025-08-06T10:33:33.000Z</time>
        <extensions>
          <ns3:TrackPointExtension>
            <ns3:hr>141</ns3:hr>
            <ns3:cad>58</ns3:cad>
          </ns3:TrackPointExtension>
        </extensions>
      </trkpt>
      <trkpt lat="24.4297231547534465789794921875" lon="118.12726789154112339019775390625">
        <ele>73</ele>
        <time>2025-08-06T10:33:34.000Z</time>
        <extensions>
          <ns3:TrackPointExtension>
            <ns3:hr>141</ns3:hr>
            <ns3:cad>56</ns3:cad>
          </ns3:TrackPointExtension>
        </extensions>
      </trkpt>
      <trkpt lat="24.4297300279140472412109375" lon="118.12726453877985477447509765625">
        <ele>73.1999969482421875</ele>
        <time>2025-08-06T10:33:35.000Z</time>
        <extensions>
          <ns3:TrackPointExtension>
            <ns3:hr>141</ns3:hr>
            <ns3:cad>54</ns3:cad>
          </ns3:TrackPointExtension>
        </extensions>
      </trkpt>
      <trkpt lat="24.42973799072206020355224609375" lon="118.12725984491407871246337890625">
        <ele>73.1999969482421875</ele>
        <time>2025-08-06T10:33:36.000Z</time>
        <extensions>
          <ns3:TrackPointExtension>
            <ns3:hr>141</ns3:hr>
            <ns3:cad>54</ns3:cad>
          </ns3:TrackPointExtension>
        </extensions>
      </trkpt>
      <trkpt lat="24.42974737845361232757568359375" lon="118.12725565396249294281005859375">
        <ele>73.1999969482421875</ele>
        <time>2025-08-06T10:33:37.000Z</time>
        <extensions>
          <ns3:TrackPointExtension>
            <ns3:hr>141</ns3:hr>
            <ns3:cad>54</ns3:cad>
          </ns3:TrackPointExtension>
        </extensions>
      </trkpt>
      <trkpt lat="24.42975525744259357452392578125" lon="118.127253055572509765625">
        <ele>73.40000152587890625</ele>
        <time>2025-08-06T10:33:38.000Z</time>
        <extensions>
          <ns3:TrackPointExtension>
            <ns3:hr>141</ns3:hr>
            <ns3:cad>54</ns3:cad>
          </ns3:TrackPointExtension>
        </extensions>
      </trkpt>
      <trkpt lat="24.429763220250606536865234375" lon="118.12724978663027286529541015625">
        <ele>73.59999847412109375</ele>
        <time>2025-08-06T10:33:39.000Z</time>
        <extensions>
          <ns3:TrackPointExtension>
            <ns3:hr>140</ns3:hr>
            <ns3:cad>55</ns3:cad>
          </ns3:TrackPointExtension>
        </extensions>
      </trkpt>
      <trkpt lat="24.42977034486830234527587890625" lon="118.1272485293447971343994140625">
        <ele>73.59999847412109375</ele>
        <time>2025-08-06T10:33:40.000Z</time>
        <extensions>
          <ns3:TrackPointExtension>
            <ns3:hr>138</ns3:hr>
            <ns3:cad>55</ns3:cad>
          </ns3:TrackPointExtension>
        </extensions>
      </trkpt>
      <trkpt lat="24.4297788105905055999755859375" lon="118.12724769115447998046875">
        <ele>73.8000030517578125</ele>
        <time>2025-08-06T10:33:41.000Z</time>
        <extensions>
          <ns3:TrackPointExtension>
            <ns3:hr>135</ns3:hr>
            <ns3:cad>55</ns3:cad>
          </ns3:TrackPointExtension>
        </extensions>
      </trkpt>
      <trkpt lat="24.42979046143591403961181640625" lon="118.12724567949771881103515625">
        <ele>74</ele>
        <time>2025-08-06T10:33:42.000Z</time>
        <extensions>
          <ns3:TrackPointExtension>
            <ns3:hr>133</ns3:hr>
            <ns3:cad>55</ns3:cad>
          </ns3:TrackPointExtension>
        </extensions>
      </trkpt>
      <trkpt lat="24.42979699932038784027099609375" lon="118.1272445060312747955322265625">
        <ele>74</ele>
        <time>2025-08-06T10:33:43.000Z</time>
        <extensions>
          <ns3:TrackPointExtension>
            <ns3:hr>128</ns3:hr>
            <ns3:cad>55</ns3:cad>
          </ns3:TrackPointExtension>
        </extensions>
      </trkpt>
      <trkpt lat="24.42980387248098850250244140625" lon="118.1272445060312747955322265625">
        <ele>74.1999969482421875</ele>
        <time>2025-08-06T10:33:44.000Z</time>
        <extensions>
          <ns3:TrackPointExtension>
            <ns3:hr>123</ns3:hr>
            <ns3:cad>55</ns3:cad>
          </ns3:TrackPointExtension>
        </extensions>
      </trkpt>
      <trkpt lat="24.4298156909644603729248046875" lon="118.12724299728870391845703125">
        <ele>74.1999969482421875</ele>
        <time>2025-08-06T10:33:45.000Z</time>
        <extensions>
          <ns3:TrackPointExtension>
            <ns3:hr>120</ns3:hr>
            <ns3:cad>55</ns3:cad>
          </ns3:TrackPointExtension>
        </extensions>
      </trkpt>
      <trkpt lat="24.42982415668666362762451171875" lon="118.12724106945097446441650390625">
        <ele>74.40000152587890625</ele>
        <time>2025-08-06T10:33:46.000Z</time>
        <extensions>
          <ns3:TrackPointExtension>
            <ns3:hr>119</ns3:hr>
            <ns3:cad>55</ns3:cad>
          </ns3:TrackPointExtension>
        </extensions>
      </trkpt>
      <trkpt lat="24.42983329296112060546875" lon="118.12724031507968902587890625">
        <ele>74.40000152587890625</ele>
        <time>2025-08-06T10:33:47.000Z</time>
        <extensions>
          <ns3:TrackPointExtension>
            <ns3:hr>118</ns3:hr>
            <ns3:cad>55</ns3:cad>
          </ns3:TrackPointExtension>
        </extensions>
      </trkpt>
      <trkpt lat="24.42984209395945072174072265625" lon="118.12723821960389614105224609375">
        <ele>74.59999847412109375</ele>
        <time>2025-08-06T10:33:48.000Z</time>
        <extensions>
          <ns3:TrackPointExtension>
            <ns3:hr>118</ns3:hr>
            <ns3:cad>55</ns3:cad>
          </ns3:TrackPointExtension>
        </extensions>
      </trkpt>
      <trkpt lat="24.4298525713384151458740234375" lon="118.127234615385532379150390625">
        <ele>74.8000030517578125</ele>
        <time>2025-08-06T10:33:49.000Z</time>
        <extensions>
          <ns3:TrackPointExtension>
            <ns3:hr>117</ns3:hr>
            <ns3:cad>55</ns3:cad>
          </ns3:TrackPointExtension>
        </extensions>
      </trkpt>
      <trkpt lat="24.42986137233674526214599609375" lon="118.1272314302623271942138671875">
        <ele>74.8000030517578125</ele>
        <time>2025-08-06T10:33:50.000Z</time>
        <extensions>
          <ns3:TrackPointExtension>
            <ns3:hr>117</ns3:hr>
            <ns3:cad>53</ns3:cad>
          </ns3:TrackPointExtension>
        </extensions>
      </trkpt>
      <trkpt lat="24.4298713468015193939208984375" lon="118.12722682021558284759521484375">
        <ele>75</ele>
        <time>2025-08-06T10:33:51.000Z</time>
        <extensions>
          <ns3:TrackPointExtension>
            <ns3:hr>116</ns3:hr>
            <ns3:cad>53</ns3:cad>
          </ns3:TrackPointExtension>
        </extensions>
      </trkpt>
      <trkpt lat="24.42988098599016666412353515625" lon="118.127221204340457916259765625">
        <ele>75</ele>
        <time>2025-08-06T10:33:52.000Z</time>
        <extensions>
          <ns3:TrackPointExtension>
            <ns3:hr>116</ns3:hr>
            <ns3:cad>53</ns3:cad>
          </ns3:TrackPointExtension>
        </extensions>
      </trkpt>
      <trkpt lat="24.42988718859851360321044921875" lon="118.1272143311798572540283203125">
        <ele>75.1999969482421875</ele>
        <time>2025-08-06T10:33:53.000Z</time>
        <extensions>
          <ns3:TrackPointExtension>
            <ns3:hr>116</ns3:hr>
            <ns3:cad>55</ns3:cad>
          </ns3:TrackPointExtension>
        </extensions>
      </trkpt>
      <trkpt lat="24.429891295731067657470703125" lon="118.127207458019256591796875">
        <ele>75.40000152587890625</ele>
        <time>2025-08-06T10:33:54.000Z</time>
        <extensions>
          <ns3:TrackPointExtension>
            <ns3:hr>116</ns3:hr>
            <ns3:cad>55</ns3:cad>
          </ns3:TrackPointExtension>
        </extensions>
      </trkpt>
      <trkpt lat="24.4298964925110340118408203125" lon="118.12719949521124362945556640625">
        <ele>75.59999847412109375</ele>
        <time>2025-08-06T10:33:55.000Z</time>
        <extensions>
          <ns3:TrackPointExtension>
            <ns3:hr>116</ns3:hr>
            <ns3:cad>54</ns3:cad>
          </ns3:TrackPointExtension>
        </extensions>
      </trkpt>
      <trkpt lat="24.42990546114742755889892578125" lon="118.12718960456550121307373046875">
        <ele>75.8000030517578125</ele>
        <time>2025-08-06T10:33:56.000Z</time>
        <extensions>
          <ns3:TrackPointExtension>
            <ns3:hr>116</ns3:hr>
            <ns3:cad>53</ns3:cad>
          </ns3:TrackPointExtension>
        </extensions>
      </trkpt>
      <trkpt lat="24.429914765059947967529296875" lon="118.12718088738620281219482421875">
        <ele>76</ele>
        <time>2025-08-06T10:33:57.000Z</time>
        <extensions>
          <ns3:TrackPointExtension>
            <ns3:hr>117</ns3:hr>
            <ns3:cad>52</ns3:cad>
          </ns3:TrackPointExtension>
        </extensions>
      </trkpt>
      <trkpt lat="24.42992390133440494537353515625" lon="118.12717325985431671142578125">
        <ele>76.1999969482421875</ele>
        <time>2025-08-06T10:33:58.000Z</time>
        <extensions>
          <ns3:TrackPointExtension>
            <ns3:hr>117</ns3:hr>
            <ns3:cad>52</ns3:cad>
          </ns3:TrackPointExtension>
        </extensions>
      </trkpt>
      <trkpt lat="24.42993379198014736175537109375" lon="118.1271670572459697723388671875">
        <ele>76.40000152587890625</ele>
        <time>2025-08-06T10:33:59.000Z</time>
        <extensions>
          <ns3:TrackPointExtension>
            <ns3:hr>117</ns3:hr>
            <ns3:cad>51</ns3:cad>
          </ns3:TrackPointExtension>
        </extensions>
      </trkpt>
      <trkpt lat="24.42994485609233379364013671875" lon="118.12716160900890827178955078125">
        <ele>76.59999847412109375</ele>
        <time>2025-08-06T10:34:00.000Z</time>
        <extensions>
          <ns3:TrackPointExtension>
            <ns3:hr>118</ns3:hr>
            <ns3:cad>51</ns3:cad>
          </ns3:TrackPointExtension>
        </extensions>
      </trkpt>
      <trkpt lat="24.42995407618582248687744140625" lon="118.127157501876354217529296875">
        <ele>76.8000030517578125</ele>
        <time>2025-08-06T10:34:01.000Z</time>
        <extensions>
          <ns3:TrackPointExtension>
            <ns3:hr>118</ns3:hr>
            <ns3:cad>53</ns3:cad>
          </ns3:TrackPointExtension>
        </extensions>
      </trkpt>
      <trkpt lat="24.42996161989867687225341796875" lon="118.1271553225815296173095703125">
        <ele>77</ele>
        <time>2025-08-06T10:34:02.000Z</time>
        <extensions>
          <ns3:TrackPointExtension>
            <ns3:hr>118</ns3:hr>
            <ns3:cad>55</ns3:cad>
          </ns3:TrackPointExtension>
        </extensions>
      </trkpt>
      <trkpt lat="24.42996882833540439605712890625" lon="118.12715456821024417877197265625">
        <ele>77.1999969482421875</ele>
        <time>2025-08-06T10:34:03.000Z</time>
        <extensions>
          <ns3:TrackPointExtension>
            <ns3:hr>118</ns3:hr>
            <ns3:cad>55</ns3:cad>
          </ns3:TrackPointExtension>
        </extensions>
      </trkpt>
      <trkpt lat="24.4299759529531002044677734375" lon="118.12715389765799045562744140625">
        <ele>77.40000152587890625</ele>
        <time>2025-08-06T10:34:04.000Z</time>
        <extensions>
          <ns3:TrackPointExtension>
            <ns3:hr>118</ns3:hr>
            <ns3:cad>51</ns3:cad>
          </ns3:TrackPointExtension>
        </extensions>
      </trkpt>
      <trkpt lat="24.42998190410435199737548828125" lon="118.127152808010578155517578125">
        <ele>77.8000030517578125</ele>
        <time>2025-08-06T10:34:05.000Z</time>
        <extensions>
          <ns3:TrackPointExtension>
            <ns3:hr>118</ns3:hr>
            <ns3:cad>51</ns3:cad>
          </ns3:TrackPointExtension>
        </extensions>
      </trkpt>
      <trkpt lat="24.4299873523414134979248046875" lon="118.12715121544897556304931640625">
        <ele>78</ele>
        <time>2025-08-06T10:34:06.000Z</time>
        <extensions>
          <ns3:TrackPointExtension>
            <ns3:hr>118</ns3:hr>
            <ns3:cad>45</ns3:cad>
          </ns3:TrackPointExtension>
        </extensions>
      </trkpt>
      <trkpt lat="24.4299933873116970062255859375" lon="118.1271499581634998321533203125">
        <ele>78.40000152587890625</ele>
        <time>2025-08-06T10:34:07.000Z</time>
        <extensions>
          <ns3:TrackPointExtension>
            <ns3:hr>118</ns3:hr>
            <ns3:cad>43</ns3:cad>
          </ns3:TrackPointExtension>
        </extensions>
      </trkpt>
      <trkpt lat="24.430001936852931976318359375" lon="118.12714601866900920867919921875">
        <ele>78.59999847412109375</ele>
        <time>2025-08-06T10:34:08.000Z</time>
        <extensions>
          <ns3:TrackPointExtension>
            <ns3:hr>119</ns3:hr>
            <ns3:cad>44</ns3:cad>
          </ns3:TrackPointExtension>
        </extensions>
      </trkpt>
      <trkpt lat="24.430007301270961761474609375" lon="118.12714015133678913116455078125">
        <ele>79</ele>
        <time>2025-08-06T10:34:09.000Z</time>
        <extensions>
          <ns3:TrackPointExtension>
            <ns3:hr>120</ns3:hr>
            <ns3:cad>44</ns3:cad>
          </ns3:TrackPointExtension>
        </extensions>
      </trkpt>
      <trkpt lat="24.4300158508121967315673828125" lon="118.12713461928069591522216796875">
        <ele>79.1999969482421875</ele>
        <time>2025-08-06T10:34:10.000Z</time>
        <extensions>
          <ns3:TrackPointExtension>
            <ns3:hr>132</ns3:hr>
            <ns3:cad>44</ns3:cad>
          </ns3:TrackPointExtension>
        </extensions>
      </trkpt>
      <trkpt lat="24.4300215505063533782958984375" lon="118.12713126651942729949951171875">
        <ele>79.40000152587890625</ele>
        <time>2025-08-06T10:34:11.000Z</time>
        <extensions>
          <ns3:TrackPointExtension>
            <ns3:hr>133</ns3:hr>
            <ns3:cad>45</ns3:cad>
          </ns3:TrackPointExtension>
        </extensions>
      </trkpt>
      <trkpt lat="24.4300265796482563018798828125" lon="118.12712875194847583770751953125">
        <ele>79.59999847412109375</ele>
        <time>2025-08-06T10:34:12.000Z</time>
        <extensions>
          <ns3:TrackPointExtension>
            <ns3:hr>134</ns3:hr>
            <ns3:cad>47</ns3:cad>
          </ns3:TrackPointExtension>
        </extensions>
      </trkpt>
      <trkpt lat="24.43003118969500064849853515625" lon="118.127126991748809814453125">
        <ele>79.8000030517578125</ele>
        <time>2025-08-06T10:34:13.000Z</time>
        <extensions>
          <ns3:TrackPointExtension>
            <ns3:hr>134</ns3:hr>
            <ns3:cad>47</ns3:cad>
          </ns3:TrackPointExtension>
        </extensions>
      </trkpt>
      <trkpt lat="24.43003538064658641815185546875" lon="118.1271310150623321533203125">
        <ele>80</ele>
        <time>2025-08-06T10:34:14.000Z</time>
        <extensions>
          <ns3:TrackPointExtension>
            <ns3:hr>135</ns3:hr>
            <ns3:cad>43</ns3:cad>
          </ns3:TrackPointExtension>
        </extensions>
      </trkpt>
      <trkpt lat="24.43004158325493335723876953125" lon="118.12713109888136386871337890625">
        <ele>80.1999969482421875</ele>
        <time>2025-08-06T10:34:15.000Z</time>
        <extensions>
          <ns3:TrackPointExtension>
            <ns3:hr>135</ns3:hr>
            <ns3:cad>0</ns3:cad>
          </ns3:TrackPointExtension>
        </extensions>
      </trkpt>
      <trkpt lat="24.43004661239683628082275390625" lon="118.12713042832911014556884765625">
        <ele>80.40000152587890625</ele>
        <time>2025-08-06T10:34:16.000Z</time>
        <extensions>
          <ns3:TrackPointExtension>
            <ns3:hr>136</ns3:hr>
            <ns3:cad>0</ns3:cad>
          </ns3:TrackPointExtension>
        </extensions>
      </trkpt>
      <trkpt lat="24.43005382083356380462646484375" lon="118.12712808139622211456298828125">
        <ele>80.59999847412109375</ele>
        <time>2025-08-06T10:34:17.000Z</time>
        <extensions>
          <ns3:TrackPointExtension>
            <ns3:hr>136</ns3:hr>
            <ns3:cad>0</ns3:cad>
          </ns3:TrackPointExtension>
        </extensions>
      </trkpt>
      <trkpt lat="24.43005952052772045135498046875" lon="118.1271207891404628753662109375">
        <ele>80.8000030517578125</ele>
        <time>2025-08-06T10:34:18.000Z</time>
        <extensions>
          <ns3:TrackPointExtension>
            <ns3:hr>137</ns3:hr>
            <ns3:cad>0</ns3:cad>
          </ns3:TrackPointExtension>
        </extensions>
      </trkpt>
      <trkpt lat="24.43006371147930622100830078125" lon="118.12711827456951141357421875">
        <ele>81</ele>
        <time>2025-08-06T10:34:19.000Z</time>
        <extensions>
          <ns3:TrackPointExtension>
            <ns3:hr>137</ns3:hr>
            <ns3:cad>72</ns3:cad>
          </ns3:TrackPointExtension>
        </extensions>
      </trkpt>
      <trkpt lat="24.4300691597163677215576171875" lon="118.127113915979862213134765625">
        <ele>81.1999969482421875</ele>
        <time>2025-08-06T10:34:20.000Z</time>
        <extensions>
          <ns3:TrackPointExtension>
            <ns3:hr>138</ns3:hr>
            <ns3:cad>72</ns3:cad>
          </ns3:TrackPointExtension>
        </extensions>
      </trkpt>
      <trkpt lat="24.43007477559149265289306640625" lon="118.12710980884730815887451171875">
        <ele>81.1999969482421875</ele>
        <time>2025-08-06T10:34:21.000Z</time>
        <extensions>
          <ns3:TrackPointExtension>
            <ns3:hr>139</ns3:hr>
            <ns3:cad>41</ns3:cad>
          </ns3:TrackPointExtension>
        </extensions>
      </trkpt>
      <trkpt lat="24.43007745780050754547119140625" lon="118.12710444442927837371826171875">
        <ele>81.40000152587890625</ele>
        <time>2025-08-06T10:34:22.000Z</time>
        <extensions>
          <ns3:TrackPointExtension>
            <ns3:hr>139</ns3:hr>
            <ns3:cad>41</ns3:cad>
          </ns3:TrackPointExtension>
        </extensions>
      </trkpt>
      <trkpt lat="24.43007963709533214569091796875" lon="118.127099834382534027099609375">
        <ele>81.59999847412109375</ele>
        <time>2025-08-06T10:34:23.000Z</time>
        <extensions>
          <ns3:TrackPointExtension>
            <ns3:hr>140</ns3:hr>
            <ns3:cad>42</ns3:cad>
          </ns3:TrackPointExtension>
        </extensions>
      </trkpt>
      <trkpt lat="24.43008231930434703826904296875" lon="118.12709279358386993408203125">
        <ele>81.59999847412109375</ele>
        <time>2025-08-06T10:34:24.000Z</time>
        <extensions>
          <ns3:TrackPointExtension>
            <ns3:hr>140</ns3:hr>
            <ns3:cad>42</ns3:cad>
          </ns3:TrackPointExtension>
        </extensions>
      </trkpt>
      <trkpt lat="24.43008609116077423095703125" lon="118.12708751298487186431884765625">
        <ele>81.8000030517578125</ele>
        <time>2025-08-06T10:34:25.000Z</time>
        <extensions>
          <ns3:TrackPointExtension>
            <ns3:hr>140</ns3:hr>
            <ns3:cad>42</ns3:cad>
          </ns3:TrackPointExtension>
        </extensions>
      </trkpt>
      <trkpt lat="24.43009170703589916229248046875" lon="118.12708449549973011016845703125">
        <ele>82</ele>
        <time>2025-08-06T10:34:26.000Z</time>
        <extensions>
          <ns3:TrackPointExtension>
            <ns3:hr>140</ns3:hr>
            <ns3:cad>77</ns3:cad>
          </ns3:TrackPointExtension>
        </extensions>
      </trkpt>
      <trkpt lat="24.4300966523587703704833984375" lon="118.1270792149007320404052734375">
        <ele>82.1999969482421875</ele>
        <time>2025-08-06T10:34:27.000Z</time>
        <extensions>
          <ns3:TrackPointExtension>
            <ns3:hr>140</ns3:hr>
            <ns3:cad>77</ns3:cad>
          </ns3:TrackPointExtension>
        </extensions>
      </trkpt>
      <trkpt lat="24.43010226823389530181884765625" lon="118.12707058154046535491943359375">
        <ele>82.40000152587890625</ele>
        <time>2025-08-06T10:34:28.000Z</time>
        <extensions>
          <ns3:TrackPointExtension>
            <ns3:hr>140</ns3:hr>
            <ns3:cad>76</ns3:cad>
          </ns3:TrackPointExtension>
        </extensions>
      </trkpt>
      <trkpt lat="24.43010495044291019439697265625" lon="118.1270639598369598388671875">
        <ele>82.59999847412109375</ele>
        <time>2025-08-06T10:34:29.000Z</time>
        <extensions>
          <ns3:TrackPointExtension>
            <ns3:hr>140</ns3:hr>
            <ns3:cad>76</ns3:cad>
          </ns3:TrackPointExtension>
        </extensions>
      </trkpt>
      <trkpt lat="24.43010964430868625640869140625" lon="118.1270570866763591766357421875">
        <ele>82.8000030517578125</ele>
        <time>2025-08-06T10:34:30.000Z</time>
        <extensions>
          <ns3:TrackPointExtension>
            <ns3:hr>140</ns3:hr>
            <ns3:cad>76</ns3:cad>
          </ns3:TrackPointExtension>
        </extensions>
      </trkpt>
      <trkpt lat="24.43011467345058917999267578125" lon="118.1270500458776950836181640625">
        <ele>82.8000030517578125</ele>
        <time>2025-08-06T10:34:31.000Z</time>
        <extensions>
          <ns3:TrackPointExtension>
            <ns3:hr>141</ns3:hr>
            <ns3:cad>78</ns3:cad>
          </ns3:TrackPointExtension>
        </extensions>
      </trkpt>
      <trkpt lat="24.4301228038966655731201171875" lon="118.12704526819288730621337890625">
        <ele>83</ele>
        <time>2025-08-06T10:34:32.000Z</time>
        <extensions>
          <ns3:TrackPointExtension>
            <ns3:hr>141</ns3:hr>
            <ns3:cad>78</ns3:cad>
          </ns3:TrackPointExtension>
        </extensions>
      </trkpt>
      <trkpt lat="24.43012900650501251220703125" lon="118.12703940086066722869873046875">
        <ele>83.1999969482421875</ele>
        <time>2025-08-06T10:34:33.000Z</time>
        <extensions>
          <ns3:TrackPointExtension>
            <ns3:hr>142</ns3:hr>
            <ns3:cad>47</ns3:cad>
          </ns3:TrackPointExtension>
        </extensions>
      </trkpt>
      <trkpt lat="24.43013277836143970489501953125" lon="118.12703311443328857421875">
        <ele>83.1999969482421875</ele>
        <time>2025-08-06T10:34:34.000Z</time>
        <extensions>
          <ns3:TrackPointExtension>
            <ns3:hr>142</ns3:hr>
            <ns3:cad>47</ns3:cad>
          </ns3:TrackPointExtension>
        </extensions>
      </trkpt>
      <trkpt lat="24.43013973534107208251953125" lon="118.12702632509171962738037109375">
        <ele>83.40000152587890625</ele>
        <time>2025-08-06T10:34:35.000Z</time>
        <extensions>
          <ns3:TrackPointExtension>
            <ns3:hr>143</ns3:hr>
            <ns3:cad>47</ns3:cad>
          </ns3:TrackPointExtension>
        </extensions>
      </trkpt>
      <trkpt lat="24.43014736287295818328857421875" lon="118.12701911665499210357666015625">
        <ele>83.59999847412109375</ele>
        <time>2025-08-06T10:34:36.000Z</time>
        <extensions>
          <ns3:TrackPointExtension>
            <ns3:hr>144</ns3:hr>
            <ns3:cad>47</ns3:cad>
          </ns3:TrackPointExtension>
        </extensions>
      </trkpt>
      <trkpt lat="24.4301526434719562530517578125" lon="118.12701098620891571044921875">
        <ele>83.8000030517578125</ele>
        <time>2025-08-06T10:34:37.000Z</time>
        <extensions>
          <ns3:TrackPointExtension>
            <ns3:hr>145</ns3:hr>
            <ns3:cad>48</ns3:cad>
          </ns3:TrackPointExtension>
        </extensions>
      </trkpt>
      <trkpt lat="24.4301576726138591766357421875" lon="118.1270054541528224945068359375">
        <ele>83.8000030517578125</ele>
        <time>2025-08-06T10:34:38.000Z</time>
        <extensions>
          <ns3:TrackPointExtension>
            <ns3:hr>146</ns3:hr>
            <ns3:cad>48</ns3:cad>
          </ns3:TrackPointExtension>
        </extensions>
      </trkpt>
      <trkpt lat="24.4301653839647769927978515625" lon="118.12699430622160434722900390625">
        <ele>84</ele>
        <time>2025-08-06T10:34:39.000Z</time>
        <extensions>
          <ns3:TrackPointExtension>
            <ns3:hr>146</ns3:hr>
            <ns3:cad>0</ns3:cad>
          </ns3:TrackPointExtension>
        </extensions>
      </trkpt>
      <trkpt lat="24.43016647361218929290771484375" lon="118.1269942224025726318359375">
        <ele>84</ele>
        <time>2025-08-06T10:34:40.000Z</time>
        <extensions>
          <ns3:TrackPointExtension>
            <ns3:hr>146</ns3:hr>
            <ns3:cad>0</ns3:cad>
          </ns3:TrackPointExtension>
        </extensions>
      </trkpt>
      <trkpt lat="24.43016898818314075469970703125" lon="118.12699162401258945465087890625">
        <ele>84.1999969482421875</ele>
        <time>2025-08-06T10:34:41.000Z</time>
        <extensions>
          <ns3:TrackPointExtension>
            <ns3:hr>147</ns3:hr>
            <ns3:cad>0</ns3:cad>
          </ns3:TrackPointExtension>
        </extensions>
      </trkpt>
      <trkpt lat="24.43016898818314075469970703125" lon="118.12699162401258945465087890625">
        <ele>84.1999969482421875</ele>
        <time>2025-08-06T10:34:42.000Z</time>
        <extensions>
          <ns3:TrackPointExtension>
            <ns3:hr>147</ns3:hr>
            <ns3:cad>0</ns3:cad>
          </ns3:TrackPointExtension>
        </extensions>
      </trkpt>
      <trkpt lat="24.43016915582120418548583984375" lon="118.12699162401258945465087890625">
        <ele>84.40000152587890625</ele>
        <time>2025-08-06T10:34:43.000Z</time>
        <extensions>
          <ns3:TrackPointExtension>
            <ns3:hr>147</ns3:hr>
            <ns3:cad>0</ns3:cad>
          </ns3:TrackPointExtension>
        </extensions>
      </trkpt>
      <trkpt lat="24.4301744364202022552490234375" lon="118.12698374502360820770263671875">
        <ele>84.40000152587890625</ele>
        <time>2025-08-06T10:34:44.000Z</time>
        <extensions>
          <ns3:TrackPointExtension>
            <ns3:hr>147</ns3:hr>
            <ns3:cad>0</ns3:cad>
          </ns3:TrackPointExtension>
        </extensions>
      </trkpt>
      <trkpt lat="24.4301794655621051788330078125" lon="118.12697670422494411468505859375">
        <ele>84.59999847412109375</ele>
        <time>2025-08-06T10:34:45.000Z</time>
        <extensions>
          <ns3:TrackPointExtension>
            <ns3:hr>147</ns3:hr>
            <ns3:cad>0</ns3:cad>
          </ns3:TrackPointExtension>
        </extensions>
      </trkpt>
      <trkpt lat="24.43018625490367412567138671875" lon="118.12696949578821659088134765625">
        <ele>84.8000030517578125</ele>
        <time>2025-08-06T10:34:46.000Z</time>
        <extensions>
          <ns3:TrackPointExtension>
            <ns3:hr>147</ns3:hr>
            <ns3:cad>0</ns3:cad>
          </ns3:TrackPointExtension>
        </extensions>
      </trkpt>
      <trkpt lat="24.43019597791135311126708984375" lon="118.12696714885532855987548828125">
        <ele>84.8000030517578125</ele>
        <time>2025-08-06T10:34:47.000Z</time>
        <extensions>
          <ns3:TrackPointExtension>
            <ns3:hr>147</ns3:hr>
            <ns3:cad>0</ns3:cad>
          </ns3:TrackPointExtension>
        </extensions>
      </trkpt>
      <trkpt lat="24.43020486272871494293212890625" lon="118.126965723931789398193359375">
        <ele>85</ele>
        <time>2025-08-06T10:34:48.000Z</time>
        <extensions>
          <ns3:TrackPointExtension>
            <ns3:hr>147</ns3:hr>
            <ns3:cad>0</ns3:cad>
          </ns3:TrackPointExtension>
        </extensions>
      </trkpt>
      <trkpt lat="24.43021073006093502044677734375" lon="118.1269638799130916595458984375">
        <ele>85.1999969482421875</ele>
        <time>2025-08-06T10:34:49.000Z</time>
        <extensions>
          <ns3:TrackPointExtension>
            <ns3:hr>146</ns3:hr>
            <ns3:cad>0</ns3:cad>
          </ns3:TrackPointExtension>
        </extensions>
      </trkpt>
      <trkpt lat="24.43021592684090137481689453125" lon="118.12696128152310848236083984375">
        <ele>85.40000152587890625</ele>
        <time>2025-08-06T10:34:50.000Z</time>
        <extensions>
          <ns3:TrackPointExtension>
            <ns3:hr>146</ns3:hr>
            <ns3:cad>0</ns3:cad>
          </ns3:TrackPointExtension>
        </extensions>
      </trkpt>
      <trkpt lat="24.4302223809063434600830078125" lon="118.126960359513759613037109375">
        <ele>85.40000152587890625</ele>
        <time>2025-08-06T10:34:51.000Z</time>
        <extensions>
          <ns3:TrackPointExtension>
            <ns3:hr>146</ns3:hr>
            <ns3:cad>0</ns3:cad>
          </ns3:TrackPointExtension>
        </extensions>
      </trkpt>
      <trkpt lat="24.430231265723705291748046875" lon="118.1269588507711887359619140625">
        <ele>85.59999847412109375</ele>
        <time>2025-08-06T10:34:52.000Z</time>
        <extensions>
          <ns3:TrackPointExtension>
            <ns3:hr>146</ns3:hr>
            <ns3:cad>0</ns3:cad>
          </ns3:TrackPointExtension>
        </extensions>
      </trkpt>
      <trkpt lat="24.43023989908397197723388671875" lon="118.126955330371856689453125">
        <ele>85.8000030517578125</ele>
        <time>2025-08-06T10:34:53.000Z</time>
        <extensions>
          <ns3:TrackPointExtension>
            <ns3:hr>145</ns3:hr>
            <ns3:cad>45</ns3:cad>
          </ns3:TrackPointExtension>
        </extensions>
      </trkpt>
      <trkpt lat="24.4302463531494140625" lon="118.12695357017219066619873046875">
        <ele>86</ele>
        <time>2025-08-06T10:34:54.000Z</time>
        <extensions>
          <ns3:TrackPointExtension>
            <ns3:hr>145</ns3:hr>
            <ns3:cad>45</ns3:cad>
          </ns3:TrackPointExtension>
        </extensions>
      </trkpt>
      <trkpt lat="24.43025448359549045562744140625" lon="118.1269534863531589508056640625">
        <ele>86</ele>
        <time>2025-08-06T10:34:55.000Z</time>
        <extensions>
          <ns3:TrackPointExtension>
            <ns3:hr>145</ns3:hr>
            <ns3:cad>45</ns3:cad>
          </ns3:TrackPointExtension>
        </extensions>
      </trkpt>
      <trkpt lat="24.430263452231884002685546875" lon="118.126952648162841796875">
        <ele>86.1999969482421875</ele>
        <time>2025-08-06T10:34:56.000Z</time>
        <extensions>
          <ns3:TrackPointExtension>
            <ns3:hr>145</ns3:hr>
            <ns3:cad>45</ns3:cad>
          </ns3:TrackPointExtension>
        </extensions>
      </trkpt>
      <trkpt lat="24.4302726723253726959228515625" lon="118.126952648162841796875">
        <ele>86.40000152587890625</ele>
        <time>2025-08-06T10:34:57.000Z</time>
        <extensions>
          <ns3:TrackPointExtension>
            <ns3:hr>144</ns3:hr>
            <ns3:cad>45</ns3:cad>
          </ns3:TrackPointExtension>
        </extensions>
      </trkpt>
      <trkpt lat="24.43028013221919536590576171875" lon="118.12695306725800037384033203125">
        <ele>86.40000152587890625</ele>
        <time>2025-08-06T10:34:58.000Z</time>
        <extensions>
          <ns3:TrackPointExtension>
            <ns3:hr>143</ns3:hr>
            <ns3:cad>47</ns3:cad>
          </ns3:TrackPointExtension>
        </extensions>
      </trkpt>
      <trkpt lat="24.4302860833704471588134765625" lon="118.1269541569054126739501953125">
        <ele>86.59999847412109375</ele>
        <time>2025-08-06T10:34:59.000Z</time>
        <extensions>
          <ns3:TrackPointExtension>
            <ns3:hr>143</ns3:hr>
            <ns3:cad>47</ns3:cad>
          </ns3:TrackPointExtension>
        </extensions>
      </trkpt>
      <trkpt lat="24.4302978180348873138427734375" lon="118.1269568391144275665283203125">
        <ele>86.8000030517578125</ele>
        <time>2025-08-06T10:35:00.000Z</time>
        <extensions>
          <ns3:TrackPointExtension>
            <ns3:hr>143</ns3:hr>
            <ns3:cad>47</ns3:cad>
          </ns3:TrackPointExtension>
        </extensions>
      </trkpt>
      <trkpt lat="24.43030829541385173797607421875" lon="118.12695323489606380462646484375">
        <ele>87</ele>
        <time>2025-08-06T10:35:01.000Z</time>
        <extensions>
          <ns3:TrackPointExtension>
            <ns3:hr>143</ns3:hr>
            <ns3:cad>46</ns3:cad>
          </ns3:TrackPointExtension>
        </extensions>
      </trkpt>
      <trkpt lat="24.4303120672702789306640625" lon="118.126955330371856689453125">
        <ele>87.40000152587890625</ele>
        <time>2025-08-06T10:35:02.000Z</time>
        <extensions>
          <ns3:TrackPointExtension>
            <ns3:hr>142</ns3:hr>
            <ns3:cad>44</ns3:cad>
          </ns3:TrackPointExtension>
        </extensions>
      </trkpt>
      <trkpt lat="24.43032019771635532379150390625" lon="118.126955665647983551025390625">
        <ele>87.59999847412109375</ele>
        <time>2025-08-06T10:35:03.000Z</time>
        <extensions>
          <ns3:TrackPointExtension>
            <ns3:hr>142</ns3:hr>
            <ns3:cad>44</ns3:cad>
          </ns3:TrackPointExtension>
        </extensions>
      </trkpt>
      <trkpt lat="24.43032774142920970916748046875" lon="118.12695524655282497406005859375">
        <ele>87.8000030517578125</ele>
        <time>2025-08-06T10:35:04.000Z</time>
        <extensions>
          <ns3:TrackPointExtension>
            <ns3:hr>141</ns3:hr>
            <ns3:cad>43</ns3:cad>
          </ns3:TrackPointExtension>
        </extensions>
      </trkpt>
      <trkpt lat="24.43033017218112945556640625" lon="118.1269424222409725189208984375">
        <ele>88</ele>
        <time>2025-08-06T10:35:05.000Z</time>
        <extensions>
          <ns3:TrackPointExtension>
            <ns3:hr>141</ns3:hr>
            <ns3:cad>42</ns3:cad>
          </ns3:TrackPointExtension>
        </extensions>
      </trkpt>
      <trkpt lat="24.43033955991268157958984375" lon="118.126943595707416534423828125">
        <ele>88.1999969482421875</ele>
        <time>2025-08-06T10:35:06.000Z</time>
        <extensions>
          <ns3:TrackPointExtension>
            <ns3:hr>142</ns3:hr>
            <ns3:cad>41</ns3:cad>
          </ns3:TrackPointExtension>
        </extensions>
      </trkpt>
      <trkpt lat="24.430345259606838226318359375" lon="118.12694150023162364959716796875">
        <ele>88.40000152587890625</ele>
        <time>2025-08-06T10:35:07.000Z</time>
        <extensions>
          <ns3:TrackPointExtension>
            <ns3:hr>142</ns3:hr>
            <ns3:cad>41</ns3:cad>
          </ns3:TrackPointExtension>
        </extensions>
      </trkpt>
      <trkpt lat="24.43034936673939228057861328125" lon="118.12693965621292591094970703125">
        <ele>88.59999847412109375</ele>
        <time>2025-08-06T10:35:08.000Z</time>
        <extensions>
          <ns3:TrackPointExtension>
            <ns3:hr>142</ns3:hr>
            <ns3:cad>41</ns3:cad>
          </ns3:TrackPointExtension>
        </extensions>
      </trkpt>
      <trkpt lat="24.4303571619093418121337890625" lon="118.12693865038454532623291015625">
        <ele>89</ele>
        <time>2025-08-06T10:35:09.000Z</time>
        <extensions>
          <ns3:TrackPointExtension>
            <ns3:hr>142</ns3:hr>
            <ns3:cad>41</ns3:cad>
          </ns3:TrackPointExtension>
        </extensions>
      </trkpt>
      <trkpt lat="24.4303668849170207977294921875" lon="118.12693781219422817230224609375">
        <ele>89.1999969482421875</ele>
        <time>2025-08-06T10:35:10.000Z</time>
        <extensions>
          <ns3:TrackPointExtension>
            <ns3:hr>143</ns3:hr>
            <ns3:cad>41</ns3:cad>
          </ns3:TrackPointExtension>
        </extensions>
      </trkpt>
      <trkpt lat="24.43037183023989200592041015625" lon="118.1269326992332935333251953125">
        <ele>89.40000152587890625</ele>
        <time>2025-08-06T10:35:11.000Z</time>
        <extensions>
          <ns3:TrackPointExtension>
            <ns3:hr>143</ns3:hr>
            <ns3:cad>41</ns3:cad>
          </ns3:TrackPointExtension>
        </extensions>
      </trkpt>
      <trkpt lat="24.4303802959620952606201171875" lon="118.12692708335816860198974609375">
        <ele>89.59999847412109375</ele>
        <time>2025-08-06T10:35:12.000Z</time>
        <extensions>
          <ns3:TrackPointExtension>
            <ns3:hr>144</ns3:hr>
            <ns3:cad>41</ns3:cad>
          </ns3:TrackPointExtension>
        </extensions>
      </trkpt>
      <trkpt lat="24.43039194680750370025634765625" lon="118.126928173005580902099609375">
        <ele>89.8000030517578125</ele>
        <time>2025-08-06T10:35:13.000Z</time>
        <extensions>
          <ns3:TrackPointExtension>
            <ns3:hr>144</ns3:hr>
            <ns3:cad>41</ns3:cad>
          </ns3:TrackPointExtension>
        </extensions>
      </trkpt>
      <trkpt lat="24.4304032623767852783203125" lon="118.12693093903362751007080078125">
        <ele>90</ele>
        <time>2025-08-06T10:35:14.000Z</time>
        <extensions>
          <ns3:TrackPointExtension>
            <ns3:hr>144</ns3:hr>
            <ns3:cad>45</ns3:cad>
          </ns3:TrackPointExtension>
        </extensions>
      </trkpt>
      <trkpt lat="24.43041692487895488739013671875" lon="118.126934878528118133544921875">
        <ele>90.1999969482421875</ele>
        <time>2025-08-06T10:35:15.000Z</time>
        <extensions>
          <ns3:TrackPointExtension>
            <ns3:hr>144</ns3:hr>
            <ns3:cad>46</ns3:cad>
          </ns3:TrackPointExtension>
        </extensions>
      </trkpt>
      <trkpt lat="24.4304262287914752960205078125" lon="118.126938901841640472412109375">
        <ele>90.1999969482421875</ele>
        <time>2025-08-06T10:35:16.000Z</time>
        <extensions>
          <ns3:TrackPointExtension>
            <ns3:hr>145</ns3:hr>
            <ns3:cad>48</ns3:cad>
          </ns3:TrackPointExtension>
        </extensions>
      </trkpt>
      <trkpt lat="24.4304312579333782196044921875" lon="118.12694300897419452667236328125">
        <ele>90.40000152587890625</ele>
        <time>2025-08-06T10:35:17.000Z</time>
        <extensions>
          <ns3:TrackPointExtension>
            <ns3:hr>145</ns3:hr>
            <ns3:cad>48</ns3:cad>
          </ns3:TrackPointExtension>
        </extensions>
      </trkpt>
      <trkpt lat="24.4304354488849639892578125" lon="118.12694954685866832733154296875">
        <ele>90.59999847412109375</ele>
        <time>2025-08-06T10:35:18.000Z</time>
        <extensions>
          <ns3:TrackPointExtension>
            <ns3:hr>145</ns3:hr>
            <ns3:cad>47</ns3:cad>
          </ns3:TrackPointExtension>
        </extensions>
      </trkpt>
      <trkpt lat="24.430441148579120635986328125" lon="118.12695792876183986663818359375">
        <ele>90.8000030517578125</ele>
        <time>2025-08-06T10:35:19.000Z</time>
        <extensions>
          <ns3:TrackPointExtension>
            <ns3:hr>146</ns3:hr>
            <ns3:cad>46</ns3:cad>
          </ns3:TrackPointExtension>
        </extensions>
      </trkpt>
      <trkpt lat="24.4304453395307064056396484375" lon="118.126966059207916259765625">
        <ele>91</ele>
        <time>2025-08-06T10:35:20.000Z</time>
        <extensions>
          <ns3:TrackPointExtension>
            <ns3:hr>146</ns3:hr>
            <ns3:cad>45</ns3:cad>
          </ns3:TrackPointExtension>
        </extensions>
      </trkpt>
      <trkpt lat="24.43045330233871936798095703125" lon="118.1269725970923900604248046875">
        <ele>91.1999969482421875</ele>
        <time>2025-08-06T10:35:21.000Z</time>
        <extensions>
          <ns3:TrackPointExtension>
            <ns3:hr>146</ns3:hr>
            <ns3:cad>45</ns3:cad>
          </ns3:TrackPointExtension>
        </extensions>
      </trkpt>
      <trkpt lat="24.43046218715608119964599609375" lon="118.12697737477719783782958984375">
        <ele>91.40000152587890625</ele>
        <time>2025-08-06T10:35:22.000Z</time>
        <extensions>
          <ns3:TrackPointExtension>
            <ns3:hr>146</ns3:hr>
            <ns3:cad>49</ns3:cad>
          </ns3:TrackPointExtension>
        </extensions>
      </trkpt>
      <trkpt lat="24.430469982326030731201171875" lon="118.1269829906523227691650390625">
        <ele>91.8000030517578125</ele>
        <time>2025-08-06T10:35:23.000Z</time>
        <extensions>
          <ns3:TrackPointExtension>
            <ns3:hr>147</ns3:hr>
            <ns3:cad>50</ns3:cad>
          </ns3:TrackPointExtension>
        </extensions>
      </trkpt>
      <trkpt lat="24.43047760985791683197021484375" lon="118.12698843888938426971435546875">
        <ele>92</ele>
        <time>2025-08-06T10:35:24.000Z</time>
        <extensions>
          <ns3:TrackPointExtension>
            <ns3:hr>147</ns3:hr>
            <ns3:cad>50</ns3:cad>
          </ns3:TrackPointExtension>
        </extensions>
      </trkpt>
      <trkpt lat="24.43048565648496150970458984375" lon="118.12699212692677974700927734375">
        <ele>92.40000152587890625</ele>
        <time>2025-08-06T10:35:25.000Z</time>
        <extensions>
          <ns3:TrackPointExtension>
            <ns3:hr>147</ns3:hr>
            <ns3:cad>51</ns3:cad>
          </ns3:TrackPointExtension>
        </extensions>
      </trkpt>
      <trkpt lat="24.4304917752742767333984375" lon="118.1269937194883823394775390625">
        <ele>92.59999847412109375</ele>
        <time>2025-08-06T10:35:26.000Z</time>
        <extensions>
          <ns3:TrackPointExtension>
            <ns3:hr>147</ns3:hr>
            <ns3:cad>52</ns3:cad>
          </ns3:TrackPointExtension>
        </extensions>
      </trkpt>
      <trkpt lat="24.43049906753003597259521484375" lon="118.1269943900406360626220703125">
        <ele>93</ele>
        <time>2025-08-06T10:35:27.000Z</time>
        <extensions>
          <ns3:TrackPointExtension>
            <ns3:hr>147</ns3:hr>
            <ns3:cad>52</ns3:cad>
          </ns3:TrackPointExtension>
        </extensions>
      </trkpt>
      <trkpt lat="24.43050920963287353515625" lon="118.12699757516384124755859375">
        <ele>93.1999969482421875</ele>
        <time>2025-08-06T10:35:28.000Z</time>
        <extensions>
          <ns3:TrackPointExtension>
            <ns3:hr>147</ns3:hr>
            <ns3:cad>0</ns3:cad>
          </ns3:TrackPointExtension>
        </extensions>
      </trkpt>
      <trkpt lat="24.4305167533457279205322265625" lon="118.12700034119188785552978515625">
        <ele>93.40000152587890625</ele>
        <time>2025-08-06T10:35:29.000Z</time>
        <extensions>
          <ns3:TrackPointExtension>
            <ns3:hr>147</ns3:hr>
            <ns3:cad>0</ns3:cad>
          </ns3:TrackPointExtension>
        </extensions>
      </trkpt>
      <trkpt lat="24.4305251352488994598388671875" lon="118.12700235284864902496337890625">
        <ele>93.8000030517578125</ele>
        <time>2025-08-06T10:35:30.000Z</time>
        <extensions>
          <ns3:TrackPointExtension>
            <ns3:hr>147</ns3:hr>
            <ns3:cad>44</ns3:cad>
          </ns3:TrackPointExtension>
        </extensions>
      </trkpt>
      <trkpt lat="24.4305328465998172760009765625" lon="118.1270037777721881866455078125">
        <ele>94</ele>
        <time>2025-08-06T10:35:31.000Z</time>
        <extensions>
          <ns3:TrackPointExtension>
            <ns3:hr>148</ns3:hr>
            <ns3:cad>44</ns3:cad>
          </ns3:TrackPointExtension>
        </extensions>
      </trkpt>
      <trkpt lat="24.430537708103656768798828125" lon="118.12700067646801471710205078125">
        <ele>94.1999969482421875</ele>
        <time>2025-08-06T10:35:32.000Z</time>
        <extensions>
          <ns3:TrackPointExtension>
            <ns3:hr>148</ns3:hr>
            <ns3:cad>41</ns3:cad>
          </ns3:TrackPointExtension>
        </extensions>
      </trkpt>
      <trkpt lat="24.43054206669330596923828125" lon="118.126999251544475555419921875">
        <ele>94.59999847412109375</ele>
        <time>2025-08-06T10:35:33.000Z</time>
        <extensions>
          <ns3:TrackPointExtension>
            <ns3:hr>148</ns3:hr>
            <ns3:cad>41</ns3:cad>
          </ns3:TrackPointExtension>
        </extensions>
      </trkpt>
      <trkpt lat="24.4305502809584140777587890625" lon="118.1270037777721881866455078125">
        <ele>94.8000030517578125</ele>
        <time>2025-08-06T10:35:34.000Z</time>
        <extensions>
          <ns3:TrackPointExtension>
            <ns3:hr>149</ns3:hr>
            <ns3:cad>41</ns3:cad>
          </ns3:TrackPointExtension>
        </extensions>
      </trkpt>
      <trkpt lat="24.43055891431868076324462890625" lon="118.1270104832947254180908203125">
        <ele>95.1999969482421875</ele>
        <time>2025-08-06T10:35:35.000Z</time>
        <extensions>
          <ns3:TrackPointExtension>
            <ns3:hr>149</ns3:hr>
            <ns3:cad>41</ns3:cad>
          </ns3:TrackPointExtension>
        </extensions>
      </trkpt>
      <trkpt lat="24.43056461401283740997314453125" lon="118.12700905837118625640869140625">
        <ele>95.40000152587890625</ele>
        <time>2025-08-06T10:35:36.000Z</time>
        <extensions>
          <ns3:TrackPointExtension>
            <ns3:hr>150</ns3:hr>
            <ns3:cad>41</ns3:cad>
          </ns3:TrackPointExtension>
        </extensions>
      </trkpt>
      <trkpt lat="24.430568218231201171875" lon="118.12701232731342315673828125">
        <ele>95.8000030517578125</ele>
        <time>2025-08-06T10:35:37.000Z</time>
        <extensions>
          <ns3:TrackPointExtension>
            <ns3:hr>151</ns3:hr>
            <ns3:cad>41</ns3:cad>
          </ns3:TrackPointExtension>
        </extensions>
      </trkpt>
      <trkpt lat="24.43057517521083354949951171875" lon="118.1270141713321208953857421875">
        <ele>96</ele>
        <time>2025-08-06T10:35:38.000Z</time>
        <extensions>
          <ns3:TrackPointExtension>
            <ns3:hr>151</ns3:hr>
            <ns3:cad>45</ns3:cad>
          </ns3:TrackPointExtension>
        </extensions>
      </trkpt>
      <trkpt lat="24.43058439530432224273681640625" lon="118.12701576389372348785400390625">
        <ele>96</ele>
        <time>2025-08-06T10:35:39.000Z</time>
        <extensions>
          <ns3:TrackPointExtension>
            <ns3:hr>151</ns3:hr>
            <ns3:cad>45</ns3:cad>
          </ns3:TrackPointExtension>
        </extensions>
      </trkpt>
      <trkpt lat="24.430594705045223236083984375" lon="118.1270131655037403106689453125">
        <ele>96.1999969482421875</ele>
        <time>2025-08-06T10:35:40.000Z</time>
        <extensions>
          <ns3:TrackPointExtension>
            <ns3:hr>152</ns3:hr>
            <ns3:cad>45</ns3:cad>
          </ns3:TrackPointExtension>
        </extensions>
      </trkpt>
      <trkpt lat="24.4306049309670925140380859375" lon="118.1270081363618373870849609375">
        <ele>96.40000152587890625</ele>
        <time>2025-08-06T10:35:41.000Z</time>
        <extensions>
          <ns3:TrackPointExtension>
            <ns3:hr>153</ns3:hr>
            <ns3:cad>49</ns3:cad>
          </ns3:TrackPointExtension>
        </extensions>
      </trkpt>
      <trkpt lat="24.43061540834605693817138671875" lon="118.12700168229639530181884765625">
        <ele>96.59999847412109375</ele>
        <time>2025-08-06T10:35:42.000Z</time>
        <extensions>
          <ns3:TrackPointExtension>
            <ns3:hr>153</ns3:hr>
            <ns3:cad>49</ns3:cad>
          </ns3:TrackPointExtension>
        </extensions>
      </trkpt>
      <trkpt lat="24.4306205213069915771484375" lon="118.126993887126445770263671875">
        <ele>96.8000030517578125</ele>
        <time>2025-08-06T10:35:43.000Z</time>
        <extensions>
          <ns3:TrackPointExtension>
            <ns3:hr>153</ns3:hr>
            <ns3:cad>49</ns3:cad>
          </ns3:TrackPointExtension>
        </extensions>
      </trkpt>
      <trkpt lat="24.43062328733503818511962890625" lon="118.126987181603908538818359375">
        <ele>97</ele>
        <time>2025-08-06T10:35:44.000Z</time>
        <extensions>
          <ns3:TrackPointExtension>
            <ns3:hr>154</ns3:hr>
            <ns3:cad>49</ns3:cad>
          </ns3:TrackPointExtension>
        </extensions>
      </trkpt>
      <trkpt lat="24.4306263886392116546630859375" lon="118.1269826553761959075927734375">
        <ele>97.40000152587890625</ele>
        <time>2025-08-06T10:35:45.000Z</time>
        <extensions>
          <ns3:TrackPointExtension>
            <ns3:hr>154</ns3:hr>
            <ns3:cad>48</ns3:cad>
          </ns3:TrackPointExtension>
        </extensions>
      </trkpt>
      <trkpt lat="24.4306314177811145782470703125" lon="118.12698156572878360748291015625">
        <ele>97.59999847412109375</ele>
        <time>2025-08-06T10:35:46.000Z</time>
        <extensions>
          <ns3:TrackPointExtension>
            <ns3:hr>154</ns3:hr>
            <ns3:cad>45</ns3:cad>
          </ns3:TrackPointExtension>
        </extensions>
      </trkpt>
      <trkpt lat="24.43063485436141490936279296875" lon="118.12698684632778167724609375">
        <ele>97.8000030517578125</ele>
        <time>2025-08-06T10:35:47.000Z</time>
        <extensions>
          <ns3:TrackPointExtension>
            <ns3:hr>154</ns3:hr>
            <ns3:cad>43</ns3:cad>
          </ns3:TrackPointExtension>
        </extensions>
      </trkpt>
      <trkpt lat="24.4306347705423831939697265625" lon="118.1269910372793674468994140625">
        <ele>98</ele>
        <time>2025-08-06T10:35:48.000Z</time>
        <extensions>
          <ns3:TrackPointExtension>
            <ns3:hr>154</ns3:hr>
            <ns3:cad>43</ns3:cad>
          </ns3:TrackPointExtension>
        </extensions>
      </trkpt>
      <trkpt lat="24.43063502199947834014892578125" lon="118.12699782662093639373779296875">
        <ele>98.40000152587890625</ele>
        <time>2025-08-06T10:35:49.000Z</time>
        <extensions>
          <ns3:TrackPointExtension>
            <ns3:hr>154</ns3:hr>
            <ns3:cad>43</ns3:cad>
          </ns3:TrackPointExtension>
        </extensions>
      </trkpt>
      <trkpt lat="24.4306366145610809326171875" lon="118.12700352631509304046630859375">
        <ele>98.59999847412109375</ele>
        <time>2025-08-06T10:35:50.000Z</time>
        <extensions>
          <ns3:TrackPointExtension>
            <ns3:hr>154</ns3:hr>
            <ns3:cad>42</ns3:cad>
          </ns3:TrackPointExtension>
        </extensions>
      </trkpt>
      <trkpt lat="24.43064088933169841766357421875" lon="118.12700671143829822540283203125">
        <ele>98.8000030517578125</ele>
        <time>2025-08-06T10:35:51.000Z</time>
        <extensions>
          <ns3:TrackPointExtension>
            <ns3:hr>154</ns3:hr>
            <ns3:cad>42</ns3:cad>
          </ns3:TrackPointExtension>
        </extensions>
      </trkpt>
      <trkpt lat="24.43064256571233272552490234375" lon="118.12700696289539337158203125">
        <ele>99.1999969482421875</ele>
        <time>2025-08-06T10:35:52.000Z</time>
        <extensions>
          <ns3:TrackPointExtension>
            <ns3:hr>154</ns3:hr>
            <ns3:cad>0</ns3:cad>
          </ns3:TrackPointExtension>
        </extensions>
      </trkpt>
      <trkpt lat="24.43064927123486995697021484375" lon="118.1270088069140911102294921875">
        <ele>99.1999969482421875</ele>
        <time>2025-08-06T10:35:53.000Z</time>
        <extensions>
          <ns3:TrackPointExtension>
            <ns3:hr>154</ns3:hr>
            <ns3:cad>0</ns3:cad>
          </ns3:TrackPointExtension>
        </extensions>
      </trkpt>
      <trkpt lat="24.430654384195804595947265625" lon="118.12700905837118625640869140625">
        <ele>99.40000152587890625</ele>
        <time>2025-08-06T10:35:54.000Z</time>
        <extensions>
          <ns3:TrackPointExtension>
            <ns3:hr>154</ns3:hr>
            <ns3:cad>0</ns3:cad>
          </ns3:TrackPointExtension>
        </extensions>
      </trkpt>
      <trkpt lat="24.4306592456996440887451171875" lon="118.1270074658095836639404296875">
        <ele>99.40000152587890625</ele>
        <time>2025-08-06T10:35:55.000Z</time>
        <extensions>
          <ns3:TrackPointExtension>
            <ns3:hr>154</ns3:hr>
            <ns3:cad>0</ns3:cad>
          </ns3:TrackPointExtension>
        </extensions>
      </trkpt>
      <trkpt lat="24.43066184408962726593017578125" lon="118.127000592648983001708984375">
        <ele>99.59999847412109375</ele>
        <time>2025-08-06T10:35:56.000Z</time>
        <extensions>
          <ns3:TrackPointExtension>
            <ns3:hr>155</ns3:hr>
            <ns3:cad>0</ns3:cad>
          </ns3:TrackPointExtension>
        </extensions>
      </trkpt>
      <trkpt lat="24.43067081272602081298828125" lon="118.12699514441192150115966796875">
        <ele>99.8000030517578125</ele>
        <time>2025-08-06T10:35:57.000Z</time>
        <extensions>
          <ns3:TrackPointExtension>
            <ns3:hr>155</ns3:hr>
            <ns3:cad>0</ns3:cad>
          </ns3:TrackPointExtension>
        </extensions>
      </trkpt>
      <trkpt lat="24.43067760206758975982666015625" lon="118.12699078582227230072021484375">
        <ele>100</ele>
        <time>2025-08-06T10:35:58.000Z</time>
        <extensions>
          <ns3:TrackPointExtension>
            <ns3:hr>155</ns3:hr>
            <ns3:cad>0</ns3:cad>
          </ns3:TrackPointExtension>
        </extensions>
      </trkpt>
      <trkpt lat="24.430686570703983306884765625" lon="118.126984499394893646240234375">
        <ele>100.1999969482421875</ele>
        <time>2025-08-06T10:35:59.000Z</time>
        <extensions>
          <ns3:TrackPointExtension>
            <ns3:hr>155</ns3:hr>
            <ns3:cad>0</ns3:cad>
          </ns3:TrackPointExtension>
        </extensions>
      </trkpt>
      <trkpt lat="24.4306964613497257232666015625" lon="118.126987181603908538818359375">
        <ele>100.40000152587890625</ele>
        <time>2025-08-06T10:36:00.000Z</time>
        <extensions>
          <ns3:TrackPointExtension>
            <ns3:hr>155</ns3:hr>
            <ns3:cad>0</ns3:cad>
          </ns3:TrackPointExtension>
        </extensions>
      </trkpt>
      <trkpt lat="24.4307041727006435394287109375" lon="118.12699179165065288543701171875">
        <ele>100.40000152587890625</ele>
        <time>2025-08-06T10:36:01.000Z</time>
        <extensions>
          <ns3:TrackPointExtension>
            <ns3:hr>154</ns3:hr>
            <ns3:cad>0</ns3:cad>
          </ns3:TrackPointExtension>
        </extensions>
      </trkpt>
      <trkpt lat="24.43071045912802219390869140625" lon="118.1269970722496509552001953125">
        <ele>100.59999847412109375</ele>
        <time>2025-08-06T10:36:02.000Z</time>
        <extensions>
          <ns3:TrackPointExtension>
            <ns3:hr>155</ns3:hr>
            <ns3:cad>0</ns3:cad>
          </ns3:TrackPointExtension>
        </extensions>
      </trkpt>
      <trkpt lat="24.43071414716541767120361328125" lon="118.12700503505766391754150390625">
        <ele>100.59999847412109375</ele>
        <time>2025-08-06T10:36:03.000Z</time>
        <extensions>
          <ns3:TrackPointExtension>
            <ns3:hr>155</ns3:hr>
            <ns3:cad>0</ns3:cad>
          </ns3:TrackPointExtension>
        </extensions>
      </trkpt>
      <trkpt lat="24.4307108782231807708740234375" lon="118.12700620852410793304443359375">
        <ele>100.8000030517578125</ele>
        <time>2025-08-06T10:36:04.000Z</time>
        <extensions>
          <ns3:TrackPointExtension>
            <ns3:hr>155</ns3:hr>
            <ns3:cad>41</ns3:cad>
          </ns3:TrackPointExtension>
        </extensions>
      </trkpt>
      <trkpt lat="24.43071515299379825592041015625" lon="118.127011321485042572021484375">
        <ele>100.8000030517578125</ele>
        <time>2025-08-06T10:36:05.000Z</time>
        <extensions>
          <ns3:TrackPointExtension>
            <ns3:hr>155</ns3:hr>
            <ns3:cad>41</ns3:cad>
          </ns3:TrackPointExtension>
        </extensions>
      </trkpt>
      <trkpt lat="24.43071029148995876312255859375" lon="118.12700319103896617889404296875">
        <ele>100.8000030517578125</ele>
        <time>2025-08-06T10:36:06.000Z</time>
        <extensions>
          <ns3:TrackPointExtension>
            <ns3:hr>155</ns3:hr>
            <ns3:cad>41</ns3:cad>
          </ns3:TrackPointExtension>
        </extensions>
      </trkpt>
      <trkpt lat="24.4307078607380390167236328125" lon="118.12699891626834869384765625">
        <ele>100.8000030517578125</ele>
        <time>2025-08-06T10:36:07.000Z</time>
        <extensions>
          <ns3:TrackPointExtension>
            <ns3:hr>155</ns3:hr>
            <ns3:cad>0</ns3:cad>
          </ns3:TrackPointExtension>
        </extensions>
      </trkpt>
      <trkpt lat="24.43070794455707073211669921875" lon="118.12699623405933380126953125">
        <ele>100.8000030517578125</ele>
        <time>2025-08-06T10:36:08.000Z</time>
        <extensions>
          <ns3:TrackPointExtension>
            <ns3:hr>155</ns3:hr>
            <ns3:cad>0</ns3:cad>
          </ns3:TrackPointExtension>
        </extensions>
      </trkpt>
      <trkpt lat="24.43071330897510051727294921875" lon="118.1269913725554943084716796875">
        <ele>100.8000030517578125</ele>
        <time>2025-08-06T10:36:09.000Z</time>
        <extensions>
          <ns3:TrackPointExtension>
            <ns3:hr>155</ns3:hr>
            <ns3:cad>0</ns3:cad>
          </ns3:TrackPointExtension>
        </extensions>
      </trkpt>
      <trkpt lat="24.4307179190218448638916015625" lon="118.126987516880035400390625">
        <ele>100.8000030517578125</ele>
        <time>2025-08-06T10:36:10.000Z</time>
        <extensions>
          <ns3:TrackPointExtension>
            <ns3:hr>155</ns3:hr>
            <ns3:cad>0</ns3:cad>
          </ns3:TrackPointExtension>
        </extensions>
      </trkpt>
      <trkpt lat="24.4307293184101581573486328125" lon="118.1269863434135913848876953125">
        <ele>101</ele>
        <time>2025-08-06T10:36:11.000Z</time>
        <extensions>
          <ns3:TrackPointExtension>
            <ns3:hr>154</ns3:hr>
            <ns3:cad>0</ns3:cad>
          </ns3:TrackPointExtension>
        </extensions>
      </trkpt>
      <trkpt lat="24.430739544332027435302734375" lon="118.12698005698621273040771484375">
        <ele>101.1999969482421875</ele>
        <time>2025-08-06T10:36:12.000Z</time>
        <extensions>
          <ns3:TrackPointExtension>
            <ns3:hr>153</ns3:hr>
            <ns3:cad>0</ns3:cad>
          </ns3:TrackPointExtension>
        </extensions>
      </trkpt>
      <trkpt lat="24.4307454116642475128173828125" lon="118.12697611749172210693359375">
        <ele>101.1999969482421875</ele>
        <time>2025-08-06T10:36:13.000Z</time>
        <extensions>
          <ns3:TrackPointExtension>
            <ns3:hr>153</ns3:hr>
            <ns3:cad>0</ns3:cad>
          </ns3:TrackPointExtension>
        </extensions>
      </trkpt>
      <trkpt lat="24.4307534582912921905517578125" lon="118.12697435729205608367919921875">
        <ele>101.40000152587890625</ele>
        <time>2025-08-06T10:36:14.000Z</time>
        <extensions>
          <ns3:TrackPointExtension>
            <ns3:hr>153</ns3:hr>
            <ns3:cad>0</ns3:cad>
          </ns3:TrackPointExtension>
        </extensions>
      </trkpt>
      <trkpt lat="24.430750273168087005615234375" lon="118.12697486020624637603759765625">
        <ele>101.40000152587890625</ele>
        <time>2025-08-06T10:36:15.000Z</time>
        <extensions>
          <ns3:TrackPointExtension>
            <ns3:hr>153</ns3:hr>
            <ns3:cad>0</ns3:cad>
          </ns3:TrackPointExtension>
        </extensions>
      </trkpt>
      <trkpt lat="24.4307497702538967132568359375" lon="118.12697611749172210693359375">
        <ele>101.40000152587890625</ele>
        <time>2025-08-06T10:36:16.000Z</time>
        <extensions>
          <ns3:TrackPointExtension>
            <ns3:hr>153</ns3:hr>
            <ns3:cad>0</ns3:cad>
          </ns3:TrackPointExtension>
        </extensions>
      </trkpt>
      <trkpt lat="24.43075127899646759033203125" lon="118.126975111663341522216796875">
        <ele>101.40000152587890625</ele>
        <time>2025-08-06T10:36:17.000Z</time>
        <extensions>
          <ns3:TrackPointExtension>
            <ns3:hr>152</ns3:hr>
            <ns3:cad>0</ns3:cad>
          </ns3:TrackPointExtension>
        </extensions>
      </trkpt>
      <trkpt lat="24.43075136281549930572509765625" lon="118.1269752793014049530029296875">
        <ele>101.40000152587890625</ele>
        <time>2025-08-06T10:36:18.000Z</time>
        <extensions>
          <ns3:TrackPointExtension>
            <ns3:hr>152</ns3:hr>
            <ns3:cad>0</ns3:cad>
          </ns3:TrackPointExtension>
        </extensions>
      </trkpt>
      <trkpt lat="24.4306666217744350433349609375" lon="118.12701559625566005706787109375">
        <ele>100.40000152587890625</ele>
        <time>2025-08-06T10:48:07.000Z</time>
        <extensions>
          <ns3:TrackPointExtension>
            <ns3:hr>90</ns3:hr>
            <ns3:cad>56</ns3:cad>
          </ns3:TrackPointExtension>
        </extensions>
      </trkpt>
      <trkpt lat="24.4306555576622486114501953125" lon="118.12701509334146976470947265625">
        <ele>100.1999969482421875</ele>
        <time>2025-08-06T10:48:08.000Z</time>
        <extensions>
          <ns3:TrackPointExtension>
            <ns3:hr>90</ns3:hr>
            <ns3:cad>56</ns3:cad>
          </ns3:TrackPointExtension>
        </extensions>
      </trkpt>
      <trkpt lat="24.43064373917877674102783203125" lon="118.12700671143829822540283203125">
        <ele>100</ele>
        <time>2025-08-06T10:48:09.000Z</time>
        <extensions>
          <ns3:TrackPointExtension>
            <ns3:hr>90</ns3:hr>
            <ns3:cad>66</ns3:cad>
          </ns3:TrackPointExtension>
        </extensions>
      </trkpt>
      <trkpt lat="24.430638961493968963623046875" lon="118.12700184993445873260498046875">
        <ele>99.8000030517578125</ele>
        <time>2025-08-06T10:48:10.000Z</time>
        <extensions>
          <ns3:TrackPointExtension>
            <ns3:hr>90</ns3:hr>
            <ns3:cad>66</ns3:cad>
          </ns3:TrackPointExtension>
        </extensions>
      </trkpt>
      <trkpt lat="24.43063183687627315521240234375" lon="118.12699832953512668609619140625">
        <ele>99.8000030517578125</ele>
        <time>2025-08-06T10:48:11.000Z</time>
        <extensions>
          <ns3:TrackPointExtension>
            <ns3:hr>89</ns3:hr>
            <ns3:cad>66</ns3:cad>
          </ns3:TrackPointExtension>
        </extensions>
      </trkpt>
      <trkpt lat="24.4306284002959728240966796875" lon="118.12699799425899982452392578125">
        <ele>99.8000030517578125</ele>
        <time>2025-08-06T10:48:12.000Z</time>
        <extensions>
          <ns3:TrackPointExtension>
            <ns3:hr>90</ns3:hr>
            <ns3:cad>0</ns3:cad>
          </ns3:TrackPointExtension>
        </extensions>
      </trkpt>
      <trkpt lat="24.43062580190598964691162109375" lon="118.12699623405933380126953125">
        <ele>100</ele>
        <time>2025-08-06T10:48:13.000Z</time>
        <extensions>
          <ns3:TrackPointExtension>
            <ns3:hr>89</ns3:hr>
            <ns3:cad>0</ns3:cad>
          </ns3:TrackPointExtension>
        </extensions>
      </trkpt>
      <trkpt lat="24.43062563426792621612548828125" lon="118.1269957311451435089111328125">
        <ele>100</ele>
        <time>2025-08-06T10:48:14.000Z</time>
        <extensions>
          <ns3:TrackPointExtension>
            <ns3:hr>89</ns3:hr>
            <ns3:cad>0</ns3:cad>
          </ns3:TrackPointExtension>
        </extensions>
      </trkpt>
      <trkpt lat="24.43063166923820972442626953125" lon="118.12699397094547748565673828125">
        <ele>99.8000030517578125</ele>
        <time>2025-08-06T10:48:15.000Z</time>
        <extensions>
          <ns3:TrackPointExtension>
            <ns3:hr>89</ns3:hr>
            <ns3:cad>0</ns3:cad>
          </ns3:TrackPointExtension>
        </extensions>
      </trkpt>
      <trkpt lat="24.4306340999901294708251953125" lon="118.12698910944163799285888671875">
        <ele>99.8000030517578125</ele>
        <time>2025-08-06T10:48:16.000Z</time>
        <extensions>
          <ns3:TrackPointExtension>
            <ns3:hr>89</ns3:hr>
            <ns3:cad>0</ns3:cad>
          </ns3:TrackPointExtension>
        </extensions>
      </trkpt>
      <trkpt lat="24.430632255971431732177734375" lon="118.1269863434135913848876953125">
        <ele>99.59999847412109375</ele>
        <time>2025-08-06T10:48:17.000Z</time>
        <extensions>
          <ns3:TrackPointExtension>
            <ns3:hr>89</ns3:hr>
            <ns3:cad>0</ns3:cad>
          </ns3:TrackPointExtension>
        </extensions>
      </trkpt>
      <trkpt lat="24.4306317530572414398193359375" lon="118.12698609195649623870849609375">
        <ele>99.40000152587890625</ele>
        <time>2025-08-06T10:48:18.000Z</time>
        <extensions>
          <ns3:TrackPointExtension>
            <ns3:hr>89</ns3:hr>
            <ns3:cad>0</ns3:cad>
          </ns3:TrackPointExtension>
        </extensions>
      </trkpt>
      <trkpt lat="24.43062831647694110870361328125" lon="118.12698416411876678466796875">
        <ele>99.1999969482421875</ele>
        <time>2025-08-06T10:48:19.000Z</time>
        <extensions>
          <ns3:TrackPointExtension>
            <ns3:hr>89</ns3:hr>
            <ns3:cad>0</ns3:cad>
          </ns3:TrackPointExtension>
        </extensions>
      </trkpt>
      <trkpt lat="24.43062328733503818511962890625" lon="118.12698374502360820770263671875">
        <ele>99</ele>
        <time>2025-08-06T10:48:20.000Z</time>
        <extensions>
          <ns3:TrackPointExtension>
            <ns3:hr>88</ns3:hr>
            <ns3:cad>61</ns3:cad>
          </ns3:TrackPointExtension>
        </extensions>
      </trkpt>
      <trkpt lat="24.4306190125644207000732421875" lon="118.12698709778487682342529296875">
        <ele>98.8000030517578125</ele>
        <time>2025-08-06T10:48:21.000Z</time>
        <extensions>
          <ns3:TrackPointExtension>
            <ns3:hr>87</ns3:hr>
            <ns3:cad>61</ns3:cad>
          </ns3:TrackPointExtension>
        </extensions>
      </trkpt>
      <trkpt lat="24.4306176714599132537841796875" lon="118.126992546021938323974609375">
        <ele>98.40000152587890625</ele>
        <time>2025-08-06T10:48:22.000Z</time>
        <extensions>
          <ns3:TrackPointExtension>
            <ns3:hr>87</ns3:hr>
            <ns3:cad>61</ns3:cad>
          </ns3:TrackPointExtension>
        </extensions>
      </trkpt>
      <trkpt lat="24.4306166656315326690673828125" lon="118.1269997544586658477783203125">
        <ele>98</ele>
        <time>2025-08-06T10:48:23.000Z</time>
        <extensions>
          <ns3:TrackPointExtension>
            <ns3:hr>86</ns3:hr>
            <ns3:cad>61</ns3:cad>
          </ns3:TrackPointExtension>
        </extensions>
      </trkpt>
      <trkpt lat="24.4306133128702640533447265625" lon="118.12700771726667881011962890625">
        <ele>97.59999847412109375</ele>
        <time>2025-08-06T10:48:24.000Z</time>
        <extensions>
          <ns3:TrackPointExtension>
            <ns3:hr>86</ns3:hr>
            <ns3:cad>61</ns3:cad>
          </ns3:TrackPointExtension>
        </extensions>
      </trkpt>
      <trkpt lat="24.43060937337577342987060546875" lon="118.127016015350818634033203125">
        <ele>97.1999969482421875</ele>
        <time>2025-08-06T10:48:25.000Z</time>
        <extensions>
          <ns3:TrackPointExtension>
            <ns3:hr>86</ns3:hr>
            <ns3:cad>61</ns3:cad>
          </ns3:TrackPointExtension>
        </extensions>
      </trkpt>
      <trkpt lat="24.43060367368161678314208984375" lon="118.12701903283596038818359375">
        <ele>97</ele>
        <time>2025-08-06T10:48:26.000Z</time>
        <extensions>
          <ns3:TrackPointExtension>
            <ns3:hr>86</ns3:hr>
            <ns3:cad>61</ns3:cad>
          </ns3:TrackPointExtension>
        </extensions>
      </trkpt>
      <trkpt lat="24.4305958785116672515869140625" lon="118.12701945193111896514892578125">
        <ele>97</ele>
        <time>2025-08-06T10:48:27.000Z</time>
        <extensions>
          <ns3:TrackPointExtension>
            <ns3:hr>86</ns3:hr>
            <ns3:cad>61</ns3:cad>
          </ns3:TrackPointExtension>
        </extensions>
      </trkpt>
      <trkpt lat="24.43058774806559085845947265625" lon="118.1270192004740238189697265625">
        <ele>96.8000030517578125</ele>
        <time>2025-08-06T10:48:28.000Z</time>
        <extensions>
          <ns3:TrackPointExtension>
            <ns3:hr>86</ns3:hr>
            <ns3:cad>59</ns3:cad>
          </ns3:TrackPointExtension>
        </extensions>
      </trkpt>
      <trkpt lat="24.43057986907660961151123046875" lon="118.12701928429305553436279296875">
        <ele>96.59999847412109375</ele>
        <time>2025-08-06T10:48:29.000Z</time>
        <extensions>
          <ns3:TrackPointExtension>
            <ns3:hr>86</ns3:hr>
            <ns3:cad>59</ns3:cad>
          </ns3:TrackPointExtension>
        </extensions>
      </trkpt>
      <trkpt lat="24.430573247373104095458984375" lon="118.12701928429305553436279296875">
        <ele>96.40000152587890625</ele>
        <time>2025-08-06T10:48:30.000Z</time>
        <extensions>
          <ns3:TrackPointExtension>
            <ns3:hr>86</ns3:hr>
            <ns3:cad>59</ns3:cad>
          </ns3:TrackPointExtension>
        </extensions>
      </trkpt>
      <trkpt lat="24.43056746385991573333740234375" lon="118.12702129594981670379638671875">
        <ele>96.1999969482421875</ele>
        <time>2025-08-06T10:48:31.000Z</time>
        <extensions>
          <ns3:TrackPointExtension>
            <ns3:hr>86</ns3:hr>
            <ns3:cad>59</ns3:cad>
          </ns3:TrackPointExtension>
        </extensions>
      </trkpt>
      <trkpt lat="24.4305610097944736480712890625" lon="118.1270202063024044036865234375">
        <ele>96</ele>
        <time>2025-08-06T10:48:32.000Z</time>
        <extensions>
          <ns3:TrackPointExtension>
            <ns3:hr>86</ns3:hr>
            <ns3:cad>59</ns3:cad>
          </ns3:TrackPointExtension>
        </extensions>
      </trkpt>
      <trkpt lat="24.43055120296776294708251953125" lon="118.12702037394046783447265625">
        <ele>95.8000030517578125</ele>
        <time>2025-08-06T10:48:33.000Z</time>
        <extensions>
          <ns3:TrackPointExtension>
            <ns3:hr>86</ns3:hr>
            <ns3:cad>55</ns3:cad>
          </ns3:TrackPointExtension>
        </extensions>
      </trkpt>
      <trkpt lat="24.43054164759814739227294921875" lon="118.1270215474069118499755859375">
        <ele>95.59999847412109375</ele>
        <time>2025-08-06T10:48:34.000Z</time>
        <extensions>
          <ns3:TrackPointExtension>
            <ns3:hr>86</ns3:hr>
            <ns3:cad>55</ns3:cad>
          </ns3:TrackPointExtension>
        </extensions>
      </trkpt>
      <trkpt lat="24.4305341877043247222900390625" lon="118.1270265765488147735595703125">
        <ele>95.40000152587890625</ele>
        <time>2025-08-06T10:48:35.000Z</time>
        <extensions>
          <ns3:TrackPointExtension>
            <ns3:hr>85</ns3:hr>
            <ns3:cad>55</ns3:cad>
          </ns3:TrackPointExtension>
        </extensions>
      </trkpt>
      <trkpt lat="24.430520273745059967041015625" lon="118.12702749855816364288330078125">
        <ele>95.1999969482421875</ele>
        <time>2025-08-06T10:48:36.000Z</time>
        <extensions>
          <ns3:TrackPointExtension>
            <ns3:hr>86</ns3:hr>
            <ns3:cad>55</ns3:cad>
          </ns3:TrackPointExtension>
        </extensions>
      </trkpt>
      <trkpt lat="24.43051482550799846649169921875" lon="118.12702766619622707366943359375">
        <ele>95.1999969482421875</ele>
        <time>2025-08-06T10:48:37.000Z</time>
        <extensions>
          <ns3:TrackPointExtension>
            <ns3:hr>86</ns3:hr>
            <ns3:cad>55</ns3:cad>
          </ns3:TrackPointExtension>
        </extensions>
      </trkpt>
      <trkpt lat="24.43050594069063663482666015625" lon="118.1270264089107513427734375">
        <ele>95</ele>
        <time>2025-08-06T10:48:38.000Z</time>
        <extensions>
          <ns3:TrackPointExtension>
            <ns3:hr>86</ns3:hr>
            <ns3:cad>0</ns3:cad>
          </ns3:TrackPointExtension>
        </extensions>
      </trkpt>
      <trkpt lat="24.4304969720542430877685546875" lon="118.12702598981559276580810546875">
        <ele>95</ele>
        <time>2025-08-06T10:48:39.000Z</time>
        <extensions>
          <ns3:TrackPointExtension>
            <ns3:hr>85</ns3:hr>
            <ns3:cad>0</ns3:cad>
          </ns3:TrackPointExtension>
        </extensions>
      </trkpt>
      <trkpt lat="24.43048984743654727935791015625" lon="118.12702280469238758087158203125">
        <ele>94.8000030517578125</ele>
        <time>2025-08-06T10:48:40.000Z</time>
        <extensions>
          <ns3:TrackPointExtension>
            <ns3:hr>86</ns3:hr>
            <ns3:cad>0</ns3:cad>
          </ns3:TrackPointExtension>
        </extensions>
      </trkpt>
      <trkpt lat="24.4304788671433925628662109375" lon="118.12701744027435779571533203125">
        <ele>94.8000030517578125</ele>
        <time>2025-08-06T10:48:41.000Z</time>
        <extensions>
          <ns3:TrackPointExtension>
            <ns3:hr>85</ns3:hr>
            <ns3:cad>0</ns3:cad>
          </ns3:TrackPointExtension>
        </extensions>
      </trkpt>
      <trkpt lat="24.4304711557924747467041015625" lon="118.12701308168470859527587890625">
        <ele>94.59999847412109375</ele>
        <time>2025-08-06T10:48:42.000Z</time>
        <extensions>
          <ns3:TrackPointExtension>
            <ns3:hr>85</ns3:hr>
            <ns3:cad>0</ns3:cad>
          </ns3:TrackPointExtension>
        </extensions>
      </trkpt>
      <trkpt lat="24.4304657913744449615478515625" lon="118.12700989656150341033935546875">
        <ele>94.1999969482421875</ele>
        <time>2025-08-06T10:48:43.000Z</time>
        <extensions>
          <ns3:TrackPointExtension>
            <ns3:hr>85</ns3:hr>
            <ns3:cad>0</ns3:cad>
          </ns3:TrackPointExtension>
        </extensions>
      </trkpt>
      <trkpt lat="24.430463276803493499755859375" lon="118.1270078010857105255126953125">
        <ele>93.8000030517578125</ele>
        <time>2025-08-06T10:48:44.000Z</time>
        <extensions>
          <ns3:TrackPointExtension>
            <ns3:hr>86</ns3:hr>
            <ns3:cad>0</ns3:cad>
          </ns3:TrackPointExtension>
        </extensions>
      </trkpt>
      <trkpt lat="24.4304647855460643768310546875" lon="118.12700830399990081787109375">
        <ele>93.59999847412109375</ele>
        <time>2025-08-06T10:48:45.000Z</time>
        <extensions>
          <ns3:TrackPointExtension>
            <ns3:hr>86</ns3:hr>
            <ns3:cad>0</ns3:cad>
          </ns3:TrackPointExtension>
        </extensions>
      </trkpt>
      <trkpt lat="24.43046151660382747650146484375" lon="118.12700654380023479461669921875">
        <ele>93.40000152587890625</ele>
        <time>2025-08-06T10:48:46.000Z</time>
        <extensions>
          <ns3:TrackPointExtension>
            <ns3:hr>86</ns3:hr>
            <ns3:cad>0</ns3:cad>
          </ns3:TrackPointExtension>
        </extensions>
      </trkpt>
      <trkpt lat="24.4304600916802883148193359375" lon="118.1270057894289493560791015625">
        <ele>93.40000152587890625</ele>
        <time>2025-08-06T10:48:47.000Z</time>
        <extensions>
          <ns3:TrackPointExtension>
            <ns3:hr>87</ns3:hr>
            <ns3:cad>0</ns3:cad>
          </ns3:TrackPointExtension>
        </extensions>
      </trkpt>
      <trkpt lat="24.43045757710933685302734375" lon="118.12700386159121990203857421875">
        <ele>93.1999969482421875</ele>
        <time>2025-08-06T10:48:48.000Z</time>
        <extensions>
          <ns3:TrackPointExtension>
            <ns3:hr>87</ns3:hr>
            <ns3:cad>0</ns3:cad>
          </ns3:TrackPointExtension>
        </extensions>
      </trkpt>
      <trkpt lat="24.430453218519687652587890625" lon="118.12699866481125354766845703125">
        <ele>93</ele>
        <time>2025-08-06T10:48:49.000Z</time>
        <extensions>
          <ns3:TrackPointExtension>
            <ns3:hr>87</ns3:hr>
            <ns3:cad>0</ns3:cad>
          </ns3:TrackPointExtension>
        </extensions>
      </trkpt>
      <trkpt lat="24.43045028485357761383056640625" lon="118.1269920431077480316162109375">
        <ele>92.8000030517578125</ele>
        <time>2025-08-06T10:48:50.000Z</time>
        <extensions>
          <ns3:TrackPointExtension>
            <ns3:hr>87</ns3:hr>
            <ns3:cad>0</ns3:cad>
          </ns3:TrackPointExtension>
        </extensions>
      </trkpt>
      <trkpt lat="24.43044559098780155181884765625" lon="118.12697955407202243804931640625">
        <ele>92.40000152587890625</ele>
        <time>2025-08-06T10:48:51.000Z</time>
        <extensions>
          <ns3:TrackPointExtension>
            <ns3:hr>88</ns3:hr>
            <ns3:cad>45</ns3:cad>
          </ns3:TrackPointExtension>
        </extensions>
      </trkpt>
      <trkpt lat="24.430439807474613189697265625" lon="118.12696932815015316009521484375">
        <ele>92</ele>
        <time>2025-08-06T10:48:52.000Z</time>
        <extensions>
          <ns3:TrackPointExtension>
            <ns3:hr>88</ns3:hr>
            <ns3:cad>47</ns3:cad>
          </ns3:TrackPointExtension>
        </extensions>
      </trkpt>
      <trkpt lat="24.43043469451367855072021484375" lon="118.1269601918756961822509765625">
        <ele>91.8000030517578125</ele>
        <time>2025-08-06T10:48:53.000Z</time>
        <extensions>
          <ns3:TrackPointExtension>
            <ns3:hr>88</ns3:hr>
            <ns3:cad>51</ns3:cad>
          </ns3:TrackPointExtension>
        </extensions>
      </trkpt>
      <trkpt lat="24.43043167702853679656982421875" lon="118.12695306725800037384033203125">
        <ele>91.40000152587890625</ele>
        <time>2025-08-06T10:48:54.000Z</time>
        <extensions>
          <ns3:TrackPointExtension>
            <ns3:hr>88</ns3:hr>
            <ns3:cad>51</ns3:cad>
          </ns3:TrackPointExtension>
        </extensions>
      </trkpt>
      <trkpt lat="24.4304287433624267578125" lon="118.12695088796317577362060546875">
        <ele>91.1999969482421875</ele>
        <time>2025-08-06T10:48:55.000Z</time>
        <extensions>
          <ns3:TrackPointExtension>
            <ns3:hr>88</ns3:hr>
            <ns3:cad>51</ns3:cad>
          </ns3:TrackPointExtension>
        </extensions>
      </trkpt>
      <trkpt lat="24.43042539060115814208984375" lon="118.12694728374481201171875">
        <ele>91.1999969482421875</ele>
        <time>2025-08-06T10:48:56.000Z</time>
        <extensions>
          <ns3:TrackPointExtension>
            <ns3:hr>89</ns3:hr>
            <ns3:cad>51</ns3:cad>
          </ns3:TrackPointExtension>
        </extensions>
      </trkpt>
      <trkpt lat="24.4304178468883037567138671875" lon="118.126941584050655364990234375">
        <ele>91</ele>
        <time>2025-08-06T10:48:57.000Z</time>
        <extensions>
          <ns3:TrackPointExtension>
            <ns3:hr>89</ns3:hr>
            <ns3:cad>51</ns3:cad>
          </ns3:TrackPointExtension>
        </extensions>
      </trkpt>
      <trkpt lat="24.43040804006159305572509765625" lon="118.12693730928003787994384765625">
        <ele>90.8000030517578125</ele>
        <time>2025-08-06T10:48:58.000Z</time>
        <extensions>
          <ns3:TrackPointExtension>
            <ns3:hr>90</ns3:hr>
            <ns3:cad>51</ns3:cad>
          </ns3:TrackPointExtension>
        </extensions>
      </trkpt>
      <trkpt lat="24.430396556854248046875" lon="118.12693596817553043365478515625">
        <ele>90.59999847412109375</ele>
        <time>2025-08-06T10:48:59.000Z</time>
        <extensions>
          <ns3:TrackPointExtension>
            <ns3:hr>90</ns3:hr>
            <ns3:cad>51</ns3:cad>
          </ns3:TrackPointExtension>
        </extensions>
      </trkpt>
      <trkpt lat="24.4303843192756175994873046875" lon="118.1269404105842113494873046875">
        <ele>90.40000152587890625</ele>
        <time>2025-08-06T10:49:00.000Z</time>
        <extensions>
          <ns3:TrackPointExtension>
            <ns3:hr>90</ns3:hr>
            <ns3:cad>0</ns3:cad>
          </ns3:TrackPointExtension>
        </extensions>
      </trkpt>
      <trkpt lat="24.43037509918212890625" lon="118.1269454397261142730712890625">
        <ele>90.40000152587890625</ele>
        <time>2025-08-06T10:49:01.000Z</time>
        <extensions>
          <ns3:TrackPointExtension>
            <ns3:hr>89</ns3:hr>
            <ns3:cad>0</ns3:cad>
          </ns3:TrackPointExtension>
        </extensions>
      </trkpt>
      <trkpt lat="24.4303638674318790435791015625" lon="118.12694770283997058868408203125">
        <ele>90.1999969482421875</ele>
        <time>2025-08-06T10:49:02.000Z</time>
        <extensions>
          <ns3:TrackPointExtension>
            <ns3:hr>89</ns3:hr>
            <ns3:cad>0</ns3:cad>
          </ns3:TrackPointExtension>
        </extensions>
      </trkpt>
      <trkpt lat="24.4303548149764537811279296875" lon="118.1269484572112560272216796875">
        <ele>90</ele>
        <time>2025-08-06T10:49:03.000Z</time>
        <extensions>
          <ns3:TrackPointExtension>
            <ns3:hr>89</ns3:hr>
            <ns3:cad>0</ns3:cad>
          </ns3:TrackPointExtension>
        </extensions>
      </trkpt>
      <trkpt lat="24.43034534342586994171142578125" lon="118.12694753520190715789794921875">
        <ele>90</ele>
        <time>2025-08-06T10:49:04.000Z</time>
        <extensions>
          <ns3:TrackPointExtension>
            <ns3:hr>89</ns3:hr>
            <ns3:cad>0</ns3:cad>
          </ns3:TrackPointExtension>
        </extensions>
      </trkpt>
      <trkpt lat="24.43033629097044467926025390625" lon="118.12694535590708255767822265625">
        <ele>89.8000030517578125</ele>
        <time>2025-08-06T10:49:05.000Z</time>
        <extensions>
          <ns3:TrackPointExtension>
            <ns3:hr>89</ns3:hr>
            <ns3:cad>0</ns3:cad>
          </ns3:TrackPointExtension>
        </extensions>
      </trkpt>
      <trkpt lat="24.430329501628875732421875" lon="118.1269444338977336883544921875">
        <ele>89.59999847412109375</ele>
        <time>2025-08-06T10:49:06.000Z</time>
        <extensions>
          <ns3:TrackPointExtension>
            <ns3:hr>89</ns3:hr>
            <ns3:cad>0</ns3:cad>
          </ns3:TrackPointExtension>
        </extensions>
      </trkpt>
      <trkpt lat="24.4303243048489093780517578125" lon="118.12694258987903594970703125">
        <ele>89.40000152587890625</ele>
        <time>2025-08-06T10:49:07.000Z</time>
        <extensions>
          <ns3:TrackPointExtension>
            <ns3:hr>89</ns3:hr>
            <ns3:cad>55</ns3:cad>
          </ns3:TrackPointExtension>
        </extensions>
      </trkpt>
      <trkpt lat="24.43031885661184787750244140625" lon="118.1269378960132598876953125">
        <ele>89</ele>
        <time>2025-08-06T10:49:08.000Z</time>
        <extensions>
          <ns3:TrackPointExtension>
            <ns3:hr>89</ns3:hr>
            <ns3:cad>55</ns3:cad>
          </ns3:TrackPointExtension>
        </extensions>
      </trkpt>
      <trkpt lat="24.4303122349083423614501953125" lon="118.1269347108900547027587890625">
        <ele>88.8000030517578125</ele>
        <time>2025-08-06T10:49:09.000Z</time>
        <extensions>
          <ns3:TrackPointExtension>
            <ns3:hr>89</ns3:hr>
            <ns3:cad>53</ns3:cad>
          </ns3:TrackPointExtension>
        </extensions>
      </trkpt>
      <trkpt lat="24.43030242808163166046142578125" lon="118.12693093903362751007080078125">
        <ele>88.59999847412109375</ele>
        <time>2025-08-06T10:49:10.000Z</time>
        <extensions>
          <ns3:TrackPointExtension>
            <ns3:hr>88</ns3:hr>
            <ns3:cad>53</ns3:cad>
          </ns3:TrackPointExtension>
        </extensions>
      </trkpt>
      <trkpt lat="24.4302937947213649749755859375" lon="118.12692691572010517120361328125">
        <ele>88.1999969482421875</ele>
        <time>2025-08-06T10:49:11.000Z</time>
        <extensions>
          <ns3:TrackPointExtension>
            <ns3:hr>86</ns3:hr>
            <ns3:cad>53</ns3:cad>
          </ns3:TrackPointExtension>
        </extensions>
      </trkpt>
      <trkpt lat="24.4302854128181934356689453125" lon="118.1269246526062488555908203125">
        <ele>88</ele>
        <time>2025-08-06T10:49:12.000Z</time>
        <extensions>
          <ns3:TrackPointExtension>
            <ns3:hr>85</ns3:hr>
            <ns3:cad>54</ns3:cad>
          </ns3:TrackPointExtension>
        </extensions>
      </trkpt>
      <trkpt lat="24.4302810542285442352294921875" lon="118.12692507170140743255615234375">
        <ele>87.59999847412109375</ele>
        <time>2025-08-06T10:49:13.000Z</time>
        <extensions>
          <ns3:TrackPointExtension>
            <ns3:hr>85</ns3:hr>
            <ns3:cad>54</ns3:cad>
          </ns3:TrackPointExtension>
        </extensions>
      </trkpt>
      <trkpt lat="24.43027594126760959625244140625" lon="118.12692607752978801727294921875">
        <ele>87.40000152587890625</ele>
        <time>2025-08-06T10:49:14.000Z</time>
        <extensions>
          <ns3:TrackPointExtension>
            <ns3:hr>85</ns3:hr>
            <ns3:cad>54</ns3:cad>
          </ns3:TrackPointExtension>
        </extensions>
      </trkpt>
      <trkpt lat="24.4302706606686115264892578125" lon="118.1269286759197711944580078125">
        <ele>87.1999969482421875</ele>
        <time>2025-08-06T10:49:15.000Z</time>
        <extensions>
          <ns3:TrackPointExtension>
            <ns3:hr>86</ns3:hr>
            <ns3:cad>54</ns3:cad>
          </ns3:TrackPointExtension>
        </extensions>
      </trkpt>
      <trkpt lat="24.4302636198699474334716796875" lon="118.12693194486200809478759765625">
        <ele>87.1999969482421875</ele>
        <time>2025-08-06T10:49:16.000Z</time>
        <extensions>
          <ns3:TrackPointExtension>
            <ns3:hr>86</ns3:hr>
            <ns3:cad>53</ns3:cad>
          </ns3:TrackPointExtension>
        </extensions>
      </trkpt>
      <trkpt lat="24.4302552379667758941650390625" lon="118.12693295069038867950439453125">
        <ele>87</ele>
        <time>2025-08-06T10:49:17.000Z</time>
        <extensions>
          <ns3:TrackPointExtension>
            <ns3:hr>87</ns3:hr>
            <ns3:cad>53</ns3:cad>
          </ns3:TrackPointExtension>
        </extensions>
      </trkpt>
      <trkpt lat="24.43024777807295322418212890625" lon="118.1269353814423084259033203125">
        <ele>86.8000030517578125</ele>
        <time>2025-08-06T10:49:18.000Z</time>
        <extensions>
          <ns3:TrackPointExtension>
            <ns3:hr>87</ns3:hr>
            <ns3:cad>53</ns3:cad>
          </ns3:TrackPointExtension>
        </extensions>
      </trkpt>
      <trkpt lat="24.43023939616978168487548828125" lon="118.126933872699737548828125">
        <ele>86.59999847412109375</ele>
        <time>2025-08-06T10:49:19.000Z</time>
        <extensions>
          <ns3:TrackPointExtension>
            <ns3:hr>87</ns3:hr>
            <ns3:cad>53</ns3:cad>
          </ns3:TrackPointExtension>
        </extensions>
      </trkpt>
      <trkpt lat="24.43023336119949817657470703125" lon="118.12693311832845211029052734375">
        <ele>86.40000152587890625</ele>
        <time>2025-08-06T10:49:20.000Z</time>
        <extensions>
          <ns3:TrackPointExtension>
            <ns3:hr>87</ns3:hr>
            <ns3:cad>55</ns3:cad>
          </ns3:TrackPointExtension>
        </extensions>
      </trkpt>
      <trkpt lat="24.43022464402019977569580078125" lon="118.126929514110088348388671875">
        <ele>86.1999969482421875</ele>
        <time>2025-08-06T10:49:21.000Z</time>
        <extensions>
          <ns3:TrackPointExtension>
            <ns3:hr>87</ns3:hr>
            <ns3:cad>55</ns3:cad>
          </ns3:TrackPointExtension>
        </extensions>
      </trkpt>
      <trkpt lat="24.43022129125893115997314453125" lon="118.1269296817481517791748046875">
        <ele>86</ele>
        <time>2025-08-06T10:49:22.000Z</time>
        <extensions>
          <ns3:TrackPointExtension>
            <ns3:hr>88</ns3:hr>
            <ns3:cad>55</ns3:cad>
          </ns3:TrackPointExtension>
        </extensions>
      </trkpt>
      <trkpt lat="24.4302230514585971832275390625" lon="118.12693730928003787994384765625">
        <ele>86</ele>
        <time>2025-08-06T10:49:23.000Z</time>
        <extensions>
          <ns3:TrackPointExtension>
            <ns3:hr>87</ns3:hr>
            <ns3:cad>55</ns3:cad>
          </ns3:TrackPointExtension>
        </extensions>
      </trkpt>
      <trkpt lat="24.430222213268280029296875" lon="118.12694367952644824981689453125">
        <ele>85.8000030517578125</ele>
        <time>2025-08-06T10:49:24.000Z</time>
        <extensions>
          <ns3:TrackPointExtension>
            <ns3:hr>87</ns3:hr>
            <ns3:cad>55</ns3:cad>
          </ns3:TrackPointExtension>
        </extensions>
      </trkpt>
      <trkpt lat="24.43021659739315509796142578125" lon="118.12694661319255828857421875">
        <ele>85.59999847412109375</ele>
        <time>2025-08-06T10:49:25.000Z</time>
        <extensions>
          <ns3:TrackPointExtension>
            <ns3:hr>88</ns3:hr>
            <ns3:cad>55</ns3:cad>
          </ns3:TrackPointExtension>
        </extensions>
      </trkpt>
      <trkpt lat="24.4302079640328884124755859375" lon="118.1269504688680171966552734375">
        <ele>85.59999847412109375</ele>
        <time>2025-08-06T10:49:26.000Z</time>
        <extensions>
          <ns3:TrackPointExtension>
            <ns3:hr>88</ns3:hr>
            <ns3:cad>55</ns3:cad>
          </ns3:TrackPointExtension>
        </extensions>
      </trkpt>
      <trkpt lat="24.43020008504390716552734375" lon="118.12695424072444438934326171875">
        <ele>85.40000152587890625</ele>
        <time>2025-08-06T10:49:27.000Z</time>
        <extensions>
          <ns3:TrackPointExtension>
            <ns3:hr>88</ns3:hr>
            <ns3:cad>55</ns3:cad>
          </ns3:TrackPointExtension>
        </extensions>
      </trkpt>
      <trkpt lat="24.43019069731235504150390625" lon="118.12696077860891819000244140625">
        <ele>85.1999969482421875</ele>
        <time>2025-08-06T10:49:28.000Z</time>
        <extensions>
          <ns3:TrackPointExtension>
            <ns3:hr>87</ns3:hr>
            <ns3:cad>0</ns3:cad>
          </ns3:TrackPointExtension>
        </extensions>
      </trkpt>
      <trkpt lat="24.430182315409183502197265625" lon="118.1269700825214385986328125">
        <ele>85.1999969482421875</ele>
        <time>2025-08-06T10:49:29.000Z</time>
        <extensions>
          <ns3:TrackPointExtension>
            <ns3:hr>88</ns3:hr>
            <ns3:cad>0</ns3:cad>
          </ns3:TrackPointExtension>
        </extensions>
      </trkpt>
      <trkpt lat="24.43017384968698024749755859375" lon="118.12697821296751499176025390625">
        <ele>85</ele>
        <time>2025-08-06T10:49:30.000Z</time>
        <extensions>
          <ns3:TrackPointExtension>
            <ns3:hr>88</ns3:hr>
            <ns3:cad>0</ns3:cad>
          </ns3:TrackPointExtension>
        </extensions>
      </trkpt>
      <trkpt lat="24.43017058074474334716796875" lon="118.12698592431843280792236328125">
        <ele>84.8000030517578125</ele>
        <time>2025-08-06T10:49:31.000Z</time>
        <extensions>
          <ns3:TrackPointExtension>
            <ns3:hr>88</ns3:hr>
            <ns3:cad>0</ns3:cad>
          </ns3:TrackPointExtension>
        </extensions>
      </trkpt>
      <trkpt lat="24.43016731180250644683837890625" lon="118.1269913725554943084716796875">
        <ele>84.8000030517578125</ele>
        <time>2025-08-06T10:49:32.000Z</time>
        <extensions>
          <ns3:TrackPointExtension>
            <ns3:hr>89</ns3:hr>
            <ns3:cad>54</ns3:cad>
          </ns3:TrackPointExtension>
        </extensions>
      </trkpt>
      <trkpt lat="24.43016328848898410797119140625" lon="118.126998580992221832275390625">
        <ele>84.40000152587890625</ele>
        <time>2025-08-06T10:49:33.000Z</time>
        <extensions>
          <ns3:TrackPointExtension>
            <ns3:hr>89</ns3:hr>
            <ns3:cad>54</ns3:cad>
          </ns3:TrackPointExtension>
        </extensions>
      </trkpt>
      <trkpt lat="24.4301591813564300537109375" lon="118.12700553797185420989990234375">
        <ele>84.40000152587890625</ele>
        <time>2025-08-06T10:49:34.000Z</time>
        <extensions>
          <ns3:TrackPointExtension>
            <ns3:hr>89</ns3:hr>
            <ns3:cad>54</ns3:cad>
          </ns3:TrackPointExtension>
        </extensions>
      </trkpt>
      <trkpt lat="24.430154822766780853271484375" lon="118.127012662589550018310546875">
        <ele>84.1999969482421875</ele>
        <time>2025-08-06T10:49:35.000Z</time>
        <extensions>
          <ns3:TrackPointExtension>
            <ns3:hr>90</ns3:hr>
            <ns3:cad>54</ns3:cad>
          </ns3:TrackPointExtension>
        </extensions>
      </trkpt>
      <trkpt lat="24.43015105091035366058349609375" lon="118.1270175240933895111083984375">
        <ele>83.8000030517578125</ele>
        <time>2025-08-06T10:49:36.000Z</time>
        <extensions>
          <ns3:TrackPointExtension>
            <ns3:hr>90</ns3:hr>
            <ns3:cad>58</ns3:cad>
          </ns3:TrackPointExtension>
        </extensions>
      </trkpt>
      <trkpt lat="24.430145435035228729248046875" lon="118.1270242296159267425537109375">
        <ele>83.59999847412109375</ele>
        <time>2025-08-06T10:49:37.000Z</time>
        <extensions>
          <ns3:TrackPointExtension>
            <ns3:hr>90</ns3:hr>
            <ns3:cad>58</ns3:cad>
          </ns3:TrackPointExtension>
        </extensions>
      </trkpt>
      <trkpt lat="24.43013948388397693634033203125" lon="118.127028755843639373779296875">
        <ele>83.59999847412109375</ele>
        <time>2025-08-06T10:49:38.000Z</time>
        <extensions>
          <ns3:TrackPointExtension>
            <ns3:hr>90</ns3:hr>
            <ns3:cad>58</ns3:cad>
          </ns3:TrackPointExtension>
        </extensions>
      </trkpt>
      <trkpt lat="24.43013445474207401275634765625" lon="118.12703504227101802825927734375">
        <ele>83.40000152587890625</ele>
        <time>2025-08-06T10:49:39.000Z</time>
        <extensions>
          <ns3:TrackPointExtension>
            <ns3:hr>89</ns3:hr>
            <ns3:cad>58</ns3:cad>
          </ns3:TrackPointExtension>
        </extensions>
      </trkpt>
      <trkpt lat="24.43012900650501251220703125" lon="118.1270423345267772674560546875">
        <ele>83.40000152587890625</ele>
        <time>2025-08-06T10:49:40.000Z</time>
        <extensions>
          <ns3:TrackPointExtension>
            <ns3:hr>90</ns3:hr>
            <ns3:cad>58</ns3:cad>
          </ns3:TrackPointExtension>
        </extensions>
      </trkpt>
      <trkpt lat="24.4301238097250461578369140625" lon="118.12705046497285366058349609375">
        <ele>83.1999969482421875</ele>
        <time>2025-08-06T10:49:41.000Z</time>
        <extensions>
          <ns3:TrackPointExtension>
            <ns3:hr>90</ns3:hr>
            <ns3:cad>58</ns3:cad>
          </ns3:TrackPointExtension>
        </extensions>
      </trkpt>
      <trkpt lat="24.43011601455509662628173828125" lon="118.127058930695056915283203125">
        <ele>83.1999969482421875</ele>
        <time>2025-08-06T10:49:42.000Z</time>
        <extensions>
          <ns3:TrackPointExtension>
            <ns3:hr>89</ns3:hr>
            <ns3:cad>58</ns3:cad>
          </ns3:TrackPointExtension>
        </extensions>
      </trkpt>
      <trkpt lat="24.4301087222993373870849609375" lon="118.1270671449601650238037109375">
        <ele>83</ele>
        <time>2025-08-06T10:49:43.000Z</time>
        <extensions>
          <ns3:TrackPointExtension>
            <ns3:hr>90</ns3:hr>
            <ns3:cad>52</ns3:cad>
          </ns3:TrackPointExtension>
        </extensions>
      </trkpt>
      <trkpt lat="24.43010143004357814788818359375" lon="118.12707494013011455535888671875">
        <ele>82.8000030517578125</ele>
        <time>2025-08-06T10:49:44.000Z</time>
        <extensions>
          <ns3:TrackPointExtension>
            <ns3:hr>90</ns3:hr>
            <ns3:cad>52</ns3:cad>
          </ns3:TrackPointExtension>
        </extensions>
      </trkpt>
      <trkpt lat="24.43009656853973865509033203125" lon="118.127079047262668609619140625">
        <ele>82.8000030517578125</ele>
        <time>2025-08-06T10:49:45.000Z</time>
        <extensions>
          <ns3:TrackPointExtension>
            <ns3:hr>89</ns3:hr>
            <ns3:cad>52</ns3:cad>
          </ns3:TrackPointExtension>
        </extensions>
      </trkpt>
      <trkpt lat="24.43009086884558200836181640625" lon="118.1270855851471424102783203125">
        <ele>82.59999847412109375</ele>
        <time>2025-08-06T10:49:46.000Z</time>
        <extensions>
          <ns3:TrackPointExtension>
            <ns3:hr>90</ns3:hr>
            <ns3:cad>52</ns3:cad>
          </ns3:TrackPointExtension>
        </extensions>
      </trkpt>
      <trkpt lat="24.43008550442755222320556640625" lon="118.12709220685064792633056640625">
        <ele>82.40000152587890625</ele>
        <time>2025-08-06T10:49:47.000Z</time>
        <extensions>
          <ns3:TrackPointExtension>
            <ns3:hr>90</ns3:hr>
            <ns3:cad>52</ns3:cad>
          </ns3:TrackPointExtension>
        </extensions>
      </trkpt>
      <trkpt lat="24.43007938563823699951171875" lon="118.12709815800189971923828125">
        <ele>82</ele>
        <time>2025-08-06T10:49:48.000Z</time>
        <extensions>
          <ns3:TrackPointExtension>
            <ns3:hr>89</ns3:hr>
            <ns3:cad>0</ns3:cad>
          </ns3:TrackPointExtension>
        </extensions>
      </trkpt>
      <trkpt lat="24.43007544614374637603759765625" lon="118.1271033547818660736083984375">
        <ele>81.8000030517578125</ele>
        <time>2025-08-06T10:49:49.000Z</time>
        <extensions>
          <ns3:TrackPointExtension>
            <ns3:hr>89</ns3:hr>
            <ns3:cad>0</ns3:cad>
          </ns3:TrackPointExtension>
        </extensions>
      </trkpt>
      <trkpt lat="24.43007142283022403717041015625" lon="118.127107881009578704833984375">
        <ele>81.59999847412109375</ele>
        <time>2025-08-06T10:49:50.000Z</time>
        <extensions>
          <ns3:TrackPointExtension>
            <ns3:hr>89</ns3:hr>
            <ns3:cad>0</ns3:cad>
          </ns3:TrackPointExtension>
        </extensions>
      </trkpt>
      <trkpt lat="24.43006991408765316009521484375" lon="118.1271117366850376129150390625">
        <ele>81.40000152587890625</ele>
        <time>2025-08-06T10:49:51.000Z</time>
        <extensions>
          <ns3:TrackPointExtension>
            <ns3:hr>89</ns3:hr>
            <ns3:cad>0</ns3:cad>
          </ns3:TrackPointExtension>
        </extensions>
      </trkpt>
      <trkpt lat="24.430066309869289398193359375" lon="118.12711735256016254425048828125">
        <ele>81.40000152587890625</ele>
        <time>2025-08-06T10:49:52.000Z</time>
        <extensions>
          <ns3:TrackPointExtension>
            <ns3:hr>88</ns3:hr>
            <ns3:cad>0</ns3:cad>
          </ns3:TrackPointExtension>
        </extensions>
      </trkpt>
      <trkpt lat="24.4300611130893230438232421875" lon="118.12712363898754119873046875">
        <ele>81.1999969482421875</ele>
        <time>2025-08-06T10:49:53.000Z</time>
        <extensions>
          <ns3:TrackPointExtension>
            <ns3:hr>88</ns3:hr>
            <ns3:cad>0</ns3:cad>
          </ns3:TrackPointExtension>
        </extensions>
      </trkpt>
      <trkpt lat="24.43005616776645183563232421875" lon="118.12712824903428554534912109375">
        <ele>81.1999969482421875</ele>
        <time>2025-08-06T10:49:54.000Z</time>
        <extensions>
          <ns3:TrackPointExtension>
            <ns3:hr>88</ns3:hr>
            <ns3:cad>0</ns3:cad>
          </ns3:TrackPointExtension>
        </extensions>
      </trkpt>
      <trkpt lat="24.43004678003489971160888671875" lon="118.1271295063197612762451171875">
        <ele>81</ele>
        <time>2025-08-06T10:49:55.000Z</time>
        <extensions>
          <ns3:TrackPointExtension>
            <ns3:hr>88</ns3:hr>
            <ns3:cad>0</ns3:cad>
          </ns3:TrackPointExtension>
        </extensions>
      </trkpt>
      <trkpt lat="24.430036805570125579833984375" lon="118.12712992541491985321044921875">
        <ele>80.8000030517578125</ele>
        <time>2025-08-06T10:49:56.000Z</time>
        <extensions>
          <ns3:TrackPointExtension>
            <ns3:hr>87</ns3:hr>
            <ns3:cad>0</ns3:cad>
          </ns3:TrackPointExtension>
        </extensions>
      </trkpt>
      <trkpt lat="24.43002968095242977142333984375" lon="118.127125985920429229736328125">
        <ele>80.59999847412109375</ele>
        <time>2025-08-06T10:49:57.000Z</time>
        <extensions>
          <ns3:TrackPointExtension>
            <ns3:hr>87</ns3:hr>
            <ns3:cad>51</ns3:cad>
          </ns3:TrackPointExtension>
        </extensions>
      </trkpt>
      <trkpt lat="24.43002549000084400177001953125" lon="118.127127327024936676025390625">
        <ele>80.1999969482421875</ele>
        <time>2025-08-06T10:49:58.000Z</time>
        <extensions>
          <ns3:TrackPointExtension>
            <ns3:hr>87</ns3:hr>
            <ns3:cad>51</ns3:cad>
          </ns3:TrackPointExtension>
        </extensions>
      </trkpt>
      <trkpt lat="24.43002037703990936279296875" lon="118.12712900340557098388671875">
        <ele>80</ele>
        <time>2025-08-06T10:49:59.000Z</time>
        <extensions>
          <ns3:TrackPointExtension>
            <ns3:hr>87</ns3:hr>
            <ns3:cad>51</ns3:cad>
          </ns3:TrackPointExtension>
        </extensions>
      </trkpt>
      <trkpt lat="24.43001442588865756988525390625" lon="118.1271318532526493072509765625">
        <ele>79.59999847412109375</ele>
        <time>2025-08-06T10:50:00.000Z</time>
        <extensions>
          <ns3:TrackPointExtension>
            <ns3:hr>87</ns3:hr>
            <ns3:cad>51</ns3:cad>
          </ns3:TrackPointExtension>
        </extensions>
      </trkpt>
      <trkpt lat="24.43000654689967632293701171875" lon="118.12713495455682277679443359375">
        <ele>79.40000152587890625</ele>
        <time>2025-08-06T10:50:01.000Z</time>
        <extensions>
          <ns3:TrackPointExtension>
            <ns3:hr>88</ns3:hr>
            <ns3:cad>51</ns3:cad>
          </ns3:TrackPointExtension>
        </extensions>
      </trkpt>
      <trkpt lat="24.43000000901520252227783203125" lon="118.12713914550840854644775390625">
        <ele>79</ele>
        <time>2025-08-06T10:50:02.000Z</time>
        <extensions>
          <ns3:TrackPointExtension>
            <ns3:hr>88</ns3:hr>
            <ns3:cad>51</ns3:cad>
          </ns3:TrackPointExtension>
        </extensions>
      </trkpt>
      <trkpt lat="24.4299943931400775909423828125" lon="118.1271444261074066162109375">
        <ele>78.59999847412109375</ele>
        <time>2025-08-06T10:50:03.000Z</time>
        <extensions>
          <ns3:TrackPointExtension>
            <ns3:hr>88</ns3:hr>
            <ns3:cad>51</ns3:cad>
          </ns3:TrackPointExtension>
        </extensions>
      </trkpt>
      <trkpt lat="24.4299896992743015289306640625" lon="118.127148114144802093505859375">
        <ele>78.40000152587890625</ele>
        <time>2025-08-06T10:50:04.000Z</time>
        <extensions>
          <ns3:TrackPointExtension>
            <ns3:hr>89</ns3:hr>
            <ns3:cad>51</ns3:cad>
          </ns3:TrackPointExtension>
        </extensions>
      </trkpt>
      <trkpt lat="24.42998123355209827423095703125" lon="118.12715373001992702484130859375">
        <ele>78.1999969482421875</ele>
        <time>2025-08-06T10:50:05.000Z</time>
        <extensions>
          <ns3:TrackPointExtension>
            <ns3:hr>89</ns3:hr>
            <ns3:cad>51</ns3:cad>
          </ns3:TrackPointExtension>
        </extensions>
      </trkpt>
      <trkpt lat="24.42997746169567108154296875" lon="118.1271533109247684478759765625">
        <ele>78</ele>
        <time>2025-08-06T10:50:06.000Z</time>
        <extensions>
          <ns3:TrackPointExtension>
            <ns3:hr>89</ns3:hr>
            <ns3:cad>51</ns3:cad>
          </ns3:TrackPointExtension>
        </extensions>
      </trkpt>
      <trkpt lat="24.42997151054441928863525390625" lon="118.127153478562831878662109375">
        <ele>77.59999847412109375</ele>
        <time>2025-08-06T10:50:07.000Z</time>
        <extensions>
          <ns3:TrackPointExtension>
            <ns3:hr>89</ns3:hr>
            <ns3:cad>51</ns3:cad>
          </ns3:TrackPointExtension>
        </extensions>
      </trkpt>
      <trkpt lat="24.42996514029800891876220703125" lon="118.1271549873054027557373046875">
        <ele>77.40000152587890625</ele>
        <time>2025-08-06T10:50:08.000Z</time>
        <extensions>
          <ns3:TrackPointExtension>
            <ns3:hr>89</ns3:hr>
            <ns3:cad>51</ns3:cad>
          </ns3:TrackPointExtension>
        </extensions>
      </trkpt>
      <trkpt lat="24.429959356784820556640625" lon="118.12715456821024417877197265625">
        <ele>77.1999969482421875</ele>
        <time>2025-08-06T10:50:09.000Z</time>
        <extensions>
          <ns3:TrackPointExtension>
            <ns3:hr>90</ns3:hr>
            <ns3:cad>57</ns3:cad>
          </ns3:TrackPointExtension>
        </extensions>
      </trkpt>
      <trkpt lat="24.4299588538706302642822265625" lon="118.12715490348637104034423828125">
        <ele>76.8000030517578125</ele>
        <time>2025-08-06T10:50:10.000Z</time>
        <extensions>
          <ns3:TrackPointExtension>
            <ns3:hr>90</ns3:hr>
            <ns3:cad>57</ns3:cad>
          </ns3:TrackPointExtension>
        </extensions>
      </trkpt>
      <trkpt lat="24.429957009851932525634765625" lon="118.127155490219593048095703125">
        <ele>76.8000030517578125</ele>
        <time>2025-08-06T10:50:11.000Z</time>
        <extensions>
          <ns3:TrackPointExtension>
            <ns3:hr>90</ns3:hr>
            <ns3:cad>0</ns3:cad>
          </ns3:TrackPointExtension>
        </extensions>
      </trkpt>
      <trkpt lat="24.4299585185945034027099609375" lon="118.1271559931337833404541015625">
        <ele>76.59999847412109375</ele>
        <time>2025-08-06T10:50:12.000Z</time>
        <extensions>
          <ns3:TrackPointExtension>
            <ns3:hr>91</ns3:hr>
            <ns3:cad>0</ns3:cad>
          </ns3:TrackPointExtension>
        </extensions>
      </trkpt>
      <trkpt lat="24.42995877005159854888916015625" lon="118.1271564960479736328125">
        <ele>76.59999847412109375</ele>
        <time>2025-08-06T10:50:13.000Z</time>
        <extensions>
          <ns3:TrackPointExtension>
            <ns3:hr>91</ns3:hr>
            <ns3:cad>0</ns3:cad>
          </ns3:TrackPointExtension>
        </extensions>
      </trkpt>
      <trkpt lat="24.42995290271937847137451171875" lon="118.12715490348637104034423828125">
        <ele>76.59999847412109375</ele>
        <time>2025-08-06T10:50:14.000Z</time>
        <extensions>
          <ns3:TrackPointExtension>
            <ns3:hr>92</ns3:hr>
            <ns3:cad>0</ns3:cad>
          </ns3:TrackPointExtension>
        </extensions>
      </trkpt>
      <trkpt lat="24.42994267679750919342041015625" lon="118.12715490348637104034423828125">
        <ele>76.40000152587890625</ele>
        <time>2025-08-06T10:50:15.000Z</time>
        <extensions>
          <ns3:TrackPointExtension>
            <ns3:hr>91</ns3:hr>
            <ns3:cad>0</ns3:cad>
          </ns3:TrackPointExtension>
        </extensions>
      </trkpt>
      <trkpt lat="24.42993395961821079254150390625" lon="118.12715708278119564056396484375">
        <ele>76.40000152587890625</ele>
        <time>2025-08-06T10:50:16.000Z</time>
        <extensions>
          <ns3:TrackPointExtension>
            <ns3:hr>91</ns3:hr>
            <ns3:cad>0</ns3:cad>
          </ns3:TrackPointExtension>
        </extensions>
      </trkpt>
      <trkpt lat="24.42992515861988067626953125" lon="118.12716110609471797943115234375">
        <ele>76</ele>
        <time>2025-08-06T10:50:17.000Z</time>
        <extensions>
          <ns3:TrackPointExtension>
            <ns3:hr>89</ns3:hr>
            <ns3:cad>0</ns3:cad>
          </ns3:TrackPointExtension>
        </extensions>
      </trkpt>
      <trkpt lat="24.42991585470736026763916015625" lon="118.12716630287468433380126953125">
        <ele>75.8000030517578125</ele>
        <time>2025-08-06T10:50:18.000Z</time>
        <extensions>
          <ns3:TrackPointExtension>
            <ns3:hr>89</ns3:hr>
            <ns3:cad>0</ns3:cad>
          </ns3:TrackPointExtension>
        </extensions>
      </trkpt>
      <trkpt lat="24.42990831099450588226318359375" lon="118.12717317603528499603271484375">
        <ele>75.59999847412109375</ele>
        <time>2025-08-06T10:50:19.000Z</time>
        <extensions>
          <ns3:TrackPointExtension>
            <ns3:hr>89</ns3:hr>
            <ns3:cad>55</ns3:cad>
          </ns3:TrackPointExtension>
        </extensions>
      </trkpt>
      <trkpt lat="24.429900683462619781494140625" lon="118.12718004919588565826416015625">
        <ele>75.59999847412109375</ele>
        <time>2025-08-06T10:50:20.000Z</time>
        <extensions>
          <ns3:TrackPointExtension>
            <ns3:hr>87</ns3:hr>
            <ns3:cad>55</ns3:cad>
          </ns3:TrackPointExtension>
        </extensions>
      </trkpt>
      <trkpt lat="24.42989557050168514251708984375" lon="118.12718608416616916656494140625">
        <ele>75.40000152587890625</ele>
        <time>2025-08-06T10:50:21.000Z</time>
        <extensions>
          <ns3:TrackPointExtension>
            <ns3:hr>85</ns3:hr>
            <ns3:cad>55</ns3:cad>
          </ns3:TrackPointExtension>
        </extensions>
      </trkpt>
      <trkpt lat="24.42989070899784564971923828125" lon="118.1271928735077381134033203125">
        <ele>75.1999969482421875</ele>
        <time>2025-08-06T10:50:22.000Z</time>
        <extensions>
          <ns3:TrackPointExtension>
            <ns3:hr>84</ns3:hr>
            <ns3:cad>55</ns3:cad>
          </ns3:TrackPointExtension>
        </extensions>
      </trkpt>
      <trkpt lat="24.42988702096045017242431640625" lon="118.1271985732018947601318359375">
        <ele>75.1999969482421875</ele>
        <time>2025-08-06T10:50:23.000Z</time>
        <extensions>
          <ns3:TrackPointExtension>
            <ns3:hr>83</ns3:hr>
            <ns3:cad>55</ns3:cad>
          </ns3:TrackPointExtension>
        </extensions>
      </trkpt>
      <trkpt lat="24.42987956106662750244140625" lon="118.12720502726733684539794921875">
        <ele>75</ele>
        <time>2025-08-06T10:50:24.000Z</time>
        <extensions>
          <ns3:TrackPointExtension>
            <ns3:hr>83</ns3:hr>
            <ns3:cad>55</ns3:cad>
          </ns3:TrackPointExtension>
        </extensions>
      </trkpt>
      <trkpt lat="24.4298723526298999786376953125" lon="118.127208463847637176513671875">
        <ele>74.8000030517578125</ele>
        <time>2025-08-06T10:50:25.000Z</time>
        <extensions>
          <ns3:TrackPointExtension>
            <ns3:hr>83</ns3:hr>
            <ns3:cad>55</ns3:cad>
          </ns3:TrackPointExtension>
        </extensions>
      </trkpt>
      <trkpt lat="24.42986086942255496978759765625" lon="118.1272123195230960845947265625">
        <ele>74.59999847412109375</ele>
        <time>2025-08-06T10:50:26.000Z</time>
        <extensions>
          <ns3:TrackPointExtension>
            <ns3:hr>83</ns3:hr>
            <ns3:cad>55</ns3:cad>
          </ns3:TrackPointExtension>
        </extensions>
      </trkpt>
      <trkpt lat="24.429848380386829376220703125" lon="118.1272141635417938232421875">
        <ele>74.40000152587890625</ele>
        <time>2025-08-06T10:50:27.000Z</time>
        <extensions>
          <ns3:TrackPointExtension>
            <ns3:hr>83</ns3:hr>
            <ns3:cad>56</ns3:cad>
          </ns3:TrackPointExtension>
        </extensions>
      </trkpt>
      <trkpt lat="24.42983522079885005950927734375" lon="118.1272141635417938232421875">
        <ele>74.40000152587890625</ele>
        <time>2025-08-06T10:50:28.000Z</time>
        <extensions>
          <ns3:TrackPointExtension>
            <ns3:hr>84</ns3:hr>
            <ns3:cad>56</ns3:cad>
          </ns3:TrackPointExtension>
        </extensions>
      </trkpt>
      <trkpt lat="24.4298212230205535888671875" lon="118.12721575610339641571044921875">
        <ele>74.1999969482421875</ele>
        <time>2025-08-06T10:50:29.000Z</time>
        <extensions>
          <ns3:TrackPointExtension>
            <ns3:hr>84</ns3:hr>
            <ns3:cad>56</ns3:cad>
          </ns3:TrackPointExtension>
        </extensions>
      </trkpt>
      <trkpt lat="24.42980923689901828765869140625" lon="118.12721625901758670806884765625">
        <ele>74.1999969482421875</ele>
        <time>2025-08-06T10:50:30.000Z</time>
        <extensions>
          <ns3:TrackPointExtension>
            <ns3:hr>84</ns3:hr>
            <ns3:cad>56</ns3:cad>
          </ns3:TrackPointExtension>
        </extensions>
      </trkpt>
      <trkpt lat="24.42979909479618072509765625" lon="118.127218186855316162109375">
        <ele>74</ele>
        <time>2025-08-06T10:50:31.000Z</time>
        <extensions>
          <ns3:TrackPointExtension>
            <ns3:hr>84</ns3:hr>
            <ns3:cad>56</ns3:cad>
          </ns3:TrackPointExtension>
        </extensions>
      </trkpt>
      <trkpt lat="24.42978811450302600860595703125" lon="118.1272195279598236083984375">
        <ele>74</ele>
        <time>2025-08-06T10:50:32.000Z</time>
        <extensions>
          <ns3:TrackPointExtension>
            <ns3:hr>85</ns3:hr>
            <ns3:cad>56</ns3:cad>
          </ns3:TrackPointExtension>
        </extensions>
      </trkpt>
      <trkpt lat="24.42977939732372760772705078125" lon="118.127219863235950469970703125">
        <ele>73.8000030517578125</ele>
        <time>2025-08-06T10:50:33.000Z</time>
        <extensions>
          <ns3:TrackPointExtension>
            <ns3:hr>85</ns3:hr>
            <ns3:cad>56</ns3:cad>
          </ns3:TrackPointExtension>
        </extensions>
      </trkpt>
      <trkpt lat="24.42977285943925380706787109375" lon="118.127221204340457916259765625">
        <ele>73.8000030517578125</ele>
        <time>2025-08-06T10:50:34.000Z</time>
        <extensions>
          <ns3:TrackPointExtension>
            <ns3:hr>85</ns3:hr>
            <ns3:cad>56</ns3:cad>
          </ns3:TrackPointExtension>
        </extensions>
      </trkpt>
      <trkpt lat="24.4297648966312408447265625" lon="118.127223551273345947265625">
        <ele>73.59999847412109375</ele>
        <time>2025-08-06T10:50:35.000Z</time>
        <extensions>
          <ns3:TrackPointExtension>
            <ns3:hr>84</ns3:hr>
            <ns3:cad>56</ns3:cad>
          </ns3:TrackPointExtension>
        </extensions>
      </trkpt>
      <trkpt lat="24.42975617945194244384765625" lon="118.12722531147301197052001953125">
        <ele>73.59999847412109375</ele>
        <time>2025-08-06T10:50:36.000Z</time>
        <extensions>
          <ns3:TrackPointExtension>
            <ns3:hr>85</ns3:hr>
            <ns3:cad>56</ns3:cad>
          </ns3:TrackPointExtension>
        </extensions>
      </trkpt>
      <trkpt lat="24.42975173704326152801513671875" lon="118.12722950242459774017333984375">
        <ele>73.40000152587890625</ele>
        <time>2025-08-06T10:50:37.000Z</time>
        <extensions>
          <ns3:TrackPointExtension>
            <ns3:hr>85</ns3:hr>
            <ns3:cad>59</ns3:cad>
          </ns3:TrackPointExtension>
        </extensions>
      </trkpt>
      <trkpt lat="24.42974385805428028106689453125" lon="118.1272347830235958099365234375">
        <ele>73.40000152587890625</ele>
        <time>2025-08-06T10:50:38.000Z</time>
        <extensions>
          <ns3:TrackPointExtension>
            <ns3:hr>85</ns3:hr>
            <ns3:cad>59</ns3:cad>
          </ns3:TrackPointExtension>
        </extensions>
      </trkpt>
      <trkpt lat="24.429735727608203887939453125" lon="118.1272398121654987335205078125">
        <ele>73.1999969482421875</ele>
        <time>2025-08-06T10:50:39.000Z</time>
        <extensions>
          <ns3:TrackPointExtension>
            <ns3:hr>84</ns3:hr>
            <ns3:cad>59</ns3:cad>
          </ns3:TrackPointExtension>
        </extensions>
      </trkpt>
      <trkpt lat="24.4297265075147151947021484375" lon="118.127246685326099395751953125">
        <ele>73</ele>
        <time>2025-08-06T10:50:40.000Z</time>
        <extensions>
          <ns3:TrackPointExtension>
            <ns3:hr>85</ns3:hr>
            <ns3:cad>59</ns3:cad>
          </ns3:TrackPointExtension>
        </extensions>
      </trkpt>
      <trkpt lat="24.42971862852573394775390625" lon="118.12725330702960491180419921875">
        <ele>72.8000030517578125</ele>
        <time>2025-08-06T10:50:41.000Z</time>
        <extensions>
          <ns3:TrackPointExtension>
            <ns3:hr>85</ns3:hr>
            <ns3:cad>59</ns3:cad>
          </ns3:TrackPointExtension>
        </extensions>
      </trkpt>
      <trkpt lat="24.42970882169902324676513671875" lon="118.12726068310439586639404296875">
        <ele>72.59999847412109375</ele>
        <time>2025-08-06T10:50:42.000Z</time>
        <extensions>
          <ns3:TrackPointExtension>
            <ns3:hr>85</ns3:hr>
            <ns3:cad>59</ns3:cad>
          </ns3:TrackPointExtension>
        </extensions>
      </trkpt>
      <trkpt lat="24.4297010265290737152099609375" lon="118.12726671807467937469482421875">
        <ele>72.40000152587890625</ele>
        <time>2025-08-06T10:50:43.000Z</time>
        <extensions>
          <ns3:TrackPointExtension>
            <ns3:hr>85</ns3:hr>
            <ns3:cad>59</ns3:cad>
          </ns3:TrackPointExtension>
        </extensions>
      </trkpt>
      <trkpt lat="24.429695494472980499267578125" lon="118.12727157957851886749267578125">
        <ele>72.40000152587890625</ele>
        <time>2025-08-06T10:50:44.000Z</time>
        <extensions>
          <ns3:TrackPointExtension>
            <ns3:hr>84</ns3:hr>
            <ns3:cad>59</ns3:cad>
          </ns3:TrackPointExtension>
        </extensions>
      </trkpt>
      <trkpt lat="24.4296902976930141448974609375" lon="118.12727560289204120635986328125">
        <ele>72.40000152587890625</ele>
        <time>2025-08-06T10:50:45.000Z</time>
        <extensions>
          <ns3:TrackPointExtension>
            <ns3:hr>84</ns3:hr>
            <ns3:cad>58</ns3:cad>
          </ns3:TrackPointExtension>
        </extensions>
      </trkpt>
      <trkpt lat="24.4296835921704769134521484375" lon="118.1272787041962146759033203125">
        <ele>72.40000152587890625</ele>
        <time>2025-08-06T10:50:46.000Z</time>
        <extensions>
          <ns3:TrackPointExtension>
            <ns3:hr>85</ns3:hr>
            <ns3:cad>58</ns3:cad>
          </ns3:TrackPointExtension>
        </extensions>
      </trkpt>
      <trkpt lat="24.42967462353408336639404296875" lon="118.1272864155471324920654296875">
        <ele>72.1999969482421875</ele>
        <time>2025-08-06T10:50:47.000Z</time>
        <extensions>
          <ns3:TrackPointExtension>
            <ns3:hr>84</ns3:hr>
            <ns3:cad>59</ns3:cad>
          </ns3:TrackPointExtension>
        </extensions>
      </trkpt>
      <trkpt lat="24.42966305650770664215087890625" lon="118.12729354016482830047607421875">
        <ele>72.1999969482421875</ele>
        <time>2025-08-06T10:50:48.000Z</time>
        <extensions>
          <ns3:TrackPointExtension>
            <ns3:hr>83</ns3:hr>
            <ns3:cad>59</ns3:cad>
          </ns3:TrackPointExtension>
        </extensions>
      </trkpt>
      <trkpt lat="24.42965081892907619476318359375" lon="118.1273025088012218475341796875">
        <ele>72</ele>
        <time>2025-08-06T10:50:49.000Z</time>
        <extensions>
          <ns3:TrackPointExtension>
            <ns3:hr>83</ns3:hr>
            <ns3:cad>58</ns3:cad>
          </ns3:TrackPointExtension>
        </extensions>
      </trkpt>
      <trkpt lat="24.4296388328075408935546875" lon="118.12730879522860050201416015625">
        <ele>71.8000030517578125</ele>
        <time>2025-08-06T10:50:50.000Z</time>
        <extensions>
          <ns3:TrackPointExtension>
            <ns3:hr>82</ns3:hr>
            <ns3:cad>58</ns3:cad>
          </ns3:TrackPointExtension>
        </extensions>
      </trkpt>
      <trkpt lat="24.42962919361889362335205078125" lon="118.12731583602726459503173828125">
        <ele>71.8000030517578125</ele>
        <time>2025-08-06T10:50:51.000Z</time>
        <extensions>
          <ns3:TrackPointExtension>
            <ns3:hr>81</ns3:hr>
            <ns3:cad>59</ns3:cad>
          </ns3:TrackPointExtension>
        </extensions>
      </trkpt>
      <trkpt lat="24.429620392620563507080078125" lon="118.12732472084462642669677734375">
        <ele>71.8000030517578125</ele>
        <time>2025-08-06T10:50:52.000Z</time>
        <extensions>
          <ns3:TrackPointExtension>
            <ns3:hr>81</ns3:hr>
            <ns3:cad>59</ns3:cad>
          </ns3:TrackPointExtension>
        </extensions>
      </trkpt>
      <trkpt lat="24.4296128489077091217041015625" lon="118.12733293510973453521728515625">
        <ele>71.8000030517578125</ele>
        <time>2025-08-06T10:50:53.000Z</time>
        <extensions>
          <ns3:TrackPointExtension>
            <ns3:hr>81</ns3:hr>
            <ns3:cad>61</ns3:cad>
          </ns3:TrackPointExtension>
        </extensions>
      </trkpt>
      <trkpt lat="24.429608322679996490478515625" lon="118.12733997590839862823486328125">
        <ele>71.8000030517578125</ele>
        <time>2025-08-06T10:50:54.000Z</time>
        <extensions>
          <ns3:TrackPointExtension>
            <ns3:hr>81</ns3:hr>
            <ns3:cad>61</ns3:cad>
          </ns3:TrackPointExtension>
        </extensions>
      </trkpt>
      <trkpt lat="24.429602958261966705322265625" lon="118.12734953127801418304443359375">
        <ele>72</ele>
        <time>2025-08-06T10:50:55.000Z</time>
        <extensions>
          <ns3:TrackPointExtension>
            <ns3:hr>81</ns3:hr>
            <ns3:cad>58</ns3:cad>
          </ns3:TrackPointExtension>
        </extensions>
      </trkpt>
      <trkpt lat="24.42959683947265148162841796875" lon="118.12735590152442455291748046875">
        <ele>72</ele>
        <time>2025-08-06T10:50:56.000Z</time>
        <extensions>
          <ns3:TrackPointExtension>
            <ns3:hr>82</ns3:hr>
            <ns3:cad>58</ns3:cad>
          </ns3:TrackPointExtension>
        </extensions>
      </trkpt>
      <trkpt lat="24.4295910559594631195068359375" lon="118.12736227177083492279052734375">
        <ele>72</ele>
        <time>2025-08-06T10:50:57.000Z</time>
        <extensions>
          <ns3:TrackPointExtension>
            <ns3:hr>82</ns3:hr>
            <ns3:cad>58</ns3:cad>
          </ns3:TrackPointExtension>
        </extensions>
      </trkpt>
      <trkpt lat="24.42958359606564044952392578125" lon="118.1273678876459598541259765625">
        <ele>72</ele>
        <time>2025-08-06T10:50:58.000Z</time>
        <extensions>
          <ns3:TrackPointExtension>
            <ns3:hr>82</ns3:hr>
            <ns3:cad>58</ns3:cad>
          </ns3:TrackPointExtension>
        </extensions>
      </trkpt>
      <trkpt lat="24.42957404069602489471435546875" lon="118.1273732520639896392822265625">
        <ele>72</ele>
        <time>2025-08-06T10:50:59.000Z</time>
        <extensions>
          <ns3:TrackPointExtension>
            <ns3:hr>82</ns3:hr>
            <ns3:cad>58</ns3:cad>
          </ns3:TrackPointExtension>
        </extensions>
      </trkpt>
      <trkpt lat="24.42956331185996532440185546875" lon="118.127376772463321685791015625">
        <ele>72</ele>
        <time>2025-08-06T10:51:00.000Z</time>
        <extensions>
          <ns3:TrackPointExtension>
            <ns3:hr>82</ns3:hr>
            <ns3:cad>53</ns3:cad>
          </ns3:TrackPointExtension>
        </extensions>
      </trkpt>
      <trkpt lat="24.4295538403093814849853515625" lon="118.1273799575865268707275390625">
        <ele>72</ele>
        <time>2025-08-06T10:51:01.000Z</time>
        <extensions>
          <ns3:TrackPointExtension>
            <ns3:hr>81</ns3:hr>
            <ns3:cad>53</ns3:cad>
          </ns3:TrackPointExtension>
        </extensions>
      </trkpt>
      <trkpt lat="24.429540932178497314453125" lon="118.12738171778619289398193359375">
        <ele>72</ele>
        <time>2025-08-06T10:51:02.000Z</time>
        <extensions>
          <ns3:TrackPointExtension>
            <ns3:hr>82</ns3:hr>
            <ns3:cad>52</ns3:cad>
          </ns3:TrackPointExtension>
        </extensions>
      </trkpt>
      <trkpt lat="24.42953565157949924468994140625" lon="118.12738155014812946319580078125">
        <ele>72</ele>
        <time>2025-08-06T10:51:03.000Z</time>
        <extensions>
          <ns3:TrackPointExtension>
            <ns3:hr>82</ns3:hr>
            <ns3:cad>51</ns3:cad>
          </ns3:TrackPointExtension>
        </extensions>
      </trkpt>
      <trkpt lat="24.4295275211334228515625" lon="118.12738222070038318634033203125">
        <ele>72</ele>
        <time>2025-08-06T10:51:04.000Z</time>
        <extensions>
          <ns3:TrackPointExtension>
            <ns3:hr>82</ns3:hr>
            <ns3:cad>51</ns3:cad>
          </ns3:TrackPointExtension>
        </extensions>
      </trkpt>
      <trkpt lat="24.429519139230251312255859375" lon="118.127381466329097747802734375">
        <ele>72</ele>
        <time>2025-08-06T10:51:05.000Z</time>
        <extensions>
          <ns3:TrackPointExtension>
            <ns3:hr>83</ns3:hr>
            <ns3:cad>51</ns3:cad>
          </ns3:TrackPointExtension>
        </extensions>
      </trkpt>
      <trkpt lat="24.4295129366219043731689453125" lon="118.1273792870342731475830078125">
        <ele>72</ele>
        <time>2025-08-06T10:51:06.000Z</time>
        <extensions>
          <ns3:TrackPointExtension>
            <ns3:hr>84</ns3:hr>
            <ns3:cad>51</ns3:cad>
          </ns3:TrackPointExtension>
        </extensions>
      </trkpt>
      <trkpt lat="24.42950396798551082611083984375" lon="118.1273779459297657012939453125">
        <ele>72</ele>
        <time>2025-08-06T10:51:07.000Z</time>
        <extensions>
          <ns3:TrackPointExtension>
            <ns3:hr>85</ns3:hr>
            <ns3:cad>51</ns3:cad>
          </ns3:TrackPointExtension>
        </extensions>
      </trkpt>
      <trkpt lat="24.42949357442557811737060546875" lon="118.12737668864428997039794921875">
        <ele>71.8000030517578125</ele>
        <time>2025-08-06T10:51:08.000Z</time>
        <extensions>
          <ns3:TrackPointExtension>
            <ns3:hr>85</ns3:hr>
            <ns3:cad>51</ns3:cad>
          </ns3:TrackPointExtension>
        </extensions>
      </trkpt>
      <trkpt lat="24.42948259413242340087890625" lon="118.12737367115914821624755859375">
        <ele>71.8000030517578125</ele>
        <time>2025-08-06T10:51:09.000Z</time>
        <extensions>
          <ns3:TrackPointExtension>
            <ns3:hr>85</ns3:hr>
            <ns3:cad>51</ns3:cad>
          </ns3:TrackPointExtension>
        </extensions>
      </trkpt>
      <trkpt lat="24.42947161383926868438720703125" lon="118.12736713327467441558837890625">
        <ele>71.59999847412109375</ele>
        <time>2025-08-06T10:51:10.000Z</time>
        <extensions>
          <ns3:TrackPointExtension>
            <ns3:hr>85</ns3:hr>
            <ns3:cad>58</ns3:cad>
          </ns3:TrackPointExtension>
        </extensions>
      </trkpt>
      <trkpt lat="24.42946323193609714508056640625" lon="118.1273621879518032073974609375">
        <ele>71.59999847412109375</ele>
        <time>2025-08-06T10:51:11.000Z</time>
        <extensions>
          <ns3:TrackPointExtension>
            <ns3:hr>86</ns3:hr>
            <ns3:cad>58</ns3:cad>
          </ns3:TrackPointExtension>
        </extensions>
      </trkpt>
      <trkpt lat="24.4294566102325916290283203125" lon="118.12735699117183685302734375">
        <ele>71.40000152587890625</ele>
        <time>2025-08-06T10:51:12.000Z</time>
        <extensions>
          <ns3:TrackPointExtension>
            <ns3:hr>86</ns3:hr>
            <ns3:cad>57</ns3:cad>
          </ns3:TrackPointExtension>
        </extensions>
      </trkpt>
      <trkpt lat="24.42944663576781749725341796875" lon="118.12735036946833133697509765625">
        <ele>71.40000152587890625</ele>
        <time>2025-08-06T10:51:13.000Z</time>
        <extensions>
          <ns3:TrackPointExtension>
            <ns3:hr>86</ns3:hr>
            <ns3:cad>57</ns3:cad>
          </ns3:TrackPointExtension>
        </extensions>
      </trkpt>
      <trkpt lat="24.4294374994933605194091796875" lon="118.1273437477648258209228515625">
        <ele>71.40000152587890625</ele>
        <time>2025-08-06T10:51:14.000Z</time>
        <extensions>
          <ns3:TrackPointExtension>
            <ns3:hr>86</ns3:hr>
            <ns3:cad>57</ns3:cad>
          </ns3:TrackPointExtension>
        </extensions>
      </trkpt>
      <trkpt lat="24.42942702211439609527587890625" lon="118.12733980827033519744873046875">
        <ele>71.1999969482421875</ele>
        <time>2025-08-06T10:51:15.000Z</time>
        <extensions>
          <ns3:TrackPointExtension>
            <ns3:hr>87</ns3:hr>
            <ns3:cad>57</ns3:cad>
          </ns3:TrackPointExtension>
        </extensions>
      </trkpt>
      <trkpt lat="24.4294160418212413787841796875" lon="118.1273367069661617279052734375">
        <ele>71.1999969482421875</ele>
        <time>2025-08-06T10:51:16.000Z</time>
        <extensions>
          <ns3:TrackPointExtension>
            <ns3:hr>86</ns3:hr>
            <ns3:cad>57</ns3:cad>
          </ns3:TrackPointExtension>
        </extensions>
      </trkpt>
      <trkpt lat="24.42940749228000640869140625" lon="118.127338886260986328125">
        <ele>71.1999969482421875</ele>
        <time>2025-08-06T10:51:17.000Z</time>
        <extensions>
          <ns3:TrackPointExtension>
            <ns3:hr>86</ns3:hr>
            <ns3:cad>57</ns3:cad>
          </ns3:TrackPointExtension>
        </extensions>
      </trkpt>
      <trkpt lat="24.42939735017716884613037109375" lon="118.12734098173677921295166015625">
        <ele>71.1999969482421875</ele>
        <time>2025-08-06T10:51:18.000Z</time>
        <extensions>
          <ns3:TrackPointExtension>
            <ns3:hr>86</ns3:hr>
            <ns3:cad>53</ns3:cad>
          </ns3:TrackPointExtension>
        </extensions>
      </trkpt>
      <trkpt lat="24.42938963882625102996826171875" lon="118.12734198756515979766845703125">
        <ele>71</ele>
        <time>2025-08-06T10:51:19.000Z</time>
        <extensions>
          <ns3:TrackPointExtension>
            <ns3:hr>86</ns3:hr>
            <ns3:cad>53</ns3:cad>
          </ns3:TrackPointExtension>
        </extensions>
      </trkpt>
      <trkpt lat="24.4293838553130626678466796875" lon="118.12734366394579410552978515625">
        <ele>71</ele>
        <time>2025-08-06T10:51:20.000Z</time>
        <extensions>
          <ns3:TrackPointExtension>
            <ns3:hr>86</ns3:hr>
            <ns3:cad>53</ns3:cad>
          </ns3:TrackPointExtension>
        </extensions>
      </trkpt>
      <trkpt lat="24.4293741323053836822509765625" lon="118.1273430772125720977783203125">
        <ele>70.8000030517578125</ele>
        <time>2025-08-06T10:51:21.000Z</time>
        <extensions>
          <ns3:TrackPointExtension>
            <ns3:hr>86</ns3:hr>
            <ns3:cad>53</ns3:cad>
          </ns3:TrackPointExtension>
        </extensions>
      </trkpt>
      <trkpt lat="24.4293657504022121429443359375" lon="118.1273455917835235595703125">
        <ele>70.8000030517578125</ele>
        <time>2025-08-06T10:51:22.000Z</time>
        <extensions>
          <ns3:TrackPointExtension>
            <ns3:hr>86</ns3:hr>
            <ns3:cad>53</ns3:cad>
          </ns3:TrackPointExtension>
        </extensions>
      </trkpt>
      <trkpt lat="24.4293545186519622802734375" lon="118.12734869308769702911376953125">
        <ele>70.59999847412109375</ele>
        <time>2025-08-06T10:51:23.000Z</time>
        <extensions>
          <ns3:TrackPointExtension>
            <ns3:hr>86</ns3:hr>
            <ns3:cad>54</ns3:cad>
          </ns3:TrackPointExtension>
        </extensions>
      </trkpt>
      <trkpt lat="24.42934772931039333343505859375" lon="118.1273514591157436370849609375">
        <ele>70.59999847412109375</ele>
        <time>2025-08-06T10:51:24.000Z</time>
        <extensions>
          <ns3:TrackPointExtension>
            <ns3:hr>86</ns3:hr>
            <ns3:cad>54</ns3:cad>
          </ns3:TrackPointExtension>
        </extensions>
      </trkpt>
      <trkpt lat="24.42934353835880756378173828125" lon="118.12735430896282196044921875">
        <ele>70.40000152587890625</ele>
        <time>2025-08-06T10:51:25.000Z</time>
        <extensions>
          <ns3:TrackPointExtension>
            <ns3:hr>86</ns3:hr>
            <ns3:cad>54</ns3:cad>
          </ns3:TrackPointExtension>
        </extensions>
      </trkpt>
      <trkpt lat="24.4293399341404438018798828125" lon="118.1273578293621540069580078125">
        <ele>70.40000152587890625</ele>
        <time>2025-08-06T10:51:26.000Z</time>
        <extensions>
          <ns3:TrackPointExtension>
            <ns3:hr>86</ns3:hr>
            <ns3:cad>54</ns3:cad>
          </ns3:TrackPointExtension>
        </extensions>
      </trkpt>
      <trkpt lat="24.42933616228401660919189453125" lon="118.12736344523727893829345703125">
        <ele>70.1999969482421875</ele>
        <time>2025-08-06T10:51:27.000Z</time>
        <extensions>
          <ns3:TrackPointExtension>
            <ns3:hr>86</ns3:hr>
            <ns3:cad>54</ns3:cad>
          </ns3:TrackPointExtension>
        </extensions>
      </trkpt>
      <trkpt lat="24.4293298758566379547119140625" lon="118.12736696563661098480224609375">
        <ele>70</ele>
        <time>2025-08-06T10:51:28.000Z</time>
        <extensions>
          <ns3:TrackPointExtension>
            <ns3:hr>86</ns3:hr>
            <ns3:cad>52</ns3:cad>
          </ns3:TrackPointExtension>
        </extensions>
      </trkpt>
      <trkpt lat="24.42932476289570331573486328125" lon="118.12737132422626018524169921875">
        <ele>69.8000030517578125</ele>
        <time>2025-08-06T10:51:29.000Z</time>
        <extensions>
          <ns3:TrackPointExtension>
            <ns3:hr>85</ns3:hr>
            <ns3:cad>52</ns3:cad>
          </ns3:TrackPointExtension>
        </extensions>
      </trkpt>
      <trkpt lat="24.42932032048702239990234375" lon="118.12737501226365566253662109375">
        <ele>69.40000152587890625</ele>
        <time>2025-08-06T10:51:30.000Z</time>
        <extensions>
          <ns3:TrackPointExtension>
            <ns3:hr>85</ns3:hr>
            <ns3:cad>51</ns3:cad>
          </ns3:TrackPointExtension>
        </extensions>
      </trkpt>
      <trkpt lat="24.4293134473264217376708984375" lon="118.12737953849136829376220703125">
        <ele>69.1999969482421875</ele>
        <time>2025-08-06T10:51:31.000Z</time>
        <extensions>
          <ns3:TrackPointExtension>
            <ns3:hr>85</ns3:hr>
            <ns3:cad>51</ns3:cad>
          </ns3:TrackPointExtension>
        </extensions>
      </trkpt>
      <trkpt lat="24.42930498160421848297119140625" lon="118.127384148538112640380859375">
        <ele>68.8000030517578125</ele>
        <time>2025-08-06T10:51:32.000Z</time>
        <extensions>
          <ns3:TrackPointExtension>
            <ns3:hr>85</ns3:hr>
            <ns3:cad>51</ns3:cad>
          </ns3:TrackPointExtension>
        </extensions>
      </trkpt>
      <trkpt lat="24.42929777316749095916748046875" lon="118.12739043496549129486083984375">
        <ele>68.40000152587890625</ele>
        <time>2025-08-06T10:51:33.000Z</time>
        <extensions>
          <ns3:TrackPointExtension>
            <ns3:hr>85</ns3:hr>
            <ns3:cad>51</ns3:cad>
          </ns3:TrackPointExtension>
        </extensions>
      </trkpt>
      <trkpt lat="24.4292899779975414276123046875" lon="118.12739747576415538787841796875">
        <ele>68.1999969482421875</ele>
        <time>2025-08-06T10:51:34.000Z</time>
        <extensions>
          <ns3:TrackPointExtension>
            <ns3:hr>84</ns3:hr>
            <ns3:cad>53</ns3:cad>
          </ns3:TrackPointExtension>
        </extensions>
      </trkpt>
      <trkpt lat="24.4292836077511310577392578125" lon="118.12740258872509002685546875">
        <ele>68</ele>
        <time>2025-08-06T10:51:35.000Z</time>
        <extensions>
          <ns3:TrackPointExtension>
            <ns3:hr>85</ns3:hr>
            <ns3:cad>55</ns3:cad>
          </ns3:TrackPointExtension>
        </extensions>
      </trkpt>
      <trkpt lat="24.42927564494311809539794921875" lon="118.12740837223827838897705078125">
        <ele>67.59999847412109375</ele>
        <time>2025-08-06T10:51:36.000Z</time>
        <extensions>
          <ns3:TrackPointExtension>
            <ns3:hr>85</ns3:hr>
            <ns3:cad>55</ns3:cad>
          </ns3:TrackPointExtension>
        </extensions>
      </trkpt>
      <trkpt lat="24.42926801741123199462890625" lon="118.12741331756114959716796875">
        <ele>67.40000152587890625</ele>
        <time>2025-08-06T10:51:37.000Z</time>
        <extensions>
          <ns3:TrackPointExtension>
            <ns3:hr>85</ns3:hr>
            <ns3:cad>55</ns3:cad>
          </ns3:TrackPointExtension>
        </extensions>
      </trkpt>
      <trkpt lat="24.42925971932709217071533203125" lon="118.1274178437888622283935546875">
        <ele>67.1999969482421875</ele>
        <time>2025-08-06T10:51:38.000Z</time>
        <extensions>
          <ns3:TrackPointExtension>
            <ns3:hr>86</ns3:hr>
            <ns3:cad>55</ns3:cad>
          </ns3:TrackPointExtension>
        </extensions>
      </trkpt>
      <trkpt lat="24.42925351671874523162841796875" lon="118.12742144800722599029541015625">
        <ele>67</ele>
        <time>2025-08-06T10:51:39.000Z</time>
        <extensions>
          <ns3:TrackPointExtension>
            <ns3:hr>86</ns3:hr>
            <ns3:cad>55</ns3:cad>
          </ns3:TrackPointExtension>
        </extensions>
      </trkpt>
      <trkpt lat="24.42924865521490573883056640625" lon="118.127423040568828582763671875">
        <ele>66.59999847412109375</ele>
        <time>2025-08-06T10:51:40.000Z</time>
        <extensions>
          <ns3:TrackPointExtension>
            <ns3:hr>87</ns3:hr>
            <ns3:cad>55</ns3:cad>
          </ns3:TrackPointExtension>
        </extensions>
      </trkpt>
      <trkpt lat="24.4292413629591464996337890625" lon="118.12742429785430431365966796875">
        <ele>66.40000152587890625</ele>
        <time>2025-08-06T10:51:41.000Z</time>
        <extensions>
          <ns3:TrackPointExtension>
            <ns3:hr>86</ns3:hr>
            <ns3:cad>50</ns3:cad>
          </ns3:TrackPointExtension>
        </extensions>
      </trkpt>
      <trkpt lat="24.42923507653176784515380859375" lon="118.12742262147367000579833984375">
        <ele>66</ele>
        <time>2025-08-06T10:51:42.000Z</time>
        <extensions>
          <ns3:TrackPointExtension>
            <ns3:hr>86</ns3:hr>
            <ns3:cad>50</ns3:cad>
          </ns3:TrackPointExtension>
        </extensions>
      </trkpt>
      <trkpt lat="24.42922753281891345977783203125" lon="118.127421028912067413330078125">
        <ele>65.8000030517578125</ele>
        <time>2025-08-06T10:51:43.000Z</time>
        <extensions>
          <ns3:TrackPointExtension>
            <ns3:hr>86</ns3:hr>
            <ns3:cad>50</ns3:cad>
          </ns3:TrackPointExtension>
        </extensions>
      </trkpt>
      <trkpt lat="24.42922174930572509765625" lon="118.12742044217884540557861328125">
        <ele>65.59999847412109375</ele>
        <time>2025-08-06T10:51:44.000Z</time>
        <extensions>
          <ns3:TrackPointExtension>
            <ns3:hr>86</ns3:hr>
            <ns3:cad>50</ns3:cad>
          </ns3:TrackPointExtension>
        </extensions>
      </trkpt>
      <trkpt lat="24.42921831272542476654052734375" lon="118.12741910107433795928955078125">
        <ele>65.40000152587890625</ele>
        <time>2025-08-06T10:51:45.000Z</time>
        <extensions>
          <ns3:TrackPointExtension>
            <ns3:hr>86</ns3:hr>
            <ns3:cad>51</ns3:cad>
          </ns3:TrackPointExtension>
        </extensions>
      </trkpt>
      <trkpt lat="24.4292142055928707122802734375" lon="118.1274185143411159515380859375">
        <ele>65.1999969482421875</ele>
        <time>2025-08-06T10:51:46.000Z</time>
        <extensions>
          <ns3:TrackPointExtension>
            <ns3:hr>86</ns3:hr>
            <ns3:cad>51</ns3:cad>
          </ns3:TrackPointExtension>
        </extensions>
      </trkpt>
      <trkpt lat="24.42920657806098461151123046875" lon="118.12741708941757678985595703125">
        <ele>65</ele>
        <time>2025-08-06T10:51:47.000Z</time>
        <extensions>
          <ns3:TrackPointExtension>
            <ns3:hr>86</ns3:hr>
            <ns3:cad>54</ns3:cad>
          </ns3:TrackPointExtension>
        </extensions>
      </trkpt>
      <trkpt lat="24.4291987828910350799560546875" lon="118.127414993941783905029296875">
        <ele>64.8000030517578125</ele>
        <time>2025-08-06T10:51:48.000Z</time>
        <extensions>
          <ns3:TrackPointExtension>
            <ns3:hr>86</ns3:hr>
            <ns3:cad>54</ns3:cad>
          </ns3:TrackPointExtension>
        </extensions>
      </trkpt>
      <trkpt lat="24.4291910715401172637939453125" lon="118.1274151615798473358154296875">
        <ele>64.59999847412109375</ele>
        <time>2025-08-06T10:51:49.000Z</time>
        <extensions>
          <ns3:TrackPointExtension>
            <ns3:hr>86</ns3:hr>
            <ns3:cad>54</ns3:cad>
          </ns3:TrackPointExtension>
        </extensions>
      </trkpt>
      <trkpt lat="24.429176151752471923828125" lon="118.1274148263037204742431640625">
        <ele>64.59999847412109375</ele>
        <time>2025-08-06T10:51:50.000Z</time>
        <extensions>
          <ns3:TrackPointExtension>
            <ns3:hr>86</ns3:hr>
            <ns3:cad>57</ns3:cad>
          </ns3:TrackPointExtension>
        </extensions>
      </trkpt>
      <trkpt lat="24.4291612319648265838623046875" lon="118.1274181790649890899658203125">
        <ele>64.40000152587890625</ele>
        <time>2025-08-06T10:51:51.000Z</time>
        <extensions>
          <ns3:TrackPointExtension>
            <ns3:hr>87</ns3:hr>
            <ns3:cad>59</ns3:cad>
          </ns3:TrackPointExtension>
        </extensions>
      </trkpt>
      <trkpt lat="24.429144971072673797607421875" lon="118.12742404639720916748046875">
        <ele>64.1999969482421875</ele>
        <time>2025-08-06T10:51:52.000Z</time>
        <extensions>
          <ns3:TrackPointExtension>
            <ns3:hr>87</ns3:hr>
            <ns3:cad>59</ns3:cad>
          </ns3:TrackPointExtension>
        </extensions>
      </trkpt>
      <trkpt lat="24.4291323982179164886474609375" lon="118.1274292431771755218505859375">
        <ele>64.1999969482421875</ele>
        <time>2025-08-06T10:51:53.000Z</time>
        <extensions>
          <ns3:TrackPointExtension>
            <ns3:hr>87</ns3:hr>
            <ns3:cad>60</ns3:cad>
          </ns3:TrackPointExtension>
        </extensions>
      </trkpt>
      <trkpt lat="24.4291250221431255340576171875" lon="118.12743343412876129150390625">
        <ele>64</ele>
        <time>2025-08-06T10:51:54.000Z</time>
        <extensions>
          <ns3:TrackPointExtension>
            <ns3:hr>86</ns3:hr>
            <ns3:cad>60</ns3:cad>
          </ns3:TrackPointExtension>
        </extensions>
      </trkpt>
      <trkpt lat="24.42911555059254169464111328125" lon="118.127437792718410491943359375">
        <ele>64</ele>
        <time>2025-08-06T10:51:55.000Z</time>
        <extensions>
          <ns3:TrackPointExtension>
            <ns3:hr>87</ns3:hr>
            <ns3:cad>60</ns3:cad>
          </ns3:TrackPointExtension>
        </extensions>
      </trkpt>
      <trkpt lat="24.4291062466800212860107421875" lon="118.127441816031932830810546875">
        <ele>63.799999237060546875</ele>
        <time>2025-08-06T10:51:56.000Z</time>
        <extensions>
          <ns3:TrackPointExtension>
            <ns3:hr>87</ns3:hr>
            <ns3:cad>57</ns3:cad>
          </ns3:TrackPointExtension>
        </extensions>
      </trkpt>
      <trkpt lat="24.42909711040556430816650390625" lon="118.12744491733610630035400390625">
        <ele>63.799999237060546875</ele>
        <time>2025-08-06T10:51:57.000Z</time>
        <extensions>
          <ns3:TrackPointExtension>
            <ns3:hr>87</ns3:hr>
            <ns3:cad>57</ns3:cad>
          </ns3:TrackPointExtension>
        </extensions>
      </trkpt>
      <trkpt lat="24.42908789031207561492919921875" lon="118.1274473480880260467529296875">
        <ele>63.59999847412109375</ele>
        <time>2025-08-06T10:51:58.000Z</time>
        <extensions>
          <ns3:TrackPointExtension>
            <ns3:hr>87</ns3:hr>
            <ns3:cad>57</ns3:cad>
          </ns3:TrackPointExtension>
        </extensions>
      </trkpt>
      <trkpt lat="24.4290807656943798065185546875" lon="118.127447851002216339111328125">
        <ele>63.40000152587890625</ele>
        <time>2025-08-06T10:51:59.000Z</time>
        <extensions>
          <ns3:TrackPointExtension>
            <ns3:hr>87</ns3:hr>
            <ns3:cad>56</ns3:cad>
          </ns3:TrackPointExtension>
        </extensions>
      </trkpt>
      <trkpt lat="24.4290740601718425750732421875" lon="118.12744877301156520843505859375">
        <ele>63.200000762939453125</ele>
        <time>2025-08-06T10:52:00.000Z</time>
        <extensions>
          <ns3:TrackPointExtension>
            <ns3:hr>87</ns3:hr>
            <ns3:cad>56</ns3:cad>
          </ns3:TrackPointExtension>
        </extensions>
      </trkpt>
      <trkpt lat="24.4290680252015590667724609375" lon="118.12745078466832637786865234375">
        <ele>63</ele>
        <time>2025-08-06T10:52:01.000Z</time>
        <extensions>
          <ns3:TrackPointExtension>
            <ns3:hr>87</ns3:hr>
            <ns3:cad>56</ns3:cad>
          </ns3:TrackPointExtension>
        </extensions>
      </trkpt>
      <trkpt lat="24.429057799279689788818359375" lon="118.127452544867992401123046875">
        <ele>63</ele>
        <time>2025-08-06T10:52:02.000Z</time>
        <extensions>
          <ns3:TrackPointExtension>
            <ns3:hr>87</ns3:hr>
            <ns3:cad>56</ns3:cad>
          </ns3:TrackPointExtension>
        </extensions>
      </trkpt>
      <trkpt lat="24.4290479086339473724365234375" lon="118.12745396979153156280517578125">
        <ele>62.799999237060546875</ele>
        <time>2025-08-06T10:52:03.000Z</time>
        <extensions>
          <ns3:TrackPointExtension>
            <ns3:hr>87</ns3:hr>
            <ns3:cad>52</ns3:cad>
          </ns3:TrackPointExtension>
        </extensions>
      </trkpt>
      <trkpt lat="24.42903609015047550201416015625" lon="118.12745363451540470123291015625">
        <ele>62.40000152587890625</ele>
        <time>2025-08-06T10:52:04.000Z</time>
        <extensions>
          <ns3:TrackPointExtension>
            <ns3:hr>87</ns3:hr>
            <ns3:cad>52</ns3:cad>
          </ns3:TrackPointExtension>
        </extensions>
      </trkpt>
      <trkpt lat="24.42902670241892337799072265625" lon="118.12745229341089725494384765625">
        <ele>62.200000762939453125</ele>
        <time>2025-08-06T10:52:05.000Z</time>
        <extensions>
          <ns3:TrackPointExtension>
            <ns3:hr>87</ns3:hr>
            <ns3:cad>51</ns3:cad>
          </ns3:TrackPointExtension>
        </extensions>
      </trkpt>
      <trkpt lat="24.4290173985064029693603515625" lon="118.12745195813477039337158203125">
        <ele>62</ele>
        <time>2025-08-06T10:52:06.000Z</time>
        <extensions>
          <ns3:TrackPointExtension>
            <ns3:hr>87</ns3:hr>
            <ns3:cad>51</ns3:cad>
          </ns3:TrackPointExtension>
        </extensions>
      </trkpt>
      <trkpt lat="24.42900893278419971466064453125" lon="118.1274540536105632781982421875">
        <ele>61.799999237060546875</ele>
        <time>2025-08-06T10:52:07.000Z</time>
        <extensions>
          <ns3:TrackPointExtension>
            <ns3:hr>87</ns3:hr>
            <ns3:cad>50</ns3:cad>
          </ns3:TrackPointExtension>
        </extensions>
      </trkpt>
      <trkpt lat="24.42900289781391620635986328125" lon="118.12745598144829273223876953125">
        <ele>61.59999847412109375</ele>
        <time>2025-08-06T10:52:08.000Z</time>
        <extensions>
          <ns3:TrackPointExtension>
            <ns3:hr>87</ns3:hr>
            <ns3:cad>50</ns3:cad>
          </ns3:TrackPointExtension>
        </extensions>
      </trkpt>
      <trkpt lat="24.4289977848529815673828125" lon="118.12745933420956134796142578125">
        <ele>61.40000152587890625</ele>
        <time>2025-08-06T10:52:09.000Z</time>
        <extensions>
          <ns3:TrackPointExtension>
            <ns3:hr>86</ns3:hr>
            <ns3:cad>50</ns3:cad>
          </ns3:TrackPointExtension>
        </extensions>
      </trkpt>
      <trkpt lat="24.428992085158824920654296875" lon="118.12746134586632251739501953125">
        <ele>61.200000762939453125</ele>
        <time>2025-08-06T10:52:10.000Z</time>
        <extensions>
          <ns3:TrackPointExtension>
            <ns3:hr>86</ns3:hr>
            <ns3:cad>56</ns3:cad>
          </ns3:TrackPointExtension>
        </extensions>
      </trkpt>
      <trkpt lat="24.428988732397556304931640625" lon="118.127459585666656494140625">
        <ele>61.200000762939453125</ele>
        <time>2025-08-06T10:52:11.000Z</time>
        <extensions>
          <ns3:TrackPointExtension>
            <ns3:hr>87</ns3:hr>
            <ns3:cad>56</ns3:cad>
          </ns3:TrackPointExtension>
        </extensions>
      </trkpt>
      <trkpt lat="24.4289835356175899505615234375" lon="118.12745665200054645538330078125">
        <ele>61</ele>
        <time>2025-08-06T10:52:12.000Z</time>
        <extensions>
          <ns3:TrackPointExtension>
            <ns3:hr>87</ns3:hr>
            <ns3:cad>50</ns3:cad>
          </ns3:TrackPointExtension>
        </extensions>
      </trkpt>
      <trkpt lat="24.4289825297892093658447265625" lon="118.12745212577283382415771484375">
        <ele>61</ele>
        <time>2025-08-06T10:52:13.000Z</time>
        <extensions>
          <ns3:TrackPointExtension>
            <ns3:hr>87</ns3:hr>
            <ns3:cad>50</ns3:cad>
          </ns3:TrackPointExtension>
        </extensions>
      </trkpt>
      <trkpt lat="24.42897926084697246551513671875" lon="118.12744743190705776214599609375">
        <ele>61</ele>
        <time>2025-08-06T10:52:14.000Z</time>
        <extensions>
          <ns3:TrackPointExtension>
            <ns3:hr>87</ns3:hr>
            <ns3:cad>0</ns3:cad>
          </ns3:TrackPointExtension>
        </extensions>
      </trkpt>
      <trkpt lat="24.4289771653711795806884765625" lon="118.12744609080255031585693359375">
        <ele>61.200000762939453125</ele>
        <time>2025-08-06T10:52:15.000Z</time>
        <extensions>
          <ns3:TrackPointExtension>
            <ns3:hr>88</ns3:hr>
            <ns3:cad>0</ns3:cad>
          </ns3:TrackPointExtension>
        </extensions>
      </trkpt>
      <trkpt lat="24.42897699773311614990234375" lon="118.12744625844061374664306640625">
        <ele>61.200000762939453125</ele>
        <time>2025-08-06T10:52:16.000Z</time>
        <extensions>
          <ns3:TrackPointExtension>
            <ns3:hr>88</ns3:hr>
            <ns3:cad>0</ns3:cad>
          </ns3:TrackPointExtension>
        </extensions>
      </trkpt>
      <trkpt lat="24.42897607572376728057861328125" lon="118.127445839345455169677734375">
        <ele>61.40000152587890625</ele>
        <time>2025-08-06T10:52:17.000Z</time>
        <extensions>
          <ns3:TrackPointExtension>
            <ns3:hr>88</ns3:hr>
            <ns3:cad>0</ns3:cad>
          </ns3:TrackPointExtension>
        </extensions>
      </trkpt>
      <trkpt lat="24.42897574044764041900634765625" lon="118.12744793482124805450439453125">
        <ele>61.40000152587890625</ele>
        <time>2025-08-06T10:52:18.000Z</time>
        <extensions>
          <ns3:TrackPointExtension>
            <ns3:hr>88</ns3:hr>
            <ns3:cad>0</ns3:cad>
          </ns3:TrackPointExtension>
        </extensions>
      </trkpt>
      <trkpt lat="24.42897289060056209564208984375" lon="118.1274470128118991851806640625">
        <ele>61.40000152587890625</ele>
        <time>2025-08-06T10:52:19.000Z</time>
        <extensions>
          <ns3:TrackPointExtension>
            <ns3:hr>88</ns3:hr>
            <ns3:cad>0</ns3:cad>
          </ns3:TrackPointExtension>
        </extensions>
      </trkpt>
      <trkpt lat="24.42896685563027858734130859375" lon="118.12744759954512119293212890625">
        <ele>61.200000762939453125</ele>
        <time>2025-08-06T10:52:20.000Z</time>
        <extensions>
          <ns3:TrackPointExtension>
            <ns3:hr>88</ns3:hr>
            <ns3:cad>0</ns3:cad>
          </ns3:TrackPointExtension>
        </extensions>
      </trkpt>
      <trkpt lat="24.428959898650646209716796875" lon="118.12744810245931148529052734375">
        <ele>61.200000762939453125</ele>
        <time>2025-08-06T10:52:21.000Z</time>
        <extensions>
          <ns3:TrackPointExtension>
            <ns3:hr>88</ns3:hr>
            <ns3:cad>0</ns3:cad>
          </ns3:TrackPointExtension>
        </extensions>
      </trkpt>
      <trkpt lat="24.4289540313184261322021484375" lon="118.127453215420246124267578125">
        <ele>61</ele>
        <time>2025-08-06T10:52:22.000Z</time>
        <extensions>
          <ns3:TrackPointExtension>
            <ns3:hr>87</ns3:hr>
            <ns3:cad>0</ns3:cad>
          </ns3:TrackPointExtension>
        </extensions>
      </trkpt>
      <trkpt lat="24.4289449788630008697509765625" lon="118.12746251933276653289794921875">
        <ele>60.799999237060546875</ele>
        <time>2025-08-06T10:52:23.000Z</time>
        <extensions>
          <ns3:TrackPointExtension>
            <ns3:hr>87</ns3:hr>
            <ns3:cad>0</ns3:cad>
          </ns3:TrackPointExtension>
        </extensions>
      </trkpt>
      <trkpt lat="24.42893399856984615325927734375" lon="118.1274684704840183258056640625">
        <ele>60.799999237060546875</ele>
        <time>2025-08-06T10:52:24.000Z</time>
        <extensions>
          <ns3:TrackPointExtension>
            <ns3:hr>87</ns3:hr>
            <ns3:cad>0</ns3:cad>
          </ns3:TrackPointExtension>
        </extensions>
      </trkpt>
      <trkpt lat="24.42893399856984615325927734375" lon="118.1274684704840183258056640625">
        <ele>60.799999237060546875</ele>
        <time>2025-08-06T10:52:25.000Z</time>
        <extensions>
          <ns3:TrackPointExtension>
            <ns3:hr>87</ns3:hr>
            <ns3:cad>0</ns3:cad>
          </ns3:TrackPointExtension>
        </extensions>
      </trkpt>
      <trkpt lat="24.42893399856984615325927734375" lon="118.1274684704840183258056640625">
        <ele>60.799999237060546875</ele>
        <time>2025-08-06T10:52:26.000Z</time>
        <extensions>
          <ns3:TrackPointExtension>
            <ns3:hr>88</ns3:hr>
            <ns3:cad>0</ns3:cad>
          </ns3:TrackPointExtension>
        </extensions>
      </trkpt>
      <trkpt lat="24.4289334118366241455078125" lon="118.12746905721724033355712890625">
        <ele>60.799999237060546875</ele>
        <time>2025-08-06T10:52:27.000Z</time>
        <extensions>
          <ns3:TrackPointExtension>
            <ns3:hr>88</ns3:hr>
            <ns3:cad>0</ns3:cad>
          </ns3:TrackPointExtension>
        </extensions>
      </trkpt>
      <trkpt lat="24.4289228506386280059814453125" lon="118.127471320331096649169921875">
        <ele>60.799999237060546875</ele>
        <time>2025-08-06T10:52:28.000Z</time>
        <extensions>
          <ns3:TrackPointExtension>
            <ns3:hr>89</ns3:hr>
            <ns3:cad>0</ns3:cad>
          </ns3:TrackPointExtension>
        </extensions>
      </trkpt>
      <trkpt lat="24.42891907878220081329345703125" lon="118.1274728290736675262451171875">
        <ele>60.799999237060546875</ele>
        <time>2025-08-06T10:52:29.000Z</time>
        <extensions>
          <ns3:TrackPointExtension>
            <ns3:hr>89</ns3:hr>
            <ns3:cad>0</ns3:cad>
          </ns3:TrackPointExtension>
        </extensions>
      </trkpt>
      <trkpt lat="24.4289111159741878509521484375" lon="118.1274671293795108795166015625">
        <ele>60.799999237060546875</ele>
        <time>2025-08-06T10:52:30.000Z</time>
        <extensions>
          <ns3:TrackPointExtension>
            <ns3:hr>89</ns3:hr>
            <ns3:cad>0</ns3:cad>
          </ns3:TrackPointExtension>
        </extensions>
      </trkpt>
      <trkpt lat="24.42890600301325321197509765625" lon="118.12746025621891021728515625">
        <ele>60.799999237060546875</ele>
        <time>2025-08-06T10:52:31.000Z</time>
        <extensions>
          <ns3:TrackPointExtension>
            <ns3:hr>89</ns3:hr>
            <ns3:cad>53</ns3:cad>
          </ns3:TrackPointExtension>
        </extensions>
      </trkpt>
      <trkpt lat="24.4289012253284454345703125" lon="118.1274507008492946624755859375">
        <ele>60.799999237060546875</ele>
        <time>2025-08-06T10:52:32.000Z</time>
        <extensions>
          <ns3:TrackPointExtension>
            <ns3:hr>89</ns3:hr>
            <ns3:cad>53</ns3:cad>
          </ns3:TrackPointExtension>
        </extensions>
      </trkpt>
      <trkpt lat="24.42889787256717681884765625" lon="118.12744474969804286956787109375">
        <ele>60.799999237060546875</ele>
        <time>2025-08-06T10:52:33.000Z</time>
        <extensions>
          <ns3:TrackPointExtension>
            <ns3:hr>90</ns3:hr>
            <ns3:cad>0</ns3:cad>
          </ns3:TrackPointExtension>
        </extensions>
      </trkpt>
      <trkpt lat="24.4288980402052402496337890625" lon="118.12744860537350177764892578125">
        <ele>60.799999237060546875</ele>
        <time>2025-08-06T10:52:34.000Z</time>
        <extensions>
          <ns3:TrackPointExtension>
            <ns3:hr>90</ns3:hr>
            <ns3:cad>0</ns3:cad>
          </ns3:TrackPointExtension>
        </extensions>
      </trkpt>
      <trkpt lat="24.428897537291049957275390625" lon="118.1274476833641529083251953125">
        <ele>61</ele>
        <time>2025-08-06T10:52:35.000Z</time>
        <extensions>
          <ns3:TrackPointExtension>
            <ns3:hr>90</ns3:hr>
            <ns3:cad>0</ns3:cad>
          </ns3:TrackPointExtension>
        </extensions>
      </trkpt>
      <trkpt lat="24.4288960285484790802001953125" lon="118.12744374386966228485107421875">
        <ele>61</ele>
        <time>2025-08-06T10:52:36.000Z</time>
        <extensions>
          <ns3:TrackPointExtension>
            <ns3:hr>90</ns3:hr>
            <ns3:cad>0</ns3:cad>
          </ns3:TrackPointExtension>
        </extensions>
      </trkpt>
      <trkpt lat="24.42889175377786159515380859375" lon="118.12743745744228363037109375">
        <ele>61</ele>
        <time>2025-08-06T10:52:37.000Z</time>
        <extensions>
          <ns3:TrackPointExtension>
            <ns3:hr>89</ns3:hr>
            <ns3:cad>0</ns3:cad>
          </ns3:TrackPointExtension>
        </extensions>
      </trkpt>
      <trkpt lat="24.4288916699588298797607421875" lon="118.1274366192519664764404296875">
        <ele>61</ele>
        <time>2025-08-06T10:52:38.000Z</time>
        <extensions>
          <ns3:TrackPointExtension>
            <ns3:hr>89</ns3:hr>
            <ns3:cad>0</ns3:cad>
          </ns3:TrackPointExtension>
        </extensions>
      </trkpt>
      <trkpt lat="24.42888789810240268707275390625" lon="118.12744139693677425384521484375">
        <ele>60.59999847412109375</ele>
        <time>2025-08-06T10:52:39.000Z</time>
        <extensions>
          <ns3:TrackPointExtension>
            <ns3:hr>89</ns3:hr>
            <ns3:cad>0</ns3:cad>
          </ns3:TrackPointExtension>
        </extensions>
      </trkpt>
      <trkpt lat="24.42888605408370494842529296875" lon="118.12744458205997943878173828125">
        <ele>60.40000152587890625</ele>
        <time>2025-08-06T10:52:40.000Z</time>
        <extensions>
          <ns3:TrackPointExtension>
            <ns3:hr>89</ns3:hr>
            <ns3:cad>0</ns3:cad>
          </ns3:TrackPointExtension>
        </extensions>
      </trkpt>
      <trkpt lat="24.42888387478888034820556640625" lon="118.127448521554470062255859375">
        <ele>60.200000762939453125</ele>
        <time>2025-08-06T10:52:41.000Z</time>
        <extensions>
          <ns3:TrackPointExtension>
            <ns3:hr>89</ns3:hr>
            <ns3:cad>0</ns3:cad>
          </ns3:TrackPointExtension>
        </extensions>
      </trkpt>
      <trkpt lat="24.4288851320743560791015625" lon="118.1274540536105632781982421875">
        <ele>59.799999237060546875</ele>
        <time>2025-08-06T10:52:42.000Z</time>
        <extensions>
          <ns3:TrackPointExtension>
            <ns3:hr>90</ns3:hr>
            <ns3:cad>0</ns3:cad>
          </ns3:TrackPointExtension>
        </extensions>
      </trkpt>
      <trkpt lat="24.42888203077018260955810546875" lon="118.12745816074311733245849609375">
        <ele>59.59999847412109375</ele>
        <time>2025-08-06T10:52:43.000Z</time>
        <extensions>
          <ns3:TrackPointExtension>
            <ns3:hr>90</ns3:hr>
            <ns3:cad>0</ns3:cad>
          </ns3:TrackPointExtension>
        </extensions>
      </trkpt>
      <trkpt lat="24.42887842655181884765625" lon="118.12746201641857624053955078125">
        <ele>59.200000762939453125</ele>
        <time>2025-08-06T10:52:44.000Z</time>
        <extensions>
          <ns3:TrackPointExtension>
            <ns3:hr>90</ns3:hr>
            <ns3:cad>0</ns3:cad>
          </ns3:TrackPointExtension>
        </extensions>
      </trkpt>
      <trkpt lat="24.42887281067669391632080078125" lon="118.12747090123593807220458984375">
        <ele>58.799999237060546875</ele>
        <time>2025-08-06T10:52:45.000Z</time>
        <extensions>
          <ns3:TrackPointExtension>
            <ns3:hr>90</ns3:hr>
            <ns3:cad>64</ns3:cad>
          </ns3:TrackPointExtension>
        </extensions>
      </trkpt>
      <trkpt lat="24.42886929027736186981201171875" lon="118.127476684749126434326171875">
        <ele>58.40000152587890625</ele>
        <time>2025-08-06T10:52:46.000Z</time>
        <extensions>
          <ns3:TrackPointExtension>
            <ns3:hr>90</ns3:hr>
            <ns3:cad>65</ns3:cad>
          </ns3:TrackPointExtension>
        </extensions>
      </trkpt>
      <trkpt lat="24.42886476404964923858642578125" lon="118.12748330645263195037841796875">
        <ele>58</ele>
        <time>2025-08-06T10:52:47.000Z</time>
        <extensions>
          <ns3:TrackPointExtension>
            <ns3:hr>90</ns3:hr>
            <ns3:cad>65</ns3:cad>
          </ns3:TrackPointExtension>
        </extensions>
      </trkpt>
      <trkpt lat="24.42885654978454113006591796875" lon="118.12748850323259830474853515625">
        <ele>57.799999237060546875</ele>
        <time>2025-08-06T10:52:48.000Z</time>
        <extensions>
          <ns3:TrackPointExtension>
            <ns3:hr>90</ns3:hr>
            <ns3:cad>65</ns3:cad>
          </ns3:TrackPointExtension>
        </extensions>
      </trkpt>
      <trkpt lat="24.42884624004364013671875" lon="118.12749386765062808990478515625">
        <ele>57.59999847412109375</ele>
        <time>2025-08-06T10:52:49.000Z</time>
        <extensions>
          <ns3:TrackPointExtension>
            <ns3:hr>90</ns3:hr>
            <ns3:cad>65</ns3:cad>
          </ns3:TrackPointExtension>
        </extensions>
      </trkpt>
      <trkpt lat="24.4288376905024051666259765625" lon="118.127489425241947174072265625">
        <ele>57.40000152587890625</ele>
        <time>2025-08-06T10:52:50.000Z</time>
        <extensions>
          <ns3:TrackPointExtension>
            <ns3:hr>91</ns3:hr>
            <ns3:cad>65</ns3:cad>
          </ns3:TrackPointExtension>
        </extensions>
      </trkpt>
      <trkpt lat="24.42882687784731388092041015625" lon="118.1274865753948688507080078125">
        <ele>57</ele>
        <time>2025-08-06T10:52:51.000Z</time>
        <extensions>
          <ns3:TrackPointExtension>
            <ns3:hr>91</ns3:hr>
            <ns3:cad>59</ns3:cad>
          </ns3:TrackPointExtension>
        </extensions>
      </trkpt>
      <trkpt lat="24.42881765775382518768310546875" lon="118.12748531810939311981201171875">
        <ele>56.799999237060546875</ele>
        <time>2025-08-06T10:52:52.000Z</time>
        <extensions>
          <ns3:TrackPointExtension>
            <ns3:hr>91</ns3:hr>
            <ns3:cad>57</ns3:cad>
          </ns3:TrackPointExtension>
        </extensions>
      </trkpt>
      <trkpt lat="24.42880994640290737152099609375" lon="118.1274852342903614044189453125">
        <ele>56.40000152587890625</ele>
        <time>2025-08-06T10:52:53.000Z</time>
        <extensions>
          <ns3:TrackPointExtension>
            <ns3:hr>92</ns3:hr>
            <ns3:cad>57</ns3:cad>
          </ns3:TrackPointExtension>
        </extensions>
      </trkpt>
      <trkpt lat="24.42879955284297466278076171875" lon="118.1274828873574733734130859375">
        <ele>56.200000762939453125</ele>
        <time>2025-08-06T10:52:54.000Z</time>
        <extensions>
          <ns3:TrackPointExtension>
            <ns3:hr>92</ns3:hr>
            <ns3:cad>57</ns3:cad>
          </ns3:TrackPointExtension>
        </extensions>
      </trkpt>
      <trkpt lat="24.42879066802561283111572265625" lon="118.1274818815290927886962890625">
        <ele>55.799999237060546875</ele>
        <time>2025-08-06T10:52:55.000Z</time>
        <extensions>
          <ns3:TrackPointExtension>
            <ns3:hr>92</ns3:hr>
            <ns3:cad>57</ns3:cad>
          </ns3:TrackPointExtension>
        </extensions>
      </trkpt>
      <trkpt lat="24.4287810288369655609130859375" lon="118.12748129479587078094482421875">
        <ele>55.40000152587890625</ele>
        <time>2025-08-06T10:52:56.000Z</time>
        <extensions>
          <ns3:TrackPointExtension>
            <ns3:hr>92</ns3:hr>
            <ns3:cad>57</ns3:cad>
          </ns3:TrackPointExtension>
        </extensions>
      </trkpt>
      <trkpt lat="24.4287713058292865753173828125" lon="118.12748129479587078094482421875">
        <ele>55.200000762939453125</ele>
        <time>2025-08-06T10:52:57.000Z</time>
        <extensions>
          <ns3:TrackPointExtension>
            <ns3:hr>92</ns3:hr>
            <ns3:cad>56</ns3:cad>
          </ns3:TrackPointExtension>
        </extensions>
      </trkpt>
      <trkpt lat="24.42876250483095645904541015625" lon="118.1274825520813465118408203125">
        <ele>55</ele>
        <time>2025-08-06T10:52:58.000Z</time>
        <extensions>
          <ns3:TrackPointExtension>
            <ns3:hr>92</ns3:hr>
            <ns3:cad>55</ns3:cad>
          </ns3:TrackPointExtension>
        </extensions>
      </trkpt>
      <trkpt lat="24.42875931970775127410888671875" lon="118.1274855695664882659912109375">
        <ele>55</ele>
        <time>2025-08-06T10:52:59.000Z</time>
        <extensions>
          <ns3:TrackPointExtension>
            <ns3:hr>92</ns3:hr>
            <ns3:cad>55</ns3:cad>
          </ns3:TrackPointExtension>
        </extensions>
      </trkpt>
      <trkpt lat="24.42875512875616550445556640625" lon="118.1274949572980403900146484375">
        <ele>54.799999237060546875</ele>
        <time>2025-08-06T10:53:00.000Z</time>
        <extensions>
          <ns3:TrackPointExtension>
            <ns3:hr>92</ns3:hr>
            <ns3:cad>55</ns3:cad>
          </ns3:TrackPointExtension>
        </extensions>
      </trkpt>
      <trkpt lat="24.42875144071877002716064453125" lon="118.12749923206865787506103515625">
        <ele>55</ele>
        <time>2025-08-06T10:53:01.000Z</time>
        <extensions>
          <ns3:TrackPointExtension>
            <ns3:hr>92</ns3:hr>
            <ns3:cad>54</ns3:cad>
          </ns3:TrackPointExtension>
        </extensions>
      </trkpt>
      <trkpt lat="24.4287508539855480194091796875" lon="118.127500824630260467529296875">
        <ele>55</ele>
        <time>2025-08-06T10:53:02.000Z</time>
        <extensions>
          <ns3:TrackPointExtension>
            <ns3:hr>92</ns3:hr>
            <ns3:cad>53</ns3:cad>
          </ns3:TrackPointExtension>
        </extensions>
      </trkpt>
      <trkpt lat="24.42874792031943798065185546875" lon="118.12750124372541904449462890625">
        <ele>55</ele>
        <time>2025-08-06T10:53:03.000Z</time>
        <extensions>
          <ns3:TrackPointExtension>
            <ns3:hr>93</ns3:hr>
            <ns3:cad>53</ns3:cad>
          </ns3:TrackPointExtension>
        </extensions>
      </trkpt>
      <trkpt lat="24.42874708212912082672119140625" lon="118.12750107608735561370849609375">
        <ele>55</ele>
        <time>2025-08-06T10:53:04.000Z</time>
        <extensions>
          <ns3:TrackPointExtension>
            <ns3:hr>93</ns3:hr>
            <ns3:cad>62</ns3:cad>
          </ns3:TrackPointExtension>
        </extensions>
      </trkpt>
      <trkpt lat="24.42874255590140819549560546875" lon="118.12750317156314849853515625">
        <ele>54.799999237060546875</ele>
        <time>2025-08-06T10:53:05.000Z</time>
        <extensions>
          <ns3:TrackPointExtension>
            <ns3:hr>93</ns3:hr>
            <ns3:cad>62</ns3:cad>
          </ns3:TrackPointExtension>
        </extensions>
      </trkpt>
      <trkpt lat="24.428743310272693634033203125" lon="118.1275011599063873291015625">
        <ele>54.799999237060546875</ele>
        <time>2025-08-06T10:53:06.000Z</time>
        <extensions>
          <ns3:TrackPointExtension>
            <ns3:hr>93</ns3:hr>
            <ns3:cad>0</ns3:cad>
          </ns3:TrackPointExtension>
        </extensions>
      </trkpt>
      <trkpt lat="24.428742639720439910888671875" lon="118.12749889679253101348876953125">
        <ele>54.799999237060546875</ele>
        <time>2025-08-06T10:53:07.000Z</time>
        <extensions>
          <ns3:TrackPointExtension>
            <ns3:hr>92</ns3:hr>
            <ns3:cad>0</ns3:cad>
          </ns3:TrackPointExtension>
        </extensions>
      </trkpt>
      <trkpt lat="24.4287407957017421722412109375" lon="118.12749839387834072113037109375">
        <ele>54.799999237060546875</ele>
        <time>2025-08-06T10:53:08.000Z</time>
        <extensions>
          <ns3:TrackPointExtension>
            <ns3:hr>92</ns3:hr>
            <ns3:cad>0</ns3:cad>
          </ns3:TrackPointExtension>
        </extensions>
      </trkpt>
      <trkpt lat="24.4287402927875518798828125" lon="118.127497471868991851806640625">
        <ele>54.799999237060546875</ele>
        <time>2025-08-06T10:53:09.000Z</time>
        <extensions>
          <ns3:TrackPointExtension>
            <ns3:hr>93</ns3:hr>
            <ns3:cad>0</ns3:cad>
          </ns3:TrackPointExtension>
        </extensions>
      </trkpt>
      <trkpt lat="24.42874071188271045684814453125" lon="118.12749805860221385955810546875">
        <ele>54.799999237060546875</ele>
        <time>2025-08-06T10:53:10.000Z</time>
        <extensions>
          <ns3:TrackPointExtension>
            <ns3:hr>94</ns3:hr>
            <ns3:cad>0</ns3:cad>
          </ns3:TrackPointExtension>
        </extensions>
      </trkpt>
      <trkpt lat="24.42874071188271045684814453125" lon="118.1274986453354358673095703125">
        <ele>54.799999237060546875</ele>
        <time>2025-08-06T10:53:11.000Z</time>
        <extensions>
          <ns3:TrackPointExtension>
            <ns3:hr>94</ns3:hr>
            <ns3:cad>0</ns3:cad>
          </ns3:TrackPointExtension>
        </extensions>
      </trkpt>
      <trkpt lat="24.42874222062528133392333984375" lon="118.12749914824962615966796875">
        <ele>54.799999237060546875</ele>
        <time>2025-08-06T10:53:12.000Z</time>
        <extensions>
          <ns3:TrackPointExtension>
            <ns3:hr>94</ns3:hr>
            <ns3:cad>0</ns3:cad>
          </ns3:TrackPointExtension>
        </extensions>
      </trkpt>
      <trkpt lat="24.42874557338654994964599609375" lon="118.127497136592864990234375">
        <ele>54.59999847412109375</ele>
        <time>2025-08-06T10:53:13.000Z</time>
        <extensions>
          <ns3:TrackPointExtension>
            <ns3:hr>94</ns3:hr>
            <ns3:cad>0</ns3:cad>
          </ns3:TrackPointExtension>
        </extensions>
      </trkpt>
      <trkpt lat="24.428746998310089111328125" lon="118.12749688513576984405517578125">
        <ele>54.59999847412109375</ele>
        <time>2025-08-06T10:53:14.000Z</time>
        <extensions>
          <ns3:TrackPointExtension>
            <ns3:hr>94</ns3:hr>
            <ns3:cad>0</ns3:cad>
          </ns3:TrackPointExtension>
        </extensions>
      </trkpt>
      <trkpt lat="24.42874766886234283447265625" lon="118.1275043450295925140380859375">
        <ele>54.59999847412109375</ele>
        <time>2025-08-06T10:53:15.000Z</time>
        <extensions>
          <ns3:TrackPointExtension>
            <ns3:hr>93</ns3:hr>
            <ns3:cad>0</ns3:cad>
          </ns3:TrackPointExtension>
        </extensions>
      </trkpt>
      <trkpt lat="24.42874657921493053436279296875" lon="118.1275030039250850677490234375">
        <ele>54.40000152587890625</ele>
        <time>2025-08-06T10:53:16.000Z</time>
        <extensions>
          <ns3:TrackPointExtension>
            <ns3:hr>93</ns3:hr>
            <ns3:cad>0</ns3:cad>
          </ns3:TrackPointExtension>
        </extensions>
      </trkpt>
      <trkpt lat="24.4287464953958988189697265625" lon="118.127503506839275360107421875">
        <ele>54.40000152587890625</ele>
        <time>2025-08-06T10:53:17.000Z</time>
        <extensions>
          <ns3:TrackPointExtension>
            <ns3:hr>93</ns3:hr>
            <ns3:cad>0</ns3:cad>
          </ns3:TrackPointExtension>
        </extensions>
      </trkpt>
      <trkpt lat="24.4287464953958988189697265625" lon="118.127503506839275360107421875">
        <ele>54.40000152587890625</ele>
        <time>2025-08-06T10:53:18.000Z</time>
        <extensions>
          <ns3:TrackPointExtension>
            <ns3:hr>93</ns3:hr>
            <ns3:cad>0</ns3:cad>
          </ns3:TrackPointExtension>
        </extensions>
      </trkpt>
      <trkpt lat="24.4287464953958988189697265625" lon="118.127503506839275360107421875">
        <ele>54.200000762939453125</ele>
        <time>2025-08-06T10:53:19.000Z</time>
        <extensions>
          <ns3:TrackPointExtension>
            <ns3:hr>93</ns3:hr>
            <ns3:cad>0</ns3:cad>
          </ns3:TrackPointExtension>
        </extensions>
      </trkpt>
      <trkpt lat="24.4287464953958988189697265625" lon="118.127503506839275360107421875">
        <ele>54.200000762939453125</ele>
        <time>2025-08-06T10:53:20.000Z</time>
        <extensions>
          <ns3:TrackPointExtension>
            <ns3:hr>93</ns3:hr>
            <ns3:cad>0</ns3:cad>
          </ns3:TrackPointExtension>
        </extensions>
      </trkpt>
      <trkpt lat="24.4287464953958988189697265625" lon="118.127503506839275360107421875">
        <ele>54.200000762939453125</ele>
        <time>2025-08-06T10:53:21.000Z</time>
        <extensions>
          <ns3:TrackPointExtension>
            <ns3:hr>93</ns3:hr>
            <ns3:cad>0</ns3:cad>
          </ns3:TrackPointExtension>
        </extensions>
      </trkpt>
      <trkpt lat="24.42874624393880367279052734375" lon="118.1275040097534656524658203125">
        <ele>54.200000762939453125</ele>
        <time>2025-08-06T10:53:22.000Z</time>
        <extensions>
          <ns3:TrackPointExtension>
            <ns3:hr>93</ns3:hr>
            <ns3:cad>45</ns3:cad>
          </ns3:TrackPointExtension>
        </extensions>
      </trkpt>
      <trkpt lat="24.42874255590140819549560546875" lon="118.12751515768468379974365234375">
        <ele>54</ele>
        <time>2025-08-06T10:53:23.000Z</time>
        <extensions>
          <ns3:TrackPointExtension>
            <ns3:hr>92</ns3:hr>
            <ns3:cad>45</ns3:cad>
          </ns3:TrackPointExtension>
        </extensions>
      </trkpt>
      <trkpt lat="24.42873870022594928741455078125" lon="118.1275234557688236236572265625">
        <ele>54</ele>
        <time>2025-08-06T10:53:24.000Z</time>
        <extensions>
          <ns3:TrackPointExtension>
            <ns3:hr>93</ns3:hr>
            <ns3:cad>45</ns3:cad>
          </ns3:TrackPointExtension>
        </extensions>
      </trkpt>
      <trkpt lat="24.42873559892177581787109375" lon="118.127531670033931732177734375">
        <ele>53.799999237060546875</ele>
        <time>2025-08-06T10:53:25.000Z</time>
        <extensions>
          <ns3:TrackPointExtension>
            <ns3:hr>93</ns3:hr>
            <ns3:cad>45</ns3:cad>
          </ns3:TrackPointExtension>
        </extensions>
      </trkpt>
      <trkpt lat="24.4287320785224437713623046875" lon="118.12753804028034210205078125">
        <ele>53.59999847412109375</ele>
        <time>2025-08-06T10:53:26.000Z</time>
        <extensions>
          <ns3:TrackPointExtension>
            <ns3:hr>92</ns3:hr>
            <ns3:cad>45</ns3:cad>
          </ns3:TrackPointExtension>
        </extensions>
      </trkpt>
      <trkpt lat="24.42872847430408000946044921875" lon="118.1275432370603084564208984375">
        <ele>53.200000762939453125</ele>
        <time>2025-08-06T10:53:27.000Z</time>
        <extensions>
          <ns3:TrackPointExtension>
            <ns3:hr>93</ns3:hr>
            <ns3:cad>0</ns3:cad>
          </ns3:TrackPointExtension>
        </extensions>
      </trkpt>
      <trkpt lat="24.42872243933379650115966796875" lon="118.127546422183513641357421875">
        <ele>53</ele>
        <time>2025-08-06T10:53:28.000Z</time>
        <extensions>
          <ns3:TrackPointExtension>
            <ns3:hr>92</ns3:hr>
            <ns3:cad>0</ns3:cad>
          </ns3:TrackPointExtension>
        </extensions>
      </trkpt>
      <trkpt lat="24.42871741019189357757568359375" lon="118.127544410526752471923828125">
        <ele>52.59999847412109375</ele>
        <time>2025-08-06T10:53:29.000Z</time>
        <extensions>
          <ns3:TrackPointExtension>
            <ns3:hr>92</ns3:hr>
            <ns3:cad>0</ns3:cad>
          </ns3:TrackPointExtension>
        </extensions>
      </trkpt>
      <trkpt lat="24.4287119619548320770263671875" lon="118.12754130922257900238037109375">
        <ele>52.40000152587890625</ele>
        <time>2025-08-06T10:53:30.000Z</time>
        <extensions>
          <ns3:TrackPointExtension>
            <ns3:hr>91</ns3:hr>
            <ns3:cad>0</ns3:cad>
          </ns3:TrackPointExtension>
        </extensions>
      </trkpt>
      <trkpt lat="24.42870617844164371490478515625" lon="118.127539046108722686767578125">
        <ele>52.200000762939453125</ele>
        <time>2025-08-06T10:53:31.000Z</time>
        <extensions>
          <ns3:TrackPointExtension>
            <ns3:hr>90</ns3:hr>
            <ns3:cad>55</ns3:cad>
          </ns3:TrackPointExtension>
        </extensions>
      </trkpt>
      <trkpt lat="24.4287029094994068145751953125" lon="118.1275395490229129791259765625">
        <ele>52</ele>
        <time>2025-08-06T10:53:32.000Z</time>
        <extensions>
          <ns3:TrackPointExtension>
            <ns3:hr>90</ns3:hr>
            <ns3:cad>55</ns3:cad>
          </ns3:TrackPointExtension>
        </extensions>
      </trkpt>
      <trkpt lat="24.42869670689105987548828125" lon="118.12753896228969097137451171875">
        <ele>51.59999847412109375</ele>
        <time>2025-08-06T10:53:33.000Z</time>
        <extensions>
          <ns3:TrackPointExtension>
            <ns3:hr>89</ns3:hr>
            <ns3:cad>50</ns3:cad>
          </ns3:TrackPointExtension>
        </extensions>
      </trkpt>
      <trkpt lat="24.4286891631782054901123046875" lon="118.1275398842990398406982421875">
        <ele>51.40000152587890625</ele>
        <time>2025-08-06T10:53:34.000Z</time>
        <extensions>
          <ns3:TrackPointExtension>
            <ns3:hr>89</ns3:hr>
            <ns3:cad>50</ns3:cad>
          </ns3:TrackPointExtension>
        </extensions>
      </trkpt>
      <trkpt lat="24.42868287675082683563232421875" lon="118.1275405548512935638427734375">
        <ele>51.200000762939453125</ele>
        <time>2025-08-06T10:53:35.000Z</time>
        <extensions>
          <ns3:TrackPointExtension>
            <ns3:hr>89</ns3:hr>
            <ns3:cad>51</ns3:cad>
          </ns3:TrackPointExtension>
        </extensions>
      </trkpt>
      <trkpt lat="24.428676925599575042724609375" lon="118.1275427341461181640625">
        <ele>50.799999237060546875</ele>
        <time>2025-08-06T10:53:36.000Z</time>
        <extensions>
          <ns3:TrackPointExtension>
            <ns3:hr>89</ns3:hr>
            <ns3:cad>51</ns3:cad>
          </ns3:TrackPointExtension>
        </extensions>
      </trkpt>
      <trkpt lat="24.42866829223930835723876953125" lon="118.12754432670772075653076171875">
        <ele>50.59999847412109375</ele>
        <time>2025-08-06T10:53:37.000Z</time>
        <extensions>
          <ns3:TrackPointExtension>
            <ns3:hr>88</ns3:hr>
            <ns3:cad>51</ns3:cad>
          </ns3:TrackPointExtension>
        </extensions>
      </trkpt>
      <trkpt lat="24.42866192199289798736572265625" lon="118.12754449434578418731689453125">
        <ele>50.200000762939453125</ele>
        <time>2025-08-06T10:53:38.000Z</time>
        <extensions>
          <ns3:TrackPointExtension>
            <ns3:hr>88</ns3:hr>
            <ns3:cad>52</ns3:cad>
          </ns3:TrackPointExtension>
        </extensions>
      </trkpt>
      <trkpt lat="24.42865521647036075592041015625" lon="118.127545081079006195068359375">
        <ele>50</ele>
        <time>2025-08-06T10:53:39.000Z</time>
        <extensions>
          <ns3:TrackPointExtension>
            <ns3:hr>88</ns3:hr>
            <ns3:cad>52</ns3:cad>
          </ns3:TrackPointExtension>
        </extensions>
      </trkpt>
      <trkpt lat="24.428650438785552978515625" lon="118.12754918821156024932861328125">
        <ele>49.799999237060546875</ele>
        <time>2025-08-06T10:53:40.000Z</time>
        <extensions>
          <ns3:TrackPointExtension>
            <ns3:hr>88</ns3:hr>
            <ns3:cad>54</ns3:cad>
          </ns3:TrackPointExtension>
        </extensions>
      </trkpt>
      <trkpt lat="24.42864599637687206268310546875" lon="118.127552457153797149658203125">
        <ele>49.40000152587890625</ele>
        <time>2025-08-06T10:53:41.000Z</time>
        <extensions>
          <ns3:TrackPointExtension>
            <ns3:hr>88</ns3:hr>
            <ns3:cad>54</ns3:cad>
          </ns3:TrackPointExtension>
        </extensions>
      </trkpt>
      <trkpt lat="24.4286425597965717315673828125" lon="118.12755413353443145751953125">
        <ele>49.200000762939453125</ele>
        <time>2025-08-06T10:53:42.000Z</time>
        <extensions>
          <ns3:TrackPointExtension>
            <ns3:hr>89</ns3:hr>
            <ns3:cad>56</ns3:cad>
          </ns3:TrackPointExtension>
        </extensions>
      </trkpt>
      <trkpt lat="24.42863711155951023101806640625" lon="118.12755824066698551177978515625">
        <ele>49</ele>
        <time>2025-08-06T10:53:43.000Z</time>
        <extensions>
          <ns3:TrackPointExtension>
            <ns3:hr>89</ns3:hr>
            <ns3:cad>56</ns3:cad>
          </ns3:TrackPointExtension>
        </extensions>
      </trkpt>
      <trkpt lat="24.42863258533179759979248046875" lon="118.12756083905696868896484375">
        <ele>48.799999237060546875</ele>
        <time>2025-08-06T10:53:44.000Z</time>
        <extensions>
          <ns3:TrackPointExtension>
            <ns3:hr>89</ns3:hr>
            <ns3:cad>56</ns3:cad>
          </ns3:TrackPointExtension>
        </extensions>
      </trkpt>
      <trkpt lat="24.4286303222179412841796875" lon="118.12756394036114215850830078125">
        <ele>48.40000152587890625</ele>
        <time>2025-08-06T10:53:45.000Z</time>
        <extensions>
          <ns3:TrackPointExtension>
            <ns3:hr>89</ns3:hr>
            <ns3:cad>50</ns3:cad>
          </ns3:TrackPointExtension>
        </extensions>
      </trkpt>
      <trkpt lat="24.4286288134753704071044921875" lon="118.12757047824561595916748046875">
        <ele>48.200000762939453125</ele>
        <time>2025-08-06T10:53:46.000Z</time>
        <extensions>
          <ns3:TrackPointExtension>
            <ns3:hr>89</ns3:hr>
            <ns3:cad>46</ns3:cad>
          </ns3:TrackPointExtension>
        </extensions>
      </trkpt>
      <trkpt lat="24.4286301545798778533935546875" lon="118.127579279243946075439453125">
        <ele>47.799999237060546875</ele>
        <time>2025-08-06T10:53:47.000Z</time>
        <extensions>
          <ns3:TrackPointExtension>
            <ns3:hr>88</ns3:hr>
            <ns3:cad>45</ns3:cad>
          </ns3:TrackPointExtension>
        </extensions>
      </trkpt>
      <trkpt lat="24.42862856201827526092529296875" lon="118.12759193591773509979248046875">
        <ele>47.59999847412109375</ele>
        <time>2025-08-06T10:53:48.000Z</time>
        <extensions>
          <ns3:TrackPointExtension>
            <ns3:hr>89</ns3:hr>
            <ns3:cad>45</ns3:cad>
          </ns3:TrackPointExtension>
        </extensions>
      </trkpt>
      <trkpt lat="24.42862638272345066070556640625" lon="118.12760266475379467010498046875">
        <ele>47.40000152587890625</ele>
        <time>2025-08-06T10:53:49.000Z</time>
        <extensions>
          <ns3:TrackPointExtension>
            <ns3:hr>89</ns3:hr>
            <ns3:cad>50</ns3:cad>
          </ns3:TrackPointExtension>
        </extensions>
      </trkpt>
      <trkpt lat="24.428624622523784637451171875" lon="118.1276126392185688018798828125">
        <ele>47.40000152587890625</ele>
        <time>2025-08-06T10:53:50.000Z</time>
        <extensions>
          <ns3:TrackPointExtension>
            <ns3:hr>89</ns3:hr>
            <ns3:cad>50</ns3:cad>
          </ns3:TrackPointExtension>
        </extensions>
      </trkpt>
      <trkpt lat="24.42862437106668949127197265625" lon="118.127622194588184356689453125">
        <ele>47.200000762939453125</ele>
        <time>2025-08-06T10:53:51.000Z</time>
        <extensions>
          <ns3:TrackPointExtension>
            <ns3:hr>89</ns3:hr>
            <ns3:cad>50</ns3:cad>
          </ns3:TrackPointExtension>
        </extensions>
      </trkpt>
      <trkpt lat="24.42862386815249919891357421875" lon="118.12763133086264133453369140625">
        <ele>47.40000152587890625</ele>
        <time>2025-08-06T10:53:52.000Z</time>
        <extensions>
          <ns3:TrackPointExtension>
            <ns3:hr>89</ns3:hr>
            <ns3:cad>50</ns3:cad>
          </ns3:TrackPointExtension>
        </extensions>
      </trkpt>
      <trkpt lat="24.42862235940992832183837890625" lon="118.12763937748968601226806640625">
        <ele>47.40000152587890625</ele>
        <time>2025-08-06T10:53:53.000Z</time>
        <extensions>
          <ns3:TrackPointExtension>
            <ns3:hr>88</ns3:hr>
            <ns3:cad>50</ns3:cad>
          </ns3:TrackPointExtension>
        </extensions>
      </trkpt>
      <trkpt lat="24.4286150671541690826416015625" lon="118.1276505254209041595458984375">
        <ele>47.59999847412109375</ele>
        <time>2025-08-06T10:53:54.000Z</time>
        <extensions>
          <ns3:TrackPointExtension>
            <ns3:hr>89</ns3:hr>
            <ns3:cad>50</ns3:cad>
          </ns3:TrackPointExtension>
        </extensions>
      </trkpt>
      <trkpt lat="24.42860995419323444366455078125" lon="118.1276552192866802215576171875">
        <ele>47.59999847412109375</ele>
        <time>2025-08-06T10:53:55.000Z</time>
        <extensions>
          <ns3:TrackPointExtension>
            <ns3:hr>89</ns3:hr>
            <ns3:cad>50</ns3:cad>
          </ns3:TrackPointExtension>
        </extensions>
      </trkpt>
      <trkpt lat="24.42860593087971210479736328125" lon="118.12765949405729770660400390625">
        <ele>47.799999237060546875</ele>
        <time>2025-08-06T10:53:56.000Z</time>
        <extensions>
          <ns3:TrackPointExtension>
            <ns3:hr>89</ns3:hr>
            <ns3:cad>57</ns3:cad>
          </ns3:TrackPointExtension>
        </extensions>
      </trkpt>
      <trkpt lat="24.4286008179187774658203125" lon="118.12765982933342456817626953125">
        <ele>47.799999237060546875</ele>
        <time>2025-08-06T10:53:57.000Z</time>
        <extensions>
          <ns3:TrackPointExtension>
            <ns3:hr>89</ns3:hr>
            <ns3:cad>57</ns3:cad>
          </ns3:TrackPointExtension>
        </extensions>
      </trkpt>
      <trkpt lat="24.42859352566301822662353515625" lon="118.12766049988567829132080078125">
        <ele>47.59999847412109375</ele>
        <time>2025-08-06T10:53:58.000Z</time>
        <extensions>
          <ns3:TrackPointExtension>
            <ns3:hr>89</ns3:hr>
            <ns3:cad>57</ns3:cad>
          </ns3:TrackPointExtension>
        </extensions>
      </trkpt>
      <trkpt lat="24.428586401045322418212890625" lon="118.1276622600853443145751953125">
        <ele>47.59999847412109375</ele>
        <time>2025-08-06T10:53:59.000Z</time>
        <extensions>
          <ns3:TrackPointExtension>
            <ns3:hr>89</ns3:hr>
            <ns3:cad>57</ns3:cad>
          </ns3:TrackPointExtension>
        </extensions>
      </trkpt>
      <trkpt lat="24.42858271300792694091796875" lon="118.1276649422943592071533203125">
        <ele>47.40000152587890625</ele>
        <time>2025-08-06T10:54:00.000Z</time>
        <extensions>
          <ns3:TrackPointExtension>
            <ns3:hr>90</ns3:hr>
            <ns3:cad>57</ns3:cad>
          </ns3:TrackPointExtension>
        </extensions>
      </trkpt>
      <trkpt lat="24.42857659421861171722412109375" lon="118.12766904942691326141357421875">
        <ele>47.200000762939453125</ele>
        <time>2025-08-06T10:54:01.000Z</time>
        <extensions>
          <ns3:TrackPointExtension>
            <ns3:hr>90</ns3:hr>
            <ns3:cad>57</ns3:cad>
          </ns3:TrackPointExtension>
        </extensions>
      </trkpt>
      <trkpt lat="24.42857257090508937835693359375" lon="118.12767391093075275421142578125">
        <ele>46.799999237060546875</ele>
        <time>2025-08-06T10:54:02.000Z</time>
        <extensions>
          <ns3:TrackPointExtension>
            <ns3:hr>90</ns3:hr>
            <ns3:cad>57</ns3:cad>
          </ns3:TrackPointExtension>
        </extensions>
      </trkpt>
      <trkpt lat="24.428566284477710723876953125" lon="118.1276808679103851318359375">
        <ele>46.200000762939453125</ele>
        <time>2025-08-06T10:54:03.000Z</time>
        <extensions>
          <ns3:TrackPointExtension>
            <ns3:hr>90</ns3:hr>
            <ns3:cad>57</ns3:cad>
          </ns3:TrackPointExtension>
        </extensions>
      </trkpt>
      <trkpt lat="24.42856284789741039276123046875" lon="118.12768614850938320159912109375">
        <ele>45.59999847412109375</ele>
        <time>2025-08-06T10:54:04.000Z</time>
        <extensions>
          <ns3:TrackPointExtension>
            <ns3:hr>89</ns3:hr>
            <ns3:cad>61</ns3:cad>
          </ns3:TrackPointExtension>
        </extensions>
      </trkpt>
      <trkpt lat="24.42855865694582462310791015625" lon="118.12769302166998386383056640625">
        <ele>45.200000762939453125</ele>
        <time>2025-08-06T10:54:05.000Z</time>
        <extensions>
          <ns3:TrackPointExtension>
            <ns3:hr>89</ns3:hr>
            <ns3:cad>61</ns3:cad>
          </ns3:TrackPointExtension>
        </extensions>
      </trkpt>
      <trkpt lat="24.4285506941378116607666015625" lon="118.1276998110115528106689453125">
        <ele>44.59999847412109375</ele>
        <time>2025-08-06T10:54:06.000Z</time>
        <extensions>
          <ns3:TrackPointExtension>
            <ns3:hr>89</ns3:hr>
            <ns3:cad>61</ns3:cad>
          </ns3:TrackPointExtension>
        </extensions>
      </trkpt>
      <trkpt lat="24.42854373715817928314208984375" lon="118.12770509161055088043212890625">
        <ele>44.40000152587890625</ele>
        <time>2025-08-06T10:54:07.000Z</time>
        <extensions>
          <ns3:TrackPointExtension>
            <ns3:hr>89</ns3:hr>
            <ns3:cad>57</ns3:cad>
          </ns3:TrackPointExtension>
        </extensions>
      </trkpt>
      <trkpt lat="24.42853636108338832855224609375" lon="118.1277098692953586578369140625">
        <ele>44</ele>
        <time>2025-08-06T10:54:08.000Z</time>
        <extensions>
          <ns3:TrackPointExtension>
            <ns3:hr>88</ns3:hr>
            <ns3:cad>57</ns3:cad>
          </ns3:TrackPointExtension>
        </extensions>
      </trkpt>
      <trkpt lat="24.42852948792278766632080078125" lon="118.1277102045714855194091796875">
        <ele>43.799999237060546875</ele>
        <time>2025-08-06T10:54:09.000Z</time>
        <extensions>
          <ns3:TrackPointExtension>
            <ns3:hr>88</ns3:hr>
            <ns3:cad>57</ns3:cad>
          </ns3:TrackPointExtension>
        </extensions>
      </trkpt>
      <trkpt lat="24.428520016372203826904296875" lon="118.12771146185696125030517578125">
        <ele>43.59999847412109375</ele>
        <time>2025-08-06T10:54:10.000Z</time>
        <extensions>
          <ns3:TrackPointExtension>
            <ns3:hr>87</ns3:hr>
            <ns3:cad>57</ns3:cad>
          </ns3:TrackPointExtension>
        </extensions>
      </trkpt>
      <trkpt lat="24.4285096228122711181640625" lon="118.12771012075245380401611328125">
        <ele>43.40000152587890625</ele>
        <time>2025-08-06T10:54:11.000Z</time>
        <extensions>
          <ns3:TrackPointExtension>
            <ns3:hr>86</ns3:hr>
            <ns3:cad>57</ns3:cad>
          </ns3:TrackPointExtension>
        </extensions>
      </trkpt>
      <trkpt lat="24.4284990616142749786376953125" lon="118.1277118809521198272705078125">
        <ele>43.200000762939453125</ele>
        <time>2025-08-06T10:54:12.000Z</time>
        <extensions>
          <ns3:TrackPointExtension>
            <ns3:hr>86</ns3:hr>
            <ns3:cad>57</ns3:cad>
          </ns3:TrackPointExtension>
        </extensions>
      </trkpt>
      <trkpt lat="24.42848992533981800079345703125" lon="118.12771347351372241973876953125">
        <ele>42.799999237060546875</ele>
        <time>2025-08-06T10:54:13.000Z</time>
        <extensions>
          <ns3:TrackPointExtension>
            <ns3:hr>85</ns3:hr>
            <ns3:cad>57</ns3:cad>
          </ns3:TrackPointExtension>
        </extensions>
      </trkpt>
      <trkpt lat="24.42848078906536102294921875" lon="118.12771506607532501220703125">
        <ele>42.59999847412109375</ele>
        <time>2025-08-06T10:54:14.000Z</time>
        <extensions>
          <ns3:TrackPointExtension>
            <ns3:hr>85</ns3:hr>
            <ns3:cad>57</ns3:cad>
          </ns3:TrackPointExtension>
        </extensions>
      </trkpt>
      <trkpt lat="24.42847534082829952239990234375" lon="118.12771632336080074310302734375">
        <ele>42.200000762939453125</ele>
        <time>2025-08-06T10:54:15.000Z</time>
        <extensions>
          <ns3:TrackPointExtension>
            <ns3:hr>85</ns3:hr>
            <ns3:cad>57</ns3:cad>
          </ns3:TrackPointExtension>
        </extensions>
      </trkpt>
      <trkpt lat="24.4284682162106037139892578125" lon="118.12772084958851337432861328125">
        <ele>42</ele>
        <time>2025-08-06T10:54:16.000Z</time>
        <extensions>
          <ns3:TrackPointExtension>
            <ns3:hr>86</ns3:hr>
            <ns3:cad>57</ns3:cad>
          </ns3:TrackPointExtension>
        </extensions>
      </trkpt>
      <trkpt lat="24.42846293561160564422607421875" lon="118.1277239508926868438720703125">
        <ele>41.799999237060546875</ele>
        <time>2025-08-06T10:54:17.000Z</time>
        <extensions>
          <ns3:TrackPointExtension>
            <ns3:hr>85</ns3:hr>
            <ns3:cad>54</ns3:cad>
          </ns3:TrackPointExtension>
        </extensions>
      </trkpt>
      <trkpt lat="24.42845706827938556671142578125" lon="118.1277266331017017364501953125">
        <ele>41.40000152587890625</ele>
        <time>2025-08-06T10:54:18.000Z</time>
        <extensions>
          <ns3:TrackPointExtension>
            <ns3:hr>85</ns3:hr>
            <ns3:cad>54</ns3:cad>
          </ns3:TrackPointExtension>
        </extensions>
      </trkpt>
      <trkpt lat="24.4284548051655292510986328125" lon="118.127730153501033782958984375">
        <ele>41.200000762939453125</ele>
        <time>2025-08-06T10:54:19.000Z</time>
        <extensions>
          <ns3:TrackPointExtension>
            <ns3:hr>86</ns3:hr>
            <ns3:cad>54</ns3:cad>
          </ns3:TrackPointExtension>
        </extensions>
      </trkpt>
      <trkpt lat="24.4284470938146114349365234375" lon="118.1277340091764926910400390625">
        <ele>41</ele>
        <time>2025-08-06T10:54:20.000Z</time>
        <extensions>
          <ns3:TrackPointExtension>
            <ns3:hr>86</ns3:hr>
            <ns3:cad>54</ns3:cad>
          </ns3:TrackPointExtension>
        </extensions>
      </trkpt>
      <trkpt lat="24.4284407235682010650634765625" lon="118.1277400441467761993408203125">
        <ele>40.799999237060546875</ele>
        <time>2025-08-06T10:54:21.000Z</time>
        <extensions>
          <ns3:TrackPointExtension>
            <ns3:hr>86</ns3:hr>
            <ns3:cad>57</ns3:cad>
          </ns3:TrackPointExtension>
        </extensions>
      </trkpt>
      <trkpt lat="24.42843913100659847259521484375" lon="118.12774364836513996124267578125">
        <ele>40.59999847412109375</ele>
        <time>2025-08-06T10:54:22.000Z</time>
        <extensions>
          <ns3:TrackPointExtension>
            <ns3:hr>86</ns3:hr>
            <ns3:cad>57</ns3:cad>
          </ns3:TrackPointExtension>
        </extensions>
      </trkpt>
      <trkpt lat="24.4284372031688690185546875" lon="118.12774465419352054595947265625">
        <ele>40.59999847412109375</ele>
        <time>2025-08-06T10:54:23.000Z</time>
        <extensions>
          <ns3:TrackPointExtension>
            <ns3:hr>86</ns3:hr>
            <ns3:cad>57</ns3:cad>
          </ns3:TrackPointExtension>
        </extensions>
      </trkpt>
      <trkpt lat="24.42843544296920299530029296875" lon="118.12774649821221828460693359375">
        <ele>40.40000152587890625</ele>
        <time>2025-08-06T10:54:24.000Z</time>
        <extensions>
          <ns3:TrackPointExtension>
            <ns3:hr>86</ns3:hr>
            <ns3:cad>0</ns3:cad>
          </ns3:TrackPointExtension>
        </extensions>
      </trkpt>
      <trkpt lat="24.4284346885979175567626953125" lon="118.12774800695478916168212890625">
        <ele>40.40000152587890625</ele>
        <time>2025-08-06T10:54:25.000Z</time>
        <extensions>
          <ns3:TrackPointExtension>
            <ns3:hr>87</ns3:hr>
            <ns3:cad>0</ns3:cad>
          </ns3:TrackPointExtension>
        </extensions>
      </trkpt>
      <trkpt lat="24.4284372031688690185546875" lon="118.1277494318783283233642578125">
        <ele>40.40000152587890625</ele>
        <time>2025-08-06T10:54:26.000Z</time>
        <extensions>
          <ns3:TrackPointExtension>
            <ns3:hr>87</ns3:hr>
            <ns3:cad>0</ns3:cad>
          </ns3:TrackPointExtension>
        </extensions>
      </trkpt>
      <trkpt lat="24.4284413941204547882080078125" lon="118.12774918042123317718505859375">
        <ele>40.200000762939453125</ele>
        <time>2025-08-06T10:54:27.000Z</time>
        <extensions>
          <ns3:TrackPointExtension>
            <ns3:hr>87</ns3:hr>
            <ns3:cad>0</ns3:cad>
          </ns3:TrackPointExtension>
        </extensions>
      </trkpt>
      <trkpt lat="24.42844348959624767303466796875" lon="118.1277511082589626312255859375">
        <ele>40.200000762939453125</ele>
        <time>2025-08-06T10:54:28.000Z</time>
        <extensions>
          <ns3:TrackPointExtension>
            <ns3:hr>87</ns3:hr>
            <ns3:cad>0</ns3:cad>
          </ns3:TrackPointExtension>
        </extensions>
      </trkpt>
      <trkpt lat="24.428444914519786834716796875" lon="118.12775169499218463897705078125">
        <ele>40.200000762939453125</ele>
        <time>2025-08-06T10:54:29.000Z</time>
        <extensions>
          <ns3:TrackPointExtension>
            <ns3:hr>88</ns3:hr>
            <ns3:cad>0</ns3:cad>
          </ns3:TrackPointExtension>
        </extensions>
      </trkpt>
      <trkpt lat="24.42844550125300884246826171875" lon="118.1277532875537872314453125">
        <ele>40.200000762939453125</ele>
        <time>2025-08-06T10:54:30.000Z</time>
        <extensions>
          <ns3:TrackPointExtension>
            <ns3:hr>88</ns3:hr>
            <ns3:cad>0</ns3:cad>
          </ns3:TrackPointExtension>
        </extensions>
      </trkpt>
      <trkpt lat="24.42844483070075511932373046875" lon="118.1277561374008655548095703125">
        <ele>40.200000762939453125</ele>
        <time>2025-08-06T10:54:31.000Z</time>
        <extensions>
          <ns3:TrackPointExtension>
            <ns3:hr>86</ns3:hr>
            <ns3:cad>0</ns3:cad>
          </ns3:TrackPointExtension>
        </extensions>
      </trkpt>
      <trkpt lat="24.4284427352249622344970703125" lon="118.12775990925729274749755859375">
        <ele>40.200000762939453125</ele>
        <time>2025-08-06T10:54:32.000Z</time>
        <extensions>
          <ns3:TrackPointExtension>
            <ns3:hr>86</ns3:hr>
            <ns3:cad>0</ns3:cad>
          </ns3:TrackPointExtension>
        </extensions>
      </trkpt>
      <trkpt lat="24.4284427352249622344970703125" lon="118.12776041217148303985595703125">
        <ele>40</ele>
        <time>2025-08-06T10:54:33.000Z</time>
        <extensions>
          <ns3:TrackPointExtension>
            <ns3:hr>85</ns3:hr>
            <ns3:cad>0</ns3:cad>
          </ns3:TrackPointExtension>
        </extensions>
      </trkpt>
      <trkpt lat="24.4284427352249622344970703125" lon="118.12776041217148303985595703125">
        <ele>40</ele>
        <time>2025-08-06T10:54:34.000Z</time>
        <extensions>
          <ns3:TrackPointExtension>
            <ns3:hr>84</ns3:hr>
            <ns3:cad>0</ns3:cad>
          </ns3:TrackPointExtension>
        </extensions>
      </trkpt>
      <trkpt lat="24.4284427352249622344970703125" lon="118.12776041217148303985595703125">
        <ele>40</ele>
        <time>2025-08-06T10:54:35.000Z</time>
        <extensions>
          <ns3:TrackPointExtension>
            <ns3:hr>83</ns3:hr>
            <ns3:cad>0</ns3:cad>
          </ns3:TrackPointExtension>
        </extensions>
      </trkpt>
      <trkpt lat="24.42844298668205738067626953125" lon="118.12776108272373676300048828125">
        <ele>40</ele>
        <time>2025-08-06T10:54:36.000Z</time>
        <extensions>
          <ns3:TrackPointExtension>
            <ns3:hr>82</ns3:hr>
            <ns3:cad>0</ns3:cad>
          </ns3:TrackPointExtension>
        </extensions>
      </trkpt>
      <trkpt lat="24.42843921482563018798828125" lon="118.12777197919785976409912109375">
        <ele>39.799999237060546875</ele>
        <time>2025-08-06T10:54:37.000Z</time>
        <extensions>
          <ns3:TrackPointExtension>
            <ns3:hr>83</ns3:hr>
            <ns3:cad>0</ns3:cad>
          </ns3:TrackPointExtension>
        </extensions>
      </trkpt>
      <trkpt lat="24.4284353591501712799072265625" lon="118.12778589315712451934814453125">
        <ele>39.59999847412109375</ele>
        <time>2025-08-06T10:54:38.000Z</time>
        <extensions>
          <ns3:TrackPointExtension>
            <ns3:hr>83</ns3:hr>
            <ns3:cad>0</ns3:cad>
          </ns3:TrackPointExtension>
        </extensions>
      </trkpt>
      <trkpt lat="24.4284296594560146331787109375" lon="118.1277946941554546356201171875">
        <ele>39.40000152587890625</ele>
        <time>2025-08-06T10:54:39.000Z</time>
        <extensions>
          <ns3:TrackPointExtension>
            <ns3:hr>83</ns3:hr>
            <ns3:cad>0</ns3:cad>
          </ns3:TrackPointExtension>
        </extensions>
      </trkpt>
      <trkpt lat="24.4284216128289699554443359375" lon="118.12779796309769153594970703125">
        <ele>39.200000762939453125</ele>
        <time>2025-08-06T10:54:40.000Z</time>
        <extensions>
          <ns3:TrackPointExtension>
            <ns3:hr>84</ns3:hr>
            <ns3:cad>53</ns3:cad>
          </ns3:TrackPointExtension>
        </extensions>
      </trkpt>
      <trkpt lat="24.42841373383998870849609375" lon="118.12780517153441905975341796875">
        <ele>39</ele>
        <time>2025-08-06T10:54:41.000Z</time>
        <extensions>
          <ns3:TrackPointExtension>
            <ns3:hr>84</ns3:hr>
            <ns3:cad>57</ns3:cad>
          </ns3:TrackPointExtension>
        </extensions>
      </trkpt>
      <trkpt lat="24.42840677686035633087158203125" lon="118.12781162559986114501953125">
        <ele>38.799999237060546875</ele>
        <time>2025-08-06T10:54:42.000Z</time>
        <extensions>
          <ns3:TrackPointExtension>
            <ns3:hr>84</ns3:hr>
            <ns3:cad>59</ns3:cad>
          </ns3:TrackPointExtension>
        </extensions>
      </trkpt>
      <trkpt lat="24.42840007133781909942626953125" lon="118.1278168223798274993896484375">
        <ele>38.59999847412109375</ele>
        <time>2025-08-06T10:54:43.000Z</time>
        <extensions>
          <ns3:TrackPointExtension>
            <ns3:hr>84</ns3:hr>
            <ns3:cad>59</ns3:cad>
          </ns3:TrackPointExtension>
        </extensions>
      </trkpt>
      <trkpt lat="24.4283907674252986907958984375" lon="118.1278230249881744384765625">
        <ele>38.40000152587890625</ele>
        <time>2025-08-06T10:54:44.000Z</time>
        <extensions>
          <ns3:TrackPointExtension>
            <ns3:hr>84</ns3:hr>
            <ns3:cad>59</ns3:cad>
          </ns3:TrackPointExtension>
        </extensions>
      </trkpt>
      <trkpt lat="24.42838263697922229766845703125" lon="118.12782864086329936981201171875">
        <ele>38.200000762939453125</ele>
        <time>2025-08-06T10:54:45.000Z</time>
        <extensions>
          <ns3:TrackPointExtension>
            <ns3:hr>83</ns3:hr>
            <ns3:cad>57</ns3:cad>
          </ns3:TrackPointExtension>
        </extensions>
      </trkpt>
      <trkpt lat="24.42837643437087535858154296875" lon="118.127832077443599700927734375">
        <ele>38.200000762939453125</ele>
        <time>2025-08-06T10:54:46.000Z</time>
        <extensions>
          <ns3:TrackPointExtension>
            <ns3:hr>83</ns3:hr>
            <ns3:cad>51</ns3:cad>
          </ns3:TrackPointExtension>
        </extensions>
      </trkpt>
      <trkpt lat="24.4283699803054332733154296875" lon="118.127832747995853424072265625">
        <ele>38.200000762939453125</ele>
        <time>2025-08-06T10:54:47.000Z</time>
        <extensions>
          <ns3:TrackPointExtension>
            <ns3:hr>83</ns3:hr>
            <ns3:cad>51</ns3:cad>
          </ns3:TrackPointExtension>
        </extensions>
      </trkpt>
      <trkpt lat="24.42836302332580089569091796875" lon="118.12783048488199710845947265625">
        <ele>38</ele>
        <time>2025-08-06T10:54:48.000Z</time>
        <extensions>
          <ns3:TrackPointExtension>
            <ns3:hr>84</ns3:hr>
            <ns3:cad>51</ns3:cad>
          </ns3:TrackPointExtension>
        </extensions>
      </trkpt>
      <trkpt lat="24.42835732363164424896240234375" lon="118.12782528810203075408935546875">
        <ele>38</ele>
        <time>2025-08-06T10:54:49.000Z</time>
        <extensions>
          <ns3:TrackPointExtension>
            <ns3:hr>85</ns3:hr>
            <ns3:cad>52</ns3:cad>
          </ns3:TrackPointExtension>
        </extensions>
      </trkpt>
      <trkpt lat="24.4283512048423290252685546875" lon="118.12781757675111293792724609375">
        <ele>37.799999237060546875</ele>
        <time>2025-08-06T10:54:50.000Z</time>
        <extensions>
          <ns3:TrackPointExtension>
            <ns3:hr>86</ns3:hr>
            <ns3:cad>52</ns3:cad>
          </ns3:TrackPointExtension>
        </extensions>
      </trkpt>
      <trkpt lat="24.42834525369107723236083984375" lon="118.12780818901956081390380859375">
        <ele>37.59999847412109375</ele>
        <time>2025-08-06T10:54:51.000Z</time>
        <extensions>
          <ns3:TrackPointExtension>
            <ns3:hr>87</ns3:hr>
            <ns3:cad>0</ns3:cad>
          </ns3:TrackPointExtension>
        </extensions>
      </trkpt>
      <trkpt lat="24.42833687178790569305419921875" lon="118.1277960352599620819091796875">
        <ele>37.200000762939453125</ele>
        <time>2025-08-06T10:54:52.000Z</time>
        <extensions>
          <ns3:TrackPointExtension>
            <ns3:hr>88</ns3:hr>
            <ns3:cad>0</ns3:cad>
          </ns3:TrackPointExtension>
        </extensions>
      </trkpt>
      <trkpt lat="24.428331591188907623291015625" lon="118.12778555788099765777587890625">
        <ele>37</ele>
        <time>2025-08-06T10:54:53.000Z</time>
        <extensions>
          <ns3:TrackPointExtension>
            <ns3:hr>90</ns3:hr>
            <ns3:cad>58</ns3:cad>
          </ns3:TrackPointExtension>
        </extensions>
      </trkpt>
      <trkpt lat="24.42832547239959239959716796875" lon="118.127774409949779510498046875">
        <ele>36.799999237060546875</ele>
        <time>2025-08-06T10:54:54.000Z</time>
        <extensions>
          <ns3:TrackPointExtension>
            <ns3:hr>92</ns3:hr>
            <ns3:cad>58</ns3:cad>
          </ns3:TrackPointExtension>
        </extensions>
      </trkpt>
      <trkpt lat="24.4283200241625308990478515625" lon="118.1277666985988616943359375">
        <ele>36.59999847412109375</ele>
        <time>2025-08-06T10:54:55.000Z</time>
        <extensions>
          <ns3:TrackPointExtension>
            <ns3:hr>93</ns3:hr>
            <ns3:cad>58</ns3:cad>
          </ns3:TrackPointExtension>
        </extensions>
      </trkpt>
      <trkpt lat="24.42831516265869140625" lon="118.12775772996246814727783203125">
        <ele>36.59999847412109375</ele>
        <time>2025-08-06T10:54:56.000Z</time>
        <extensions>
          <ns3:TrackPointExtension>
            <ns3:hr>93</ns3:hr>
            <ns3:cad>58</ns3:cad>
          </ns3:TrackPointExtension>
        </extensions>
      </trkpt>
      <trkpt lat="24.4283096306025981903076171875" lon="118.12774951569736003875732421875">
        <ele>36.40000152587890625</ele>
        <time>2025-08-06T10:54:57.000Z</time>
        <extensions>
          <ns3:TrackPointExtension>
            <ns3:hr>93</ns3:hr>
            <ns3:cad>58</ns3:cad>
          </ns3:TrackPointExtension>
        </extensions>
      </trkpt>
      <trkpt lat="24.4283039309084415435791015625" lon="118.127742223441600799560546875">
        <ele>36.200000762939453125</ele>
        <time>2025-08-06T10:54:58.000Z</time>
        <extensions>
          <ns3:TrackPointExtension>
            <ns3:hr>92</ns3:hr>
            <ns3:cad>58</ns3:cad>
          </ns3:TrackPointExtension>
        </extensions>
      </trkpt>
      <trkpt lat="24.42829764448106288909912109375" lon="118.127734176814556121826171875">
        <ele>36</ele>
        <time>2025-08-06T10:54:59.000Z</time>
        <extensions>
          <ns3:TrackPointExtension>
            <ns3:hr>93</ns3:hr>
            <ns3:cad>58</ns3:cad>
          </ns3:TrackPointExtension>
        </extensions>
      </trkpt>
      <trkpt lat="24.42829261533915996551513671875" lon="118.127727471292018890380859375">
        <ele>35.59999847412109375</ele>
        <time>2025-08-06T10:55:00.000Z</time>
        <extensions>
          <ns3:TrackPointExtension>
            <ns3:hr>93</ns3:hr>
            <ns3:cad>57</ns3:cad>
          </ns3:TrackPointExtension>
        </extensions>
      </trkpt>
      <trkpt lat="24.42828498780727386474609375" lon="118.12772671692073345184326171875">
        <ele>35.40000152587890625</ele>
        <time>2025-08-06T10:55:01.000Z</time>
        <extensions>
          <ns3:TrackPointExtension>
            <ns3:hr>93</ns3:hr>
            <ns3:cad>57</ns3:cad>
          </ns3:TrackPointExtension>
        </extensions>
      </trkpt>
      <trkpt lat="24.42827970720827579498291015625" lon="118.12772235833108425140380859375">
        <ele>35.200000762939453125</ele>
        <time>2025-08-06T10:55:02.000Z</time>
        <extensions>
          <ns3:TrackPointExtension>
            <ns3:hr>92</ns3:hr>
            <ns3:cad>57</ns3:cad>
          </ns3:TrackPointExtension>
        </extensions>
      </trkpt>
      <trkpt lat="24.42827157676219940185546875" lon="118.12771598808467388153076171875">
        <ele>35</ele>
        <time>2025-08-06T10:55:03.000Z</time>
        <extensions>
          <ns3:TrackPointExtension>
            <ns3:hr>93</ns3:hr>
            <ns3:cad>56</ns3:cad>
          </ns3:TrackPointExtension>
        </extensions>
      </trkpt>
      <trkpt lat="24.4282640330493450164794921875" lon="118.12771104276180267333984375">
        <ele>34.59999847412109375</ele>
        <time>2025-08-06T10:55:04.000Z</time>
        <extensions>
          <ns3:TrackPointExtension>
            <ns3:hr>93</ns3:hr>
            <ns3:cad>55</ns3:cad>
          </ns3:TrackPointExtension>
        </extensions>
      </trkpt>
      <trkpt lat="24.4282563216984272003173828125" lon="118.12771104276180267333984375">
        <ele>34.200000762939453125</ele>
        <time>2025-08-06T10:55:05.000Z</time>
        <extensions>
          <ns3:TrackPointExtension>
            <ns3:hr>93</ns3:hr>
            <ns3:cad>55</ns3:cad>
          </ns3:TrackPointExtension>
        </extensions>
      </trkpt>
      <trkpt lat="24.42824919708073139190673828125" lon="118.12771364115178585052490234375">
        <ele>33.799999237060546875</ele>
        <time>2025-08-06T10:55:06.000Z</time>
        <extensions>
          <ns3:TrackPointExtension>
            <ns3:hr>93</ns3:hr>
            <ns3:cad>55</ns3:cad>
          </ns3:TrackPointExtension>
        </extensions>
      </trkpt>
      <trkpt lat="24.42824634723365306854248046875" lon="118.127716742455959320068359375">
        <ele>33.40000152587890625</ele>
        <time>2025-08-06T10:55:07.000Z</time>
        <extensions>
          <ns3:TrackPointExtension>
            <ns3:hr>93</ns3:hr>
            <ns3:cad>55</ns3:cad>
          </ns3:TrackPointExtension>
        </extensions>
      </trkpt>
      <trkpt lat="24.428242743015289306640625" lon="118.127722777426242828369140625">
        <ele>33.200000762939453125</ele>
        <time>2025-08-06T10:55:08.000Z</time>
        <extensions>
          <ns3:TrackPointExtension>
            <ns3:hr>92</ns3:hr>
            <ns3:cad>56</ns3:cad>
          </ns3:TrackPointExtension>
        </extensions>
      </trkpt>
      <trkpt lat="24.42823779769241809844970703125" lon="118.1277293153107166290283203125">
        <ele>33</ele>
        <time>2025-08-06T10:55:09.000Z</time>
        <extensions>
          <ns3:TrackPointExtension>
            <ns3:hr>93</ns3:hr>
            <ns3:cad>56</ns3:cad>
          </ns3:TrackPointExtension>
        </extensions>
      </trkpt>
      <trkpt lat="24.42823360674083232879638671875" lon="118.12773711048066616058349609375">
        <ele>32.799999237060546875</ele>
        <time>2025-08-06T10:55:10.000Z</time>
        <extensions>
          <ns3:TrackPointExtension>
            <ns3:hr>93</ns3:hr>
            <ns3:cad>56</ns3:cad>
          </ns3:TrackPointExtension>
        </extensions>
      </trkpt>
      <trkpt lat="24.42823109216988086700439453125" lon="118.1277454085648059844970703125">
        <ele>32.40000152587890625</ele>
        <time>2025-08-06T10:55:11.000Z</time>
        <extensions>
          <ns3:TrackPointExtension>
            <ns3:hr>93</ns3:hr>
            <ns3:cad>56</ns3:cad>
          </ns3:TrackPointExtension>
        </extensions>
      </trkpt>
      <trkpt lat="24.42822556011378765106201171875" lon="118.12775404192507266998291015625">
        <ele>32.200000762939453125</ele>
        <time>2025-08-06T10:55:12.000Z</time>
        <extensions>
          <ns3:TrackPointExtension>
            <ns3:hr>92</ns3:hr>
            <ns3:cad>57</ns3:cad>
          </ns3:TrackPointExtension>
        </extensions>
      </trkpt>
      <trkpt lat="24.4282194413244724273681640625" lon="118.127762340009212493896484375">
        <ele>31.799999237060546875</ele>
        <time>2025-08-06T10:55:13.000Z</time>
        <extensions>
          <ns3:TrackPointExtension>
            <ns3:hr>92</ns3:hr>
            <ns3:cad>57</ns3:cad>
          </ns3:TrackPointExtension>
        </extensions>
      </trkpt>
      <trkpt lat="24.428213573992252349853515625" lon="118.1277693808078765869140625">
        <ele>31.6000003814697265625</ele>
        <time>2025-08-06T10:55:14.000Z</time>
        <extensions>
          <ns3:TrackPointExtension>
            <ns3:hr>92</ns3:hr>
            <ns3:cad>55</ns3:cad>
          </ns3:TrackPointExtension>
        </extensions>
      </trkpt>
      <trkpt lat="24.42820318043231964111328125" lon="118.12777784653007984161376953125">
        <ele>31.200000762939453125</ele>
        <time>2025-08-06T10:55:15.000Z</time>
        <extensions>
          <ns3:TrackPointExtension>
            <ns3:hr>92</ns3:hr>
            <ns3:cad>53</ns3:cad>
          </ns3:TrackPointExtension>
        </extensions>
      </trkpt>
      <trkpt lat="24.42819404415786266326904296875" lon="118.12778354622423648834228515625">
        <ele>31</ele>
        <time>2025-08-06T10:55:16.000Z</time>
        <extensions>
          <ns3:TrackPointExtension>
            <ns3:hr>91</ns3:hr>
            <ns3:cad>53</ns3:cad>
          </ns3:TrackPointExtension>
        </extensions>
      </trkpt>
      <trkpt lat="24.4281823933124542236328125" lon="118.12778673134744167327880859375">
        <ele>30.799999237060546875</ele>
        <time>2025-08-06T10:55:17.000Z</time>
        <extensions>
          <ns3:TrackPointExtension>
            <ns3:hr>90</ns3:hr>
            <ns3:cad>53</ns3:cad>
          </ns3:TrackPointExtension>
        </extensions>
      </trkpt>
      <trkpt lat="24.4281714968383312225341796875" lon="118.12778354622423648834228515625">
        <ele>30.799999237060546875</ele>
        <time>2025-08-06T10:55:18.000Z</time>
        <extensions>
          <ns3:TrackPointExtension>
            <ns3:hr>89</ns3:hr>
            <ns3:cad>54</ns3:cad>
          </ns3:TrackPointExtension>
        </extensions>
      </trkpt>
      <trkpt lat="24.4281636178493499755859375" lon="118.12777851708233356475830078125">
        <ele>30.6000003814697265625</ele>
        <time>2025-08-06T10:55:19.000Z</time>
        <extensions>
          <ns3:TrackPointExtension>
            <ns3:hr>88</ns3:hr>
            <ns3:cad>54</ns3:cad>
          </ns3:TrackPointExtension>
        </extensions>
      </trkpt>
      <trkpt lat="24.4281577505171298980712890625" lon="118.12777005136013031005859375">
        <ele>30.6000003814697265625</ele>
        <time>2025-08-06T10:55:20.000Z</time>
        <extensions>
          <ns3:TrackPointExtension>
            <ns3:hr>88</ns3:hr>
            <ns3:cad>54</ns3:cad>
          </ns3:TrackPointExtension>
        </extensions>
      </trkpt>
      <trkpt lat="24.4281500391662120819091796875" lon="118.12776158563792705535888671875">
        <ele>30.3999996185302734375</ele>
        <time>2025-08-06T10:55:21.000Z</time>
        <extensions>
          <ns3:TrackPointExtension>
            <ns3:hr>88</ns3:hr>
            <ns3:cad>54</ns3:cad>
          </ns3:TrackPointExtension>
        </extensions>
      </trkpt>
      <trkpt lat="24.42814425565302371978759765625" lon="118.12774566002190113067626953125">
        <ele>30.3999996185302734375</ele>
        <time>2025-08-06T10:55:22.000Z</time>
        <extensions>
          <ns3:TrackPointExtension>
            <ns3:hr>88</ns3:hr>
            <ns3:cad>59</ns3:cad>
          </ns3:TrackPointExtension>
        </extensions>
      </trkpt>
      <trkpt lat="24.42814341746270656585693359375" lon="118.12773384153842926025390625">
        <ele>30.200000762939453125</ele>
        <time>2025-08-06T10:55:23.000Z</time>
        <extensions>
          <ns3:TrackPointExtension>
            <ns3:hr>88</ns3:hr>
            <ns3:cad>59</ns3:cad>
          </ns3:TrackPointExtension>
        </extensions>
      </trkpt>
      <trkpt lat="24.42814123816788196563720703125" lon="118.127724118530750274658203125">
        <ele>30</ele>
        <time>2025-08-06T10:55:24.000Z</time>
        <extensions>
          <ns3:TrackPointExtension>
            <ns3:hr>87</ns3:hr>
            <ns3:cad>59</ns3:cad>
          </ns3:TrackPointExtension>
        </extensions>
      </trkpt>
      <trkpt lat="24.4281409867107868194580078125" lon="118.127714730799198150634765625">
        <ele>29.799999237060546875</ele>
        <time>2025-08-06T10:55:25.000Z</time>
        <extensions>
          <ns3:TrackPointExtension>
            <ns3:hr>87</ns3:hr>
            <ns3:cad>59</ns3:cad>
          </ns3:TrackPointExtension>
        </extensions>
      </trkpt>
      <trkpt lat="24.428140483796596527099609375" lon="118.127704001963138580322265625">
        <ele>29.3999996185302734375</ele>
        <time>2025-08-06T10:55:26.000Z</time>
        <extensions>
          <ns3:TrackPointExtension>
            <ns3:hr>87</ns3:hr>
            <ns3:cad>59</ns3:cad>
          </ns3:TrackPointExtension>
        </extensions>
      </trkpt>
      <trkpt lat="24.428136460483074188232421875" lon="118.1276931054890155792236328125">
        <ele>29.200000762939453125</ele>
        <time>2025-08-06T10:55:27.000Z</time>
        <extensions>
          <ns3:TrackPointExtension>
            <ns3:hr>88</ns3:hr>
            <ns3:cad>60</ns3:cad>
          </ns3:TrackPointExtension>
        </extensions>
      </trkpt>
      <trkpt lat="24.4281312637031078338623046875" lon="118.1276820413768291473388671875">
        <ele>28.799999237060546875</ele>
        <time>2025-08-06T10:55:28.000Z</time>
        <extensions>
          <ns3:TrackPointExtension>
            <ns3:hr>87</ns3:hr>
            <ns3:cad>62</ns3:cad>
          </ns3:TrackPointExtension>
        </extensions>
      </trkpt>
      <trkpt lat="24.42812548018991947174072265625" lon="118.12767743133008480072021484375">
        <ele>28.799999237060546875</ele>
        <time>2025-08-06T10:55:29.000Z</time>
        <extensions>
          <ns3:TrackPointExtension>
            <ns3:hr>87</ns3:hr>
            <ns3:cad>62</ns3:cad>
          </ns3:TrackPointExtension>
        </extensions>
      </trkpt>
      <trkpt lat="24.4281158410012722015380859375" lon="118.12767055816948413848876953125">
        <ele>28.6000003814697265625</ele>
        <time>2025-08-06T10:55:30.000Z</time>
        <extensions>
          <ns3:TrackPointExtension>
            <ns3:hr>88</ns3:hr>
            <ns3:cad>60</ns3:cad>
          </ns3:TrackPointExtension>
        </extensions>
      </trkpt>
      <trkpt lat="24.4281081296503543853759765625" lon="118.12766552902758121490478515625">
        <ele>28.6000003814697265625</ele>
        <time>2025-08-06T10:55:31.000Z</time>
        <extensions>
          <ns3:TrackPointExtension>
            <ns3:hr>87</ns3:hr>
            <ns3:cad>59</ns3:cad>
          </ns3:TrackPointExtension>
        </extensions>
      </trkpt>
      <trkpt lat="24.42810150794684886932373046875" lon="118.127659074962139129638671875">
        <ele>28.3999996185302734375</ele>
        <time>2025-08-06T10:55:32.000Z</time>
        <extensions>
          <ns3:TrackPointExtension>
            <ns3:hr>87</ns3:hr>
            <ns3:cad>59</ns3:cad>
          </ns3:TrackPointExtension>
        </extensions>
      </trkpt>
      <trkpt lat="24.42809320986270904541015625" lon="118.1276518665254116058349609375">
        <ele>28</ele>
        <time>2025-08-06T10:55:33.000Z</time>
        <extensions>
          <ns3:TrackPointExtension>
            <ns3:hr>88</ns3:hr>
            <ns3:cad>57</ns3:cad>
          </ns3:TrackPointExtension>
        </extensions>
      </trkpt>
      <trkpt lat="24.428086169064044952392578125" lon="118.1276434846222400665283203125">
        <ele>27.6000003814697265625</ele>
        <time>2025-08-06T10:55:34.000Z</time>
        <extensions>
          <ns3:TrackPointExtension>
            <ns3:hr>88</ns3:hr>
            <ns3:cad>57</ns3:cad>
          </ns3:TrackPointExtension>
        </extensions>
      </trkpt>
      <trkpt lat="24.4280804693698883056640625" lon="118.12763535417616367340087890625">
        <ele>27.200000762939453125</ele>
        <time>2025-08-06T10:55:35.000Z</time>
        <extensions>
          <ns3:TrackPointExtension>
            <ns3:hr>88</ns3:hr>
            <ns3:cad>57</ns3:cad>
          </ns3:TrackPointExtension>
        </extensions>
      </trkpt>
      <trkpt lat="24.428074769675731658935546875" lon="118.1276283971965312957763671875">
        <ele>26.799999237060546875</ele>
        <time>2025-08-06T10:55:36.000Z</time>
        <extensions>
          <ns3:TrackPointExtension>
            <ns3:hr>88</ns3:hr>
            <ns3:cad>57</ns3:cad>
          </ns3:TrackPointExtension>
        </extensions>
      </trkpt>
      <trkpt lat="24.4280719198286533355712890625" lon="118.12762211076915264129638671875">
        <ele>26.6000003814697265625</ele>
        <time>2025-08-06T10:55:37.000Z</time>
        <extensions>
          <ns3:TrackPointExtension>
            <ns3:hr>88</ns3:hr>
            <ns3:cad>57</ns3:cad>
          </ns3:TrackPointExtension>
        </extensions>
      </trkpt>
      <trkpt lat="24.4280668906867504119873046875" lon="118.127613477408885955810546875">
        <ele>26.3999996185302734375</ele>
        <time>2025-08-06T10:55:38.000Z</time>
        <extensions>
          <ns3:TrackPointExtension>
            <ns3:hr>88</ns3:hr>
            <ns3:cad>57</ns3:cad>
          </ns3:TrackPointExtension>
        </extensions>
      </trkpt>
      <trkpt lat="24.428062699735164642333984375" lon="118.12760635279119014739990234375">
        <ele>26.200000762939453125</ele>
        <time>2025-08-06T10:55:39.000Z</time>
        <extensions>
          <ns3:TrackPointExtension>
            <ns3:hr>89</ns3:hr>
            <ns3:cad>57</ns3:cad>
          </ns3:TrackPointExtension>
        </extensions>
      </trkpt>
      <trkpt lat="24.42805825732648372650146484375" lon="118.12759746797382831573486328125">
        <ele>26</ele>
        <time>2025-08-06T10:55:40.000Z</time>
        <extensions>
          <ns3:TrackPointExtension>
            <ns3:hr>90</ns3:hr>
            <ns3:cad>57</ns3:cad>
          </ns3:TrackPointExtension>
        </extensions>
      </trkpt>
      <trkpt lat="24.42805339582264423370361328125" lon="118.12758657149970531463623046875">
        <ele>25.799999237060546875</ele>
        <time>2025-08-06T10:55:41.000Z</time>
        <extensions>
          <ns3:TrackPointExtension>
            <ns3:hr>90</ns3:hr>
            <ns3:cad>57</ns3:cad>
          </ns3:TrackPointExtension>
        </extensions>
      </trkpt>
      <trkpt lat="24.42804786376655101776123046875" lon="118.1275747530162334442138671875">
        <ele>25.799999237060546875</ele>
        <time>2025-08-06T10:55:42.000Z</time>
        <extensions>
          <ns3:TrackPointExtension>
            <ns3:hr>90</ns3:hr>
            <ns3:cad>57</ns3:cad>
          </ns3:TrackPointExtension>
        </extensions>
      </trkpt>
      <trkpt lat="24.428041912615299224853515625" lon="118.1275646947324275970458984375">
        <ele>25.6000003814697265625</ele>
        <time>2025-08-06T10:55:43.000Z</time>
        <extensions>
          <ns3:TrackPointExtension>
            <ns3:hr>89</ns3:hr>
            <ns3:cad>57</ns3:cad>
          </ns3:TrackPointExtension>
        </extensions>
      </trkpt>
      <trkpt lat="24.4280375540256500244140625" lon="118.127556145191192626953125">
        <ele>25.3999996185302734375</ele>
        <time>2025-08-06T10:55:44.000Z</time>
        <extensions>
          <ns3:TrackPointExtension>
            <ns3:hr>88</ns3:hr>
            <ns3:cad>57</ns3:cad>
          </ns3:TrackPointExtension>
        </extensions>
      </trkpt>
      <trkpt lat="24.4280321896076202392578125" lon="118.1275462545454502105712890625">
        <ele>25.200000762939453125</ele>
        <time>2025-08-06T10:55:45.000Z</time>
        <extensions>
          <ns3:TrackPointExtension>
            <ns3:hr>88</ns3:hr>
            <ns3:cad>57</ns3:cad>
          </ns3:TrackPointExtension>
        </extensions>
      </trkpt>
      <trkpt lat="24.42802674137055873870849609375" lon="118.127535693347454071044921875">
        <ele>25</ele>
        <time>2025-08-06T10:55:46.000Z</time>
        <extensions>
          <ns3:TrackPointExtension>
            <ns3:hr>88</ns3:hr>
            <ns3:cad>57</ns3:cad>
          </ns3:TrackPointExtension>
        </extensions>
      </trkpt>
      <trkpt lat="24.42802338860929012298583984375" lon="118.127524293959140777587890625">
        <ele>24.799999237060546875</ele>
        <time>2025-08-06T10:55:47.000Z</time>
        <extensions>
          <ns3:TrackPointExtension>
            <ns3:hr>88</ns3:hr>
            <ns3:cad>59</ns3:cad>
          </ns3:TrackPointExtension>
        </extensions>
      </trkpt>
      <trkpt lat="24.4280199520289897918701171875" lon="118.12751180492341518402099609375">
        <ele>24.6000003814697265625</ele>
        <time>2025-08-06T10:55:48.000Z</time>
        <extensions>
          <ns3:TrackPointExtension>
            <ns3:hr>89</ns3:hr>
            <ns3:cad>59</ns3:cad>
          </ns3:TrackPointExtension>
        </extensions>
      </trkpt>
      <trkpt lat="24.428016431629657745361328125" lon="118.1274986453354358673095703125">
        <ele>24.3999996185302734375</ele>
        <time>2025-08-06T10:55:49.000Z</time>
        <extensions>
          <ns3:TrackPointExtension>
            <ns3:hr>89</ns3:hr>
            <ns3:cad>59</ns3:cad>
          </ns3:TrackPointExtension>
        </extensions>
      </trkpt>
      <trkpt lat="24.4280132465064525604248046875" lon="118.1274889223277568817138671875">
        <ele>24.200000762939453125</ele>
        <time>2025-08-06T10:55:50.000Z</time>
        <extensions>
          <ns3:TrackPointExtension>
            <ns3:hr>89</ns3:hr>
            <ns3:cad>60</ns3:cad>
          </ns3:TrackPointExtension>
        </extensions>
      </trkpt>
      <trkpt lat="24.4280075468122959136962890625" lon="118.1274761818349361419677734375">
        <ele>24</ele>
        <time>2025-08-06T10:55:51.000Z</time>
        <extensions>
          <ns3:TrackPointExtension>
            <ns3:hr>89</ns3:hr>
            <ns3:cad>60</ns3:cad>
          </ns3:TrackPointExtension>
        </extensions>
      </trkpt>
      <trkpt lat="24.42800008691847324371337890625" lon="118.12746318988502025604248046875">
        <ele>24</ele>
        <time>2025-08-06T10:55:52.000Z</time>
        <extensions>
          <ns3:TrackPointExtension>
            <ns3:hr>89</ns3:hr>
            <ns3:cad>60</ns3:cad>
          </ns3:TrackPointExtension>
        </extensions>
      </trkpt>
      <trkpt lat="24.42799396812915802001953125" lon="118.12744692899286746978759765625">
        <ele>23.799999237060546875</ele>
        <time>2025-08-06T10:55:53.000Z</time>
        <extensions>
          <ns3:TrackPointExtension>
            <ns3:hr>88</ns3:hr>
            <ns3:cad>60</ns3:cad>
          </ns3:TrackPointExtension>
        </extensions>
      </trkpt>
      <trkpt lat="24.427990280091762542724609375" lon="118.127432428300380706787109375">
        <ele>23.799999237060546875</ele>
        <time>2025-08-06T10:55:54.000Z</time>
        <extensions>
          <ns3:TrackPointExtension>
            <ns3:hr>88</ns3:hr>
            <ns3:cad>60</ns3:cad>
          </ns3:TrackPointExtension>
        </extensions>
      </trkpt>
      <trkpt lat="24.427986927330493927001953125" lon="118.12741742469370365142822265625">
        <ele>23.799999237060546875</ele>
        <time>2025-08-06T10:55:55.000Z</time>
        <extensions>
          <ns3:TrackPointExtension>
            <ns3:hr>88</ns3:hr>
            <ns3:cad>59</ns3:cad>
          </ns3:TrackPointExtension>
        </extensions>
      </trkpt>
      <trkpt lat="24.42798332311213016510009765625" lon="118.1274046003818511962890625">
        <ele>23.799999237060546875</ele>
        <time>2025-08-06T10:55:56.000Z</time>
        <extensions>
          <ns3:TrackPointExtension>
            <ns3:hr>87</ns3:hr>
            <ns3:cad>59</ns3:cad>
          </ns3:TrackPointExtension>
        </extensions>
      </trkpt>
      <trkpt lat="24.4279839098453521728515625" lon="118.12739462591707706451416015625">
        <ele>23.799999237060546875</ele>
        <time>2025-08-06T10:55:57.000Z</time>
        <extensions>
          <ns3:TrackPointExtension>
            <ns3:hr>87</ns3:hr>
            <ns3:cad>58</ns3:cad>
          </ns3:TrackPointExtension>
        </extensions>
      </trkpt>
      <trkpt lat="24.42798265255987644195556640625" lon="118.12738590873777866363525390625">
        <ele>23.799999237060546875</ele>
        <time>2025-08-06T10:55:58.000Z</time>
        <extensions>
          <ns3:TrackPointExtension>
            <ns3:hr>87</ns3:hr>
            <ns3:cad>57</ns3:cad>
          </ns3:TrackPointExtension>
        </extensions>
      </trkpt>
      <trkpt lat="24.4279785454273223876953125" lon="118.12738842330873012542724609375">
        <ele>23.799999237060546875</ele>
        <time>2025-08-06T10:55:59.000Z</time>
        <extensions>
          <ns3:TrackPointExtension>
            <ns3:hr>87</ns3:hr>
            <ns3:cad>57</ns3:cad>
          </ns3:TrackPointExtension>
        </extensions>
      </trkpt>
      <trkpt lat="24.42797292955219745635986328125" lon="118.1273893453180789947509765625">
        <ele>23.799999237060546875</ele>
        <time>2025-08-06T10:56:00.000Z</time>
        <extensions>
          <ns3:TrackPointExtension>
            <ns3:hr>87</ns3:hr>
            <ns3:cad>57</ns3:cad>
          </ns3:TrackPointExtension>
        </extensions>
      </trkpt>
      <trkpt lat="24.42796454764902591705322265625" lon="118.12739294953644275665283203125">
        <ele>23.799999237060546875</ele>
        <time>2025-08-06T10:56:01.000Z</time>
        <extensions>
          <ns3:TrackPointExtension>
            <ns3:hr>87</ns3:hr>
            <ns3:cad>57</ns3:cad>
          </ns3:TrackPointExtension>
        </extensions>
      </trkpt>
      <trkpt lat="24.4279579259455204010009765625" lon="118.12739948742091655731201171875">
        <ele>23.6000003814697265625</ele>
        <time>2025-08-06T10:56:02.000Z</time>
        <extensions>
          <ns3:TrackPointExtension>
            <ns3:hr>88</ns3:hr>
            <ns3:cad>57</ns3:cad>
          </ns3:TrackPointExtension>
        </extensions>
      </trkpt>
      <trkpt lat="24.4279485382139682769775390625" lon="118.1274027563631534576416015625">
        <ele>23.6000003814697265625</ele>
        <time>2025-08-06T10:56:03.000Z</time>
        <extensions>
          <ns3:TrackPointExtension>
            <ns3:hr>87</ns3:hr>
            <ns3:cad>59</ns3:cad>
          </ns3:TrackPointExtension>
        </extensions>
      </trkpt>
      <trkpt lat="24.42793822847306728363037109375" lon="118.12740325927734375">
        <ele>23.6000003814697265625</ele>
        <time>2025-08-06T10:56:04.000Z</time>
        <extensions>
          <ns3:TrackPointExtension>
            <ns3:hr>87</ns3:hr>
            <ns3:cad>59</ns3:cad>
          </ns3:TrackPointExtension>
        </extensions>
      </trkpt>
      <trkpt lat="24.42792548798024654388427734375" lon="118.127402253448963165283203125">
        <ele>23.6000003814697265625</ele>
        <time>2025-08-06T10:56:05.000Z</time>
        <extensions>
          <ns3:TrackPointExtension>
            <ns3:hr>88</ns3:hr>
            <ns3:cad>59</ns3:cad>
          </ns3:TrackPointExtension>
        </extensions>
      </trkpt>
      <trkpt lat="24.42791593261063098907470703125" lon="118.12740233726799488067626953125">
        <ele>23.6000003814697265625</ele>
        <time>2025-08-06T10:56:06.000Z</time>
        <extensions>
          <ns3:TrackPointExtension>
            <ns3:hr>88</ns3:hr>
            <ns3:cad>58</ns3:cad>
          </ns3:TrackPointExtension>
        </extensions>
      </trkpt>
      <trkpt lat="24.4279062934219837188720703125" lon="118.1274017505347728729248046875">
        <ele>23.6000003814697265625</ele>
        <time>2025-08-06T10:56:07.000Z</time>
        <extensions>
          <ns3:TrackPointExtension>
            <ns3:hr>88</ns3:hr>
            <ns3:cad>57</ns3:cad>
          </ns3:TrackPointExtension>
        </extensions>
      </trkpt>
      <trkpt lat="24.42789874970912933349609375" lon="118.127400241792201995849609375">
        <ele>23.6000003814697265625</ele>
        <time>2025-08-06T10:56:08.000Z</time>
        <extensions>
          <ns3:TrackPointExtension>
            <ns3:hr>88</ns3:hr>
            <ns3:cad>57</ns3:cad>
          </ns3:TrackPointExtension>
        </extensions>
      </trkpt>
      <trkpt lat="24.427892379462718963623046875" lon="118.12740258872509002685546875">
        <ele>23.6000003814697265625</ele>
        <time>2025-08-06T10:56:09.000Z</time>
        <extensions>
          <ns3:TrackPointExtension>
            <ns3:hr>89</ns3:hr>
            <ns3:cad>57</ns3:cad>
          </ns3:TrackPointExtension>
        </extensions>
      </trkpt>
      <trkpt lat="24.42788424901664257049560546875" lon="118.12740367837250232696533203125">
        <ele>23.6000003814697265625</ele>
        <time>2025-08-06T10:56:10.000Z</time>
        <extensions>
          <ns3:TrackPointExtension>
            <ns3:hr>89</ns3:hr>
            <ns3:cad>57</ns3:cad>
          </ns3:TrackPointExtension>
        </extensions>
      </trkpt>
      <trkpt lat="24.4278690777719020843505859375" lon="118.1274027563631534576416015625">
        <ele>23.6000003814697265625</ele>
        <time>2025-08-06T10:56:11.000Z</time>
        <extensions>
          <ns3:TrackPointExtension>
            <ns3:hr>89</ns3:hr>
            <ns3:cad>57</ns3:cad>
          </ns3:TrackPointExtension>
        </extensions>
      </trkpt>
      <trkpt lat="24.4278551638126373291015625" lon="118.1274010799825191497802734375">
        <ele>23.6000003814697265625</ele>
        <time>2025-08-06T10:56:12.000Z</time>
        <extensions>
          <ns3:TrackPointExtension>
            <ns3:hr>90</ns3:hr>
            <ns3:cad>58</ns3:cad>
          </ns3:TrackPointExtension>
        </extensions>
      </trkpt>
      <trkpt lat="24.4278479553759098052978515625" lon="118.12740099616348743438720703125">
        <ele>23.6000003814697265625</ele>
        <time>2025-08-06T10:56:13.000Z</time>
        <extensions>
          <ns3:TrackPointExtension>
            <ns3:hr>89</ns3:hr>
            <ns3:cad>58</ns3:cad>
          </ns3:TrackPointExtension>
        </extensions>
      </trkpt>
      <trkpt lat="24.42783731035888195037841796875" lon="118.127402253448963165283203125">
        <ele>23.6000003814697265625</ele>
        <time>2025-08-06T10:56:14.000Z</time>
        <extensions>
          <ns3:TrackPointExtension>
            <ns3:hr>89</ns3:hr>
            <ns3:cad>54</ns3:cad>
          </ns3:TrackPointExtension>
        </extensions>
      </trkpt>
      <trkpt lat="24.4278278388082981109619140625" lon="118.1274010799825191497802734375">
        <ele>23.6000003814697265625</ele>
        <time>2025-08-06T10:56:15.000Z</time>
        <extensions>
          <ns3:TrackPointExtension>
            <ns3:hr>89</ns3:hr>
            <ns3:cad>54</ns3:cad>
          </ns3:TrackPointExtension>
        </extensions>
      </trkpt>
      <trkpt lat="24.42781384103000164031982421875" lon="118.1273994036018848419189453125">
        <ele>23.6000003814697265625</ele>
        <time>2025-08-06T10:56:16.000Z</time>
        <extensions>
          <ns3:TrackPointExtension>
            <ns3:hr>89</ns3:hr>
            <ns3:cad>44</ns3:cad>
          </ns3:TrackPointExtension>
        </extensions>
      </trkpt>
      <trkpt lat="24.4278000108897686004638671875" lon="118.12740049324929714202880859375">
        <ele>23.6000003814697265625</ele>
        <time>2025-08-06T10:56:17.000Z</time>
        <extensions>
          <ns3:TrackPointExtension>
            <ns3:hr>89</ns3:hr>
            <ns3:cad>44</ns3:cad>
          </ns3:TrackPointExtension>
        </extensions>
      </trkpt>
      <trkpt lat="24.42778685130178928375244140625" lon="118.12740099616348743438720703125">
        <ele>23.6000003814697265625</ele>
        <time>2025-08-06T10:56:18.000Z</time>
        <extensions>
          <ns3:TrackPointExtension>
            <ns3:hr>89</ns3:hr>
            <ns3:cad>61</ns3:cad>
          </ns3:TrackPointExtension>
        </extensions>
      </trkpt>
      <trkpt lat="24.42777880467474460601806640625" lon="118.12740200199186801910400390625">
        <ele>23.6000003814697265625</ele>
        <time>2025-08-06T10:56:19.000Z</time>
        <extensions>
          <ns3:TrackPointExtension>
            <ns3:hr>90</ns3:hr>
            <ns3:cad>61</ns3:cad>
          </ns3:TrackPointExtension>
        </extensions>
      </trkpt>
      <trkpt lat="24.4277721829712390899658203125" lon="118.12739982269704341888427734375">
        <ele>23.3999996185302734375</ele>
        <time>2025-08-06T10:56:20.000Z</time>
        <extensions>
          <ns3:TrackPointExtension>
            <ns3:hr>89</ns3:hr>
            <ns3:cad>61</ns3:cad>
          </ns3:TrackPointExtension>
        </extensions>
      </trkpt>
      <trkpt lat="24.42776137031614780426025390625" lon="118.12739948742091655731201171875">
        <ele>23.3999996185302734375</ele>
        <time>2025-08-06T10:56:21.000Z</time>
        <extensions>
          <ns3:TrackPointExtension>
            <ns3:hr>89</ns3:hr>
            <ns3:cad>61</ns3:cad>
          </ns3:TrackPointExtension>
        </extensions>
      </trkpt>
      <trkpt lat="24.42774862982332706451416015625" lon="118.1273973919451236724853515625">
        <ele>23.3999996185302734375</ele>
        <time>2025-08-06T10:56:22.000Z</time>
        <extensions>
          <ns3:TrackPointExtension>
            <ns3:hr>89</ns3:hr>
            <ns3:cad>61</ns3:cad>
          </ns3:TrackPointExtension>
        </extensions>
      </trkpt>
      <trkpt lat="24.42773639224469661712646484375" lon="118.12739563174545764923095703125">
        <ele>23.3999996185302734375</ele>
        <time>2025-08-06T10:56:23.000Z</time>
        <extensions>
          <ns3:TrackPointExtension>
            <ns3:hr>90</ns3:hr>
            <ns3:cad>60</ns3:cad>
          </ns3:TrackPointExtension>
        </extensions>
      </trkpt>
      <trkpt lat="24.427724741399288177490234375" lon="118.127394206821918487548828125">
        <ele>23.3999996185302734375</ele>
        <time>2025-08-06T10:56:24.000Z</time>
        <extensions>
          <ns3:TrackPointExtension>
            <ns3:hr>89</ns3:hr>
            <ns3:cad>60</ns3:cad>
          </ns3:TrackPointExtension>
        </extensions>
      </trkpt>
      <trkpt lat="24.42771233618259429931640625" lon="118.1273926980793476104736328125">
        <ele>23.200000762939453125</ele>
        <time>2025-08-06T10:56:25.000Z</time>
        <extensions>
          <ns3:TrackPointExtension>
            <ns3:hr>89</ns3:hr>
            <ns3:cad>59</ns3:cad>
          </ns3:TrackPointExtension>
        </extensions>
      </trkpt>
      <trkpt lat="24.427701942622661590576171875" lon="118.12738909386098384857177734375">
        <ele>23.200000762939453125</ele>
        <time>2025-08-06T10:56:26.000Z</time>
        <extensions>
          <ns3:TrackPointExtension>
            <ns3:hr>89</ns3:hr>
            <ns3:cad>57</ns3:cad>
          </ns3:TrackPointExtension>
        </extensions>
      </trkpt>
      <trkpt lat="24.4276927225291728973388671875" lon="118.12738741748034954071044921875">
        <ele>23.200000762939453125</ele>
        <time>2025-08-06T10:56:27.000Z</time>
        <extensions>
          <ns3:TrackPointExtension>
            <ns3:hr>90</ns3:hr>
            <ns3:cad>57</ns3:cad>
          </ns3:TrackPointExtension>
        </extensions>
      </trkpt>
      <trkpt lat="24.42768283188343048095703125" lon="118.1273839809000492095947265625">
        <ele>23</ele>
        <time>2025-08-06T10:56:28.000Z</time>
        <extensions>
          <ns3:TrackPointExtension>
            <ns3:hr>91</ns3:hr>
            <ns3:cad>57</ns3:cad>
          </ns3:TrackPointExtension>
        </extensions>
      </trkpt>
      <trkpt lat="24.4276705943048000335693359375" lon="118.1273789517581462860107421875">
        <ele>23.200000762939453125</ele>
        <time>2025-08-06T10:56:29.000Z</time>
        <extensions>
          <ns3:TrackPointExtension>
            <ns3:hr>91</ns3:hr>
            <ns3:cad>57</ns3:cad>
          </ns3:TrackPointExtension>
        </extensions>
      </trkpt>
      <trkpt lat="24.427661709487438201904296875" lon="118.12737719155848026275634765625">
        <ele>23.200000762939453125</ele>
        <time>2025-08-06T10:56:30.000Z</time>
        <extensions>
          <ns3:TrackPointExtension>
            <ns3:hr>92</ns3:hr>
            <ns3:cad>57</ns3:cad>
          </ns3:TrackPointExtension>
        </extensions>
      </trkpt>
      <trkpt lat="24.4276541657745838165283203125" lon="118.1273732520639896392822265625">
        <ele>23.200000762939453125</ele>
        <time>2025-08-06T10:56:31.000Z</time>
        <extensions>
          <ns3:TrackPointExtension>
            <ns3:hr>92</ns3:hr>
            <ns3:cad>57</ns3:cad>
          </ns3:TrackPointExtension>
        </extensions>
      </trkpt>
      <trkpt lat="24.42764536477625370025634765625" lon="118.127369396388530731201171875">
        <ele>23.200000762939453125</ele>
        <time>2025-08-06T10:56:32.000Z</time>
        <extensions>
          <ns3:TrackPointExtension>
            <ns3:hr>92</ns3:hr>
            <ns3:cad>59</ns3:cad>
          </ns3:TrackPointExtension>
        </extensions>
      </trkpt>
      <trkpt lat="24.4276357255876064300537109375" lon="118.12736411578953266143798828125">
        <ele>23.200000762939453125</ele>
        <time>2025-08-06T10:56:33.000Z</time>
        <extensions>
          <ns3:TrackPointExtension>
            <ns3:hr>92</ns3:hr>
            <ns3:cad>59</ns3:cad>
          </ns3:TrackPointExtension>
        </extensions>
      </trkpt>
      <trkpt lat="24.427627511322498321533203125" lon="118.12735774554312229156494140625">
        <ele>23.200000762939453125</ele>
        <time>2025-08-06T10:56:34.000Z</time>
        <extensions>
          <ns3:TrackPointExtension>
            <ns3:hr>93</ns3:hr>
            <ns3:cad>59</ns3:cad>
          </ns3:TrackPointExtension>
        </extensions>
      </trkpt>
      <trkpt lat="24.4276166148483753204345703125" lon="118.12735137529671192169189453125">
        <ele>23.200000762939453125</ele>
        <time>2025-08-06T10:56:35.000Z</time>
        <extensions>
          <ns3:TrackPointExtension>
            <ns3:hr>92</ns3:hr>
            <ns3:cad>59</ns3:cad>
          </ns3:TrackPointExtension>
        </extensions>
      </trkpt>
      <trkpt lat="24.42760462872684001922607421875" lon="118.12734416685998439788818359375">
        <ele>23.200000762939453125</ele>
        <time>2025-08-06T10:56:36.000Z</time>
        <extensions>
          <ns3:TrackPointExtension>
            <ns3:hr>92</ns3:hr>
            <ns3:cad>57</ns3:cad>
          </ns3:TrackPointExtension>
        </extensions>
      </trkpt>
      <trkpt lat="24.4275923073291778564453125" lon="118.127337209880352020263671875">
        <ele>23.200000762939453125</ele>
        <time>2025-08-06T10:56:37.000Z</time>
        <extensions>
          <ns3:TrackPointExtension>
            <ns3:hr>93</ns3:hr>
            <ns3:cad>56</ns3:cad>
          </ns3:TrackPointExtension>
        </extensions>
      </trkpt>
      <trkpt lat="24.427582919597625732421875" lon="118.12733159400522708892822265625">
        <ele>23.200000762939453125</ele>
        <time>2025-08-06T10:56:38.000Z</time>
        <extensions>
          <ns3:TrackPointExtension>
            <ns3:hr>95</ns3:hr>
            <ns3:cad>57</ns3:cad>
          </ns3:TrackPointExtension>
        </extensions>
      </trkpt>
      <trkpt lat="24.42757328040897846221923828125" lon="118.1273276545107364654541015625">
        <ele>23.200000762939453125</ele>
        <time>2025-08-06T10:56:39.000Z</time>
        <extensions>
          <ns3:TrackPointExtension>
            <ns3:hr>96</ns3:hr>
            <ns3:cad>57</ns3:cad>
          </ns3:TrackPointExtension>
        </extensions>
      </trkpt>
      <trkpt lat="24.42756213247776031494140625" lon="118.1273209489881992340087890625">
        <ele>23.200000762939453125</ele>
        <time>2025-08-06T10:56:40.000Z</time>
        <extensions>
          <ns3:TrackPointExtension>
            <ns3:hr>97</ns3:hr>
            <ns3:cad>57</ns3:cad>
          </ns3:TrackPointExtension>
        </extensions>
      </trkpt>
      <trkpt lat="24.42755140364170074462890625" lon="118.127315752208232879638671875">
        <ele>23</ele>
        <time>2025-08-06T10:56:41.000Z</time>
        <extensions>
          <ns3:TrackPointExtension>
            <ns3:hr>102</ns3:hr>
            <ns3:cad>57</ns3:cad>
          </ns3:TrackPointExtension>
        </extensions>
      </trkpt>
      <trkpt lat="24.4275418482720851898193359375" lon="118.1273095495998859405517578125">
        <ele>23</ele>
        <time>2025-08-06T10:56:42.000Z</time>
        <extensions>
          <ns3:TrackPointExtension>
            <ns3:hr>102</ns3:hr>
            <ns3:cad>57</ns3:cad>
          </ns3:TrackPointExtension>
        </extensions>
      </trkpt>
      <trkpt lat="24.4275317899882793426513671875" lon="118.127303682267665863037109375">
        <ele>23</ele>
        <time>2025-08-06T10:56:43.000Z</time>
        <extensions>
          <ns3:TrackPointExtension>
            <ns3:hr>102</ns3:hr>
            <ns3:cad>57</ns3:cad>
          </ns3:TrackPointExtension>
        </extensions>
      </trkpt>
      <trkpt lat="24.42752458155155181884765625" lon="118.1273008324205875396728515625">
        <ele>23</ele>
        <time>2025-08-06T10:56:44.000Z</time>
        <extensions>
          <ns3:TrackPointExtension>
            <ns3:hr>101</ns3:hr>
            <ns3:cad>56</ns3:cad>
          </ns3:TrackPointExtension>
        </extensions>
      </trkpt>
      <trkpt lat="24.42751963622868061065673828125" lon="118.12729722820222377777099609375">
        <ele>23</ele>
        <time>2025-08-06T10:56:45.000Z</time>
        <extensions>
          <ns3:TrackPointExtension>
            <ns3:hr>101</ns3:hr>
            <ns3:cad>56</ns3:cad>
          </ns3:TrackPointExtension>
        </extensions>
      </trkpt>
      <trkpt lat="24.42750438116490840911865234375" lon="118.12728482298552989959716796875">
        <ele>23</ele>
        <time>2025-08-06T10:56:46.000Z</time>
        <extensions>
          <ns3:TrackPointExtension>
            <ns3:hr>101</ns3:hr>
            <ns3:cad>56</ns3:cad>
          </ns3:TrackPointExtension>
        </extensions>
      </trkpt>
      <trkpt lat="24.4274969212710857391357421875" lon="118.1272787041962146759033203125">
        <ele>23</ele>
        <time>2025-08-06T10:56:47.000Z</time>
        <extensions>
          <ns3:TrackPointExtension>
            <ns3:hr>102</ns3:hr>
            <ns3:cad>56</ns3:cad>
          </ns3:TrackPointExtension>
        </extensions>
      </trkpt>
      <trkpt lat="24.42749046720564365386962890625" lon="118.12727057375013828277587890625">
        <ele>23</ele>
        <time>2025-08-06T10:56:48.000Z</time>
        <extensions>
          <ns3:TrackPointExtension>
            <ns3:hr>102</ns3:hr>
            <ns3:cad>57</ns3:cad>
          </ns3:TrackPointExtension>
        </extensions>
      </trkpt>
      <trkpt lat="24.42748024128377437591552734375" lon="118.12726177275180816650390625">
        <ele>23</ele>
        <time>2025-08-06T10:56:49.000Z</time>
        <extensions>
          <ns3:TrackPointExtension>
            <ns3:hr>102</ns3:hr>
            <ns3:cad>57</ns3:cad>
          </ns3:TrackPointExtension>
        </extensions>
      </trkpt>
      <trkpt lat="24.4274657405912876129150390625" lon="118.12725213356316089630126953125">
        <ele>23</ele>
        <time>2025-08-06T10:56:50.000Z</time>
        <extensions>
          <ns3:TrackPointExtension>
            <ns3:hr>102</ns3:hr>
            <ns3:cad>57</ns3:cad>
          </ns3:TrackPointExtension>
        </extensions>
      </trkpt>
      <trkpt lat="24.4274523295462131500244140625" lon="118.12724458985030651092529296875">
        <ele>23</ele>
        <time>2025-08-06T10:56:51.000Z</time>
        <extensions>
          <ns3:TrackPointExtension>
            <ns3:hr>102</ns3:hr>
            <ns3:cad>57</ns3:cad>
          </ns3:TrackPointExtension>
        </extensions>
      </trkpt>
      <trkpt lat="24.4274367392063140869140625" lon="118.12723469920456409454345703125">
        <ele>22.799999237060546875</ele>
        <time>2025-08-06T10:56:52.000Z</time>
        <extensions>
          <ns3:TrackPointExtension>
            <ns3:hr>102</ns3:hr>
            <ns3:cad>57</ns3:cad>
          </ns3:TrackPointExtension>
        </extensions>
      </trkpt>
      <trkpt lat="24.42742257378995418548583984375" lon="118.12722480855882167816162109375">
        <ele>22.799999237060546875</ele>
        <time>2025-08-06T10:56:53.000Z</time>
        <extensions>
          <ns3:TrackPointExtension>
            <ns3:hr>102</ns3:hr>
            <ns3:cad>58</ns3:cad>
          </ns3:TrackPointExtension>
        </extensions>
      </trkpt>
      <trkpt lat="24.4274139404296875" lon="118.12721877358853816986083984375">
        <ele>22.799999237060546875</ele>
        <time>2025-08-06T10:56:54.000Z</time>
        <extensions>
          <ns3:TrackPointExtension>
            <ns3:hr>103</ns3:hr>
            <ns3:cad>59</ns3:cad>
          </ns3:TrackPointExtension>
        </extensions>
      </trkpt>
      <trkpt lat="24.42740664817392826080322265625" lon="118.12721483409404754638671875">
        <ele>22.799999237060546875</ele>
        <time>2025-08-06T10:56:55.000Z</time>
        <extensions>
          <ns3:TrackPointExtension>
            <ns3:hr>102</ns3:hr>
            <ns3:cad>59</ns3:cad>
          </ns3:TrackPointExtension>
        </extensions>
      </trkpt>
      <trkpt lat="24.427400194108486175537109375" lon="118.12721173278987407684326171875">
        <ele>22.799999237060546875</ele>
        <time>2025-08-06T10:56:56.000Z</time>
        <extensions>
          <ns3:TrackPointExtension>
            <ns3:hr>102</ns3:hr>
            <ns3:cad>59</ns3:cad>
          </ns3:TrackPointExtension>
        </extensions>
      </trkpt>
      <trkpt lat="24.42739005200564861297607421875" lon="118.12720678746700286865234375">
        <ele>22.6000003814697265625</ele>
        <time>2025-08-06T10:56:57.000Z</time>
        <extensions>
          <ns3:TrackPointExtension>
            <ns3:hr>102</ns3:hr>
            <ns3:cad>58</ns3:cad>
          </ns3:TrackPointExtension>
        </extensions>
      </trkpt>
      <trkpt lat="24.4273799099028110504150390625" lon="118.127201087772846221923828125">
        <ele>22.6000003814697265625</ele>
        <time>2025-08-06T10:56:58.000Z</time>
        <extensions>
          <ns3:TrackPointExtension>
            <ns3:hr>101</ns3:hr>
            <ns3:cad>58</ns3:cad>
          </ns3:TrackPointExtension>
        </extensions>
      </trkpt>
      <trkpt lat="24.42737194709479808807373046875" lon="118.127196393907070159912109375">
        <ele>22.6000003814697265625</ele>
        <time>2025-08-06T10:56:59.000Z</time>
        <extensions>
          <ns3:TrackPointExtension>
            <ns3:hr>101</ns3:hr>
            <ns3:cad>58</ns3:cad>
          </ns3:TrackPointExtension>
        </extensions>
      </trkpt>
      <trkpt lat="24.42736356519162654876708984375" lon="118.12719228677451610565185546875">
        <ele>22.6000003814697265625</ele>
        <time>2025-08-06T10:57:00.000Z</time>
        <extensions>
          <ns3:TrackPointExtension>
            <ns3:hr>101</ns3:hr>
            <ns3:cad>58</ns3:cad>
          </ns3:TrackPointExtension>
        </extensions>
      </trkpt>
      <trkpt lat="24.4273550994694232940673828125" lon="118.1271865032613277435302734375">
        <ele>22.6000003814697265625</ele>
        <time>2025-08-06T10:57:01.000Z</time>
        <extensions>
          <ns3:TrackPointExtension>
            <ns3:hr>102</ns3:hr>
            <ns3:cad>59</ns3:cad>
          </ns3:TrackPointExtension>
        </extensions>
      </trkpt>
      <trkpt lat="24.42734864540398120880126953125" lon="118.12718105502426624298095703125">
        <ele>22.6000003814697265625</ele>
        <time>2025-08-06T10:57:02.000Z</time>
        <extensions>
          <ns3:TrackPointExtension>
            <ns3:hr>101</ns3:hr>
            <ns3:cad>60</ns3:cad>
          </ns3:TrackPointExtension>
        </extensions>
      </trkpt>
      <trkpt lat="24.42733691073954105377197265625" lon="118.12717502005398273468017578125">
        <ele>22.6000003814697265625</ele>
        <time>2025-08-06T10:57:03.000Z</time>
        <extensions>
          <ns3:TrackPointExtension>
            <ns3:hr>101</ns3:hr>
            <ns3:cad>60</ns3:cad>
          </ns3:TrackPointExtension>
        </extensions>
      </trkpt>
      <trkpt lat="24.42732836119830608367919921875" lon="118.12717066146433353424072265625">
        <ele>22.799999237060546875</ele>
        <time>2025-08-06T10:57:04.000Z</time>
        <extensions>
          <ns3:TrackPointExtension>
            <ns3:hr>101</ns3:hr>
            <ns3:cad>60</ns3:cad>
          </ns3:TrackPointExtension>
        </extensions>
      </trkpt>
      <trkpt lat="24.42731595598161220550537109375" lon="118.12716546468436717987060546875">
        <ele>22.799999237060546875</ele>
        <time>2025-08-06T10:57:05.000Z</time>
        <extensions>
          <ns3:TrackPointExtension>
            <ns3:hr>102</ns3:hr>
            <ns3:cad>58</ns3:cad>
          </ns3:TrackPointExtension>
        </extensions>
      </trkpt>
      <trkpt lat="24.42730707116425037384033203125" lon="118.12716127373278141021728515625">
        <ele>22.799999237060546875</ele>
        <time>2025-08-06T10:57:06.000Z</time>
        <extensions>
          <ns3:TrackPointExtension>
            <ns3:hr>101</ns3:hr>
            <ns3:cad>58</ns3:cad>
          </ns3:TrackPointExtension>
        </extensions>
      </trkpt>
      <trkpt lat="24.4273004494607448577880859375" lon="118.12715523876249790191650390625">
        <ele>22.799999237060546875</ele>
        <time>2025-08-06T10:57:07.000Z</time>
        <extensions>
          <ns3:TrackPointExtension>
            <ns3:hr>101</ns3:hr>
            <ns3:cad>58</ns3:cad>
          </ns3:TrackPointExtension>
        </extensions>
      </trkpt>
      <trkpt lat="24.42728913389146327972412109375" lon="118.1271472759544849395751953125">
        <ele>22.799999237060546875</ele>
        <time>2025-08-06T10:57:08.000Z</time>
        <extensions>
          <ns3:TrackPointExtension>
            <ns3:hr>101</ns3:hr>
            <ns3:cad>58</ns3:cad>
          </ns3:TrackPointExtension>
        </extensions>
      </trkpt>
      <trkpt lat="24.42728091962635517120361328125" lon="118.127140738070011138916015625">
        <ele>22.799999237060546875</ele>
        <time>2025-08-06T10:57:09.000Z</time>
        <extensions>
          <ns3:TrackPointExtension>
            <ns3:hr>101</ns3:hr>
            <ns3:cad>0</ns3:cad>
          </ns3:TrackPointExtension>
        </extensions>
      </trkpt>
      <trkpt lat="24.4272702746093273162841796875" lon="118.1271305121481418609619140625">
        <ele>22.6000003814697265625</ele>
        <time>2025-08-06T10:57:10.000Z</time>
        <extensions>
          <ns3:TrackPointExtension>
            <ns3:hr>102</ns3:hr>
            <ns3:cad>0</ns3:cad>
          </ns3:TrackPointExtension>
        </extensions>
      </trkpt>
      <trkpt lat="24.4272625632584095001220703125" lon="118.12712095677852630615234375">
        <ele>22.6000003814697265625</ele>
        <time>2025-08-06T10:57:11.000Z</time>
        <extensions>
          <ns3:TrackPointExtension>
            <ns3:hr>101</ns3:hr>
            <ns3:cad>0</ns3:cad>
          </ns3:TrackPointExtension>
        </extensions>
      </trkpt>
      <trkpt lat="24.42724990658462047576904296875" lon="118.12710930593311786651611328125">
        <ele>22.799999237060546875</ele>
        <time>2025-08-06T10:57:12.000Z</time>
        <extensions>
          <ns3:TrackPointExtension>
            <ns3:hr>102</ns3:hr>
            <ns3:cad>59</ns3:cad>
          </ns3:TrackPointExtension>
        </extensions>
      </trkpt>
      <trkpt lat="24.42723901011049747467041015625" lon="118.12710075639188289642333984375">
        <ele>22.799999237060546875</ele>
        <time>2025-08-06T10:57:13.000Z</time>
        <extensions>
          <ns3:TrackPointExtension>
            <ns3:hr>103</ns3:hr>
            <ns3:cad>59</ns3:cad>
          </ns3:TrackPointExtension>
        </extensions>
      </trkpt>
      <trkpt lat="24.427227191627025604248046875" lon="118.1270896084606647491455078125">
        <ele>22.799999237060546875</ele>
        <time>2025-08-06T10:57:14.000Z</time>
        <extensions>
          <ns3:TrackPointExtension>
            <ns3:hr>103</ns3:hr>
            <ns3:cad>59</ns3:cad>
          </ns3:TrackPointExtension>
        </extensions>
      </trkpt>
      <trkpt lat="24.427216462790966033935546875" lon="118.1270822323858737945556640625">
        <ele>22.799999237060546875</ele>
        <time>2025-08-06T10:57:15.000Z</time>
        <extensions>
          <ns3:TrackPointExtension>
            <ns3:hr>103</ns3:hr>
            <ns3:cad>59</ns3:cad>
          </ns3:TrackPointExtension>
        </extensions>
      </trkpt>
      <trkpt lat="24.4272035546600818634033203125" lon="118.1270751915872097015380859375">
        <ele>22.799999237060546875</ele>
        <time>2025-08-06T10:57:16.000Z</time>
        <extensions>
          <ns3:TrackPointExtension>
            <ns3:hr>103</ns3:hr>
            <ns3:cad>57</ns3:cad>
          </ns3:TrackPointExtension>
        </extensions>
      </trkpt>
      <trkpt lat="24.42719307728111743927001953125" lon="118.12707426957786083221435546875">
        <ele>22.799999237060546875</ele>
        <time>2025-08-06T10:57:17.000Z</time>
        <extensions>
          <ns3:TrackPointExtension>
            <ns3:hr>102</ns3:hr>
            <ns3:cad>57</ns3:cad>
          </ns3:TrackPointExtension>
        </extensions>
      </trkpt>
      <trkpt lat="24.427180588245391845703125" lon="118.1270706653594970703125">
        <ele>22.799999237060546875</ele>
        <time>2025-08-06T10:57:18.000Z</time>
        <extensions>
          <ns3:TrackPointExtension>
            <ns3:hr>102</ns3:hr>
            <ns3:cad>57</ns3:cad>
          </ns3:TrackPointExtension>
        </extensions>
      </trkpt>
      <trkpt lat="24.42716910503804683685302734375" lon="118.12706999480724334716796875">
        <ele>22.799999237060546875</ele>
        <time>2025-08-06T10:57:19.000Z</time>
        <extensions>
          <ns3:TrackPointExtension>
            <ns3:hr>102</ns3:hr>
            <ns3:cad>57</ns3:cad>
          </ns3:TrackPointExtension>
        </extensions>
      </trkpt>
      <trkpt lat="24.42715703509747982025146484375" lon="118.12706924043595790863037109375">
        <ele>22.799999237060546875</ele>
        <time>2025-08-06T10:57:20.000Z</time>
        <extensions>
          <ns3:TrackPointExtension>
            <ns3:hr>101</ns3:hr>
            <ns3:cad>57</ns3:cad>
          </ns3:TrackPointExtension>
        </extensions>
      </trkpt>
      <trkpt lat="24.4271472282707691192626953125" lon="118.127067647874355316162109375">
        <ele>22.799999237060546875</ele>
        <time>2025-08-06T10:57:21.000Z</time>
        <extensions>
          <ns3:TrackPointExtension>
            <ns3:hr>101</ns3:hr>
            <ns3:cad>57</ns3:cad>
          </ns3:TrackPointExtension>
        </extensions>
      </trkpt>
      <trkpt lat="24.4271381758153438568115234375" lon="118.127064965665340423583984375">
        <ele>22.799999237060546875</ele>
        <time>2025-08-06T10:57:22.000Z</time>
        <extensions>
          <ns3:TrackPointExtension>
            <ns3:hr>101</ns3:hr>
            <ns3:cad>57</ns3:cad>
          </ns3:TrackPointExtension>
        </extensions>
      </trkpt>
      <trkpt lat="24.4271338172256946563720703125" lon="118.1270627863705158233642578125">
        <ele>22.6000003814697265625</ele>
        <time>2025-08-06T10:57:23.000Z</time>
        <extensions>
          <ns3:TrackPointExtension>
            <ns3:hr>101</ns3:hr>
            <ns3:cad>57</ns3:cad>
          </ns3:TrackPointExtension>
        </extensions>
      </trkpt>
      <trkpt lat="24.427119232714176177978515625" lon="118.1270614452660083770751953125">
        <ele>22.799999237060546875</ele>
        <time>2025-08-06T10:57:24.000Z</time>
        <extensions>
          <ns3:TrackPointExtension>
            <ns3:hr>100</ns3:hr>
            <ns3:cad>58</ns3:cad>
          </ns3:TrackPointExtension>
        </extensions>
      </trkpt>
      <trkpt lat="24.42710054107010364532470703125" lon="118.1270611099898815155029296875">
        <ele>22.799999237060546875</ele>
        <time>2025-08-06T10:57:25.000Z</time>
        <extensions>
          <ns3:TrackPointExtension>
            <ns3:hr>101</ns3:hr>
            <ns3:cad>58</ns3:cad>
          </ns3:TrackPointExtension>
        </extensions>
      </trkpt>
      <trkpt lat="24.42709819413721561431884765625" lon="118.1270611099898815155029296875">
        <ele>22.799999237060546875</ele>
        <time>2025-08-06T10:57:26.000Z</time>
        <extensions>
          <ns3:TrackPointExtension>
            <ns3:hr>100</ns3:hr>
            <ns3:cad>58</ns3:cad>
          </ns3:TrackPointExtension>
        </extensions>
      </trkpt>
      <trkpt lat="24.42709148861467838287353515625" lon="118.1270611099898815155029296875">
        <ele>22.799999237060546875</ele>
        <time>2025-08-06T10:57:27.000Z</time>
        <extensions>
          <ns3:TrackPointExtension>
            <ns3:hr>100</ns3:hr>
            <ns3:cad>58</ns3:cad>
          </ns3:TrackPointExtension>
        </extensions>
      </trkpt>
      <trkpt lat="24.4270841963589191436767578125" lon="118.12706060707569122314453125">
        <ele>22.799999237060546875</ele>
        <time>2025-08-06T10:57:28.000Z</time>
        <extensions>
          <ns3:TrackPointExtension>
            <ns3:hr>100</ns3:hr>
            <ns3:cad>55</ns3:cad>
          </ns3:TrackPointExtension>
        </extensions>
      </trkpt>
      <trkpt lat="24.42708059214055538177490234375" lon="118.127060271799564361572265625">
        <ele>22.6000003814697265625</ele>
        <time>2025-08-06T10:57:29.000Z</time>
        <extensions>
          <ns3:TrackPointExtension>
            <ns3:hr>100</ns3:hr>
            <ns3:cad>55</ns3:cad>
          </ns3:TrackPointExtension>
        </extensions>
      </trkpt>
      <trkpt lat="24.42707790993154048919677734375" lon="118.1270587630569934844970703125">
        <ele>22.3999996185302734375</ele>
        <time>2025-08-06T10:57:30.000Z</time>
        <extensions>
          <ns3:TrackPointExtension>
            <ns3:hr>99</ns3:hr>
            <ns3:cad>55</ns3:cad>
          </ns3:TrackPointExtension>
        </extensions>
      </trkpt>
      <trkpt lat="24.42707237787544727325439453125" lon="118.12705532647669315338134765625">
        <ele>22.200000762939453125</ele>
        <time>2025-08-06T10:57:31.000Z</time>
        <extensions>
          <ns3:TrackPointExtension>
            <ns3:hr>99</ns3:hr>
            <ns3:cad>55</ns3:cad>
          </ns3:TrackPointExtension>
        </extensions>
      </trkpt>
      <trkpt lat="24.42706684581935405731201171875" lon="118.127051554620265960693359375">
        <ele>22</ele>
        <time>2025-08-06T10:57:32.000Z</time>
        <extensions>
          <ns3:TrackPointExtension>
            <ns3:hr>99</ns3:hr>
            <ns3:cad>55</ns3:cad>
          </ns3:TrackPointExtension>
        </extensions>
      </trkpt>
      <trkpt lat="24.42705980502068996429443359375" lon="118.127047531306743621826171875">
        <ele>21.799999237060546875</ele>
        <time>2025-08-06T10:57:33.000Z</time>
        <extensions>
          <ns3:TrackPointExtension>
            <ns3:hr>99</ns3:hr>
            <ns3:cad>55</ns3:cad>
          </ns3:TrackPointExtension>
        </extensions>
      </trkpt>
      <trkpt lat="24.42705477587878704071044921875" lon="118.1270443461835384368896484375">
        <ele>21.3999996185302734375</ele>
        <time>2025-08-06T10:57:34.000Z</time>
        <extensions>
          <ns3:TrackPointExtension>
            <ns3:hr>99</ns3:hr>
            <ns3:cad>55</ns3:cad>
          </ns3:TrackPointExtension>
        </extensions>
      </trkpt>
      <trkpt lat="24.42705108784139156341552734375" lon="118.1270426698029041290283203125">
        <ele>21</ele>
        <time>2025-08-06T10:57:35.000Z</time>
        <extensions>
          <ns3:TrackPointExtension>
            <ns3:hr>99</ns3:hr>
            <ns3:cad>61</ns3:cad>
          </ns3:TrackPointExtension>
        </extensions>
      </trkpt>
      <trkpt lat="24.42704538814723491668701171875" lon="118.12703914940357208251953125">
        <ele>20.6000003814697265625</ele>
        <time>2025-08-06T10:57:36.000Z</time>
        <extensions>
          <ns3:TrackPointExtension>
            <ns3:hr>98</ns3:hr>
            <ns3:cad>61</ns3:cad>
          </ns3:TrackPointExtension>
        </extensions>
      </trkpt>
      <trkpt lat="24.4270419515669345855712890625" lon="118.12703789211809635162353515625">
        <ele>20.3999996185302734375</ele>
        <time>2025-08-06T10:57:37.000Z</time>
        <extensions>
          <ns3:TrackPointExtension>
            <ns3:hr>98</ns3:hr>
            <ns3:cad>61</ns3:cad>
          </ns3:TrackPointExtension>
        </extensions>
      </trkpt>
      <trkpt lat="24.42703641951084136962890625" lon="118.1270349584519863128662109375">
        <ele>20</ele>
        <time>2025-08-06T10:57:38.000Z</time>
        <extensions>
          <ns3:TrackPointExtension>
            <ns3:hr>98</ns3:hr>
            <ns3:cad>64</ns3:cad>
          </ns3:TrackPointExtension>
        </extensions>
      </trkpt>
      <trkpt lat="24.427032060921192169189453125" lon="118.12703370116651058197021484375">
        <ele>19.799999237060546875</ele>
        <time>2025-08-06T10:57:39.000Z</time>
        <extensions>
          <ns3:TrackPointExtension>
            <ns3:hr>98</ns3:hr>
            <ns3:cad>64</ns3:cad>
          </ns3:TrackPointExtension>
        </extensions>
      </trkpt>
      <trkpt lat="24.42702560685575008392333984375" lon="118.1270316056907176971435546875">
        <ele>19.3999996185302734375</ele>
        <time>2025-08-06T10:57:40.000Z</time>
        <extensions>
          <ns3:TrackPointExtension>
            <ns3:hr>98</ns3:hr>
            <ns3:cad>64</ns3:cad>
          </ns3:TrackPointExtension>
        </extensions>
      </trkpt>
      <trkpt lat="24.4270147942006587982177734375" lon="118.12702900730073451995849609375">
        <ele>19</ele>
        <time>2025-08-06T10:57:41.000Z</time>
        <extensions>
          <ns3:TrackPointExtension>
            <ns3:hr>98</ns3:hr>
            <ns3:cad>59</ns3:cad>
          </ns3:TrackPointExtension>
        </extensions>
      </trkpt>
      <trkpt lat="24.42700398154556751251220703125" lon="118.12702917493879795074462890625">
        <ele>18.799999237060546875</ele>
        <time>2025-08-06T10:57:42.000Z</time>
        <extensions>
          <ns3:TrackPointExtension>
            <ns3:hr>97</ns3:hr>
            <ns3:cad>59</ns3:cad>
          </ns3:TrackPointExtension>
        </extensions>
      </trkpt>
      <trkpt lat="24.4269859604537487030029296875" lon="118.12703068368136882781982421875">
        <ele>18.3999996185302734375</ele>
        <time>2025-08-06T10:57:43.000Z</time>
        <extensions>
          <ns3:TrackPointExtension>
            <ns3:hr>97</ns3:hr>
            <ns3:cad>58</ns3:cad>
          </ns3:TrackPointExtension>
        </extensions>
      </trkpt>
      <trkpt lat="24.42697632126510143280029296875" lon="118.12703101895749568939208984375">
        <ele>18.200000762939453125</ele>
        <time>2025-08-06T10:57:44.000Z</time>
        <extensions>
          <ns3:TrackPointExtension>
            <ns3:hr>97</ns3:hr>
            <ns3:cad>57</ns3:cad>
          </ns3:TrackPointExtension>
        </extensions>
      </trkpt>
      <trkpt lat="24.4269641675055027008056640625" lon="118.12703554518520832061767578125">
        <ele>18</ele>
        <time>2025-08-06T10:57:45.000Z</time>
        <extensions>
          <ns3:TrackPointExtension>
            <ns3:hr>97</ns3:hr>
            <ns3:cad>57</ns3:cad>
          </ns3:TrackPointExtension>
        </extensions>
      </trkpt>
      <trkpt lat="24.42695586942136287689208984375" lon="118.1270483694970607757568359375">
        <ele>17.799999237060546875</ele>
        <time>2025-08-06T10:57:46.000Z</time>
        <extensions>
          <ns3:TrackPointExtension>
            <ns3:hr>97</ns3:hr>
            <ns3:cad>57</ns3:cad>
          </ns3:TrackPointExtension>
        </extensions>
      </trkpt>
      <trkpt lat="24.4269432127475738525390625" lon="118.12705817632377147674560546875">
        <ele>17.799999237060546875</ele>
        <time>2025-08-06T10:57:47.000Z</time>
        <extensions>
          <ns3:TrackPointExtension>
            <ns3:hr>96</ns3:hr>
            <ns3:cad>59</ns3:cad>
          </ns3:TrackPointExtension>
        </extensions>
      </trkpt>
      <trkpt lat="24.42693357355892658233642578125" lon="118.1270678155124187469482421875">
        <ele>17.799999237060546875</ele>
        <time>2025-08-06T10:57:48.000Z</time>
        <extensions>
          <ns3:TrackPointExtension>
            <ns3:hr>96</ns3:hr>
            <ns3:cad>62</ns3:cad>
          </ns3:TrackPointExtension>
        </extensions>
      </trkpt>
      <trkpt lat="24.426924102008342742919921875" lon="118.1270785443484783172607421875">
        <ele>18</ele>
        <time>2025-08-06T10:57:49.000Z</time>
        <extensions>
          <ns3:TrackPointExtension>
            <ns3:hr>95</ns3:hr>
            <ns3:cad>62</ns3:cad>
          </ns3:TrackPointExtension>
        </extensions>
      </trkpt>
      <trkpt lat="24.42691865377128124237060546875" lon="118.12708633951842784881591796875">
        <ele>18</ele>
        <time>2025-08-06T10:57:50.000Z</time>
        <extensions>
          <ns3:TrackPointExtension>
            <ns3:hr>94</ns3:hr>
            <ns3:cad>62</ns3:cad>
          </ns3:TrackPointExtension>
        </extensions>
      </trkpt>
      <trkpt lat="24.42691613920032978057861328125" lon="118.1270929612219333648681640625">
        <ele>18.200000762939453125</ele>
        <time>2025-08-06T10:57:51.000Z</time>
        <extensions>
          <ns3:TrackPointExtension>
            <ns3:hr>94</ns3:hr>
            <ns3:cad>60</ns3:cad>
          </ns3:TrackPointExtension>
        </extensions>
      </trkpt>
      <trkpt lat="24.426910020411014556884765625" lon="118.12710285186767578125">
        <ele>18.200000762939453125</ele>
        <time>2025-08-06T10:57:52.000Z</time>
        <extensions>
          <ns3:TrackPointExtension>
            <ns3:hr>95</ns3:hr>
            <ns3:cad>59</ns3:cad>
          </ns3:TrackPointExtension>
        </extensions>
      </trkpt>
      <trkpt lat="24.42690473981201648712158203125" lon="118.12711249105632305145263671875">
        <ele>18.200000762939453125</ele>
        <time>2025-08-06T10:57:53.000Z</time>
        <extensions>
          <ns3:TrackPointExtension>
            <ns3:hr>95</ns3:hr>
            <ns3:cad>59</ns3:cad>
          </ns3:TrackPointExtension>
        </extensions>
      </trkpt>
      <trkpt lat="24.42689786665141582489013671875" lon="118.12712221406400203704833984375">
        <ele>18.200000762939453125</ele>
        <time>2025-08-06T10:57:54.000Z</time>
        <extensions>
          <ns3:TrackPointExtension>
            <ns3:hr>96</ns3:hr>
            <ns3:cad>59</ns3:cad>
          </ns3:TrackPointExtension>
        </extensions>
      </trkpt>
      <trkpt lat="24.4268900714814662933349609375" lon="118.12713411636650562286376953125">
        <ele>18.200000762939453125</ele>
        <time>2025-08-06T10:57:55.000Z</time>
        <extensions>
          <ns3:TrackPointExtension>
            <ns3:hr>96</ns3:hr>
            <ns3:cad>59</ns3:cad>
          </ns3:TrackPointExtension>
        </extensions>
      </trkpt>
      <trkpt lat="24.4268910773098468780517578125" lon="118.12713931314647197723388671875">
        <ele>18.200000762939453125</ele>
        <time>2025-08-06T10:57:56.000Z</time>
        <extensions>
          <ns3:TrackPointExtension>
            <ns3:hr>96</ns3:hr>
            <ns3:cad>58</ns3:cad>
          </ns3:TrackPointExtension>
        </extensions>
      </trkpt>
      <trkpt lat="24.4268870539963245391845703125" lon="118.12714769504964351654052734375">
        <ele>18.3999996185302734375</ele>
        <time>2025-08-06T10:57:57.000Z</time>
        <extensions>
          <ns3:TrackPointExtension>
            <ns3:hr>96</ns3:hr>
            <ns3:cad>58</ns3:cad>
          </ns3:TrackPointExtension>
        </extensions>
      </trkpt>
      <trkpt lat="24.4268870539963245391845703125" lon="118.12715540640056133270263671875">
        <ele>18.3999996185302734375</ele>
        <time>2025-08-06T10:57:58.000Z</time>
        <extensions>
          <ns3:TrackPointExtension>
            <ns3:hr>97</ns3:hr>
            <ns3:cad>57</ns3:cad>
          </ns3:TrackPointExtension>
        </extensions>
      </trkpt>
      <trkpt lat="24.42688462324440479278564453125" lon="118.12716663815081119537353515625">
        <ele>18.3999996185302734375</ele>
        <time>2025-08-06T10:57:59.000Z</time>
        <extensions>
          <ns3:TrackPointExtension>
            <ns3:hr>97</ns3:hr>
            <ns3:cad>57</ns3:cad>
          </ns3:TrackPointExtension>
        </extensions>
      </trkpt>
      <trkpt lat="24.4268790073692798614501953125" lon="118.12717686407268047332763671875">
        <ele>18.6000003814697265625</ele>
        <time>2025-08-06T10:58:00.000Z</time>
        <extensions>
          <ns3:TrackPointExtension>
            <ns3:hr>97</ns3:hr>
            <ns3:cad>57</ns3:cad>
          </ns3:TrackPointExtension>
        </extensions>
      </trkpt>
      <trkpt lat="24.426875151693820953369140625" lon="118.12718792818486690521240234375">
        <ele>18.6000003814697265625</ele>
        <time>2025-08-06T10:58:01.000Z</time>
        <extensions>
          <ns3:TrackPointExtension>
            <ns3:hr>97</ns3:hr>
            <ns3:cad>57</ns3:cad>
          </ns3:TrackPointExtension>
        </extensions>
      </trkpt>
      <trkpt lat="24.4268696196377277374267578125" lon="118.127199746668338775634765625">
        <ele>18.6000003814697265625</ele>
        <time>2025-08-06T10:58:02.000Z</time>
        <extensions>
          <ns3:TrackPointExtension>
            <ns3:hr>98</ns3:hr>
            <ns3:cad>57</ns3:cad>
          </ns3:TrackPointExtension>
        </extensions>
      </trkpt>
      <trkpt lat="24.4268639199435710906982421875" lon="118.127211146056652069091796875">
        <ele>18.6000003814697265625</ele>
        <time>2025-08-06T10:58:03.000Z</time>
        <extensions>
          <ns3:TrackPointExtension>
            <ns3:hr>98</ns3:hr>
            <ns3:cad>57</ns3:cad>
          </ns3:TrackPointExtension>
        </extensions>
      </trkpt>
      <trkpt lat="24.42685629241168498992919921875" lon="118.12722246162593364715576171875">
        <ele>18.6000003814697265625</ele>
        <time>2025-08-06T10:58:04.000Z</time>
        <extensions>
          <ns3:TrackPointExtension>
            <ns3:hr>98</ns3:hr>
            <ns3:cad>56</ns3:cad>
          </ns3:TrackPointExtension>
        </extensions>
      </trkpt>
      <trkpt lat="24.42684866487979888916015625" lon="118.12723151408135890960693359375">
        <ele>18.6000003814697265625</ele>
        <time>2025-08-06T10:58:05.000Z</time>
        <extensions>
          <ns3:TrackPointExtension>
            <ns3:hr>98</ns3:hr>
            <ns3:cad>56</ns3:cad>
          </ns3:TrackPointExtension>
        </extensions>
      </trkpt>
      <trkpt lat="24.42684371955692768096923828125" lon="118.12723637558519840240478515625">
        <ele>18.799999237060546875</ele>
        <time>2025-08-06T10:58:06.000Z</time>
        <extensions>
          <ns3:TrackPointExtension>
            <ns3:hr>97</ns3:hr>
            <ns3:cad>56</ns3:cad>
          </ns3:TrackPointExtension>
        </extensions>
      </trkpt>
      <trkpt lat="24.426835589110851287841796875" lon="118.127245008945465087890625">
        <ele>18.799999237060546875</ele>
        <time>2025-08-06T10:58:07.000Z</time>
        <extensions>
          <ns3:TrackPointExtension>
            <ns3:hr>98</ns3:hr>
            <ns3:cad>56</ns3:cad>
          </ns3:TrackPointExtension>
        </extensions>
      </trkpt>
      <trkpt lat="24.4268283806741237640380859375" lon="118.12725045718252658843994140625">
        <ele>18.799999237060546875</ele>
        <time>2025-08-06T10:58:08.000Z</time>
        <extensions>
          <ns3:TrackPointExtension>
            <ns3:hr>99</ns3:hr>
            <ns3:cad>56</ns3:cad>
          </ns3:TrackPointExtension>
        </extensions>
      </trkpt>
      <trkpt lat="24.42681941203773021697998046875" lon="118.12724660150706768035888671875">
        <ele>18.799999237060546875</ele>
        <time>2025-08-06T10:58:09.000Z</time>
        <extensions>
          <ns3:TrackPointExtension>
            <ns3:hr>102</ns3:hr>
            <ns3:cad>0</ns3:cad>
          </ns3:TrackPointExtension>
        </extensions>
      </trkpt>
      <trkpt lat="24.42680985666811466217041015625" lon="118.1272404827177524566650390625">
        <ele>18.799999237060546875</ele>
        <time>2025-08-06T10:58:10.000Z</time>
        <extensions>
          <ns3:TrackPointExtension>
            <ns3:hr>102</ns3:hr>
            <ns3:cad>0</ns3:cad>
          </ns3:TrackPointExtension>
        </extensions>
      </trkpt>
      <trkpt lat="24.4268042407929897308349609375" lon="118.1272361241281032562255859375">
        <ele>18.799999237060546875</ele>
        <time>2025-08-06T10:58:11.000Z</time>
        <extensions>
          <ns3:TrackPointExtension>
            <ns3:hr>102</ns3:hr>
            <ns3:cad>0</ns3:cad>
          </ns3:TrackPointExtension>
        </extensions>
      </trkpt>
      <trkpt lat="24.426800049841403961181640625" lon="118.1272264011204242706298828125">
        <ele>19</ele>
        <time>2025-08-06T10:58:12.000Z</time>
        <extensions>
          <ns3:TrackPointExtension>
            <ns3:hr>103</ns3:hr>
            <ns3:cad>53</ns3:cad>
          </ns3:TrackPointExtension>
        </extensions>
      </trkpt>
      <trkpt lat="24.4268035702407360076904296875" lon="118.127218522131443023681640625">
        <ele>19</ele>
        <time>2025-08-06T10:58:13.000Z</time>
        <extensions>
          <ns3:TrackPointExtension>
            <ns3:hr>102</ns3:hr>
            <ns3:cad>53</ns3:cad>
          </ns3:TrackPointExtension>
        </extensions>
      </trkpt>
      <trkpt lat="24.4268096052110195159912109375" lon="118.1272126547992229461669921875">
        <ele>19</ele>
        <time>2025-08-06T10:58:14.000Z</time>
        <extensions>
          <ns3:TrackPointExtension>
            <ns3:hr>102</ns3:hr>
            <ns3:cad>53</ns3:cad>
          </ns3:TrackPointExtension>
        </extensions>
      </trkpt>
      <trkpt lat="24.4268126226961612701416015625" lon="118.12720452435314655303955078125">
        <ele>19</ele>
        <time>2025-08-06T10:58:15.000Z</time>
        <extensions>
          <ns3:TrackPointExtension>
            <ns3:hr>102</ns3:hr>
            <ns3:cad>53</ns3:cad>
          </ns3:TrackPointExtension>
        </extensions>
      </trkpt>
      <trkpt lat="24.4268169812858104705810546875" lon="118.12719446606934070587158203125">
        <ele>19</ele>
        <time>2025-08-06T10:58:16.000Z</time>
        <extensions>
          <ns3:TrackPointExtension>
            <ns3:hr>102</ns3:hr>
            <ns3:cad>53</ns3:cad>
          </ns3:TrackPointExtension>
        </extensions>
      </trkpt>
      <trkpt lat="24.42682058550417423248291015625" lon="118.12718407250940799713134765625">
        <ele>19</ele>
        <time>2025-08-06T10:58:17.000Z</time>
        <extensions>
          <ns3:TrackPointExtension>
            <ns3:hr>102</ns3:hr>
            <ns3:cad>53</ns3:cad>
          </ns3:TrackPointExtension>
        </extensions>
      </trkpt>
      <trkpt lat="24.4268246926367282867431640625" lon="118.12717149965465068817138671875">
        <ele>19</ele>
        <time>2025-08-06T10:58:18.000Z</time>
        <extensions>
          <ns3:TrackPointExtension>
            <ns3:hr>102</ns3:hr>
            <ns3:cad>53</ns3:cad>
          </ns3:TrackPointExtension>
        </extensions>
      </trkpt>
      <trkpt lat="24.42682829685509204864501953125" lon="118.1271593458950519561767578125">
        <ele>19</ele>
        <time>2025-08-06T10:58:19.000Z</time>
        <extensions>
          <ns3:TrackPointExtension>
            <ns3:hr>102</ns3:hr>
            <ns3:cad>53</ns3:cad>
          </ns3:TrackPointExtension>
        </extensions>
      </trkpt>
      <trkpt lat="24.426830224692821502685546875" lon="118.12715113162994384765625">
        <ele>19</ele>
        <time>2025-08-06T10:58:20.000Z</time>
        <extensions>
          <ns3:TrackPointExtension>
            <ns3:hr>102</ns3:hr>
            <ns3:cad>53</ns3:cad>
          </ns3:TrackPointExtension>
        </extensions>
      </trkpt>
      <trkpt lat="24.4268324039876461029052734375" lon="118.12714316882193088531494140625">
        <ele>19</ele>
        <time>2025-08-06T10:58:21.000Z</time>
        <extensions>
          <ns3:TrackPointExtension>
            <ns3:hr>102</ns3:hr>
            <ns3:cad>53</ns3:cad>
          </ns3:TrackPointExtension>
        </extensions>
      </trkpt>
      <trkpt lat="24.42683634348213672637939453125" lon="118.12713294290006160736083984375">
        <ele>19</ele>
        <time>2025-08-06T10:58:22.000Z</time>
        <extensions>
          <ns3:TrackPointExtension>
            <ns3:hr>102</ns3:hr>
            <ns3:cad>53</ns3:cad>
          </ns3:TrackPointExtension>
        </extensions>
      </trkpt>
      <trkpt lat="24.426837600767612457275390625" lon="118.12712523154914379119873046875">
        <ele>19</ele>
        <time>2025-08-06T10:58:23.000Z</time>
        <extensions>
          <ns3:TrackPointExtension>
            <ns3:hr>102</ns3:hr>
            <ns3:cad>56</ns3:cad>
          </ns3:TrackPointExtension>
        </extensions>
      </trkpt>
      <trkpt lat="24.426838271319866180419921875" lon="118.12711601145565509796142578125">
        <ele>19.200000762939453125</ele>
        <time>2025-08-06T10:58:24.000Z</time>
        <extensions>
          <ns3:TrackPointExtension>
            <ns3:hr>102</ns3:hr>
            <ns3:cad>56</ns3:cad>
          </ns3:TrackPointExtension>
        </extensions>
      </trkpt>
      <trkpt lat="24.426840282976627349853515625" lon="118.12710260041058063507080078125">
        <ele>19.200000762939453125</ele>
        <time>2025-08-06T10:58:25.000Z</time>
        <extensions>
          <ns3:TrackPointExtension>
            <ns3:hr>102</ns3:hr>
            <ns3:cad>55</ns3:cad>
          </ns3:TrackPointExtension>
        </extensions>
      </trkpt>
      <trkpt lat="24.42684237845242023468017578125" lon="118.12708952464163303375244140625">
        <ele>19.200000762939453125</ele>
        <time>2025-08-06T10:58:26.000Z</time>
        <extensions>
          <ns3:TrackPointExtension>
            <ns3:hr>103</ns3:hr>
            <ns3:cad>55</ns3:cad>
          </ns3:TrackPointExtension>
        </extensions>
      </trkpt>
      <trkpt lat="24.42684598267078399658203125" lon="118.1270768679678440093994140625">
        <ele>19.200000762939453125</ele>
        <time>2025-08-06T10:58:27.000Z</time>
        <extensions>
          <ns3:TrackPointExtension>
            <ns3:hr>103</ns3:hr>
            <ns3:cad>55</ns3:cad>
          </ns3:TrackPointExtension>
        </extensions>
      </trkpt>
      <trkpt lat="24.42685126326978206634521484375" lon="118.12706404365599155426025390625">
        <ele>19.200000762939453125</ele>
        <time>2025-08-06T10:58:28.000Z</time>
        <extensions>
          <ns3:TrackPointExtension>
            <ns3:hr>103</ns3:hr>
            <ns3:cad>55</ns3:cad>
          </ns3:TrackPointExtension>
        </extensions>
      </trkpt>
      <trkpt lat="24.42685511894524097442626953125" lon="118.1270554102957248687744140625">
        <ele>19.200000762939453125</ele>
        <time>2025-08-06T10:58:29.000Z</time>
        <extensions>
          <ns3:TrackPointExtension>
            <ns3:hr>104</ns3:hr>
            <ns3:cad>55</ns3:cad>
          </ns3:TrackPointExtension>
        </extensions>
      </trkpt>
      <trkpt lat="24.42686081863939762115478515625" lon="118.127042837440967559814453125">
        <ele>19.200000762939453125</ele>
        <time>2025-08-06T10:58:30.000Z</time>
        <extensions>
          <ns3:TrackPointExtension>
            <ns3:hr>104</ns3:hr>
            <ns3:cad>55</ns3:cad>
          </ns3:TrackPointExtension>
        </extensions>
      </trkpt>
      <trkpt lat="24.42686752416193485260009765625" lon="118.12703118659555912017822265625">
        <ele>19.200000762939453125</ele>
        <time>2025-08-06T10:58:31.000Z</time>
        <extensions>
          <ns3:TrackPointExtension>
            <ns3:hr>105</ns3:hr>
            <ns3:cad>56</ns3:cad>
          </ns3:TrackPointExtension>
        </extensions>
      </trkpt>
      <trkpt lat="24.42687573842704296112060546875" lon="118.1270218826830387115478515625">
        <ele>19</ele>
        <time>2025-08-06T10:58:32.000Z</time>
        <extensions>
          <ns3:TrackPointExtension>
            <ns3:hr>105</ns3:hr>
            <ns3:cad>57</ns3:cad>
          </ns3:TrackPointExtension>
        </extensions>
      </trkpt>
      <trkpt lat="24.42688143812119960784912109375" lon="118.1270148418843746185302734375">
        <ele>19</ele>
        <time>2025-08-06T10:58:33.000Z</time>
        <extensions>
          <ns3:TrackPointExtension>
            <ns3:hr>105</ns3:hr>
            <ns3:cad>57</ns3:cad>
          </ns3:TrackPointExtension>
        </extensions>
      </trkpt>
      <trkpt lat="24.42688764072954654693603515625" lon="118.12700855545699596405029296875">
        <ele>19</ele>
        <time>2025-08-06T10:58:34.000Z</time>
        <extensions>
          <ns3:TrackPointExtension>
            <ns3:hr>105</ns3:hr>
            <ns3:cad>58</ns3:cad>
          </ns3:TrackPointExtension>
        </extensions>
      </trkpt>
      <trkpt lat="24.4268930889666080474853515625" lon="118.1270004250109195709228515625">
        <ele>18.799999237060546875</ele>
        <time>2025-08-06T10:58:35.000Z</time>
        <extensions>
          <ns3:TrackPointExtension>
            <ns3:hr>106</ns3:hr>
            <ns3:cad>59</ns3:cad>
          </ns3:TrackPointExtension>
        </extensions>
      </trkpt>
      <trkpt lat="24.4268974475562572479248046875" lon="118.1269920431077480316162109375">
        <ele>18.799999237060546875</ele>
        <time>2025-08-06T10:58:36.000Z</time>
        <extensions>
          <ns3:TrackPointExtension>
            <ns3:hr>106</ns3:hr>
            <ns3:cad>59</ns3:cad>
          </ns3:TrackPointExtension>
        </extensions>
      </trkpt>
      <trkpt lat="24.42690121941268444061279296875" lon="118.12698206864297389984130859375">
        <ele>18.799999237060546875</ele>
        <time>2025-08-06T10:58:37.000Z</time>
        <extensions>
          <ns3:TrackPointExtension>
            <ns3:hr>106</ns3:hr>
            <ns3:cad>59</ns3:cad>
          </ns3:TrackPointExtension>
        </extensions>
      </trkpt>
      <trkpt lat="24.4269044883549213409423828125" lon="118.12697251327335834503173828125">
        <ele>18.6000003814697265625</ele>
        <time>2025-08-06T10:58:38.000Z</time>
        <extensions>
          <ns3:TrackPointExtension>
            <ns3:hr>106</ns3:hr>
            <ns3:cad>59</ns3:cad>
          </ns3:TrackPointExtension>
        </extensions>
      </trkpt>
      <trkpt lat="24.42690876312553882598876953125" lon="118.1269618682563304901123046875">
        <ele>18.6000003814697265625</ele>
        <time>2025-08-06T10:58:39.000Z</time>
        <extensions>
          <ns3:TrackPointExtension>
            <ns3:hr>106</ns3:hr>
            <ns3:cad>58</ns3:cad>
          </ns3:TrackPointExtension>
        </extensions>
      </trkpt>
      <trkpt lat="24.42691429518163204193115234375" lon="118.1269508041441440582275390625">
        <ele>18.3999996185302734375</ele>
        <time>2025-08-06T10:58:40.000Z</time>
        <extensions>
          <ns3:TrackPointExtension>
            <ns3:hr>106</ns3:hr>
            <ns3:cad>58</ns3:cad>
          </ns3:TrackPointExtension>
        </extensions>
      </trkpt>
      <trkpt lat="24.426920078694820404052734375" lon="118.1269404105842113494873046875">
        <ele>18.3999996185302734375</ele>
        <time>2025-08-06T10:58:41.000Z</time>
        <extensions>
          <ns3:TrackPointExtension>
            <ns3:hr>106</ns3:hr>
            <ns3:cad>57</ns3:cad>
          </ns3:TrackPointExtension>
        </extensions>
      </trkpt>
      <trkpt lat="24.426926113665103912353515625" lon="118.12692892737686634063720703125">
        <ele>18.200000762939453125</ele>
        <time>2025-08-06T10:58:42.000Z</time>
        <extensions>
          <ns3:TrackPointExtension>
            <ns3:hr>106</ns3:hr>
            <ns3:cad>57</ns3:cad>
          </ns3:TrackPointExtension>
        </extensions>
      </trkpt>
      <trkpt lat="24.4269296340644359588623046875" lon="118.1269218027591705322265625">
        <ele>18.200000762939453125</ele>
        <time>2025-08-06T10:58:43.000Z</time>
        <extensions>
          <ns3:TrackPointExtension>
            <ns3:hr>106</ns3:hr>
            <ns3:cad>57</ns3:cad>
          </ns3:TrackPointExtension>
        </extensions>
      </trkpt>
      <trkpt lat="24.42693449556827545166015625" lon="118.12691174447536468505859375">
        <ele>18</ele>
        <time>2025-08-06T10:58:44.000Z</time>
        <extensions>
          <ns3:TrackPointExtension>
            <ns3:hr>105</ns3:hr>
            <ns3:cad>58</ns3:cad>
          </ns3:TrackPointExtension>
        </extensions>
      </trkpt>
      <trkpt lat="24.42693860270082950592041015625" lon="118.12690235674381256103515625">
        <ele>18</ele>
        <time>2025-08-06T10:58:45.000Z</time>
        <extensions>
          <ns3:TrackPointExtension>
            <ns3:hr>106</ns3:hr>
            <ns3:cad>59</ns3:cad>
          </ns3:TrackPointExtension>
        </extensions>
      </trkpt>
      <trkpt lat="24.42694245837628841400146484375" lon="118.12689070589840412139892578125">
        <ele>17.799999237060546875</ele>
        <time>2025-08-06T10:58:46.000Z</time>
        <extensions>
          <ns3:TrackPointExtension>
            <ns3:hr>105</ns3:hr>
            <ns3:cad>59</ns3:cad>
          </ns3:TrackPointExtension>
        </extensions>
      </trkpt>
      <trkpt lat="24.4269460625946521759033203125" lon="118.126879893243312835693359375">
        <ele>17.799999237060546875</ele>
        <time>2025-08-06T10:58:47.000Z</time>
        <extensions>
          <ns3:TrackPointExtension>
            <ns3:hr>106</ns3:hr>
            <ns3:cad>59</ns3:cad>
          </ns3:TrackPointExtension>
        </extensions>
      </trkpt>
      <trkpt lat="24.42695016972720623016357421875" lon="118.1268696673214435577392578125">
        <ele>17.6000003814697265625</ele>
        <time>2025-08-06T10:58:48.000Z</time>
        <extensions>
          <ns3:TrackPointExtension>
            <ns3:hr>106</ns3:hr>
            <ns3:cad>58</ns3:cad>
          </ns3:TrackPointExtension>
        </extensions>
      </trkpt>
      <trkpt lat="24.42695461213588714599609375" lon="118.126860447227954864501953125">
        <ele>17.6000003814697265625</ele>
        <time>2025-08-06T10:58:49.000Z</time>
        <extensions>
          <ns3:TrackPointExtension>
            <ns3:hr>106</ns3:hr>
            <ns3:cad>57</ns3:cad>
          </ns3:TrackPointExtension>
        </extensions>
      </trkpt>
      <trkpt lat="24.42695989273488521575927734375" lon="118.12685064040124416351318359375">
        <ele>17.3999996185302734375</ele>
        <time>2025-08-06T10:58:50.000Z</time>
        <extensions>
          <ns3:TrackPointExtension>
            <ns3:hr>105</ns3:hr>
            <ns3:cad>57</ns3:cad>
          </ns3:TrackPointExtension>
        </extensions>
      </trkpt>
      <trkpt lat="24.4269661791622638702392578125" lon="118.12683924101293087005615234375">
        <ele>17.3999996185302734375</ele>
        <time>2025-08-06T10:58:51.000Z</time>
        <extensions>
          <ns3:TrackPointExtension>
            <ns3:hr>106</ns3:hr>
            <ns3:cad>57</ns3:cad>
          </ns3:TrackPointExtension>
        </extensions>
      </trkpt>
      <trkpt lat="24.4269702024757862091064453125" lon="118.126832954585552215576171875">
        <ele>17.200000762939453125</ele>
        <time>2025-08-06T10:58:52.000Z</time>
        <extensions>
          <ns3:TrackPointExtension>
            <ns3:hr>106</ns3:hr>
            <ns3:cad>57</ns3:cad>
          </ns3:TrackPointExtension>
        </extensions>
      </trkpt>
      <trkpt lat="24.42697615362703800201416015625" lon="118.12682465650141239166259765625">
        <ele>17.200000762939453125</ele>
        <time>2025-08-06T10:58:53.000Z</time>
        <extensions>
          <ns3:TrackPointExtension>
            <ns3:hr>106</ns3:hr>
            <ns3:cad>57</ns3:cad>
          </ns3:TrackPointExtension>
        </extensions>
      </trkpt>
      <trkpt lat="24.4269826076924800872802734375" lon="118.12681325711309909820556640625">
        <ele>17.200000762939453125</ele>
        <time>2025-08-06T10:58:54.000Z</time>
        <extensions>
          <ns3:TrackPointExtension>
            <ns3:hr>106</ns3:hr>
            <ns3:cad>57</ns3:cad>
          </ns3:TrackPointExtension>
        </extensions>
      </trkpt>
      <trkpt lat="24.426987469196319580078125" lon="118.12680370174348354339599609375">
        <ele>17.200000762939453125</ele>
        <time>2025-08-06T10:58:55.000Z</time>
        <extensions>
          <ns3:TrackPointExtension>
            <ns3:hr>106</ns3:hr>
            <ns3:cad>57</ns3:cad>
          </ns3:TrackPointExtension>
        </extensions>
      </trkpt>
      <trkpt lat="24.4269926659762859344482421875" lon="118.12679364345967769622802734375">
        <ele>17.200000762939453125</ele>
        <time>2025-08-06T10:58:56.000Z</time>
        <extensions>
          <ns3:TrackPointExtension>
            <ns3:hr>106</ns3:hr>
            <ns3:cad>57</ns3:cad>
          </ns3:TrackPointExtension>
        </extensions>
      </trkpt>
      <trkpt lat="24.42699828185141086578369140625" lon="118.12678677029907703399658203125">
        <ele>17</ele>
        <time>2025-08-06T10:58:57.000Z</time>
        <extensions>
          <ns3:TrackPointExtension>
            <ns3:hr>106</ns3:hr>
            <ns3:cad>57</ns3:cad>
          </ns3:TrackPointExtension>
        </extensions>
      </trkpt>
      <trkpt lat="24.427003897726535797119140625" lon="118.12677889131009578704833984375">
        <ele>16.799999237060546875</ele>
        <time>2025-08-06T10:58:58.000Z</time>
        <extensions>
          <ns3:TrackPointExtension>
            <ns3:hr>105</ns3:hr>
            <ns3:cad>57</ns3:cad>
          </ns3:TrackPointExtension>
        </extensions>
      </trkpt>
      <trkpt lat="24.4270050711929798126220703125" lon="118.12677252106368541717529296875">
        <ele>16.6000003814697265625</ele>
        <time>2025-08-06T10:58:59.000Z</time>
        <extensions>
          <ns3:TrackPointExtension>
            <ns3:hr>104</ns3:hr>
            <ns3:cad>59</ns3:cad>
          </ns3:TrackPointExtension>
        </extensions>
      </trkpt>
      <trkpt lat="24.42700834013521671295166015625" lon="118.12676179222762584686279296875">
        <ele>16.3999996185302734375</ele>
        <time>2025-08-06T10:59:00.000Z</time>
        <extensions>
          <ns3:TrackPointExtension>
            <ns3:hr>103</ns3:hr>
            <ns3:cad>59</ns3:cad>
          </ns3:TrackPointExtension>
        </extensions>
      </trkpt>
      <trkpt lat="24.42701160907745361328125" lon="118.12675089575350284576416015625">
        <ele>16.200000762939453125</ele>
        <time>2025-08-06T10:59:01.000Z</time>
        <extensions>
          <ns3:TrackPointExtension>
            <ns3:hr>102</ns3:hr>
            <ns3:cad>58</ns3:cad>
          </ns3:TrackPointExtension>
        </extensions>
      </trkpt>
      <trkpt lat="24.42701571621000766754150390625" lon="118.12673966400325298309326171875">
        <ele>16.200000762939453125</ele>
        <time>2025-08-06T10:59:02.000Z</time>
        <extensions>
          <ns3:TrackPointExtension>
            <ns3:hr>102</ns3:hr>
            <ns3:cad>58</ns3:cad>
          </ns3:TrackPointExtension>
        </extensions>
      </trkpt>
      <trkpt lat="24.42702032625675201416015625" lon="118.1267273426055908203125">
        <ele>16</ele>
        <time>2025-08-06T10:59:03.000Z</time>
        <extensions>
          <ns3:TrackPointExtension>
            <ns3:hr>101</ns3:hr>
            <ns3:cad>58</ns3:cad>
          </ns3:TrackPointExtension>
        </extensions>
      </trkpt>
      <trkpt lat="24.427022673189640045166015625" lon="118.12671485356986522674560546875">
        <ele>15.80000019073486328125</ele>
        <time>2025-08-06T10:59:04.000Z</time>
        <extensions>
          <ns3:TrackPointExtension>
            <ns3:hr>100</ns3:hr>
            <ns3:cad>59</ns3:cad>
          </ns3:TrackPointExtension>
        </extensions>
      </trkpt>
      <trkpt lat="24.4270261935889720916748046875" lon="118.1267016939818859100341796875">
        <ele>15.80000019073486328125</ele>
        <time>2025-08-06T10:59:05.000Z</time>
        <extensions>
          <ns3:TrackPointExtension>
            <ns3:hr>99</ns3:hr>
            <ns3:cad>58</ns3:cad>
          </ns3:TrackPointExtension>
        </extensions>
      </trkpt>
      <trkpt lat="24.4270308874547481536865234375" lon="118.12668778002262115478515625">
        <ele>15.6000003814697265625</ele>
        <time>2025-08-06T10:59:06.000Z</time>
        <extensions>
          <ns3:TrackPointExtension>
            <ns3:hr>97</ns3:hr>
            <ns3:cad>59</ns3:cad>
          </ns3:TrackPointExtension>
        </extensions>
      </trkpt>
      <trkpt lat="24.42703650332987308502197265625" lon="118.12667679972946643829345703125">
        <ele>15.3999996185302734375</ele>
        <time>2025-08-06T10:59:07.000Z</time>
        <extensions>
          <ns3:TrackPointExtension>
            <ns3:hr>96</ns3:hr>
            <ns3:cad>59</ns3:cad>
          </ns3:TrackPointExtension>
        </extensions>
      </trkpt>
      <trkpt lat="24.42704170010983943939208984375" lon="118.1266658194363117218017578125">
        <ele>15.3999996185302734375</ele>
        <time>2025-08-06T10:59:08.000Z</time>
        <extensions>
          <ns3:TrackPointExtension>
            <ns3:hr>96</ns3:hr>
            <ns3:cad>59</ns3:cad>
          </ns3:TrackPointExtension>
        </extensions>
      </trkpt>
      <trkpt lat="24.42704848945140838623046875" lon="118.12665450386703014373779296875">
        <ele>15.19999980926513671875</ele>
        <time>2025-08-06T10:59:09.000Z</time>
        <extensions>
          <ns3:TrackPointExtension>
            <ns3:hr>96</ns3:hr>
            <ns3:cad>59</ns3:cad>
          </ns3:TrackPointExtension>
        </extensions>
      </trkpt>
      <trkpt lat="24.42705444060266017913818359375" lon="118.1266443617641925811767578125">
        <ele>15</ele>
        <time>2025-08-06T10:59:10.000Z</time>
        <extensions>
          <ns3:TrackPointExtension>
            <ns3:hr>95</ns3:hr>
            <ns3:cad>59</ns3:cad>
          </ns3:TrackPointExtension>
        </extensions>
      </trkpt>
      <trkpt lat="24.42705863155424594879150390625" lon="118.1266366504132747650146484375">
        <ele>15</ele>
        <time>2025-08-06T10:59:11.000Z</time>
        <extensions>
          <ns3:TrackPointExtension>
            <ns3:hr>96</ns3:hr>
            <ns3:cad>59</ns3:cad>
          </ns3:TrackPointExtension>
        </extensions>
      </trkpt>
      <trkpt lat="24.42706617526710033416748046875" lon="118.126625753939151763916015625">
        <ele>14.80000019073486328125</ele>
        <time>2025-08-06T10:59:12.000Z</time>
        <extensions>
          <ns3:TrackPointExtension>
            <ns3:hr>96</ns3:hr>
            <ns3:cad>59</ns3:cad>
          </ns3:TrackPointExtension>
        </extensions>
      </trkpt>
      <trkpt lat="24.4270746409893035888671875" lon="118.1266148574650287628173828125">
        <ele>14.80000019073486328125</ele>
        <time>2025-08-06T10:59:13.000Z</time>
        <extensions>
          <ns3:TrackPointExtension>
            <ns3:hr>97</ns3:hr>
            <ns3:cad>59</ns3:cad>
          </ns3:TrackPointExtension>
        </extensions>
      </trkpt>
      <trkpt lat="24.42708243615925312042236328125" lon="118.12660588882863521575927734375">
        <ele>14.80000019073486328125</ele>
        <time>2025-08-06T10:59:14.000Z</time>
        <extensions>
          <ns3:TrackPointExtension>
            <ns3:hr>98</ns3:hr>
            <ns3:cad>59</ns3:cad>
          </ns3:TrackPointExtension>
        </extensions>
      </trkpt>
      <trkpt lat="24.42708738148212432861328125" lon="118.1265987642109394073486328125">
        <ele>14.80000019073486328125</ele>
        <time>2025-08-06T10:59:15.000Z</time>
        <extensions>
          <ns3:TrackPointExtension>
            <ns3:hr>98</ns3:hr>
            <ns3:cad>59</ns3:cad>
          </ns3:TrackPointExtension>
        </extensions>
      </trkpt>
      <trkpt lat="24.4270935840904712677001953125" lon="118.12659147195518016815185546875">
        <ele>14.6000003814697265625</ele>
        <time>2025-08-06T10:59:16.000Z</time>
        <extensions>
          <ns3:TrackPointExtension>
            <ns3:hr>97</ns3:hr>
            <ns3:cad>59</ns3:cad>
          </ns3:TrackPointExtension>
        </extensions>
      </trkpt>
      <trkpt lat="24.42709869705140590667724609375" lon="118.1265836767852306365966796875">
        <ele>14.6000003814697265625</ele>
        <time>2025-08-06T10:59:17.000Z</time>
        <extensions>
          <ns3:TrackPointExtension>
            <ns3:hr>97</ns3:hr>
            <ns3:cad>59</ns3:cad>
          </ns3:TrackPointExtension>
        </extensions>
      </trkpt>
      <trkpt lat="24.4271043129265308380126953125" lon="118.126574791967868804931640625">
        <ele>14.3999996185302734375</ele>
        <time>2025-08-06T10:59:18.000Z</time>
        <extensions>
          <ns3:TrackPointExtension>
            <ns3:hr>97</ns3:hr>
            <ns3:cad>59</ns3:cad>
          </ns3:TrackPointExtension>
        </extensions>
      </trkpt>
      <trkpt lat="24.4271106831729412078857421875" lon="118.12656414695084095001220703125">
        <ele>14.3999996185302734375</ele>
        <time>2025-08-06T10:59:19.000Z</time>
        <extensions>
          <ns3:TrackPointExtension>
            <ns3:hr>97</ns3:hr>
            <ns3:cad>59</ns3:cad>
          </ns3:TrackPointExtension>
        </extensions>
      </trkpt>
      <trkpt lat="24.42711688578128814697265625" lon="118.126555345952510833740234375">
        <ele>14.3999996185302734375</ele>
        <time>2025-08-06T10:59:20.000Z</time>
        <extensions>
          <ns3:TrackPointExtension>
            <ns3:hr>97</ns3:hr>
            <ns3:cad>59</ns3:cad>
          </ns3:TrackPointExtension>
        </extensions>
      </trkpt>
      <trkpt lat="24.427123926579952239990234375" lon="118.126544952392578125">
        <ele>14.19999980926513671875</ele>
        <time>2025-08-06T10:59:21.000Z</time>
        <extensions>
          <ns3:TrackPointExtension>
            <ns3:hr>97</ns3:hr>
            <ns3:cad>59</ns3:cad>
          </ns3:TrackPointExtension>
        </extensions>
      </trkpt>
      <trkpt lat="24.42713038064539432525634765625" lon="118.126535229384899139404296875">
        <ele>14.19999980926513671875</ele>
        <time>2025-08-06T10:59:22.000Z</time>
        <extensions>
          <ns3:TrackPointExtension>
            <ns3:hr>97</ns3:hr>
            <ns3:cad>59</ns3:cad>
          </ns3:TrackPointExtension>
        </extensions>
      </trkpt>
      <trkpt lat="24.4271381758153438568115234375" lon="118.12652609311044216156005859375">
        <ele>14.19999980926513671875</ele>
        <time>2025-08-06T10:59:23.000Z</time>
        <extensions>
          <ns3:TrackPointExtension>
            <ns3:hr>97</ns3:hr>
            <ns3:cad>59</ns3:cad>
          </ns3:TrackPointExtension>
        </extensions>
      </trkpt>
      <trkpt lat="24.427146054804325103759765625" lon="118.12651704065501689910888671875">
        <ele>14.19999980926513671875</ele>
        <time>2025-08-06T10:59:24.000Z</time>
        <extensions>
          <ns3:TrackPointExtension>
            <ns3:hr>96</ns3:hr>
            <ns3:cad>59</ns3:cad>
          </ns3:TrackPointExtension>
        </extensions>
      </trkpt>
      <trkpt lat="24.4271542690694332122802734375" lon="118.1265068985521793365478515625">
        <ele>14</ele>
        <time>2025-08-06T10:59:25.000Z</time>
        <extensions>
          <ns3:TrackPointExtension>
            <ns3:hr>96</ns3:hr>
            <ns3:cad>58</ns3:cad>
          </ns3:TrackPointExtension>
        </extensions>
      </trkpt>
      <trkpt lat="24.42716156132519245147705078125" lon="118.1264975108206272125244140625">
        <ele>13.80000019073486328125</ele>
        <time>2025-08-06T10:59:26.000Z</time>
        <extensions>
          <ns3:TrackPointExtension>
            <ns3:hr>95</ns3:hr>
            <ns3:cad>57</ns3:cad>
          </ns3:TrackPointExtension>
        </extensions>
      </trkpt>
      <trkpt lat="24.42716843448579311370849609375" lon="118.12648938037455081939697265625">
        <ele>13.80000019073486328125</ele>
        <time>2025-08-06T10:59:27.000Z</time>
        <extensions>
          <ns3:TrackPointExtension>
            <ns3:hr>95</ns3:hr>
            <ns3:cad>57</ns3:cad>
          </ns3:TrackPointExtension>
        </extensions>
      </trkpt>
      <trkpt lat="24.4271740503609180450439453125" lon="118.126481585204601287841796875">
        <ele>13.6000003814697265625</ele>
        <time>2025-08-06T10:59:28.000Z</time>
        <extensions>
          <ns3:TrackPointExtension>
            <ns3:hr>94</ns3:hr>
            <ns3:cad>57</ns3:cad>
          </ns3:TrackPointExtension>
        </extensions>
      </trkpt>
      <trkpt lat="24.42717991769313812255859375" lon="118.126472532749176025390625">
        <ele>13.6000003814697265625</ele>
        <time>2025-08-06T10:59:29.000Z</time>
        <extensions>
          <ns3:TrackPointExtension>
            <ns3:hr>93</ns3:hr>
            <ns3:cad>57</ns3:cad>
          </ns3:TrackPointExtension>
        </extensions>
      </trkpt>
      <trkpt lat="24.4271872937679290771484375" lon="118.1264656595885753631591796875">
        <ele>13.3999996185302734375</ele>
        <time>2025-08-06T10:59:30.000Z</time>
        <extensions>
          <ns3:TrackPointExtension>
            <ns3:hr>91</ns3:hr>
            <ns3:cad>57</ns3:cad>
          </ns3:TrackPointExtension>
        </extensions>
      </trkpt>
      <trkpt lat="24.42719408310949802398681640625" lon="118.12645652331411838531494140625">
        <ele>13.3999996185302734375</ele>
        <time>2025-08-06T10:59:31.000Z</time>
        <extensions>
          <ns3:TrackPointExtension>
            <ns3:hr>90</ns3:hr>
            <ns3:cad>58</ns3:cad>
          </ns3:TrackPointExtension>
        </extensions>
      </trkpt>
      <trkpt lat="24.42719927988946437835693359375" lon="118.12644730322062969207763671875">
        <ele>13.3999996185302734375</ele>
        <time>2025-08-06T10:59:32.000Z</time>
        <extensions>
          <ns3:TrackPointExtension>
            <ns3:hr>90</ns3:hr>
            <ns3:cad>59</ns3:cad>
          </ns3:TrackPointExtension>
        </extensions>
      </trkpt>
      <trkpt lat="24.4272052310407161712646484375" lon="118.126436658203601837158203125">
        <ele>13.3999996185302734375</ele>
        <time>2025-08-06T10:59:33.000Z</time>
        <extensions>
          <ns3:TrackPointExtension>
            <ns3:hr>90</ns3:hr>
            <ns3:cad>59</ns3:cad>
          </ns3:TrackPointExtension>
        </extensions>
      </trkpt>
      <trkpt lat="24.42721269093453884124755859375" lon="118.1264240853488445281982421875">
        <ele>13.19999980926513671875</ele>
        <time>2025-08-06T10:59:34.000Z</time>
        <extensions>
          <ns3:TrackPointExtension>
            <ns3:hr>90</ns3:hr>
            <ns3:cad>57</ns3:cad>
          </ns3:TrackPointExtension>
        </extensions>
      </trkpt>
      <trkpt lat="24.4272189773619174957275390625" lon="118.12641243450343608856201171875">
        <ele>13.19999980926513671875</ele>
        <time>2025-08-06T10:59:35.000Z</time>
        <extensions>
          <ns3:TrackPointExtension>
            <ns3:hr>90</ns3:hr>
            <ns3:cad>56</ns3:cad>
          </ns3:TrackPointExtension>
        </extensions>
      </trkpt>
      <trkpt lat="24.42722375504672527313232421875" lon="118.12640086747705936431884765625">
        <ele>13</ele>
        <time>2025-08-06T10:59:36.000Z</time>
        <extensions>
          <ns3:TrackPointExtension>
            <ns3:hr>90</ns3:hr>
            <ns3:cad>55</ns3:cad>
          </ns3:TrackPointExtension>
        </extensions>
      </trkpt>
      <trkpt lat="24.42722677253186702728271484375" lon="118.1263898871839046478271484375">
        <ele>13</ele>
        <time>2025-08-06T10:59:37.000Z</time>
        <extensions>
          <ns3:TrackPointExtension>
            <ns3:hr>90</ns3:hr>
            <ns3:cad>55</ns3:cad>
          </ns3:TrackPointExtension>
        </extensions>
      </trkpt>
      <trkpt lat="24.42722844891250133514404296875" lon="118.12637689523398876190185546875">
        <ele>12.80000019073486328125</ele>
        <time>2025-08-06T10:59:38.000Z</time>
        <extensions>
          <ns3:TrackPointExtension>
            <ns3:hr>91</ns3:hr>
            <ns3:cad>55</ns3:cad>
          </ns3:TrackPointExtension>
        </extensions>
      </trkpt>
      <trkpt lat="24.42723129875957965850830078125" lon="118.12636365182697772979736328125">
        <ele>12.80000019073486328125</ele>
        <time>2025-08-06T10:59:39.000Z</time>
        <extensions>
          <ns3:TrackPointExtension>
            <ns3:hr>90</ns3:hr>
            <ns3:cad>56</ns3:cad>
          </ns3:TrackPointExtension>
        </extensions>
      </trkpt>
      <trkpt lat="24.42723331041634082794189453125" lon="118.12635141424834728240966796875">
        <ele>12.6000003814697265625</ele>
        <time>2025-08-06T10:59:40.000Z</time>
        <extensions>
          <ns3:TrackPointExtension>
            <ns3:hr>90</ns3:hr>
            <ns3:cad>56</ns3:cad>
          </ns3:TrackPointExtension>
        </extensions>
      </trkpt>
      <trkpt lat="24.42723364569246768951416015625" lon="118.126337416470050811767578125">
        <ele>12.6000003814697265625</ele>
        <time>2025-08-06T10:59:41.000Z</time>
        <extensions>
          <ns3:TrackPointExtension>
            <ns3:hr>90</ns3:hr>
            <ns3:cad>57</ns3:cad>
          </ns3:TrackPointExtension>
        </extensions>
      </trkpt>
      <trkpt lat="24.4272330589592456817626953125" lon="118.12632325105369091033935546875">
        <ele>12.3999996185302734375</ele>
        <time>2025-08-06T10:59:42.000Z</time>
        <extensions>
          <ns3:TrackPointExtension>
            <ns3:hr>90</ns3:hr>
            <ns3:cad>57</ns3:cad>
          </ns3:TrackPointExtension>
        </extensions>
      </trkpt>
      <trkpt lat="24.427231885492801666259765625" lon="118.12631151638925075531005859375">
        <ele>12.3999996185302734375</ele>
        <time>2025-08-06T10:59:43.000Z</time>
        <extensions>
          <ns3:TrackPointExtension>
            <ns3:hr>89</ns3:hr>
            <ns3:cad>57</ns3:cad>
          </ns3:TrackPointExtension>
        </extensions>
      </trkpt>
      <trkpt lat="24.42722979001700878143310546875" lon="118.12630355358123779296875">
        <ele>12.19999980926513671875</ele>
        <time>2025-08-06T10:59:44.000Z</time>
        <extensions>
          <ns3:TrackPointExtension>
            <ns3:hr>90</ns3:hr>
            <ns3:cad>57</ns3:cad>
          </ns3:TrackPointExtension>
        </extensions>
      </trkpt>
      <trkpt lat="24.42722685635089874267578125" lon="118.1262950040400028228759765625">
        <ele>12.19999980926513671875</ele>
        <time>2025-08-06T10:59:45.000Z</time>
        <extensions>
          <ns3:TrackPointExtension>
            <ns3:hr>90</ns3:hr>
            <ns3:cad>57</ns3:cad>
          </ns3:TrackPointExtension>
        </extensions>
      </trkpt>
      <trkpt lat="24.42722325213253498077392578125" lon="118.12629022635519504547119140625">
        <ele>12</ele>
        <time>2025-08-06T10:59:46.000Z</time>
        <extensions>
          <ns3:TrackPointExtension>
            <ns3:hr>90</ns3:hr>
            <ns3:cad>57</ns3:cad>
          </ns3:TrackPointExtension>
        </extensions>
      </trkpt>
      <trkpt lat="24.42721738480031490325927734375" lon="118.12628637067973613739013671875">
        <ele>11.80000019073486328125</ele>
        <time>2025-08-06T10:59:47.000Z</time>
        <extensions>
          <ns3:TrackPointExtension>
            <ns3:hr>91</ns3:hr>
            <ns3:cad>57</ns3:cad>
          </ns3:TrackPointExtension>
        </extensions>
      </trkpt>
      <trkpt lat="24.4272099249064922332763671875" lon="118.1262799166142940521240234375">
        <ele>11.80000019073486328125</ele>
        <time>2025-08-06T10:59:48.000Z</time>
        <extensions>
          <ns3:TrackPointExtension>
            <ns3:hr>91</ns3:hr>
            <ns3:cad>57</ns3:cad>
          </ns3:TrackPointExtension>
        </extensions>
      </trkpt>
      <trkpt lat="24.42720045335590839385986328125" lon="118.12627295963466167449951171875">
        <ele>11.6000003814697265625</ele>
        <time>2025-08-06T10:59:49.000Z</time>
        <extensions>
          <ns3:TrackPointExtension>
            <ns3:hr>91</ns3:hr>
            <ns3:cad>57</ns3:cad>
          </ns3:TrackPointExtension>
        </extensions>
      </trkpt>
      <trkpt lat="24.42718888632953166961669921875" lon="118.12626608647406101226806640625">
        <ele>11.6000003814697265625</ele>
        <time>2025-08-06T10:59:50.000Z</time>
        <extensions>
          <ns3:TrackPointExtension>
            <ns3:hr>90</ns3:hr>
            <ns3:cad>56</ns3:cad>
          </ns3:TrackPointExtension>
        </extensions>
      </trkpt>
      <trkpt lat="24.427176900207996368408203125" lon="118.1262618117034435272216796875">
        <ele>11.3999996185302734375</ele>
        <time>2025-08-06T10:59:51.000Z</time>
        <extensions>
          <ns3:TrackPointExtension>
            <ns3:hr>90</ns3:hr>
            <ns3:cad>56</ns3:cad>
          </ns3:TrackPointExtension>
        </extensions>
      </trkpt>
      <trkpt lat="24.42716172896325588226318359375" lon="118.126260302960872650146484375">
        <ele>11.3999996185302734375</ele>
        <time>2025-08-06T10:59:52.000Z</time>
        <extensions>
          <ns3:TrackPointExtension>
            <ns3:hr>90</ns3:hr>
            <ns3:cad>56</ns3:cad>
          </ns3:TrackPointExtension>
        </extensions>
      </trkpt>
      <trkpt lat="24.42714639008045196533203125" lon="118.12625954858958721160888671875">
        <ele>11.19999980926513671875</ele>
        <time>2025-08-06T10:59:53.000Z</time>
        <extensions>
          <ns3:TrackPointExtension>
            <ns3:hr>89</ns3:hr>
            <ns3:cad>56</ns3:cad>
          </ns3:TrackPointExtension>
        </extensions>
      </trkpt>
      <trkpt lat="24.42713423632085323333740234375" lon="118.12625669874250888824462890625">
        <ele>11.19999980926513671875</ele>
        <time>2025-08-06T10:59:54.000Z</time>
        <extensions>
          <ns3:TrackPointExtension>
            <ns3:hr>89</ns3:hr>
            <ns3:cad>56</ns3:cad>
          </ns3:TrackPointExtension>
        </extensions>
      </trkpt>
      <trkpt lat="24.42711847834289073944091796875" lon="118.1262567825615406036376953125">
        <ele>11.19999980926513671875</ele>
        <time>2025-08-06T10:59:55.000Z</time>
        <extensions>
          <ns3:TrackPointExtension>
            <ns3:hr>89</ns3:hr>
            <ns3:cad>56</ns3:cad>
          </ns3:TrackPointExtension>
        </extensions>
      </trkpt>
      <trkpt lat="24.42710707895457744598388671875" lon="118.1262598000466823577880859375">
        <ele>11.19999980926513671875</ele>
        <time>2025-08-06T10:59:56.000Z</time>
        <extensions>
          <ns3:TrackPointExtension>
            <ns3:hr>89</ns3:hr>
            <ns3:cad>57</ns3:cad>
          </ns3:TrackPointExtension>
        </extensions>
      </trkpt>
      <trkpt lat="24.4270915724337100982666015625" lon="118.1262638233602046966552734375">
        <ele>11.19999980926513671875</ele>
        <time>2025-08-06T10:59:57.000Z</time>
        <extensions>
          <ns3:TrackPointExtension>
            <ns3:hr>89</ns3:hr>
            <ns3:cad>57</ns3:cad>
          </ns3:TrackPointExtension>
        </extensions>
      </trkpt>
      <trkpt lat="24.42708277143537998199462890625" lon="118.12626977451145648956298828125">
        <ele>11.19999980926513671875</ele>
        <time>2025-08-06T10:59:58.000Z</time>
        <extensions>
          <ns3:TrackPointExtension>
            <ns3:hr>88</ns3:hr>
            <ns3:cad>57</ns3:cad>
          </ns3:TrackPointExtension>
        </extensions>
      </trkpt>
      <trkpt lat="24.42707438953220844268798828125" lon="118.12627932988107204437255859375">
        <ele>11</ele>
        <time>2025-08-06T10:59:59.000Z</time>
        <extensions>
          <ns3:TrackPointExtension>
            <ns3:hr>88</ns3:hr>
            <ns3:cad>57</ns3:cad>
          </ns3:TrackPointExtension>
        </extensions>
      </trkpt>
      <trkpt lat="24.42706785164773464202880859375" lon="118.1262899748980998992919921875">
        <ele>10.80000019073486328125</ele>
        <time>2025-08-06T11:00:00.000Z</time>
        <extensions>
          <ns3:TrackPointExtension>
            <ns3:hr>88</ns3:hr>
            <ns3:cad>57</ns3:cad>
          </ns3:TrackPointExtension>
        </extensions>
      </trkpt>
      <trkpt lat="24.4270610623061656951904296875" lon="118.1263000331819057464599609375">
        <ele>10.6000003814697265625</ele>
        <time>2025-08-06T11:00:01.000Z</time>
        <extensions>
          <ns3:TrackPointExtension>
            <ns3:hr>88</ns3:hr>
            <ns3:cad>57</ns3:cad>
          </ns3:TrackPointExtension>
        </extensions>
      </trkpt>
      <trkpt lat="24.4270546920597553253173828125" lon="118.12631151638925075531005859375">
        <ele>10.3999996185302734375</ele>
        <time>2025-08-06T11:00:02.000Z</time>
        <extensions>
          <ns3:TrackPointExtension>
            <ns3:hr>89</ns3:hr>
            <ns3:cad>57</ns3:cad>
          </ns3:TrackPointExtension>
        </extensions>
      </trkpt>
      <trkpt lat="24.4270486570894718170166015625" lon="118.12632375396788120269775390625">
        <ele>10.3999996185302734375</ele>
        <time>2025-08-06T11:00:03.000Z</time>
        <extensions>
          <ns3:TrackPointExtension>
            <ns3:hr>88</ns3:hr>
            <ns3:cad>57</ns3:cad>
          </ns3:TrackPointExtension>
        </extensions>
      </trkpt>
      <trkpt lat="24.42704421468079090118408203125" lon="118.12633515335619449615478515625">
        <ele>10.19999980926513671875</ele>
        <time>2025-08-06T11:00:04.000Z</time>
        <extensions>
          <ns3:TrackPointExtension>
            <ns3:hr>88</ns3:hr>
            <ns3:cad>59</ns3:cad>
          </ns3:TrackPointExtension>
        </extensions>
      </trkpt>
      <trkpt lat="24.42704136483371257781982421875" lon="118.1263451278209686279296875">
        <ele>10</ele>
        <time>2025-08-06T11:00:05.000Z</time>
        <extensions>
          <ns3:TrackPointExtension>
            <ns3:hr>88</ns3:hr>
            <ns3:cad>60</ns3:cad>
          </ns3:TrackPointExtension>
        </extensions>
      </trkpt>
      <trkpt lat="24.42703817971050739288330078125" lon="118.1263566948473453521728515625">
        <ele>10</ele>
        <time>2025-08-06T11:00:06.000Z</time>
        <extensions>
          <ns3:TrackPointExtension>
            <ns3:hr>88</ns3:hr>
            <ns3:cad>60</ns3:cad>
          </ns3:TrackPointExtension>
        </extensions>
      </trkpt>
      <trkpt lat="24.4270397722721099853515625" lon="118.12636633403599262237548828125">
        <ele>9.80000019073486328125</ele>
        <time>2025-08-06T11:00:07.000Z</time>
        <extensions>
          <ns3:TrackPointExtension>
            <ns3:hr>88</ns3:hr>
            <ns3:cad>60</ns3:cad>
          </ns3:TrackPointExtension>
        </extensions>
      </trkpt>
      <trkpt lat="24.4270416162908077239990234375" lon="118.1263758055865764617919921875">
        <ele>9.80000019073486328125</ele>
        <time>2025-08-06T11:00:08.000Z</time>
        <extensions>
          <ns3:TrackPointExtension>
            <ns3:hr>89</ns3:hr>
            <ns3:cad>60</ns3:cad>
          </ns3:TrackPointExtension>
        </extensions>
      </trkpt>
      <trkpt lat="24.42704320885241031646728515625" lon="118.12638360075652599334716796875">
        <ele>9.80000019073486328125</ele>
        <time>2025-08-06T11:00:09.000Z</time>
        <extensions>
          <ns3:TrackPointExtension>
            <ns3:hr>88</ns3:hr>
            <ns3:cad>60</ns3:cad>
          </ns3:TrackPointExtension>
        </extensions>
      </trkpt>
      <trkpt lat="24.4270453043282032012939453125" lon="118.12639315612614154815673828125">
        <ele>9.6000003814697265625</ele>
        <time>2025-08-06T11:00:10.000Z</time>
        <extensions>
          <ns3:TrackPointExtension>
            <ns3:hr>88</ns3:hr>
            <ns3:cad>59</ns3:cad>
          </ns3:TrackPointExtension>
        </extensions>
      </trkpt>
      <trkpt lat="24.42704672925174236297607421875" lon="118.12640204094350337982177734375">
        <ele>9.6000003814697265625</ele>
        <time>2025-08-06T11:00:11.000Z</time>
        <extensions>
          <ns3:TrackPointExtension>
            <ns3:hr>88</ns3:hr>
            <ns3:cad>58</ns3:cad>
          </ns3:TrackPointExtension>
        </extensions>
      </trkpt>
      <trkpt lat="24.42704689688980579376220703125" lon="118.1264096684753894805908203125">
        <ele>9.6000003814697265625</ele>
        <time>2025-08-06T11:00:12.000Z</time>
        <extensions>
          <ns3:TrackPointExtension>
            <ns3:hr>88</ns3:hr>
            <ns3:cad>0</ns3:cad>
          </ns3:TrackPointExtension>
        </extensions>
      </trkpt>
      <trkpt lat="24.4270466454327106475830078125" lon="118.1264150328934192657470703125">
        <ele>9.3999996185302734375</ele>
        <time>2025-08-06T11:00:13.000Z</time>
        <extensions>
          <ns3:TrackPointExtension>
            <ns3:hr>88</ns3:hr>
            <ns3:cad>0</ns3:cad>
          </ns3:TrackPointExtension>
        </extensions>
      </trkpt>
      <trkpt lat="24.427045471966266632080078125" lon="118.12641679309308528900146484375">
        <ele>9.3999996185302734375</ele>
        <time>2025-08-06T11:00:14.000Z</time>
        <extensions>
          <ns3:TrackPointExtension>
            <ns3:hr>87</ns3:hr>
            <ns3:cad>0</ns3:cad>
          </ns3:TrackPointExtension>
        </extensions>
      </trkpt>
      <trkpt lat="24.4270436279475688934326171875" lon="118.12641746364533901214599609375">
        <ele>9.3999996185302734375</ele>
        <time>2025-08-06T11:00:15.000Z</time>
        <extensions>
          <ns3:TrackPointExtension>
            <ns3:hr>87</ns3:hr>
            <ns3:cad>0</ns3:cad>
          </ns3:TrackPointExtension>
        </extensions>
      </trkpt>
      <trkpt lat="24.42704253830015659332275390625" lon="118.12641955912113189697265625">
        <ele>9.3999996185302734375</ele>
        <time>2025-08-06T11:00:16.000Z</time>
        <extensions>
          <ns3:TrackPointExtension>
            <ns3:hr>87</ns3:hr>
            <ns3:cad>0</ns3:cad>
          </ns3:TrackPointExtension>
        </extensions>
      </trkpt>
      <trkpt lat="24.4270399399101734161376953125" lon="118.1264190562069416046142578125">
        <ele>9.3999996185302734375</ele>
        <time>2025-08-06T11:00:17.000Z</time>
        <extensions>
          <ns3:TrackPointExtension>
            <ns3:hr>86</ns3:hr>
            <ns3:cad>0</ns3:cad>
          </ns3:TrackPointExtension>
        </extensions>
      </trkpt>
      <trkpt lat="24.42703817971050739288330078125" lon="118.12641930766403675079345703125">
        <ele>9.3999996185302734375</ele>
        <time>2025-08-06T11:00:18.000Z</time>
        <extensions>
          <ns3:TrackPointExtension>
            <ns3:hr>86</ns3:hr>
            <ns3:cad>0</ns3:cad>
          </ns3:TrackPointExtension>
        </extensions>
      </trkpt>
      <trkpt lat="24.42703465931117534637451171875" lon="118.1264140270650386810302734375">
        <ele>9.19999980926513671875</ele>
        <time>2025-08-06T11:00:19.000Z</time>
        <extensions>
          <ns3:TrackPointExtension>
            <ns3:hr>86</ns3:hr>
            <ns3:cad>0</ns3:cad>
          </ns3:TrackPointExtension>
        </extensions>
      </trkpt>
      <trkpt lat="24.427031390368938446044921875" lon="118.1264036335051059722900390625">
        <ele>9.19999980926513671875</ele>
        <time>2025-08-06T11:00:20.000Z</time>
        <extensions>
          <ns3:TrackPointExtension>
            <ns3:hr>86</ns3:hr>
            <ns3:cad>0</ns3:cad>
          </ns3:TrackPointExtension>
        </extensions>
      </trkpt>
      <trkpt lat="24.42702963016927242279052734375" lon="118.12639013864099979400634765625">
        <ele>9.19999980926513671875</ele>
        <time>2025-08-06T11:00:21.000Z</time>
        <extensions>
          <ns3:TrackPointExtension>
            <ns3:hr>87</ns3:hr>
            <ns3:cad>0</ns3:cad>
          </ns3:TrackPointExtension>
        </extensions>
      </trkpt>
      <trkpt lat="24.427027367055416107177734375" lon="118.12637957744300365447998046875">
        <ele>9.19999980926513671875</ele>
        <time>2025-08-06T11:00:22.000Z</time>
        <extensions>
          <ns3:TrackPointExtension>
            <ns3:hr>87</ns3:hr>
            <ns3:cad>0</ns3:cad>
          </ns3:TrackPointExtension>
        </extensions>
      </trkpt>
      <trkpt lat="24.42702644504606723785400390625" lon="118.12637052498757839202880859375">
        <ele>9</ele>
        <time>2025-08-06T11:00:23.000Z</time>
        <extensions>
          <ns3:TrackPointExtension>
            <ns3:hr>87</ns3:hr>
            <ns3:cad>0</ns3:cad>
          </ns3:TrackPointExtension>
        </extensions>
      </trkpt>
      <trkpt lat="24.42702460102736949920654296875" lon="118.1263665854930877685546875">
        <ele>9</ele>
        <time>2025-08-06T11:00:24.000Z</time>
        <extensions>
          <ns3:TrackPointExtension>
            <ns3:hr>87</ns3:hr>
            <ns3:cad>56</ns3:cad>
          </ns3:TrackPointExtension>
        </extensions>
      </trkpt>
      <trkpt lat="24.42702493630349636077880859375" lon="118.12635694630444049835205078125">
        <ele>9</ele>
        <time>2025-08-06T11:00:25.000Z</time>
        <extensions>
          <ns3:TrackPointExtension>
            <ns3:hr>88</ns3:hr>
            <ns3:cad>56</ns3:cad>
          </ns3:TrackPointExtension>
        </extensions>
      </trkpt>
      <trkpt lat="24.427025355398654937744140625" lon="118.12634638510644435882568359375">
        <ele>8.80000019073486328125</ele>
        <time>2025-08-06T11:00:26.000Z</time>
        <extensions>
          <ns3:TrackPointExtension>
            <ns3:hr>88</ns3:hr>
            <ns3:cad>56</ns3:cad>
          </ns3:TrackPointExtension>
        </extensions>
      </trkpt>
      <trkpt lat="24.42702610976994037628173828125" lon="118.12633330933749675750732421875">
        <ele>8.80000019073486328125</ele>
        <time>2025-08-06T11:00:27.000Z</time>
        <extensions>
          <ns3:TrackPointExtension>
            <ns3:hr>88</ns3:hr>
            <ns3:cad>56</ns3:cad>
          </ns3:TrackPointExtension>
        </extensions>
      </trkpt>
      <trkpt lat="24.42702594213187694549560546875" lon="118.126321323215961456298828125">
        <ele>8.80000019073486328125</ele>
        <time>2025-08-06T11:00:28.000Z</time>
        <extensions>
          <ns3:TrackPointExtension>
            <ns3:hr>87</ns3:hr>
            <ns3:cad>56</ns3:cad>
          </ns3:TrackPointExtension>
        </extensions>
      </trkpt>
      <trkpt lat="24.42702610976994037628173828125" lon="118.12630581669509410858154296875">
        <ele>8.6000003814697265625</ele>
        <time>2025-08-06T11:00:29.000Z</time>
        <extensions>
          <ns3:TrackPointExtension>
            <ns3:hr>88</ns3:hr>
            <ns3:cad>57</ns3:cad>
          </ns3:TrackPointExtension>
        </extensions>
      </trkpt>
      <trkpt lat="24.42702644504606723785400390625" lon="118.126293830573558807373046875">
        <ele>8.6000003814697265625</ele>
        <time>2025-08-06T11:00:30.000Z</time>
        <extensions>
          <ns3:TrackPointExtension>
            <ns3:hr>88</ns3:hr>
            <ns3:cad>57</ns3:cad>
          </ns3:TrackPointExtension>
        </extensions>
      </trkpt>
      <trkpt lat="24.4270275346934795379638671875" lon="118.12628368847072124481201171875">
        <ele>8.3999996185302734375</ele>
        <time>2025-08-06T11:00:31.000Z</time>
        <extensions>
          <ns3:TrackPointExtension>
            <ns3:hr>88</ns3:hr>
            <ns3:cad>57</ns3:cad>
          </ns3:TrackPointExtension>
        </extensions>
      </trkpt>
      <trkpt lat="24.42702745087444782257080078125" lon="118.12627337872982025146484375">
        <ele>8.3999996185302734375</ele>
        <time>2025-08-06T11:00:32.000Z</time>
        <extensions>
          <ns3:TrackPointExtension>
            <ns3:hr>87</ns3:hr>
            <ns3:cad>57</ns3:cad>
          </ns3:TrackPointExtension>
        </extensions>
      </trkpt>
      <trkpt lat="24.4270285405218601226806640625" lon="118.1262611411511898040771484375">
        <ele>8.19999980926513671875</ele>
        <time>2025-08-06T11:00:33.000Z</time>
        <extensions>
          <ns3:TrackPointExtension>
            <ns3:hr>88</ns3:hr>
            <ns3:cad>57</ns3:cad>
          </ns3:TrackPointExtension>
        </extensions>
      </trkpt>
      <trkpt lat="24.42702963016927242279052734375" lon="118.12625057995319366455078125">
        <ele>8.19999980926513671875</ele>
        <time>2025-08-06T11:00:34.000Z</time>
        <extensions>
          <ns3:TrackPointExtension>
            <ns3:hr>88</ns3:hr>
            <ns3:cad>57</ns3:cad>
          </ns3:TrackPointExtension>
        </extensions>
      </trkpt>
      <trkpt lat="24.427031390368938446044921875" lon="118.1262390129268169403076171875">
        <ele>8</ele>
        <time>2025-08-06T11:00:35.000Z</time>
        <extensions>
          <ns3:TrackPointExtension>
            <ns3:hr>88</ns3:hr>
            <ns3:cad>57</ns3:cad>
          </ns3:TrackPointExtension>
        </extensions>
      </trkpt>
      <trkpt lat="24.42703298293054103851318359375" lon="118.12622719444334506988525390625">
        <ele>8</ele>
        <time>2025-08-06T11:00:36.000Z</time>
        <extensions>
          <ns3:TrackPointExtension>
            <ns3:hr>87</ns3:hr>
            <ns3:cad>57</ns3:cad>
          </ns3:TrackPointExtension>
        </extensions>
      </trkpt>
      <trkpt lat="24.42703432403504848480224609375" lon="118.12621495686471462249755859375">
        <ele>7.80000019073486328125</ele>
        <time>2025-08-06T11:00:37.000Z</time>
        <extensions>
          <ns3:TrackPointExtension>
            <ns3:hr>84</ns3:hr>
            <ns3:cad>57</ns3:cad>
          </ns3:TrackPointExtension>
        </extensions>
      </trkpt>
      <trkpt lat="24.42703549750149250030517578125" lon="118.12620389275252819061279296875">
        <ele>7.80000019073486328125</ele>
        <time>2025-08-06T11:00:38.000Z</time>
        <extensions>
          <ns3:TrackPointExtension>
            <ns3:hr>84</ns3:hr>
            <ns3:cad>57</ns3:cad>
          </ns3:TrackPointExtension>
        </extensions>
      </trkpt>
      <trkpt lat="24.427037425339221954345703125" lon="118.12619165517389774322509765625">
        <ele>7.599999904632568359375</ele>
        <time>2025-08-06T11:00:39.000Z</time>
        <extensions>
          <ns3:TrackPointExtension>
            <ns3:hr>85</ns3:hr>
            <ns3:cad>57</ns3:cad>
          </ns3:TrackPointExtension>
        </extensions>
      </trkpt>
      <trkpt lat="24.42703834734857082366943359375" lon="118.12617958523333072662353515625">
        <ele>7.400000095367431640625</ele>
        <time>2025-08-06T11:00:40.000Z</time>
        <extensions>
          <ns3:TrackPointExtension>
            <ns3:hr>85</ns3:hr>
            <ns3:cad>57</ns3:cad>
          </ns3:TrackPointExtension>
        </extensions>
      </trkpt>
      <trkpt lat="24.4270389340817928314208984375" lon="118.12616877257823944091796875">
        <ele>7.400000095367431640625</ele>
        <time>2025-08-06T11:00:41.000Z</time>
        <extensions>
          <ns3:TrackPointExtension>
            <ns3:hr>85</ns3:hr>
            <ns3:cad>57</ns3:cad>
          </ns3:TrackPointExtension>
        </extensions>
      </trkpt>
      <trkpt lat="24.427040107548236846923828125" lon="118.126156367361545562744140625">
        <ele>7.19999980926513671875</ele>
        <time>2025-08-06T11:00:42.000Z</time>
        <extensions>
          <ns3:TrackPointExtension>
            <ns3:hr>86</ns3:hr>
            <ns3:cad>57</ns3:cad>
          </ns3:TrackPointExtension>
        </extensions>
      </trkpt>
      <trkpt lat="24.427042119204998016357421875" lon="118.1261444650590419769287109375">
        <ele>7.19999980926513671875</ele>
        <time>2025-08-06T11:00:43.000Z</time>
        <extensions>
          <ns3:TrackPointExtension>
            <ns3:hr>87</ns3:hr>
            <ns3:cad>57</ns3:cad>
          </ns3:TrackPointExtension>
        </extensions>
      </trkpt>
      <trkpt lat="24.4270449690520763397216796875" lon="118.12613147310912609100341796875">
        <ele>7</ele>
        <time>2025-08-06T11:00:44.000Z</time>
        <extensions>
          <ns3:TrackPointExtension>
            <ns3:hr>88</ns3:hr>
            <ns3:cad>57</ns3:cad>
          </ns3:TrackPointExtension>
        </extensions>
      </trkpt>
      <trkpt lat="24.42704706452786922454833984375" lon="118.12612040899693965911865234375">
        <ele>7</ele>
        <time>2025-08-06T11:00:45.000Z</time>
        <extensions>
          <ns3:TrackPointExtension>
            <ns3:hr>88</ns3:hr>
            <ns3:cad>58</ns3:cad>
          </ns3:TrackPointExtension>
        </extensions>
      </trkpt>
      <trkpt lat="24.427049495279788970947265625" lon="118.1261079199612140655517578125">
        <ele>7</ele>
        <time>2025-08-06T11:00:46.000Z</time>
        <extensions>
          <ns3:TrackPointExtension>
            <ns3:hr>89</ns3:hr>
            <ns3:cad>59</ns3:cad>
          </ns3:TrackPointExtension>
        </extensions>
      </trkpt>
      <trkpt lat="24.42705075256526470184326171875" lon="118.12609576620161533355712890625">
        <ele>6.80000019073486328125</ele>
        <time>2025-08-06T11:00:47.000Z</time>
        <extensions>
          <ns3:TrackPointExtension>
            <ns3:hr>90</ns3:hr>
            <ns3:cad>59</ns3:cad>
          </ns3:TrackPointExtension>
        </extensions>
      </trkpt>
      <trkpt lat="24.42705175839364528656005859375" lon="118.12608470208942890167236328125">
        <ele>6.80000019073486328125</ele>
        <time>2025-08-06T11:00:48.000Z</time>
        <extensions>
          <ns3:TrackPointExtension>
            <ns3:hr>91</ns3:hr>
            <ns3:cad>58</ns3:cad>
          </ns3:TrackPointExtension>
        </extensions>
      </trkpt>
      <trkpt lat="24.4270520098507404327392578125" lon="118.12607623636722564697265625">
        <ele>6.599999904632568359375</ele>
        <time>2025-08-06T11:00:49.000Z</time>
        <extensions>
          <ns3:TrackPointExtension>
            <ns3:hr>91</ns3:hr>
            <ns3:cad>57</ns3:cad>
          </ns3:TrackPointExtension>
        </extensions>
      </trkpt>
      <trkpt lat="24.42705108784139156341552734375" lon="118.12606793828308582305908203125">
        <ele>6.400000095367431640625</ele>
        <time>2025-08-06T11:00:50.000Z</time>
        <extensions>
          <ns3:TrackPointExtension>
            <ns3:hr>91</ns3:hr>
            <ns3:cad>57</ns3:cad>
          </ns3:TrackPointExtension>
        </extensions>
      </trkpt>
      <trkpt lat="24.427051506936550140380859375" lon="118.12605787999927997589111328125">
        <ele>6.400000095367431640625</ele>
        <time>2025-08-06T11:00:51.000Z</time>
        <extensions>
          <ns3:TrackPointExtension>
            <ns3:hr>91</ns3:hr>
            <ns3:cad>57</ns3:cad>
          </ns3:TrackPointExtension>
        </extensions>
      </trkpt>
      <trkpt lat="24.42705209366977214813232421875" lon="118.1260499171912670135498046875">
        <ele>6.19999980926513671875</ele>
        <time>2025-08-06T11:00:52.000Z</time>
        <extensions>
          <ns3:TrackPointExtension>
            <ns3:hr>91</ns3:hr>
            <ns3:cad>57</ns3:cad>
          </ns3:TrackPointExtension>
        </extensions>
      </trkpt>
      <trkpt lat="24.42705377005040645599365234375" lon="118.1260415352880954742431640625">
        <ele>6</ele>
        <time>2025-08-06T11:00:53.000Z</time>
        <extensions>
          <ns3:TrackPointExtension>
            <ns3:hr>92</ns3:hr>
            <ns3:cad>57</ns3:cad>
          </ns3:TrackPointExtension>
        </extensions>
      </trkpt>
      <trkpt lat="24.42705444060266017913818359375" lon="118.126032315194606781005859375">
        <ele>6</ele>
        <time>2025-08-06T11:00:54.000Z</time>
        <extensions>
          <ns3:TrackPointExtension>
            <ns3:hr>91</ns3:hr>
            <ns3:cad>57</ns3:cad>
          </ns3:TrackPointExtension>
        </extensions>
      </trkpt>
      <trkpt lat="24.42705678753554821014404296875" lon="118.1260224245488643646240234375">
        <ele>5.80000019073486328125</ele>
        <time>2025-08-06T11:00:55.000Z</time>
        <extensions>
          <ns3:TrackPointExtension>
            <ns3:hr>91</ns3:hr>
            <ns3:cad>57</ns3:cad>
          </ns3:TrackPointExtension>
        </extensions>
      </trkpt>
      <trkpt lat="24.4270583800971508026123046875" lon="118.1260071694850921630859375">
        <ele>5.80000019073486328125</ele>
        <time>2025-08-06T11:00:56.000Z</time>
        <extensions>
          <ns3:TrackPointExtension>
            <ns3:hr>90</ns3:hr>
            <ns3:cad>56</ns3:cad>
          </ns3:TrackPointExtension>
        </extensions>
      </trkpt>
      <trkpt lat="24.42705997265875339508056640625" lon="118.12599400989711284637451171875">
        <ele>5.80000019073486328125</ele>
        <time>2025-08-06T11:00:57.000Z</time>
        <extensions>
          <ns3:TrackPointExtension>
            <ns3:hr>86</ns3:hr>
            <ns3:cad>55</ns3:cad>
          </ns3:TrackPointExtension>
        </extensions>
      </trkpt>
      <trkpt lat="24.42706215195357799530029296875" lon="118.1259828619658946990966796875">
        <ele>5.599999904632568359375</ele>
        <time>2025-08-06T11:00:58.000Z</time>
        <extensions>
          <ns3:TrackPointExtension>
            <ns3:hr>83</ns3:hr>
            <ns3:cad>55</ns3:cad>
          </ns3:TrackPointExtension>
        </extensions>
      </trkpt>
      <trkpt lat="24.427064917981624603271484375" lon="118.12597473151981830596923828125">
        <ele>5.599999904632568359375</ele>
        <time>2025-08-06T11:00:59.000Z</time>
        <extensions>
          <ns3:TrackPointExtension>
            <ns3:hr>82</ns3:hr>
            <ns3:cad>55</ns3:cad>
          </ns3:TrackPointExtension>
        </extensions>
      </trkpt>
      <trkpt lat="24.427066259086132049560546875" lon="118.12597355805337429046630859375">
        <ele>5.599999904632568359375</ele>
        <time>2025-08-06T11:01:00.000Z</time>
        <extensions>
          <ns3:TrackPointExtension>
            <ns3:hr>81</ns3:hr>
            <ns3:cad>55</ns3:cad>
          </ns3:TrackPointExtension>
        </extensions>
      </trkpt>
      <trkpt lat="24.427068270742893218994140625" lon="118.12597104348242282867431640625">
        <ele>5.599999904632568359375</ele>
        <time>2025-08-06T11:01:01.000Z</time>
        <extensions>
          <ns3:TrackPointExtension>
            <ns3:hr>81</ns3:hr>
            <ns3:cad>0</ns3:cad>
          </ns3:TrackPointExtension>
        </extensions>
      </trkpt>
      <trkpt lat="24.42706994712352752685546875" lon="118.1259630806744098663330078125">
        <ele>5.400000095367431640625</ele>
        <time>2025-08-06T11:01:02.000Z</time>
        <extensions>
          <ns3:TrackPointExtension>
            <ns3:hr>81</ns3:hr>
            <ns3:cad>0</ns3:cad>
          </ns3:TrackPointExtension>
        </extensions>
      </trkpt>
      <trkpt lat="24.42707262933254241943359375" lon="118.12595595605671405792236328125">
        <ele>5.400000095367431640625</ele>
        <time>2025-08-06T11:01:03.000Z</time>
        <extensions>
          <ns3:TrackPointExtension>
            <ns3:hr>81</ns3:hr>
            <ns3:cad>55</ns3:cad>
          </ns3:TrackPointExtension>
        </extensions>
      </trkpt>
      <trkpt lat="24.4270748086273670196533203125" lon="118.1259489990770816802978515625">
        <ele>5.400000095367431640625</ele>
        <time>2025-08-06T11:01:04.000Z</time>
        <extensions>
          <ns3:TrackPointExtension>
            <ns3:hr>81</ns3:hr>
            <ns3:cad>55</ns3:cad>
          </ns3:TrackPointExtension>
        </extensions>
      </trkpt>
      <trkpt lat="24.42707556299865245819091796875" lon="118.125941120088100433349609375">
        <ele>5.19999980926513671875</ele>
        <time>2025-08-06T11:01:05.000Z</time>
        <extensions>
          <ns3:TrackPointExtension>
            <ns3:hr>81</ns3:hr>
            <ns3:cad>55</ns3:cad>
          </ns3:TrackPointExtension>
        </extensions>
      </trkpt>
      <trkpt lat="24.4270758144557476043701171875" lon="118.1259305588901042938232421875">
        <ele>5.19999980926513671875</ele>
        <time>2025-08-06T11:01:06.000Z</time>
        <extensions>
          <ns3:TrackPointExtension>
            <ns3:hr>82</ns3:hr>
            <ns3:cad>55</ns3:cad>
          </ns3:TrackPointExtension>
        </extensions>
      </trkpt>
      <trkpt lat="24.42707405425608158111572265625" lon="118.1259267032146453857421875">
        <ele>5.19999980926513671875</ele>
        <time>2025-08-06T11:01:07.000Z</time>
        <extensions>
          <ns3:TrackPointExtension>
            <ns3:hr>82</ns3:hr>
            <ns3:cad>55</ns3:cad>
          </ns3:TrackPointExtension>
        </extensions>
      </trkpt>
      <trkpt lat="24.4270630739629268646240234375" lon="118.1259258650243282318115234375">
        <ele>5.19999980926513671875</ele>
        <time>2025-08-06T11:01:08.000Z</time>
        <extensions>
          <ns3:TrackPointExtension>
            <ns3:hr>82</ns3:hr>
            <ns3:cad>57</ns3:cad>
          </ns3:TrackPointExtension>
        </extensions>
      </trkpt>
      <trkpt lat="24.427055530250072479248046875" lon="118.1259241886436939239501953125">
        <ele>5.400000095367431640625</ele>
        <time>2025-08-06T11:01:09.000Z</time>
        <extensions>
          <ns3:TrackPointExtension>
            <ns3:hr>82</ns3:hr>
            <ns3:cad>57</ns3:cad>
          </ns3:TrackPointExtension>
        </extensions>
      </trkpt>
      <trkpt lat="24.42704790271818637847900390625" lon="118.1259186565876007080078125">
        <ele>5.400000095367431640625</ele>
        <time>2025-08-06T11:01:10.000Z</time>
        <extensions>
          <ns3:TrackPointExtension>
            <ns3:hr>82</ns3:hr>
            <ns3:cad>57</ns3:cad>
          </ns3:TrackPointExtension>
        </extensions>
      </trkpt>
      <trkpt lat="24.42704086191952228546142578125" lon="118.12591739930212497711181640625">
        <ele>5.400000095367431640625</ele>
        <time>2025-08-06T11:01:11.000Z</time>
        <extensions>
          <ns3:TrackPointExtension>
            <ns3:hr>83</ns3:hr>
            <ns3:cad>57</ns3:cad>
          </ns3:TrackPointExtension>
        </extensions>
      </trkpt>
      <trkpt lat="24.42703130654990673065185546875" lon="118.12591555528342723846435546875">
        <ele>5.599999904632568359375</ele>
        <time>2025-08-06T11:01:12.000Z</time>
        <extensions>
          <ns3:TrackPointExtension>
            <ns3:hr>82</ns3:hr>
            <ns3:cad>57</ns3:cad>
          </ns3:TrackPointExtension>
        </extensions>
      </trkpt>
      <trkpt lat="24.42702376283705234527587890625" lon="118.12591488473117351531982421875">
        <ele>5.599999904632568359375</ele>
        <time>2025-08-06T11:01:13.000Z</time>
        <extensions>
          <ns3:TrackPointExtension>
            <ns3:hr>82</ns3:hr>
            <ns3:cad>57</ns3:cad>
          </ns3:TrackPointExtension>
        </extensions>
      </trkpt>
      <trkpt lat="24.4270154647529125213623046875" lon="118.12591639347374439239501953125">
        <ele>5.400000095367431640625</ele>
        <time>2025-08-06T11:01:14.000Z</time>
        <extensions>
          <ns3:TrackPointExtension>
            <ns3:hr>82</ns3:hr>
            <ns3:cad>57</ns3:cad>
          </ns3:TrackPointExtension>
        </extensions>
      </trkpt>
      <trkpt lat="24.4270080886781215667724609375" lon="118.125921674072742462158203125">
        <ele>5.400000095367431640625</ele>
        <time>2025-08-06T11:01:15.000Z</time>
        <extensions>
          <ns3:TrackPointExtension>
            <ns3:hr>82</ns3:hr>
            <ns3:cad>57</ns3:cad>
          </ns3:TrackPointExtension>
        </extensions>
      </trkpt>
      <trkpt lat="24.4270057417452335357666015625" lon="118.1259262003004550933837890625">
        <ele>5.19999980926513671875</ele>
        <time>2025-08-06T11:01:16.000Z</time>
        <extensions>
          <ns3:TrackPointExtension>
            <ns3:hr>83</ns3:hr>
            <ns3:cad>57</ns3:cad>
          </ns3:TrackPointExtension>
        </extensions>
      </trkpt>
      <trkpt lat="24.42700448445975780487060546875" lon="118.12593332491815090179443359375">
        <ele>5</ele>
        <time>2025-08-06T11:01:17.000Z</time>
        <extensions>
          <ns3:TrackPointExtension>
            <ns3:hr>83</ns3:hr>
            <ns3:cad>57</ns3:cad>
          </ns3:TrackPointExtension>
        </extensions>
      </trkpt>
      <trkpt lat="24.42700230516493320465087890625" lon="118.12593986280262470245361328125">
        <ele>5</ele>
        <time>2025-08-06T11:01:18.000Z</time>
        <extensions>
          <ns3:TrackPointExtension>
            <ns3:hr>84</ns3:hr>
            <ns3:cad>57</ns3:cad>
          </ns3:TrackPointExtension>
        </extensions>
      </trkpt>
      <trkpt lat="24.4269983656704425811767578125" lon="118.12594824470579624176025390625">
        <ele>5</ele>
        <time>2025-08-06T11:01:19.000Z</time>
        <extensions>
          <ns3:TrackPointExtension>
            <ns3:hr>84</ns3:hr>
            <ns3:cad>57</ns3:cad>
          </ns3:TrackPointExtension>
        </extensions>
      </trkpt>
      <trkpt lat="24.42699710838496685028076171875" lon="118.12595847062766551971435546875">
        <ele>5</ele>
        <time>2025-08-06T11:01:20.000Z</time>
        <extensions>
          <ns3:TrackPointExtension>
            <ns3:hr>85</ns3:hr>
            <ns3:cad>57</ns3:cad>
          </ns3:TrackPointExtension>
        </extensions>
      </trkpt>
      <trkpt lat="24.4269990362226963043212890625" lon="118.12597255222499370574951171875">
        <ele>5</ele>
        <time>2025-08-06T11:01:21.000Z</time>
        <extensions>
          <ns3:TrackPointExtension>
            <ns3:hr>85</ns3:hr>
            <ns3:cad>56</ns3:cad>
          </ns3:TrackPointExtension>
        </extensions>
      </trkpt>
      <trkpt lat="24.42700046114623546600341796875" lon="118.12598168849945068359375">
        <ele>5</ele>
        <time>2025-08-06T11:01:22.000Z</time>
        <extensions>
          <ns3:TrackPointExtension>
            <ns3:hr>85</ns3:hr>
            <ns3:cad>56</ns3:cad>
          </ns3:TrackPointExtension>
        </extensions>
      </trkpt>
      <trkpt lat="24.4270007126033306121826171875" lon="118.12598613090813159942626953125">
        <ele>5</ele>
        <time>2025-08-06T11:01:23.000Z</time>
        <extensions>
          <ns3:TrackPointExtension>
            <ns3:hr>85</ns3:hr>
            <ns3:cad>0</ns3:cad>
          </ns3:TrackPointExtension>
        </extensions>
      </trkpt>
      <trkpt lat="24.42700096406042575836181640625" lon="118.12598680146038532257080078125">
        <ele>5.19999980926513671875</ele>
        <time>2025-08-06T11:01:24.000Z</time>
        <extensions>
          <ns3:TrackPointExtension>
            <ns3:hr>85</ns3:hr>
            <ns3:cad>0</ns3:cad>
          </ns3:TrackPointExtension>
        </extensions>
      </trkpt>
      <trkpt lat="24.42700364626944065093994140625" lon="118.1259902380406856536865234375">
        <ele>5.19999980926513671875</ele>
        <time>2025-08-06T11:01:25.000Z</time>
        <extensions>
          <ns3:TrackPointExtension>
            <ns3:hr>85</ns3:hr>
            <ns3:cad>0</ns3:cad>
          </ns3:TrackPointExtension>
        </extensions>
      </trkpt>
      <trkpt lat="24.4270054064691066741943359375" lon="118.12599183060228824615478515625">
        <ele>5.19999980926513671875</ele>
        <time>2025-08-06T11:01:26.000Z</time>
        <extensions>
          <ns3:TrackPointExtension>
            <ns3:hr>85</ns3:hr>
            <ns3:cad>0</ns3:cad>
          </ns3:TrackPointExtension>
        </extensions>
      </trkpt>
      <trkpt lat="24.4270064122974872589111328125" lon="118.12599266879260540008544921875">
        <ele>5.19999980926513671875</ele>
        <time>2025-08-06T11:01:27.000Z</time>
        <extensions>
          <ns3:TrackPointExtension>
            <ns3:hr>85</ns3:hr>
            <ns3:cad>0</ns3:cad>
          </ns3:TrackPointExtension>
        </extensions>
      </trkpt>
      <trkpt lat="24.42700666375458240509033203125" lon="118.12599082477390766143798828125">
        <ele>5.19999980926513671875</ele>
        <time>2025-08-06T11:01:28.000Z</time>
        <extensions>
          <ns3:TrackPointExtension>
            <ns3:hr>85</ns3:hr>
            <ns3:cad>0</ns3:cad>
          </ns3:TrackPointExtension>
        </extensions>
      </trkpt>
      <trkpt lat="24.4270075857639312744140625" lon="118.1259888969361782073974609375">
        <ele>5.19999980926513671875</ele>
        <time>2025-08-06T11:01:29.000Z</time>
        <extensions>
          <ns3:TrackPointExtension>
            <ns3:hr>86</ns3:hr>
            <ns3:cad>0</ns3:cad>
          </ns3:TrackPointExtension>
        </extensions>
      </trkpt>
      <trkpt lat="24.4270084239542484283447265625" lon="118.12598663382232189178466796875">
        <ele>5.19999980926513671875</ele>
        <time>2025-08-06T11:01:30.000Z</time>
        <extensions>
          <ns3:TrackPointExtension>
            <ns3:hr>86</ns3:hr>
            <ns3:cad>0</ns3:cad>
          </ns3:TrackPointExtension>
        </extensions>
      </trkpt>
      <trkpt lat="24.42700834013521671295166015625" lon="118.12598093412816524505615234375">
        <ele>5.19999980926513671875</ele>
        <time>2025-08-06T11:01:31.000Z</time>
        <extensions>
          <ns3:TrackPointExtension>
            <ns3:hr>88</ns3:hr>
            <ns3:cad>0</ns3:cad>
          </ns3:TrackPointExtension>
        </extensions>
      </trkpt>
      <trkpt lat="24.427007250487804412841796875" lon="118.12597791664302349090576171875">
        <ele>5.19999980926513671875</ele>
        <time>2025-08-06T11:01:32.000Z</time>
        <extensions>
          <ns3:TrackPointExtension>
            <ns3:hr>95</ns3:hr>
            <ns3:cad>0</ns3:cad>
          </ns3:TrackPointExtension>
        </extensions>
      </trkpt>
      <trkpt lat="24.4270074181258678436279296875" lon="118.1259778328239917755126953125">
        <ele>5.19999980926513671875</ele>
        <time>2025-08-06T11:01:33.000Z</time>
        <extensions>
          <ns3:TrackPointExtension>
            <ns3:hr>99</ns3:hr>
            <ns3:cad>0</ns3:cad>
          </ns3:TrackPointExtension>
        </extensions>
      </trkpt>
      <trkpt lat="24.4270074181258678436279296875" lon="118.1259778328239917755126953125">
        <ele>5</ele>
        <time>2025-08-06T11:01:34.000Z</time>
        <extensions>
          <ns3:TrackPointExtension>
            <ns3:hr>100</ns3:hr>
            <ns3:cad>0</ns3:cad>
          </ns3:TrackPointExtension>
        </extensions>
      </trkpt>
      <trkpt lat="24.4270074181258678436279296875" lon="118.1259778328239917755126953125">
        <ele>5</ele>
        <time>2025-08-06T11:01:35.000Z</time>
        <extensions>
          <ns3:TrackPointExtension>
            <ns3:hr>101</ns3:hr>
            <ns3:cad>0</ns3:cad>
          </ns3:TrackPointExtension>
        </extensions>
      </trkpt>
      <trkpt lat="24.4270074181258678436279296875" lon="118.1259778328239917755126953125">
        <ele>5</ele>
        <time>2025-08-06T11:01:36.000Z</time>
        <extensions>
          <ns3:TrackPointExtension>
            <ns3:hr>101</ns3:hr>
            <ns3:cad>0</ns3:cad>
          </ns3:TrackPointExtension>
        </extensions>
      </trkpt>
      <trkpt lat="24.427007250487804412841796875" lon="118.125977329909801483154296875">
        <ele>5</ele>
        <time>2025-08-06T11:01:37.000Z</time>
        <extensions>
          <ns3:TrackPointExtension>
            <ns3:hr>101</ns3:hr>
            <ns3:cad>0</ns3:cad>
          </ns3:TrackPointExtension>
        </extensions>
      </trkpt>
      <trkpt lat="24.42700549028813838958740234375" lon="118.12597188167273998260498046875">
        <ele>5</ele>
        <time>2025-08-06T11:01:38.000Z</time>
        <extensions>
          <ns3:TrackPointExtension>
            <ns3:hr>101</ns3:hr>
            <ns3:cad>0</ns3:cad>
          </ns3:TrackPointExtension>
        </extensions>
      </trkpt>
      <trkpt lat="24.42700481973588466644287109375" lon="118.12596551142632961273193359375">
        <ele>5.19999980926513671875</ele>
        <time>2025-08-06T11:01:39.000Z</time>
        <extensions>
          <ns3:TrackPointExtension>
            <ns3:hr>100</ns3:hr>
            <ns3:cad>0</ns3:cad>
          </ns3:TrackPointExtension>
        </extensions>
      </trkpt>
      <trkpt lat="24.4270047359168529510498046875" lon="118.1259677745401859283447265625">
        <ele>5.19999980926513671875</ele>
        <time>2025-08-06T11:01:40.000Z</time>
        <extensions>
          <ns3:TrackPointExtension>
            <ns3:hr>100</ns3:hr>
            <ns3:cad>0</ns3:cad>
          </ns3:TrackPointExtension>
        </extensions>
      </trkpt>
      <trkpt lat="24.42700314335525035858154296875" lon="118.12596760690212249755859375">
        <ele>5.400000095367431640625</ele>
        <time>2025-08-06T11:01:41.000Z</time>
        <extensions>
          <ns3:TrackPointExtension>
            <ns3:hr>100</ns3:hr>
            <ns3:cad>0</ns3:cad>
          </ns3:TrackPointExtension>
        </extensions>
      </trkpt>
      <trkpt lat="24.42700414918363094329833984375" lon="118.12597221694886684417724609375">
        <ele>5.400000095367431640625</ele>
        <time>2025-08-06T11:01:42.000Z</time>
        <extensions>
          <ns3:TrackPointExtension>
            <ns3:hr>101</ns3:hr>
            <ns3:cad>0</ns3:cad>
          </ns3:TrackPointExtension>
        </extensions>
      </trkpt>
      <trkpt lat="24.42700825631618499755859375" lon="118.125979341566562652587890625">
        <ele>5.599999904632568359375</ele>
        <time>2025-08-06T11:01:43.000Z</time>
        <extensions>
          <ns3:TrackPointExtension>
            <ns3:hr>101</ns3:hr>
            <ns3:cad>0</ns3:cad>
          </ns3:TrackPointExtension>
        </extensions>
      </trkpt>
      <trkpt lat="24.427009262144565582275390625" lon="118.12597104348242282867431640625">
        <ele>5.400000095367431640625</ele>
        <time>2025-08-06T11:01:44.000Z</time>
        <extensions>
          <ns3:TrackPointExtension>
            <ns3:hr>101</ns3:hr>
            <ns3:cad>0</ns3:cad>
          </ns3:TrackPointExtension>
        </extensions>
      </trkpt>
      <trkpt lat="24.4270074181258678436279296875" lon="118.1259778328239917755126953125">
        <ele>5.400000095367431640625</ele>
        <time>2025-08-06T11:01:45.000Z</time>
        <extensions>
          <ns3:TrackPointExtension>
            <ns3:hr>101</ns3:hr>
            <ns3:cad>0</ns3:cad>
          </ns3:TrackPointExtension>
        </extensions>
      </trkpt>
      <trkpt lat="24.4270074181258678436279296875" lon="118.1259778328239917755126953125">
        <ele>5.400000095367431640625</ele>
        <time>2025-08-06T11:01:46.000Z</time>
        <extensions>
          <ns3:TrackPointExtension>
            <ns3:hr>101</ns3:hr>
            <ns3:cad>0</ns3:cad>
          </ns3:TrackPointExtension>
        </extensions>
      </trkpt>
      <trkpt lat="24.4270074181258678436279296875" lon="118.1259778328239917755126953125">
        <ele>5.19999980926513671875</ele>
        <time>2025-08-06T11:01:47.000Z</time>
        <extensions>
          <ns3:TrackPointExtension>
            <ns3:hr>101</ns3:hr>
            <ns3:cad>0</ns3:cad>
          </ns3:TrackPointExtension>
        </extensions>
      </trkpt>
      <trkpt lat="24.4270074181258678436279296875" lon="118.1259778328239917755126953125">
        <ele>5.19999980926513671875</ele>
        <time>2025-08-06T11:01:48.000Z</time>
        <extensions>
          <ns3:TrackPointExtension>
            <ns3:hr>101</ns3:hr>
            <ns3:cad>0</ns3:cad>
          </ns3:TrackPointExtension>
        </extensions>
      </trkpt>
      <trkpt lat="24.4270074181258678436279296875" lon="118.1259778328239917755126953125">
        <ele>5.19999980926513671875</ele>
        <time>2025-08-06T11:01:49.000Z</time>
        <extensions>
          <ns3:TrackPointExtension>
            <ns3:hr>102</ns3:hr>
            <ns3:cad>0</ns3:cad>
          </ns3:TrackPointExtension>
        </extensions>
      </trkpt>
      <trkpt lat="24.4270074181258678436279296875" lon="118.1259778328239917755126953125">
        <ele>5.400000095367431640625</ele>
        <time>2025-08-06T11:01:50.000Z</time>
        <extensions>
          <ns3:TrackPointExtension>
            <ns3:hr>101</ns3:hr>
            <ns3:cad>0</ns3:cad>
          </ns3:TrackPointExtension>
        </extensions>
      </trkpt>
      <trkpt lat="24.4270074181258678436279296875" lon="118.1259778328239917755126953125">
        <ele>5.400000095367431640625</ele>
        <time>2025-08-06T11:01:51.000Z</time>
        <extensions>
          <ns3:TrackPointExtension>
            <ns3:hr>101</ns3:hr>
            <ns3:cad>0</ns3:cad>
          </ns3:TrackPointExtension>
        </extensions>
      </trkpt>
      <trkpt lat="24.4270074181258678436279296875" lon="118.1259778328239917755126953125">
        <ele>5.400000095367431640625</ele>
        <time>2025-08-06T11:01:52.000Z</time>
        <extensions>
          <ns3:TrackPointExtension>
            <ns3:hr>102</ns3:hr>
            <ns3:cad>0</ns3:cad>
          </ns3:TrackPointExtension>
        </extensions>
      </trkpt>
      <trkpt lat="24.4270074181258678436279296875" lon="118.1259778328239917755126953125">
        <ele>5.599999904632568359375</ele>
        <time>2025-08-06T11:01:53.000Z</time>
        <extensions>
          <ns3:TrackPointExtension>
            <ns3:hr>104</ns3:hr>
            <ns3:cad>0</ns3:cad>
          </ns3:TrackPointExtension>
        </extensions>
      </trkpt>
      <trkpt lat="24.4270074181258678436279296875" lon="118.1259778328239917755126953125">
        <ele>5.599999904632568359375</ele>
        <time>2025-08-06T11:01:54.000Z</time>
        <extensions>
          <ns3:TrackPointExtension>
            <ns3:hr>104</ns3:hr>
            <ns3:cad>0</ns3:cad>
          </ns3:TrackPointExtension>
        </extensions>
      </trkpt>
      <trkpt lat="24.4270074181258678436279296875" lon="118.1259778328239917755126953125">
        <ele>5.599999904632568359375</ele>
        <time>2025-08-06T11:01:55.000Z</time>
        <extensions>
          <ns3:TrackPointExtension>
            <ns3:hr>105</ns3:hr>
            <ns3:cad>0</ns3:cad>
          </ns3:TrackPointExtension>
        </extensions>
      </trkpt>
      <trkpt lat="24.4270074181258678436279296875" lon="118.1259778328239917755126953125">
        <ele>5.599999904632568359375</ele>
        <time>2025-08-06T11:01:56.000Z</time>
        <extensions>
          <ns3:TrackPointExtension>
            <ns3:hr>108</ns3:hr>
            <ns3:cad>0</ns3:cad>
          </ns3:TrackPointExtension>
        </extensions>
      </trkpt>
      <trkpt lat="24.4270074181258678436279296875" lon="118.1259778328239917755126953125">
        <ele>5.599999904632568359375</ele>
        <time>2025-08-06T11:01:57.000Z</time>
        <extensions>
          <ns3:TrackPointExtension>
            <ns3:hr>109</ns3:hr>
            <ns3:cad>0</ns3:cad>
          </ns3:TrackPointExtension>
        </extensions>
      </trkpt>
      <trkpt lat="24.4270074181258678436279296875" lon="118.1259778328239917755126953125">
        <ele>5.599999904632568359375</ele>
        <time>2025-08-06T11:01:58.000Z</time>
        <extensions>
          <ns3:TrackPointExtension>
            <ns3:hr>110</ns3:hr>
            <ns3:cad>0</ns3:cad>
          </ns3:TrackPointExtension>
        </extensions>
      </trkpt>
      <trkpt lat="24.4270074181258678436279296875" lon="118.1259778328239917755126953125">
        <ele>5.599999904632568359375</ele>
        <time>2025-08-06T11:01:59.000Z</time>
        <extensions>
          <ns3:TrackPointExtension>
            <ns3:hr>111</ns3:hr>
            <ns3:cad>0</ns3:cad>
          </ns3:TrackPointExtension>
        </extensions>
      </trkpt>
      <trkpt lat="24.4270074181258678436279296875" lon="118.1259778328239917755126953125">
        <ele>5.599999904632568359375</ele>
        <time>2025-08-06T11:02:00.000Z</time>
        <extensions>
          <ns3:TrackPointExtension>
            <ns3:hr>111</ns3:hr>
            <ns3:cad>0</ns3:cad>
          </ns3:TrackPointExtension>
        </extensions>
      </trkpt>
      <trkpt lat="24.4270074181258678436279296875" lon="118.1259778328239917755126953125">
        <ele>5.599999904632568359375</ele>
        <time>2025-08-06T11:02:01.000Z</time>
        <extensions>
          <ns3:TrackPointExtension>
            <ns3:hr>111</ns3:hr>
            <ns3:cad>0</ns3:cad>
          </ns3:TrackPointExtension>
        </extensions>
      </trkpt>
      <trkpt lat="24.4270074181258678436279296875" lon="118.1259778328239917755126953125">
        <ele>5.599999904632568359375</ele>
        <time>2025-08-06T11:02:02.000Z</time>
        <extensions>
          <ns3:TrackPointExtension>
            <ns3:hr>111</ns3:hr>
            <ns3:cad>0</ns3:cad>
          </ns3:TrackPointExtension>
        </extensions>
      </trkpt>
      <trkpt lat="24.4270074181258678436279296875" lon="118.1259778328239917755126953125">
        <ele>5.599999904632568359375</ele>
        <time>2025-08-06T11:02:03.000Z</time>
        <extensions>
          <ns3:TrackPointExtension>
            <ns3:hr>111</ns3:hr>
            <ns3:cad>0</ns3:cad>
          </ns3:TrackPointExtension>
        </extensions>
      </trkpt>
      <trkpt lat="24.4270074181258678436279296875" lon="118.1259778328239917755126953125">
        <ele>5.599999904632568359375</ele>
        <time>2025-08-06T11:02:04.000Z</time>
        <extensions>
          <ns3:TrackPointExtension>
            <ns3:hr>111</ns3:hr>
            <ns3:cad>0</ns3:cad>
          </ns3:TrackPointExtension>
        </extensions>
      </trkpt>
      <trkpt lat="24.4270074181258678436279296875" lon="118.1259778328239917755126953125">
        <ele>5.599999904632568359375</ele>
        <time>2025-08-06T11:02:05.000Z</time>
        <extensions>
          <ns3:TrackPointExtension>
            <ns3:hr>111</ns3:hr>
            <ns3:cad>0</ns3:cad>
          </ns3:TrackPointExtension>
        </extensions>
      </trkpt>
      <trkpt lat="24.4270074181258678436279296875" lon="118.1259778328239917755126953125">
        <ele>5.599999904632568359375</ele>
        <time>2025-08-06T11:02:06.000Z</time>
        <extensions>
          <ns3:TrackPointExtension>
            <ns3:hr>111</ns3:hr>
            <ns3:cad>0</ns3:cad>
          </ns3:TrackPointExtension>
        </extensions>
      </trkpt>
      <trkpt lat="24.4270074181258678436279296875" lon="118.1259778328239917755126953125">
        <ele>5.599999904632568359375</ele>
        <time>2025-08-06T11:02:07.000Z</time>
        <extensions>
          <ns3:TrackPointExtension>
            <ns3:hr>111</ns3:hr>
            <ns3:cad>0</ns3:cad>
          </ns3:TrackPointExtension>
        </extensions>
      </trkpt>
      <trkpt lat="24.4270074181258678436279296875" lon="118.1259778328239917755126953125">
        <ele>5.599999904632568359375</ele>
        <time>2025-08-06T11:02:08.000Z</time>
        <extensions>
          <ns3:TrackPointExtension>
            <ns3:hr>110</ns3:hr>
            <ns3:cad>0</ns3:cad>
          </ns3:TrackPointExtension>
        </extensions>
      </trkpt>
      <trkpt lat="24.4270074181258678436279296875" lon="118.1259778328239917755126953125">
        <ele>5.599999904632568359375</ele>
        <time>2025-08-06T11:02:09.000Z</time>
        <extensions>
          <ns3:TrackPointExtension>
            <ns3:hr>110</ns3:hr>
            <ns3:cad>0</ns3:cad>
          </ns3:TrackPointExtension>
        </extensions>
      </trkpt>
      <trkpt lat="24.4270074181258678436279296875" lon="118.1259778328239917755126953125">
        <ele>5.599999904632568359375</ele>
        <time>2025-08-06T11:02:10.000Z</time>
        <extensions>
          <ns3:TrackPointExtension>
            <ns3:hr>111</ns3:hr>
            <ns3:cad>0</ns3:cad>
          </ns3:TrackPointExtension>
        </extensions>
      </trkpt>
      <trkpt lat="24.4270074181258678436279296875" lon="118.1259778328239917755126953125">
        <ele>5.400000095367431640625</ele>
        <time>2025-08-06T11:02:11.000Z</time>
        <extensions>
          <ns3:TrackPointExtension>
            <ns3:hr>111</ns3:hr>
            <ns3:cad>0</ns3:cad>
          </ns3:TrackPointExtension>
        </extensions>
      </trkpt>
      <trkpt lat="24.4270074181258678436279296875" lon="118.1259778328239917755126953125">
        <ele>5.19999980926513671875</ele>
        <time>2025-08-06T11:02:12.000Z</time>
        <extensions>
          <ns3:TrackPointExtension>
            <ns3:hr>110</ns3:hr>
            <ns3:cad>0</ns3:cad>
          </ns3:TrackPointExtension>
        </extensions>
      </trkpt>
      <trkpt lat="24.4270074181258678436279296875" lon="118.1259778328239917755126953125">
        <ele>5.19999980926513671875</ele>
        <time>2025-08-06T11:02:13.000Z</time>
        <extensions>
          <ns3:TrackPointExtension>
            <ns3:hr>110</ns3:hr>
            <ns3:cad>0</ns3:cad>
          </ns3:TrackPointExtension>
        </extensions>
      </trkpt>
      <trkpt lat="24.4270074181258678436279296875" lon="118.1259778328239917755126953125">
        <ele>5.19999980926513671875</ele>
        <time>2025-08-06T11:02:14.000Z</time>
        <extensions>
          <ns3:TrackPointExtension>
            <ns3:hr>110</ns3:hr>
            <ns3:cad>0</ns3:cad>
          </ns3:TrackPointExtension>
        </extensions>
      </trkpt>
      <trkpt lat="24.4270074181258678436279296875" lon="118.1259778328239917755126953125">
        <ele>5.19999980926513671875</ele>
        <time>2025-08-06T11:02:15.000Z</time>
        <extensions>
          <ns3:TrackPointExtension>
            <ns3:hr>110</ns3:hr>
            <ns3:cad>0</ns3:cad>
          </ns3:TrackPointExtension>
        </extensions>
      </trkpt>
      <trkpt lat="24.42700414918363094329833984375" lon="118.12596333213150501251220703125">
        <ele>5.19999980926513671875</ele>
        <time>2025-08-06T11:02:16.000Z</time>
        <extensions>
          <ns3:TrackPointExtension>
            <ns3:hr>110</ns3:hr>
            <ns3:cad>0</ns3:cad>
          </ns3:TrackPointExtension>
        </extensions>
      </trkpt>
      <trkpt lat="24.42700515501201152801513671875" lon="118.125959895551204681396484375">
        <ele>5.19999980926513671875</ele>
        <time>2025-08-06T11:02:17.000Z</time>
        <extensions>
          <ns3:TrackPointExtension>
            <ns3:hr>110</ns3:hr>
            <ns3:cad>0</ns3:cad>
          </ns3:TrackPointExtension>
        </extensions>
      </trkpt>
      <trkpt lat="24.42700515501201152801513671875" lon="118.125959895551204681396484375">
        <ele>5.400000095367431640625</ele>
        <time>2025-08-06T11:02:18.000Z</time>
        <extensions>
          <ns3:TrackPointExtension>
            <ns3:hr>109</ns3:hr>
            <ns3:cad>0</ns3:cad>
          </ns3:TrackPointExtension>
        </extensions>
      </trkpt>
      <trkpt lat="24.42700515501201152801513671875" lon="118.125959895551204681396484375">
        <ele>5.400000095367431640625</ele>
        <time>2025-08-06T11:02:19.000Z</time>
        <extensions>
          <ns3:TrackPointExtension>
            <ns3:hr>109</ns3:hr>
            <ns3:cad>0</ns3:cad>
          </ns3:TrackPointExtension>
        </extensions>
      </trkpt>
      <trkpt lat="24.42700515501201152801513671875" lon="118.125959895551204681396484375">
        <ele>5.400000095367431640625</ele>
        <time>2025-08-06T11:02:20.000Z</time>
        <extensions>
          <ns3:TrackPointExtension>
            <ns3:hr>108</ns3:hr>
            <ns3:cad>0</ns3:cad>
          </ns3:TrackPointExtension>
        </extensions>
      </trkpt>
      <trkpt lat="24.42700515501201152801513671875" lon="118.125959895551204681396484375">
        <ele>5.400000095367431640625</ele>
        <time>2025-08-06T11:02:21.000Z</time>
        <extensions>
          <ns3:TrackPointExtension>
            <ns3:hr>108</ns3:hr>
            <ns3:cad>0</ns3:cad>
          </ns3:TrackPointExtension>
        </extensions>
      </trkpt>
      <trkpt lat="24.42700515501201152801513671875" lon="118.125959895551204681396484375">
        <ele>5.400000095367431640625</ele>
        <time>2025-08-06T11:02:22.000Z</time>
        <extensions>
          <ns3:TrackPointExtension>
            <ns3:hr>108</ns3:hr>
            <ns3:cad>0</ns3:cad>
          </ns3:TrackPointExtension>
        </extensions>
      </trkpt>
      <trkpt lat="24.42700515501201152801513671875" lon="118.125959895551204681396484375">
        <ele>5.19999980926513671875</ele>
        <time>2025-08-06T11:02:23.000Z</time>
        <extensions>
          <ns3:TrackPointExtension>
            <ns3:hr>108</ns3:hr>
            <ns3:cad>0</ns3:cad>
          </ns3:TrackPointExtension>
        </extensions>
      </trkpt>
      <trkpt lat="24.42700515501201152801513671875" lon="118.125959895551204681396484375">
        <ele>5.19999980926513671875</ele>
        <time>2025-08-06T11:02:24.000Z</time>
        <extensions>
          <ns3:TrackPointExtension>
            <ns3:hr>109</ns3:hr>
            <ns3:cad>0</ns3:cad>
          </ns3:TrackPointExtension>
        </extensions>
      </trkpt>
      <trkpt lat="24.42700515501201152801513671875" lon="118.125959895551204681396484375">
        <ele>5</ele>
        <time>2025-08-06T11:02:25.000Z</time>
        <extensions>
          <ns3:TrackPointExtension>
            <ns3:hr>108</ns3:hr>
            <ns3:cad>0</ns3:cad>
          </ns3:TrackPointExtension>
        </extensions>
      </trkpt>
      <trkpt lat="24.42700515501201152801513671875" lon="118.125959895551204681396484375">
        <ele>5.19999980926513671875</ele>
        <time>2025-08-06T11:02:26.000Z</time>
        <extensions>
          <ns3:TrackPointExtension>
            <ns3:hr>108</ns3:hr>
            <ns3:cad>0</ns3:cad>
          </ns3:TrackPointExtension>
        </extensions>
      </trkpt>
      <trkpt lat="24.42700515501201152801513671875" lon="118.125959895551204681396484375">
        <ele>5.19999980926513671875</ele>
        <time>2025-08-06T11:02:27.000Z</time>
        <extensions>
          <ns3:TrackPointExtension>
            <ns3:hr>109</ns3:hr>
            <ns3:cad>0</ns3:cad>
          </ns3:TrackPointExtension>
        </extensions>
      </trkpt>
      <trkpt lat="24.42700515501201152801513671875" lon="118.125959895551204681396484375">
        <ele>5.19999980926513671875</ele>
        <time>2025-08-06T11:02:28.000Z</time>
        <extensions>
          <ns3:TrackPointExtension>
            <ns3:hr>108</ns3:hr>
            <ns3:cad>0</ns3:cad>
          </ns3:TrackPointExtension>
        </extensions>
      </trkpt>
      <trkpt lat="24.4270040653645992279052734375" lon="118.12595780007541179656982421875">
        <ele>5.19999980926513671875</ele>
        <time>2025-08-06T11:02:29.000Z</time>
        <extensions>
          <ns3:TrackPointExtension>
            <ns3:hr>108</ns3:hr>
            <ns3:cad>0</ns3:cad>
          </ns3:TrackPointExtension>
        </extensions>
      </trkpt>
      <trkpt lat="24.4270023889839649200439453125" lon="118.125955872237682342529296875">
        <ele>5.19999980926513671875</ele>
        <time>2025-08-06T11:02:30.000Z</time>
        <extensions>
          <ns3:TrackPointExtension>
            <ns3:hr>109</ns3:hr>
            <ns3:cad>0</ns3:cad>
          </ns3:TrackPointExtension>
        </extensions>
      </trkpt>
      <trkpt lat="24.42701269872486591339111328125" lon="118.125949837267398834228515625">
        <ele>5.19999980926513671875</ele>
        <time>2025-08-06T11:02:31.000Z</time>
        <extensions>
          <ns3:TrackPointExtension>
            <ns3:hr>108</ns3:hr>
            <ns3:cad>0</ns3:cad>
          </ns3:TrackPointExtension>
        </extensions>
      </trkpt>
      <trkpt lat="24.4270094297826290130615234375" lon="118.125949166715145111083984375">
        <ele>5.400000095367431640625</ele>
        <time>2025-08-06T11:02:32.000Z</time>
        <extensions>
          <ns3:TrackPointExtension>
            <ns3:hr>108</ns3:hr>
            <ns3:cad>0</ns3:cad>
          </ns3:TrackPointExtension>
        </extensions>
      </trkpt>
      <trkpt lat="24.42701051943004131317138671875" lon="118.12594489194452762603759765625">
        <ele>5.599999904632568359375</ele>
        <time>2025-08-06T11:02:33.000Z</time>
        <extensions>
          <ns3:TrackPointExtension>
            <ns3:hr>109</ns3:hr>
            <ns3:cad>0</ns3:cad>
          </ns3:TrackPointExtension>
        </extensions>
      </trkpt>
      <trkpt lat="24.4270104356110095977783203125" lon="118.12594472430646419525146484375">
        <ele>5.599999904632568359375</ele>
        <time>2025-08-06T11:02:34.000Z</time>
        <extensions>
          <ns3:TrackPointExtension>
            <ns3:hr>109</ns3:hr>
            <ns3:cad>0</ns3:cad>
          </ns3:TrackPointExtension>
        </extensions>
      </trkpt>
      <trkpt lat="24.4270104356110095977783203125" lon="118.125944472849369049072265625">
        <ele>5.80000019073486328125</ele>
        <time>2025-08-06T11:02:35.000Z</time>
        <extensions>
          <ns3:TrackPointExtension>
            <ns3:hr>109</ns3:hr>
            <ns3:cad>0</ns3:cad>
          </ns3:TrackPointExtension>
        </extensions>
      </trkpt>
      <trkpt lat="24.42701160907745361328125" lon="118.1259262003004550933837890625">
        <ele>5.599999904632568359375</ele>
        <time>2025-08-06T11:02:36.000Z</time>
        <extensions>
          <ns3:TrackPointExtension>
            <ns3:hr>109</ns3:hr>
            <ns3:cad>0</ns3:cad>
          </ns3:TrackPointExtension>
        </extensions>
      </trkpt>
      <trkpt lat="24.42701403982937335968017578125" lon="118.12591186724603176116943359375">
        <ele>5.599999904632568359375</ele>
        <time>2025-08-06T11:02:37.000Z</time>
        <extensions>
          <ns3:TrackPointExtension>
            <ns3:hr>108</ns3:hr>
            <ns3:cad>0</ns3:cad>
          </ns3:TrackPointExtension>
        </extensions>
      </trkpt>
      <trkpt lat="24.4270188175141811370849609375" lon="118.12589460052549839019775390625">
        <ele>5.599999904632568359375</ele>
        <time>2025-08-06T11:02:38.000Z</time>
        <extensions>
          <ns3:TrackPointExtension>
            <ns3:hr>108</ns3:hr>
            <ns3:cad>0</ns3:cad>
          </ns3:TrackPointExtension>
        </extensions>
      </trkpt>
      <trkpt lat="24.42702309228479862213134765625" lon="118.12587766908109188079833984375">
        <ele>5.599999904632568359375</ele>
        <time>2025-08-06T11:02:39.000Z</time>
        <extensions>
          <ns3:TrackPointExtension>
            <ns3:hr>108</ns3:hr>
            <ns3:cad>0</ns3:cad>
          </ns3:TrackPointExtension>
        </extensions>
      </trkpt>
      <trkpt lat="24.4270245172083377838134765625" lon="118.12586090527474880218505859375">
        <ele>5.599999904632568359375</ele>
        <time>2025-08-06T11:02:40.000Z</time>
        <extensions>
          <ns3:TrackPointExtension>
            <ns3:hr>106</ns3:hr>
            <ns3:cad>0</ns3:cad>
          </ns3:TrackPointExtension>
        </extensions>
      </trkpt>
      <trkpt lat="24.42702661268413066864013671875" lon="118.1258417107164859771728515625">
        <ele>5.400000095367431640625</ele>
        <time>2025-08-06T11:02:41.000Z</time>
        <extensions>
          <ns3:TrackPointExtension>
            <ns3:hr>105</ns3:hr>
            <ns3:cad>0</ns3:cad>
          </ns3:TrackPointExtension>
        </extensions>
      </trkpt>
      <trkpt lat="24.4270312227308750152587890625" lon="118.12582050450146198272705078125">
        <ele>5.400000095367431640625</ele>
        <time>2025-08-06T11:02:42.000Z</time>
        <extensions>
          <ns3:TrackPointExtension>
            <ns3:hr>104</ns3:hr>
            <ns3:cad>0</ns3:cad>
          </ns3:TrackPointExtension>
        </extensions>
      </trkpt>
      <trkpt lat="24.4270322285592555999755859375" lon="118.12579753808677196502685546875">
        <ele>5.400000095367431640625</ele>
        <time>2025-08-06T11:02:43.000Z</time>
        <extensions>
          <ns3:TrackPointExtension>
            <ns3:hr>104</ns3:hr>
            <ns3:cad>0</ns3:cad>
          </ns3:TrackPointExtension>
        </extensions>
      </trkpt>
      <trkpt lat="24.42703650332987308502197265625" lon="118.125787563621997833251953125">
        <ele>5.400000095367431640625</ele>
        <time>2025-08-06T11:02:44.000Z</time>
        <extensions>
          <ns3:TrackPointExtension>
            <ns3:hr>104</ns3:hr>
            <ns3:cad>0</ns3:cad>
          </ns3:TrackPointExtension>
        </extensions>
      </trkpt>
      <trkpt lat="24.42704170010983943939208984375" lon="118.1257806904613971710205078125">
        <ele>5.400000095367431640625</ele>
        <time>2025-08-06T11:02:45.000Z</time>
        <extensions>
          <ns3:TrackPointExtension>
            <ns3:hr>104</ns3:hr>
            <ns3:cad>0</ns3:cad>
          </ns3:TrackPointExtension>
        </extensions>
      </trkpt>
      <trkpt lat="24.4270439632236957550048828125" lon="118.12576903961598873138427734375">
        <ele>5.400000095367431640625</ele>
        <time>2025-08-06T11:02:46.000Z</time>
        <extensions>
          <ns3:TrackPointExtension>
            <ns3:hr>104</ns3:hr>
            <ns3:cad>0</ns3:cad>
          </ns3:TrackPointExtension>
        </extensions>
      </trkpt>
      <trkpt lat="24.42704589106142520904541015625" lon="118.12576015479862689971923828125">
        <ele>5.400000095367431640625</ele>
        <time>2025-08-06T11:02:47.000Z</time>
        <extensions>
          <ns3:TrackPointExtension>
            <ns3:hr>104</ns3:hr>
            <ns3:cad>0</ns3:cad>
          </ns3:TrackPointExtension>
        </extensions>
      </trkpt>
      <trkpt lat="24.42704983055591583251953125" lon="118.12574355863034725189208984375">
        <ele>5.400000095367431640625</ele>
        <time>2025-08-06T11:02:48.000Z</time>
        <extensions>
          <ns3:TrackPointExtension>
            <ns3:hr>103</ns3:hr>
            <ns3:cad>0</ns3:cad>
          </ns3:TrackPointExtension>
        </extensions>
      </trkpt>
      <trkpt lat="24.42705276422202587127685546875" lon="118.1257297284901142120361328125">
        <ele>5.400000095367431640625</ele>
        <time>2025-08-06T11:02:49.000Z</time>
        <extensions>
          <ns3:TrackPointExtension>
            <ns3:hr>103</ns3:hr>
            <ns3:cad>0</ns3:cad>
          </ns3:TrackPointExtension>
        </extensions>
      </trkpt>
      <trkpt lat="24.4270543567836284637451171875" lon="118.1257136352360248565673828125">
        <ele>5.400000095367431640625</ele>
        <time>2025-08-06T11:02:50.000Z</time>
        <extensions>
          <ns3:TrackPointExtension>
            <ns3:hr>102</ns3:hr>
            <ns3:cad>0</ns3:cad>
          </ns3:TrackPointExtension>
        </extensions>
      </trkpt>
      <trkpt lat="24.42705410532653331756591796875" lon="118.12569729052484035491943359375">
        <ele>5.400000095367431640625</ele>
        <time>2025-08-06T11:02:51.000Z</time>
        <extensions>
          <ns3:TrackPointExtension>
            <ns3:hr>102</ns3:hr>
            <ns3:cad>0</ns3:cad>
          </ns3:TrackPointExtension>
        </extensions>
      </trkpt>
      <trkpt lat="24.4270546920597553253173828125" lon="118.1256821192800998687744140625">
        <ele>5.19999980926513671875</ele>
        <time>2025-08-06T11:02:52.000Z</time>
        <extensions>
          <ns3:TrackPointExtension>
            <ns3:hr>98</ns3:hr>
            <ns3:cad>0</ns3:cad>
          </ns3:TrackPointExtension>
        </extensions>
      </trkpt>
      <trkpt lat="24.4270546920597553253173828125" lon="118.12567113898694515228271484375">
        <ele>5.19999980926513671875</ele>
        <time>2025-08-06T11:02:53.000Z</time>
        <extensions>
          <ns3:TrackPointExtension>
            <ns3:hr>96</ns3:hr>
            <ns3:cad>59</ns3:cad>
          </ns3:TrackPointExtension>
        </extensions>
      </trkpt>
      <trkpt lat="24.42705444060266017913818359375" lon="118.12565923668444156646728515625">
        <ele>5.19999980926513671875</ele>
        <time>2025-08-06T11:02:54.000Z</time>
        <extensions>
          <ns3:TrackPointExtension>
            <ns3:hr>93</ns3:hr>
            <ns3:cad>59</ns3:cad>
          </ns3:TrackPointExtension>
        </extensions>
      </trkpt>
      <trkpt lat="24.4270533509552478790283203125" lon="118.1256499327719211578369140625">
        <ele>5.19999980926513671875</ele>
        <time>2025-08-06T11:02:55.000Z</time>
        <extensions>
          <ns3:TrackPointExtension>
            <ns3:hr>92</ns3:hr>
            <ns3:cad>59</ns3:cad>
          </ns3:TrackPointExtension>
        </extensions>
      </trkpt>
      <trkpt lat="24.42705343477427959442138671875" lon="118.1256415508687496185302734375">
        <ele>5.19999980926513671875</ele>
        <time>2025-08-06T11:02:56.000Z</time>
        <extensions>
          <ns3:TrackPointExtension>
            <ns3:hr>92</ns3:hr>
            <ns3:cad>0</ns3:cad>
          </ns3:TrackPointExtension>
        </extensions>
      </trkpt>
      <trkpt lat="24.427051506936550140380859375" lon="118.12563593499362468719482421875">
        <ele>5.19999980926513671875</ele>
        <time>2025-08-06T11:02:57.000Z</time>
        <extensions>
          <ns3:TrackPointExtension>
            <ns3:hr>91</ns3:hr>
            <ns3:cad>0</ns3:cad>
          </ns3:TrackPointExtension>
        </extensions>
      </trkpt>
      <trkpt lat="24.42705008201301097869873046875" lon="118.12562705017626285552978515625">
        <ele>5</ele>
        <time>2025-08-06T11:02:58.000Z</time>
        <extensions>
          <ns3:TrackPointExtension>
            <ns3:hr>90</ns3:hr>
            <ns3:cad>0</ns3:cad>
          </ns3:TrackPointExtension>
        </extensions>
      </trkpt>
      <trkpt lat="24.427046477794647216796875" lon="118.125616572797298431396484375">
        <ele>5</ele>
        <time>2025-08-06T11:02:59.000Z</time>
        <extensions>
          <ns3:TrackPointExtension>
            <ns3:hr>90</ns3:hr>
            <ns3:cad>0</ns3:cad>
          </ns3:TrackPointExtension>
        </extensions>
      </trkpt>
      <trkpt lat="24.42704312503337860107421875" lon="118.12560006044805049896240234375">
        <ele>5</ele>
        <time>2025-08-06T11:03:00.000Z</time>
        <extensions>
          <ns3:TrackPointExtension>
            <ns3:hr>90</ns3:hr>
            <ns3:cad>0</ns3:cad>
          </ns3:TrackPointExtension>
        </extensions>
      </trkpt>
      <trkpt lat="24.42704186774790287017822265625" lon="118.12558094970881938934326171875">
        <ele>5</ele>
        <time>2025-08-06T11:03:01.000Z</time>
        <extensions>
          <ns3:TrackPointExtension>
            <ns3:hr>90</ns3:hr>
            <ns3:cad>0</ns3:cad>
          </ns3:TrackPointExtension>
        </extensions>
      </trkpt>
      <trkpt lat="24.427040778100490570068359375" lon="118.12555949203670024871826171875">
        <ele>5</ele>
        <time>2025-08-06T11:03:02.000Z</time>
        <extensions>
          <ns3:TrackPointExtension>
            <ns3:hr>90</ns3:hr>
            <ns3:cad>0</ns3:cad>
          </ns3:TrackPointExtension>
        </extensions>
      </trkpt>
      <trkpt lat="24.42704170010983943939208984375" lon="118.12553702853620052337646484375">
        <ele>5</ele>
        <time>2025-08-06T11:03:03.000Z</time>
        <extensions>
          <ns3:TrackPointExtension>
            <ns3:hr>90</ns3:hr>
            <ns3:cad>0</ns3:cad>
          </ns3:TrackPointExtension>
        </extensions>
      </trkpt>
      <trkpt lat="24.4270422868430614471435546875" lon="118.12550836242735385894775390625">
        <ele>5</ele>
        <time>2025-08-06T11:03:04.000Z</time>
        <extensions>
          <ns3:TrackPointExtension>
            <ns3:hr>90</ns3:hr>
            <ns3:cad>0</ns3:cad>
          </ns3:TrackPointExtension>
        </extensions>
      </trkpt>
      <trkpt lat="24.42704505287110805511474609375" lon="118.125479780137538909912109375">
        <ele>5</ele>
        <time>2025-08-06T11:03:05.000Z</time>
        <extensions>
          <ns3:TrackPointExtension>
            <ns3:hr>90</ns3:hr>
            <ns3:cad>47</ns3:cad>
          </ns3:TrackPointExtension>
        </extensions>
      </trkpt>
      <trkpt lat="24.427050165832042694091796875" lon="118.12545404769480228424072265625">
        <ele>5</ele>
        <time>2025-08-06T11:03:06.000Z</time>
        <extensions>
          <ns3:TrackPointExtension>
            <ns3:hr>90</ns3:hr>
            <ns3:cad>47</ns3:cad>
          </ns3:TrackPointExtension>
        </extensions>
      </trkpt>
      <trkpt lat="24.4270540215075016021728515625" lon="118.12542839907109737396240234375">
        <ele>5</ele>
        <time>2025-08-06T11:03:07.000Z</time>
        <extensions>
          <ns3:TrackPointExtension>
            <ns3:hr>90</ns3:hr>
            <ns3:cad>47</ns3:cad>
          </ns3:TrackPointExtension>
        </extensions>
      </trkpt>
      <trkpt lat="24.42705594934523105621337890625" lon="118.12540107406675815582275390625">
        <ele>4.80000019073486328125</ele>
        <time>2025-08-06T11:03:08.000Z</time>
        <extensions>
          <ns3:TrackPointExtension>
            <ns3:hr>91</ns3:hr>
            <ns3:cad>47</ns3:cad>
          </ns3:TrackPointExtension>
        </extensions>
      </trkpt>
      <trkpt lat="24.4270590506494045257568359375" lon="118.12536989338696002960205078125">
        <ele>4.80000019073486328125</ele>
        <time>2025-08-06T11:03:09.000Z</time>
        <extensions>
          <ns3:TrackPointExtension>
            <ns3:hr>91</ns3:hr>
            <ns3:cad>47</ns3:cad>
          </ns3:TrackPointExtension>
        </extensions>
      </trkpt>
      <trkpt lat="24.427062571048736572265625" lon="118.12533921562135219573974609375">
        <ele>4.80000019073486328125</ele>
        <time>2025-08-06T11:03:10.000Z</time>
        <extensions>
          <ns3:TrackPointExtension>
            <ns3:hr>93</ns3:hr>
            <ns3:cad>47</ns3:cad>
          </ns3:TrackPointExtension>
        </extensions>
      </trkpt>
      <trkpt lat="24.4270674325525760650634765625" lon="118.125311471521854400634765625">
        <ele>4.80000019073486328125</ele>
        <time>2025-08-06T11:03:11.000Z</time>
        <extensions>
          <ns3:TrackPointExtension>
            <ns3:hr>95</ns3:hr>
            <ns3:cad>0</ns3:cad>
          </ns3:TrackPointExtension>
        </extensions>
      </trkpt>
      <trkpt lat="24.4270660914480686187744140625" lon="118.12528372742235660552978515625">
        <ele>4.80000019073486328125</ele>
        <time>2025-08-06T11:03:12.000Z</time>
        <extensions>
          <ns3:TrackPointExtension>
            <ns3:hr>97</ns3:hr>
            <ns3:cad>0</ns3:cad>
          </ns3:TrackPointExtension>
        </extensions>
      </trkpt>
      <trkpt lat="24.42706324160099029541015625" lon="118.12525841407477855682373046875">
        <ele>4.80000019073486328125</ele>
        <time>2025-08-06T11:03:13.000Z</time>
        <extensions>
          <ns3:TrackPointExtension>
            <ns3:hr>98</ns3:hr>
            <ns3:cad>0</ns3:cad>
          </ns3:TrackPointExtension>
        </extensions>
      </trkpt>
      <trkpt lat="24.4270647503435611724853515625" lon="118.1252318434417247772216796875">
        <ele>4.80000019073486328125</ele>
        <time>2025-08-06T11:03:14.000Z</time>
        <extensions>
          <ns3:TrackPointExtension>
            <ns3:hr>98</ns3:hr>
            <ns3:cad>0</ns3:cad>
          </ns3:TrackPointExtension>
        </extensions>
      </trkpt>
      <trkpt lat="24.42706516943871974945068359375" lon="118.125202842056751251220703125">
        <ele>4.80000019073486328125</ele>
        <time>2025-08-06T11:03:15.000Z</time>
        <extensions>
          <ns3:TrackPointExtension>
            <ns3:hr>98</ns3:hr>
            <ns3:cad>0</ns3:cad>
          </ns3:TrackPointExtension>
        </extensions>
      </trkpt>
      <trkpt lat="24.42706550471484661102294921875" lon="118.12517459504306316375732421875">
        <ele>4.80000019073486328125</ele>
        <time>2025-08-06T11:03:16.000Z</time>
        <extensions>
          <ns3:TrackPointExtension>
            <ns3:hr>98</ns3:hr>
            <ns3:cad>0</ns3:cad>
          </ns3:TrackPointExtension>
        </extensions>
      </trkpt>
      <trkpt lat="24.42706801928579807281494140625" lon="118.12514727003872394561767578125">
        <ele>4.599999904632568359375</ele>
        <time>2025-08-06T11:03:17.000Z</time>
        <extensions>
          <ns3:TrackPointExtension>
            <ns3:hr>98</ns3:hr>
            <ns3:cad>0</ns3:cad>
          </ns3:TrackPointExtension>
        </extensions>
      </trkpt>
      <trkpt lat="24.42706902511417865753173828125" lon="118.12511927448213100433349609375">
        <ele>4.80000019073486328125</ele>
        <time>2025-08-06T11:03:18.000Z</time>
        <extensions>
          <ns3:TrackPointExtension>
            <ns3:hr>99</ns3:hr>
            <ns3:cad>0</ns3:cad>
          </ns3:TrackPointExtension>
        </extensions>
      </trkpt>
      <trkpt lat="24.42706634290516376495361328125" lon="118.1250900216400623321533203125">
        <ele>4.80000019073486328125</ele>
        <time>2025-08-06T11:03:19.000Z</time>
        <extensions>
          <ns3:TrackPointExtension>
            <ns3:hr>99</ns3:hr>
            <ns3:cad>53</ns3:cad>
          </ns3:TrackPointExtension>
        </extensions>
      </trkpt>
      <trkpt lat="24.42706299014389514923095703125" lon="118.12505993060767650604248046875">
        <ele>4.80000019073486328125</ele>
        <time>2025-08-06T11:03:20.000Z</time>
        <extensions>
          <ns3:TrackPointExtension>
            <ns3:hr>99</ns3:hr>
            <ns3:cad>53</ns3:cad>
          </ns3:TrackPointExtension>
        </extensions>
      </trkpt>
      <trkpt lat="24.42706248722970485687255859375" lon="118.125032521784305572509765625">
        <ele>4.80000019073486328125</ele>
        <time>2025-08-06T11:03:21.000Z</time>
        <extensions>
          <ns3:TrackPointExtension>
            <ns3:hr>99</ns3:hr>
            <ns3:cad>53</ns3:cad>
          </ns3:TrackPointExtension>
        </extensions>
      </trkpt>
      <trkpt lat="24.42706299014389514923095703125" lon="118.12500293366611003875732421875">
        <ele>4.80000019073486328125</ele>
        <time>2025-08-06T11:03:22.000Z</time>
        <extensions>
          <ns3:TrackPointExtension>
            <ns3:hr>99</ns3:hr>
            <ns3:cad>0</ns3:cad>
          </ns3:TrackPointExtension>
        </extensions>
      </trkpt>
      <trkpt lat="24.42706349305808544158935546875" lon="118.12497409991919994354248046875">
        <ele>4.80000019073486328125</ele>
        <time>2025-08-06T11:03:23.000Z</time>
        <extensions>
          <ns3:TrackPointExtension>
            <ns3:hr>100</ns3:hr>
            <ns3:cad>0</ns3:cad>
          </ns3:TrackPointExtension>
        </extensions>
      </trkpt>
      <trkpt lat="24.42706550471484661102294921875" lon="118.12494576908648014068603515625">
        <ele>4.80000019073486328125</ele>
        <time>2025-08-06T11:03:24.000Z</time>
        <extensions>
          <ns3:TrackPointExtension>
            <ns3:hr>100</ns3:hr>
            <ns3:cad>0</ns3:cad>
          </ns3:TrackPointExtension>
        </extensions>
      </trkpt>
      <trkpt lat="24.427066259086132049560546875" lon="118.12491609714925289154052734375">
        <ele>4.80000019073486328125</ele>
        <time>2025-08-06T11:03:25.000Z</time>
        <extensions>
          <ns3:TrackPointExtension>
            <ns3:hr>100</ns3:hr>
            <ns3:cad>0</ns3:cad>
          </ns3:TrackPointExtension>
        </extensions>
      </trkpt>
      <trkpt lat="24.4270674325525760650634765625" lon="118.12488810159265995025634765625">
        <ele>4.80000019073486328125</ele>
        <time>2025-08-06T11:03:26.000Z</time>
        <extensions>
          <ns3:TrackPointExtension>
            <ns3:hr>100</ns3:hr>
            <ns3:cad>0</ns3:cad>
          </ns3:TrackPointExtension>
        </extensions>
      </trkpt>
      <trkpt lat="24.42706617526710033416748046875" lon="118.12486161477863788604736328125">
        <ele>4.80000019073486328125</ele>
        <time>2025-08-06T11:03:27.000Z</time>
        <extensions>
          <ns3:TrackPointExtension>
            <ns3:hr>98</ns3:hr>
            <ns3:cad>0</ns3:cad>
          </ns3:TrackPointExtension>
        </extensions>
      </trkpt>
      <trkpt lat="24.4270630739629268646240234375" lon="118.1248338706791400909423828125">
        <ele>4.80000019073486328125</ele>
        <time>2025-08-06T11:03:28.000Z</time>
        <extensions>
          <ns3:TrackPointExtension>
            <ns3:hr>97</ns3:hr>
            <ns3:cad>0</ns3:cad>
          </ns3:TrackPointExtension>
        </extensions>
      </trkpt>
      <trkpt lat="24.42706190049648284912109375" lon="118.1248070485889911651611328125">
        <ele>4.80000019073486328125</ele>
        <time>2025-08-06T11:03:29.000Z</time>
        <extensions>
          <ns3:TrackPointExtension>
            <ns3:hr>96</ns3:hr>
            <ns3:cad>0</ns3:cad>
          </ns3:TrackPointExtension>
        </extensions>
      </trkpt>
      <trkpt lat="24.427064247429370880126953125" lon="118.12478542327880859375">
        <ele>4.80000019073486328125</ele>
        <time>2025-08-06T11:03:30.000Z</time>
        <extensions>
          <ns3:TrackPointExtension>
            <ns3:hr>96</ns3:hr>
            <ns3:cad>0</ns3:cad>
          </ns3:TrackPointExtension>
        </extensions>
      </trkpt>
      <trkpt lat="24.42706466652452945709228515625" lon="118.124761618673801422119140625">
        <ele>4.80000019073486328125</ele>
        <time>2025-08-06T11:03:31.000Z</time>
        <extensions>
          <ns3:TrackPointExtension>
            <ns3:hr>96</ns3:hr>
            <ns3:cad>0</ns3:cad>
          </ns3:TrackPointExtension>
        </extensions>
      </trkpt>
      <trkpt lat="24.4270644150674343109130859375" lon="118.12473647296428680419921875">
        <ele>4.80000019073486328125</ele>
        <time>2025-08-06T11:03:32.000Z</time>
        <extensions>
          <ns3:TrackPointExtension>
            <ns3:hr>96</ns3:hr>
            <ns3:cad>0</ns3:cad>
          </ns3:TrackPointExtension>
        </extensions>
      </trkpt>
      <trkpt lat="24.42706164903938770294189453125" lon="118.12470990233123302459716796875">
        <ele>4.80000019073486328125</ele>
        <time>2025-08-06T11:03:33.000Z</time>
        <extensions>
          <ns3:TrackPointExtension>
            <ns3:hr>96</ns3:hr>
            <ns3:cad>0</ns3:cad>
          </ns3:TrackPointExtension>
        </extensions>
      </trkpt>
      <trkpt lat="24.42705980502068996429443359375" lon="118.12468224205076694488525390625">
        <ele>5</ele>
        <time>2025-08-06T11:03:34.000Z</time>
        <extensions>
          <ns3:TrackPointExtension>
            <ns3:hr>96</ns3:hr>
            <ns3:cad>0</ns3:cad>
          </ns3:TrackPointExtension>
        </extensions>
      </trkpt>
      <trkpt lat="24.42705963738262653350830078125" lon="118.1246531568467617034912109375">
        <ele>5</ele>
        <time>2025-08-06T11:03:35.000Z</time>
        <extensions>
          <ns3:TrackPointExtension>
            <ns3:hr>96</ns3:hr>
            <ns3:cad>0</ns3:cad>
          </ns3:TrackPointExtension>
        </extensions>
      </trkpt>
      <trkpt lat="24.42705997265875339508056640625" lon="118.12462222762405872344970703125">
        <ele>5</ele>
        <time>2025-08-06T11:03:36.000Z</time>
        <extensions>
          <ns3:TrackPointExtension>
            <ns3:hr>96</ns3:hr>
            <ns3:cad>0</ns3:cad>
          </ns3:TrackPointExtension>
        </extensions>
      </trkpt>
      <trkpt lat="24.42706055939197540283203125" lon="118.1245918013155460357666015625">
        <ele>5</ele>
        <time>2025-08-06T11:03:37.000Z</time>
        <extensions>
          <ns3:TrackPointExtension>
            <ns3:hr>96</ns3:hr>
            <ns3:cad>0</ns3:cad>
          </ns3:TrackPointExtension>
        </extensions>
      </trkpt>
      <trkpt lat="24.42706081084907054901123046875" lon="118.1245626322925090789794921875">
        <ele>5</ele>
        <time>2025-08-06T11:03:38.000Z</time>
        <extensions>
          <ns3:TrackPointExtension>
            <ns3:hr>96</ns3:hr>
            <ns3:cad>0</ns3:cad>
          </ns3:TrackPointExtension>
        </extensions>
      </trkpt>
      <trkpt lat="24.4270607270300388336181640625" lon="118.12453388236463069915771484375">
        <ele>5</ele>
        <time>2025-08-06T11:03:39.000Z</time>
        <extensions>
          <ns3:TrackPointExtension>
            <ns3:hr>96</ns3:hr>
            <ns3:cad>0</ns3:cad>
          </ns3:TrackPointExtension>
        </extensions>
      </trkpt>
      <trkpt lat="24.42705879919230937957763671875" lon="118.12450714409351348876953125">
        <ele>5</ele>
        <time>2025-08-06T11:03:40.000Z</time>
        <extensions>
          <ns3:TrackPointExtension>
            <ns3:hr>97</ns3:hr>
            <ns3:cad>0</ns3:cad>
          </ns3:TrackPointExtension>
        </extensions>
      </trkpt>
      <trkpt lat="24.42705427296459674835205078125" lon="118.1244809925556182861328125">
        <ele>5</ele>
        <time>2025-08-06T11:03:41.000Z</time>
        <extensions>
          <ns3:TrackPointExtension>
            <ns3:hr>97</ns3:hr>
            <ns3:cad>0</ns3:cad>
          </ns3:TrackPointExtension>
        </extensions>
      </trkpt>
      <trkpt lat="24.42705251276493072509765625" lon="118.1244509853422641754150390625">
        <ele>5</ele>
        <time>2025-08-06T11:03:42.000Z</time>
        <extensions>
          <ns3:TrackPointExtension>
            <ns3:hr>97</ns3:hr>
            <ns3:cad>0</ns3:cad>
          </ns3:TrackPointExtension>
        </extensions>
      </trkpt>
      <trkpt lat="24.42705276422202587127685546875" lon="118.1244241632521152496337890625">
        <ele>5</ele>
        <time>2025-08-06T11:03:43.000Z</time>
        <extensions>
          <ns3:TrackPointExtension>
            <ns3:hr>97</ns3:hr>
            <ns3:cad>0</ns3:cad>
          </ns3:TrackPointExtension>
        </extensions>
      </trkpt>
      <trkpt lat="24.4270533509552478790283203125" lon="118.1243976764380931854248046875">
        <ele>5</ele>
        <time>2025-08-06T11:03:44.000Z</time>
        <extensions>
          <ns3:TrackPointExtension>
            <ns3:hr>97</ns3:hr>
            <ns3:cad>0</ns3:cad>
          </ns3:TrackPointExtension>
        </extensions>
      </trkpt>
      <trkpt lat="24.427052177488803863525390625" lon="118.124370686709880828857421875">
        <ele>5</ele>
        <time>2025-08-06T11:03:45.000Z</time>
        <extensions>
          <ns3:TrackPointExtension>
            <ns3:hr>98</ns3:hr>
            <ns3:cad>0</ns3:cad>
          </ns3:TrackPointExtension>
        </extensions>
      </trkpt>
      <trkpt lat="24.42705024965107440948486328125" lon="118.12434311024844646453857421875">
        <ele>5</ele>
        <time>2025-08-06T11:03:46.000Z</time>
        <extensions>
          <ns3:TrackPointExtension>
            <ns3:hr>97</ns3:hr>
            <ns3:cad>0</ns3:cad>
          </ns3:TrackPointExtension>
        </extensions>
      </trkpt>
      <trkpt lat="24.42704924382269382476806640625" lon="118.1243125163018703460693359375">
        <ele>5</ele>
        <time>2025-08-06T11:03:47.000Z</time>
        <extensions>
          <ns3:TrackPointExtension>
            <ns3:hr>97</ns3:hr>
            <ns3:cad>0</ns3:cad>
          </ns3:TrackPointExtension>
        </extensions>
      </trkpt>
      <trkpt lat="24.427050836384296417236328125" lon="118.12428359873592853546142578125">
        <ele>5</ele>
        <time>2025-08-06T11:03:48.000Z</time>
        <extensions>
          <ns3:TrackPointExtension>
            <ns3:hr>96</ns3:hr>
            <ns3:cad>0</ns3:cad>
          </ns3:TrackPointExtension>
        </extensions>
      </trkpt>
      <trkpt lat="24.42705108784139156341552734375" lon="118.1242565251886844635009765625">
        <ele>5</ele>
        <time>2025-08-06T11:03:49.000Z</time>
        <extensions>
          <ns3:TrackPointExtension>
            <ns3:hr>95</ns3:hr>
            <ns3:cad>0</ns3:cad>
          </ns3:TrackPointExtension>
        </extensions>
      </trkpt>
      <trkpt lat="24.4270496629178524017333984375" lon="118.1242297030985355377197265625">
        <ele>5</ele>
        <time>2025-08-06T11:03:50.000Z</time>
        <extensions>
          <ns3:TrackPointExtension>
            <ns3:hr>93</ns3:hr>
            <ns3:cad>0</ns3:cad>
          </ns3:TrackPointExtension>
        </extensions>
      </trkpt>
      <trkpt lat="24.42704983055591583251953125" lon="118.1242020428180694580078125">
        <ele>5</ele>
        <time>2025-08-06T11:03:51.000Z</time>
        <extensions>
          <ns3:TrackPointExtension>
            <ns3:hr>92</ns3:hr>
            <ns3:cad>0</ns3:cad>
          </ns3:TrackPointExtension>
        </extensions>
      </trkpt>
      <trkpt lat="24.4270506687462329864501953125" lon="118.12417195178568363189697265625">
        <ele>5</ele>
        <time>2025-08-06T11:03:52.000Z</time>
        <extensions>
          <ns3:TrackPointExtension>
            <ns3:hr>92</ns3:hr>
            <ns3:cad>0</ns3:cad>
          </ns3:TrackPointExtension>
        </extensions>
      </trkpt>
      <trkpt lat="24.42705175839364528656005859375" lon="118.124142028391361236572265625">
        <ele>5</ele>
        <time>2025-08-06T11:03:53.000Z</time>
        <extensions>
          <ns3:TrackPointExtension>
            <ns3:hr>92</ns3:hr>
            <ns3:cad>0</ns3:cad>
          </ns3:TrackPointExtension>
        </extensions>
      </trkpt>
      <trkpt lat="24.42705259658396244049072265625" lon="118.12411361373960971832275390625">
        <ele>5</ele>
        <time>2025-08-06T11:03:54.000Z</time>
        <extensions>
          <ns3:TrackPointExtension>
            <ns3:hr>93</ns3:hr>
            <ns3:cad>0</ns3:cad>
          </ns3:TrackPointExtension>
        </extensions>
      </trkpt>
      <trkpt lat="24.4270520098507404327392578125" lon="118.12408662401139736175537109375">
        <ele>5</ele>
        <time>2025-08-06T11:03:55.000Z</time>
        <extensions>
          <ns3:TrackPointExtension>
            <ns3:hr>93</ns3:hr>
            <ns3:cad>0</ns3:cad>
          </ns3:TrackPointExtension>
        </extensions>
      </trkpt>
      <trkpt lat="24.42705259658396244049072265625" lon="118.12405829317867755889892578125">
        <ele>5</ele>
        <time>2025-08-06T11:03:56.000Z</time>
        <extensions>
          <ns3:TrackPointExtension>
            <ns3:hr>92</ns3:hr>
            <ns3:cad>0</ns3:cad>
          </ns3:TrackPointExtension>
        </extensions>
      </trkpt>
      <trkpt lat="24.42705309949815273284912109375" lon="118.124030046164989471435546875">
        <ele>5</ele>
        <time>2025-08-06T11:03:57.000Z</time>
        <extensions>
          <ns3:TrackPointExtension>
            <ns3:hr>93</ns3:hr>
            <ns3:cad>0</ns3:cad>
          </ns3:TrackPointExtension>
        </extensions>
      </trkpt>
      <trkpt lat="24.4270530156791210174560546875" lon="118.12399978749454021453857421875">
        <ele>5</ele>
        <time>2025-08-06T11:03:58.000Z</time>
        <extensions>
          <ns3:TrackPointExtension>
            <ns3:hr>93</ns3:hr>
            <ns3:cad>0</ns3:cad>
          </ns3:TrackPointExtension>
        </extensions>
      </trkpt>
      <trkpt lat="24.4270516745746135711669921875" lon="118.1239718757569789886474609375">
        <ele>5.19999980926513671875</ele>
        <time>2025-08-06T11:03:59.000Z</time>
        <extensions>
          <ns3:TrackPointExtension>
            <ns3:hr>93</ns3:hr>
            <ns3:cad>0</ns3:cad>
          </ns3:TrackPointExtension>
        </extensions>
      </trkpt>
      <trkpt lat="24.4270496629178524017333984375" lon="118.12394329346716403961181640625">
        <ele>5.19999980926513671875</ele>
        <time>2025-08-06T11:04:00.000Z</time>
        <extensions>
          <ns3:TrackPointExtension>
            <ns3:hr>93</ns3:hr>
            <ns3:cad>0</ns3:cad>
          </ns3:TrackPointExtension>
        </extensions>
      </trkpt>
      <trkpt lat="24.42704756744205951690673828125" lon="118.12391429208219051361083984375">
        <ele>5.19999980926513671875</ele>
        <time>2025-08-06T11:04:01.000Z</time>
        <extensions>
          <ns3:TrackPointExtension>
            <ns3:hr>93</ns3:hr>
            <ns3:cad>0</ns3:cad>
          </ns3:TrackPointExtension>
        </extensions>
      </trkpt>
      <trkpt lat="24.42704714834690093994140625" lon="118.123885877430438995361328125">
        <ele>5.19999980926513671875</ele>
        <time>2025-08-06T11:04:02.000Z</time>
        <extensions>
          <ns3:TrackPointExtension>
            <ns3:hr>93</ns3:hr>
            <ns3:cad>0</ns3:cad>
          </ns3:TrackPointExtension>
        </extensions>
      </trkpt>
      <trkpt lat="24.42704807035624980926513671875" lon="118.123857714235782623291015625">
        <ele>5.19999980926513671875</ele>
        <time>2025-08-06T11:04:03.000Z</time>
        <extensions>
          <ns3:TrackPointExtension>
            <ns3:hr>94</ns3:hr>
            <ns3:cad>0</ns3:cad>
          </ns3:TrackPointExtension>
        </extensions>
      </trkpt>
      <trkpt lat="24.427049160003662109375" lon="118.12382946722209453582763671875">
        <ele>5</ele>
        <time>2025-08-06T11:04:04.000Z</time>
        <extensions>
          <ns3:TrackPointExtension>
            <ns3:hr>94</ns3:hr>
            <ns3:cad>0</ns3:cad>
          </ns3:TrackPointExtension>
        </extensions>
      </trkpt>
      <trkpt lat="24.4270506687462329864501953125" lon="118.1237982027232646942138671875">
        <ele>5</ele>
        <time>2025-08-06T11:04:05.000Z</time>
        <extensions>
          <ns3:TrackPointExtension>
            <ns3:hr>94</ns3:hr>
            <ns3:cad>0</ns3:cad>
          </ns3:TrackPointExtension>
        </extensions>
      </trkpt>
      <trkpt lat="24.427050836384296417236328125" lon="118.1237661838531494140625">
        <ele>5</ele>
        <time>2025-08-06T11:04:06.000Z</time>
        <extensions>
          <ns3:TrackPointExtension>
            <ns3:hr>94</ns3:hr>
            <ns3:cad>0</ns3:cad>
          </ns3:TrackPointExtension>
        </extensions>
      </trkpt>
      <trkpt lat="24.42705024965107440948486328125" lon="118.1237353384494781494140625">
        <ele>5</ele>
        <time>2025-08-06T11:04:07.000Z</time>
        <extensions>
          <ns3:TrackPointExtension>
            <ns3:hr>94</ns3:hr>
            <ns3:cad>0</ns3:cad>
          </ns3:TrackPointExtension>
        </extensions>
      </trkpt>
      <trkpt lat="24.4270523451268672943115234375" lon="118.12370541505515575408935546875">
        <ele>5.19999980926513671875</ele>
        <time>2025-08-06T11:04:08.000Z</time>
        <extensions>
          <ns3:TrackPointExtension>
            <ns3:hr>95</ns3:hr>
            <ns3:cad>0</ns3:cad>
          </ns3:TrackPointExtension>
        </extensions>
      </trkpt>
      <trkpt lat="24.4270523451268672943115234375" lon="118.12367356382310390472412109375">
        <ele>5.19999980926513671875</ele>
        <time>2025-08-06T11:04:09.000Z</time>
        <extensions>
          <ns3:TrackPointExtension>
            <ns3:hr>95</ns3:hr>
            <ns3:cad>0</ns3:cad>
          </ns3:TrackPointExtension>
        </extensions>
      </trkpt>
      <trkpt lat="24.42705041728913784027099609375" lon="118.123641796410083770751953125">
        <ele>5.19999980926513671875</ele>
        <time>2025-08-06T11:04:10.000Z</time>
        <extensions>
          <ns3:TrackPointExtension>
            <ns3:hr>95</ns3:hr>
            <ns3:cad>0</ns3:cad>
          </ns3:TrackPointExtension>
        </extensions>
      </trkpt>
      <trkpt lat="24.4270496629178524017333984375" lon="118.1236114539206027984619140625">
        <ele>5.19999980926513671875</ele>
        <time>2025-08-06T11:04:11.000Z</time>
        <extensions>
          <ns3:TrackPointExtension>
            <ns3:hr>96</ns3:hr>
            <ns3:cad>0</ns3:cad>
          </ns3:TrackPointExtension>
        </extensions>
      </trkpt>
      <trkpt lat="24.427047483623027801513671875" lon="118.1235836260020732879638671875">
        <ele>5.19999980926513671875</ele>
        <time>2025-08-06T11:04:12.000Z</time>
        <extensions>
          <ns3:TrackPointExtension>
            <ns3:hr>95</ns3:hr>
            <ns3:cad>0</ns3:cad>
          </ns3:TrackPointExtension>
        </extensions>
      </trkpt>
      <trkpt lat="24.42704421468079090118408203125" lon="118.1235547922551631927490234375">
        <ele>5</ele>
        <time>2025-08-06T11:04:13.000Z</time>
        <extensions>
          <ns3:TrackPointExtension>
            <ns3:hr>95</ns3:hr>
            <ns3:cad>0</ns3:cad>
          </ns3:TrackPointExtension>
        </extensions>
      </trkpt>
      <trkpt lat="24.42704153247177600860595703125" lon="118.12352386303246021270751953125">
        <ele>5.19999980926513671875</ele>
        <time>2025-08-06T11:04:14.000Z</time>
        <extensions>
          <ns3:TrackPointExtension>
            <ns3:hr>95</ns3:hr>
            <ns3:cad>0</ns3:cad>
          </ns3:TrackPointExtension>
        </extensions>
      </trkpt>
      <trkpt lat="24.427039436995983123779296875" lon="118.1234931014478206634521484375">
        <ele>5.19999980926513671875</ele>
        <time>2025-08-06T11:04:15.000Z</time>
        <extensions>
          <ns3:TrackPointExtension>
            <ns3:hr>95</ns3:hr>
            <ns3:cad>0</ns3:cad>
          </ns3:TrackPointExtension>
        </extensions>
      </trkpt>
      <trkpt lat="24.42703801207244396209716796875" lon="118.123461417853832244873046875">
        <ele>5</ele>
        <time>2025-08-06T11:04:16.000Z</time>
        <extensions>
          <ns3:TrackPointExtension>
            <ns3:hr>96</ns3:hr>
            <ns3:cad>0</ns3:cad>
          </ns3:TrackPointExtension>
        </extensions>
      </trkpt>
      <trkpt lat="24.4270370900630950927734375" lon="118.1234310753643512725830078125">
        <ele>5</ele>
        <time>2025-08-06T11:04:17.000Z</time>
        <extensions>
          <ns3:TrackPointExtension>
            <ns3:hr>96</ns3:hr>
            <ns3:cad>0</ns3:cad>
          </ns3:TrackPointExtension>
        </extensions>
      </trkpt>
      <trkpt lat="24.42703817971050739288330078125" lon="118.12340031377971172332763671875">
        <ele>5</ele>
        <time>2025-08-06T11:04:18.000Z</time>
        <extensions>
          <ns3:TrackPointExtension>
            <ns3:hr>96</ns3:hr>
            <ns3:cad>0</ns3:cad>
          </ns3:TrackPointExtension>
        </extensions>
      </trkpt>
      <trkpt lat="24.42703817971050739288330078125" lon="118.123370893299579620361328125">
        <ele>5</ele>
        <time>2025-08-06T11:04:19.000Z</time>
        <extensions>
          <ns3:TrackPointExtension>
            <ns3:hr>96</ns3:hr>
            <ns3:cad>0</ns3:cad>
          </ns3:TrackPointExtension>
        </extensions>
      </trkpt>
      <trkpt lat="24.42703851498663425445556640625" lon="118.123341389000415802001953125">
        <ele>5</ele>
        <time>2025-08-06T11:04:20.000Z</time>
        <extensions>
          <ns3:TrackPointExtension>
            <ns3:hr>96</ns3:hr>
            <ns3:cad>0</ns3:cad>
          </ns3:TrackPointExtension>
        </extensions>
      </trkpt>
      <trkpt lat="24.42704035900533199310302734375" lon="118.123311884701251983642578125">
        <ele>5</ele>
        <time>2025-08-06T11:04:21.000Z</time>
        <extensions>
          <ns3:TrackPointExtension>
            <ns3:hr>96</ns3:hr>
            <ns3:cad>0</ns3:cad>
          </ns3:TrackPointExtension>
        </extensions>
      </trkpt>
      <trkpt lat="24.4270409457385540008544921875" lon="118.12328338623046875">
        <ele>5</ele>
        <time>2025-08-06T11:04:22.000Z</time>
        <extensions>
          <ns3:TrackPointExtension>
            <ns3:hr>96</ns3:hr>
            <ns3:cad>0</ns3:cad>
          </ns3:TrackPointExtension>
        </extensions>
      </trkpt>
      <trkpt lat="24.4270406104624271392822265625" lon="118.1232557259500026702880859375">
        <ele>5</ele>
        <time>2025-08-06T11:04:23.000Z</time>
        <extensions>
          <ns3:TrackPointExtension>
            <ns3:hr>96</ns3:hr>
            <ns3:cad>0</ns3:cad>
          </ns3:TrackPointExtension>
        </extensions>
      </trkpt>
      <trkpt lat="24.4270409457385540008544921875" lon="118.123227059841156005859375">
        <ele>5</ele>
        <time>2025-08-06T11:04:24.000Z</time>
        <extensions>
          <ns3:TrackPointExtension>
            <ns3:hr>96</ns3:hr>
            <ns3:cad>0</ns3:cad>
          </ns3:TrackPointExtension>
        </extensions>
      </trkpt>
      <trkpt lat="24.42704069428145885467529296875" lon="118.12319814227521419525146484375">
        <ele>5</ele>
        <time>2025-08-06T11:04:25.000Z</time>
        <extensions>
          <ns3:TrackPointExtension>
            <ns3:hr>96</ns3:hr>
            <ns3:cad>0</ns3:cad>
          </ns3:TrackPointExtension>
        </extensions>
      </trkpt>
      <trkpt lat="24.4270412810146808624267578125" lon="118.12317006289958953857421875">
        <ele>5</ele>
        <time>2025-08-06T11:04:26.000Z</time>
        <extensions>
          <ns3:TrackPointExtension>
            <ns3:hr>97</ns3:hr>
            <ns3:cad>0</ns3:cad>
          </ns3:TrackPointExtension>
        </extensions>
      </trkpt>
      <trkpt lat="24.42704052664339542388916015625" lon="118.12314030714333057403564453125">
        <ele>5</ele>
        <time>2025-08-06T11:04:27.000Z</time>
        <extensions>
          <ns3:TrackPointExtension>
            <ns3:hr>96</ns3:hr>
            <ns3:cad>0</ns3:cad>
          </ns3:TrackPointExtension>
        </extensions>
      </trkpt>
      <trkpt lat="24.4270397722721099853515625" lon="118.123107366263866424560546875">
        <ele>4.80000019073486328125</ele>
        <time>2025-08-06T11:04:28.000Z</time>
        <extensions>
          <ns3:TrackPointExtension>
            <ns3:hr>96</ns3:hr>
            <ns3:cad>0</ns3:cad>
          </ns3:TrackPointExtension>
        </extensions>
      </trkpt>
      <trkpt lat="24.4270392693579196929931640625" lon="118.12307895161211490631103515625">
        <ele>4.80000019073486328125</ele>
        <time>2025-08-06T11:04:29.000Z</time>
        <extensions>
          <ns3:TrackPointExtension>
            <ns3:hr>95</ns3:hr>
            <ns3:cad>0</ns3:cad>
          </ns3:TrackPointExtension>
        </extensions>
      </trkpt>
      <trkpt lat="24.4270369224250316619873046875" lon="118.12304609455168247222900390625">
        <ele>4.80000019073486328125</ele>
        <time>2025-08-06T11:04:30.000Z</time>
        <extensions>
          <ns3:TrackPointExtension>
            <ns3:hr>94</ns3:hr>
            <ns3:cad>0</ns3:cad>
          </ns3:TrackPointExtension>
        </extensions>
      </trkpt>
      <trkpt lat="24.42703734152019023895263671875" lon="118.12301474623382091522216796875">
        <ele>4.80000019073486328125</ele>
        <time>2025-08-06T11:04:31.000Z</time>
        <extensions>
          <ns3:TrackPointExtension>
            <ns3:hr>94</ns3:hr>
            <ns3:cad>0</ns3:cad>
          </ns3:TrackPointExtension>
        </extensions>
      </trkpt>
      <trkpt lat="24.4270392693579196929931640625" lon="118.12298490665853023529052734375">
        <ele>5</ele>
        <time>2025-08-06T11:04:32.000Z</time>
        <extensions>
          <ns3:TrackPointExtension>
            <ns3:hr>94</ns3:hr>
            <ns3:cad>0</ns3:cad>
          </ns3:TrackPointExtension>
        </extensions>
      </trkpt>
      <trkpt lat="24.42704270593822002410888671875" lon="118.12295523472130298614501953125">
        <ele>5</ele>
        <time>2025-08-06T11:04:33.000Z</time>
        <extensions>
          <ns3:TrackPointExtension>
            <ns3:hr>93</ns3:hr>
            <ns3:cad>0</ns3:cad>
          </ns3:TrackPointExtension>
        </extensions>
      </trkpt>
      <trkpt lat="24.42704656161367893218994140625" lon="118.12292539514601230621337890625">
        <ele>5</ele>
        <time>2025-08-06T11:04:34.000Z</time>
        <extensions>
          <ns3:TrackPointExtension>
            <ns3:hr>94</ns3:hr>
            <ns3:cad>0</ns3:cad>
          </ns3:TrackPointExtension>
        </extensions>
      </trkpt>
      <trkpt lat="24.427045471966266632080078125" lon="118.12289572320878505706787109375">
        <ele>5</ele>
        <time>2025-08-06T11:04:35.000Z</time>
        <extensions>
          <ns3:TrackPointExtension>
            <ns3:hr>94</ns3:hr>
            <ns3:cad>0</ns3:cad>
          </ns3:TrackPointExtension>
        </extensions>
      </trkpt>
      <trkpt lat="24.42704304121434688568115234375" lon="118.12286722473800182342529296875">
        <ele>5</ele>
        <time>2025-08-06T11:04:36.000Z</time>
        <extensions>
          <ns3:TrackPointExtension>
            <ns3:hr>94</ns3:hr>
            <ns3:cad>0</ns3:cad>
          </ns3:TrackPointExtension>
        </extensions>
      </trkpt>
      <trkpt lat="24.42703952081501483917236328125" lon="118.122837804257869720458984375">
        <ele>5</ele>
        <time>2025-08-06T11:04:37.000Z</time>
        <extensions>
          <ns3:TrackPointExtension>
            <ns3:hr>93</ns3:hr>
            <ns3:cad>0</ns3:cad>
          </ns3:TrackPointExtension>
        </extensions>
      </trkpt>
      <trkpt lat="24.4270369224250316619873046875" lon="118.1228077970445156097412109375">
        <ele>5</ele>
        <time>2025-08-06T11:04:38.000Z</time>
        <extensions>
          <ns3:TrackPointExtension>
            <ns3:hr>94</ns3:hr>
            <ns3:cad>0</ns3:cad>
          </ns3:TrackPointExtension>
        </extensions>
      </trkpt>
      <trkpt lat="24.42703583277761936187744140625" lon="118.12277636490762233734130859375">
        <ele>5</ele>
        <time>2025-08-06T11:04:39.000Z</time>
        <extensions>
          <ns3:TrackPointExtension>
            <ns3:hr>93</ns3:hr>
            <ns3:cad>0</ns3:cad>
          </ns3:TrackPointExtension>
        </extensions>
      </trkpt>
      <trkpt lat="24.4270365871489048004150390625" lon="118.122746944427490234375">
        <ele>5</ele>
        <time>2025-08-06T11:04:40.000Z</time>
        <extensions>
          <ns3:TrackPointExtension>
            <ns3:hr>93</ns3:hr>
            <ns3:cad>0</ns3:cad>
          </ns3:TrackPointExtension>
        </extensions>
      </trkpt>
      <trkpt lat="24.42703650332987308502197265625" lon="118.1227172724902629852294921875">
        <ele>5</ele>
        <time>2025-08-06T11:04:41.000Z</time>
        <extensions>
          <ns3:TrackPointExtension>
            <ns3:hr>94</ns3:hr>
            <ns3:cad>0</ns3:cad>
          </ns3:TrackPointExtension>
        </extensions>
      </trkpt>
      <trkpt lat="24.42703801207244396209716796875" lon="118.12268734909594058990478515625">
        <ele>5</ele>
        <time>2025-08-06T11:04:42.000Z</time>
        <extensions>
          <ns3:TrackPointExtension>
            <ns3:hr>92</ns3:hr>
            <ns3:cad>0</ns3:cad>
          </ns3:TrackPointExtension>
        </extensions>
      </trkpt>
      <trkpt lat="24.42703910171985626220703125" lon="118.1226559169590473175048828125">
        <ele>4.80000019073486328125</ele>
        <time>2025-08-06T11:04:43.000Z</time>
        <extensions>
          <ns3:TrackPointExtension>
            <ns3:hr>90</ns3:hr>
            <ns3:cad>0</ns3:cad>
          </ns3:TrackPointExtension>
        </extensions>
      </trkpt>
      <trkpt lat="24.42704119719564914703369140625" lon="118.12262465246021747589111328125">
        <ele>4.80000019073486328125</ele>
        <time>2025-08-06T11:04:44.000Z</time>
        <extensions>
          <ns3:TrackPointExtension>
            <ns3:hr>90</ns3:hr>
            <ns3:cad>0</ns3:cad>
          </ns3:TrackPointExtension>
        </extensions>
      </trkpt>
      <trkpt lat="24.4270409457385540008544921875" lon="118.12259246595203876495361328125">
        <ele>4.80000019073486328125</ele>
        <time>2025-08-06T11:04:45.000Z</time>
        <extensions>
          <ns3:TrackPointExtension>
            <ns3:hr>91</ns3:hr>
            <ns3:cad>0</ns3:cad>
          </ns3:TrackPointExtension>
        </extensions>
      </trkpt>
      <trkpt lat="24.4270412810146808624267578125" lon="118.122560866177082061767578125">
        <ele>4.80000019073486328125</ele>
        <time>2025-08-06T11:04:46.000Z</time>
        <extensions>
          <ns3:TrackPointExtension>
            <ns3:hr>91</ns3:hr>
            <ns3:cad>0</ns3:cad>
          </ns3:TrackPointExtension>
        </extensions>
      </trkpt>
      <trkpt lat="24.4270422868430614471435546875" lon="118.122530020773410797119140625">
        <ele>4.80000019073486328125</ele>
        <time>2025-08-06T11:04:47.000Z</time>
        <extensions>
          <ns3:TrackPointExtension>
            <ns3:hr>91</ns3:hr>
            <ns3:cad>0</ns3:cad>
          </ns3:TrackPointExtension>
        </extensions>
      </trkpt>
      <trkpt lat="24.42704253830015659332275390625" lon="118.1224983371794223785400390625">
        <ele>4.80000019073486328125</ele>
        <time>2025-08-06T11:04:48.000Z</time>
        <extensions>
          <ns3:TrackPointExtension>
            <ns3:hr>91</ns3:hr>
            <ns3:cad>0</ns3:cad>
          </ns3:TrackPointExtension>
        </extensions>
      </trkpt>
      <trkpt lat="24.4270442984998226165771484375" lon="118.122469000518321990966796875">
        <ele>4.80000019073486328125</ele>
        <time>2025-08-06T11:04:49.000Z</time>
        <extensions>
          <ns3:TrackPointExtension>
            <ns3:hr>91</ns3:hr>
            <ns3:cad>0</ns3:cad>
          </ns3:TrackPointExtension>
        </extensions>
      </trkpt>
      <trkpt lat="24.4270478188991546630859375" lon="118.122440166771411895751953125">
        <ele>4.80000019073486328125</ele>
        <time>2025-08-06T11:04:50.000Z</time>
        <extensions>
          <ns3:TrackPointExtension>
            <ns3:hr>90</ns3:hr>
            <ns3:cad>0</ns3:cad>
          </ns3:TrackPointExtension>
        </extensions>
      </trkpt>
      <trkpt lat="24.42704706452786922454833984375" lon="118.1224094890058040618896484375">
        <ele>4.80000019073486328125</ele>
        <time>2025-08-06T11:04:51.000Z</time>
        <extensions>
          <ns3:TrackPointExtension>
            <ns3:hr>90</ns3:hr>
            <ns3:cad>0</ns3:cad>
          </ns3:TrackPointExtension>
        </extensions>
      </trkpt>
      <trkpt lat="24.42704714834690093994140625" lon="118.12238057143986225128173828125">
        <ele>4.80000019073486328125</ele>
        <time>2025-08-06T11:04:52.000Z</time>
        <extensions>
          <ns3:TrackPointExtension>
            <ns3:hr>90</ns3:hr>
            <ns3:cad>0</ns3:cad>
          </ns3:TrackPointExtension>
        </extensions>
      </trkpt>
      <trkpt lat="24.42704739980399608612060546875" lon="118.1223504804074764251708984375">
        <ele>4.80000019073486328125</ele>
        <time>2025-08-06T11:04:53.000Z</time>
        <extensions>
          <ns3:TrackPointExtension>
            <ns3:hr>89</ns3:hr>
            <ns3:cad>0</ns3:cad>
          </ns3:TrackPointExtension>
        </extensions>
      </trkpt>
      <trkpt lat="24.42704907618463039398193359375" lon="118.12232240103185176849365234375">
        <ele>4.80000019073486328125</ele>
        <time>2025-08-06T11:04:54.000Z</time>
        <extensions>
          <ns3:TrackPointExtension>
            <ns3:hr>87</ns3:hr>
            <ns3:cad>0</ns3:cad>
          </ns3:TrackPointExtension>
        </extensions>
      </trkpt>
      <trkpt lat="24.42705024965107440948486328125" lon="118.1222958303987979888916015625">
        <ele>4.80000019073486328125</ele>
        <time>2025-08-06T11:04:55.000Z</time>
        <extensions>
          <ns3:TrackPointExtension>
            <ns3:hr>86</ns3:hr>
            <ns3:cad>0</ns3:cad>
          </ns3:TrackPointExtension>
        </extensions>
      </trkpt>
      <trkpt lat="24.42705360241234302520751953125" lon="118.12226775102317333221435546875">
        <ele>4.80000019073486328125</ele>
        <time>2025-08-06T11:04:56.000Z</time>
        <extensions>
          <ns3:TrackPointExtension>
            <ns3:hr>83</ns3:hr>
            <ns3:cad>0</ns3:cad>
          </ns3:TrackPointExtension>
        </extensions>
      </trkpt>
      <trkpt lat="24.4270583800971508026123046875" lon="118.12224411405622959136962890625">
        <ele>4.80000019073486328125</ele>
        <time>2025-08-06T11:04:57.000Z</time>
        <extensions>
          <ns3:TrackPointExtension>
            <ns3:hr>82</ns3:hr>
            <ns3:cad>0</ns3:cad>
          </ns3:TrackPointExtension>
        </extensions>
      </trkpt>
      <trkpt lat="24.427060894668102264404296875" lon="118.122218213975429534912109375">
        <ele>4.80000019073486328125</ele>
        <time>2025-08-06T11:04:58.000Z</time>
        <extensions>
          <ns3:TrackPointExtension>
            <ns3:hr>82</ns3:hr>
            <ns3:cad>0</ns3:cad>
          </ns3:TrackPointExtension>
        </extensions>
      </trkpt>
      <trkpt lat="24.42706164903938770294189453125" lon="118.1221949122846126556396484375">
        <ele>4.80000019073486328125</ele>
        <time>2025-08-06T11:04:59.000Z</time>
        <extensions>
          <ns3:TrackPointExtension>
            <ns3:hr>82</ns3:hr>
            <ns3:cad>0</ns3:cad>
          </ns3:TrackPointExtension>
        </extensions>
      </trkpt>
      <trkpt lat="24.42706332542002201080322265625" lon="118.1221701018512248992919921875">
        <ele>4.80000019073486328125</ele>
        <time>2025-08-06T11:05:00.000Z</time>
        <extensions>
          <ns3:TrackPointExtension>
            <ns3:hr>82</ns3:hr>
            <ns3:cad>0</ns3:cad>
          </ns3:TrackPointExtension>
        </extensions>
      </trkpt>
      <trkpt lat="24.42706718109548091888427734375" lon="118.12214470468461513519287109375">
        <ele>4.80000019073486328125</ele>
        <time>2025-08-06T11:05:01.000Z</time>
        <extensions>
          <ns3:TrackPointExtension>
            <ns3:hr>83</ns3:hr>
            <ns3:cad>0</ns3:cad>
          </ns3:TrackPointExtension>
        </extensions>
      </trkpt>
      <trkpt lat="24.4270719587802886962890625" lon="118.12211721204221248626708984375">
        <ele>4.80000019073486328125</ele>
        <time>2025-08-06T11:05:02.000Z</time>
        <extensions>
          <ns3:TrackPointExtension>
            <ns3:hr>82</ns3:hr>
            <ns3:cad>0</ns3:cad>
          </ns3:TrackPointExtension>
        </extensions>
      </trkpt>
      <trkpt lat="24.42707598209381103515625" lon="118.12208754010498523712158203125">
        <ele>4.599999904632568359375</ele>
        <time>2025-08-06T11:05:03.000Z</time>
        <extensions>
          <ns3:TrackPointExtension>
            <ns3:hr>82</ns3:hr>
            <ns3:cad>0</ns3:cad>
          </ns3:TrackPointExtension>
        </extensions>
      </trkpt>
      <trkpt lat="24.4270784966647624969482421875" lon="118.1220594607293605804443359375">
        <ele>4.599999904632568359375</ele>
        <time>2025-08-06T11:05:04.000Z</time>
        <extensions>
          <ns3:TrackPointExtension>
            <ns3:hr>82</ns3:hr>
            <ns3:cad>0</ns3:cad>
          </ns3:TrackPointExtension>
        </extensions>
      </trkpt>
      <trkpt lat="24.42708176560699939727783203125" lon="118.122029118239879608154296875">
        <ele>4.80000019073486328125</ele>
        <time>2025-08-06T11:05:05.000Z</time>
        <extensions>
          <ns3:TrackPointExtension>
            <ns3:hr>81</ns3:hr>
            <ns3:cad>0</ns3:cad>
          </ns3:TrackPointExtension>
        </extensions>
      </trkpt>
      <trkpt lat="24.42708377726376056671142578125" lon="118.122000284492969512939453125">
        <ele>4.599999904632568359375</ele>
        <time>2025-08-06T11:05:06.000Z</time>
        <extensions>
          <ns3:TrackPointExtension>
            <ns3:hr>81</ns3:hr>
            <ns3:cad>0</ns3:cad>
          </ns3:TrackPointExtension>
        </extensions>
      </trkpt>
      <trkpt lat="24.4270852021872997283935546875" lon="118.1219719536602497100830078125">
        <ele>4.80000019073486328125</ele>
        <time>2025-08-06T11:05:07.000Z</time>
        <extensions>
          <ns3:TrackPointExtension>
            <ns3:hr>81</ns3:hr>
            <ns3:cad>0</ns3:cad>
          </ns3:TrackPointExtension>
        </extensions>
      </trkpt>
      <trkpt lat="24.4270848669111728668212890625" lon="118.12194429337978363037109375">
        <ele>4.80000019073486328125</ele>
        <time>2025-08-06T11:05:08.000Z</time>
        <extensions>
          <ns3:TrackPointExtension>
            <ns3:hr>81</ns3:hr>
            <ns3:cad>0</ns3:cad>
          </ns3:TrackPointExtension>
        </extensions>
      </trkpt>
      <trkpt lat="24.4270835258066654205322265625" lon="118.1219196505844593048095703125">
        <ele>4.80000019073486328125</ele>
        <time>2025-08-06T11:05:09.000Z</time>
        <extensions>
          <ns3:TrackPointExtension>
            <ns3:hr>80</ns3:hr>
            <ns3:cad>0</ns3:cad>
          </ns3:TrackPointExtension>
        </extensions>
      </trkpt>
      <trkpt lat="24.4270835258066654205322265625" lon="118.12189777381718158721923828125">
        <ele>4.80000019073486328125</ele>
        <time>2025-08-06T11:05:10.000Z</time>
        <extensions>
          <ns3:TrackPointExtension>
            <ns3:hr>80</ns3:hr>
            <ns3:cad>0</ns3:cad>
          </ns3:TrackPointExtension>
        </extensions>
      </trkpt>
      <trkpt lat="24.4270865432918071746826171875" lon="118.12187983654439449310302734375">
        <ele>4.80000019073486328125</ele>
        <time>2025-08-06T11:05:11.000Z</time>
        <extensions>
          <ns3:TrackPointExtension>
            <ns3:hr>80</ns3:hr>
            <ns3:cad>0</ns3:cad>
          </ns3:TrackPointExtension>
        </extensions>
      </trkpt>
      <trkpt lat="24.4270969368517398834228515625" lon="118.121864497661590576171875">
        <ele>4.80000019073486328125</ele>
        <time>2025-08-06T11:05:12.000Z</time>
        <extensions>
          <ns3:TrackPointExtension>
            <ns3:hr>80</ns3:hr>
            <ns3:cad>0</ns3:cad>
          </ns3:TrackPointExtension>
        </extensions>
      </trkpt>
      <trkpt lat="24.42711018025875091552734375" lon="118.12185552902519702911376953125">
        <ele>4.80000019073486328125</ele>
        <time>2025-08-06T11:05:13.000Z</time>
        <extensions>
          <ns3:TrackPointExtension>
            <ns3:hr>80</ns3:hr>
            <ns3:cad>0</ns3:cad>
          </ns3:TrackPointExtension>
        </extensions>
      </trkpt>
      <trkpt lat="24.42712635733187198638916015625" lon="118.12184513546526432037353515625">
        <ele>4.599999904632568359375</ele>
        <time>2025-08-06T11:05:14.000Z</time>
        <extensions>
          <ns3:TrackPointExtension>
            <ns3:hr>80</ns3:hr>
            <ns3:cad>41</ns3:cad>
          </ns3:TrackPointExtension>
        </extensions>
      </trkpt>
      <trkpt lat="24.42713675089180469512939453125" lon="118.121832646429538726806640625">
        <ele>4.599999904632568359375</ele>
        <time>2025-08-06T11:05:15.000Z</time>
        <extensions>
          <ns3:TrackPointExtension>
            <ns3:hr>80</ns3:hr>
            <ns3:cad>41</ns3:cad>
          </ns3:TrackPointExtension>
        </extensions>
      </trkpt>
      <trkpt lat="24.42714613862335681915283203125" lon="118.12181227840483188629150390625">
        <ele>4.599999904632568359375</ele>
        <time>2025-08-06T11:05:16.000Z</time>
        <extensions>
          <ns3:TrackPointExtension>
            <ns3:hr>81</ns3:hr>
            <ns3:cad>41</ns3:cad>
          </ns3:TrackPointExtension>
        </extensions>
      </trkpt>
      <trkpt lat="24.427153766155242919921875" lon="118.12179249711334705352783203125">
        <ele>4.599999904632568359375</ele>
        <time>2025-08-06T11:05:17.000Z</time>
        <extensions>
          <ns3:TrackPointExtension>
            <ns3:hr>81</ns3:hr>
            <ns3:cad>41</ns3:cad>
          </ns3:TrackPointExtension>
        </extensions>
      </trkpt>
      <trkpt lat="24.427158795297145843505859375" lon="118.1217665970325469970703125">
        <ele>4.599999904632568359375</ele>
        <time>2025-08-06T11:05:18.000Z</time>
        <extensions>
          <ns3:TrackPointExtension>
            <ns3:hr>83</ns3:hr>
            <ns3:cad>41</ns3:cad>
          </ns3:TrackPointExtension>
        </extensions>
      </trkpt>
      <trkpt lat="24.42716206423938274383544921875" lon="118.12173952348530292510986328125">
        <ele>4.599999904632568359375</ele>
        <time>2025-08-06T11:05:19.000Z</time>
        <extensions>
          <ns3:TrackPointExtension>
            <ns3:hr>83</ns3:hr>
            <ns3:cad>0</ns3:cad>
          </ns3:TrackPointExtension>
        </extensions>
      </trkpt>
      <trkpt lat="24.427164830267429351806640625" lon="118.12170968391001224517822265625">
        <ele>4.599999904632568359375</ele>
        <time>2025-08-06T11:05:20.000Z</time>
        <extensions>
          <ns3:TrackPointExtension>
            <ns3:hr>84</ns3:hr>
            <ns3:cad>0</ns3:cad>
          </ns3:TrackPointExtension>
        </extensions>
      </trkpt>
      <trkpt lat="24.42716139368712902069091796875" lon="118.1216812692582607269287109375">
        <ele>4.599999904632568359375</ele>
        <time>2025-08-06T11:05:21.000Z</time>
        <extensions>
          <ns3:TrackPointExtension>
            <ns3:hr>84</ns3:hr>
            <ns3:cad>0</ns3:cad>
          </ns3:TrackPointExtension>
        </extensions>
      </trkpt>
      <trkpt lat="24.42715586163103580474853515625" lon="118.1216524355113506317138671875">
        <ele>4.599999904632568359375</ele>
        <time>2025-08-06T11:05:22.000Z</time>
        <extensions>
          <ns3:TrackPointExtension>
            <ns3:hr>84</ns3:hr>
            <ns3:cad>0</ns3:cad>
          </ns3:TrackPointExtension>
        </extensions>
      </trkpt>
      <trkpt lat="24.42715267650783061981201171875" lon="118.12162242829799652099609375">
        <ele>4.599999904632568359375</ele>
        <time>2025-08-06T11:05:23.000Z</time>
        <extensions>
          <ns3:TrackPointExtension>
            <ns3:hr>85</ns3:hr>
            <ns3:cad>0</ns3:cad>
          </ns3:TrackPointExtension>
        </extensions>
      </trkpt>
      <trkpt lat="24.4271509163081645965576171875" lon="118.121591918170452117919921875">
        <ele>4.599999904632568359375</ele>
        <time>2025-08-06T11:05:24.000Z</time>
        <extensions>
          <ns3:TrackPointExtension>
            <ns3:hr>85</ns3:hr>
            <ns3:cad>0</ns3:cad>
          </ns3:TrackPointExtension>
        </extensions>
      </trkpt>
      <trkpt lat="24.42715284414589405059814453125" lon="118.12155964784324169158935546875">
        <ele>4.599999904632568359375</ele>
        <time>2025-08-06T11:05:25.000Z</time>
        <extensions>
          <ns3:TrackPointExtension>
            <ns3:hr>86</ns3:hr>
            <ns3:cad>0</ns3:cad>
          </ns3:TrackPointExtension>
        </extensions>
      </trkpt>
      <trkpt lat="24.42716114223003387451171875" lon="118.1215297244489192962646484375">
        <ele>4.599999904632568359375</ele>
        <time>2025-08-06T11:05:26.000Z</time>
        <extensions>
          <ns3:TrackPointExtension>
            <ns3:hr>87</ns3:hr>
            <ns3:cad>0</ns3:cad>
          </ns3:TrackPointExtension>
        </extensions>
      </trkpt>
      <trkpt lat="24.4271730445325374603271484375" lon="118.12150147743523120880126953125">
        <ele>4.80000019073486328125</ele>
        <time>2025-08-06T11:05:27.000Z</time>
        <extensions>
          <ns3:TrackPointExtension>
            <ns3:hr>87</ns3:hr>
            <ns3:cad>0</ns3:cad>
          </ns3:TrackPointExtension>
        </extensions>
      </trkpt>
      <trkpt lat="24.42718218080699443817138671875" lon="118.12147247605025768280029296875">
        <ele>4.599999904632568359375</ele>
        <time>2025-08-06T11:05:28.000Z</time>
        <extensions>
          <ns3:TrackPointExtension>
            <ns3:hr>87</ns3:hr>
            <ns3:cad>0</ns3:cad>
          </ns3:TrackPointExtension>
        </extensions>
      </trkpt>
      <trkpt lat="24.42718938924372196197509765625" lon="118.121443726122379302978515625">
        <ele>4.599999904632568359375</ele>
        <time>2025-08-06T11:05:29.000Z</time>
        <extensions>
          <ns3:TrackPointExtension>
            <ns3:hr>88</ns3:hr>
            <ns3:cad>0</ns3:cad>
          </ns3:TrackPointExtension>
        </extensions>
      </trkpt>
      <trkpt lat="24.42719760350883007049560546875" lon="118.12141531147062778472900390625">
        <ele>4.599999904632568359375</ele>
        <time>2025-08-06T11:05:30.000Z</time>
        <extensions>
          <ns3:TrackPointExtension>
            <ns3:hr>88</ns3:hr>
            <ns3:cad>0</ns3:cad>
          </ns3:TrackPointExtension>
        </extensions>
      </trkpt>
      <trkpt lat="24.427204392850399017333984375" lon="118.1213872320950031280517578125">
        <ele>4.599999904632568359375</ele>
        <time>2025-08-06T11:05:31.000Z</time>
        <extensions>
          <ns3:TrackPointExtension>
            <ns3:hr>88</ns3:hr>
            <ns3:cad>0</ns3:cad>
          </ns3:TrackPointExtension>
        </extensions>
      </trkpt>
      <trkpt lat="24.4272112660109996795654296875" lon="118.1213600747287273406982421875">
        <ele>4.599999904632568359375</ele>
        <time>2025-08-06T11:05:32.000Z</time>
        <extensions>
          <ns3:TrackPointExtension>
            <ns3:hr>88</ns3:hr>
            <ns3:cad>0</ns3:cad>
          </ns3:TrackPointExtension>
        </extensions>
      </trkpt>
      <trkpt lat="24.427217803895473480224609375" lon="118.12133274972438812255859375">
        <ele>4.599999904632568359375</ele>
        <time>2025-08-06T11:05:33.000Z</time>
        <extensions>
          <ns3:TrackPointExtension>
            <ns3:hr>88</ns3:hr>
            <ns3:cad>0</ns3:cad>
          </ns3:TrackPointExtension>
        </extensions>
      </trkpt>
      <trkpt lat="24.4272233359515666961669921875" lon="118.12130517326295375823974609375">
        <ele>4.599999904632568359375</ele>
        <time>2025-08-06T11:05:34.000Z</time>
        <extensions>
          <ns3:TrackPointExtension>
            <ns3:hr>88</ns3:hr>
            <ns3:cad>0</ns3:cad>
          </ns3:TrackPointExtension>
        </extensions>
      </trkpt>
      <trkpt lat="24.42722911946475505828857421875" lon="118.12127910554409027099609375">
        <ele>4.599999904632568359375</ele>
        <time>2025-08-06T11:05:35.000Z</time>
        <extensions>
          <ns3:TrackPointExtension>
            <ns3:hr>89</ns3:hr>
            <ns3:cad>0</ns3:cad>
          </ns3:TrackPointExtension>
        </extensions>
      </trkpt>
      <trkpt lat="24.4272347353398799896240234375" lon="118.1212524510920047760009765625">
        <ele>4.400000095367431640625</ele>
        <time>2025-08-06T11:05:36.000Z</time>
        <extensions>
          <ns3:TrackPointExtension>
            <ns3:hr>90</ns3:hr>
            <ns3:cad>0</ns3:cad>
          </ns3:TrackPointExtension>
        </extensions>
      </trkpt>
      <trkpt lat="24.4272409379482269287109375" lon="118.12122546136379241943359375">
        <ele>4.400000095367431640625</ele>
        <time>2025-08-06T11:05:37.000Z</time>
        <extensions>
          <ns3:TrackPointExtension>
            <ns3:hr>90</ns3:hr>
            <ns3:cad>0</ns3:cad>
          </ns3:TrackPointExtension>
        </extensions>
      </trkpt>
      <trkpt lat="24.42724571563303470611572265625" lon="118.12119721435010433197021484375">
        <ele>4.400000095367431640625</ele>
        <time>2025-08-06T11:05:38.000Z</time>
        <extensions>
          <ns3:TrackPointExtension>
            <ns3:hr>90</ns3:hr>
            <ns3:cad>0</ns3:cad>
          </ns3:TrackPointExtension>
        </extensions>
      </trkpt>
      <trkpt lat="24.42724722437560558319091796875" lon="118.12116787768900394439697265625">
        <ele>4.400000095367431640625</ele>
        <time>2025-08-06T11:05:39.000Z</time>
        <extensions>
          <ns3:TrackPointExtension>
            <ns3:hr>90</ns3:hr>
            <ns3:cad>0</ns3:cad>
          </ns3:TrackPointExtension>
        </extensions>
      </trkpt>
      <trkpt lat="24.427254684269428253173828125" lon="118.1211357749998569488525390625">
        <ele>4.400000095367431640625</ele>
        <time>2025-08-06T11:05:40.000Z</time>
        <extensions>
          <ns3:TrackPointExtension>
            <ns3:hr>90</ns3:hr>
            <ns3:cad>61</ns3:cad>
          </ns3:TrackPointExtension>
        </extensions>
      </trkpt>
      <trkpt lat="24.427263401448726654052734375" lon="118.1211082823574542999267578125">
        <ele>4.400000095367431640625</ele>
        <time>2025-08-06T11:05:41.000Z</time>
        <extensions>
          <ns3:TrackPointExtension>
            <ns3:hr>90</ns3:hr>
            <ns3:cad>61</ns3:cad>
          </ns3:TrackPointExtension>
        </extensions>
      </trkpt>
      <trkpt lat="24.42726968787610530853271484375" lon="118.12108254991471767425537109375">
        <ele>4.400000095367431640625</ele>
        <time>2025-08-06T11:05:42.000Z</time>
        <extensions>
          <ns3:TrackPointExtension>
            <ns3:hr>89</ns3:hr>
            <ns3:cad>61</ns3:cad>
          </ns3:TrackPointExtension>
        </extensions>
      </trkpt>
      <trkpt lat="24.42727521993219852447509765625" lon="118.12105991877615451812744140625">
        <ele>4.599999904632568359375</ele>
        <time>2025-08-06T11:05:43.000Z</time>
        <extensions>
          <ns3:TrackPointExtension>
            <ns3:hr>88</ns3:hr>
            <ns3:cad>61</ns3:cad>
          </ns3:TrackPointExtension>
        </extensions>
      </trkpt>
      <trkpt lat="24.4272784888744354248046875" lon="118.12104080803692340850830078125">
        <ele>4.599999904632568359375</ele>
        <time>2025-08-06T11:05:44.000Z</time>
        <extensions>
          <ns3:TrackPointExtension>
            <ns3:hr>86</ns3:hr>
            <ns3:cad>61</ns3:cad>
          </ns3:TrackPointExtension>
        </extensions>
      </trkpt>
      <trkpt lat="24.42728460766375064849853515625" lon="118.12101566232740879058837890625">
        <ele>4.599999904632568359375</ele>
        <time>2025-08-06T11:05:45.000Z</time>
        <extensions>
          <ns3:TrackPointExtension>
            <ns3:hr>85</ns3:hr>
            <ns3:cad>61</ns3:cad>
          </ns3:TrackPointExtension>
        </extensions>
      </trkpt>
      <trkpt lat="24.42728913389146327972412109375" lon="118.12099873088300228118896484375">
        <ele>4.599999904632568359375</ele>
        <time>2025-08-06T11:05:46.000Z</time>
        <extensions>
          <ns3:TrackPointExtension>
            <ns3:hr>85</ns3:hr>
            <ns3:cad>0</ns3:cad>
          </ns3:TrackPointExtension>
        </extensions>
      </trkpt>
      <trkpt lat="24.4272960908710956573486328125" lon="118.120979368686676025390625">
        <ele>4.80000019073486328125</ele>
        <time>2025-08-06T11:05:47.000Z</time>
        <extensions>
          <ns3:TrackPointExtension>
            <ns3:hr>85</ns3:hr>
            <ns3:cad>0</ns3:cad>
          </ns3:TrackPointExtension>
        </extensions>
      </trkpt>
      <trkpt lat="24.42730304785072803497314453125" lon="118.1209584139287471771240234375">
        <ele>4.80000019073486328125</ele>
        <time>2025-08-06T11:05:48.000Z</time>
        <extensions>
          <ns3:TrackPointExtension>
            <ns3:hr>86</ns3:hr>
            <ns3:cad>0</ns3:cad>
          </ns3:TrackPointExtension>
        </extensions>
      </trkpt>
      <trkpt lat="24.427311681210994720458984375" lon="118.12093737535178661346435546875">
        <ele>4.80000019073486328125</ele>
        <time>2025-08-06T11:05:49.000Z</time>
        <extensions>
          <ns3:TrackPointExtension>
            <ns3:hr>85</ns3:hr>
            <ns3:cad>0</ns3:cad>
          </ns3:TrackPointExtension>
        </extensions>
      </trkpt>
      <trkpt lat="24.4273235835134983062744140625" lon="118.1209091283380985260009765625">
        <ele>4.80000019073486328125</ele>
        <time>2025-08-06T11:05:50.000Z</time>
        <extensions>
          <ns3:TrackPointExtension>
            <ns3:hr>85</ns3:hr>
            <ns3:cad>44</ns3:cad>
          </ns3:TrackPointExtension>
        </extensions>
      </trkpt>
      <trkpt lat="24.42733171395957469940185546875" lon="118.12088725157082080841064453125">
        <ele>4.599999904632568359375</ele>
        <time>2025-08-06T11:05:51.000Z</time>
        <extensions>
          <ns3:TrackPointExtension>
            <ns3:hr>86</ns3:hr>
            <ns3:cad>44</ns3:cad>
          </ns3:TrackPointExtension>
        </extensions>
      </trkpt>
      <trkpt lat="24.427339173853397369384765625" lon="118.120859675109386444091796875">
        <ele>4.599999904632568359375</ele>
        <time>2025-08-06T11:05:52.000Z</time>
        <extensions>
          <ns3:TrackPointExtension>
            <ns3:hr>85</ns3:hr>
            <ns3:cad>44</ns3:cad>
          </ns3:TrackPointExtension>
        </extensions>
      </trkpt>
      <trkpt lat="24.4273480586707592010498046875" lon="118.12083142809569835662841796875">
        <ele>4.599999904632568359375</ele>
        <time>2025-08-06T11:05:53.000Z</time>
        <extensions>
          <ns3:TrackPointExtension>
            <ns3:hr>85</ns3:hr>
            <ns3:cad>44</ns3:cad>
          </ns3:TrackPointExtension>
        </extensions>
      </trkpt>
      <trkpt lat="24.42735493183135986328125" lon="118.12080963514745235443115234375">
        <ele>4.80000019073486328125</ele>
        <time>2025-08-06T11:05:54.000Z</time>
        <extensions>
          <ns3:TrackPointExtension>
            <ns3:hr>86</ns3:hr>
            <ns3:cad>44</ns3:cad>
          </ns3:TrackPointExtension>
        </extensions>
      </trkpt>
      <trkpt lat="24.4273611344397068023681640625" lon="118.12078515999019145965576171875">
        <ele>4.80000019073486328125</ele>
        <time>2025-08-06T11:05:55.000Z</time>
        <extensions>
          <ns3:TrackPointExtension>
            <ns3:hr>87</ns3:hr>
            <ns3:cad>57</ns3:cad>
          </ns3:TrackPointExtension>
        </extensions>
      </trkpt>
      <trkpt lat="24.42736909724771976470947265625" lon="118.12075448222458362579345703125">
        <ele>4.80000019073486328125</ele>
        <time>2025-08-06T11:05:56.000Z</time>
        <extensions>
          <ns3:TrackPointExtension>
            <ns3:hr>87</ns3:hr>
            <ns3:cad>57</ns3:cad>
          </ns3:TrackPointExtension>
        </extensions>
      </trkpt>
      <trkpt lat="24.4273765571415424346923828125" lon="118.12073084525763988494873046875">
        <ele>4.80000019073486328125</ele>
        <time>2025-08-06T11:05:57.000Z</time>
        <extensions>
          <ns3:TrackPointExtension>
            <ns3:hr>85</ns3:hr>
            <ns3:cad>57</ns3:cad>
          </ns3:TrackPointExtension>
        </extensions>
      </trkpt>
      <trkpt lat="24.42738804034888744354248046875" lon="118.12069580890238285064697265625">
        <ele>4.80000019073486328125</ele>
        <time>2025-08-06T11:05:58.000Z</time>
        <extensions>
          <ns3:TrackPointExtension>
            <ns3:hr>84</ns3:hr>
            <ns3:cad>0</ns3:cad>
          </ns3:TrackPointExtension>
        </extensions>
      </trkpt>
      <trkpt lat="24.42739658989012241363525390625" lon="118.12066865153610706329345703125">
        <ele>4.80000019073486328125</ele>
        <time>2025-08-06T11:05:59.000Z</time>
        <extensions>
          <ns3:TrackPointExtension>
            <ns3:hr>84</ns3:hr>
            <ns3:cad>0</ns3:cad>
          </ns3:TrackPointExtension>
        </extensions>
      </trkpt>
      <trkpt lat="24.42740656435489654541015625" lon="118.12064082361757755279541015625">
        <ele>4.80000019073486328125</ele>
        <time>2025-08-06T11:06:00.000Z</time>
        <extensions>
          <ns3:TrackPointExtension>
            <ns3:hr>84</ns3:hr>
            <ns3:cad>0</ns3:cad>
          </ns3:TrackPointExtension>
        </extensions>
      </trkpt>
      <trkpt lat="24.42741603590548038482666015625" lon="118.12061500735580921173095703125">
        <ele>4.80000019073486328125</ele>
        <time>2025-08-06T11:06:01.000Z</time>
        <extensions>
          <ns3:TrackPointExtension>
            <ns3:hr>84</ns3:hr>
            <ns3:cad>0</ns3:cad>
          </ns3:TrackPointExtension>
        </extensions>
      </trkpt>
      <trkpt lat="24.427426345646381378173828125" lon="118.1205892749130725860595703125">
        <ele>4.80000019073486328125</ele>
        <time>2025-08-06T11:06:02.000Z</time>
        <extensions>
          <ns3:TrackPointExtension>
            <ns3:hr>84</ns3:hr>
            <ns3:cad>0</ns3:cad>
          </ns3:TrackPointExtension>
        </extensions>
      </trkpt>
      <trkpt lat="24.427436403930187225341796875" lon="118.12056538648903369903564453125">
        <ele>5</ele>
        <time>2025-08-06T11:06:03.000Z</time>
        <extensions>
          <ns3:TrackPointExtension>
            <ns3:hr>84</ns3:hr>
            <ns3:cad>0</ns3:cad>
          </ns3:TrackPointExtension>
        </extensions>
      </trkpt>
      <trkpt lat="24.42744537256658077239990234375" lon="118.1205396540462970733642578125">
        <ele>5</ele>
        <time>2025-08-06T11:06:04.000Z</time>
        <extensions>
          <ns3:TrackPointExtension>
            <ns3:hr>84</ns3:hr>
            <ns3:cad>0</ns3:cad>
          </ns3:TrackPointExtension>
        </extensions>
      </trkpt>
      <trkpt lat="24.42745559848845005035400390625" lon="118.120510987937450408935546875">
        <ele>5</ele>
        <time>2025-08-06T11:06:05.000Z</time>
        <extensions>
          <ns3:TrackPointExtension>
            <ns3:hr>84</ns3:hr>
            <ns3:cad>0</ns3:cad>
          </ns3:TrackPointExtension>
        </extensions>
      </trkpt>
      <trkpt lat="24.42746750079095363616943359375" lon="118.1204803101718425750732421875">
        <ele>5</ele>
        <time>2025-08-06T11:06:06.000Z</time>
        <extensions>
          <ns3:TrackPointExtension>
            <ns3:hr>85</ns3:hr>
            <ns3:cad>0</ns3:cad>
          </ns3:TrackPointExtension>
        </extensions>
      </trkpt>
      <trkpt lat="24.42747764289379119873046875" lon="118.12045700848102569580078125">
        <ele>5</ele>
        <time>2025-08-06T11:06:07.000Z</time>
        <extensions>
          <ns3:TrackPointExtension>
            <ns3:hr>89</ns3:hr>
            <ns3:cad>0</ns3:cad>
          </ns3:TrackPointExtension>
        </extensions>
      </trkpt>
      <trkpt lat="24.42748577333986759185791015625" lon="118.12043295241892337799072265625">
        <ele>5</ele>
        <time>2025-08-06T11:06:08.000Z</time>
        <extensions>
          <ns3:TrackPointExtension>
            <ns3:hr>92</ns3:hr>
            <ns3:cad>0</ns3:cad>
          </ns3:TrackPointExtension>
        </extensions>
      </trkpt>
      <trkpt lat="24.42749281413853168487548828125" lon="118.12040814198553562164306640625">
        <ele>5</ele>
        <time>2025-08-06T11:06:09.000Z</time>
        <extensions>
          <ns3:TrackPointExtension>
            <ns3:hr>93</ns3:hr>
            <ns3:cad>0</ns3:cad>
          </ns3:TrackPointExtension>
        </extensions>
      </trkpt>
      <trkpt lat="24.42750337533652782440185546875" lon="118.12038131989538669586181640625">
        <ele>5</ele>
        <time>2025-08-06T11:06:10.000Z</time>
        <extensions>
          <ns3:TrackPointExtension>
            <ns3:hr>92</ns3:hr>
            <ns3:cad>0</ns3:cad>
          </ns3:TrackPointExtension>
        </extensions>
      </trkpt>
      <trkpt lat="24.4275118410587310791015625" lon="118.120356760919094085693359375">
        <ele>5</ele>
        <time>2025-08-06T11:06:11.000Z</time>
        <extensions>
          <ns3:TrackPointExtension>
            <ns3:hr>91</ns3:hr>
            <ns3:cad>0</ns3:cad>
          </ns3:TrackPointExtension>
        </extensions>
      </trkpt>
      <trkpt lat="24.42752148024737834930419921875" lon="118.120329938828945159912109375">
        <ele>5.19999980926513671875</ele>
        <time>2025-08-06T11:06:12.000Z</time>
        <extensions>
          <ns3:TrackPointExtension>
            <ns3:hr>91</ns3:hr>
            <ns3:cad>0</ns3:cad>
          </ns3:TrackPointExtension>
        </extensions>
      </trkpt>
      <trkpt lat="24.42753355018794536590576171875" lon="118.12030739150941371917724609375">
        <ele>5.19999980926513671875</ele>
        <time>2025-08-06T11:06:13.000Z</time>
        <extensions>
          <ns3:TrackPointExtension>
            <ns3:hr>92</ns3:hr>
            <ns3:cad>0</ns3:cad>
          </ns3:TrackPointExtension>
        </extensions>
      </trkpt>
      <trkpt lat="24.4275468774139881134033203125" lon="118.12029129825532436370849609375">
        <ele>5.19999980926513671875</ele>
        <time>2025-08-06T11:06:14.000Z</time>
        <extensions>
          <ns3:TrackPointExtension>
            <ns3:hr>92</ns3:hr>
            <ns3:cad>0</ns3:cad>
          </ns3:TrackPointExtension>
        </extensions>
      </trkpt>
      <trkpt lat="24.4275559298694133758544921875" lon="118.12026782892644405364990234375">
        <ele>5.19999980926513671875</ele>
        <time>2025-08-06T11:06:15.000Z</time>
        <extensions>
          <ns3:TrackPointExtension>
            <ns3:hr>92</ns3:hr>
            <ns3:cad>0</ns3:cad>
          </ns3:TrackPointExtension>
        </extensions>
      </trkpt>
      <trkpt lat="24.42756204865872859954833984375" lon="118.12024570070207118988037109375">
        <ele>5.400000095367431640625</ele>
        <time>2025-08-06T11:06:16.000Z</time>
        <extensions>
          <ns3:TrackPointExtension>
            <ns3:hr>92</ns3:hr>
            <ns3:cad>0</ns3:cad>
          </ns3:TrackPointExtension>
        </extensions>
      </trkpt>
      <trkpt lat="24.42757244221866130828857421875" lon="118.12022223137319087982177734375">
        <ele>5.400000095367431640625</ele>
        <time>2025-08-06T11:06:17.000Z</time>
        <extensions>
          <ns3:TrackPointExtension>
            <ns3:hr>92</ns3:hr>
            <ns3:cad>0</ns3:cad>
          </ns3:TrackPointExtension>
        </extensions>
      </trkpt>
      <trkpt lat="24.42758685909211635589599609375" lon="118.120201192796230316162109375">
        <ele>5.400000095367431640625</ele>
        <time>2025-08-06T11:06:18.000Z</time>
        <extensions>
          <ns3:TrackPointExtension>
            <ns3:hr>92</ns3:hr>
            <ns3:cad>0</ns3:cad>
          </ns3:TrackPointExtension>
        </extensions>
      </trkpt>
      <trkpt lat="24.42760228179395198822021484375" lon="118.12018166296184062957763671875">
        <ele>5.400000095367431640625</ele>
        <time>2025-08-06T11:06:19.000Z</time>
        <extensions>
          <ns3:TrackPointExtension>
            <ns3:hr>92</ns3:hr>
            <ns3:cad>0</ns3:cad>
          </ns3:TrackPointExtension>
        </extensions>
      </trkpt>
      <trkpt lat="24.42761485464870929718017578125" lon="118.120164982974529266357421875">
        <ele>5.400000095367431640625</ele>
        <time>2025-08-06T11:06:20.000Z</time>
        <extensions>
          <ns3:TrackPointExtension>
            <ns3:hr>92</ns3:hr>
            <ns3:cad>0</ns3:cad>
          </ns3:TrackPointExtension>
        </extensions>
      </trkpt>
      <trkpt lat="24.42762642167508602142333984375" lon="118.12014612369239330291748046875">
        <ele>5.400000095367431640625</ele>
        <time>2025-08-06T11:06:21.000Z</time>
        <extensions>
          <ns3:TrackPointExtension>
            <ns3:hr>92</ns3:hr>
            <ns3:cad>0</ns3:cad>
          </ns3:TrackPointExtension>
        </extensions>
      </trkpt>
      <trkpt lat="24.42763731814920902252197265625" lon="118.1201304495334625244140625">
        <ele>5.400000095367431640625</ele>
        <time>2025-08-06T11:06:22.000Z</time>
        <extensions>
          <ns3:TrackPointExtension>
            <ns3:hr>92</ns3:hr>
            <ns3:cad>0</ns3:cad>
          </ns3:TrackPointExtension>
        </extensions>
      </trkpt>
      <trkpt lat="24.42764268256723880767822265625" lon="118.12011393718421459197998046875">
        <ele>5.400000095367431640625</ele>
        <time>2025-08-06T11:06:23.000Z</time>
        <extensions>
          <ns3:TrackPointExtension>
            <ns3:hr>93</ns3:hr>
            <ns3:cad>0</ns3:cad>
          </ns3:TrackPointExtension>
        </extensions>
      </trkpt>
      <trkpt lat="24.42764771170914173126220703125" lon="118.12010136432945728302001953125">
        <ele>5.400000095367431640625</ele>
        <time>2025-08-06T11:06:24.000Z</time>
        <extensions>
          <ns3:TrackPointExtension>
            <ns3:hr>94</ns3:hr>
            <ns3:cad>0</ns3:cad>
          </ns3:TrackPointExtension>
        </extensions>
      </trkpt>
      <trkpt lat="24.42765156738460063934326171875" lon="118.120093904435634613037109375">
        <ele>5.400000095367431640625</ele>
        <time>2025-08-06T11:06:25.000Z</time>
        <extensions>
          <ns3:TrackPointExtension>
            <ns3:hr>94</ns3:hr>
            <ns3:cad>0</ns3:cad>
          </ns3:TrackPointExtension>
        </extensions>
      </trkpt>
      <trkpt lat="24.4276531599462032318115234375" lon="118.1200870312750339508056640625">
        <ele>5.400000095367431640625</ele>
        <time>2025-08-06T11:06:26.000Z</time>
        <extensions>
          <ns3:TrackPointExtension>
            <ns3:hr>95</ns3:hr>
            <ns3:cad>0</ns3:cad>
          </ns3:TrackPointExtension>
        </extensions>
      </trkpt>
      <trkpt lat="24.42765793763101100921630859375" lon="118.12006951309740543365478515625">
        <ele>5.400000095367431640625</ele>
        <time>2025-08-06T11:06:27.000Z</time>
        <extensions>
          <ns3:TrackPointExtension>
            <ns3:hr>95</ns3:hr>
            <ns3:cad>0</ns3:cad>
          </ns3:TrackPointExtension>
        </extensions>
      </trkpt>
      <trkpt lat="24.42766162566840648651123046875" lon="118.12005425803363323211669921875">
        <ele>5.599999904632568359375</ele>
        <time>2025-08-06T11:06:28.000Z</time>
        <extensions>
          <ns3:TrackPointExtension>
            <ns3:hr>95</ns3:hr>
            <ns3:cad>0</ns3:cad>
          </ns3:TrackPointExtension>
        </extensions>
      </trkpt>
      <trkpt lat="24.4276682473719120025634765625" lon="118.12003665603697299957275390625">
        <ele>5.599999904632568359375</ele>
        <time>2025-08-06T11:06:29.000Z</time>
        <extensions>
          <ns3:TrackPointExtension>
            <ns3:hr>96</ns3:hr>
            <ns3:cad>0</ns3:cad>
          </ns3:TrackPointExtension>
        </extensions>
      </trkpt>
      <trkpt lat="24.42767679691314697265625" lon="118.1200162880122661590576171875">
        <ele>5.599999904632568359375</ele>
        <time>2025-08-06T11:06:30.000Z</time>
        <extensions>
          <ns3:TrackPointExtension>
            <ns3:hr>96</ns3:hr>
            <ns3:cad>0</ns3:cad>
          </ns3:TrackPointExtension>
        </extensions>
      </trkpt>
      <trkpt lat="24.42768727429211139678955078125" lon="118.1199961714446544647216796875">
        <ele>5.599999904632568359375</ele>
        <time>2025-08-06T11:06:31.000Z</time>
        <extensions>
          <ns3:TrackPointExtension>
            <ns3:hr>96</ns3:hr>
            <ns3:cad>0</ns3:cad>
          </ns3:TrackPointExtension>
        </extensions>
      </trkpt>
      <trkpt lat="24.42770085297524929046630859375" lon="118.11997513286769390106201171875">
        <ele>5.599999904632568359375</ele>
        <time>2025-08-06T11:06:32.000Z</time>
        <extensions>
          <ns3:TrackPointExtension>
            <ns3:hr>96</ns3:hr>
            <ns3:cad>0</ns3:cad>
          </ns3:TrackPointExtension>
        </extensions>
      </trkpt>
      <trkpt lat="24.4277121685445308685302734375" lon="118.11995618976652622222900390625">
        <ele>5.400000095367431640625</ele>
        <time>2025-08-06T11:06:33.000Z</time>
        <extensions>
          <ns3:TrackPointExtension>
            <ns3:hr>97</ns3:hr>
            <ns3:cad>0</ns3:cad>
          </ns3:TrackPointExtension>
        </extensions>
      </trkpt>
      <trkpt lat="24.427724741399288177490234375" lon="118.1199364922940731048583984375">
        <ele>5.400000095367431640625</ele>
        <time>2025-08-06T11:06:34.000Z</time>
        <extensions>
          <ns3:TrackPointExtension>
            <ns3:hr>98</ns3:hr>
            <ns3:cad>0</ns3:cad>
          </ns3:TrackPointExtension>
        </extensions>
      </trkpt>
      <trkpt lat="24.427737481892108917236328125" lon="118.11991897411644458770751953125">
        <ele>5.400000095367431640625</ele>
        <time>2025-08-06T11:06:35.000Z</time>
        <extensions>
          <ns3:TrackPointExtension>
            <ns3:hr>99</ns3:hr>
            <ns3:cad>0</ns3:cad>
          </ns3:TrackPointExtension>
        </extensions>
      </trkpt>
      <trkpt lat="24.4277487136423587799072265625" lon="118.1199012883007526397705078125">
        <ele>5.400000095367431640625</ele>
        <time>2025-08-06T11:06:36.000Z</time>
        <extensions>
          <ns3:TrackPointExtension>
            <ns3:hr>99</ns3:hr>
            <ns3:cad>0</ns3:cad>
          </ns3:TrackPointExtension>
        </extensions>
      </trkpt>
      <trkpt lat="24.4277537427842617034912109375" lon="118.119885027408599853515625">
        <ele>5.400000095367431640625</ele>
        <time>2025-08-06T11:06:37.000Z</time>
        <extensions>
          <ns3:TrackPointExtension>
            <ns3:hr>99</ns3:hr>
            <ns3:cad>0</ns3:cad>
          </ns3:TrackPointExtension>
        </extensions>
      </trkpt>
      <trkpt lat="24.427759610116481781005859375" lon="118.11986734159290790557861328125">
        <ele>5.400000095367431640625</ele>
        <time>2025-08-06T11:06:38.000Z</time>
        <extensions>
          <ns3:TrackPointExtension>
            <ns3:hr>99</ns3:hr>
            <ns3:cad>0</ns3:cad>
          </ns3:TrackPointExtension>
        </extensions>
      </trkpt>
      <trkpt lat="24.4277648068964481353759765625" lon="118.11985158361494541168212890625">
        <ele>5.599999904632568359375</ele>
        <time>2025-08-06T11:06:39.000Z</time>
        <extensions>
          <ns3:TrackPointExtension>
            <ns3:hr>98</ns3:hr>
            <ns3:cad>0</ns3:cad>
          </ns3:TrackPointExtension>
        </extensions>
      </trkpt>
      <trkpt lat="24.4277695007622241973876953125" lon="118.11983683146536350250244140625">
        <ele>5.599999904632568359375</ele>
        <time>2025-08-06T11:06:40.000Z</time>
        <extensions>
          <ns3:TrackPointExtension>
            <ns3:hr>99</ns3:hr>
            <ns3:cad>0</ns3:cad>
          </ns3:TrackPointExtension>
        </extensions>
      </trkpt>
      <trkpt lat="24.4277768768370151519775390625" lon="118.11982241459190845489501953125">
        <ele>5.599999904632568359375</ele>
        <time>2025-08-06T11:06:41.000Z</time>
        <extensions>
          <ns3:TrackPointExtension>
            <ns3:hr>99</ns3:hr>
            <ns3:cad>0</ns3:cad>
          </ns3:TrackPointExtension>
        </extensions>
      </trkpt>
      <trkpt lat="24.42778768949210643768310546875" lon="118.11980682425200939178466796875">
        <ele>5.80000019073486328125</ele>
        <time>2025-08-06T11:06:42.000Z</time>
        <extensions>
          <ns3:TrackPointExtension>
            <ns3:hr>99</ns3:hr>
            <ns3:cad>0</ns3:cad>
          </ns3:TrackPointExtension>
        </extensions>
      </trkpt>
      <trkpt lat="24.4277976639568805694580078125" lon="118.11979056335985660552978515625">
        <ele>5.80000019073486328125</ele>
        <time>2025-08-06T11:06:43.000Z</time>
        <extensions>
          <ns3:TrackPointExtension>
            <ns3:hr>99</ns3:hr>
            <ns3:cad>0</ns3:cad>
          </ns3:TrackPointExtension>
        </extensions>
      </trkpt>
      <trkpt lat="24.42780981771647930145263671875" lon="118.11977145262062549591064453125">
        <ele>5.599999904632568359375</ele>
        <time>2025-08-06T11:06:44.000Z</time>
        <extensions>
          <ns3:TrackPointExtension>
            <ns3:hr>99</ns3:hr>
            <ns3:cad>73</ns3:cad>
          </ns3:TrackPointExtension>
        </extensions>
      </trkpt>
      <trkpt lat="24.427819959819316864013671875" lon="118.11975133605301380157470703125">
        <ele>5.599999904632568359375</ele>
        <time>2025-08-06T11:06:45.000Z</time>
        <extensions>
          <ns3:TrackPointExtension>
            <ns3:hr>99</ns3:hr>
            <ns3:cad>73</ns3:cad>
          </ns3:TrackPointExtension>
        </extensions>
      </trkpt>
      <trkpt lat="24.4278285093605518341064453125" lon="118.1197306327521800994873046875">
        <ele>5.599999904632568359375</ele>
        <time>2025-08-06T11:06:46.000Z</time>
        <extensions>
          <ns3:TrackPointExtension>
            <ns3:hr>99</ns3:hr>
            <ns3:cad>0</ns3:cad>
          </ns3:TrackPointExtension>
        </extensions>
      </trkpt>
      <trkpt lat="24.42783932201564311981201171875" lon="118.1197121925652027130126953125">
        <ele>5.599999904632568359375</ele>
        <time>2025-08-06T11:06:47.000Z</time>
        <extensions>
          <ns3:TrackPointExtension>
            <ns3:hr>98</ns3:hr>
            <ns3:cad>0</ns3:cad>
          </ns3:TrackPointExtension>
        </extensions>
      </trkpt>
      <trkpt lat="24.4278509728610515594482421875" lon="118.11969065107405185699462890625">
        <ele>5.599999904632568359375</ele>
        <time>2025-08-06T11:06:48.000Z</time>
        <extensions>
          <ns3:TrackPointExtension>
            <ns3:hr>97</ns3:hr>
            <ns3:cad>0</ns3:cad>
          </ns3:TrackPointExtension>
        </extensions>
      </trkpt>
      <trkpt lat="24.42786061204969882965087890625" lon="118.11966709792613983154296875">
        <ele>5.599999904632568359375</ele>
        <time>2025-08-06T11:06:49.000Z</time>
        <extensions>
          <ns3:TrackPointExtension>
            <ns3:hr>97</ns3:hr>
            <ns3:cad>0</ns3:cad>
          </ns3:TrackPointExtension>
        </extensions>
      </trkpt>
      <trkpt lat="24.427872933447360992431640625" lon="118.11964069493114948272705078125">
        <ele>5.599999904632568359375</ele>
        <time>2025-08-06T11:06:50.000Z</time>
        <extensions>
          <ns3:TrackPointExtension>
            <ns3:hr>97</ns3:hr>
            <ns3:cad>0</ns3:cad>
          </ns3:TrackPointExtension>
        </extensions>
      </trkpt>
      <trkpt lat="24.42788609303534030914306640625" lon="118.11961571685969829559326171875">
        <ele>5.599999904632568359375</ele>
        <time>2025-08-06T11:06:51.000Z</time>
        <extensions>
          <ns3:TrackPointExtension>
            <ns3:hr>96</ns3:hr>
            <ns3:cad>0</ns3:cad>
          </ns3:TrackPointExtension>
        </extensions>
      </trkpt>
      <trkpt lat="24.42790050990879535675048828125" lon="118.119590990245342254638671875">
        <ele>5.599999904632568359375</ele>
        <time>2025-08-06T11:06:52.000Z</time>
        <extensions>
          <ns3:TrackPointExtension>
            <ns3:hr>97</ns3:hr>
            <ns3:cad>0</ns3:cad>
          </ns3:TrackPointExtension>
        </extensions>
      </trkpt>
      <trkpt lat="24.4279153458774089813232421875" lon="118.1195653416216373443603515625">
        <ele>5.599999904632568359375</ele>
        <time>2025-08-06T11:06:53.000Z</time>
        <extensions>
          <ns3:TrackPointExtension>
            <ns3:hr>99</ns3:hr>
            <ns3:cad>0</ns3:cad>
          </ns3:TrackPointExtension>
        </extensions>
      </trkpt>
      <trkpt lat="24.42792783491313457489013671875" lon="118.11953835189342498779296875">
        <ele>5.599999904632568359375</ele>
        <time>2025-08-06T11:06:54.000Z</time>
        <extensions>
          <ns3:TrackPointExtension>
            <ns3:hr>100</ns3:hr>
            <ns3:cad>0</ns3:cad>
          </ns3:TrackPointExtension>
        </extensions>
      </trkpt>
      <trkpt lat="24.4279409945011138916015625" lon="118.1195113621652126312255859375">
        <ele>5.599999904632568359375</ele>
        <time>2025-08-06T11:06:55.000Z</time>
        <extensions>
          <ns3:TrackPointExtension>
            <ns3:hr>101</ns3:hr>
            <ns3:cad>0</ns3:cad>
          </ns3:TrackPointExtension>
        </extensions>
      </trkpt>
      <trkpt lat="24.42795599810779094696044921875" lon="118.11948898248374462127685546875">
        <ele>5.599999904632568359375</ele>
        <time>2025-08-06T11:06:56.000Z</time>
        <extensions>
          <ns3:TrackPointExtension>
            <ns3:hr>102</ns3:hr>
            <ns3:cad>0</ns3:cad>
          </ns3:TrackPointExtension>
        </extensions>
      </trkpt>
      <trkpt lat="24.42797125317156314849853515625" lon="118.1194681115448474884033203125">
        <ele>5.400000095367431640625</ele>
        <time>2025-08-06T11:06:57.000Z</time>
        <extensions>
          <ns3:TrackPointExtension>
            <ns3:hr>104</ns3:hr>
            <ns3:cad>0</ns3:cad>
          </ns3:TrackPointExtension>
        </extensions>
      </trkpt>
      <trkpt lat="24.42798751406371593475341796875" lon="118.1194479949772357940673828125">
        <ele>5.400000095367431640625</ele>
        <time>2025-08-06T11:06:58.000Z</time>
        <extensions>
          <ns3:TrackPointExtension>
            <ns3:hr>105</ns3:hr>
            <ns3:cad>0</ns3:cad>
          </ns3:TrackPointExtension>
        </extensions>
      </trkpt>
      <trkpt lat="24.42800461314618587493896484375" lon="118.1194275431334972381591796875">
        <ele>5.400000095367431640625</ele>
        <time>2025-08-06T11:06:59.000Z</time>
        <extensions>
          <ns3:TrackPointExtension>
            <ns3:hr>105</ns3:hr>
            <ns3:cad>0</ns3:cad>
          </ns3:TrackPointExtension>
        </extensions>
      </trkpt>
      <trkpt lat="24.42802305333316326141357421875" lon="118.11940683983266353607177734375">
        <ele>5.400000095367431640625</ele>
        <time>2025-08-06T11:07:00.000Z</time>
        <extensions>
          <ns3:TrackPointExtension>
            <ns3:hr>105</ns3:hr>
            <ns3:cad>0</ns3:cad>
          </ns3:TrackPointExtension>
        </extensions>
      </trkpt>
      <trkpt lat="24.4280380569398403167724609375" lon="118.11938680708408355712890625">
        <ele>5.19999980926513671875</ele>
        <time>2025-08-06T11:07:01.000Z</time>
        <extensions>
          <ns3:TrackPointExtension>
            <ns3:hr>105</ns3:hr>
            <ns3:cad>0</ns3:cad>
          </ns3:TrackPointExtension>
        </extensions>
      </trkpt>
      <trkpt lat="24.42805163562297821044921875" lon="118.119364343583583831787109375">
        <ele>5.19999980926513671875</ele>
        <time>2025-08-06T11:07:02.000Z</time>
        <extensions>
          <ns3:TrackPointExtension>
            <ns3:hr>105</ns3:hr>
            <ns3:cad>72</ns3:cad>
          </ns3:TrackPointExtension>
        </extensions>
      </trkpt>
      <trkpt lat="24.4280645437538623809814453125" lon="118.1193423829972743988037109375">
        <ele>5.19999980926513671875</ele>
        <time>2025-08-06T11:07:03.000Z</time>
        <extensions>
          <ns3:TrackPointExtension>
            <ns3:hr>105</ns3:hr>
            <ns3:cad>72</ns3:cad>
          </ns3:TrackPointExtension>
        </extensions>
      </trkpt>
      <trkpt lat="24.428077451884746551513671875" lon="118.1193202547729015350341796875">
        <ele>5.19999980926513671875</ele>
        <time>2025-08-06T11:07:04.000Z</time>
        <extensions>
          <ns3:TrackPointExtension>
            <ns3:hr>105</ns3:hr>
            <ns3:cad>0</ns3:cad>
          </ns3:TrackPointExtension>
        </extensions>
      </trkpt>
      <trkpt lat="24.42808994092047214508056640625" lon="118.11929955147206783294677734375">
        <ele>5.19999980926513671875</ele>
        <time>2025-08-06T11:07:05.000Z</time>
        <extensions>
          <ns3:TrackPointExtension>
            <ns3:hr>104</ns3:hr>
            <ns3:cad>0</ns3:cad>
          </ns3:TrackPointExtension>
        </extensions>
      </trkpt>
      <trkpt lat="24.42810117267072200775146484375" lon="118.1192796863615512847900390625">
        <ele>5.19999980926513671875</ele>
        <time>2025-08-06T11:07:06.000Z</time>
        <extensions>
          <ns3:TrackPointExtension>
            <ns3:hr>102</ns3:hr>
            <ns3:cad>0</ns3:cad>
          </ns3:TrackPointExtension>
        </extensions>
      </trkpt>
      <trkpt lat="24.42811156623065471649169921875" lon="118.1192599050700664520263671875">
        <ele>5.400000095367431640625</ele>
        <time>2025-08-06T11:07:07.000Z</time>
        <extensions>
          <ns3:TrackPointExtension>
            <ns3:hr>101</ns3:hr>
            <ns3:cad>0</ns3:cad>
          </ns3:TrackPointExtension>
        </extensions>
      </trkpt>
      <trkpt lat="24.42812271416187286376953125" lon="118.1192404590547084808349609375">
        <ele>5.400000095367431640625</ele>
        <time>2025-08-06T11:07:08.000Z</time>
        <extensions>
          <ns3:TrackPointExtension>
            <ns3:hr>99</ns3:hr>
            <ns3:cad>0</ns3:cad>
          </ns3:TrackPointExtension>
        </extensions>
      </trkpt>
      <trkpt lat="24.42813218571245670318603515625" lon="118.11922310851514339447021484375">
        <ele>5.400000095367431640625</ele>
        <time>2025-08-06T11:07:09.000Z</time>
        <extensions>
          <ns3:TrackPointExtension>
            <ns3:hr>98</ns3:hr>
            <ns3:cad>0</ns3:cad>
          </ns3:TrackPointExtension>
        </extensions>
      </trkpt>
      <trkpt lat="24.428141824901103973388671875" lon="118.11920550651848316192626953125">
        <ele>5.400000095367431640625</ele>
        <time>2025-08-06T11:07:10.000Z</time>
        <extensions>
          <ns3:TrackPointExtension>
            <ns3:hr>98</ns3:hr>
            <ns3:cad>0</ns3:cad>
          </ns3:TrackPointExtension>
        </extensions>
      </trkpt>
      <trkpt lat="24.42814953625202178955078125" lon="118.119187653064727783203125">
        <ele>5.400000095367431640625</ele>
        <time>2025-08-06T11:07:11.000Z</time>
        <extensions>
          <ns3:TrackPointExtension>
            <ns3:hr>98</ns3:hr>
            <ns3:cad>0</ns3:cad>
          </ns3:TrackPointExtension>
        </extensions>
      </trkpt>
      <trkpt lat="24.4281570799648761749267578125" lon="118.11917214654386043548583984375">
        <ele>5.400000095367431640625</ele>
        <time>2025-08-06T11:07:12.000Z</time>
        <extensions>
          <ns3:TrackPointExtension>
            <ns3:hr>97</ns3:hr>
            <ns3:cad>0</ns3:cad>
          </ns3:TrackPointExtension>
        </extensions>
      </trkpt>
      <trkpt lat="24.42816688679158687591552734375" lon="118.1191603280603885650634765625">
        <ele>5.19999980926513671875</ele>
        <time>2025-08-06T11:07:13.000Z</time>
        <extensions>
          <ns3:TrackPointExtension>
            <ns3:hr>96</ns3:hr>
            <ns3:cad>0</ns3:cad>
          </ns3:TrackPointExtension>
        </extensions>
      </trkpt>
      <trkpt lat="24.4281741790473461151123046875" lon="118.11914817430078983306884765625">
        <ele>5.19999980926513671875</ele>
        <time>2025-08-06T11:07:14.000Z</time>
        <extensions>
          <ns3:TrackPointExtension>
            <ns3:hr>96</ns3:hr>
            <ns3:cad>0</ns3:cad>
          </ns3:TrackPointExtension>
        </extensions>
      </trkpt>
      <trkpt lat="24.42818306386470794677734375" lon="118.11913677491247653961181640625">
        <ele>5.19999980926513671875</ele>
        <time>2025-08-06T11:07:15.000Z</time>
        <extensions>
          <ns3:TrackPointExtension>
            <ns3:hr>95</ns3:hr>
            <ns3:cad>0</ns3:cad>
          </ns3:TrackPointExtension>
        </extensions>
      </trkpt>
      <trkpt lat="24.42819002084434032440185546875" lon="118.11912663280963897705078125">
        <ele>5.19999980926513671875</ele>
        <time>2025-08-06T11:07:16.000Z</time>
        <extensions>
          <ns3:TrackPointExtension>
            <ns3:hr>94</ns3:hr>
            <ns3:cad>0</ns3:cad>
          </ns3:TrackPointExtension>
        </extensions>
      </trkpt>
      <trkpt lat="24.42819890566170215606689453125" lon="118.1191133894026279449462890625">
        <ele>5.19999980926513671875</ele>
        <time>2025-08-06T11:07:17.000Z</time>
        <extensions>
          <ns3:TrackPointExtension>
            <ns3:hr>93</ns3:hr>
            <ns3:cad>0</ns3:cad>
          </ns3:TrackPointExtension>
        </extensions>
      </trkpt>
      <trkpt lat="24.42820477299392223358154296875" lon="118.11910408549010753631591796875">
        <ele>5.19999980926513671875</ele>
        <time>2025-08-06T11:07:18.000Z</time>
        <extensions>
          <ns3:TrackPointExtension>
            <ns3:hr>93</ns3:hr>
            <ns3:cad>0</ns3:cad>
          </ns3:TrackPointExtension>
        </extensions>
      </trkpt>
      <trkpt lat="24.4282107241451740264892578125" lon="118.1190929375588893890380859375">
        <ele>5.19999980926513671875</ele>
        <time>2025-08-06T11:07:19.000Z</time>
        <extensions>
          <ns3:TrackPointExtension>
            <ns3:hr>93</ns3:hr>
            <ns3:cad>0</ns3:cad>
          </ns3:TrackPointExtension>
        </extensions>
      </trkpt>
      <trkpt lat="24.42821918986737728118896484375" lon="118.11907676048576831817626953125">
        <ele>5.19999980926513671875</ele>
        <time>2025-08-06T11:07:20.000Z</time>
        <extensions>
          <ns3:TrackPointExtension>
            <ns3:hr>93</ns3:hr>
            <ns3:cad>0</ns3:cad>
          </ns3:TrackPointExtension>
        </extensions>
      </trkpt>
      <trkpt lat="24.4282301701605319976806640625" lon="118.11906385235488414764404296875">
        <ele>5.19999980926513671875</ele>
        <time>2025-08-06T11:07:21.000Z</time>
        <extensions>
          <ns3:TrackPointExtension>
            <ns3:hr>93</ns3:hr>
            <ns3:cad>0</ns3:cad>
          </ns3:TrackPointExtension>
        </extensions>
      </trkpt>
      <trkpt lat="24.42824047990143299102783203125" lon="118.11904658563435077667236328125">
        <ele>5</ele>
        <time>2025-08-06T11:07:22.000Z</time>
        <extensions>
          <ns3:TrackPointExtension>
            <ns3:hr>92</ns3:hr>
            <ns3:cad>0</ns3:cad>
          </ns3:TrackPointExtension>
        </extensions>
      </trkpt>
      <trkpt lat="24.42825070582330226898193359375" lon="118.11902764253318309783935546875">
        <ele>5.19999980926513671875</ele>
        <time>2025-08-06T11:07:23.000Z</time>
        <extensions>
          <ns3:TrackPointExtension>
            <ns3:hr>93</ns3:hr>
            <ns3:cad>0</ns3:cad>
          </ns3:TrackPointExtension>
        </extensions>
      </trkpt>
      <trkpt lat="24.4282601773738861083984375" lon="118.11900953762233257293701171875">
        <ele>5</ele>
        <time>2025-08-06T11:07:24.000Z</time>
        <extensions>
          <ns3:TrackPointExtension>
            <ns3:hr>93</ns3:hr>
            <ns3:cad>0</ns3:cad>
          </ns3:TrackPointExtension>
        </extensions>
      </trkpt>
      <trkpt lat="24.42827157676219940185546875" lon="118.1189960427582263946533203125">
        <ele>5</ele>
        <time>2025-08-06T11:07:25.000Z</time>
        <extensions>
          <ns3:TrackPointExtension>
            <ns3:hr>92</ns3:hr>
            <ns3:cad>0</ns3:cad>
          </ns3:TrackPointExtension>
        </extensions>
      </trkpt>
      <trkpt lat="24.428284652531147003173828125" lon="118.11898070387542247772216796875">
        <ele>5</ele>
        <time>2025-08-06T11:07:26.000Z</time>
        <extensions>
          <ns3:TrackPointExtension>
            <ns3:hr>93</ns3:hr>
            <ns3:cad>0</ns3:cad>
          </ns3:TrackPointExtension>
        </extensions>
      </trkpt>
      <trkpt lat="24.42830015905201435089111328125" lon="118.118968047201633453369140625">
        <ele>5</ele>
        <time>2025-08-06T11:07:27.000Z</time>
        <extensions>
          <ns3:TrackPointExtension>
            <ns3:hr>92</ns3:hr>
            <ns3:cad>0</ns3:cad>
          </ns3:TrackPointExtension>
        </extensions>
      </trkpt>
      <trkpt lat="24.428318850696086883544921875" lon="118.118952624499797821044921875">
        <ele>5</ele>
        <time>2025-08-06T11:07:28.000Z</time>
        <extensions>
          <ns3:TrackPointExtension>
            <ns3:hr>92</ns3:hr>
            <ns3:cad>0</ns3:cad>
          </ns3:TrackPointExtension>
        </extensions>
      </trkpt>
      <trkpt lat="24.4283364526927471160888671875" lon="118.11893946491181850433349609375">
        <ele>5</ele>
        <time>2025-08-06T11:07:29.000Z</time>
        <extensions>
          <ns3:TrackPointExtension>
            <ns3:hr>92</ns3:hr>
            <ns3:cad>0</ns3:cad>
          </ns3:TrackPointExtension>
        </extensions>
      </trkpt>
      <trkpt lat="24.4283552281558513641357421875" lon="118.11892370693385601043701171875">
        <ele>5</ele>
        <time>2025-08-06T11:07:30.000Z</time>
        <extensions>
          <ns3:TrackPointExtension>
            <ns3:hr>91</ns3:hr>
            <ns3:cad>0</ns3:cad>
          </ns3:TrackPointExtension>
        </extensions>
      </trkpt>
      <trkpt lat="24.4283713214099407196044921875" lon="118.118910379707813262939453125">
        <ele>5</ele>
        <time>2025-08-06T11:07:31.000Z</time>
        <extensions>
          <ns3:TrackPointExtension>
            <ns3:hr>91</ns3:hr>
            <ns3:cad>0</ns3:cad>
          </ns3:TrackPointExtension>
        </extensions>
      </trkpt>
      <trkpt lat="24.4283907674252986907958984375" lon="118.11889722011983394622802734375">
        <ele>5</ele>
        <time>2025-08-06T11:07:32.000Z</time>
        <extensions>
          <ns3:TrackPointExtension>
            <ns3:hr>90</ns3:hr>
            <ns3:cad>0</ns3:cad>
          </ns3:TrackPointExtension>
        </extensions>
      </trkpt>
      <trkpt lat="24.4284117221832275390625" lon="118.118884898722171783447265625">
        <ele>5</ele>
        <time>2025-08-06T11:07:33.000Z</time>
        <extensions>
          <ns3:TrackPointExtension>
            <ns3:hr>90</ns3:hr>
            <ns3:cad>0</ns3:cad>
          </ns3:TrackPointExtension>
        </extensions>
      </trkpt>
      <trkpt lat="24.428435526788234710693359375" lon="118.11887442134320735931396484375">
        <ele>5</ele>
        <time>2025-08-06T11:07:34.000Z</time>
        <extensions>
          <ns3:TrackPointExtension>
            <ns3:hr>90</ns3:hr>
            <ns3:cad>0</ns3:cad>
          </ns3:TrackPointExtension>
        </extensions>
      </trkpt>
      <trkpt lat="24.42845270968973636627197265625" lon="118.1188636086881160736083984375">
        <ele>5.19999980926513671875</ele>
        <time>2025-08-06T11:07:35.000Z</time>
        <extensions>
          <ns3:TrackPointExtension>
            <ns3:hr>90</ns3:hr>
            <ns3:cad>0</ns3:cad>
          </ns3:TrackPointExtension>
        </extensions>
      </trkpt>
      <trkpt lat="24.42846913821995258331298828125" lon="118.11885162256658077239990234375">
        <ele>5.19999980926513671875</ele>
        <time>2025-08-06T11:07:36.000Z</time>
        <extensions>
          <ns3:TrackPointExtension>
            <ns3:hr>90</ns3:hr>
            <ns3:cad>0</ns3:cad>
          </ns3:TrackPointExtension>
        </extensions>
      </trkpt>
      <trkpt lat="24.42848171107470989227294921875" lon="118.11884391121566295623779296875">
        <ele>5.19999980926513671875</ele>
        <time>2025-08-06T11:07:37.000Z</time>
        <extensions>
          <ns3:TrackPointExtension>
            <ns3:hr>90</ns3:hr>
            <ns3:cad>0</ns3:cad>
          </ns3:TrackPointExtension>
        </extensions>
      </trkpt>
      <trkpt lat="24.42849378101527690887451171875" lon="118.1188327632844448089599609375">
        <ele>5.400000095367431640625</ele>
        <time>2025-08-06T11:07:38.000Z</time>
        <extensions>
          <ns3:TrackPointExtension>
            <ns3:hr>90</ns3:hr>
            <ns3:cad>0</ns3:cad>
          </ns3:TrackPointExtension>
        </extensions>
      </trkpt>
      <trkpt lat="24.42849881015717983245849609375" lon="118.11882547102868556976318359375">
        <ele>5.400000095367431640625</ele>
        <time>2025-08-06T11:07:39.000Z</time>
        <extensions>
          <ns3:TrackPointExtension>
            <ns3:hr>91</ns3:hr>
            <ns3:cad>0</ns3:cad>
          </ns3:TrackPointExtension>
        </extensions>
      </trkpt>
      <trkpt lat="24.4285030849277973175048828125" lon="118.11882128007709980010986328125">
        <ele>5.400000095367431640625</ele>
        <time>2025-08-06T11:07:40.000Z</time>
        <extensions>
          <ns3:TrackPointExtension>
            <ns3:hr>92</ns3:hr>
            <ns3:cad>0</ns3:cad>
          </ns3:TrackPointExtension>
        </extensions>
      </trkpt>
      <trkpt lat="24.42850450985133647918701171875" lon="118.11881524510681629180908203125">
        <ele>5.400000095367431640625</ele>
        <time>2025-08-06T11:07:41.000Z</time>
        <extensions>
          <ns3:TrackPointExtension>
            <ns3:hr>93</ns3:hr>
            <ns3:cad>0</ns3:cad>
          </ns3:TrackPointExtension>
        </extensions>
      </trkpt>
      <trkpt lat="24.42850920371711254119873046875" lon="118.11880283989012241363525390625">
        <ele>5.400000095367431640625</ele>
        <time>2025-08-06T11:07:42.000Z</time>
        <extensions>
          <ns3:TrackPointExtension>
            <ns3:hr>94</ns3:hr>
            <ns3:cad>0</ns3:cad>
          </ns3:TrackPointExtension>
        </extensions>
      </trkpt>
      <trkpt lat="24.42851875908672809600830078125" lon="118.11878741718828678131103515625">
        <ele>5.599999904632568359375</ele>
        <time>2025-08-06T11:07:43.000Z</time>
        <extensions>
          <ns3:TrackPointExtension>
            <ns3:hr>95</ns3:hr>
            <ns3:cad>0</ns3:cad>
          </ns3:TrackPointExtension>
        </extensions>
      </trkpt>
      <trkpt lat="24.4285258837044239044189453125" lon="118.11877300031483173370361328125">
        <ele>5.599999904632568359375</ele>
        <time>2025-08-06T11:07:44.000Z</time>
        <extensions>
          <ns3:TrackPointExtension>
            <ns3:hr>95</ns3:hr>
            <ns3:cad>0</ns3:cad>
          </ns3:TrackPointExtension>
        </extensions>
      </trkpt>
      <trkpt lat="24.428536109626293182373046875" lon="118.11876076273620128631591796875">
        <ele>5.599999904632568359375</ele>
        <time>2025-08-06T11:07:45.000Z</time>
        <extensions>
          <ns3:TrackPointExtension>
            <ns3:hr>95</ns3:hr>
            <ns3:cad>0</ns3:cad>
          </ns3:TrackPointExtension>
        </extensions>
      </trkpt>
      <trkpt lat="24.42855010740458965301513671875" lon="118.11874869279563426971435546875">
        <ele>5.599999904632568359375</ele>
        <time>2025-08-06T11:07:46.000Z</time>
        <extensions>
          <ns3:TrackPointExtension>
            <ns3:hr>95</ns3:hr>
            <ns3:cad>0</ns3:cad>
          </ns3:TrackPointExtension>
        </extensions>
      </trkpt>
      <trkpt lat="24.42855999805033206939697265625" lon="118.118738047778606414794921875">
        <ele>5.599999904632568359375</ele>
        <time>2025-08-06T11:07:47.000Z</time>
        <extensions>
          <ns3:TrackPointExtension>
            <ns3:hr>96</ns3:hr>
            <ns3:cad>0</ns3:cad>
          </ns3:TrackPointExtension>
        </extensions>
      </trkpt>
      <trkpt lat="24.428570307791233062744140625" lon="118.11872639693319797515869140625">
        <ele>5.80000019073486328125</ele>
        <time>2025-08-06T11:07:48.000Z</time>
        <extensions>
          <ns3:TrackPointExtension>
            <ns3:hr>96</ns3:hr>
            <ns3:cad>0</ns3:cad>
          </ns3:TrackPointExtension>
        </extensions>
      </trkpt>
      <trkpt lat="24.4285788573324680328369140625" lon="118.118717260658740997314453125">
        <ele>5.80000019073486328125</ele>
        <time>2025-08-06T11:07:49.000Z</time>
        <extensions>
          <ns3:TrackPointExtension>
            <ns3:hr>96</ns3:hr>
            <ns3:cad>0</ns3:cad>
          </ns3:TrackPointExtension>
        </extensions>
      </trkpt>
      <trkpt lat="24.42858614958822727203369140625" lon="118.11870560981333255767822265625">
        <ele>5.80000019073486328125</ele>
        <time>2025-08-06T11:07:50.000Z</time>
        <extensions>
          <ns3:TrackPointExtension>
            <ns3:hr>96</ns3:hr>
            <ns3:cad>0</ns3:cad>
          </ns3:TrackPointExtension>
        </extensions>
      </trkpt>
      <trkpt lat="24.4285899214446544647216796875" lon="118.1186929531395435333251953125">
        <ele>5.80000019073486328125</ele>
        <time>2025-08-06T11:07:51.000Z</time>
        <extensions>
          <ns3:TrackPointExtension>
            <ns3:hr>97</ns3:hr>
            <ns3:cad>0</ns3:cad>
          </ns3:TrackPointExtension>
        </extensions>
      </trkpt>
      <trkpt lat="24.42859302274882793426513671875" lon="118.1186775304377079010009765625">
        <ele>5.80000019073486328125</ele>
        <time>2025-08-06T11:07:52.000Z</time>
        <extensions>
          <ns3:TrackPointExtension>
            <ns3:hr>98</ns3:hr>
            <ns3:cad>0</ns3:cad>
          </ns3:TrackPointExtension>
        </extensions>
      </trkpt>
      <trkpt lat="24.42859889008104801177978515625" lon="118.1186657957732677459716796875">
        <ele>5.80000019073486328125</ele>
        <time>2025-08-06T11:07:53.000Z</time>
        <extensions>
          <ns3:TrackPointExtension>
            <ns3:hr>99</ns3:hr>
            <ns3:cad>0</ns3:cad>
          </ns3:TrackPointExtension>
        </extensions>
      </trkpt>
      <trkpt lat="24.42860660143196582794189453125" lon="118.1186490319669246673583984375">
        <ele>5.80000019073486328125</ele>
        <time>2025-08-06T11:07:54.000Z</time>
        <extensions>
          <ns3:TrackPointExtension>
            <ns3:hr>100</ns3:hr>
            <ns3:cad>0</ns3:cad>
          </ns3:TrackPointExtension>
        </extensions>
      </trkpt>
      <trkpt lat="24.42861330695450305938720703125" lon="118.11863151378929615020751953125">
        <ele>5.80000019073486328125</ele>
        <time>2025-08-06T11:07:55.000Z</time>
        <extensions>
          <ns3:TrackPointExtension>
            <ns3:hr>102</ns3:hr>
            <ns3:cad>0</ns3:cad>
          </ns3:TrackPointExtension>
        </extensions>
      </trkpt>
      <trkpt lat="24.428618252277374267578125" lon="118.11861575581133365631103515625">
        <ele>6</ele>
        <time>2025-08-06T11:07:56.000Z</time>
        <extensions>
          <ns3:TrackPointExtension>
            <ns3:hr>103</ns3:hr>
            <ns3:cad>0</ns3:cad>
          </ns3:TrackPointExtension>
        </extensions>
      </trkpt>
      <trkpt lat="24.428623951971530914306640625" lon="118.1185990758240222930908203125">
        <ele>6</ele>
        <time>2025-08-06T11:07:57.000Z</time>
        <extensions>
          <ns3:TrackPointExtension>
            <ns3:hr>103</ns3:hr>
            <ns3:cad>0</ns3:cad>
          </ns3:TrackPointExtension>
        </extensions>
      </trkpt>
      <trkpt lat="24.42863141186535358428955078125" lon="118.118584491312503814697265625">
        <ele>6</ele>
        <time>2025-08-06T11:07:58.000Z</time>
        <extensions>
          <ns3:TrackPointExtension>
            <ns3:hr>103</ns3:hr>
            <ns3:cad>0</ns3:cad>
          </ns3:TrackPointExtension>
        </extensions>
      </trkpt>
      <trkpt lat="24.42864063195884227752685546875" lon="118.11856412328779697418212890625">
        <ele>6</ele>
        <time>2025-08-06T11:07:59.000Z</time>
        <extensions>
          <ns3:TrackPointExtension>
            <ns3:hr>103</ns3:hr>
            <ns3:cad>0</ns3:cad>
          </ns3:TrackPointExtension>
        </extensions>
      </trkpt>
      <trkpt lat="24.42864599637687206268310546875" lon="118.11854593455791473388671875">
        <ele>6</ele>
        <time>2025-08-06T11:08:00.000Z</time>
        <extensions>
          <ns3:TrackPointExtension>
            <ns3:hr>103</ns3:hr>
            <ns3:cad>0</ns3:cad>
          </ns3:TrackPointExtension>
        </extensions>
      </trkpt>
      <trkpt lat="24.4286589883267879486083984375" lon="118.11853093095123767852783203125">
        <ele>5.80000019073486328125</ele>
        <time>2025-08-06T11:08:01.000Z</time>
        <extensions>
          <ns3:TrackPointExtension>
            <ns3:hr>104</ns3:hr>
            <ns3:cad>0</ns3:cad>
          </ns3:TrackPointExtension>
        </extensions>
      </trkpt>
      <trkpt lat="24.4286732375621795654296875" lon="118.1185182742774486541748046875">
        <ele>6</ele>
        <time>2025-08-06T11:08:02.000Z</time>
        <extensions>
          <ns3:TrackPointExtension>
            <ns3:hr>104</ns3:hr>
            <ns3:cad>0</ns3:cad>
          </ns3:TrackPointExtension>
        </extensions>
      </trkpt>
      <trkpt lat="24.42868589423596858978271484375" lon="118.11850964091718196868896484375">
        <ele>6</ele>
        <time>2025-08-06T11:08:03.000Z</time>
        <extensions>
          <ns3:TrackPointExtension>
            <ns3:hr>103</ns3:hr>
            <ns3:cad>0</ns3:cad>
          </ns3:TrackPointExtension>
        </extensions>
      </trkpt>
      <trkpt lat="24.42869980819523334503173828125" lon="118.118501342833042144775390625">
        <ele>6</ele>
        <time>2025-08-06T11:08:04.000Z</time>
        <extensions>
          <ns3:TrackPointExtension>
            <ns3:hr>103</ns3:hr>
            <ns3:cad>0</ns3:cad>
          </ns3:TrackPointExtension>
        </extensions>
      </trkpt>
      <trkpt lat="24.4287153147161006927490234375" lon="118.1184907816350460052490234375">
        <ele>6</ele>
        <time>2025-08-06T11:08:05.000Z</time>
        <extensions>
          <ns3:TrackPointExtension>
            <ns3:hr>103</ns3:hr>
            <ns3:cad>0</ns3:cad>
          </ns3:TrackPointExtension>
        </extensions>
      </trkpt>
      <trkpt lat="24.42873199470341205596923828125" lon="118.1184823997318744659423828125">
        <ele>6</ele>
        <time>2025-08-06T11:08:06.000Z</time>
        <extensions>
          <ns3:TrackPointExtension>
            <ns3:hr>102</ns3:hr>
            <ns3:cad>0</ns3:cad>
          </ns3:TrackPointExtension>
        </extensions>
      </trkpt>
      <trkpt lat="24.42875177599489688873291015625" lon="118.11847292818129062652587890625">
        <ele>6</ele>
        <time>2025-08-06T11:08:07.000Z</time>
        <extensions>
          <ns3:TrackPointExtension>
            <ns3:hr>98</ns3:hr>
            <ns3:cad>0</ns3:cad>
          </ns3:TrackPointExtension>
        </extensions>
      </trkpt>
      <trkpt lat="24.4287723116576671600341796875" lon="118.1184674799442291259765625">
        <ele>6.19999980926513671875</ele>
        <time>2025-08-06T11:08:08.000Z</time>
        <extensions>
          <ns3:TrackPointExtension>
            <ns3:hr>96</ns3:hr>
            <ns3:cad>0</ns3:cad>
          </ns3:TrackPointExtension>
        </extensions>
      </trkpt>
      <trkpt lat="24.42878815345466136932373046875" lon="118.11845968477427959442138671875">
        <ele>6.19999980926513671875</ele>
        <time>2025-08-06T11:08:09.000Z</time>
        <extensions>
          <ns3:TrackPointExtension>
            <ns3:hr>96</ns3:hr>
            <ns3:cad>0</ns3:cad>
          </ns3:TrackPointExtension>
        </extensions>
      </trkpt>
      <trkpt lat="24.42880592308938503265380859375" lon="118.11844677664339542388916015625">
        <ele>6.19999980926513671875</ele>
        <time>2025-08-06T11:08:10.000Z</time>
        <extensions>
          <ns3:TrackPointExtension>
            <ns3:hr>95</ns3:hr>
            <ns3:cad>0</ns3:cad>
          </ns3:TrackPointExtension>
        </extensions>
      </trkpt>
      <trkpt lat="24.42882101051509380340576171875" lon="118.118434958159923553466796875">
        <ele>6.400000095367431640625</ele>
        <time>2025-08-06T11:08:11.000Z</time>
        <extensions>
          <ns3:TrackPointExtension>
            <ns3:hr>95</ns3:hr>
            <ns3:cad>0</ns3:cad>
          </ns3:TrackPointExtension>
        </extensions>
      </trkpt>
      <trkpt lat="24.4288363493978977203369140625" lon="118.11842397786676883697509765625">
        <ele>6.400000095367431640625</ele>
        <time>2025-08-06T11:08:12.000Z</time>
        <extensions>
          <ns3:TrackPointExtension>
            <ns3:hr>95</ns3:hr>
            <ns3:cad>0</ns3:cad>
          </ns3:TrackPointExtension>
        </extensions>
      </trkpt>
      <trkpt lat="24.4288504309952259063720703125" lon="118.1184133328497409820556640625">
        <ele>6.400000095367431640625</ele>
        <time>2025-08-06T11:08:13.000Z</time>
        <extensions>
          <ns3:TrackPointExtension>
            <ns3:hr>94</ns3:hr>
            <ns3:cad>43</ns3:cad>
          </ns3:TrackPointExtension>
        </extensions>
      </trkpt>
      <trkpt lat="24.42886224947869777679443359375" lon="118.1184026040136814117431640625">
        <ele>6.599999904632568359375</ele>
        <time>2025-08-06T11:08:14.000Z</time>
        <extensions>
          <ns3:TrackPointExtension>
            <ns3:hr>93</ns3:hr>
            <ns3:cad>43</ns3:cad>
          </ns3:TrackPointExtension>
        </extensions>
      </trkpt>
      <trkpt lat="24.4288769178092479705810546875" lon="118.11839128844439983367919921875">
        <ele>6.80000019073486328125</ele>
        <time>2025-08-06T11:08:15.000Z</time>
        <extensions>
          <ns3:TrackPointExtension>
            <ns3:hr>93</ns3:hr>
            <ns3:cad>43</ns3:cad>
          </ns3:TrackPointExtension>
        </extensions>
      </trkpt>
      <trkpt lat="24.42889074794948101043701171875" lon="118.11837963759899139404296875">
        <ele>6.80000019073486328125</ele>
        <time>2025-08-06T11:08:16.000Z</time>
        <extensions>
          <ns3:TrackPointExtension>
            <ns3:hr>93</ns3:hr>
            <ns3:cad>0</ns3:cad>
          </ns3:TrackPointExtension>
        </extensions>
      </trkpt>
      <trkpt lat="24.42890482954680919647216796875" lon="118.11836597509682178497314453125">
        <ele>7</ele>
        <time>2025-08-06T11:08:17.000Z</time>
        <extensions>
          <ns3:TrackPointExtension>
            <ns3:hr>94</ns3:hr>
            <ns3:cad>0</ns3:cad>
          </ns3:TrackPointExtension>
        </extensions>
      </trkpt>
      <trkpt lat="24.42892209626734256744384765625" lon="118.11835021711885929107666015625">
        <ele>7</ele>
        <time>2025-08-06T11:08:18.000Z</time>
        <extensions>
          <ns3:TrackPointExtension>
            <ns3:hr>93</ns3:hr>
            <ns3:cad>0</ns3:cad>
          </ns3:TrackPointExtension>
        </extensions>
      </trkpt>
      <trkpt lat="24.42893433384597301483154296875" lon="118.118337057530879974365234375">
        <ele>7.19999980926513671875</ele>
        <time>2025-08-06T11:08:19.000Z</time>
        <extensions>
          <ns3:TrackPointExtension>
            <ns3:hr>93</ns3:hr>
            <ns3:cad>0</ns3:cad>
          </ns3:TrackPointExtension>
        </extensions>
      </trkpt>
      <trkpt lat="24.428945146501064300537109375" lon="118.11832456849515438079833984375">
        <ele>7.19999980926513671875</ele>
        <time>2025-08-06T11:08:20.000Z</time>
        <extensions>
          <ns3:TrackPointExtension>
            <ns3:hr>93</ns3:hr>
            <ns3:cad>0</ns3:cad>
          </ns3:TrackPointExtension>
        </extensions>
      </trkpt>
      <trkpt lat="24.42895377986133098602294921875" lon="118.11831258237361907958984375">
        <ele>7.19999980926513671875</ele>
        <time>2025-08-06T11:08:21.000Z</time>
        <extensions>
          <ns3:TrackPointExtension>
            <ns3:hr>93</ns3:hr>
            <ns3:cad>0</ns3:cad>
          </ns3:TrackPointExtension>
        </extensions>
      </trkpt>
      <trkpt lat="24.428962580859661102294921875" lon="118.11829808168113231658935546875">
        <ele>7.19999980926513671875</ele>
        <time>2025-08-06T11:08:22.000Z</time>
        <extensions>
          <ns3:TrackPointExtension>
            <ns3:hr>93</ns3:hr>
            <ns3:cad>0</ns3:cad>
          </ns3:TrackPointExtension>
        </extensions>
      </trkpt>
      <trkpt lat="24.42896802909672260284423828125" lon="118.11828617937862873077392578125">
        <ele>7.19999980926513671875</ele>
        <time>2025-08-06T11:08:23.000Z</time>
        <extensions>
          <ns3:TrackPointExtension>
            <ns3:hr>94</ns3:hr>
            <ns3:cad>0</ns3:cad>
          </ns3:TrackPointExtension>
        </extensions>
      </trkpt>
      <trkpt lat="24.42896769382059574127197265625" lon="118.11826807446777820587158203125">
        <ele>7.19999980926513671875</ele>
        <time>2025-08-06T11:08:24.000Z</time>
        <extensions>
          <ns3:TrackPointExtension>
            <ns3:hr>94</ns3:hr>
            <ns3:cad>0</ns3:cad>
          </ns3:TrackPointExtension>
        </extensions>
      </trkpt>
      <trkpt lat="24.428973309695720672607421875" lon="118.1182507239282131195068359375">
        <ele>7.19999980926513671875</ele>
        <time>2025-08-06T11:08:25.000Z</time>
        <extensions>
          <ns3:TrackPointExtension>
            <ns3:hr>94</ns3:hr>
            <ns3:cad>0</ns3:cad>
          </ns3:TrackPointExtension>
        </extensions>
      </trkpt>
      <trkpt lat="24.42898144014179706573486328125" lon="118.11822943389415740966796875">
        <ele>7.19999980926513671875</ele>
        <time>2025-08-06T11:08:26.000Z</time>
        <extensions>
          <ns3:TrackPointExtension>
            <ns3:hr>94</ns3:hr>
            <ns3:cad>0</ns3:cad>
          </ns3:TrackPointExtension>
        </extensions>
      </trkpt>
      <trkpt lat="24.42898596636950969696044921875" lon="118.11821065843105316162109375">
        <ele>7.19999980926513671875</ele>
        <time>2025-08-06T11:08:27.000Z</time>
        <extensions>
          <ns3:TrackPointExtension>
            <ns3:hr>95</ns3:hr>
            <ns3:cad>0</ns3:cad>
          </ns3:TrackPointExtension>
        </extensions>
      </trkpt>
      <trkpt lat="24.428988732397556304931640625" lon="118.1181893683969974517822265625">
        <ele>7</ele>
        <time>2025-08-06T11:08:28.000Z</time>
        <extensions>
          <ns3:TrackPointExtension>
            <ns3:hr>95</ns3:hr>
            <ns3:cad>0</ns3:cad>
          </ns3:TrackPointExtension>
        </extensions>
      </trkpt>
      <trkpt lat="24.428989402949810028076171875" lon="118.118168748915195465087890625">
        <ele>7</ele>
        <time>2025-08-06T11:08:29.000Z</time>
        <extensions>
          <ns3:TrackPointExtension>
            <ns3:hr>95</ns3:hr>
            <ns3:cad>0</ns3:cad>
          </ns3:TrackPointExtension>
        </extensions>
      </trkpt>
      <trkpt lat="24.428985379636287689208984375" lon="118.11814150772988796234130859375">
        <ele>6.80000019073486328125</ele>
        <time>2025-08-06T11:08:30.000Z</time>
        <extensions>
          <ns3:TrackPointExtension>
            <ns3:hr>95</ns3:hr>
            <ns3:cad>0</ns3:cad>
          </ns3:TrackPointExtension>
        </extensions>
      </trkpt>
      <trkpt lat="24.42898093722760677337646484375" lon="118.11811217106878757476806640625">
        <ele>6.599999904632568359375</ele>
        <time>2025-08-06T11:08:31.000Z</time>
        <extensions>
          <ns3:TrackPointExtension>
            <ns3:hr>96</ns3:hr>
            <ns3:cad>0</ns3:cad>
          </ns3:TrackPointExtension>
        </extensions>
      </trkpt>
      <trkpt lat="24.42897833883762359619140625" lon="118.11807998456060886383056640625">
        <ele>6.400000095367431640625</ele>
        <time>2025-08-06T11:08:32.000Z</time>
        <extensions>
          <ns3:TrackPointExtension>
            <ns3:hr>97</ns3:hr>
            <ns3:cad>0</ns3:cad>
          </ns3:TrackPointExtension>
        </extensions>
      </trkpt>
      <trkpt lat="24.428975321352481842041015625" lon="118.11805131845176219940185546875">
        <ele>6.19999980926513671875</ele>
        <time>2025-08-06T11:08:33.000Z</time>
        <extensions>
          <ns3:TrackPointExtension>
            <ns3:hr>98</ns3:hr>
            <ns3:cad>0</ns3:cad>
          </ns3:TrackPointExtension>
        </extensions>
      </trkpt>
      <trkpt lat="24.4289738126099109649658203125" lon="118.11802265234291553497314453125">
        <ele>6</ele>
        <time>2025-08-06T11:08:34.000Z</time>
        <extensions>
          <ns3:TrackPointExtension>
            <ns3:hr>101</ns3:hr>
            <ns3:cad>0</ns3:cad>
          </ns3:TrackPointExtension>
        </extensions>
      </trkpt>
      <trkpt lat="24.42897154949605464935302734375" lon="118.11799700371921062469482421875">
        <ele>5.80000019073486328125</ele>
        <time>2025-08-06T11:08:35.000Z</time>
        <extensions>
          <ns3:TrackPointExtension>
            <ns3:hr>103</ns3:hr>
            <ns3:cad>0</ns3:cad>
          </ns3:TrackPointExtension>
        </extensions>
      </trkpt>
      <trkpt lat="24.428970627486705780029296875" lon="118.11796884052455425262451171875">
        <ele>5.599999904632568359375</ele>
        <time>2025-08-06T11:08:36.000Z</time>
        <extensions>
          <ns3:TrackPointExtension>
            <ns3:hr>104</ns3:hr>
            <ns3:cad>0</ns3:cad>
          </ns3:TrackPointExtension>
        </extensions>
      </trkpt>
      <trkpt lat="24.42897372879087924957275390625" lon="118.11794252134859561920166015625">
        <ele>5.400000095367431640625</ele>
        <time>2025-08-06T11:08:37.000Z</time>
        <extensions>
          <ns3:TrackPointExtension>
            <ns3:hr>105</ns3:hr>
            <ns3:cad>0</ns3:cad>
          </ns3:TrackPointExtension>
        </extensions>
      </trkpt>
      <trkpt lat="24.42898043431341648101806640625" lon="118.11791821382939815521240234375">
        <ele>5.400000095367431640625</ele>
        <time>2025-08-06T11:08:38.000Z</time>
        <extensions>
          <ns3:TrackPointExtension>
            <ns3:hr>105</ns3:hr>
            <ns3:cad>0</ns3:cad>
          </ns3:TrackPointExtension>
        </extensions>
      </trkpt>
      <trkpt lat="24.428992755711078643798828125" lon="118.11789658851921558380126953125">
        <ele>5.19999980926513671875</ele>
        <time>2025-08-06T11:08:39.000Z</time>
        <extensions>
          <ns3:TrackPointExtension>
            <ns3:hr>106</ns3:hr>
            <ns3:cad>0</ns3:cad>
          </ns3:TrackPointExtension>
        </extensions>
      </trkpt>
      <trkpt lat="24.4290083460509777069091796875" lon="118.11787898652255535125732421875">
        <ele>5.19999980926513671875</ele>
        <time>2025-08-06T11:08:40.000Z</time>
        <extensions>
          <ns3:TrackPointExtension>
            <ns3:hr>106</ns3:hr>
            <ns3:cad>0</ns3:cad>
          </ns3:TrackPointExtension>
        </extensions>
      </trkpt>
      <trkpt lat="24.4290217570960521697998046875" lon="118.1178639829158782958984375">
        <ele>5.19999980926513671875</ele>
        <time>2025-08-06T11:08:41.000Z</time>
        <extensions>
          <ns3:TrackPointExtension>
            <ns3:hr>106</ns3:hr>
            <ns3:cad>0</ns3:cad>
          </ns3:TrackPointExtension>
        </extensions>
      </trkpt>
      <trkpt lat="24.42903541959822177886962890625" lon="118.1178460456430912017822265625">
        <ele>5</ele>
        <time>2025-08-06T11:08:42.000Z</time>
        <extensions>
          <ns3:TrackPointExtension>
            <ns3:hr>106</ns3:hr>
            <ns3:cad>0</ns3:cad>
          </ns3:TrackPointExtension>
        </extensions>
      </trkpt>
      <trkpt lat="24.42905100993812084197998046875" lon="118.117829449474811553955078125">
        <ele>5</ele>
        <time>2025-08-06T11:08:43.000Z</time>
        <extensions>
          <ns3:TrackPointExtension>
            <ns3:hr>105</ns3:hr>
            <ns3:cad>0</ns3:cad>
          </ns3:TrackPointExtension>
        </extensions>
      </trkpt>
      <trkpt lat="24.4290673546493053436279296875" lon="118.117815367877483367919921875">
        <ele>5</ele>
        <time>2025-08-06T11:08:44.000Z</time>
        <extensions>
          <ns3:TrackPointExtension>
            <ns3:hr>105</ns3:hr>
            <ns3:cad>0</ns3:cad>
          </ns3:TrackPointExtension>
        </extensions>
      </trkpt>
      <trkpt lat="24.42908386699855327606201171875" lon="118.11780371703207492828369140625">
        <ele>4.80000019073486328125</ele>
        <time>2025-08-06T11:08:45.000Z</time>
        <extensions>
          <ns3:TrackPointExtension>
            <ns3:hr>105</ns3:hr>
            <ns3:cad>0</ns3:cad>
          </ns3:TrackPointExtension>
        </extensions>
      </trkpt>
      <trkpt lat="24.429098702967166900634765625" lon="118.117796592414379119873046875">
        <ele>4.80000019073486328125</ele>
        <time>2025-08-06T11:08:46.000Z</time>
        <extensions>
          <ns3:TrackPointExtension>
            <ns3:hr>105</ns3:hr>
            <ns3:cad>0</ns3:cad>
          </ns3:TrackPointExtension>
        </extensions>
      </trkpt>
      <trkpt lat="24.4291132874786853790283203125" lon="118.11778779141604900360107421875">
        <ele>4.80000019073486328125</ele>
        <time>2025-08-06T11:08:47.000Z</time>
        <extensions>
          <ns3:TrackPointExtension>
            <ns3:hr>105</ns3:hr>
            <ns3:cad>0</ns3:cad>
          </ns3:TrackPointExtension>
        </extensions>
      </trkpt>
      <trkpt lat="24.42912812344729900360107421875" lon="118.1177773140370845794677734375">
        <ele>4.80000019073486328125</ele>
        <time>2025-08-06T11:08:48.000Z</time>
        <extensions>
          <ns3:TrackPointExtension>
            <ns3:hr>105</ns3:hr>
            <ns3:cad>75</ns3:cad>
          </ns3:TrackPointExtension>
        </extensions>
      </trkpt>
      <trkpt lat="24.42914471961557865142822265625" lon="118.11776809394359588623046875">
        <ele>4.80000019073486328125</ele>
        <time>2025-08-06T11:08:49.000Z</time>
        <extensions>
          <ns3:TrackPointExtension>
            <ns3:hr>105</ns3:hr>
            <ns3:cad>75</ns3:cad>
          </ns3:TrackPointExtension>
        </extensions>
      </trkpt>
      <trkpt lat="24.42916072905063629150390625" lon="118.1177568621933460235595703125">
        <ele>5</ele>
        <time>2025-08-06T11:08:50.000Z</time>
        <extensions>
          <ns3:TrackPointExtension>
            <ns3:hr>105</ns3:hr>
            <ns3:cad>75</ns3:cad>
          </ns3:TrackPointExtension>
        </extensions>
      </trkpt>
      <trkpt lat="24.4291763193905353546142578125" lon="118.1177441217005252838134765625">
        <ele>5</ele>
        <time>2025-08-06T11:08:51.000Z</time>
        <extensions>
          <ns3:TrackPointExtension>
            <ns3:hr>105</ns3:hr>
            <ns3:cad>75</ns3:cad>
          </ns3:TrackPointExtension>
        </extensions>
      </trkpt>
      <trkpt lat="24.42918746732175350189208984375" lon="118.117723502218723297119140625">
        <ele>5</ele>
        <time>2025-08-06T11:08:52.000Z</time>
        <extensions>
          <ns3:TrackPointExtension>
            <ns3:hr>104</ns3:hr>
            <ns3:cad>75</ns3:cad>
          </ns3:TrackPointExtension>
        </extensions>
      </trkpt>
      <trkpt lat="24.42920096218585968017578125" lon="118.11770497821271419525146484375">
        <ele>5</ele>
        <time>2025-08-06T11:08:53.000Z</time>
        <extensions>
          <ns3:TrackPointExtension>
            <ns3:hr>104</ns3:hr>
            <ns3:cad>75</ns3:cad>
          </ns3:TrackPointExtension>
        </extensions>
      </trkpt>
      <trkpt lat="24.4292145408689975738525390625" lon="118.117685951292514801025390625">
        <ele>5</ele>
        <time>2025-08-06T11:08:54.000Z</time>
        <extensions>
          <ns3:TrackPointExtension>
            <ns3:hr>104</ns3:hr>
            <ns3:cad>75</ns3:cad>
          </ns3:TrackPointExtension>
        </extensions>
      </trkpt>
      <trkpt lat="24.42922820337116718292236328125" lon="118.1176660023629665374755859375">
        <ele>5</ele>
        <time>2025-08-06T11:08:55.000Z</time>
        <extensions>
          <ns3:TrackPointExtension>
            <ns3:hr>105</ns3:hr>
            <ns3:cad>0</ns3:cad>
          </ns3:TrackPointExtension>
        </extensions>
      </trkpt>
      <trkpt lat="24.429238177835941314697265625" lon="118.1176458857953548431396484375">
        <ele>5</ele>
        <time>2025-08-06T11:08:56.000Z</time>
        <extensions>
          <ns3:TrackPointExtension>
            <ns3:hr>105</ns3:hr>
            <ns3:cad>0</ns3:cad>
          </ns3:TrackPointExtension>
        </extensions>
      </trkpt>
      <trkpt lat="24.42924379371106624603271484375" lon="118.11762602068483829498291015625">
        <ele>5</ele>
        <time>2025-08-06T11:08:57.000Z</time>
        <extensions>
          <ns3:TrackPointExtension>
            <ns3:hr>105</ns3:hr>
            <ns3:cad>0</ns3:cad>
          </ns3:TrackPointExtension>
        </extensions>
      </trkpt>
      <trkpt lat="24.42924798466265201568603515625" lon="118.11760523356497287750244140625">
        <ele>5</ele>
        <time>2025-08-06T11:08:58.000Z</time>
        <extensions>
          <ns3:TrackPointExtension>
            <ns3:hr>105</ns3:hr>
            <ns3:cad>0</ns3:cad>
          </ns3:TrackPointExtension>
        </extensions>
      </trkpt>
      <trkpt lat="24.4292598031461238861083984375" lon="118.11758109368383884429931640625">
        <ele>5</ele>
        <time>2025-08-06T11:08:59.000Z</time>
        <extensions>
          <ns3:TrackPointExtension>
            <ns3:hr>105</ns3:hr>
            <ns3:cad>0</ns3:cad>
          </ns3:TrackPointExtension>
        </extensions>
      </trkpt>
      <trkpt lat="24.429272711277008056640625" lon="118.11755846254527568817138671875">
        <ele>4.80000019073486328125</ele>
        <time>2025-08-06T11:09:00.000Z</time>
        <extensions>
          <ns3:TrackPointExtension>
            <ns3:hr>105</ns3:hr>
            <ns3:cad>0</ns3:cad>
          </ns3:TrackPointExtension>
        </extensions>
      </trkpt>
      <trkpt lat="24.42928754724562168121337890625" lon="118.1175367534160614013671875">
        <ele>4.80000019073486328125</ele>
        <time>2025-08-06T11:09:01.000Z</time>
        <extensions>
          <ns3:TrackPointExtension>
            <ns3:hr>105</ns3:hr>
            <ns3:cad>0</ns3:cad>
          </ns3:TrackPointExtension>
        </extensions>
      </trkpt>
      <trkpt lat="24.4293010421097278594970703125" lon="118.11751705594360828399658203125">
        <ele>4.80000019073486328125</ele>
        <time>2025-08-06T11:09:02.000Z</time>
        <extensions>
          <ns3:TrackPointExtension>
            <ns3:hr>105</ns3:hr>
            <ns3:cad>0</ns3:cad>
          </ns3:TrackPointExtension>
        </extensions>
      </trkpt>
      <trkpt lat="24.4293157942593097686767578125" lon="118.11749744229018688201904296875">
        <ele>4.80000019073486328125</ele>
        <time>2025-08-06T11:09:03.000Z</time>
        <extensions>
          <ns3:TrackPointExtension>
            <ns3:hr>105</ns3:hr>
            <ns3:cad>0</ns3:cad>
          </ns3:TrackPointExtension>
        </extensions>
      </trkpt>
      <trkpt lat="24.429332725703716278076171875" lon="118.11747699044644832611083984375">
        <ele>4.80000019073486328125</ele>
        <time>2025-08-06T11:09:04.000Z</time>
        <extensions>
          <ns3:TrackPointExtension>
            <ns3:hr>104</ns3:hr>
            <ns3:cad>0</ns3:cad>
          </ns3:TrackPointExtension>
        </extensions>
      </trkpt>
      <trkpt lat="24.4293513335287570953369140625" lon="118.117454610764980316162109375">
        <ele>4.80000019073486328125</ele>
        <time>2025-08-06T11:09:05.000Z</time>
        <extensions>
          <ns3:TrackPointExtension>
            <ns3:hr>101</ns3:hr>
            <ns3:cad>0</ns3:cad>
          </ns3:TrackPointExtension>
        </extensions>
      </trkpt>
      <trkpt lat="24.42937153391540050506591796875" lon="118.11743390746414661407470703125">
        <ele>4.80000019073486328125</ele>
        <time>2025-08-06T11:09:06.000Z</time>
        <extensions>
          <ns3:TrackPointExtension>
            <ns3:hr>98</ns3:hr>
            <ns3:cad>0</ns3:cad>
          </ns3:TrackPointExtension>
        </extensions>
      </trkpt>
      <trkpt lat="24.42939030937850475311279296875" lon="118.117413036525249481201171875">
        <ele>4.80000019073486328125</ele>
        <time>2025-08-06T11:09:07.000Z</time>
        <extensions>
          <ns3:TrackPointExtension>
            <ns3:hr>96</ns3:hr>
            <ns3:cad>0</ns3:cad>
          </ns3:TrackPointExtension>
        </extensions>
      </trkpt>
      <trkpt lat="24.4294066540896892547607421875" lon="118.11739266850054264068603515625">
        <ele>4.80000019073486328125</ele>
        <time>2025-08-06T11:09:08.000Z</time>
        <extensions>
          <ns3:TrackPointExtension>
            <ns3:hr>95</ns3:hr>
            <ns3:cad>0</ns3:cad>
          </ns3:TrackPointExtension>
        </extensions>
      </trkpt>
      <trkpt lat="24.4294224120676517486572265625" lon="118.11737422831356525421142578125">
        <ele>4.80000019073486328125</ele>
        <time>2025-08-06T11:09:09.000Z</time>
        <extensions>
          <ns3:TrackPointExtension>
            <ns3:hr>94</ns3:hr>
            <ns3:cad>0</ns3:cad>
          </ns3:TrackPointExtension>
        </extensions>
      </trkpt>
      <trkpt lat="24.429439343512058258056640625" lon="118.11735545285046100616455078125">
        <ele>4.80000019073486328125</ele>
        <time>2025-08-06T11:09:10.000Z</time>
        <extensions>
          <ns3:TrackPointExtension>
            <ns3:hr>93</ns3:hr>
            <ns3:cad>0</ns3:cad>
          </ns3:TrackPointExtension>
        </extensions>
      </trkpt>
      <trkpt lat="24.42945518530905246734619140625" lon="118.11733768321573734283447265625">
        <ele>4.80000019073486328125</ele>
        <time>2025-08-06T11:09:11.000Z</time>
        <extensions>
          <ns3:TrackPointExtension>
            <ns3:hr>93</ns3:hr>
            <ns3:cad>0</ns3:cad>
          </ns3:TrackPointExtension>
        </extensions>
      </trkpt>
      <trkpt lat="24.429470188915729522705078125" lon="118.11731555499136447906494140625">
        <ele>4.80000019073486328125</ele>
        <time>2025-08-06T11:09:12.000Z</time>
        <extensions>
          <ns3:TrackPointExtension>
            <ns3:hr>93</ns3:hr>
            <ns3:cad>0</ns3:cad>
          </ns3:TrackPointExtension>
        </extensions>
      </trkpt>
      <trkpt lat="24.4294847734272480010986328125" lon="118.11729476787149906158447265625">
        <ele>4.80000019073486328125</ele>
        <time>2025-08-06T11:09:13.000Z</time>
        <extensions>
          <ns3:TrackPointExtension>
            <ns3:hr>94</ns3:hr>
            <ns3:cad>0</ns3:cad>
          </ns3:TrackPointExtension>
        </extensions>
      </trkpt>
      <trkpt lat="24.4294995255768299102783203125" lon="118.11727263964712619781494140625">
        <ele>4.599999904632568359375</ele>
        <time>2025-08-06T11:09:14.000Z</time>
        <extensions>
          <ns3:TrackPointExtension>
            <ns3:hr>94</ns3:hr>
            <ns3:cad>0</ns3:cad>
          </ns3:TrackPointExtension>
        </extensions>
      </trkpt>
      <trkpt lat="24.42951536737382411956787109375" lon="118.1172497570514678955078125">
        <ele>4.80000019073486328125</ele>
        <time>2025-08-06T11:09:15.000Z</time>
        <extensions>
          <ns3:TrackPointExtension>
            <ns3:hr>94</ns3:hr>
            <ns3:cad>0</ns3:cad>
          </ns3:TrackPointExtension>
        </extensions>
      </trkpt>
      <trkpt lat="24.4295310415327548980712890625" lon="118.1172271259129047393798828125">
        <ele>4.80000019073486328125</ele>
        <time>2025-08-06T11:09:16.000Z</time>
        <extensions>
          <ns3:TrackPointExtension>
            <ns3:hr>94</ns3:hr>
            <ns3:cad>0</ns3:cad>
          </ns3:TrackPointExtension>
        </extensions>
      </trkpt>
      <trkpt lat="24.4295474700629711151123046875" lon="118.11720575205981731414794921875">
        <ele>4.80000019073486328125</ele>
        <time>2025-08-06T11:09:17.000Z</time>
        <extensions>
          <ns3:TrackPointExtension>
            <ns3:hr>94</ns3:hr>
            <ns3:cad>0</ns3:cad>
          </ns3:TrackPointExtension>
        </extensions>
      </trkpt>
      <trkpt lat="24.42956549115478992462158203125" lon="118.1171821989119052886962890625">
        <ele>4.80000019073486328125</ele>
        <time>2025-08-06T11:09:18.000Z</time>
        <extensions>
          <ns3:TrackPointExtension>
            <ns3:hr>93</ns3:hr>
            <ns3:cad>0</ns3:cad>
          </ns3:TrackPointExtension>
        </extensions>
      </trkpt>
      <trkpt lat="24.429581500589847564697265625" lon="118.11715881340205669403076171875">
        <ele>4.80000019073486328125</ele>
        <time>2025-08-06T11:09:19.000Z</time>
        <extensions>
          <ns3:TrackPointExtension>
            <ns3:hr>94</ns3:hr>
            <ns3:cad>0</ns3:cad>
          </ns3:TrackPointExtension>
        </extensions>
      </trkpt>
      <trkpt lat="24.42960907705128192901611328125" lon="118.11710382811725139617919921875">
        <ele>4.599999904632568359375</ele>
        <time>2025-08-06T11:09:20.000Z</time>
        <extensions>
          <ns3:TrackPointExtension>
            <ns3:hr>94</ns3:hr>
            <ns3:cad>0</ns3:cad>
          </ns3:TrackPointExtension>
        </extensions>
      </trkpt>
      <trkpt lat="24.429629780352115631103515625" lon="118.117073737084865570068359375">
        <ele>4.599999904632568359375</ele>
        <time>2025-08-06T11:09:21.000Z</time>
        <extensions>
          <ns3:TrackPointExtension>
            <ns3:hr>94</ns3:hr>
            <ns3:cad>0</ns3:cad>
          </ns3:TrackPointExtension>
        </extensions>
      </trkpt>
      <trkpt lat="24.42964377813041210174560546875" lon="118.11704549007117748260498046875">
        <ele>4.599999904632568359375</ele>
        <time>2025-08-06T11:09:22.000Z</time>
        <extensions>
          <ns3:TrackPointExtension>
            <ns3:hr>94</ns3:hr>
            <ns3:cad>0</ns3:cad>
          </ns3:TrackPointExtension>
        </extensions>
      </trkpt>
      <trkpt lat="24.42966171540319919586181640625" lon="118.1170202605426311492919921875">
        <ele>4.400000095367431640625</ele>
        <time>2025-08-06T11:09:23.000Z</time>
        <extensions>
          <ns3:TrackPointExtension>
            <ns3:hr>94</ns3:hr>
            <ns3:cad>0</ns3:cad>
          </ns3:TrackPointExtension>
        </extensions>
      </trkpt>
      <trkpt lat="24.42967705428600311279296875" lon="118.11699159443378448486328125">
        <ele>4.400000095367431640625</ele>
        <time>2025-08-06T11:09:24.000Z</time>
        <extensions>
          <ns3:TrackPointExtension>
            <ns3:hr>94</ns3:hr>
            <ns3:cad>0</ns3:cad>
          </ns3:TrackPointExtension>
        </extensions>
      </trkpt>
    </trkseg>
  </trk>
</gpx>
