<?xml version="1.0" encoding="UTF-8"?>
<gpx creator="Garmin Connect" version="1.1"
  xsi:schemaLocation="http://www.topografix.com/GPX/1/1 http://www.topografix.com/GPX/11.xsd"
  xmlns:ns3="http://www.garmin.com/xmlschemas/TrackPointExtension/v1"
  xmlns="http://www.topografix.com/GPX/1/1"
  xmlns:xsi="http://www.w3.org/2001/XMLSchema-instance" xmlns:ns2="http://www.garmin.com/xmlschemas/GpxExtensions/v3">
  <metadata>
    <link href="connect.garmin.com">
      <text>Garmin Connect</text>
    </link>
    <time>2025-08-11T12:12:29.000Z</time>
  </metadata>
  <trk>
    <name>厦门市 跑步</name>
    <type>running</type>
    <trkseg>
      <trkpt lat="24.51530389487743377685546875" lon="118.1611690856516361236572265625">
        <ele>8.80000019073486328125</ele>
        <time>2025-08-11T12:12:29.000Z</time>
        <extensions>
          <ns3:TrackPointExtension>
            <ns3:hr>91</ns3:hr>
            <ns3:cad>0</ns3:cad>
          </ns3:TrackPointExtension>
        </extensions>
      </trkpt>
      <trkpt lat="24.51529693789780139923095703125" lon="118.16119012422859668731689453125">
        <ele>8.6000003814697265625</ele>
        <time>2025-08-11T12:12:30.000Z</time>
        <extensions>
          <ns3:TrackPointExtension>
            <ns3:hr>91</ns3:hr>
            <ns3:cad>0</ns3:cad>
          </ns3:TrackPointExtension>
        </extensions>
      </trkpt>
      <trkpt lat="24.51528972946107387542724609375" lon="118.161199092864990234375">
        <ele>8.3999996185302734375</ele>
        <time>2025-08-11T12:12:31.000Z</time>
        <extensions>
          <ns3:TrackPointExtension>
            <ns3:hr>91</ns3:hr>
            <ns3:cad>0</ns3:cad>
          </ns3:TrackPointExtension>
        </extensions>
      </trkpt>
      <trkpt lat="24.5152802579104900360107421875" lon="118.16121443174779415130615234375">
        <ele>8.3999996185302734375</ele>
        <time>2025-08-11T12:12:32.000Z</time>
        <extensions>
          <ns3:TrackPointExtension>
            <ns3:hr>91</ns3:hr>
            <ns3:cad>0</ns3:cad>
          </ns3:TrackPointExtension>
        </extensions>
      </trkpt>
      <trkpt lat="24.51526659540832042694091796875" lon="118.16123102791607379913330078125">
        <ele>8.3999996185302734375</ele>
        <time>2025-08-11T12:12:33.000Z</time>
        <extensions>
          <ns3:TrackPointExtension>
            <ns3:hr>90</ns3:hr>
            <ns3:cad>0</ns3:cad>
          </ns3:TrackPointExtension>
        </extensions>
      </trkpt>
      <trkpt lat="24.51526005752384662628173828125" lon="118.1612431816756725311279296875">
        <ele>8.19999980926513671875</ele>
        <time>2025-08-11T12:12:34.000Z</time>
        <extensions>
          <ns3:TrackPointExtension>
            <ns3:hr>90</ns3:hr>
            <ns3:cad>94</ns3:cad>
          </ns3:TrackPointExtension>
        </extensions>
      </trkpt>
      <trkpt lat="24.51525368727743625640869140625" lon="118.161260448396205902099609375">
        <ele>8.19999980926513671875</ele>
        <time>2025-08-11T12:12:35.000Z</time>
        <extensions>
          <ns3:TrackPointExtension>
            <ns3:hr>90</ns3:hr>
            <ns3:cad>94</ns3:cad>
          </ns3:TrackPointExtension>
        </extensions>
      </trkpt>
      <trkpt lat="24.51524429954588413238525390625" lon="118.161283247172832489013671875">
        <ele>8.19999980926513671875</ele>
        <time>2025-08-11T12:12:36.000Z</time>
        <extensions>
          <ns3:TrackPointExtension>
            <ns3:hr>90</ns3:hr>
            <ns3:cad>92</ns3:cad>
          </ns3:TrackPointExtension>
        </extensions>
      </trkpt>
      <trkpt lat="24.51523683965206146240234375" lon="118.16129908896982669830322265625">
        <ele>8.19999980926513671875</ele>
        <time>2025-08-11T12:12:37.000Z</time>
        <extensions>
          <ns3:TrackPointExtension>
            <ns3:hr>90</ns3:hr>
            <ns3:cad>92</ns3:cad>
          </ns3:TrackPointExtension>
        </extensions>
      </trkpt>
      <trkpt lat="24.51522954739630222320556640625" lon="118.16132448613643646240234375">
        <ele>8.3999996185302734375</ele>
        <time>2025-08-11T12:12:38.000Z</time>
        <extensions>
          <ns3:TrackPointExtension>
            <ns3:hr>90</ns3:hr>
            <ns3:cad>90</ns3:cad>
          </ns3:TrackPointExtension>
        </extensions>
      </trkpt>
      <trkpt lat="24.5152336545288562774658203125" lon="118.16134418360888957977294921875">
        <ele>8.3999996185302734375</ele>
        <time>2025-08-11T12:12:39.000Z</time>
        <extensions>
          <ns3:TrackPointExtension>
            <ns3:hr>90</ns3:hr>
            <ns3:cad>90</ns3:cad>
          </ns3:TrackPointExtension>
        </extensions>
      </trkpt>
      <trkpt lat="24.51523021794855594635009765625" lon="118.16136765293776988983154296875">
        <ele>8.6000003814697265625</ele>
        <time>2025-08-11T12:12:40.000Z</time>
        <extensions>
          <ns3:TrackPointExtension>
            <ns3:hr>90</ns3:hr>
            <ns3:cad>90</ns3:cad>
          </ns3:TrackPointExtension>
        </extensions>
      </trkpt>
      <trkpt lat="24.5152319781482219696044921875" lon="118.161384165287017822265625">
        <ele>8.6000003814697265625</ele>
        <time>2025-08-11T12:12:41.000Z</time>
        <extensions>
          <ns3:TrackPointExtension>
            <ns3:hr>90</ns3:hr>
            <ns3:cad>90</ns3:cad>
          </ns3:TrackPointExtension>
        </extensions>
      </trkpt>
      <trkpt lat="24.51523424126207828521728515625" lon="118.16140486858785152435302734375">
        <ele>8.6000003814697265625</ele>
        <time>2025-08-11T12:12:42.000Z</time>
        <extensions>
          <ns3:TrackPointExtension>
            <ns3:hr>91</ns3:hr>
            <ns3:cad>90</ns3:cad>
          </ns3:TrackPointExtension>
        </extensions>
      </trkpt>
      <trkpt lat="24.515235163271427154541015625" lon="118.1614192016422748565673828125">
        <ele>8.6000003814697265625</ele>
        <time>2025-08-11T12:12:43.000Z</time>
        <extensions>
          <ns3:TrackPointExtension>
            <ns3:hr>90</ns3:hr>
            <ns3:cad>90</ns3:cad>
          </ns3:TrackPointExtension>
        </extensions>
      </trkpt>
      <trkpt lat="24.5152306370437145233154296875" lon="118.1614399887621402740478515625">
        <ele>8.6000003814697265625</ele>
        <time>2025-08-11T12:12:44.000Z</time>
        <extensions>
          <ns3:TrackPointExtension>
            <ns3:hr>90</ns3:hr>
            <ns3:cad>90</ns3:cad>
          </ns3:TrackPointExtension>
        </extensions>
      </trkpt>
      <trkpt lat="24.51522636227309703826904296875" lon="118.1614577583968639373779296875">
        <ele>8.6000003814697265625</ele>
        <time>2025-08-11T12:12:45.000Z</time>
        <extensions>
          <ns3:TrackPointExtension>
            <ns3:hr>91</ns3:hr>
            <ns3:cad>88</ns3:cad>
          </ns3:TrackPointExtension>
        </extensions>
      </trkpt>
      <trkpt lat="24.51522552408277988433837890625" lon="118.16147779114544391632080078125">
        <ele>8.6000003814697265625</ele>
        <time>2025-08-11T12:12:46.000Z</time>
        <extensions>
          <ns3:TrackPointExtension>
            <ns3:hr>92</ns3:hr>
            <ns3:cad>88</ns3:cad>
          </ns3:TrackPointExtension>
        </extensions>
      </trkpt>
      <trkpt lat="24.515224434435367584228515625" lon="118.16149572841823101043701171875">
        <ele>8.6000003814697265625</ele>
        <time>2025-08-11T12:12:47.000Z</time>
        <extensions>
          <ns3:TrackPointExtension>
            <ns3:hr>97</ns3:hr>
            <ns3:cad>88</ns3:cad>
          </ns3:TrackPointExtension>
        </extensions>
      </trkpt>
      <trkpt lat="24.515225775539875030517578125" lon="118.16151349805295467376708984375">
        <ele>8.3999996185302734375</ele>
        <time>2025-08-11T12:12:48.000Z</time>
        <extensions>
          <ns3:TrackPointExtension>
            <ns3:hr>103</ns3:hr>
            <ns3:cad>89</ns3:cad>
          </ns3:TrackPointExtension>
        </extensions>
      </trkpt>
      <trkpt lat="24.51522669754922389984130859375" lon="118.16153009422123432159423828125">
        <ele>8.3999996185302734375</ele>
        <time>2025-08-11T12:12:49.000Z</time>
        <extensions>
          <ns3:TrackPointExtension>
            <ns3:hr>106</ns3:hr>
            <ns3:cad>90</ns3:cad>
          </ns3:TrackPointExtension>
        </extensions>
      </trkpt>
      <trkpt lat="24.5152292959392070770263671875" lon="118.1615425832569599151611328125">
        <ele>8.3999996185302734375</ele>
        <time>2025-08-11T12:12:50.000Z</time>
        <extensions>
          <ns3:TrackPointExtension>
            <ns3:hr>108</ns3:hr>
            <ns3:cad>90</ns3:cad>
          </ns3:TrackPointExtension>
        </extensions>
      </trkpt>
      <trkpt lat="24.5152262784540653228759765625" lon="118.16156412474811077117919921875">
        <ele>8.3999996185302734375</ele>
        <time>2025-08-11T12:12:51.000Z</time>
        <extensions>
          <ns3:TrackPointExtension>
            <ns3:hr>109</ns3:hr>
            <ns3:cad>90</ns3:cad>
          </ns3:TrackPointExtension>
        </extensions>
      </trkpt>
      <trkpt lat="24.5152279548346996307373046875" lon="118.161576278507709503173828125">
        <ele>8.3999996185302734375</ele>
        <time>2025-08-11T12:12:52.000Z</time>
        <extensions>
          <ns3:TrackPointExtension>
            <ns3:hr>110</ns3:hr>
            <ns3:cad>88</ns3:cad>
          </ns3:TrackPointExtension>
        </extensions>
      </trkpt>
      <trkpt lat="24.5152192376554012298583984375" lon="118.161603771150112152099609375">
        <ele>8.6000003814697265625</ele>
        <time>2025-08-11T12:12:53.000Z</time>
        <extensions>
          <ns3:TrackPointExtension>
            <ns3:hr>110</ns3:hr>
            <ns3:cad>88</ns3:cad>
          </ns3:TrackPointExtension>
        </extensions>
      </trkpt>
      <trkpt lat="24.5152249373495578765869140625" lon="118.1616242229938507080078125">
        <ele>8.6000003814697265625</ele>
        <time>2025-08-11T12:12:54.000Z</time>
        <extensions>
          <ns3:TrackPointExtension>
            <ns3:hr>111</ns3:hr>
            <ns3:cad>88</ns3:cad>
          </ns3:TrackPointExtension>
        </extensions>
      </trkpt>
      <trkpt lat="24.51521672308444976806640625" lon="118.16165766678750514984130859375">
        <ele>8.6000003814697265625</ele>
        <time>2025-08-11T12:12:55.000Z</time>
        <extensions>
          <ns3:TrackPointExtension>
            <ns3:hr>113</ns3:hr>
            <ns3:cad>88</ns3:cad>
          </ns3:TrackPointExtension>
        </extensions>
      </trkpt>
      <trkpt lat="24.51522585935890674591064453125" lon="118.16167778335511684417724609375">
        <ele>8.6000003814697265625</ele>
        <time>2025-08-11T12:12:56.000Z</time>
        <extensions>
          <ns3:TrackPointExtension>
            <ns3:hr>114</ns3:hr>
            <ns3:cad>88</ns3:cad>
          </ns3:TrackPointExtension>
        </extensions>
      </trkpt>
      <trkpt lat="24.515227116644382476806640625" lon="118.16171072423458099365234375">
        <ele>8.6000003814697265625</ele>
        <time>2025-08-11T12:12:57.000Z</time>
        <extensions>
          <ns3:TrackPointExtension>
            <ns3:hr>115</ns3:hr>
            <ns3:cad>88</ns3:cad>
          </ns3:TrackPointExtension>
        </extensions>
      </trkpt>
      <trkpt lat="24.51523491181433200836181640625" lon="118.161725811660289764404296875">
        <ele>8.6000003814697265625</ele>
        <time>2025-08-11T12:12:58.000Z</time>
        <extensions>
          <ns3:TrackPointExtension>
            <ns3:hr>115</ns3:hr>
            <ns3:cad>88</ns3:cad>
          </ns3:TrackPointExtension>
        </extensions>
      </trkpt>
      <trkpt lat="24.5152306370437145233154296875" lon="118.16175573505461215972900390625">
        <ele>8.6000003814697265625</ele>
        <time>2025-08-11T12:12:59.000Z</time>
        <extensions>
          <ns3:TrackPointExtension>
            <ns3:hr>116</ns3:hr>
            <ns3:cad>88</ns3:cad>
          </ns3:TrackPointExtension>
        </extensions>
      </trkpt>
      <trkpt lat="24.515237174928188323974609375" lon="118.16176897846162319183349609375">
        <ele>8.6000003814697265625</ele>
        <time>2025-08-11T12:13:00.000Z</time>
        <extensions>
          <ns3:TrackPointExtension>
            <ns3:hr>117</ns3:hr>
            <ns3:cad>88</ns3:cad>
          </ns3:TrackPointExtension>
        </extensions>
      </trkpt>
      <trkpt lat="24.5152376778423786163330078125" lon="118.1617930345237255096435546875">
        <ele>8.6000003814697265625</ele>
        <time>2025-08-11T12:13:01.000Z</time>
        <extensions>
          <ns3:TrackPointExtension>
            <ns3:hr>119</ns3:hr>
            <ns3:cad>88</ns3:cad>
          </ns3:TrackPointExtension>
        </extensions>
      </trkpt>
      <trkpt lat="24.51524094678461551666259765625" lon="118.1618106365203857421875">
        <ele>8.6000003814697265625</ele>
        <time>2025-08-11T12:13:02.000Z</time>
        <extensions>
          <ns3:TrackPointExtension>
            <ns3:hr>121</ns3:hr>
            <ns3:cad>88</ns3:cad>
          </ns3:TrackPointExtension>
        </extensions>
      </trkpt>
      <trkpt lat="24.5152386836707592010498046875" lon="118.161831758916378021240234375">
        <ele>8.6000003814697265625</ele>
        <time>2025-08-11T12:13:03.000Z</time>
        <extensions>
          <ns3:TrackPointExtension>
            <ns3:hr>122</ns3:hr>
            <ns3:cad>90</ns3:cad>
          </ns3:TrackPointExtension>
        </extensions>
      </trkpt>
      <trkpt lat="24.5152415335178375244140625" lon="118.161849193274974822998046875">
        <ele>8.6000003814697265625</ele>
        <time>2025-08-11T12:13:04.000Z</time>
        <extensions>
          <ns3:TrackPointExtension>
            <ns3:hr>123</ns3:hr>
            <ns3:cad>90</ns3:cad>
          </ns3:TrackPointExtension>
        </extensions>
      </trkpt>
      <trkpt lat="24.51524178497493267059326171875" lon="118.16187224350869655609130859375">
        <ele>8.3999996185302734375</ele>
        <time>2025-08-11T12:13:05.000Z</time>
        <extensions>
          <ns3:TrackPointExtension>
            <ns3:hr>124</ns3:hr>
            <ns3:cad>89</ns3:cad>
          </ns3:TrackPointExtension>
        </extensions>
      </trkpt>
      <trkpt lat="24.51524781994521617889404296875" lon="118.16189286299049854278564453125">
        <ele>8.3999996185302734375</ele>
        <time>2025-08-11T12:13:06.000Z</time>
        <extensions>
          <ns3:TrackPointExtension>
            <ns3:hr>125</ns3:hr>
            <ns3:cad>89</ns3:cad>
          </ns3:TrackPointExtension>
        </extensions>
      </trkpt>
      <trkpt lat="24.5152477361261844635009765625" lon="118.16192136146128177642822265625">
        <ele>8.3999996185302734375</ele>
        <time>2025-08-11T12:13:07.000Z</time>
        <extensions>
          <ns3:TrackPointExtension>
            <ns3:hr>125</ns3:hr>
            <ns3:cad>89</ns3:cad>
          </ns3:TrackPointExtension>
        </extensions>
      </trkpt>
      <trkpt lat="24.51525335200130939483642578125" lon="118.16193762235343456268310546875">
        <ele>8.3999996185302734375</ele>
        <time>2025-08-11T12:13:08.000Z</time>
        <extensions>
          <ns3:TrackPointExtension>
            <ns3:hr>125</ns3:hr>
            <ns3:cad>89</ns3:cad>
          </ns3:TrackPointExtension>
        </extensions>
      </trkpt>
      <trkpt lat="24.5152576267719268798828125" lon="118.1619606725871562957763671875">
        <ele>8.6000003814697265625</ele>
        <time>2025-08-11T12:13:09.000Z</time>
        <extensions>
          <ns3:TrackPointExtension>
            <ns3:hr>126</ns3:hr>
            <ns3:cad>89</ns3:cad>
          </ns3:TrackPointExtension>
        </extensions>
      </trkpt>
      <trkpt lat="24.51526701450347900390625" lon="118.16197383217513561248779296875">
        <ele>8.6000003814697265625</ele>
        <time>2025-08-11T12:13:10.000Z</time>
        <extensions>
          <ns3:TrackPointExtension>
            <ns3:hr>126</ns3:hr>
            <ns3:cad>90</ns3:cad>
          </ns3:TrackPointExtension>
        </extensions>
      </trkpt>
      <trkpt lat="24.51527330093085765838623046875" lon="118.1620009057223796844482421875">
        <ele>8.80000019073486328125</ele>
        <time>2025-08-11T12:13:11.000Z</time>
        <extensions>
          <ns3:TrackPointExtension>
            <ns3:hr>126</ns3:hr>
            <ns3:cad>90</ns3:cad>
          </ns3:TrackPointExtension>
        </extensions>
      </trkpt>
      <trkpt lat="24.51527707278728485107421875" lon="118.16201976500451564788818359375">
        <ele>8.80000019073486328125</ele>
        <time>2025-08-11T12:13:12.000Z</time>
        <extensions>
          <ns3:TrackPointExtension>
            <ns3:hr>126</ns3:hr>
            <ns3:cad>90</ns3:cad>
          </ns3:TrackPointExtension>
        </extensions>
      </trkpt>
      <trkpt lat="24.5152809284627437591552734375" lon="118.16204289905726909637451171875">
        <ele>9</ele>
        <time>2025-08-11T12:13:13.000Z</time>
        <extensions>
          <ns3:TrackPointExtension>
            <ns3:hr>126</ns3:hr>
            <ns3:cad>90</ns3:cad>
          </ns3:TrackPointExtension>
        </extensions>
      </trkpt>
      <trkpt lat="24.5152849517762660980224609375" lon="118.16206418909132480621337890625">
        <ele>8.80000019073486328125</ele>
        <time>2025-08-11T12:13:14.000Z</time>
        <extensions>
          <ns3:TrackPointExtension>
            <ns3:hr>127</ns3:hr>
            <ns3:cad>91</ns3:cad>
          </ns3:TrackPointExtension>
        </extensions>
      </trkpt>
      <trkpt lat="24.51528511941432952880859375" lon="118.16208816133439540863037109375">
        <ele>8.80000019073486328125</ele>
        <time>2025-08-11T12:13:15.000Z</time>
        <extensions>
          <ns3:TrackPointExtension>
            <ns3:hr>127</ns3:hr>
            <ns3:cad>91</ns3:cad>
          </ns3:TrackPointExtension>
        </extensions>
      </trkpt>
      <trkpt lat="24.51528687961399555206298828125" lon="118.16211950965225696563720703125">
        <ele>8.80000019073486328125</ele>
        <time>2025-08-11T12:13:16.000Z</time>
        <extensions>
          <ns3:TrackPointExtension>
            <ns3:hr>127</ns3:hr>
            <ns3:cad>92</ns3:cad>
          </ns3:TrackPointExtension>
        </extensions>
      </trkpt>
      <trkpt lat="24.51528822071850299835205078125" lon="118.16215018741786479949951171875">
        <ele>8.6000003814697265625</ele>
        <time>2025-08-11T12:13:17.000Z</time>
        <extensions>
          <ns3:TrackPointExtension>
            <ns3:hr>128</ns3:hr>
            <ns3:cad>92</ns3:cad>
          </ns3:TrackPointExtension>
        </extensions>
      </trkpt>
      <trkpt lat="24.5152919925749301910400390625" lon="118.1621806137263774871826171875">
        <ele>8.6000003814697265625</ele>
        <time>2025-08-11T12:13:18.000Z</time>
        <extensions>
          <ns3:TrackPointExtension>
            <ns3:hr>128</ns3:hr>
            <ns3:cad>92</ns3:cad>
          </ns3:TrackPointExtension>
        </extensions>
      </trkpt>
      <trkpt lat="24.51529677025973796844482421875" lon="118.1622034125030040740966796875">
        <ele>8.6000003814697265625</ele>
        <time>2025-08-11T12:13:19.000Z</time>
        <extensions>
          <ns3:TrackPointExtension>
            <ns3:hr>129</ns3:hr>
            <ns3:cad>94</ns3:cad>
          </ns3:TrackPointExtension>
        </extensions>
      </trkpt>
      <trkpt lat="24.5153033919632434844970703125" lon="118.1622345931828022003173828125">
        <ele>8.6000003814697265625</ele>
        <time>2025-08-11T12:13:20.000Z</time>
        <extensions>
          <ns3:TrackPointExtension>
            <ns3:hr>130</ns3:hr>
            <ns3:cad>94</ns3:cad>
          </ns3:TrackPointExtension>
        </extensions>
      </trkpt>
      <trkpt lat="24.515312276780605316162109375" lon="118.16225747577846050262451171875">
        <ele>8.80000019073486328125</ele>
        <time>2025-08-11T12:13:21.000Z</time>
        <extensions>
          <ns3:TrackPointExtension>
            <ns3:hr>131</ns3:hr>
            <ns3:cad>94</ns3:cad>
          </ns3:TrackPointExtension>
        </extensions>
      </trkpt>
      <trkpt lat="24.5153201557695865631103515625" lon="118.16228337585926055908203125">
        <ele>8.80000019073486328125</ele>
        <time>2025-08-11T12:13:22.000Z</time>
        <extensions>
          <ns3:TrackPointExtension>
            <ns3:hr>133</ns3:hr>
            <ns3:cad>93</ns3:cad>
          </ns3:TrackPointExtension>
        </extensions>
      </trkpt>
      <trkpt lat="24.5153285376727581024169921875" lon="118.16230676136910915374755859375">
        <ele>8.80000019073486328125</ele>
        <time>2025-08-11T12:13:23.000Z</time>
        <extensions>
          <ns3:TrackPointExtension>
            <ns3:hr>134</ns3:hr>
            <ns3:cad>92</ns3:cad>
          </ns3:TrackPointExtension>
        </extensions>
      </trkpt>
      <trkpt lat="24.5153382606804370880126953125" lon="118.1623378582298755645751953125">
        <ele>8.80000019073486328125</ele>
        <time>2025-08-11T12:13:24.000Z</time>
        <extensions>
          <ns3:TrackPointExtension>
            <ns3:hr>135</ns3:hr>
            <ns3:cad>92</ns3:cad>
          </ns3:TrackPointExtension>
        </extensions>
      </trkpt>
      <trkpt lat="24.51534437946975231170654296875" lon="118.16236359067261219024658203125">
        <ele>8.80000019073486328125</ele>
        <time>2025-08-11T12:13:25.000Z</time>
        <extensions>
          <ns3:TrackPointExtension>
            <ns3:hr>136</ns3:hr>
            <ns3:cad>91</ns3:cad>
          </ns3:TrackPointExtension>
        </extensions>
      </trkpt>
      <trkpt lat="24.515348486602306365966796875" lon="118.16239695064723491668701171875">
        <ele>8.80000019073486328125</ele>
        <time>2025-08-11T12:13:26.000Z</time>
        <extensions>
          <ns3:TrackPointExtension>
            <ns3:hr>137</ns3:hr>
            <ns3:cad>91</ns3:cad>
          </ns3:TrackPointExtension>
        </extensions>
      </trkpt>
      <trkpt lat="24.515356533229351043701171875" lon="118.16242150962352752685546875">
        <ele>8.80000019073486328125</ele>
        <time>2025-08-11T12:13:27.000Z</time>
        <extensions>
          <ns3:TrackPointExtension>
            <ns3:hr>138</ns3:hr>
            <ns3:cad>91</ns3:cad>
          </ns3:TrackPointExtension>
        </extensions>
      </trkpt>
      <trkpt lat="24.51536131091415882110595703125" lon="118.16245445050299167633056640625">
        <ele>8.80000019073486328125</ele>
        <time>2025-08-11T12:13:28.000Z</time>
        <extensions>
          <ns3:TrackPointExtension>
            <ns3:hr>138</ns3:hr>
            <ns3:cad>91</ns3:cad>
          </ns3:TrackPointExtension>
        </extensions>
      </trkpt>
      <trkpt lat="24.5153664238750934600830078125" lon="118.16247926093637943267822265625">
        <ele>8.80000019073486328125</ele>
        <time>2025-08-11T12:13:29.000Z</time>
        <extensions>
          <ns3:TrackPointExtension>
            <ns3:hr>139</ns3:hr>
            <ns3:cad>90</ns3:cad>
          </ns3:TrackPointExtension>
        </extensions>
      </trkpt>
      <trkpt lat="24.5153731293976306915283203125" lon="118.1625111959874629974365234375">
        <ele>8.80000019073486328125</ele>
        <time>2025-08-11T12:13:30.000Z</time>
        <extensions>
          <ns3:TrackPointExtension>
            <ns3:hr>139</ns3:hr>
            <ns3:cad>90</ns3:cad>
          </ns3:TrackPointExtension>
        </extensions>
      </trkpt>
      <trkpt lat="24.5153825171291828155517578125" lon="118.16252837888896465301513671875">
        <ele>8.80000019073486328125</ele>
        <time>2025-08-11T12:13:31.000Z</time>
        <extensions>
          <ns3:TrackPointExtension>
            <ns3:hr>139</ns3:hr>
            <ns3:cad>90</ns3:cad>
          </ns3:TrackPointExtension>
        </extensions>
      </trkpt>
      <trkpt lat="24.51539467088878154754638671875" lon="118.1625604815781116485595703125">
        <ele>8.80000019073486328125</ele>
        <time>2025-08-11T12:13:32.000Z</time>
        <extensions>
          <ns3:TrackPointExtension>
            <ns3:hr>140</ns3:hr>
            <ns3:cad>89</ns3:cad>
          </ns3:TrackPointExtension>
        </extensions>
      </trkpt>
      <trkpt lat="24.51540171168744564056396484375" lon="118.1625782512128353118896484375">
        <ele>8.80000019073486328125</ele>
        <time>2025-08-11T12:13:33.000Z</time>
        <extensions>
          <ns3:TrackPointExtension>
            <ns3:hr>140</ns3:hr>
            <ns3:cad>89</ns3:cad>
          </ns3:TrackPointExtension>
        </extensions>
      </trkpt>
      <trkpt lat="24.51540992595255374908447265625" lon="118.1626124493777751922607421875">
        <ele>8.80000019073486328125</ele>
        <time>2025-08-11T12:13:34.000Z</time>
        <extensions>
          <ns3:TrackPointExtension>
            <ns3:hr>140</ns3:hr>
            <ns3:cad>89</ns3:cad>
          </ns3:TrackPointExtension>
        </extensions>
      </trkpt>
      <trkpt lat="24.5154170505702495574951171875" lon="118.16263206303119659423828125">
        <ele>8.80000019073486328125</ele>
        <time>2025-08-11T12:13:35.000Z</time>
        <extensions>
          <ns3:TrackPointExtension>
            <ns3:hr>141</ns3:hr>
            <ns3:cad>89</ns3:cad>
          </ns3:TrackPointExtension>
        </extensions>
      </trkpt>
      <trkpt lat="24.5154247619211673736572265625" lon="118.1626600585877895355224609375">
        <ele>8.80000019073486328125</ele>
        <time>2025-08-11T12:13:36.000Z</time>
        <extensions>
          <ns3:TrackPointExtension>
            <ns3:hr>141</ns3:hr>
            <ns3:cad>90</ns3:cad>
          </ns3:TrackPointExtension>
        </extensions>
      </trkpt>
      <trkpt lat="24.51543691568076610565185546875" lon="118.16268411464989185333251953125">
        <ele>8.6000003814697265625</ele>
        <time>2025-08-11T12:13:37.000Z</time>
        <extensions>
          <ns3:TrackPointExtension>
            <ns3:hr>141</ns3:hr>
            <ns3:cad>90</ns3:cad>
          </ns3:TrackPointExtension>
        </extensions>
      </trkpt>
      <trkpt lat="24.51544445939362049102783203125" lon="118.1627106852829456329345703125">
        <ele>8.6000003814697265625</ele>
        <time>2025-08-11T12:13:38.000Z</time>
        <extensions>
          <ns3:TrackPointExtension>
            <ns3:hr>141</ns3:hr>
            <ns3:cad>90</ns3:cad>
          </ns3:TrackPointExtension>
        </extensions>
      </trkpt>
      <trkpt lat="24.51545569114387035369873046875" lon="118.16273055039346218109130859375">
        <ele>8.6000003814697265625</ele>
        <time>2025-08-11T12:13:39.000Z</time>
        <extensions>
          <ns3:TrackPointExtension>
            <ns3:hr>141</ns3:hr>
            <ns3:cad>90</ns3:cad>
          </ns3:TrackPointExtension>
        </extensions>
      </trkpt>
      <trkpt lat="24.51546424068510532379150390625" lon="118.1627613119781017303466796875">
        <ele>8.6000003814697265625</ele>
        <time>2025-08-11T12:13:40.000Z</time>
        <extensions>
          <ns3:TrackPointExtension>
            <ns3:hr>141</ns3:hr>
            <ns3:cad>90</ns3:cad>
          </ns3:TrackPointExtension>
        </extensions>
      </trkpt>
      <trkpt lat="24.51547530479729175567626953125" lon="118.162784613668918609619140625">
        <ele>8.6000003814697265625</ele>
        <time>2025-08-11T12:13:41.000Z</time>
        <extensions>
          <ns3:TrackPointExtension>
            <ns3:hr>142</ns3:hr>
            <ns3:cad>90</ns3:cad>
          </ns3:TrackPointExtension>
        </extensions>
      </trkpt>
      <trkpt lat="24.51548385433852672576904296875" lon="118.16281001083552837371826171875">
        <ele>8.6000003814697265625</ele>
        <time>2025-08-11T12:13:42.000Z</time>
        <extensions>
          <ns3:TrackPointExtension>
            <ns3:hr>142</ns3:hr>
            <ns3:cad>90</ns3:cad>
          </ns3:TrackPointExtension>
        </extensions>
      </trkpt>
      <trkpt lat="24.51549441553652286529541015625" lon="118.1628327257931232452392578125">
        <ele>8.6000003814697265625</ele>
        <time>2025-08-11T12:13:43.000Z</time>
        <extensions>
          <ns3:TrackPointExtension>
            <ns3:hr>142</ns3:hr>
            <ns3:cad>90</ns3:cad>
          </ns3:TrackPointExtension>
        </extensions>
      </trkpt>
      <trkpt lat="24.51550246216356754302978515625" lon="118.162859044969081878662109375">
        <ele>8.6000003814697265625</ele>
        <time>2025-08-11T12:13:44.000Z</time>
        <extensions>
          <ns3:TrackPointExtension>
            <ns3:hr>142</ns3:hr>
            <ns3:cad>90</ns3:cad>
          </ns3:TrackPointExtension>
        </extensions>
      </trkpt>
      <trkpt lat="24.5155159570276737213134765625" lon="118.16288008354604244232177734375">
        <ele>8.80000019073486328125</ele>
        <time>2025-08-11T12:13:45.000Z</time>
        <extensions>
          <ns3:TrackPointExtension>
            <ns3:hr>142</ns3:hr>
            <ns3:cad>90</ns3:cad>
          </ns3:TrackPointExtension>
        </extensions>
      </trkpt>
      <trkpt lat="24.5155226625502109527587890625" lon="118.1629051454365253448486328125">
        <ele>8.80000019073486328125</ele>
        <time>2025-08-11T12:13:46.000Z</time>
        <extensions>
          <ns3:TrackPointExtension>
            <ns3:hr>142</ns3:hr>
            <ns3:cad>90</ns3:cad>
          </ns3:TrackPointExtension>
        </extensions>
      </trkpt>
      <trkpt lat="24.5155300386250019073486328125" lon="118.16292266361415386199951171875">
        <ele>8.80000019073486328125</ele>
        <time>2025-08-11T12:13:47.000Z</time>
        <extensions>
          <ns3:TrackPointExtension>
            <ns3:hr>142</ns3:hr>
            <ns3:cad>90</ns3:cad>
          </ns3:TrackPointExtension>
        </extensions>
      </trkpt>
      <trkpt lat="24.51554118655622005462646484375" lon="118.16295267082750797271728515625">
        <ele>9</ele>
        <time>2025-08-11T12:13:48.000Z</time>
        <extensions>
          <ns3:TrackPointExtension>
            <ns3:hr>142</ns3:hr>
            <ns3:cad>90</ns3:cad>
          </ns3:TrackPointExtension>
        </extensions>
      </trkpt>
      <trkpt lat="24.51554973609745502471923828125" lon="118.1629678420722484588623046875">
        <ele>9</ele>
        <time>2025-08-11T12:13:49.000Z</time>
        <extensions>
          <ns3:TrackPointExtension>
            <ns3:hr>142</ns3:hr>
            <ns3:cad>90</ns3:cad>
          </ns3:TrackPointExtension>
        </extensions>
      </trkpt>
      <trkpt lat="24.51556046493351459503173828125" lon="118.16299726255238056182861328125">
        <ele>8.80000019073486328125</ele>
        <time>2025-08-11T12:13:50.000Z</time>
        <extensions>
          <ns3:TrackPointExtension>
            <ns3:hr>142</ns3:hr>
            <ns3:cad>90</ns3:cad>
          </ns3:TrackPointExtension>
        </extensions>
      </trkpt>
      <trkpt lat="24.5155685953795909881591796875" lon="118.1630100868642330169677734375">
        <ele>8.80000019073486328125</ele>
        <time>2025-08-11T12:13:51.000Z</time>
        <extensions>
          <ns3:TrackPointExtension>
            <ns3:hr>142</ns3:hr>
            <ns3:cad>90</ns3:cad>
          </ns3:TrackPointExtension>
        </extensions>
      </trkpt>
      <trkpt lat="24.51557748019695281982421875" lon="118.16303866915404796600341796875">
        <ele>8.80000019073486328125</ele>
        <time>2025-08-11T12:13:52.000Z</time>
        <extensions>
          <ns3:TrackPointExtension>
            <ns3:hr>142</ns3:hr>
            <ns3:cad>90</ns3:cad>
          </ns3:TrackPointExtension>
        </extensions>
      </trkpt>
      <trkpt lat="24.51558913104236125946044921875" lon="118.16304738633334636688232421875">
        <ele>8.80000019073486328125</ele>
        <time>2025-08-11T12:13:53.000Z</time>
        <extensions>
          <ns3:TrackPointExtension>
            <ns3:hr>141</ns3:hr>
            <ns3:cad>88</ns3:cad>
          </ns3:TrackPointExtension>
        </extensions>
      </trkpt>
      <trkpt lat="24.5155991055071353912353515625" lon="118.16307571716606616973876953125">
        <ele>8.80000019073486328125</ele>
        <time>2025-08-11T12:13:54.000Z</time>
        <extensions>
          <ns3:TrackPointExtension>
            <ns3:hr>141</ns3:hr>
            <ns3:cad>88</ns3:cad>
          </ns3:TrackPointExtension>
        </extensions>
      </trkpt>
      <trkpt lat="24.51561159454286098480224609375" lon="118.16308812238276004791259765625">
        <ele>8.80000019073486328125</ele>
        <time>2025-08-11T12:13:55.000Z</time>
        <extensions>
          <ns3:TrackPointExtension>
            <ns3:hr>141</ns3:hr>
            <ns3:cad>88</ns3:cad>
          </ns3:TrackPointExtension>
        </extensions>
      </trkpt>
      <trkpt lat="24.51562307775020599365234375" lon="118.16311645321547985076904296875">
        <ele>8.80000019073486328125</ele>
        <time>2025-08-11T12:13:56.000Z</time>
        <extensions>
          <ns3:TrackPointExtension>
            <ns3:hr>141</ns3:hr>
            <ns3:cad>89</ns3:cad>
          </ns3:TrackPointExtension>
        </extensions>
      </trkpt>
      <trkpt lat="24.515632130205631256103515625" lon="118.163128606975078582763671875">
        <ele>8.80000019073486328125</ele>
        <time>2025-08-11T12:13:57.000Z</time>
        <extensions>
          <ns3:TrackPointExtension>
            <ns3:hr>141</ns3:hr>
            <ns3:cad>89</ns3:cad>
          </ns3:TrackPointExtension>
        </extensions>
      </trkpt>
      <trkpt lat="24.51564596034586429595947265625" lon="118.16315685398876667022705078125">
        <ele>8.80000019073486328125</ele>
        <time>2025-08-11T12:13:58.000Z</time>
        <extensions>
          <ns3:TrackPointExtension>
            <ns3:hr>141</ns3:hr>
            <ns3:cad>89</ns3:cad>
          </ns3:TrackPointExtension>
        </extensions>
      </trkpt>
      <trkpt lat="24.51565601862967014312744140625" lon="118.1631696783006191253662109375">
        <ele>8.80000019073486328125</ele>
        <time>2025-08-11T12:13:59.000Z</time>
        <extensions>
          <ns3:TrackPointExtension>
            <ns3:hr>142</ns3:hr>
            <ns3:cad>89</ns3:cad>
          </ns3:TrackPointExtension>
        </extensions>
      </trkpt>
      <trkpt lat="24.51566909439861774444580078125" lon="118.1632015295326709747314453125">
        <ele>9</ele>
        <time>2025-08-11T12:14:00.000Z</time>
        <extensions>
          <ns3:TrackPointExtension>
            <ns3:hr>142</ns3:hr>
            <ns3:cad>89</ns3:cad>
          </ns3:TrackPointExtension>
        </extensions>
      </trkpt>
      <trkpt lat="24.5156785659492015838623046875" lon="118.163216449320316314697265625">
        <ele>9</ele>
        <time>2025-08-11T12:14:01.000Z</time>
        <extensions>
          <ns3:TrackPointExtension>
            <ns3:hr>142</ns3:hr>
            <ns3:cad>89</ns3:cad>
          </ns3:TrackPointExtension>
        </extensions>
      </trkpt>
      <trkpt lat="24.51568988151848316192626953125" lon="118.16324553452432155609130859375">
        <ele>8.80000019073486328125</ele>
        <time>2025-08-11T12:14:02.000Z</time>
        <extensions>
          <ns3:TrackPointExtension>
            <ns3:hr>142</ns3:hr>
            <ns3:cad>89</ns3:cad>
          </ns3:TrackPointExtension>
        </extensions>
      </trkpt>
      <trkpt lat="24.51569843105971813201904296875" lon="118.16326430998742580413818359375">
        <ele>8.80000019073486328125</ele>
        <time>2025-08-11T12:14:03.000Z</time>
        <extensions>
          <ns3:TrackPointExtension>
            <ns3:hr>142</ns3:hr>
            <ns3:cad>89</ns3:cad>
          </ns3:TrackPointExtension>
        </extensions>
      </trkpt>
      <trkpt lat="24.515711255371570587158203125" lon="118.16328710876405239105224609375">
        <ele>8.80000019073486328125</ele>
        <time>2025-08-11T12:14:04.000Z</time>
        <extensions>
          <ns3:TrackPointExtension>
            <ns3:hr>142</ns3:hr>
            <ns3:cad>88</ns3:cad>
          </ns3:TrackPointExtension>
        </extensions>
      </trkpt>
      <trkpt lat="24.5157228223979473114013671875" lon="118.16330873407423496246337890625">
        <ele>8.80000019073486328125</ele>
        <time>2025-08-11T12:14:05.000Z</time>
        <extensions>
          <ns3:TrackPointExtension>
            <ns3:hr>142</ns3:hr>
            <ns3:cad>88</ns3:cad>
          </ns3:TrackPointExtension>
        </extensions>
      </trkpt>
      <trkpt lat="24.5157369039952754974365234375" lon="118.16333019174635410308837890625">
        <ele>8.80000019073486328125</ele>
        <time>2025-08-11T12:14:06.000Z</time>
        <extensions>
          <ns3:TrackPointExtension>
            <ns3:hr>142</ns3:hr>
            <ns3:cad>88</ns3:cad>
          </ns3:TrackPointExtension>
        </extensions>
      </trkpt>
      <trkpt lat="24.51575048267841339111328125" lon="118.1633596122264862060546875">
        <ele>8.80000019073486328125</ele>
        <time>2025-08-11T12:14:07.000Z</time>
        <extensions>
          <ns3:TrackPointExtension>
            <ns3:hr>142</ns3:hr>
            <ns3:cad>88</ns3:cad>
          </ns3:TrackPointExtension>
        </extensions>
      </trkpt>
      <trkpt lat="24.51576062478125095367431640625" lon="118.16337595693767070770263671875">
        <ele>8.80000019073486328125</ele>
        <time>2025-08-11T12:14:08.000Z</time>
        <extensions>
          <ns3:TrackPointExtension>
            <ns3:hr>142</ns3:hr>
            <ns3:cad>88</ns3:cad>
          </ns3:TrackPointExtension>
        </extensions>
      </trkpt>
      <trkpt lat="24.51577051542699337005615234375" lon="118.16340847872197628021240234375">
        <ele>9</ele>
        <time>2025-08-11T12:14:09.000Z</time>
        <extensions>
          <ns3:TrackPointExtension>
            <ns3:hr>142</ns3:hr>
            <ns3:cad>88</ns3:cad>
          </ns3:TrackPointExtension>
        </extensions>
      </trkpt>
      <trkpt lat="24.51578157953917980194091796875" lon="118.163425661623477935791015625">
        <ele>8.80000019073486328125</ele>
        <time>2025-08-11T12:14:10.000Z</time>
        <extensions>
          <ns3:TrackPointExtension>
            <ns3:hr>143</ns3:hr>
            <ns3:cad>88</ns3:cad>
          </ns3:TrackPointExtension>
        </extensions>
      </trkpt>
      <trkpt lat="24.5157935656607151031494140625" lon="118.1634523160755634307861328125">
        <ele>8.80000019073486328125</ele>
        <time>2025-08-11T12:14:11.000Z</time>
        <extensions>
          <ns3:TrackPointExtension>
            <ns3:hr>143</ns3:hr>
            <ns3:cad>89</ns3:cad>
          </ns3:TrackPointExtension>
        </extensions>
      </trkpt>
      <trkpt lat="24.5157999359071254730224609375" lon="118.16347218118607997894287109375">
        <ele>8.80000019073486328125</ele>
        <time>2025-08-11T12:14:12.000Z</time>
        <extensions>
          <ns3:TrackPointExtension>
            <ns3:hr>144</ns3:hr>
            <ns3:cad>89</ns3:cad>
          </ns3:TrackPointExtension>
        </extensions>
      </trkpt>
      <trkpt lat="24.5158089883625507354736328125" lon="118.16349280066788196563720703125">
        <ele>8.80000019073486328125</ele>
        <time>2025-08-11T12:14:13.000Z</time>
        <extensions>
          <ns3:TrackPointExtension>
            <ns3:hr>144</ns3:hr>
            <ns3:cad>89</ns3:cad>
          </ns3:TrackPointExtension>
        </extensions>
      </trkpt>
      <trkpt lat="24.51581795699894428253173828125" lon="118.163510151207447052001953125">
        <ele>8.80000019073486328125</ele>
        <time>2025-08-11T12:14:14.000Z</time>
        <extensions>
          <ns3:TrackPointExtension>
            <ns3:hr>145</ns3:hr>
            <ns3:cad>89</ns3:cad>
          </ns3:TrackPointExtension>
        </extensions>
      </trkpt>
      <trkpt lat="24.51583203859627246856689453125" lon="118.163530938327312469482421875">
        <ele>8.80000019073486328125</ele>
        <time>2025-08-11T12:14:15.000Z</time>
        <extensions>
          <ns3:TrackPointExtension>
            <ns3:hr>145</ns3:hr>
            <ns3:cad>89</ns3:cad>
          </ns3:TrackPointExtension>
        </extensions>
      </trkpt>
      <trkpt lat="24.515842013061046600341796875" lon="118.16354711540043354034423828125">
        <ele>8.80000019073486328125</ele>
        <time>2025-08-11T12:14:16.000Z</time>
        <extensions>
          <ns3:TrackPointExtension>
            <ns3:hr>145</ns3:hr>
            <ns3:cad>89</ns3:cad>
          </ns3:TrackPointExtension>
        </extensions>
      </trkpt>
      <trkpt lat="24.51585399918258190155029296875" lon="118.16356890834867954254150390625">
        <ele>8.80000019073486328125</ele>
        <time>2025-08-11T12:14:17.000Z</time>
        <extensions>
          <ns3:TrackPointExtension>
            <ns3:hr>146</ns3:hr>
            <ns3:cad>89</ns3:cad>
          </ns3:TrackPointExtension>
        </extensions>
      </trkpt>
      <trkpt lat="24.51586581766605377197265625" lon="118.16358617506921291351318359375">
        <ele>8.6000003814697265625</ele>
        <time>2025-08-11T12:14:18.000Z</time>
        <extensions>
          <ns3:TrackPointExtension>
            <ns3:hr>146</ns3:hr>
            <ns3:cad>88</ns3:cad>
          </ns3:TrackPointExtension>
        </extensions>
      </trkpt>
      <trkpt lat="24.51588048599660396575927734375" lon="118.1636055372655391693115234375">
        <ele>8.6000003814697265625</ele>
        <time>2025-08-11T12:14:19.000Z</time>
        <extensions>
          <ns3:TrackPointExtension>
            <ns3:hr>146</ns3:hr>
            <ns3:cad>88</ns3:cad>
          </ns3:TrackPointExtension>
        </extensions>
      </trkpt>
      <trkpt lat="24.51589490287005901336669921875" lon="118.16362054087221622467041015625">
        <ele>8.6000003814697265625</ele>
        <time>2025-08-11T12:14:20.000Z</time>
        <extensions>
          <ns3:TrackPointExtension>
            <ns3:hr>147</ns3:hr>
            <ns3:cad>89</ns3:cad>
          </ns3:TrackPointExtension>
        </extensions>
      </trkpt>
      <trkpt lat="24.51590814627707004547119140625" lon="118.1636347062885761260986328125">
        <ele>8.6000003814697265625</ele>
        <time>2025-08-11T12:14:21.000Z</time>
        <extensions>
          <ns3:TrackPointExtension>
            <ns3:hr>147</ns3:hr>
            <ns3:cad>89</ns3:cad>
          </ns3:TrackPointExtension>
        </extensions>
      </trkpt>
      <trkpt lat="24.51592105440795421600341796875" lon="118.163658678531646728515625">
        <ele>8.6000003814697265625</ele>
        <time>2025-08-11T12:14:22.000Z</time>
        <extensions>
          <ns3:TrackPointExtension>
            <ns3:hr>147</ns3:hr>
            <ns3:cad>90</ns3:cad>
          </ns3:TrackPointExtension>
        </extensions>
      </trkpt>
      <trkpt lat="24.51593580655753612518310546875" lon="118.1636917032301425933837890625">
        <ele>8.6000003814697265625</ele>
        <time>2025-08-11T12:14:23.000Z</time>
        <extensions>
          <ns3:TrackPointExtension>
            <ns3:hr>146</ns3:hr>
            <ns3:cad>90</ns3:cad>
          </ns3:TrackPointExtension>
        </extensions>
      </trkpt>
      <trkpt lat="24.51594703830778598785400390625" lon="118.16371223889291286468505859375">
        <ele>8.6000003814697265625</ele>
        <time>2025-08-11T12:14:24.000Z</time>
        <extensions>
          <ns3:TrackPointExtension>
            <ns3:hr>146</ns3:hr>
            <ns3:cad>91</ns3:cad>
          </ns3:TrackPointExtension>
        </extensions>
      </trkpt>
      <trkpt lat="24.515957348048686981201171875" lon="118.1637446768581867218017578125">
        <ele>8.6000003814697265625</ele>
        <time>2025-08-11T12:14:25.000Z</time>
        <extensions>
          <ns3:TrackPointExtension>
            <ns3:hr>146</ns3:hr>
            <ns3:cad>91</ns3:cad>
          </ns3:TrackPointExtension>
        </extensions>
      </trkpt>
      <trkpt lat="24.515972770750522613525390625" lon="118.16376185975968837738037109375">
        <ele>8.6000003814697265625</ele>
        <time>2025-08-11T12:14:26.000Z</time>
        <extensions>
          <ns3:TrackPointExtension>
            <ns3:hr>146</ns3:hr>
            <ns3:cad>91</ns3:cad>
          </ns3:TrackPointExtension>
        </extensions>
      </trkpt>
      <trkpt lat="24.5159873552620410919189453125" lon="118.16378683783113956451416015625">
        <ele>8.6000003814697265625</ele>
        <time>2025-08-11T12:14:27.000Z</time>
        <extensions>
          <ns3:TrackPointExtension>
            <ns3:hr>145</ns3:hr>
            <ns3:cad>91</ns3:cad>
          </ns3:TrackPointExtension>
        </extensions>
      </trkpt>
      <trkpt lat="24.51599724590778350830078125" lon="118.16380687057971954345703125">
        <ele>8.6000003814697265625</ele>
        <time>2025-08-11T12:14:28.000Z</time>
        <extensions>
          <ns3:TrackPointExtension>
            <ns3:hr>146</ns3:hr>
            <ns3:cad>90</ns3:cad>
          </ns3:TrackPointExtension>
        </extensions>
      </trkpt>
      <trkpt lat="24.51600872911512851715087890625" lon="118.16383905708789825439453125">
        <ele>8.6000003814697265625</ele>
        <time>2025-08-11T12:14:29.000Z</time>
        <extensions>
          <ns3:TrackPointExtension>
            <ns3:hr>146</ns3:hr>
            <ns3:cad>90</ns3:cad>
          </ns3:TrackPointExtension>
        </extensions>
      </trkpt>
      <trkpt lat="24.5160178653895854949951171875" lon="118.1638626940548419952392578125">
        <ele>8.6000003814697265625</ele>
        <time>2025-08-11T12:14:30.000Z</time>
        <extensions>
          <ns3:TrackPointExtension>
            <ns3:hr>146</ns3:hr>
            <ns3:cad>90</ns3:cad>
          </ns3:TrackPointExtension>
        </extensions>
      </trkpt>
      <trkpt lat="24.5160327851772308349609375" lon="118.16389228217303752899169921875">
        <ele>8.6000003814697265625</ele>
        <time>2025-08-11T12:14:31.000Z</time>
        <extensions>
          <ns3:TrackPointExtension>
            <ns3:hr>147</ns3:hr>
            <ns3:cad>90</ns3:cad>
          </ns3:TrackPointExtension>
        </extensions>
      </trkpt>
      <trkpt lat="24.516047537326812744140625" lon="118.163913153111934661865234375">
        <ele>8.80000019073486328125</ele>
        <time>2025-08-11T12:14:32.000Z</time>
        <extensions>
          <ns3:TrackPointExtension>
            <ns3:hr>147</ns3:hr>
            <ns3:cad>90</ns3:cad>
          </ns3:TrackPointExtension>
        </extensions>
      </trkpt>
      <trkpt lat="24.51606296002864837646484375" lon="118.16394140012562274932861328125">
        <ele>8.80000019073486328125</ele>
        <time>2025-08-11T12:14:33.000Z</time>
        <extensions>
          <ns3:TrackPointExtension>
            <ns3:hr>147</ns3:hr>
            <ns3:cad>89</ns3:cad>
          </ns3:TrackPointExtension>
        </extensions>
      </trkpt>
      <trkpt lat="24.5160788856446743011474609375" lon="118.16396738402545452117919921875">
        <ele>8.80000019073486328125</ele>
        <time>2025-08-11T12:14:34.000Z</time>
        <extensions>
          <ns3:TrackPointExtension>
            <ns3:hr>147</ns3:hr>
            <ns3:cad>89</ns3:cad>
          </ns3:TrackPointExtension>
        </extensions>
      </trkpt>
      <trkpt lat="24.5160902850329875946044921875" lon="118.1639961339533329010009765625">
        <ele>8.80000019073486328125</ele>
        <time>2025-08-11T12:14:35.000Z</time>
        <extensions>
          <ns3:TrackPointExtension>
            <ns3:hr>148</ns3:hr>
            <ns3:cad>89</ns3:cad>
          </ns3:TrackPointExtension>
        </extensions>
      </trkpt>
      <trkpt lat="24.5161036960780620574951171875" lon="118.16401784308254718780517578125">
        <ele>8.80000019073486328125</ele>
        <time>2025-08-11T12:14:36.000Z</time>
        <extensions>
          <ns3:TrackPointExtension>
            <ns3:hr>148</ns3:hr>
            <ns3:cad>90</ns3:cad>
          </ns3:TrackPointExtension>
        </extensions>
      </trkpt>
      <trkpt lat="24.5161171071231365203857421875" lon="118.16404868848621845245361328125">
        <ele>8.80000019073486328125</ele>
        <time>2025-08-11T12:14:37.000Z</time>
        <extensions>
          <ns3:TrackPointExtension>
            <ns3:hr>148</ns3:hr>
            <ns3:cad>90</ns3:cad>
          </ns3:TrackPointExtension>
        </extensions>
      </trkpt>
      <trkpt lat="24.51613345183432102203369140625" lon="118.16406629048287868499755859375">
        <ele>8.80000019073486328125</ele>
        <time>2025-08-11T12:14:38.000Z</time>
        <extensions>
          <ns3:TrackPointExtension>
            <ns3:hr>148</ns3:hr>
            <ns3:cad>90</ns3:cad>
          </ns3:TrackPointExtension>
        </extensions>
      </trkpt>
      <trkpt lat="24.51614418067038059234619140625" lon="118.16409386694431304931640625">
        <ele>8.6000003814697265625</ele>
        <time>2025-08-11T12:14:39.000Z</time>
        <extensions>
          <ns3:TrackPointExtension>
            <ns3:hr>148</ns3:hr>
            <ns3:cad>90</ns3:cad>
          </ns3:TrackPointExtension>
        </extensions>
      </trkpt>
      <trkpt lat="24.51615809462964534759521484375" lon="118.16410702653229236602783203125">
        <ele>8.6000003814697265625</ele>
        <time>2025-08-11T12:14:40.000Z</time>
        <extensions>
          <ns3:TrackPointExtension>
            <ns3:hr>148</ns3:hr>
            <ns3:cad>90</ns3:cad>
          </ns3:TrackPointExtension>
        </extensions>
      </trkpt>
      <trkpt lat="24.51617427170276641845703125" lon="118.16413250751793384552001953125">
        <ele>8.6000003814697265625</ele>
        <time>2025-08-11T12:14:41.000Z</time>
        <extensions>
          <ns3:TrackPointExtension>
            <ns3:hr>148</ns3:hr>
            <ns3:cad>91</ns3:cad>
          </ns3:TrackPointExtension>
        </extensions>
      </trkpt>
      <trkpt lat="24.51618826948106288909912109375" lon="118.16415555775165557861328125">
        <ele>8.6000003814697265625</ele>
        <time>2025-08-11T12:14:42.000Z</time>
        <extensions>
          <ns3:TrackPointExtension>
            <ns3:hr>149</ns3:hr>
            <ns3:cad>92</ns3:cad>
          </ns3:TrackPointExtension>
        </extensions>
      </trkpt>
      <trkpt lat="24.51620100997388362884521484375" lon="118.1641805358231067657470703125">
        <ele>8.6000003814697265625</ele>
        <time>2025-08-11T12:14:43.000Z</time>
        <extensions>
          <ns3:TrackPointExtension>
            <ns3:hr>149</ns3:hr>
            <ns3:cad>92</ns3:cad>
          </ns3:TrackPointExtension>
        </extensions>
      </trkpt>
      <trkpt lat="24.5162160135805606842041015625" lon="118.16420643590390682220458984375">
        <ele>8.6000003814697265625</ele>
        <time>2025-08-11T12:14:44.000Z</time>
        <extensions>
          <ns3:TrackPointExtension>
            <ns3:hr>149</ns3:hr>
            <ns3:cad>92</ns3:cad>
          </ns3:TrackPointExtension>
        </extensions>
      </trkpt>
      <trkpt lat="24.5162284187972545623779296875" lon="118.16422906704246997833251953125">
        <ele>8.6000003814697265625</ele>
        <time>2025-08-11T12:14:45.000Z</time>
        <extensions>
          <ns3:TrackPointExtension>
            <ns3:hr>149</ns3:hr>
            <ns3:cad>92</ns3:cad>
          </ns3:TrackPointExtension>
        </extensions>
      </trkpt>
      <trkpt lat="24.51624275185167789459228515625" lon="118.16425479948520660400390625">
        <ele>8.6000003814697265625</ele>
        <time>2025-08-11T12:14:46.000Z</time>
        <extensions>
          <ns3:TrackPointExtension>
            <ns3:hr>150</ns3:hr>
            <ns3:cad>92</ns3:cad>
          </ns3:TrackPointExtension>
        </extensions>
      </trkpt>
      <trkpt lat="24.51625465415418148040771484375" lon="118.1642764247953891754150390625">
        <ele>8.6000003814697265625</ele>
        <time>2025-08-11T12:14:47.000Z</time>
        <extensions>
          <ns3:TrackPointExtension>
            <ns3:hr>150</ns3:hr>
            <ns3:cad>92</ns3:cad>
          </ns3:TrackPointExtension>
        </extensions>
      </trkpt>
      <trkpt lat="24.51626974157989025115966796875" lon="118.164308108389377593994140625">
        <ele>8.6000003814697265625</ele>
        <time>2025-08-11T12:14:48.000Z</time>
        <extensions>
          <ns3:TrackPointExtension>
            <ns3:hr>150</ns3:hr>
            <ns3:cad>92</ns3:cad>
          </ns3:TrackPointExtension>
        </extensions>
      </trkpt>
      <trkpt lat="24.5162877626717090606689453125" lon="118.16432596184313297271728515625">
        <ele>8.6000003814697265625</ele>
        <time>2025-08-11T12:14:49.000Z</time>
        <extensions>
          <ns3:TrackPointExtension>
            <ns3:hr>150</ns3:hr>
            <ns3:cad>91</ns3:cad>
          </ns3:TrackPointExtension>
        </extensions>
      </trkpt>
      <trkpt lat="24.5163112320005893707275390625" lon="118.1643538735806941986083984375">
        <ele>8.6000003814697265625</ele>
        <time>2025-08-11T12:14:50.000Z</time>
        <extensions>
          <ns3:TrackPointExtension>
            <ns3:hr>150</ns3:hr>
            <ns3:cad>91</ns3:cad>
          </ns3:TrackPointExtension>
        </extensions>
      </trkpt>
      <trkpt lat="24.516328163444995880126953125" lon="118.16436611115932464599609375">
        <ele>8.6000003814697265625</ele>
        <time>2025-08-11T12:14:51.000Z</time>
        <extensions>
          <ns3:TrackPointExtension>
            <ns3:hr>151</ns3:hr>
            <ns3:cad>91</ns3:cad>
          </ns3:TrackPointExtension>
        </extensions>
      </trkpt>
      <trkpt lat="24.516349621117115020751953125" lon="118.1643954478204250335693359375">
        <ele>8.6000003814697265625</ele>
        <time>2025-08-11T12:14:52.000Z</time>
        <extensions>
          <ns3:TrackPointExtension>
            <ns3:hr>151</ns3:hr>
            <ns3:cad>91</ns3:cad>
          </ns3:TrackPointExtension>
        </extensions>
      </trkpt>
      <trkpt lat="24.51636311598122119903564453125" lon="118.16440491937100887298583984375">
        <ele>8.6000003814697265625</ele>
        <time>2025-08-11T12:14:53.000Z</time>
        <extensions>
          <ns3:TrackPointExtension>
            <ns3:hr>151</ns3:hr>
            <ns3:cad>91</ns3:cad>
          </ns3:TrackPointExtension>
        </extensions>
      </trkpt>
      <trkpt lat="24.516385830938816070556640625" lon="118.1644333340227603912353515625">
        <ele>8.6000003814697265625</ele>
        <time>2025-08-11T12:14:54.000Z</time>
        <extensions>
          <ns3:TrackPointExtension>
            <ns3:hr>151</ns3:hr>
            <ns3:cad>91</ns3:cad>
          </ns3:TrackPointExtension>
        </extensions>
      </trkpt>
      <trkpt lat="24.5163970626890659332275390625" lon="118.16444615833461284637451171875">
        <ele>8.6000003814697265625</ele>
        <time>2025-08-11T12:14:55.000Z</time>
        <extensions>
          <ns3:TrackPointExtension>
            <ns3:hr>151</ns3:hr>
            <ns3:cad>91</ns3:cad>
          </ns3:TrackPointExtension>
        </extensions>
      </trkpt>
      <trkpt lat="24.5164161734282970428466796875" lon="118.1644713878631591796875">
        <ele>8.6000003814697265625</ele>
        <time>2025-08-11T12:14:56.000Z</time>
        <extensions>
          <ns3:TrackPointExtension>
            <ns3:hr>152</ns3:hr>
            <ns3:cad>90</ns3:cad>
          </ns3:TrackPointExtension>
        </extensions>
      </trkpt>
      <trkpt lat="24.51642195694148540496826171875" lon="118.16449083387851715087890625">
        <ele>8.6000003814697265625</ele>
        <time>2025-08-11T12:14:57.000Z</time>
        <extensions>
          <ns3:TrackPointExtension>
            <ns3:hr>152</ns3:hr>
            <ns3:cad>90</ns3:cad>
          </ns3:TrackPointExtension>
        </extensions>
      </trkpt>
      <trkpt lat="24.5164342783391475677490234375" lon="118.16452159546315670013427734375">
        <ele>8.6000003814697265625</ele>
        <time>2025-08-11T12:14:58.000Z</time>
        <extensions>
          <ns3:TrackPointExtension>
            <ns3:hr>152</ns3:hr>
            <ns3:cad>89</ns3:cad>
          </ns3:TrackPointExtension>
        </extensions>
      </trkpt>
      <trkpt lat="24.51644458808004856109619140625" lon="118.16453802399337291717529296875">
        <ele>8.6000003814697265625</ele>
        <time>2025-08-11T12:14:59.000Z</time>
        <extensions>
          <ns3:TrackPointExtension>
            <ns3:hr>152</ns3:hr>
            <ns3:cad>89</ns3:cad>
          </ns3:TrackPointExtension>
        </extensions>
      </trkpt>
      <trkpt lat="24.516462273895740509033203125" lon="118.16456057131290435791015625">
        <ele>8.6000003814697265625</ele>
        <time>2025-08-11T12:15:00.000Z</time>
        <extensions>
          <ns3:TrackPointExtension>
            <ns3:hr>152</ns3:hr>
            <ns3:cad>89</ns3:cad>
          </ns3:TrackPointExtension>
        </extensions>
      </trkpt>
      <trkpt lat="24.51647593639791011810302734375" lon="118.1645825318992137908935546875">
        <ele>8.3999996185302734375</ele>
        <time>2025-08-11T12:15:01.000Z</time>
        <extensions>
          <ns3:TrackPointExtension>
            <ns3:hr>152</ns3:hr>
            <ns3:cad>89</ns3:cad>
          </ns3:TrackPointExtension>
        </extensions>
      </trkpt>
      <trkpt lat="24.51649253256618976593017578125" lon="118.16459937952458858489990234375">
        <ele>8.3999996185302734375</ele>
        <time>2025-08-11T12:15:02.000Z</time>
        <extensions>
          <ns3:TrackPointExtension>
            <ns3:hr>153</ns3:hr>
            <ns3:cad>89</ns3:cad>
          </ns3:TrackPointExtension>
        </extensions>
      </trkpt>
      <trkpt lat="24.51650761999189853668212890625" lon="118.16461681388318538665771484375">
        <ele>8.3999996185302734375</ele>
        <time>2025-08-11T12:15:03.000Z</time>
        <extensions>
          <ns3:TrackPointExtension>
            <ns3:hr>153</ns3:hr>
            <ns3:cad>89</ns3:cad>
          </ns3:TrackPointExtension>
        </extensions>
      </trkpt>
      <trkpt lat="24.51652455143630504608154296875" lon="118.16463299095630645751953125">
        <ele>8.3999996185302734375</ele>
        <time>2025-08-11T12:15:04.000Z</time>
        <extensions>
          <ns3:TrackPointExtension>
            <ns3:hr>153</ns3:hr>
            <ns3:cad>88</ns3:cad>
          </ns3:TrackPointExtension>
        </extensions>
      </trkpt>
      <trkpt lat="24.51654030941426753997802734375" lon="118.16465101204812526702880859375">
        <ele>8.3999996185302734375</ele>
        <time>2025-08-11T12:15:05.000Z</time>
        <extensions>
          <ns3:TrackPointExtension>
            <ns3:hr>153</ns3:hr>
            <ns3:cad>88</ns3:cad>
          </ns3:TrackPointExtension>
        </extensions>
      </trkpt>
      <trkpt lat="24.51655648648738861083984375" lon="118.16466861404478549957275390625">
        <ele>8.3999996185302734375</ele>
        <time>2025-08-11T12:15:06.000Z</time>
        <extensions>
          <ns3:TrackPointExtension>
            <ns3:hr>153</ns3:hr>
            <ns3:cad>88</ns3:cad>
          </ns3:TrackPointExtension>
        </extensions>
      </trkpt>
      <trkpt lat="24.5165717415511608123779296875" lon="118.16469158045947551727294921875">
        <ele>8.3999996185302734375</ele>
        <time>2025-08-11T12:15:07.000Z</time>
        <extensions>
          <ns3:TrackPointExtension>
            <ns3:hr>153</ns3:hr>
            <ns3:cad>89</ns3:cad>
          </ns3:TrackPointExtension>
        </extensions>
      </trkpt>
      <trkpt lat="24.51658473350107669830322265625" lon="118.16470582969486713409423828125">
        <ele>8.3999996185302734375</ele>
        <time>2025-08-11T12:15:08.000Z</time>
        <extensions>
          <ns3:TrackPointExtension>
            <ns3:hr>153</ns3:hr>
            <ns3:cad>89</ns3:cad>
          </ns3:TrackPointExtension>
        </extensions>
      </trkpt>
      <trkpt lat="24.5165968872606754302978515625" lon="118.164730556309223175048828125">
        <ele>8.3999996185302734375</ele>
        <time>2025-08-11T12:15:09.000Z</time>
        <extensions>
          <ns3:TrackPointExtension>
            <ns3:hr>153</ns3:hr>
            <ns3:cad>89</ns3:cad>
          </ns3:TrackPointExtension>
        </extensions>
      </trkpt>
      <trkpt lat="24.51660686172544956207275390625" lon="118.16474723629653453826904296875">
        <ele>8.3999996185302734375</ele>
        <time>2025-08-11T12:15:10.000Z</time>
        <extensions>
          <ns3:TrackPointExtension>
            <ns3:hr>154</ns3:hr>
            <ns3:cad>89</ns3:cad>
          </ns3:TrackPointExtension>
        </extensions>
      </trkpt>
      <trkpt lat="24.51662463136017322540283203125" lon="118.16477506421506404876708984375">
        <ele>8.3999996185302734375</ele>
        <time>2025-08-11T12:15:11.000Z</time>
        <extensions>
          <ns3:TrackPointExtension>
            <ns3:hr>153</ns3:hr>
            <ns3:cad>89</ns3:cad>
          </ns3:TrackPointExtension>
        </extensions>
      </trkpt>
      <trkpt lat="24.5166408084332942962646484375" lon="118.16478964872658252716064453125">
        <ele>8.3999996185302734375</ele>
        <time>2025-08-11T12:15:12.000Z</time>
        <extensions>
          <ns3:TrackPointExtension>
            <ns3:hr>153</ns3:hr>
            <ns3:cad>88</ns3:cad>
          </ns3:TrackPointExtension>
        </extensions>
      </trkpt>
      <trkpt lat="24.51665748842060565948486328125" lon="118.16480808891355991363525390625">
        <ele>8.3999996185302734375</ele>
        <time>2025-08-11T12:15:13.000Z</time>
        <extensions>
          <ns3:TrackPointExtension>
            <ns3:hr>154</ns3:hr>
            <ns3:cad>88</ns3:cad>
          </ns3:TrackPointExtension>
        </extensions>
      </trkpt>
      <trkpt lat="24.5166719891130924224853515625" lon="118.1648249365389347076416015625">
        <ele>8.3999996185302734375</ele>
        <time>2025-08-11T12:15:14.000Z</time>
        <extensions>
          <ns3:TrackPointExtension>
            <ns3:hr>153</ns3:hr>
            <ns3:cad>89</ns3:cad>
          </ns3:TrackPointExtension>
        </extensions>
      </trkpt>
      <trkpt lat="24.51668657362461090087890625" lon="118.16484044305980205535888671875">
        <ele>8.3999996185302734375</ele>
        <time>2025-08-11T12:15:15.000Z</time>
        <extensions>
          <ns3:TrackPointExtension>
            <ns3:hr>153</ns3:hr>
            <ns3:cad>89</ns3:cad>
          </ns3:TrackPointExtension>
        </extensions>
      </trkpt>
      <trkpt lat="24.516699649393558502197265625" lon="118.16485569812357425689697265625">
        <ele>8.3999996185302734375</ele>
        <time>2025-08-11T12:15:16.000Z</time>
        <extensions>
          <ns3:TrackPointExtension>
            <ns3:hr>153</ns3:hr>
            <ns3:cad>89</ns3:cad>
          </ns3:TrackPointExtension>
        </extensions>
      </trkpt>
      <trkpt lat="24.51671264134347438812255859375" lon="118.1648708693683147430419921875">
        <ele>8.3999996185302734375</ele>
        <time>2025-08-11T12:15:17.000Z</time>
        <extensions>
          <ns3:TrackPointExtension>
            <ns3:hr>153</ns3:hr>
            <ns3:cad>89</ns3:cad>
          </ns3:TrackPointExtension>
        </extensions>
      </trkpt>
      <trkpt lat="24.51672437600791454315185546875" lon="118.1648852862417697906494140625">
        <ele>8.3999996185302734375</ele>
        <time>2025-08-11T12:15:18.000Z</time>
        <extensions>
          <ns3:TrackPointExtension>
            <ns3:hr>154</ns3:hr>
            <ns3:cad>89</ns3:cad>
          </ns3:TrackPointExtension>
        </extensions>
      </trkpt>
      <trkpt lat="24.51673678122460842132568359375" lon="118.1649154610931873321533203125">
        <ele>8.3999996185302734375</ele>
        <time>2025-08-11T12:15:19.000Z</time>
        <extensions>
          <ns3:TrackPointExtension>
            <ns3:hr>153</ns3:hr>
            <ns3:cad>89</ns3:cad>
          </ns3:TrackPointExtension>
        </extensions>
      </trkpt>
      <trkpt lat="24.51675153337419033050537109375" lon="118.16493297927081584930419921875">
        <ele>8.3999996185302734375</ele>
        <time>2025-08-11T12:15:20.000Z</time>
        <extensions>
          <ns3:TrackPointExtension>
            <ns3:hr>153</ns3:hr>
            <ns3:cad>89</ns3:cad>
          </ns3:TrackPointExtension>
        </extensions>
      </trkpt>
      <trkpt lat="24.516770727932453155517578125" lon="118.16496684215962886810302734375">
        <ele>8.3999996185302734375</ele>
        <time>2025-08-11T12:15:21.000Z</time>
        <extensions>
          <ns3:TrackPointExtension>
            <ns3:hr>152</ns3:hr>
            <ns3:cad>90</ns3:cad>
          </ns3:TrackPointExtension>
        </extensions>
      </trkpt>
      <trkpt lat="24.51678422279655933380126953125" lon="118.16499031148850917816162109375">
        <ele>8.3999996185302734375</ele>
        <time>2025-08-11T12:15:22.000Z</time>
        <extensions>
          <ns3:TrackPointExtension>
            <ns3:hr>152</ns3:hr>
            <ns3:cad>90</ns3:cad>
          </ns3:TrackPointExtension>
        </extensions>
      </trkpt>
      <trkpt lat="24.51679226942360401153564453125" lon="118.16503255628049373626708984375">
        <ele>8.19999980926513671875</ele>
        <time>2025-08-11T12:15:23.000Z</time>
        <extensions>
          <ns3:TrackPointExtension>
            <ns3:hr>152</ns3:hr>
            <ns3:cad>90</ns3:cad>
          </ns3:TrackPointExtension>
        </extensions>
      </trkpt>
      <trkpt lat="24.516801573336124420166015625" lon="118.16506440751254558563232421875">
        <ele>8.3999996185302734375</ele>
        <time>2025-08-11T12:15:24.000Z</time>
        <extensions>
          <ns3:TrackPointExtension>
            <ns3:hr>152</ns3:hr>
            <ns3:cad>90</ns3:cad>
          </ns3:TrackPointExtension>
        </extensions>
      </trkpt>
      <trkpt lat="24.5168014056980609893798828125" lon="118.16509701311588287353515625">
        <ele>8.3999996185302734375</ele>
        <time>2025-08-11T12:15:25.000Z</time>
        <extensions>
          <ns3:TrackPointExtension>
            <ns3:hr>152</ns3:hr>
            <ns3:cad>92</ns3:cad>
          </ns3:TrackPointExtension>
        </extensions>
      </trkpt>
      <trkpt lat="24.51680769212543964385986328125" lon="118.16512743942439556121826171875">
        <ele>8.19999980926513671875</ele>
        <time>2025-08-11T12:15:26.000Z</time>
        <extensions>
          <ns3:TrackPointExtension>
            <ns3:hr>152</ns3:hr>
            <ns3:cad>92</ns3:cad>
          </ns3:TrackPointExtension>
        </extensions>
      </trkpt>
      <trkpt lat="24.51681557111442089080810546875" lon="118.165157698094844818115234375">
        <ele>8.19999980926513671875</ele>
        <time>2025-08-11T12:15:27.000Z</time>
        <extensions>
          <ns3:TrackPointExtension>
            <ns3:hr>152</ns3:hr>
            <ns3:cad>91</ns3:cad>
          </ns3:TrackPointExtension>
        </extensions>
      </trkpt>
      <trkpt lat="24.51682428829371929168701171875" lon="118.1651843525469303131103515625">
        <ele>8.19999980926513671875</ele>
        <time>2025-08-11T12:15:28.000Z</time>
        <extensions>
          <ns3:TrackPointExtension>
            <ns3:hr>152</ns3:hr>
            <ns3:cad>91</ns3:cad>
          </ns3:TrackPointExtension>
        </extensions>
      </trkpt>
      <trkpt lat="24.51683300547301769256591796875" lon="118.16521100699901580810546875">
        <ele>8.19999980926513671875</ele>
        <time>2025-08-11T12:15:29.000Z</time>
        <extensions>
          <ns3:TrackPointExtension>
            <ns3:hr>152</ns3:hr>
            <ns3:cad>92</ns3:cad>
          </ns3:TrackPointExtension>
        </extensions>
      </trkpt>
      <trkpt lat="24.51684054918587207794189453125" lon="118.1652393378317356109619140625">
        <ele>8.19999980926513671875</ele>
        <time>2025-08-11T12:15:30.000Z</time>
        <extensions>
          <ns3:TrackPointExtension>
            <ns3:hr>153</ns3:hr>
            <ns3:cad>92</ns3:cad>
          </ns3:TrackPointExtension>
        </extensions>
      </trkpt>
      <trkpt lat="24.5168490149080753326416015625" lon="118.165269680321216583251953125">
        <ele>8.19999980926513671875</ele>
        <time>2025-08-11T12:15:31.000Z</time>
        <extensions>
          <ns3:TrackPointExtension>
            <ns3:hr>153</ns3:hr>
            <ns3:cad>92</ns3:cad>
          </ns3:TrackPointExtension>
        </extensions>
      </trkpt>
      <trkpt lat="24.516859911382198333740234375" lon="118.165302537381649017333984375">
        <ele>8.19999980926513671875</ele>
        <time>2025-08-11T12:15:32.000Z</time>
        <extensions>
          <ns3:TrackPointExtension>
            <ns3:hr>153</ns3:hr>
            <ns3:cad>90</ns3:cad>
          </ns3:TrackPointExtension>
        </extensions>
      </trkpt>
      <trkpt lat="24.5168677903711795806884765625" lon="118.165331371128559112548828125">
        <ele>8.3999996185302734375</ele>
        <time>2025-08-11T12:15:33.000Z</time>
        <extensions>
          <ns3:TrackPointExtension>
            <ns3:hr>153</ns3:hr>
            <ns3:cad>90</ns3:cad>
          </ns3:TrackPointExtension>
        </extensions>
      </trkpt>
      <trkpt lat="24.51687633991241455078125" lon="118.16535727120935916900634765625">
        <ele>8.3999996185302734375</ele>
        <time>2025-08-11T12:15:34.000Z</time>
        <extensions>
          <ns3:TrackPointExtension>
            <ns3:hr>153</ns3:hr>
            <ns3:cad>90</ns3:cad>
          </ns3:TrackPointExtension>
        </extensions>
      </trkpt>
      <trkpt lat="24.51688396744430065155029296875" lon="118.16538266837596893310546875">
        <ele>8.3999996185302734375</ele>
        <time>2025-08-11T12:15:35.000Z</time>
        <extensions>
          <ns3:TrackPointExtension>
            <ns3:hr>153</ns3:hr>
            <ns3:cad>90</ns3:cad>
          </ns3:TrackPointExtension>
        </extensions>
      </trkpt>
      <trkpt lat="24.5168895833194255828857421875" lon="118.16540488041937351226806640625">
        <ele>8.3999996185302734375</ele>
        <time>2025-08-11T12:15:36.000Z</time>
        <extensions>
          <ns3:TrackPointExtension>
            <ns3:hr>153</ns3:hr>
            <ns3:cad>89</ns3:cad>
          </ns3:TrackPointExtension>
        </extensions>
      </trkpt>
      <trkpt lat="24.51689243316650390625" lon="118.1654150225222110748291015625">
        <ele>8.3999996185302734375</ele>
        <time>2025-08-11T12:15:37.000Z</time>
        <extensions>
          <ns3:TrackPointExtension>
            <ns3:hr>154</ns3:hr>
            <ns3:cad>89</ns3:cad>
          </ns3:TrackPointExtension>
        </extensions>
      </trkpt>
      <trkpt lat="24.51689712703227996826171875" lon="118.165423907339572906494140625">
        <ele>8.3999996185302734375</ele>
        <time>2025-08-11T12:15:38.000Z</time>
        <extensions>
          <ns3:TrackPointExtension>
            <ns3:hr>154</ns3:hr>
            <ns3:cad>0</ns3:cad>
          </ns3:TrackPointExtension>
        </extensions>
      </trkpt>
      <trkpt lat="24.5169070176780223846435546875" lon="118.16544192843139171600341796875">
        <ele>8.3999996185302734375</ele>
        <time>2025-08-11T12:15:39.000Z</time>
        <extensions>
          <ns3:TrackPointExtension>
            <ns3:hr>154</ns3:hr>
            <ns3:cad>0</ns3:cad>
          </ns3:TrackPointExtension>
        </extensions>
      </trkpt>
      <trkpt lat="24.516910873353481292724609375" lon="118.16547277383506298065185546875">
        <ele>8.3999996185302734375</ele>
        <time>2025-08-11T12:15:40.000Z</time>
        <extensions>
          <ns3:TrackPointExtension>
            <ns3:hr>153</ns3:hr>
            <ns3:cad>0</ns3:cad>
          </ns3:TrackPointExtension>
        </extensions>
      </trkpt>
      <trkpt lat="24.51691565103828907012939453125" lon="118.16549741663038730621337890625">
        <ele>8.19999980926513671875</ele>
        <time>2025-08-11T12:15:41.000Z</time>
        <extensions>
          <ns3:TrackPointExtension>
            <ns3:hr>154</ns3:hr>
            <ns3:cad>0</ns3:cad>
          </ns3:TrackPointExtension>
        </extensions>
      </trkpt>
      <trkpt lat="24.51692118309438228607177734375" lon="118.16552407108247280120849609375">
        <ele>8.19999980926513671875</ele>
        <time>2025-08-11T12:15:42.000Z</time>
        <extensions>
          <ns3:TrackPointExtension>
            <ns3:hr>154</ns3:hr>
            <ns3:cad>0</ns3:cad>
          </ns3:TrackPointExtension>
        </extensions>
      </trkpt>
      <trkpt lat="24.51692654751241207122802734375" lon="118.165552318096160888671875">
        <ele>8.19999980926513671875</ele>
        <time>2025-08-11T12:15:43.000Z</time>
        <extensions>
          <ns3:TrackPointExtension>
            <ns3:hr>154</ns3:hr>
            <ns3:cad>0</ns3:cad>
          </ns3:TrackPointExtension>
        </extensions>
      </trkpt>
      <trkpt lat="24.51693207956850528717041015625" lon="118.16558022983372211456298828125">
        <ele>8</ele>
        <time>2025-08-11T12:15:44.000Z</time>
        <extensions>
          <ns3:TrackPointExtension>
            <ns3:hr>153</ns3:hr>
            <ns3:cad>89</ns3:cad>
          </ns3:TrackPointExtension>
        </extensions>
      </trkpt>
      <trkpt lat="24.5169408805668354034423828125" lon="118.16560386680066585540771484375">
        <ele>8</ele>
        <time>2025-08-11T12:15:45.000Z</time>
        <extensions>
          <ns3:TrackPointExtension>
            <ns3:hr>154</ns3:hr>
            <ns3:cad>90</ns3:cad>
          </ns3:TrackPointExtension>
        </extensions>
      </trkpt>
      <trkpt lat="24.5169482566416263580322265625" lon="118.16563035361468791961669921875">
        <ele>8</ele>
        <time>2025-08-11T12:15:46.000Z</time>
        <extensions>
          <ns3:TrackPointExtension>
            <ns3:hr>154</ns3:hr>
            <ns3:cad>90</ns3:cad>
          </ns3:TrackPointExtension>
        </extensions>
      </trkpt>
      <trkpt lat="24.51695144176483154296875" lon="118.1656570918858051300048828125">
        <ele>8</ele>
        <time>2025-08-11T12:15:47.000Z</time>
        <extensions>
          <ns3:TrackPointExtension>
            <ns3:hr>153</ns3:hr>
            <ns3:cad>90</ns3:cad>
          </ns3:TrackPointExtension>
        </extensions>
      </trkpt>
      <trkpt lat="24.51695672236382961273193359375" lon="118.16568575799465179443359375">
        <ele>8</ele>
        <time>2025-08-11T12:15:48.000Z</time>
        <extensions>
          <ns3:TrackPointExtension>
            <ns3:hr>154</ns3:hr>
            <ns3:cad>90</ns3:cad>
          </ns3:TrackPointExtension>
        </extensions>
      </trkpt>
      <trkpt lat="24.5169646851718425750732421875" lon="118.165715597569942474365234375">
        <ele>8</ele>
        <time>2025-08-11T12:15:49.000Z</time>
        <extensions>
          <ns3:TrackPointExtension>
            <ns3:hr>153</ns3:hr>
            <ns3:cad>90</ns3:cad>
          </ns3:TrackPointExtension>
        </extensions>
      </trkpt>
      <trkpt lat="24.51696954667568206787109375" lon="118.16574267111718654632568359375">
        <ele>8</ele>
        <time>2025-08-11T12:15:50.000Z</time>
        <extensions>
          <ns3:TrackPointExtension>
            <ns3:hr>153</ns3:hr>
            <ns3:cad>90</ns3:cad>
          </ns3:TrackPointExtension>
        </extensions>
      </trkpt>
      <trkpt lat="24.5169777609407901763916015625" lon="118.1657690741121768951416015625">
        <ele>8</ele>
        <time>2025-08-11T12:15:51.000Z</time>
        <extensions>
          <ns3:TrackPointExtension>
            <ns3:hr>153</ns3:hr>
            <ns3:cad>90</ns3:cad>
          </ns3:TrackPointExtension>
        </extensions>
      </trkpt>
      <trkpt lat="24.5169841311872005462646484375" lon="118.16579665057361125946044921875">
        <ele>8</ele>
        <time>2025-08-11T12:15:52.000Z</time>
        <extensions>
          <ns3:TrackPointExtension>
            <ns3:hr>152</ns3:hr>
            <ns3:cad>90</ns3:cad>
          </ns3:TrackPointExtension>
        </extensions>
      </trkpt>
      <trkpt lat="24.5169908367097377777099609375" lon="118.165823556482791900634765625">
        <ele>8</ele>
        <time>2025-08-11T12:15:53.000Z</time>
        <extensions>
          <ns3:TrackPointExtension>
            <ns3:hr>153</ns3:hr>
            <ns3:cad>90</ns3:cad>
          </ns3:TrackPointExtension>
        </extensions>
      </trkpt>
      <trkpt lat="24.51699662022292613983154296875" lon="118.16585046239197254180908203125">
        <ele>8</ele>
        <time>2025-08-11T12:15:54.000Z</time>
        <extensions>
          <ns3:TrackPointExtension>
            <ns3:hr>153</ns3:hr>
            <ns3:cad>89</ns3:cad>
          </ns3:TrackPointExtension>
        </extensions>
      </trkpt>
      <trkpt lat="24.51700936071574687957763671875" lon="118.16587577573955059051513671875">
        <ele>8</ele>
        <time>2025-08-11T12:15:55.000Z</time>
        <extensions>
          <ns3:TrackPointExtension>
            <ns3:hr>153</ns3:hr>
            <ns3:cad>88</ns3:cad>
          </ns3:TrackPointExtension>
        </extensions>
      </trkpt>
      <trkpt lat="24.5170176587998867034912109375" lon="118.16590360365808010101318359375">
        <ele>8</ele>
        <time>2025-08-11T12:15:56.000Z</time>
        <extensions>
          <ns3:TrackPointExtension>
            <ns3:hr>152</ns3:hr>
            <ns3:cad>88</ns3:cad>
          </ns3:TrackPointExtension>
        </extensions>
      </trkpt>
      <trkpt lat="24.5170290581881999969482421875" lon="118.1659266538918018341064453125">
        <ele>8</ele>
        <time>2025-08-11T12:15:57.000Z</time>
        <extensions>
          <ns3:TrackPointExtension>
            <ns3:hr>153</ns3:hr>
            <ns3:cad>89</ns3:cad>
          </ns3:TrackPointExtension>
        </extensions>
      </trkpt>
      <trkpt lat="24.5170347578823566436767578125" lon="118.1659568287432193756103515625">
        <ele>8</ele>
        <time>2025-08-11T12:15:58.000Z</time>
        <extensions>
          <ns3:TrackPointExtension>
            <ns3:hr>153</ns3:hr>
            <ns3:cad>89</ns3:cad>
          </ns3:TrackPointExtension>
        </extensions>
      </trkpt>
      <trkpt lat="24.51704489998519420623779296875" lon="118.165979124605655670166015625">
        <ele>8</ele>
        <time>2025-08-11T12:15:59.000Z</time>
        <extensions>
          <ns3:TrackPointExtension>
            <ns3:hr>153</ns3:hr>
            <ns3:cad>89</ns3:cad>
          </ns3:TrackPointExtension>
        </extensions>
      </trkpt>
      <trkpt lat="24.51704875566065311431884765625" lon="118.1660084612667560577392578125">
        <ele>8</ele>
        <time>2025-08-11T12:16:00.000Z</time>
        <extensions>
          <ns3:TrackPointExtension>
            <ns3:hr>152</ns3:hr>
            <ns3:cad>89</ns3:cad>
          </ns3:TrackPointExtension>
        </extensions>
      </trkpt>
      <trkpt lat="24.51705730520188808441162109375" lon="118.1660284101963043212890625">
        <ele>8</ele>
        <time>2025-08-11T12:16:01.000Z</time>
        <extensions>
          <ns3:TrackPointExtension>
            <ns3:hr>153</ns3:hr>
            <ns3:cad>88</ns3:cad>
          </ns3:TrackPointExtension>
        </extensions>
      </trkpt>
      <trkpt lat="24.51706384308636188507080078125" lon="118.16605900414288043975830078125">
        <ele>8</ele>
        <time>2025-08-11T12:16:02.000Z</time>
        <extensions>
          <ns3:TrackPointExtension>
            <ns3:hr>153</ns3:hr>
            <ns3:cad>88</ns3:cad>
          </ns3:TrackPointExtension>
        </extensions>
      </trkpt>
      <trkpt lat="24.5170723088085651397705078125" lon="118.1660758517682552337646484375">
        <ele>8</ele>
        <time>2025-08-11T12:16:03.000Z</time>
        <extensions>
          <ns3:TrackPointExtension>
            <ns3:hr>153</ns3:hr>
            <ns3:cad>88</ns3:cad>
          </ns3:TrackPointExtension>
        </extensions>
      </trkpt>
      <trkpt lat="24.51708110980689525604248046875" lon="118.16611088812351226806640625">
        <ele>8</ele>
        <time>2025-08-11T12:16:04.000Z</time>
        <extensions>
          <ns3:TrackPointExtension>
            <ns3:hr>153</ns3:hr>
            <ns3:cad>88</ns3:cad>
          </ns3:TrackPointExtension>
        </extensions>
      </trkpt>
      <trkpt lat="24.51709066517651081085205078125" lon="118.16612957976758480072021484375">
        <ele>8</ele>
        <time>2025-08-11T12:16:05.000Z</time>
        <extensions>
          <ns3:TrackPointExtension>
            <ns3:hr>153</ns3:hr>
            <ns3:cad>88</ns3:cad>
          </ns3:TrackPointExtension>
        </extensions>
      </trkpt>
      <trkpt lat="24.51709695160388946533203125" lon="118.16615841351449489593505859375">
        <ele>8</ele>
        <time>2025-08-11T12:16:06.000Z</time>
        <extensions>
          <ns3:TrackPointExtension>
            <ns3:hr>153</ns3:hr>
            <ns3:cad>88</ns3:cad>
          </ns3:TrackPointExtension>
        </extensions>
      </trkpt>
      <trkpt lat="24.51710541732609272003173828125" lon="118.16617568023502826690673828125">
        <ele>8</ele>
        <time>2025-08-11T12:16:07.000Z</time>
        <extensions>
          <ns3:TrackPointExtension>
            <ns3:hr>153</ns3:hr>
            <ns3:cad>88</ns3:cad>
          </ns3:TrackPointExtension>
        </extensions>
      </trkpt>
      <trkpt lat="24.51711614616215229034423828125" lon="118.16620250232517719268798828125">
        <ele>8</ele>
        <time>2025-08-11T12:16:08.000Z</time>
        <extensions>
          <ns3:TrackPointExtension>
            <ns3:hr>153</ns3:hr>
            <ns3:cad>88</ns3:cad>
          </ns3:TrackPointExtension>
        </extensions>
      </trkpt>
      <trkpt lat="24.517122097313404083251953125" lon="118.16622580401599407196044921875">
        <ele>8</ele>
        <time>2025-08-11T12:16:09.000Z</time>
        <extensions>
          <ns3:TrackPointExtension>
            <ns3:hr>153</ns3:hr>
            <ns3:cad>88</ns3:cad>
          </ns3:TrackPointExtension>
        </extensions>
      </trkpt>
      <trkpt lat="24.5171346701681613922119140625" lon="118.16625346429646015167236328125">
        <ele>8.19999980926513671875</ele>
        <time>2025-08-11T12:16:10.000Z</time>
        <extensions>
          <ns3:TrackPointExtension>
            <ns3:hr>153</ns3:hr>
            <ns3:cad>88</ns3:cad>
          </ns3:TrackPointExtension>
        </extensions>
      </trkpt>
      <trkpt lat="24.51714263297617435455322265625" lon="118.1662776879966259002685546875">
        <ele>8.19999980926513671875</ele>
        <time>2025-08-11T12:16:11.000Z</time>
        <extensions>
          <ns3:TrackPointExtension>
            <ns3:hr>153</ns3:hr>
            <ns3:cad>88</ns3:cad>
          </ns3:TrackPointExtension>
        </extensions>
      </trkpt>
      <trkpt lat="24.517152942717075347900390625" lon="118.166303336620330810546875">
        <ele>8.19999980926513671875</ele>
        <time>2025-08-11T12:16:12.000Z</time>
        <extensions>
          <ns3:TrackPointExtension>
            <ns3:hr>152</ns3:hr>
            <ns3:cad>88</ns3:cad>
          </ns3:TrackPointExtension>
        </extensions>
      </trkpt>
      <trkpt lat="24.517156295478343963623046875" lon="118.16633351147174835205078125">
        <ele>8.19999980926513671875</ele>
        <time>2025-08-11T12:16:13.000Z</time>
        <extensions>
          <ns3:TrackPointExtension>
            <ns3:hr>152</ns3:hr>
            <ns3:cad>88</ns3:cad>
          </ns3:TrackPointExtension>
        </extensions>
      </trkpt>
      <trkpt lat="24.51716207899153232574462890625" lon="118.166355974972248077392578125">
        <ele>8.19999980926513671875</ele>
        <time>2025-08-11T12:16:14.000Z</time>
        <extensions>
          <ns3:TrackPointExtension>
            <ns3:hr>152</ns3:hr>
            <ns3:cad>88</ns3:cad>
          </ns3:TrackPointExtension>
        </extensions>
      </trkpt>
      <trkpt lat="24.517168365418910980224609375" lon="118.16638472490012645721435546875">
        <ele>8.19999980926513671875</ele>
        <time>2025-08-11T12:16:15.000Z</time>
        <extensions>
          <ns3:TrackPointExtension>
            <ns3:hr>152</ns3:hr>
            <ns3:cad>88</ns3:cad>
          </ns3:TrackPointExtension>
        </extensions>
      </trkpt>
      <trkpt lat="24.517175070941448211669921875" lon="118.1664030812680721282958984375">
        <ele>8.19999980926513671875</ele>
        <time>2025-08-11T12:16:16.000Z</time>
        <extensions>
          <ns3:TrackPointExtension>
            <ns3:hr>152</ns3:hr>
            <ns3:cad>88</ns3:cad>
          </ns3:TrackPointExtension>
        </extensions>
      </trkpt>
      <trkpt lat="24.5171834528446197509765625" lon="118.1664339266717433929443359375">
        <ele>8.19999980926513671875</ele>
        <time>2025-08-11T12:16:17.000Z</time>
        <extensions>
          <ns3:TrackPointExtension>
            <ns3:hr>152</ns3:hr>
            <ns3:cad>88</ns3:cad>
          </ns3:TrackPointExtension>
        </extensions>
      </trkpt>
      <trkpt lat="24.51719091273844242095947265625" lon="118.1664550490677356719970703125">
        <ele>8</ele>
        <time>2025-08-11T12:16:18.000Z</time>
        <extensions>
          <ns3:TrackPointExtension>
            <ns3:hr>152</ns3:hr>
            <ns3:cad>88</ns3:cad>
          </ns3:TrackPointExtension>
        </extensions>
      </trkpt>
      <trkpt lat="24.51720415614545345306396484375" lon="118.16648480482399463653564453125">
        <ele>8.19999980926513671875</ele>
        <time>2025-08-11T12:16:19.000Z</time>
        <extensions>
          <ns3:TrackPointExtension>
            <ns3:hr>152</ns3:hr>
            <ns3:cad>87</ns3:cad>
          </ns3:TrackPointExtension>
        </extensions>
      </trkpt>
      <trkpt lat="24.51721756719052791595458984375" lon="118.16650408320128917694091796875">
        <ele>8.19999980926513671875</ele>
        <time>2025-08-11T12:16:20.000Z</time>
        <extensions>
          <ns3:TrackPointExtension>
            <ns3:hr>152</ns3:hr>
            <ns3:cad>87</ns3:cad>
          </ns3:TrackPointExtension>
        </extensions>
      </trkpt>
      <trkpt lat="24.51723416335880756378173828125" lon="118.16653140820562839508056640625">
        <ele>8.19999980926513671875</ele>
        <time>2025-08-11T12:16:21.000Z</time>
        <extensions>
          <ns3:TrackPointExtension>
            <ns3:hr>152</ns3:hr>
            <ns3:cad>87</ns3:cad>
          </ns3:TrackPointExtension>
        </extensions>
      </trkpt>
      <trkpt lat="24.5172456465661525726318359375" lon="118.1665526144206523895263671875">
        <ele>8.19999980926513671875</ele>
        <time>2025-08-11T12:16:22.000Z</time>
        <extensions>
          <ns3:TrackPointExtension>
            <ns3:hr>152</ns3:hr>
            <ns3:cad>88</ns3:cad>
          </ns3:TrackPointExtension>
        </extensions>
      </trkpt>
      <trkpt lat="24.517258889973163604736328125" lon="118.1665797717869281768798828125">
        <ele>8.3999996185302734375</ele>
        <time>2025-08-11T12:16:23.000Z</time>
        <extensions>
          <ns3:TrackPointExtension>
            <ns3:hr>153</ns3:hr>
            <ns3:cad>88</ns3:cad>
          </ns3:TrackPointExtension>
        </extensions>
      </trkpt>
      <trkpt lat="24.51726819388568401336669921875" lon="118.1665978766977787017822265625">
        <ele>8.3999996185302734375</ele>
        <time>2025-08-11T12:16:24.000Z</time>
        <extensions>
          <ns3:TrackPointExtension>
            <ns3:hr>153</ns3:hr>
            <ns3:cad>88</ns3:cad>
          </ns3:TrackPointExtension>
        </extensions>
      </trkpt>
      <trkpt lat="24.5172825269401073455810546875" lon="118.16662587225437164306640625">
        <ele>8.3999996185302734375</ele>
        <time>2025-08-11T12:16:25.000Z</time>
        <extensions>
          <ns3:TrackPointExtension>
            <ns3:hr>153</ns3:hr>
            <ns3:cad>88</ns3:cad>
          </ns3:TrackPointExtension>
        </extensions>
      </trkpt>
      <trkpt lat="24.51729451306164264678955078125" lon="118.1666444800794124603271484375">
        <ele>8.3999996185302734375</ele>
        <time>2025-08-11T12:16:26.000Z</time>
        <extensions>
          <ns3:TrackPointExtension>
            <ns3:hr>153</ns3:hr>
            <ns3:cad>88</ns3:cad>
          </ns3:TrackPointExtension>
        </extensions>
      </trkpt>
      <trkpt lat="24.51731018722057342529296875" lon="118.16666870377957820892333984375">
        <ele>8.3999996185302734375</ele>
        <time>2025-08-11T12:16:27.000Z</time>
        <extensions>
          <ns3:TrackPointExtension>
            <ns3:hr>153</ns3:hr>
            <ns3:cad>88</ns3:cad>
          </ns3:TrackPointExtension>
        </extensions>
      </trkpt>
      <trkpt lat="24.5173264481127262115478515625" lon="118.1666900776326656341552734375">
        <ele>8.19999980926513671875</ele>
        <time>2025-08-11T12:16:28.000Z</time>
        <extensions>
          <ns3:TrackPointExtension>
            <ns3:hr>153</ns3:hr>
            <ns3:cad>88</ns3:cad>
          </ns3:TrackPointExtension>
        </extensions>
      </trkpt>
      <trkpt lat="24.51734094880521297454833984375" lon="118.1667081825435161590576171875">
        <ele>8.19999980926513671875</ele>
        <time>2025-08-11T12:16:29.000Z</time>
        <extensions>
          <ns3:TrackPointExtension>
            <ns3:hr>153</ns3:hr>
            <ns3:cad>88</ns3:cad>
          </ns3:TrackPointExtension>
        </extensions>
      </trkpt>
      <trkpt lat="24.51735435985028743743896484375" lon="118.1667323224246501922607421875">
        <ele>8.19999980926513671875</ele>
        <time>2025-08-11T12:16:30.000Z</time>
        <extensions>
          <ns3:TrackPointExtension>
            <ns3:hr>153</ns3:hr>
            <ns3:cad>88</ns3:cad>
          </ns3:TrackPointExtension>
        </extensions>
      </trkpt>
      <trkpt lat="24.5173760689795017242431640625" lon="118.16674657166004180908203125">
        <ele>8.3999996185302734375</ele>
        <time>2025-08-11T12:16:31.000Z</time>
        <extensions>
          <ns3:TrackPointExtension>
            <ns3:hr>153</ns3:hr>
            <ns3:cad>88</ns3:cad>
          </ns3:TrackPointExtension>
        </extensions>
      </trkpt>
      <trkpt lat="24.51739576645195484161376953125" lon="118.1667655147612094879150390625">
        <ele>8.3999996185302734375</ele>
        <time>2025-08-11T12:16:32.000Z</time>
        <extensions>
          <ns3:TrackPointExtension>
            <ns3:hr>153</ns3:hr>
            <ns3:cad>88</ns3:cad>
          </ns3:TrackPointExtension>
        </extensions>
      </trkpt>
      <trkpt lat="24.517411775887012481689453125" lon="118.1667806021869182586669921875">
        <ele>8.19999980926513671875</ele>
        <time>2025-08-11T12:16:33.000Z</time>
        <extensions>
          <ns3:TrackPointExtension>
            <ns3:hr>153</ns3:hr>
            <ns3:cad>88</ns3:cad>
          </ns3:TrackPointExtension>
        </extensions>
      </trkpt>
      <trkpt lat="24.5174327306449413299560546875" lon="118.1667997129261493682861328125">
        <ele>8.19999980926513671875</ele>
        <time>2025-08-11T12:16:34.000Z</time>
        <extensions>
          <ns3:TrackPointExtension>
            <ns3:hr>153</ns3:hr>
            <ns3:cad>88</ns3:cad>
          </ns3:TrackPointExtension>
        </extensions>
      </trkpt>
      <trkpt lat="24.51745376922190189361572265625" lon="118.166812956333160400390625">
        <ele>8.19999980926513671875</ele>
        <time>2025-08-11T12:16:35.000Z</time>
        <extensions>
          <ns3:TrackPointExtension>
            <ns3:hr>153</ns3:hr>
            <ns3:cad>89</ns3:cad>
          </ns3:TrackPointExtension>
        </extensions>
      </trkpt>
      <trkpt lat="24.51747380197048187255859375" lon="118.16684153862297534942626953125">
        <ele>8.19999980926513671875</ele>
        <time>2025-08-11T12:16:36.000Z</time>
        <extensions>
          <ns3:TrackPointExtension>
            <ns3:hr>153</ns3:hr>
            <ns3:cad>89</ns3:cad>
          </ns3:TrackPointExtension>
        </extensions>
      </trkpt>
      <trkpt lat="24.5174907334148883819580078125" lon="118.166860900819301605224609375">
        <ele>8.19999980926513671875</ele>
        <time>2025-08-11T12:16:37.000Z</time>
        <extensions>
          <ns3:TrackPointExtension>
            <ns3:hr>154</ns3:hr>
            <ns3:cad>89</ns3:cad>
          </ns3:TrackPointExtension>
        </extensions>
      </trkpt>
      <trkpt lat="24.517509676516056060791015625" lon="118.16688747145235538482666015625">
        <ele>8.19999980926513671875</ele>
        <time>2025-08-11T12:16:38.000Z</time>
        <extensions>
          <ns3:TrackPointExtension>
            <ns3:hr>153</ns3:hr>
            <ns3:cad>89</ns3:cad>
          </ns3:TrackPointExtension>
        </extensions>
      </trkpt>
      <trkpt lat="24.517526440322399139404296875" lon="118.16690289415419101715087890625">
        <ele>8.19999980926513671875</ele>
        <time>2025-08-11T12:16:39.000Z</time>
        <extensions>
          <ns3:TrackPointExtension>
            <ns3:hr>154</ns3:hr>
            <ns3:cad>88</ns3:cad>
          </ns3:TrackPointExtension>
        </extensions>
      </trkpt>
      <trkpt lat="24.51754781417548656463623046875" lon="118.16692854277789592742919921875">
        <ele>8.19999980926513671875</ele>
        <time>2025-08-11T12:16:40.000Z</time>
        <extensions>
          <ns3:TrackPointExtension>
            <ns3:hr>154</ns3:hr>
            <ns3:cad>88</ns3:cad>
          </ns3:TrackPointExtension>
        </extensions>
      </trkpt>
      <trkpt lat="24.517563991248607635498046875" lon="118.1669435463845729827880859375">
        <ele>8.19999980926513671875</ele>
        <time>2025-08-11T12:16:41.000Z</time>
        <extensions>
          <ns3:TrackPointExtension>
            <ns3:hr>154</ns3:hr>
            <ns3:cad>88</ns3:cad>
          </ns3:TrackPointExtension>
        </extensions>
      </trkpt>
      <trkpt lat="24.51758653856813907623291015625" lon="118.1669650040566921234130859375">
        <ele>8.19999980926513671875</ele>
        <time>2025-08-11T12:16:42.000Z</time>
        <extensions>
          <ns3:TrackPointExtension>
            <ns3:hr>154</ns3:hr>
            <ns3:cad>88</ns3:cad>
          </ns3:TrackPointExtension>
        </extensions>
      </trkpt>
      <trkpt lat="24.51760254800319671630859375" lon="118.16698051057755947113037109375">
        <ele>8</ele>
        <time>2025-08-11T12:16:43.000Z</time>
        <extensions>
          <ns3:TrackPointExtension>
            <ns3:hr>154</ns3:hr>
            <ns3:cad>88</ns3:cad>
          </ns3:TrackPointExtension>
        </extensions>
      </trkpt>
      <trkpt lat="24.5176218263804912567138671875" lon="118.16699962131679058074951171875">
        <ele>8.19999980926513671875</ele>
        <time>2025-08-11T12:16:44.000Z</time>
        <extensions>
          <ns3:TrackPointExtension>
            <ns3:hr>155</ns3:hr>
            <ns3:cad>88</ns3:cad>
          </ns3:TrackPointExtension>
        </extensions>
      </trkpt>
      <trkpt lat="24.5176352374255657196044921875" lon="118.16701286472380161285400390625">
        <ele>8.19999980926513671875</ele>
        <time>2025-08-11T12:16:45.000Z</time>
        <extensions>
          <ns3:TrackPointExtension>
            <ns3:hr>155</ns3:hr>
            <ns3:cad>88</ns3:cad>
          </ns3:TrackPointExtension>
        </extensions>
      </trkpt>
      <trkpt lat="24.517653845250606536865234375" lon="118.1670313887298107147216796875">
        <ele>8.19999980926513671875</ele>
        <time>2025-08-11T12:16:46.000Z</time>
        <extensions>
          <ns3:TrackPointExtension>
            <ns3:hr>155</ns3:hr>
            <ns3:cad>88</ns3:cad>
          </ns3:TrackPointExtension>
        </extensions>
      </trkpt>
      <trkpt lat="24.51767228543758392333984375" lon="118.167048655450344085693359375">
        <ele>8.19999980926513671875</ele>
        <time>2025-08-11T12:16:47.000Z</time>
        <extensions>
          <ns3:TrackPointExtension>
            <ns3:hr>155</ns3:hr>
            <ns3:cad>88</ns3:cad>
          </ns3:TrackPointExtension>
        </extensions>
      </trkpt>
      <trkpt lat="24.5176912285387516021728515625" lon="118.16706667654216289520263671875">
        <ele>8.19999980926513671875</ele>
        <time>2025-08-11T12:16:48.000Z</time>
        <extensions>
          <ns3:TrackPointExtension>
            <ns3:hr>155</ns3:hr>
            <ns3:cad>88</ns3:cad>
          </ns3:TrackPointExtension>
        </extensions>
      </trkpt>
      <trkpt lat="24.5177064836025238037109375" lon="118.1670826859772205352783203125">
        <ele>8</ele>
        <time>2025-08-11T12:16:49.000Z</time>
        <extensions>
          <ns3:TrackPointExtension>
            <ns3:hr>155</ns3:hr>
            <ns3:cad>88</ns3:cad>
          </ns3:TrackPointExtension>
        </extensions>
      </trkpt>
      <trkpt lat="24.5177334733307361602783203125" lon="118.167104311287403106689453125">
        <ele>8</ele>
        <time>2025-08-11T12:16:50.000Z</time>
        <extensions>
          <ns3:TrackPointExtension>
            <ns3:hr>155</ns3:hr>
            <ns3:cad>88</ns3:cad>
          </ns3:TrackPointExtension>
        </extensions>
      </trkpt>
      <trkpt lat="24.517751745879650115966796875" lon="118.16711596213281154632568359375">
        <ele>8</ele>
        <time>2025-08-11T12:16:51.000Z</time>
        <extensions>
          <ns3:TrackPointExtension>
            <ns3:hr>155</ns3:hr>
            <ns3:cad>88</ns3:cad>
          </ns3:TrackPointExtension>
        </extensions>
      </trkpt>
      <trkpt lat="24.51777714304625988006591796875" lon="118.167132474482059478759765625">
        <ele>8</ele>
        <time>2025-08-11T12:16:52.000Z</time>
        <extensions>
          <ns3:TrackPointExtension>
            <ns3:hr>156</ns3:hr>
            <ns3:cad>88</ns3:cad>
          </ns3:TrackPointExtension>
        </extensions>
      </trkpt>
      <trkpt lat="24.51779793016612529754638671875" lon="118.16714798100292682647705078125">
        <ele>8.19999980926513671875</ele>
        <time>2025-08-11T12:16:53.000Z</time>
        <extensions>
          <ns3:TrackPointExtension>
            <ns3:hr>156</ns3:hr>
            <ns3:cad>88</ns3:cad>
          </ns3:TrackPointExtension>
        </extensions>
      </trkpt>
      <trkpt lat="24.51781871728599071502685546875" lon="118.16716239787638187408447265625">
        <ele>8</ele>
        <time>2025-08-11T12:16:54.000Z</time>
        <extensions>
          <ns3:TrackPointExtension>
            <ns3:hr>156</ns3:hr>
            <ns3:cad>88</ns3:cad>
          </ns3:TrackPointExtension>
        </extensions>
      </trkpt>
      <trkpt lat="24.51783816330134868621826171875" lon="118.16717983223497867584228515625">
        <ele>8</ele>
        <time>2025-08-11T12:16:55.000Z</time>
        <extensions>
          <ns3:TrackPointExtension>
            <ns3:hr>155</ns3:hr>
            <ns3:cad>88</ns3:cad>
          </ns3:TrackPointExtension>
        </extensions>
      </trkpt>
      <trkpt lat="24.51785760931670665740966796875" lon="118.16719047725200653076171875">
        <ele>8</ele>
        <time>2025-08-11T12:16:56.000Z</time>
        <extensions>
          <ns3:TrackPointExtension>
            <ns3:hr>156</ns3:hr>
            <ns3:cad>88</ns3:cad>
          </ns3:TrackPointExtension>
        </extensions>
      </trkpt>
      <trkpt lat="24.51787739060819149017333984375" lon="118.16721059381961822509765625">
        <ele>8</ele>
        <time>2025-08-11T12:16:57.000Z</time>
        <extensions>
          <ns3:TrackPointExtension>
            <ns3:hr>156</ns3:hr>
            <ns3:cad>88</ns3:cad>
          </ns3:TrackPointExtension>
        </extensions>
      </trkpt>
      <trkpt lat="24.51789884828031063079833984375" lon="118.16721671260893344879150390625">
        <ele>8</ele>
        <time>2025-08-11T12:16:58.000Z</time>
        <extensions>
          <ns3:TrackPointExtension>
            <ns3:hr>155</ns3:hr>
            <ns3:cad>88</ns3:cad>
          </ns3:TrackPointExtension>
        </extensions>
      </trkpt>
      <trkpt lat="24.5179237425327301025390625" lon="118.16723565571010112762451171875">
        <ele>8</ele>
        <time>2025-08-11T12:16:59.000Z</time>
        <extensions>
          <ns3:TrackPointExtension>
            <ns3:hr>156</ns3:hr>
            <ns3:cad>88</ns3:cad>
          </ns3:TrackPointExtension>
        </extensions>
      </trkpt>
      <trkpt lat="24.51794461347162723541259765625" lon="118.16724454052746295928955078125">
        <ele>8</ele>
        <time>2025-08-11T12:17:00.000Z</time>
        <extensions>
          <ns3:TrackPointExtension>
            <ns3:hr>156</ns3:hr>
            <ns3:cad>88</ns3:cad>
          </ns3:TrackPointExtension>
        </extensions>
      </trkpt>
      <trkpt lat="24.51797193847596645355224609375" lon="118.16726247780025005340576171875">
        <ele>8</ele>
        <time>2025-08-11T12:17:01.000Z</time>
        <extensions>
          <ns3:TrackPointExtension>
            <ns3:hr>155</ns3:hr>
            <ns3:cad>88</ns3:cad>
          </ns3:TrackPointExtension>
        </extensions>
      </trkpt>
      <trkpt lat="24.51799272559583187103271484375" lon="118.1672687642276287078857421875">
        <ele>7.80000019073486328125</ele>
        <time>2025-08-11T12:17:02.000Z</time>
        <extensions>
          <ns3:TrackPointExtension>
            <ns3:hr>156</ns3:hr>
            <ns3:cad>88</ns3:cad>
          </ns3:TrackPointExtension>
        </extensions>
      </trkpt>
      <trkpt lat="24.51801803894340991973876953125" lon="118.16728594712913036346435546875">
        <ele>7.80000019073486328125</ele>
        <time>2025-08-11T12:17:03.000Z</time>
        <extensions>
          <ns3:TrackPointExtension>
            <ns3:hr>155</ns3:hr>
            <ns3:cad>88</ns3:cad>
          </ns3:TrackPointExtension>
        </extensions>
      </trkpt>
      <trkpt lat="24.518038742244243621826171875" lon="118.167296759784221649169921875">
        <ele>7.80000019073486328125</ele>
        <time>2025-08-11T12:17:04.000Z</time>
        <extensions>
          <ns3:TrackPointExtension>
            <ns3:hr>155</ns3:hr>
            <ns3:cad>88</ns3:cad>
          </ns3:TrackPointExtension>
        </extensions>
      </trkpt>
      <trkpt lat="24.518060199916362762451171875" lon="118.16731327213346958160400390625">
        <ele>7.80000019073486328125</ele>
        <time>2025-08-11T12:17:05.000Z</time>
        <extensions>
          <ns3:TrackPointExtension>
            <ns3:hr>155</ns3:hr>
            <ns3:cad>87</ns3:cad>
          </ns3:TrackPointExtension>
        </extensions>
      </trkpt>
      <trkpt lat="24.5180824957787990570068359375" lon="118.1673239171504974365234375">
        <ele>8</ele>
        <time>2025-08-11T12:17:06.000Z</time>
        <extensions>
          <ns3:TrackPointExtension>
            <ns3:hr>156</ns3:hr>
            <ns3:cad>87</ns3:cad>
          </ns3:TrackPointExtension>
        </extensions>
      </trkpt>
      <trkpt lat="24.51810412108898162841796875" lon="118.16733858548104763031005859375">
        <ele>8</ele>
        <time>2025-08-11T12:17:07.000Z</time>
        <extensions>
          <ns3:TrackPointExtension>
            <ns3:hr>155</ns3:hr>
            <ns3:cad>87</ns3:cad>
          </ns3:TrackPointExtension>
        </extensions>
      </trkpt>
      <trkpt lat="24.51812599785625934600830078125" lon="118.16735300235450267791748046875">
        <ele>8</ele>
        <time>2025-08-11T12:17:08.000Z</time>
        <extensions>
          <ns3:TrackPointExtension>
            <ns3:hr>155</ns3:hr>
            <ns3:cad>88</ns3:cad>
          </ns3:TrackPointExtension>
        </extensions>
      </trkpt>
      <trkpt lat="24.51814762316644191741943359375" lon="118.16736624576151371002197265625">
        <ele>8.19999980926513671875</ele>
        <time>2025-08-11T12:17:09.000Z</time>
        <extensions>
          <ns3:TrackPointExtension>
            <ns3:hr>155</ns3:hr>
            <ns3:cad>88</ns3:cad>
          </ns3:TrackPointExtension>
        </extensions>
      </trkpt>
      <trkpt lat="24.51816891320049762725830078125" lon="118.167387284338474273681640625">
        <ele>8.19999980926513671875</ele>
        <time>2025-08-11T12:17:10.000Z</time>
        <extensions>
          <ns3:TrackPointExtension>
            <ns3:hr>155</ns3:hr>
            <ns3:cad>88</ns3:cad>
          </ns3:TrackPointExtension>
        </extensions>
      </trkpt>
      <trkpt lat="24.518185593187808990478515625" lon="118.16739323548972606658935546875">
        <ele>8</ele>
        <time>2025-08-11T12:17:11.000Z</time>
        <extensions>
          <ns3:TrackPointExtension>
            <ns3:hr>155</ns3:hr>
            <ns3:cad>88</ns3:cad>
          </ns3:TrackPointExtension>
        </extensions>
      </trkpt>
      <trkpt lat="24.51820629648864269256591796875" lon="118.1674082390964031219482421875">
        <ele>8</ele>
        <time>2025-08-11T12:17:12.000Z</time>
        <extensions>
          <ns3:TrackPointExtension>
            <ns3:hr>155</ns3:hr>
            <ns3:cad>88</ns3:cad>
          </ns3:TrackPointExtension>
        </extensions>
      </trkpt>
      <trkpt lat="24.5182219706475734710693359375" lon="118.1674149446189403533935546875">
        <ele>8</ele>
        <time>2025-08-11T12:17:13.000Z</time>
        <extensions>
          <ns3:TrackPointExtension>
            <ns3:hr>155</ns3:hr>
            <ns3:cad>88</ns3:cad>
          </ns3:TrackPointExtension>
        </extensions>
      </trkpt>
      <trkpt lat="24.5182454399764537811279296875" lon="118.167429529130458831787109375">
        <ele>8.19999980926513671875</ele>
        <time>2025-08-11T12:17:14.000Z</time>
        <extensions>
          <ns3:TrackPointExtension>
            <ns3:hr>155</ns3:hr>
            <ns3:cad>88</ns3:cad>
          </ns3:TrackPointExtension>
        </extensions>
      </trkpt>
      <trkpt lat="24.518262036144733428955078125" lon="118.16743497736752033233642578125">
        <ele>8.19999980926513671875</ele>
        <time>2025-08-11T12:17:15.000Z</time>
        <extensions>
          <ns3:TrackPointExtension>
            <ns3:hr>155</ns3:hr>
            <ns3:cad>88</ns3:cad>
          </ns3:TrackPointExtension>
        </extensions>
      </trkpt>
      <trkpt lat="24.51828391291201114654541015625" lon="118.1674488075077533721923828125">
        <ele>8.19999980926513671875</ele>
        <time>2025-08-11T12:17:16.000Z</time>
        <extensions>
          <ns3:TrackPointExtension>
            <ns3:hr>155</ns3:hr>
            <ns3:cad>88</ns3:cad>
          </ns3:TrackPointExtension>
        </extensions>
      </trkpt>
      <trkpt lat="24.51830822043120861053466796875" lon="118.1674504838883876800537109375">
        <ele>8.3999996185302734375</ele>
        <time>2025-08-11T12:17:17.000Z</time>
        <extensions>
          <ns3:TrackPointExtension>
            <ns3:hr>155</ns3:hr>
            <ns3:cad>88</ns3:cad>
          </ns3:TrackPointExtension>
        </extensions>
      </trkpt>
      <trkpt lat="24.5183352939784526824951171875" lon="118.16746146418154239654541015625">
        <ele>8.3999996185302734375</ele>
        <time>2025-08-11T12:17:18.000Z</time>
        <extensions>
          <ns3:TrackPointExtension>
            <ns3:hr>155</ns3:hr>
            <ns3:cad>88</ns3:cad>
          </ns3:TrackPointExtension>
        </extensions>
      </trkpt>
      <trkpt lat="24.5183567516505718231201171875" lon="118.1674685887992382049560546875">
        <ele>8.3999996185302734375</ele>
        <time>2025-08-11T12:17:19.000Z</time>
        <extensions>
          <ns3:TrackPointExtension>
            <ns3:hr>155</ns3:hr>
            <ns3:cad>87</ns3:cad>
          </ns3:TrackPointExtension>
        </extensions>
      </trkpt>
      <trkpt lat="24.518384076654911041259765625" lon="118.1674819998443126678466796875">
        <ele>8.3999996185302734375</ele>
        <time>2025-08-11T12:17:20.000Z</time>
        <extensions>
          <ns3:TrackPointExtension>
            <ns3:hr>155</ns3:hr>
            <ns3:cad>87</ns3:cad>
          </ns3:TrackPointExtension>
        </extensions>
      </trkpt>
      <trkpt lat="24.51840561814606189727783203125" lon="118.16749314777553081512451171875">
        <ele>8.3999996185302734375</ele>
        <time>2025-08-11T12:17:21.000Z</time>
        <extensions>
          <ns3:TrackPointExtension>
            <ns3:hr>155</ns3:hr>
            <ns3:cad>88</ns3:cad>
          </ns3:TrackPointExtension>
        </extensions>
      </trkpt>
      <trkpt lat="24.51842866837978363037109375" lon="118.16750002093613147735595703125">
        <ele>8.3999996185302734375</ele>
        <time>2025-08-11T12:17:22.000Z</time>
        <extensions>
          <ns3:TrackPointExtension>
            <ns3:hr>154</ns3:hr>
            <ns3:cad>88</ns3:cad>
          </ns3:TrackPointExtension>
        </extensions>
      </trkpt>
      <trkpt lat="24.518451131880283355712890625" lon="118.16751234233379364013671875">
        <ele>8.3999996185302734375</ele>
        <time>2025-08-11T12:17:23.000Z</time>
        <extensions>
          <ns3:TrackPointExtension>
            <ns3:hr>155</ns3:hr>
            <ns3:cad>88</ns3:cad>
          </ns3:TrackPointExtension>
        </extensions>
      </trkpt>
      <trkpt lat="24.51847158372402191162109375" lon="118.16752038896083831787109375">
        <ele>8.3999996185302734375</ele>
        <time>2025-08-11T12:17:24.000Z</time>
        <extensions>
          <ns3:TrackPointExtension>
            <ns3:hr>155</ns3:hr>
            <ns3:cad>88</ns3:cad>
          </ns3:TrackPointExtension>
        </extensions>
      </trkpt>
      <trkpt lat="24.51849061064422130584716796875" lon="118.1675353087484836578369140625">
        <ele>8.3999996185302734375</ele>
        <time>2025-08-11T12:17:25.000Z</time>
        <extensions>
          <ns3:TrackPointExtension>
            <ns3:hr>155</ns3:hr>
            <ns3:cad>88</ns3:cad>
          </ns3:TrackPointExtension>
        </extensions>
      </trkpt>
      <trkpt lat="24.51851240359246730804443359375" lon="118.16754461266100406646728515625">
        <ele>8.3999996185302734375</ele>
        <time>2025-08-11T12:17:26.000Z</time>
        <extensions>
          <ns3:TrackPointExtension>
            <ns3:hr>154</ns3:hr>
            <ns3:cad>88</ns3:cad>
          </ns3:TrackPointExtension>
        </extensions>
      </trkpt>
      <trkpt lat="24.5185334421694278717041015625" lon="118.16755970008671283721923828125">
        <ele>8.3999996185302734375</ele>
        <time>2025-08-11T12:17:27.000Z</time>
        <extensions>
          <ns3:TrackPointExtension>
            <ns3:hr>155</ns3:hr>
            <ns3:cad>88</ns3:cad>
          </ns3:TrackPointExtension>
        </extensions>
      </trkpt>
      <trkpt lat="24.51855414547026157379150390625" lon="118.16756539978086948394775390625">
        <ele>8.6000003814697265625</ele>
        <time>2025-08-11T12:17:28.000Z</time>
        <extensions>
          <ns3:TrackPointExtension>
            <ns3:hr>155</ns3:hr>
            <ns3:cad>88</ns3:cad>
          </ns3:TrackPointExtension>
        </extensions>
      </trkpt>
      <trkpt lat="24.51857484877109527587890625" lon="118.16757512278854846954345703125">
        <ele>8.6000003814697265625</ele>
        <time>2025-08-11T12:17:29.000Z</time>
        <extensions>
          <ns3:TrackPointExtension>
            <ns3:hr>154</ns3:hr>
            <ns3:cad>88</ns3:cad>
          </ns3:TrackPointExtension>
        </extensions>
      </trkpt>
      <trkpt lat="24.5185954682528972625732421875" lon="118.1675832532346248626708984375">
        <ele>8.6000003814697265625</ele>
        <time>2025-08-11T12:17:30.000Z</time>
        <extensions>
          <ns3:TrackPointExtension>
            <ns3:hr>154</ns3:hr>
            <ns3:cad>88</ns3:cad>
          </ns3:TrackPointExtension>
        </extensions>
      </trkpt>
      <trkpt lat="24.51862053014338016510009765625" lon="118.16759280860424041748046875">
        <ele>8.6000003814697265625</ele>
        <time>2025-08-11T12:17:31.000Z</time>
        <extensions>
          <ns3:TrackPointExtension>
            <ns3:hr>154</ns3:hr>
            <ns3:cad>87</ns3:cad>
          </ns3:TrackPointExtension>
        </extensions>
      </trkpt>
      <trkpt lat="24.5186424069106578826904296875" lon="118.167595155537128448486328125">
        <ele>8.6000003814697265625</ele>
        <time>2025-08-11T12:17:32.000Z</time>
        <extensions>
          <ns3:TrackPointExtension>
            <ns3:hr>154</ns3:hr>
            <ns3:cad>88</ns3:cad>
          </ns3:TrackPointExtension>
        </extensions>
      </trkpt>
      <trkpt lat="24.5186702348291873931884765625" lon="118.16760219633579254150390625">
        <ele>8.6000003814697265625</ele>
        <time>2025-08-11T12:17:33.000Z</time>
        <extensions>
          <ns3:TrackPointExtension>
            <ns3:hr>155</ns3:hr>
            <ns3:cad>88</ns3:cad>
          </ns3:TrackPointExtension>
        </extensions>
      </trkpt>
      <trkpt lat="24.5186970569193363189697265625" lon="118.16761217080056667327880859375">
        <ele>8.6000003814697265625</ele>
        <time>2025-08-11T12:17:34.000Z</time>
        <extensions>
          <ns3:TrackPointExtension>
            <ns3:hr>155</ns3:hr>
            <ns3:cad>88</ns3:cad>
          </ns3:TrackPointExtension>
        </extensions>
      </trkpt>
      <trkpt lat="24.51872396282851696014404296875" lon="118.16761770285665988922119140625">
        <ele>8.6000003814697265625</ele>
        <time>2025-08-11T12:17:35.000Z</time>
        <extensions>
          <ns3:TrackPointExtension>
            <ns3:hr>155</ns3:hr>
            <ns3:cad>88</ns3:cad>
          </ns3:TrackPointExtension>
        </extensions>
      </trkpt>
      <trkpt lat="24.51875464059412479400634765625" lon="118.16762725822627544403076171875">
        <ele>8.6000003814697265625</ele>
        <time>2025-08-11T12:17:36.000Z</time>
        <extensions>
          <ns3:TrackPointExtension>
            <ns3:hr>155</ns3:hr>
            <ns3:cad>88</ns3:cad>
          </ns3:TrackPointExtension>
        </extensions>
      </trkpt>
      <trkpt lat="24.51878179796040058135986328125" lon="118.16763245500624179840087890625">
        <ele>8.6000003814697265625</ele>
        <time>2025-08-11T12:17:37.000Z</time>
        <extensions>
          <ns3:TrackPointExtension>
            <ns3:hr>155</ns3:hr>
            <ns3:cad>88</ns3:cad>
          </ns3:TrackPointExtension>
        </extensions>
      </trkpt>
      <trkpt lat="24.5188076980412006378173828125" lon="118.1676462851464748382568359375">
        <ele>8.6000003814697265625</ele>
        <time>2025-08-11T12:17:38.000Z</time>
        <extensions>
          <ns3:TrackPointExtension>
            <ns3:hr>155</ns3:hr>
            <ns3:cad>88</ns3:cad>
          </ns3:TrackPointExtension>
        </extensions>
      </trkpt>
      <trkpt lat="24.51882722787559032440185546875" lon="118.1676573492586612701416015625">
        <ele>8.6000003814697265625</ele>
        <time>2025-08-11T12:17:39.000Z</time>
        <extensions>
          <ns3:TrackPointExtension>
            <ns3:hr>156</ns3:hr>
            <ns3:cad>88</ns3:cad>
          </ns3:TrackPointExtension>
        </extensions>
      </trkpt>
      <trkpt lat="24.51884432695806026458740234375" lon="118.16768660210072994232177734375">
        <ele>8.6000003814697265625</ele>
        <time>2025-08-11T12:17:40.000Z</time>
        <extensions>
          <ns3:TrackPointExtension>
            <ns3:hr>156</ns3:hr>
            <ns3:cad>88</ns3:cad>
          </ns3:TrackPointExtension>
        </extensions>
      </trkpt>
      <trkpt lat="24.518859498202800750732421875" lon="118.1677032820880413055419921875">
        <ele>8.6000003814697265625</ele>
        <time>2025-08-11T12:17:41.000Z</time>
        <extensions>
          <ns3:TrackPointExtension>
            <ns3:hr>156</ns3:hr>
            <ns3:cad>88</ns3:cad>
          </ns3:TrackPointExtension>
        </extensions>
      </trkpt>
      <trkpt lat="24.51887668110430240631103515625" lon="118.167731277644634246826171875">
        <ele>8.6000003814697265625</ele>
        <time>2025-08-11T12:17:42.000Z</time>
        <extensions>
          <ns3:TrackPointExtension>
            <ns3:hr>156</ns3:hr>
            <ns3:cad>88</ns3:cad>
          </ns3:TrackPointExtension>
        </extensions>
      </trkpt>
      <trkpt lat="24.51888808049261569976806640625" lon="118.167745359241962432861328125">
        <ele>8.6000003814697265625</ele>
        <time>2025-08-11T12:17:43.000Z</time>
        <extensions>
          <ns3:TrackPointExtension>
            <ns3:hr>156</ns3:hr>
            <ns3:cad>88</ns3:cad>
          </ns3:TrackPointExtension>
        </extensions>
      </trkpt>
      <trkpt lat="24.5189066044986248016357421875" lon="118.1677713431417942047119140625">
        <ele>8.3999996185302734375</ele>
        <time>2025-08-11T12:17:44.000Z</time>
        <extensions>
          <ns3:TrackPointExtension>
            <ns3:hr>156</ns3:hr>
            <ns3:cad>88</ns3:cad>
          </ns3:TrackPointExtension>
        </extensions>
      </trkpt>
      <trkpt lat="24.51891817152500152587890625" lon="118.16778819076716899871826171875">
        <ele>8.3999996185302734375</ele>
        <time>2025-08-11T12:17:45.000Z</time>
        <extensions>
          <ns3:TrackPointExtension>
            <ns3:hr>157</ns3:hr>
            <ns3:cad>88</ns3:cad>
          </ns3:TrackPointExtension>
        </extensions>
      </trkpt>
      <trkpt lat="24.51893401332199573516845703125" lon="118.167810402810573577880859375">
        <ele>8.3999996185302734375</ele>
        <time>2025-08-11T12:17:46.000Z</time>
        <extensions>
          <ns3:TrackPointExtension>
            <ns3:hr>157</ns3:hr>
            <ns3:cad>88</ns3:cad>
          </ns3:TrackPointExtension>
        </extensions>
      </trkpt>
      <trkpt lat="24.518951363861560821533203125" lon="118.1678347103297710418701171875">
        <ele>8.3999996185302734375</ele>
        <time>2025-08-11T12:17:47.000Z</time>
        <extensions>
          <ns3:TrackPointExtension>
            <ns3:hr>157</ns3:hr>
            <ns3:cad>88</ns3:cad>
          </ns3:TrackPointExtension>
        </extensions>
      </trkpt>
      <trkpt lat="24.51896955259144306182861328125" lon="118.16785222850739955902099609375">
        <ele>8.3999996185302734375</ele>
        <time>2025-08-11T12:17:48.000Z</time>
        <extensions>
          <ns3:TrackPointExtension>
            <ns3:hr>157</ns3:hr>
            <ns3:cad>87</ns3:cad>
          </ns3:TrackPointExtension>
        </extensions>
      </trkpt>
      <trkpt lat="24.518983550369739532470703125" lon="118.16787720657885074615478515625">
        <ele>8.3999996185302734375</ele>
        <time>2025-08-11T12:17:49.000Z</time>
        <extensions>
          <ns3:TrackPointExtension>
            <ns3:hr>157</ns3:hr>
            <ns3:cad>87</ns3:cad>
          </ns3:TrackPointExtension>
        </extensions>
      </trkpt>
      <trkpt lat="24.518995620310306549072265625" lon="118.16789464093744754791259765625">
        <ele>8.19999980926513671875</ele>
        <time>2025-08-11T12:17:50.000Z</time>
        <extensions>
          <ns3:TrackPointExtension>
            <ns3:hr>157</ns3:hr>
            <ns3:cad>88</ns3:cad>
          </ns3:TrackPointExtension>
        </extensions>
      </trkpt>
      <trkpt lat="24.51901598833501338958740234375" lon="118.1679205410182476043701171875">
        <ele>8.19999980926513671875</ele>
        <time>2025-08-11T12:17:51.000Z</time>
        <extensions>
          <ns3:TrackPointExtension>
            <ns3:hr>157</ns3:hr>
            <ns3:cad>88</ns3:cad>
          </ns3:TrackPointExtension>
        </extensions>
      </trkpt>
      <trkpt lat="24.51903660781681537628173828125" lon="118.16793587990105152130126953125">
        <ele>8</ele>
        <time>2025-08-11T12:17:52.000Z</time>
        <extensions>
          <ns3:TrackPointExtension>
            <ns3:hr>157</ns3:hr>
            <ns3:cad>88</ns3:cad>
          </ns3:TrackPointExtension>
        </extensions>
      </trkpt>
      <trkpt lat="24.5190598256886005401611328125" lon="118.16795432008802890777587890625">
        <ele>8</ele>
        <time>2025-08-11T12:17:53.000Z</time>
        <extensions>
          <ns3:TrackPointExtension>
            <ns3:hr>157</ns3:hr>
            <ns3:cad>88</ns3:cad>
          </ns3:TrackPointExtension>
        </extensions>
      </trkpt>
      <trkpt lat="24.5190782658755779266357421875" lon="118.16796957515180110931396484375">
        <ele>8</ele>
        <time>2025-08-11T12:17:54.000Z</time>
        <extensions>
          <ns3:TrackPointExtension>
            <ns3:hr>157</ns3:hr>
            <ns3:cad>89</ns3:cad>
          </ns3:TrackPointExtension>
        </extensions>
      </trkpt>
      <trkpt lat="24.519099555909633636474609375" lon="118.167990110814571380615234375">
        <ele>7.80000019073486328125</ele>
        <time>2025-08-11T12:17:55.000Z</time>
        <extensions>
          <ns3:TrackPointExtension>
            <ns3:hr>157</ns3:hr>
            <ns3:cad>89</ns3:cad>
          </ns3:TrackPointExtension>
        </extensions>
      </trkpt>
      <trkpt lat="24.51910986565053462982177734375" lon="118.16801584325730800628662109375">
        <ele>7.80000019073486328125</ele>
        <time>2025-08-11T12:17:56.000Z</time>
        <extensions>
          <ns3:TrackPointExtension>
            <ns3:hr>157</ns3:hr>
            <ns3:cad>88</ns3:cad>
          </ns3:TrackPointExtension>
        </extensions>
      </trkpt>
      <trkpt lat="24.519121684134006500244140625" lon="118.16804534755647182464599609375">
        <ele>7.80000019073486328125</ele>
        <time>2025-08-11T12:17:57.000Z</time>
        <extensions>
          <ns3:TrackPointExtension>
            <ns3:hr>157</ns3:hr>
            <ns3:cad>88</ns3:cad>
          </ns3:TrackPointExtension>
        </extensions>
      </trkpt>
      <trkpt lat="24.51912914402782917022705078125" lon="118.1680781207978725433349609375">
        <ele>7.80000019073486328125</ele>
        <time>2025-08-11T12:17:58.000Z</time>
        <extensions>
          <ns3:TrackPointExtension>
            <ns3:hr>158</ns3:hr>
            <ns3:cad>87</ns3:cad>
          </ns3:TrackPointExtension>
        </extensions>
      </trkpt>
      <trkpt lat="24.51913953758776187896728515625" lon="118.16810385324060916900634765625">
        <ele>7.599999904632568359375</ele>
        <time>2025-08-11T12:17:59.000Z</time>
        <extensions>
          <ns3:TrackPointExtension>
            <ns3:hr>157</ns3:hr>
            <ns3:cad>87</ns3:cad>
          </ns3:TrackPointExtension>
        </extensions>
      </trkpt>
      <trkpt lat="24.51914641074836254119873046875" lon="118.16813671030104160308837890625">
        <ele>7.599999904632568359375</ele>
        <time>2025-08-11T12:18:00.000Z</time>
        <extensions>
          <ns3:TrackPointExtension>
            <ns3:hr>158</ns3:hr>
            <ns3:cad>87</ns3:cad>
          </ns3:TrackPointExtension>
        </extensions>
      </trkpt>
      <trkpt lat="24.51915663667023181915283203125" lon="118.1681592576205730438232421875">
        <ele>7.400000095367431640625</ele>
        <time>2025-08-11T12:18:01.000Z</time>
        <extensions>
          <ns3:TrackPointExtension>
            <ns3:hr>158</ns3:hr>
            <ns3:cad>87</ns3:cad>
          </ns3:TrackPointExtension>
        </extensions>
      </trkpt>
      <trkpt lat="24.51916485093533992767333984375" lon="118.16818918101489543914794921875">
        <ele>7.19999980926513671875</ele>
        <time>2025-08-11T12:18:02.000Z</time>
        <extensions>
          <ns3:TrackPointExtension>
            <ns3:hr>158</ns3:hr>
            <ns3:cad>87</ns3:cad>
          </ns3:TrackPointExtension>
        </extensions>
      </trkpt>
      <trkpt lat="24.5191728137433528900146484375" lon="118.168210722506046295166015625">
        <ele>7.19999980926513671875</ele>
        <time>2025-08-11T12:18:03.000Z</time>
        <extensions>
          <ns3:TrackPointExtension>
            <ns3:hr>158</ns3:hr>
            <ns3:cad>87</ns3:cad>
          </ns3:TrackPointExtension>
        </extensions>
      </trkpt>
      <trkpt lat="24.51918371021747589111328125" lon="118.16824181936681270599365234375">
        <ele>7.19999980926513671875</ele>
        <time>2025-08-11T12:18:04.000Z</time>
        <extensions>
          <ns3:TrackPointExtension>
            <ns3:hr>158</ns3:hr>
            <ns3:cad>87</ns3:cad>
          </ns3:TrackPointExtension>
        </extensions>
      </trkpt>
      <trkpt lat="24.51919167302548885345458984375" lon="118.16826227121055126190185546875">
        <ele>7.19999980926513671875</ele>
        <time>2025-08-11T12:18:05.000Z</time>
        <extensions>
          <ns3:TrackPointExtension>
            <ns3:hr>158</ns3:hr>
            <ns3:cad>87</ns3:cad>
          </ns3:TrackPointExtension>
        </extensions>
      </trkpt>
      <trkpt lat="24.519204832613468170166015625" lon="118.16829127259552478790283203125">
        <ele>7.19999980926513671875</ele>
        <time>2025-08-11T12:18:06.000Z</time>
        <extensions>
          <ns3:TrackPointExtension>
            <ns3:hr>158</ns3:hr>
            <ns3:cad>87</ns3:cad>
          </ns3:TrackPointExtension>
        </extensions>
      </trkpt>
      <trkpt lat="24.51921849511563777923583984375" lon="118.16831373609602451324462890625">
        <ele>7.19999980926513671875</ele>
        <time>2025-08-11T12:18:07.000Z</time>
        <extensions>
          <ns3:TrackPointExtension>
            <ns3:hr>158</ns3:hr>
            <ns3:cad>87</ns3:cad>
          </ns3:TrackPointExtension>
        </extensions>
      </trkpt>
      <trkpt lat="24.5192353427410125732421875" lon="118.16833284683525562286376953125">
        <ele>7.19999980926513671875</ele>
        <time>2025-08-11T12:18:08.000Z</time>
        <extensions>
          <ns3:TrackPointExtension>
            <ns3:hr>158</ns3:hr>
            <ns3:cad>87</ns3:cad>
          </ns3:TrackPointExtension>
        </extensions>
      </trkpt>
      <trkpt lat="24.51925001107156276702880859375" lon="118.1683567352592945098876953125">
        <ele>7.19999980926513671875</ele>
        <time>2025-08-11T12:18:09.000Z</time>
        <extensions>
          <ns3:TrackPointExtension>
            <ns3:hr>158</ns3:hr>
            <ns3:cad>87</ns3:cad>
          </ns3:TrackPointExtension>
        </extensions>
      </trkpt>
      <trkpt lat="24.51926476322114467620849609375" lon="118.1683721579611301422119140625">
        <ele>7.19999980926513671875</ele>
        <time>2025-08-11T12:18:10.000Z</time>
        <extensions>
          <ns3:TrackPointExtension>
            <ns3:hr>158</ns3:hr>
            <ns3:cad>88</ns3:cad>
          </ns3:TrackPointExtension>
        </extensions>
      </trkpt>
      <trkpt lat="24.519276916980743408203125" lon="118.16839906387031078338623046875">
        <ele>7</ele>
        <time>2025-08-11T12:18:11.000Z</time>
        <extensions>
          <ns3:TrackPointExtension>
            <ns3:hr>158</ns3:hr>
            <ns3:cad>88</ns3:cad>
          </ns3:TrackPointExtension>
        </extensions>
      </trkpt>
      <trkpt lat="24.51929007656872272491455078125" lon="118.16841465421020984649658203125">
        <ele>7</ele>
        <time>2025-08-11T12:18:12.000Z</time>
        <extensions>
          <ns3:TrackPointExtension>
            <ns3:hr>158</ns3:hr>
            <ns3:cad>88</ns3:cad>
          </ns3:TrackPointExtension>
        </extensions>
      </trkpt>
      <trkpt lat="24.51929711736738681793212890625" lon="118.16844197921454906463623046875">
        <ele>7</ele>
        <time>2025-08-11T12:18:13.000Z</time>
        <extensions>
          <ns3:TrackPointExtension>
            <ns3:hr>158</ns3:hr>
            <ns3:cad>88</ns3:cad>
          </ns3:TrackPointExtension>
        </extensions>
      </trkpt>
      <trkpt lat="24.51930365525186061859130859375" lon="118.16845857538282871246337890625">
        <ele>7</ele>
        <time>2025-08-11T12:18:14.000Z</time>
        <extensions>
          <ns3:TrackPointExtension>
            <ns3:hr>159</ns3:hr>
            <ns3:cad>87</ns3:cad>
          </ns3:TrackPointExtension>
        </extensions>
      </trkpt>
      <trkpt lat="24.5193143002688884735107421875" lon="118.16848673857748508453369140625">
        <ele>7</ele>
        <time>2025-08-11T12:18:15.000Z</time>
        <extensions>
          <ns3:TrackPointExtension>
            <ns3:hr>158</ns3:hr>
            <ns3:cad>87</ns3:cad>
          </ns3:TrackPointExtension>
        </extensions>
      </trkpt>
      <trkpt lat="24.5193226821720600128173828125" lon="118.168510459363460540771484375">
        <ele>7</ele>
        <time>2025-08-11T12:18:16.000Z</time>
        <extensions>
          <ns3:TrackPointExtension>
            <ns3:hr>158</ns3:hr>
            <ns3:cad>87</ns3:cad>
          </ns3:TrackPointExtension>
        </extensions>
      </trkpt>
      <trkpt lat="24.51933131553232669830322265625" lon="118.168533258140087127685546875">
        <ele>7.19999980926513671875</ele>
        <time>2025-08-11T12:18:17.000Z</time>
        <extensions>
          <ns3:TrackPointExtension>
            <ns3:hr>159</ns3:hr>
            <ns3:cad>87</ns3:cad>
          </ns3:TrackPointExtension>
        </extensions>
      </trkpt>
      <trkpt lat="24.5193384401500225067138671875" lon="118.16856049932539463043212890625">
        <ele>7.19999980926513671875</ele>
        <time>2025-08-11T12:18:18.000Z</time>
        <extensions>
          <ns3:TrackPointExtension>
            <ns3:hr>158</ns3:hr>
            <ns3:cad>86</ns3:cad>
          </ns3:TrackPointExtension>
        </extensions>
      </trkpt>
      <trkpt lat="24.5193488337099552154541015625" lon="118.16858128644526004791259765625">
        <ele>7.19999980926513671875</ele>
        <time>2025-08-11T12:18:19.000Z</time>
        <extensions>
          <ns3:TrackPointExtension>
            <ns3:hr>158</ns3:hr>
            <ns3:cad>86</ns3:cad>
          </ns3:TrackPointExtension>
        </extensions>
      </trkpt>
      <trkpt lat="24.5193545334041118621826171875" lon="118.1686135567724704742431640625">
        <ele>7.19999980926513671875</ele>
        <time>2025-08-11T12:18:20.000Z</time>
        <extensions>
          <ns3:TrackPointExtension>
            <ns3:hr>159</ns3:hr>
            <ns3:cad>86</ns3:cad>
          </ns3:TrackPointExtension>
        </extensions>
      </trkpt>
      <trkpt lat="24.51936132274568080902099609375" lon="118.168633840978145599365234375">
        <ele>7.19999980926513671875</ele>
        <time>2025-08-11T12:18:21.000Z</time>
        <extensions>
          <ns3:TrackPointExtension>
            <ns3:hr>158</ns3:hr>
            <ns3:cad>86</ns3:cad>
          </ns3:TrackPointExtension>
        </extensions>
      </trkpt>
      <trkpt lat="24.51936450786888599395751953125" lon="118.1686678715050220489501953125">
        <ele>7.400000095367431640625</ele>
        <time>2025-08-11T12:18:22.000Z</time>
        <extensions>
          <ns3:TrackPointExtension>
            <ns3:hr>158</ns3:hr>
            <ns3:cad>86</ns3:cad>
          </ns3:TrackPointExtension>
        </extensions>
      </trkpt>
      <trkpt lat="24.51936987228691577911376953125" lon="118.16869041882455348968505859375">
        <ele>7.400000095367431640625</ele>
        <time>2025-08-11T12:18:23.000Z</time>
        <extensions>
          <ns3:TrackPointExtension>
            <ns3:hr>158</ns3:hr>
            <ns3:cad>86</ns3:cad>
          </ns3:TrackPointExtension>
        </extensions>
      </trkpt>
      <trkpt lat="24.51937775127589702606201171875" lon="118.16871422342956066131591796875">
        <ele>7.400000095367431640625</ele>
        <time>2025-08-11T12:18:24.000Z</time>
        <extensions>
          <ns3:TrackPointExtension>
            <ns3:hr>158</ns3:hr>
            <ns3:cad>85</ns3:cad>
          </ns3:TrackPointExtension>
        </extensions>
      </trkpt>
      <trkpt lat="24.5193828642368316650390625" lon="118.168738782405853271484375">
        <ele>7.599999904632568359375</ele>
        <time>2025-08-11T12:18:25.000Z</time>
        <extensions>
          <ns3:TrackPointExtension>
            <ns3:hr>158</ns3:hr>
            <ns3:cad>85</ns3:cad>
          </ns3:TrackPointExtension>
        </extensions>
      </trkpt>
      <trkpt lat="24.51939049176871776580810546875" lon="118.16875965334475040435791015625">
        <ele>7.80000019073486328125</ele>
        <time>2025-08-11T12:18:26.000Z</time>
        <extensions>
          <ns3:TrackPointExtension>
            <ns3:hr>158</ns3:hr>
            <ns3:cad>85</ns3:cad>
          </ns3:TrackPointExtension>
        </extensions>
      </trkpt>
      <trkpt lat="24.51939904130995273590087890625" lon="118.16879468970000743865966796875">
        <ele>7.80000019073486328125</ele>
        <time>2025-08-11T12:18:27.000Z</time>
        <extensions>
          <ns3:TrackPointExtension>
            <ns3:hr>158</ns3:hr>
            <ns3:cad>85</ns3:cad>
          </ns3:TrackPointExtension>
        </extensions>
      </trkpt>
      <trkpt lat="24.5194096863269805908203125" lon="118.16881245933473110198974609375">
        <ele>7.80000019073486328125</ele>
        <time>2025-08-11T12:18:28.000Z</time>
        <extensions>
          <ns3:TrackPointExtension>
            <ns3:hr>158</ns3:hr>
            <ns3:cad>85</ns3:cad>
          </ns3:TrackPointExtension>
        </extensions>
      </trkpt>
      <trkpt lat="24.5194162242114543914794921875" lon="118.16884405910968780517578125">
        <ele>7.599999904632568359375</ele>
        <time>2025-08-11T12:18:29.000Z</time>
        <extensions>
          <ns3:TrackPointExtension>
            <ns3:hr>157</ns3:hr>
            <ns3:cad>85</ns3:cad>
          </ns3:TrackPointExtension>
        </extensions>
      </trkpt>
      <trkpt lat="24.51941865496337413787841796875" lon="118.16886358894407749176025390625">
        <ele>7.599999904632568359375</ele>
        <time>2025-08-11T12:18:30.000Z</time>
        <extensions>
          <ns3:TrackPointExtension>
            <ns3:hr>158</ns3:hr>
            <ns3:cad>86</ns3:cad>
          </ns3:TrackPointExtension>
        </extensions>
      </trkpt>
      <trkpt lat="24.5194239355623722076416015625" lon="118.16889007575809955596923828125">
        <ele>7.599999904632568359375</ele>
        <time>2025-08-11T12:18:31.000Z</time>
        <extensions>
          <ns3:TrackPointExtension>
            <ns3:hr>158</ns3:hr>
            <ns3:cad>86</ns3:cad>
          </ns3:TrackPointExtension>
        </extensions>
      </trkpt>
      <trkpt lat="24.5194252766668796539306640625" lon="118.16890985704958438873291015625">
        <ele>7.599999904632568359375</ele>
        <time>2025-08-11T12:18:32.000Z</time>
        <extensions>
          <ns3:TrackPointExtension>
            <ns3:hr>158</ns3:hr>
            <ns3:cad>86</ns3:cad>
          </ns3:TrackPointExtension>
        </extensions>
      </trkpt>
      <trkpt lat="24.519432820379734039306640625" lon="118.1689340807497501373291015625">
        <ele>7.599999904632568359375</ele>
        <time>2025-08-11T12:18:33.000Z</time>
        <extensions>
          <ns3:TrackPointExtension>
            <ns3:hr>158</ns3:hr>
            <ns3:cad>87</ns3:cad>
          </ns3:TrackPointExtension>
        </extensions>
      </trkpt>
      <trkpt lat="24.51943852007389068603515625" lon="118.16896065138280391693115234375">
        <ele>7.599999904632568359375</ele>
        <time>2025-08-11T12:18:34.000Z</time>
        <extensions>
          <ns3:TrackPointExtension>
            <ns3:hr>158</ns3:hr>
            <ns3:cad>87</ns3:cad>
          </ns3:TrackPointExtension>
        </extensions>
      </trkpt>
      <trkpt lat="24.51944748871028423309326171875" lon="118.16897842101752758026123046875">
        <ele>7.80000019073486328125</ele>
        <time>2025-08-11T12:18:35.000Z</time>
        <extensions>
          <ns3:TrackPointExtension>
            <ns3:hr>158</ns3:hr>
            <ns3:cad>87</ns3:cad>
          </ns3:TrackPointExtension>
        </extensions>
      </trkpt>
      <trkpt lat="24.5194520987570285797119140625" lon="118.1690111942589282989501953125">
        <ele>7.80000019073486328125</ele>
        <time>2025-08-11T12:18:36.000Z</time>
        <extensions>
          <ns3:TrackPointExtension>
            <ns3:hr>158</ns3:hr>
            <ns3:cad>88</ns3:cad>
          </ns3:TrackPointExtension>
        </extensions>
      </trkpt>
      <trkpt lat="24.519453607499599456787109375" lon="118.16902921535074710845947265625">
        <ele>7.80000019073486328125</ele>
        <time>2025-08-11T12:18:37.000Z</time>
        <extensions>
          <ns3:TrackPointExtension>
            <ns3:hr>158</ns3:hr>
            <ns3:cad>88</ns3:cad>
          </ns3:TrackPointExtension>
        </extensions>
      </trkpt>
      <trkpt lat="24.51945553533732891082763671875" lon="118.16905997693538665771484375">
        <ele>7.80000019073486328125</ele>
        <time>2025-08-11T12:18:38.000Z</time>
        <extensions>
          <ns3:TrackPointExtension>
            <ns3:hr>158</ns3:hr>
            <ns3:cad>88</ns3:cad>
          </ns3:TrackPointExtension>
        </extensions>
      </trkpt>
      <trkpt lat="24.51945327222347259521484375" lon="118.169086463749408721923828125">
        <ele>7.80000019073486328125</ele>
        <time>2025-08-11T12:18:39.000Z</time>
        <extensions>
          <ns3:TrackPointExtension>
            <ns3:hr>158</ns3:hr>
            <ns3:cad>86</ns3:cad>
          </ns3:TrackPointExtension>
        </extensions>
      </trkpt>
      <trkpt lat="24.519452266395092010498046875" lon="118.1691154651343822479248046875">
        <ele>7.80000019073486328125</ele>
        <time>2025-08-11T12:18:40.000Z</time>
        <extensions>
          <ns3:TrackPointExtension>
            <ns3:hr>158</ns3:hr>
            <ns3:cad>86</ns3:cad>
          </ns3:TrackPointExtension>
        </extensions>
      </trkpt>
      <trkpt lat="24.51945251785218715667724609375" lon="118.16914371214807033538818359375">
        <ele>7.80000019073486328125</ele>
        <time>2025-08-11T12:18:41.000Z</time>
        <extensions>
          <ns3:TrackPointExtension>
            <ns3:hr>158</ns3:hr>
            <ns3:cad>86</ns3:cad>
          </ns3:TrackPointExtension>
        </extensions>
      </trkpt>
      <trkpt lat="24.519451595842838287353515625" lon="118.1691634096205234527587890625">
        <ele>7.80000019073486328125</ele>
        <time>2025-08-11T12:18:42.000Z</time>
        <extensions>
          <ns3:TrackPointExtension>
            <ns3:hr>157</ns3:hr>
            <ns3:cad>86</ns3:cad>
          </ns3:TrackPointExtension>
        </extensions>
      </trkpt>
      <trkpt lat="24.51945059001445770263671875" lon="118.169190399348735809326171875">
        <ele>7.80000019073486328125</ele>
        <time>2025-08-11T12:18:43.000Z</time>
        <extensions>
          <ns3:TrackPointExtension>
            <ns3:hr>157</ns3:hr>
            <ns3:cad>86</ns3:cad>
          </ns3:TrackPointExtension>
        </extensions>
      </trkpt>
      <trkpt lat="24.51944933272898197174072265625" lon="118.1692103482782840728759765625">
        <ele>7.80000019073486328125</ele>
        <time>2025-08-11T12:18:44.000Z</time>
        <extensions>
          <ns3:TrackPointExtension>
            <ns3:hr>157</ns3:hr>
            <ns3:cad>86</ns3:cad>
          </ns3:TrackPointExtension>
        </extensions>
      </trkpt>
      <trkpt lat="24.51944656670093536376953125" lon="118.16923700273036956787109375">
        <ele>7.80000019073486328125</ele>
        <time>2025-08-11T12:18:45.000Z</time>
        <extensions>
          <ns3:TrackPointExtension>
            <ns3:hr>157</ns3:hr>
            <ns3:cad>86</ns3:cad>
          </ns3:TrackPointExtension>
        </extensions>
      </trkpt>
      <trkpt lat="24.51944924890995025634765625" lon="118.169262148439884185791015625">
        <ele>7.80000019073486328125</ele>
        <time>2025-08-11T12:18:46.000Z</time>
        <extensions>
          <ns3:TrackPointExtension>
            <ns3:hr>157</ns3:hr>
            <ns3:cad>86</ns3:cad>
          </ns3:TrackPointExtension>
        </extensions>
      </trkpt>
      <trkpt lat="24.5194520987570285797119140625" lon="118.16928938962519168853759765625">
        <ele>7.80000019073486328125</ele>
        <time>2025-08-11T12:18:47.000Z</time>
        <extensions>
          <ns3:TrackPointExtension>
            <ns3:hr>158</ns3:hr>
            <ns3:cad>86</ns3:cad>
          </ns3:TrackPointExtension>
        </extensions>
      </trkpt>
      <trkpt lat="24.5194541104137897491455078125" lon="118.1693099252879619598388671875">
        <ele>7.80000019073486328125</ele>
        <time>2025-08-11T12:18:48.000Z</time>
        <extensions>
          <ns3:TrackPointExtension>
            <ns3:hr>157</ns3:hr>
            <ns3:cad>86</ns3:cad>
          </ns3:TrackPointExtension>
        </extensions>
      </trkpt>
      <trkpt lat="24.5194561220705509185791015625" lon="118.16933230496942996978759765625">
        <ele>7.599999904632568359375</ele>
        <time>2025-08-11T12:18:49.000Z</time>
        <extensions>
          <ns3:TrackPointExtension>
            <ns3:hr>157</ns3:hr>
            <ns3:cad>86</ns3:cad>
          </ns3:TrackPointExtension>
        </extensions>
      </trkpt>
      <trkpt lat="24.51945729553699493408203125" lon="118.169358037412166595458984375">
        <ele>7.599999904632568359375</ele>
        <time>2025-08-11T12:18:50.000Z</time>
        <extensions>
          <ns3:TrackPointExtension>
            <ns3:hr>157</ns3:hr>
            <ns3:cad>86</ns3:cad>
          </ns3:TrackPointExtension>
        </extensions>
      </trkpt>
      <trkpt lat="24.5194634981453418731689453125" lon="118.1693820096552371978759765625">
        <ele>7.80000019073486328125</ele>
        <time>2025-08-11T12:18:51.000Z</time>
        <extensions>
          <ns3:TrackPointExtension>
            <ns3:hr>157</ns3:hr>
            <ns3:cad>87</ns3:cad>
          </ns3:TrackPointExtension>
        </extensions>
      </trkpt>
      <trkpt lat="24.519465006887912750244140625" lon="118.16941411234438419342041015625">
        <ele>7.80000019073486328125</ele>
        <time>2025-08-11T12:18:52.000Z</time>
        <extensions>
          <ns3:TrackPointExtension>
            <ns3:hr>154</ns3:hr>
            <ns3:cad>87</ns3:cad>
          </ns3:TrackPointExtension>
        </extensions>
      </trkpt>
      <trkpt lat="24.519468359649181365966796875" lon="118.16943414509296417236328125">
        <ele>7.80000019073486328125</ele>
        <time>2025-08-11T12:18:53.000Z</time>
        <extensions>
          <ns3:TrackPointExtension>
            <ns3:hr>153</ns3:hr>
            <ns3:cad>87</ns3:cad>
          </ns3:TrackPointExtension>
        </extensions>
      </trkpt>
      <trkpt lat="24.519471041858196258544921875" lon="118.16946306265890598297119140625">
        <ele>7.80000019073486328125</ele>
        <time>2025-08-11T12:18:54.000Z</time>
        <extensions>
          <ns3:TrackPointExtension>
            <ns3:hr>153</ns3:hr>
            <ns3:cad>87</ns3:cad>
          </ns3:TrackPointExtension>
        </extensions>
      </trkpt>
      <trkpt lat="24.5194767415523529052734375" lon="118.1694859452545642852783203125">
        <ele>7.599999904632568359375</ele>
        <time>2025-08-11T12:18:55.000Z</time>
        <extensions>
          <ns3:TrackPointExtension>
            <ns3:hr>154</ns3:hr>
            <ns3:cad>87</ns3:cad>
          </ns3:TrackPointExtension>
        </extensions>
      </trkpt>
      <trkpt lat="24.5194792561233043670654296875" lon="118.169518969953060150146484375">
        <ele>7.599999904632568359375</ele>
        <time>2025-08-11T12:18:56.000Z</time>
        <extensions>
          <ns3:TrackPointExtension>
            <ns3:hr>154</ns3:hr>
            <ns3:cad>87</ns3:cad>
          </ns3:TrackPointExtension>
        </extensions>
      </trkpt>
      <trkpt lat="24.5194839499890804290771484375" lon="118.16954118199646472930908203125">
        <ele>7.599999904632568359375</ele>
        <time>2025-08-11T12:18:57.000Z</time>
        <extensions>
          <ns3:TrackPointExtension>
            <ns3:hr>154</ns3:hr>
            <ns3:cad>88</ns3:cad>
          </ns3:TrackPointExtension>
        </extensions>
      </trkpt>
      <trkpt lat="24.519488811492919921875" lon="118.1695724464952945709228515625">
        <ele>7.599999904632568359375</ele>
        <time>2025-08-11T12:18:58.000Z</time>
        <extensions>
          <ns3:TrackPointExtension>
            <ns3:hr>155</ns3:hr>
            <ns3:cad>88</ns3:cad>
          </ns3:TrackPointExtension>
        </extensions>
      </trkpt>
      <trkpt lat="24.5194930024445056915283203125" lon="118.16959482617676258087158203125">
        <ele>7.599999904632568359375</ele>
        <time>2025-08-11T12:18:59.000Z</time>
        <extensions>
          <ns3:TrackPointExtension>
            <ns3:hr>155</ns3:hr>
            <ns3:cad>88</ns3:cad>
          </ns3:TrackPointExtension>
        </extensions>
      </trkpt>
      <trkpt lat="24.51949459500610828399658203125" lon="118.169623911380767822265625">
        <ele>7.599999904632568359375</ele>
        <time>2025-08-11T12:19:00.000Z</time>
        <extensions>
          <ns3:TrackPointExtension>
            <ns3:hr>155</ns3:hr>
            <ns3:cad>88</ns3:cad>
          </ns3:TrackPointExtension>
        </extensions>
      </trkpt>
      <trkpt lat="24.519502222537994384765625" lon="118.1696488894522190093994140625">
        <ele>7.599999904632568359375</ele>
        <time>2025-08-11T12:19:01.000Z</time>
        <extensions>
          <ns3:TrackPointExtension>
            <ns3:hr>154</ns3:hr>
            <ns3:cad>88</ns3:cad>
          </ns3:TrackPointExtension>
        </extensions>
      </trkpt>
      <trkpt lat="24.5195060782134532928466796875" lon="118.16966858692467212677001953125">
        <ele>7.599999904632568359375</ele>
        <time>2025-08-11T12:19:02.000Z</time>
        <extensions>
          <ns3:TrackPointExtension>
            <ns3:hr>154</ns3:hr>
            <ns3:cad>88</ns3:cad>
          </ns3:TrackPointExtension>
        </extensions>
      </trkpt>
      <trkpt lat="24.5195080898702144622802734375" lon="118.16969725303351879119873046875">
        <ele>7.599999904632568359375</ele>
        <time>2025-08-11T12:19:03.000Z</time>
        <extensions>
          <ns3:TrackPointExtension>
            <ns3:hr>154</ns3:hr>
            <ns3:cad>87</ns3:cad>
          </ns3:TrackPointExtension>
        </extensions>
      </trkpt>
      <trkpt lat="24.5195131190121173858642578125" lon="118.1697203032672405242919921875">
        <ele>7.599999904632568359375</ele>
        <time>2025-08-11T12:19:04.000Z</time>
        <extensions>
          <ns3:TrackPointExtension>
            <ns3:hr>154</ns3:hr>
            <ns3:cad>87</ns3:cad>
          </ns3:TrackPointExtension>
        </extensions>
      </trkpt>
      <trkpt lat="24.51951454393565654754638671875" lon="118.1697518192231655120849609375">
        <ele>7.599999904632568359375</ele>
        <time>2025-08-11T12:19:05.000Z</time>
        <extensions>
          <ns3:TrackPointExtension>
            <ns3:hr>155</ns3:hr>
            <ns3:cad>87</ns3:cad>
          </ns3:TrackPointExtension>
        </extensions>
      </trkpt>
      <trkpt lat="24.5195204950869083404541015625" lon="118.16977436654269695281982421875">
        <ele>7.599999904632568359375</ele>
        <time>2025-08-11T12:19:06.000Z</time>
        <extensions>
          <ns3:TrackPointExtension>
            <ns3:hr>154</ns3:hr>
            <ns3:cad>88</ns3:cad>
          </ns3:TrackPointExtension>
        </extensions>
      </trkpt>
      <trkpt lat="24.5195238478481769561767578125" lon="118.16980554722249507904052734375">
        <ele>7.599999904632568359375</ele>
        <time>2025-08-11T12:19:07.000Z</time>
        <extensions>
          <ns3:TrackPointExtension>
            <ns3:hr>154</ns3:hr>
            <ns3:cad>88</ns3:cad>
          </ns3:TrackPointExtension>
        </extensions>
      </trkpt>
      <trkpt lat="24.51952627860009670257568359375" lon="118.1698292680084705352783203125">
        <ele>7.599999904632568359375</ele>
        <time>2025-08-11T12:19:08.000Z</time>
        <extensions>
          <ns3:TrackPointExtension>
            <ns3:hr>154</ns3:hr>
            <ns3:cad>88</ns3:cad>
          </ns3:TrackPointExtension>
        </extensions>
      </trkpt>
      <trkpt lat="24.51953013427555561065673828125" lon="118.169857598841190338134765625">
        <ele>7.599999904632568359375</ele>
        <time>2025-08-11T12:19:09.000Z</time>
        <extensions>
          <ns3:TrackPointExtension>
            <ns3:hr>154</ns3:hr>
            <ns3:cad>88</ns3:cad>
          </ns3:TrackPointExtension>
        </extensions>
      </trkpt>
      <trkpt lat="24.519531391561031341552734375" lon="118.169884420931339263916015625">
        <ele>7.400000095367431640625</ele>
        <time>2025-08-11T12:19:10.000Z</time>
        <extensions>
          <ns3:TrackPointExtension>
            <ns3:hr>154</ns3:hr>
            <ns3:cad>87</ns3:cad>
          </ns3:TrackPointExtension>
        </extensions>
      </trkpt>
      <trkpt lat="24.51953935436904430389404296875" lon="118.16990646533668041229248046875">
        <ele>7.400000095367431640625</ele>
        <time>2025-08-11T12:19:11.000Z</time>
        <extensions>
          <ns3:TrackPointExtension>
            <ns3:hr>155</ns3:hr>
            <ns3:cad>87</ns3:cad>
          </ns3:TrackPointExtension>
        </extensions>
      </trkpt>
      <trkpt lat="24.5195456407964229583740234375" lon="118.16993094049394130706787109375">
        <ele>7.599999904632568359375</ele>
        <time>2025-08-11T12:19:12.000Z</time>
        <extensions>
          <ns3:TrackPointExtension>
            <ns3:hr>154</ns3:hr>
            <ns3:cad>87</ns3:cad>
          </ns3:TrackPointExtension>
        </extensions>
      </trkpt>
      <trkpt lat="24.51955494470894336700439453125" lon="118.1699513085186481475830078125">
        <ele>7.599999904632568359375</ele>
        <time>2025-08-11T12:19:13.000Z</time>
        <extensions>
          <ns3:TrackPointExtension>
            <ns3:hr>154</ns3:hr>
            <ns3:cad>88</ns3:cad>
          </ns3:TrackPointExtension>
        </extensions>
      </trkpt>
      <trkpt lat="24.5195667631924152374267578125" lon="118.1699788011610507965087890625">
        <ele>7.599999904632568359375</ele>
        <time>2025-08-11T12:19:14.000Z</time>
        <extensions>
          <ns3:TrackPointExtension>
            <ns3:hr>154</ns3:hr>
            <ns3:cad>88</ns3:cad>
          </ns3:TrackPointExtension>
        </extensions>
      </trkpt>
      <trkpt lat="24.51957397162914276123046875" lon="118.1699979119002819061279296875">
        <ele>7.400000095367431640625</ele>
        <time>2025-08-11T12:19:15.000Z</time>
        <extensions>
          <ns3:TrackPointExtension>
            <ns3:hr>154</ns3:hr>
            <ns3:cad>88</ns3:cad>
          </ns3:TrackPointExtension>
        </extensions>
      </trkpt>
      <trkpt lat="24.51958763413131237030029296875" lon="118.1700267456471920013427734375">
        <ele>7.400000095367431640625</ele>
        <time>2025-08-11T12:19:16.000Z</time>
        <extensions>
          <ns3:TrackPointExtension>
            <ns3:hr>154</ns3:hr>
            <ns3:cad>87</ns3:cad>
          </ns3:TrackPointExtension>
        </extensions>
      </trkpt>
      <trkpt lat="24.51960079371929168701171875" lon="118.17004501819610595703125">
        <ele>7.400000095367431640625</ele>
        <time>2025-08-11T12:19:17.000Z</time>
        <extensions>
          <ns3:TrackPointExtension>
            <ns3:hr>154</ns3:hr>
            <ns3:cad>87</ns3:cad>
          </ns3:TrackPointExtension>
        </extensions>
      </trkpt>
      <trkpt lat="24.51961378566920757293701171875" lon="118.17007385194301605224609375">
        <ele>7.400000095367431640625</ele>
        <time>2025-08-11T12:19:18.000Z</time>
        <extensions>
          <ns3:TrackPointExtension>
            <ns3:hr>153</ns3:hr>
            <ns3:cad>87</ns3:cad>
          </ns3:TrackPointExtension>
        </extensions>
      </trkpt>
      <trkpt lat="24.519625939428806304931640625" lon="118.17008751444518566131591796875">
        <ele>7.400000095367431640625</ele>
        <time>2025-08-11T12:19:19.000Z</time>
        <extensions>
          <ns3:TrackPointExtension>
            <ns3:hr>154</ns3:hr>
            <ns3:cad>87</ns3:cad>
          </ns3:TrackPointExtension>
        </extensions>
      </trkpt>
      <trkpt lat="24.519639350473880767822265625" lon="118.17010863684117794036865234375">
        <ele>7.400000095367431640625</ele>
        <time>2025-08-11T12:19:20.000Z</time>
        <extensions>
          <ns3:TrackPointExtension>
            <ns3:hr>154</ns3:hr>
            <ns3:cad>88</ns3:cad>
          </ns3:TrackPointExtension>
        </extensions>
      </trkpt>
      <trkpt lat="24.5196519233286380767822265625" lon="118.17012607119977474212646484375">
        <ele>7.400000095367431640625</ele>
        <time>2025-08-11T12:19:21.000Z</time>
        <extensions>
          <ns3:TrackPointExtension>
            <ns3:hr>154</ns3:hr>
            <ns3:cad>88</ns3:cad>
          </ns3:TrackPointExtension>
        </extensions>
      </trkpt>
      <trkpt lat="24.51966525055468082427978515625" lon="118.17014702595770359039306640625">
        <ele>7.400000095367431640625</ele>
        <time>2025-08-11T12:19:22.000Z</time>
        <extensions>
          <ns3:TrackPointExtension>
            <ns3:hr>155</ns3:hr>
            <ns3:cad>88</ns3:cad>
          </ns3:TrackPointExtension>
        </extensions>
      </trkpt>
      <trkpt lat="24.51967966742813587188720703125" lon="118.170165717601776123046875">
        <ele>7.599999904632568359375</ele>
        <time>2025-08-11T12:19:23.000Z</time>
        <extensions>
          <ns3:TrackPointExtension>
            <ns3:hr>156</ns3:hr>
            <ns3:cad>88</ns3:cad>
          </ns3:TrackPointExtension>
        </extensions>
      </trkpt>
      <trkpt lat="24.51969861052930355072021484375" lon="118.17018725909292697906494140625">
        <ele>7.599999904632568359375</ele>
        <time>2025-08-11T12:19:24.000Z</time>
        <extensions>
          <ns3:TrackPointExtension>
            <ns3:hr>157</ns3:hr>
            <ns3:cad>88</ns3:cad>
          </ns3:TrackPointExtension>
        </extensions>
      </trkpt>
      <trkpt lat="24.51971436850726604461669921875" lon="118.17020804621279239654541015625">
        <ele>7.80000019073486328125</ele>
        <time>2025-08-11T12:19:25.000Z</time>
        <extensions>
          <ns3:TrackPointExtension>
            <ns3:hr>157</ns3:hr>
            <ns3:cad>88</ns3:cad>
          </ns3:TrackPointExtension>
        </extensions>
      </trkpt>
      <trkpt lat="24.51973163522779941558837890625" lon="118.17022765986621379852294921875">
        <ele>7.80000019073486328125</ele>
        <time>2025-08-11T12:19:26.000Z</time>
        <extensions>
          <ns3:TrackPointExtension>
            <ns3:hr>158</ns3:hr>
            <ns3:cad>88</ns3:cad>
          </ns3:TrackPointExtension>
        </extensions>
      </trkpt>
      <trkpt lat="24.51974974013864994049072265625" lon="118.17024962045252323150634765625">
        <ele>7.80000019073486328125</ele>
        <time>2025-08-11T12:19:27.000Z</time>
        <extensions>
          <ns3:TrackPointExtension>
            <ns3:hr>158</ns3:hr>
            <ns3:cad>88</ns3:cad>
          </ns3:TrackPointExtension>
        </extensions>
      </trkpt>
      <trkpt lat="24.51976868323981761932373046875" lon="118.1702651269733905792236328125">
        <ele>7.80000019073486328125</ele>
        <time>2025-08-11T12:19:28.000Z</time>
        <extensions>
          <ns3:TrackPointExtension>
            <ns3:hr>158</ns3:hr>
            <ns3:cad>88</ns3:cad>
          </ns3:TrackPointExtension>
        </extensions>
      </trkpt>
      <trkpt lat="24.51978796161711215972900390625" lon="118.1702865846455097198486328125">
        <ele>7.599999904632568359375</ele>
        <time>2025-08-11T12:19:29.000Z</time>
        <extensions>
          <ns3:TrackPointExtension>
            <ns3:hr>158</ns3:hr>
            <ns3:cad>88</ns3:cad>
          </ns3:TrackPointExtension>
        </extensions>
      </trkpt>
      <trkpt lat="24.51980422250926494598388671875" lon="118.17029957659542560577392578125">
        <ele>7.599999904632568359375</ele>
        <time>2025-08-11T12:19:30.000Z</time>
        <extensions>
          <ns3:TrackPointExtension>
            <ns3:hr>158</ns3:hr>
            <ns3:cad>88</ns3:cad>
          </ns3:TrackPointExtension>
        </extensions>
      </trkpt>
      <trkpt lat="24.5198227465152740478515625" lon="118.17032438702881336212158203125">
        <ele>7.400000095367431640625</ele>
        <time>2025-08-11T12:19:31.000Z</time>
        <extensions>
          <ns3:TrackPointExtension>
            <ns3:hr>158</ns3:hr>
            <ns3:cad>88</ns3:cad>
          </ns3:TrackPointExtension>
        </extensions>
      </trkpt>
      <trkpt lat="24.51983682811260223388671875" lon="118.17033846862614154815673828125">
        <ele>7.400000095367431640625</ele>
        <time>2025-08-11T12:19:32.000Z</time>
        <extensions>
          <ns3:TrackPointExtension>
            <ns3:hr>158</ns3:hr>
            <ns3:cad>88</ns3:cad>
          </ns3:TrackPointExtension>
        </extensions>
      </trkpt>
      <trkpt lat="24.51985082589089870452880859375" lon="118.170362524688243865966796875">
        <ele>7.400000095367431640625</ele>
        <time>2025-08-11T12:19:33.000Z</time>
        <extensions>
          <ns3:TrackPointExtension>
            <ns3:hr>157</ns3:hr>
            <ns3:cad>88</ns3:cad>
          </ns3:TrackPointExtension>
        </extensions>
      </trkpt>
      <trkpt lat="24.51986633241176605224609375" lon="118.1703821383416652679443359375">
        <ele>7.400000095367431640625</ele>
        <time>2025-08-11T12:19:34.000Z</time>
        <extensions>
          <ns3:TrackPointExtension>
            <ns3:hr>157</ns3:hr>
            <ns3:cad>88</ns3:cad>
          </ns3:TrackPointExtension>
        </extensions>
      </trkpt>
      <trkpt lat="24.51988334767520427703857421875" lon="118.170406110584735870361328125">
        <ele>7.400000095367431640625</ele>
        <time>2025-08-11T12:19:35.000Z</time>
        <extensions>
          <ns3:TrackPointExtension>
            <ns3:hr>157</ns3:hr>
            <ns3:cad>88</ns3:cad>
          </ns3:TrackPointExtension>
        </extensions>
      </trkpt>
      <trkpt lat="24.5198949985206127166748046875" lon="118.1704277358949184417724609375">
        <ele>7.400000095367431640625</ele>
        <time>2025-08-11T12:19:36.000Z</time>
        <extensions>
          <ns3:TrackPointExtension>
            <ns3:hr>157</ns3:hr>
            <ns3:cad>88</ns3:cad>
          </ns3:TrackPointExtension>
        </extensions>
      </trkpt>
      <trkpt lat="24.51990899629890918731689453125" lon="118.1704428233206272125244140625">
        <ele>7.400000095367431640625</ele>
        <time>2025-08-11T12:19:37.000Z</time>
        <extensions>
          <ns3:TrackPointExtension>
            <ns3:hr>157</ns3:hr>
            <ns3:cad>88</ns3:cad>
          </ns3:TrackPointExtension>
        </extensions>
      </trkpt>
      <trkpt lat="24.5199245028197765350341796875" lon="118.1704575754702091217041015625">
        <ele>7.400000095367431640625</ele>
        <time>2025-08-11T12:19:38.000Z</time>
        <extensions>
          <ns3:TrackPointExtension>
            <ns3:hr>157</ns3:hr>
            <ns3:cad>88</ns3:cad>
          </ns3:TrackPointExtension>
        </extensions>
      </trkpt>
      <trkpt lat="24.5199412666261196136474609375" lon="118.17047375254333019256591796875">
        <ele>7.400000095367431640625</ele>
        <time>2025-08-11T12:19:39.000Z</time>
        <extensions>
          <ns3:TrackPointExtension>
            <ns3:hr>157</ns3:hr>
            <ns3:cad>87</ns3:cad>
          </ns3:TrackPointExtension>
        </extensions>
      </trkpt>
      <trkpt lat="24.51995979063212871551513671875" lon="118.1704904325306415557861328125">
        <ele>7.400000095367431640625</ele>
        <time>2025-08-11T12:19:40.000Z</time>
        <extensions>
          <ns3:TrackPointExtension>
            <ns3:hr>157</ns3:hr>
            <ns3:cad>87</ns3:cad>
          </ns3:TrackPointExtension>
        </extensions>
      </trkpt>
      <trkpt lat="24.5199741236865520477294921875" lon="118.1705051846802234649658203125">
        <ele>7.400000095367431640625</ele>
        <time>2025-08-11T12:19:41.000Z</time>
        <extensions>
          <ns3:TrackPointExtension>
            <ns3:hr>157</ns3:hr>
            <ns3:cad>87</ns3:cad>
          </ns3:TrackPointExtension>
        </extensions>
      </trkpt>
      <trkpt lat="24.51998963020741939544677734375" lon="118.17051951773464679718017578125">
        <ele>7.599999904632568359375</ele>
        <time>2025-08-11T12:19:42.000Z</time>
        <extensions>
          <ns3:TrackPointExtension>
            <ns3:hr>157</ns3:hr>
            <ns3:cad>87</ns3:cad>
          </ns3:TrackPointExtension>
        </extensions>
      </trkpt>
      <trkpt lat="24.520012848079204559326171875" lon="118.1705380417406558990478515625">
        <ele>7.400000095367431640625</ele>
        <time>2025-08-11T12:19:43.000Z</time>
        <extensions>
          <ns3:TrackPointExtension>
            <ns3:hr>157</ns3:hr>
            <ns3:cad>87</ns3:cad>
          </ns3:TrackPointExtension>
        </extensions>
      </trkpt>
      <trkpt lat="24.5200324617326259613037109375" lon="118.17055656574666500091552734375">
        <ele>7.400000095367431640625</ele>
        <time>2025-08-11T12:19:44.000Z</time>
        <extensions>
          <ns3:TrackPointExtension>
            <ns3:hr>157</ns3:hr>
            <ns3:cad>87</ns3:cad>
          </ns3:TrackPointExtension>
        </extensions>
      </trkpt>
      <trkpt lat="24.5200519077479839324951171875" lon="118.1705759279429912567138671875">
        <ele>7.599999904632568359375</ele>
        <time>2025-08-11T12:19:45.000Z</time>
        <extensions>
          <ns3:TrackPointExtension>
            <ns3:hr>157</ns3:hr>
            <ns3:cad>87</ns3:cad>
          </ns3:TrackPointExtension>
        </extensions>
      </trkpt>
      <trkpt lat="24.52007554471492767333984375" lon="118.17059009335935115814208984375">
        <ele>7.599999904632568359375</ele>
        <time>2025-08-11T12:19:46.000Z</time>
        <extensions>
          <ns3:TrackPointExtension>
            <ns3:hr>157</ns3:hr>
            <ns3:cad>87</ns3:cad>
          </ns3:TrackPointExtension>
        </extensions>
      </trkpt>
      <trkpt lat="24.5200954936444759368896484375" lon="118.1706064380705356597900390625">
        <ele>7.599999904632568359375</ele>
        <time>2025-08-11T12:19:47.000Z</time>
        <extensions>
          <ns3:TrackPointExtension>
            <ns3:hr>157</ns3:hr>
            <ns3:cad>87</ns3:cad>
          </ns3:TrackPointExtension>
        </extensions>
      </trkpt>
      <trkpt lat="24.52011711895465850830078125" lon="118.17061968147754669189453125">
        <ele>7.599999904632568359375</ele>
        <time>2025-08-11T12:19:48.000Z</time>
        <extensions>
          <ns3:TrackPointExtension>
            <ns3:hr>157</ns3:hr>
            <ns3:cad>88</ns3:cad>
          </ns3:TrackPointExtension>
        </extensions>
      </trkpt>
      <trkpt lat="24.52013866044580936431884765625" lon="118.17063619382679462432861328125">
        <ele>7.599999904632568359375</ele>
        <time>2025-08-11T12:19:49.000Z</time>
        <extensions>
          <ns3:TrackPointExtension>
            <ns3:hr>157</ns3:hr>
            <ns3:cad>88</ns3:cad>
          </ns3:TrackPointExtension>
        </extensions>
      </trkpt>
      <trkpt lat="24.52016179449856281280517578125" lon="118.17064591683447360992431640625">
        <ele>7.599999904632568359375</ele>
        <time>2025-08-11T12:19:50.000Z</time>
        <extensions>
          <ns3:TrackPointExtension>
            <ns3:hr>157</ns3:hr>
            <ns3:cad>88</ns3:cad>
          </ns3:TrackPointExtension>
        </extensions>
      </trkpt>
      <trkpt lat="24.52018643729388713836669921875" lon="118.17065195180475711822509765625">
        <ele>7.599999904632568359375</ele>
        <time>2025-08-11T12:19:51.000Z</time>
        <extensions>
          <ns3:TrackPointExtension>
            <ns3:hr>157</ns3:hr>
            <ns3:cad>88</ns3:cad>
          </ns3:TrackPointExtension>
        </extensions>
      </trkpt>
      <trkpt lat="24.52020906843245029449462890625" lon="118.17065848968923091888427734375">
        <ele>7.599999904632568359375</ele>
        <time>2025-08-11T12:19:52.000Z</time>
        <extensions>
          <ns3:TrackPointExtension>
            <ns3:hr>157</ns3:hr>
            <ns3:cad>88</ns3:cad>
          </ns3:TrackPointExtension>
        </extensions>
      </trkpt>
      <trkpt lat="24.5202339626848697662353515625" lon="118.1706610880792140960693359375">
        <ele>7.599999904632568359375</ele>
        <time>2025-08-11T12:19:53.000Z</time>
        <extensions>
          <ns3:TrackPointExtension>
            <ns3:hr>157</ns3:hr>
            <ns3:cad>88</ns3:cad>
          </ns3:TrackPointExtension>
        </extensions>
      </trkpt>
      <trkpt lat="24.5202567614614963531494140625" lon="118.1706659495830535888671875">
        <ele>7.599999904632568359375</ele>
        <time>2025-08-11T12:19:54.000Z</time>
        <extensions>
          <ns3:TrackPointExtension>
            <ns3:hr>157</ns3:hr>
            <ns3:cad>88</ns3:cad>
          </ns3:TrackPointExtension>
        </extensions>
      </trkpt>
      <trkpt lat="24.52028450556099414825439453125" lon="118.17067089490592479705810546875">
        <ele>7.599999904632568359375</ele>
        <time>2025-08-11T12:19:55.000Z</time>
        <extensions>
          <ns3:TrackPointExtension>
            <ns3:hr>157</ns3:hr>
            <ns3:cad>88</ns3:cad>
          </ns3:TrackPointExtension>
        </extensions>
      </trkpt>
      <trkpt lat="24.5203053764998912811279296875" lon="118.170675672590732574462890625">
        <ele>7.599999904632568359375</ele>
        <time>2025-08-11T12:19:56.000Z</time>
        <extensions>
          <ns3:TrackPointExtension>
            <ns3:hr>157</ns3:hr>
            <ns3:cad>88</ns3:cad>
          </ns3:TrackPointExtension>
        </extensions>
      </trkpt>
      <trkpt lat="24.520330019295215606689453125" lon="118.1706865690648555755615234375">
        <ele>7.599999904632568359375</ele>
        <time>2025-08-11T12:19:57.000Z</time>
        <extensions>
          <ns3:TrackPointExtension>
            <ns3:hr>157</ns3:hr>
            <ns3:cad>88</ns3:cad>
          </ns3:TrackPointExtension>
        </extensions>
      </trkpt>
      <trkpt lat="24.52035139314830303192138671875" lon="118.1706927716732025146484375">
        <ele>7.599999904632568359375</ele>
        <time>2025-08-11T12:19:58.000Z</time>
        <extensions>
          <ns3:TrackPointExtension>
            <ns3:hr>156</ns3:hr>
            <ns3:cad>88</ns3:cad>
          </ns3:TrackPointExtension>
        </extensions>
      </trkpt>
      <trkpt lat="24.5203744433820247650146484375" lon="118.1707061827182769775390625">
        <ele>7.400000095367431640625</ele>
        <time>2025-08-11T12:19:59.000Z</time>
        <extensions>
          <ns3:TrackPointExtension>
            <ns3:hr>157</ns3:hr>
            <ns3:cad>89</ns3:cad>
          </ns3:TrackPointExtension>
        </extensions>
      </trkpt>
      <trkpt lat="24.52039011754095554351806640625" lon="118.1707093678414821624755859375">
        <ele>7.400000095367431640625</ele>
        <time>2025-08-11T12:20:00.000Z</time>
        <extensions>
          <ns3:TrackPointExtension>
            <ns3:hr>157</ns3:hr>
            <ns3:cad>88</ns3:cad>
          </ns3:TrackPointExtension>
        </extensions>
      </trkpt>
      <trkpt lat="24.5204083062708377838134765625" lon="118.17071900703012943267822265625">
        <ele>7.400000095367431640625</ele>
        <time>2025-08-11T12:20:01.000Z</time>
        <extensions>
          <ns3:TrackPointExtension>
            <ns3:hr>156</ns3:hr>
            <ns3:cad>88</ns3:cad>
          </ns3:TrackPointExtension>
        </extensions>
      </trkpt>
      <trkpt lat="24.520424567162990570068359375" lon="118.17072688601911067962646484375">
        <ele>7.19999980926513671875</ele>
        <time>2025-08-11T12:20:02.000Z</time>
        <extensions>
          <ns3:TrackPointExtension>
            <ns3:hr>157</ns3:hr>
            <ns3:cad>88</ns3:cad>
          </ns3:TrackPointExtension>
        </extensions>
      </trkpt>
      <trkpt lat="24.5204492099583148956298828125" lon="118.17073426209390163421630859375">
        <ele>7.400000095367431640625</ele>
        <time>2025-08-11T12:20:03.000Z</time>
        <extensions>
          <ns3:TrackPointExtension>
            <ns3:hr>157</ns3:hr>
            <ns3:cad>88</ns3:cad>
          </ns3:TrackPointExtension>
        </extensions>
      </trkpt>
      <trkpt lat="24.52047108672559261322021484375" lon="118.17074230872094631195068359375">
        <ele>7.400000095367431640625</ele>
        <time>2025-08-11T12:20:04.000Z</time>
        <extensions>
          <ns3:TrackPointExtension>
            <ns3:hr>157</ns3:hr>
            <ns3:cad>87</ns3:cad>
          </ns3:TrackPointExtension>
        </extensions>
      </trkpt>
      <trkpt lat="24.52049254439771175384521484375" lon="118.1707449071109294891357421875">
        <ele>7.400000095367431640625</ele>
        <time>2025-08-11T12:20:05.000Z</time>
        <extensions>
          <ns3:TrackPointExtension>
            <ns3:hr>156</ns3:hr>
            <ns3:cad>87</ns3:cad>
          </ns3:TrackPointExtension>
        </extensions>
      </trkpt>
      <trkpt lat="24.52051919884979724884033203125" lon="118.17074800841510295867919921875">
        <ele>7.599999904632568359375</ele>
        <time>2025-08-11T12:20:06.000Z</time>
        <extensions>
          <ns3:TrackPointExtension>
            <ns3:hr>157</ns3:hr>
            <ns3:cad>87</ns3:cad>
          </ns3:TrackPointExtension>
        </extensions>
      </trkpt>
      <trkpt lat="24.520541913807392120361328125" lon="118.17075186409056186676025390625">
        <ele>7.80000019073486328125</ele>
        <time>2025-08-11T12:20:07.000Z</time>
        <extensions>
          <ns3:TrackPointExtension>
            <ns3:hr>157</ns3:hr>
            <ns3:cad>87</ns3:cad>
          </ns3:TrackPointExtension>
        </extensions>
      </trkpt>
      <trkpt lat="24.52056932263076305389404296875" lon="118.17076259292662143707275390625">
        <ele>7.80000019073486328125</ele>
        <time>2025-08-11T12:20:08.000Z</time>
        <extensions>
          <ns3:TrackPointExtension>
            <ns3:hr>157</ns3:hr>
            <ns3:cad>87</ns3:cad>
          </ns3:TrackPointExtension>
        </extensions>
      </trkpt>
      <trkpt lat="24.5205893553793430328369140625" lon="118.17076225765049457550048828125">
        <ele>7.80000019073486328125</ele>
        <time>2025-08-11T12:20:09.000Z</time>
        <extensions>
          <ns3:TrackPointExtension>
            <ns3:hr>156</ns3:hr>
            <ns3:cad>87</ns3:cad>
          </ns3:TrackPointExtension>
        </extensions>
      </trkpt>
      <trkpt lat="24.52061056159436702728271484375" lon="118.17076762206852436065673828125">
        <ele>7.80000019073486328125</ele>
        <time>2025-08-11T12:20:10.000Z</time>
        <extensions>
          <ns3:TrackPointExtension>
            <ns3:hr>157</ns3:hr>
            <ns3:cad>87</ns3:cad>
          </ns3:TrackPointExtension>
        </extensions>
      </trkpt>
      <trkpt lat="24.52063017524778842926025390625" lon="118.1707636825740337371826171875">
        <ele>7.599999904632568359375</ele>
        <time>2025-08-11T12:20:11.000Z</time>
        <extensions>
          <ns3:TrackPointExtension>
            <ns3:hr>157</ns3:hr>
            <ns3:cad>87</ns3:cad>
          </ns3:TrackPointExtension>
        </extensions>
      </trkpt>
      <trkpt lat="24.52065599150955677032470703125" lon="118.1707678735256195068359375">
        <ele>7.599999904632568359375</ele>
        <time>2025-08-11T12:20:12.000Z</time>
        <extensions>
          <ns3:TrackPointExtension>
            <ns3:hr>157</ns3:hr>
            <ns3:cad>87</ns3:cad>
          </ns3:TrackPointExtension>
        </extensions>
      </trkpt>
      <trkpt lat="24.52068013139069080352783203125" lon="118.1707690469920635223388671875">
        <ele>7.599999904632568359375</ele>
        <time>2025-08-11T12:20:13.000Z</time>
        <extensions>
          <ns3:TrackPointExtension>
            <ns3:hr>157</ns3:hr>
            <ns3:cad>88</ns3:cad>
          </ns3:TrackPointExtension>
        </extensions>
      </trkpt>
      <trkpt lat="24.5207056961953639984130859375" lon="118.170770220458507537841796875">
        <ele>7.400000095367431640625</ele>
        <time>2025-08-11T12:20:14.000Z</time>
        <extensions>
          <ns3:TrackPointExtension>
            <ns3:hr>158</ns3:hr>
            <ns3:cad>88</ns3:cad>
          </ns3:TrackPointExtension>
        </extensions>
      </trkpt>
      <trkpt lat="24.5207308419048786163330078125" lon="118.170776255428791046142578125">
        <ele>7.400000095367431640625</ele>
        <time>2025-08-11T12:20:15.000Z</time>
        <extensions>
          <ns3:TrackPointExtension>
            <ns3:hr>159</ns3:hr>
            <ns3:cad>88</ns3:cad>
          </ns3:TrackPointExtension>
        </extensions>
      </trkpt>
      <trkpt lat="24.5207556523382663726806640625" lon="118.170777261257171630859375">
        <ele>7.400000095367431640625</ele>
        <time>2025-08-11T12:20:16.000Z</time>
        <extensions>
          <ns3:TrackPointExtension>
            <ns3:hr>160</ns3:hr>
            <ns3:cad>88</ns3:cad>
          </ns3:TrackPointExtension>
        </extensions>
      </trkpt>
      <trkpt lat="24.5207801274955272674560546875" lon="118.17078807391226291656494140625">
        <ele>7.400000095367431640625</ele>
        <time>2025-08-11T12:20:17.000Z</time>
        <extensions>
          <ns3:TrackPointExtension>
            <ns3:hr>160</ns3:hr>
            <ns3:cad>88</ns3:cad>
          </ns3:TrackPointExtension>
        </extensions>
      </trkpt>
      <trkpt lat="24.52080284245312213897705078125" lon="118.1707915104925632476806640625">
        <ele>7.400000095367431640625</ele>
        <time>2025-08-11T12:20:18.000Z</time>
        <extensions>
          <ns3:TrackPointExtension>
            <ns3:hr>161</ns3:hr>
            <ns3:cad>87</ns3:cad>
          </ns3:TrackPointExtension>
        </extensions>
      </trkpt>
      <trkpt lat="24.520830251276493072509765625" lon="118.17080433480441570281982421875">
        <ele>7.400000095367431640625</ele>
        <time>2025-08-11T12:20:19.000Z</time>
        <extensions>
          <ns3:TrackPointExtension>
            <ns3:hr>161</ns3:hr>
            <ns3:cad>87</ns3:cad>
          </ns3:TrackPointExtension>
        </extensions>
      </trkpt>
      <trkpt lat="24.52084844000637531280517578125" lon="118.1708072684705257415771484375">
        <ele>7.400000095367431640625</ele>
        <time>2025-08-11T12:20:20.000Z</time>
        <extensions>
          <ns3:TrackPointExtension>
            <ns3:hr>161</ns3:hr>
            <ns3:cad>87</ns3:cad>
          </ns3:TrackPointExtension>
        </extensions>
      </trkpt>
      <trkpt lat="24.52087526209652423858642578125" lon="118.17082009278237819671630859375">
        <ele>7.400000095367431640625</ele>
        <time>2025-08-11T12:20:21.000Z</time>
        <extensions>
          <ns3:TrackPointExtension>
            <ns3:hr>161</ns3:hr>
            <ns3:cad>87</ns3:cad>
          </ns3:TrackPointExtension>
        </extensions>
      </trkpt>
      <trkpt lat="24.5208957977592945098876953125" lon="118.17082378081977367401123046875">
        <ele>7.400000095367431640625</ele>
        <time>2025-08-11T12:20:22.000Z</time>
        <extensions>
          <ns3:TrackPointExtension>
            <ns3:hr>161</ns3:hr>
            <ns3:cad>88</ns3:cad>
          </ns3:TrackPointExtension>
        </extensions>
      </trkpt>
      <trkpt lat="24.5209209434688091278076171875" lon="118.170833922922611236572265625">
        <ele>7.400000095367431640625</ele>
        <time>2025-08-11T12:20:23.000Z</time>
        <extensions>
          <ns3:TrackPointExtension>
            <ns3:hr>161</ns3:hr>
            <ns3:cad>87</ns3:cad>
          </ns3:TrackPointExtension>
        </extensions>
      </trkpt>
      <trkpt lat="24.5209400542080402374267578125" lon="118.1708376109600067138671875">
        <ele>7.400000095367431640625</ele>
        <time>2025-08-11T12:20:24.000Z</time>
        <extensions>
          <ns3:TrackPointExtension>
            <ns3:hr>161</ns3:hr>
            <ns3:cad>87</ns3:cad>
          </ns3:TrackPointExtension>
        </extensions>
      </trkpt>
      <trkpt lat="24.5209648646414279937744140625" lon="118.17084590904414653778076171875">
        <ele>7.400000095367431640625</ele>
        <time>2025-08-11T12:20:25.000Z</time>
        <extensions>
          <ns3:TrackPointExtension>
            <ns3:hr>161</ns3:hr>
            <ns3:cad>87</ns3:cad>
          </ns3:TrackPointExtension>
        </extensions>
      </trkpt>
      <trkpt lat="24.52098305337131023406982421875" lon="118.17085328511893749237060546875">
        <ele>7.400000095367431640625</ele>
        <time>2025-08-11T12:20:26.000Z</time>
        <extensions>
          <ns3:TrackPointExtension>
            <ns3:hr>161</ns3:hr>
            <ns3:cad>87</ns3:cad>
          </ns3:TrackPointExtension>
        </extensions>
      </trkpt>
      <trkpt lat="24.52100400812923908233642578125" lon="118.17086082883179187774658203125">
        <ele>7.400000095367431640625</ele>
        <time>2025-08-11T12:20:27.000Z</time>
        <extensions>
          <ns3:TrackPointExtension>
            <ns3:hr>161</ns3:hr>
            <ns3:cad>88</ns3:cad>
          </ns3:TrackPointExtension>
        </extensions>
      </trkpt>
      <trkpt lat="24.52102948911488056182861328125" lon="118.17087122239172458648681640625">
        <ele>7.599999904632568359375</ele>
        <time>2025-08-11T12:20:28.000Z</time>
        <extensions>
          <ns3:TrackPointExtension>
            <ns3:hr>161</ns3:hr>
            <ns3:cad>88</ns3:cad>
          </ns3:TrackPointExtension>
        </extensions>
      </trkpt>
      <trkpt lat="24.52105429954826831817626953125" lon="118.170877508819103240966796875">
        <ele>7.599999904632568359375</ele>
        <time>2025-08-11T12:20:29.000Z</time>
        <extensions>
          <ns3:TrackPointExtension>
            <ns3:hr>161</ns3:hr>
            <ns3:cad>88</ns3:cad>
          </ns3:TrackPointExtension>
        </extensions>
      </trkpt>
      <trkpt lat="24.521080367267131805419921875" lon="118.17089200951159000396728515625">
        <ele>7.599999904632568359375</ele>
        <time>2025-08-11T12:20:30.000Z</time>
        <extensions>
          <ns3:TrackPointExtension>
            <ns3:hr>161</ns3:hr>
            <ns3:cad>88</ns3:cad>
          </ns3:TrackPointExtension>
        </extensions>
      </trkpt>
      <trkpt lat="24.52110006473958492279052734375" lon="118.17089519463479518890380859375">
        <ele>7.599999904632568359375</ele>
        <time>2025-08-11T12:20:31.000Z</time>
        <extensions>
          <ns3:TrackPointExtension>
            <ns3:hr>160</ns3:hr>
            <ns3:cad>87</ns3:cad>
          </ns3:TrackPointExtension>
        </extensions>
      </trkpt>
      <trkpt lat="24.52113233506679534912109375" lon="118.17090642638504505157470703125">
        <ele>7.599999904632568359375</ele>
        <time>2025-08-11T12:20:32.000Z</time>
        <extensions>
          <ns3:TrackPointExtension>
            <ns3:hr>160</ns3:hr>
            <ns3:cad>87</ns3:cad>
          </ns3:TrackPointExtension>
        </extensions>
      </trkpt>
      <trkpt lat="24.52115303836762905120849609375" lon="118.17091229371726512908935546875">
        <ele>7.599999904632568359375</ele>
        <time>2025-08-11T12:20:33.000Z</time>
        <extensions>
          <ns3:TrackPointExtension>
            <ns3:hr>160</ns3:hr>
            <ns3:cad>86</ns3:cad>
          </ns3:TrackPointExtension>
        </extensions>
      </trkpt>
      <trkpt lat="24.52117449603974819183349609375" lon="118.1709229387342929840087890625">
        <ele>7.599999904632568359375</ele>
        <time>2025-08-11T12:20:34.000Z</time>
        <extensions>
          <ns3:TrackPointExtension>
            <ns3:hr>160</ns3:hr>
            <ns3:cad>86</ns3:cad>
          </ns3:TrackPointExtension>
        </extensions>
      </trkpt>
      <trkpt lat="24.52119670808315277099609375" lon="118.17093375138938426971435546875">
        <ele>7.80000019073486328125</ele>
        <time>2025-08-11T12:20:35.000Z</time>
        <extensions>
          <ns3:TrackPointExtension>
            <ns3:hr>160</ns3:hr>
            <ns3:cad>86</ns3:cad>
          </ns3:TrackPointExtension>
        </extensions>
      </trkpt>
      <trkpt lat="24.5212129689753055572509765625" lon="118.17093660123646259307861328125">
        <ele>7.80000019073486328125</ele>
        <time>2025-08-11T12:20:36.000Z</time>
        <extensions>
          <ns3:TrackPointExtension>
            <ns3:hr>160</ns3:hr>
            <ns3:cad>86</ns3:cad>
          </ns3:TrackPointExtension>
        </extensions>
      </trkpt>
      <trkpt lat="24.52123601920902729034423828125" lon="118.17094347439706325531005859375">
        <ele>7.80000019073486328125</ele>
        <time>2025-08-11T12:20:37.000Z</time>
        <extensions>
          <ns3:TrackPointExtension>
            <ns3:hr>159</ns3:hr>
            <ns3:cad>87</ns3:cad>
          </ns3:TrackPointExtension>
        </extensions>
      </trkpt>
      <trkpt lat="24.5212555490434169769287109375" lon="118.17094682715833187103271484375">
        <ele>7.80000019073486328125</ele>
        <time>2025-08-11T12:20:38.000Z</time>
        <extensions>
          <ns3:TrackPointExtension>
            <ns3:hr>159</ns3:hr>
            <ns3:cad>87</ns3:cad>
          </ns3:TrackPointExtension>
        </extensions>
      </trkpt>
      <trkpt lat="24.52127658762037754058837890625" lon="118.1709531135857105255126953125">
        <ele>7.80000019073486328125</ele>
        <time>2025-08-11T12:20:39.000Z</time>
        <extensions>
          <ns3:TrackPointExtension>
            <ns3:hr>158</ns3:hr>
            <ns3:cad>86</ns3:cad>
          </ns3:TrackPointExtension>
        </extensions>
      </trkpt>
      <trkpt lat="24.521294273436069488525390625" lon="118.17095940001308917999267578125">
        <ele>7.80000019073486328125</ele>
        <time>2025-08-11T12:20:40.000Z</time>
        <extensions>
          <ns3:TrackPointExtension>
            <ns3:hr>158</ns3:hr>
            <ns3:cad>86</ns3:cad>
          </ns3:TrackPointExtension>
        </extensions>
      </trkpt>
      <trkpt lat="24.52131380327045917510986328125" lon="118.17096845246851444244384765625">
        <ele>7.80000019073486328125</ele>
        <time>2025-08-11T12:20:41.000Z</time>
        <extensions>
          <ns3:TrackPointExtension>
            <ns3:hr>158</ns3:hr>
            <ns3:cad>86</ns3:cad>
          </ns3:TrackPointExtension>
        </extensions>
      </trkpt>
      <trkpt lat="24.52133224345743656158447265625" lon="118.1709769181907176971435546875">
        <ele>7.80000019073486328125</ele>
        <time>2025-08-11T12:20:42.000Z</time>
        <extensions>
          <ns3:TrackPointExtension>
            <ns3:hr>158</ns3:hr>
            <ns3:cad>86</ns3:cad>
          </ns3:TrackPointExtension>
        </extensions>
      </trkpt>
      <trkpt lat="24.52135185711085796356201171875" lon="118.1709846295416355133056640625">
        <ele>7.599999904632568359375</ele>
        <time>2025-08-11T12:20:43.000Z</time>
        <extensions>
          <ns3:TrackPointExtension>
            <ns3:hr>158</ns3:hr>
            <ns3:cad>87</ns3:cad>
          </ns3:TrackPointExtension>
        </extensions>
      </trkpt>
      <trkpt lat="24.521370045840740203857421875" lon="118.17098588682711124420166015625">
        <ele>7.599999904632568359375</ele>
        <time>2025-08-11T12:20:44.000Z</time>
        <extensions>
          <ns3:TrackPointExtension>
            <ns3:hr>158</ns3:hr>
            <ns3:cad>87</ns3:cad>
          </ns3:TrackPointExtension>
        </extensions>
      </trkpt>
      <trkpt lat="24.521395862102508544921875" lon="118.1709899939596652984619140625">
        <ele>7.599999904632568359375</ele>
        <time>2025-08-11T12:20:45.000Z</time>
        <extensions>
          <ns3:TrackPointExtension>
            <ns3:hr>158</ns3:hr>
            <ns3:cad>87</ns3:cad>
          </ns3:TrackPointExtension>
        </extensions>
      </trkpt>
      <trkpt lat="24.52141799032688140869140625" lon="118.17099653184413909912109375">
        <ele>7.599999904632568359375</ele>
        <time>2025-08-11T12:20:46.000Z</time>
        <extensions>
          <ns3:TrackPointExtension>
            <ns3:hr>158</ns3:hr>
            <ns3:cad>87</ns3:cad>
          </ns3:TrackPointExtension>
        </extensions>
      </trkpt>
      <trkpt lat="24.5214436389505863189697265625" lon="118.17100130952894687652587890625">
        <ele>7.80000019073486328125</ele>
        <time>2025-08-11T12:20:47.000Z</time>
        <extensions>
          <ns3:TrackPointExtension>
            <ns3:hr>158</ns3:hr>
            <ns3:cad>87</ns3:cad>
          </ns3:TrackPointExtension>
        </extensions>
      </trkpt>
      <trkpt lat="24.52147054485976696014404296875" lon="118.171013630926609039306640625">
        <ele>7.80000019073486328125</ele>
        <time>2025-08-11T12:20:48.000Z</time>
        <extensions>
          <ns3:TrackPointExtension>
            <ns3:hr>158</ns3:hr>
            <ns3:cad>87</ns3:cad>
          </ns3:TrackPointExtension>
        </extensions>
      </trkpt>
      <trkpt lat="24.5214919187128543853759765625" lon="118.1710173189640045166015625">
        <ele>7.80000019073486328125</ele>
        <time>2025-08-11T12:20:49.000Z</time>
        <extensions>
          <ns3:TrackPointExtension>
            <ns3:hr>158</ns3:hr>
            <ns3:cad>87</ns3:cad>
          </ns3:TrackPointExtension>
        </extensions>
      </trkpt>
      <trkpt lat="24.52152259647846221923828125" lon="118.1710307300090789794921875">
        <ele>7.80000019073486328125</ele>
        <time>2025-08-11T12:20:50.000Z</time>
        <extensions>
          <ns3:TrackPointExtension>
            <ns3:hr>158</ns3:hr>
            <ns3:cad>87</ns3:cad>
          </ns3:TrackPointExtension>
        </extensions>
      </trkpt>
      <trkpt lat="24.52154044993221759796142578125" lon="118.17103735171258449554443359375">
        <ele>7.599999904632568359375</ele>
        <time>2025-08-11T12:20:51.000Z</time>
        <extensions>
          <ns3:TrackPointExtension>
            <ns3:hr>158</ns3:hr>
            <ns3:cad>87</ns3:cad>
          </ns3:TrackPointExtension>
        </extensions>
      </trkpt>
      <trkpt lat="24.52156710438430309295654296875" lon="118.17104405723512172698974609375">
        <ele>7.599999904632568359375</ele>
        <time>2025-08-11T12:20:52.000Z</time>
        <extensions>
          <ns3:TrackPointExtension>
            <ns3:hr>158</ns3:hr>
            <ns3:cad>87</ns3:cad>
          </ns3:TrackPointExtension>
        </extensions>
      </trkpt>
      <trkpt lat="24.52159141190350055694580078125" lon="118.1710523553192615509033203125">
        <ele>7.599999904632568359375</ele>
        <time>2025-08-11T12:20:53.000Z</time>
        <extensions>
          <ns3:TrackPointExtension>
            <ns3:hr>159</ns3:hr>
            <ns3:cad>87</ns3:cad>
          </ns3:TrackPointExtension>
        </extensions>
      </trkpt>
      <trkpt lat="24.52161119319498538970947265625" lon="118.17105562426149845123291015625">
        <ele>7.599999904632568359375</ele>
        <time>2025-08-11T12:20:54.000Z</time>
        <extensions>
          <ns3:TrackPointExtension>
            <ns3:hr>159</ns3:hr>
            <ns3:cad>87</ns3:cad>
          </ns3:TrackPointExtension>
        </extensions>
      </trkpt>
      <trkpt lat="24.5216377638280391693115234375" lon="118.1710671074688434600830078125">
        <ele>7.599999904632568359375</ele>
        <time>2025-08-11T12:20:55.000Z</time>
        <extensions>
          <ns3:TrackPointExtension>
            <ns3:hr>159</ns3:hr>
            <ns3:cad>87</ns3:cad>
          </ns3:TrackPointExtension>
        </extensions>
      </trkpt>
      <trkpt lat="24.52165897004306316375732421875" lon="118.17107037641108036041259765625">
        <ele>7.599999904632568359375</ele>
        <time>2025-08-11T12:20:56.000Z</time>
        <extensions>
          <ns3:TrackPointExtension>
            <ns3:hr>159</ns3:hr>
            <ns3:cad>87</ns3:cad>
          </ns3:TrackPointExtension>
        </extensions>
      </trkpt>
      <trkpt lat="24.5216893963515758514404296875" lon="118.17107959650456905364990234375">
        <ele>7.599999904632568359375</ele>
        <time>2025-08-11T12:20:57.000Z</time>
        <extensions>
          <ns3:TrackPointExtension>
            <ns3:hr>159</ns3:hr>
            <ns3:cad>86</ns3:cad>
          </ns3:TrackPointExtension>
        </extensions>
      </trkpt>
      <trkpt lat="24.521710015833377838134765625" lon="118.17108579911291599273681640625">
        <ele>7.599999904632568359375</ele>
        <time>2025-08-11T12:20:58.000Z</time>
        <extensions>
          <ns3:TrackPointExtension>
            <ns3:hr>159</ns3:hr>
            <ns3:cad>86</ns3:cad>
          </ns3:TrackPointExtension>
        </extensions>
      </trkpt>
      <trkpt lat="24.5217378437519073486328125" lon="118.17109267227351665496826171875">
        <ele>7.599999904632568359375</ele>
        <time>2025-08-11T12:20:59.000Z</time>
        <extensions>
          <ns3:TrackPointExtension>
            <ns3:hr>159</ns3:hr>
            <ns3:cad>86</ns3:cad>
          </ns3:TrackPointExtension>
        </extensions>
      </trkpt>
      <trkpt lat="24.52175796031951904296875" lon="118.17109937779605388641357421875">
        <ele>7.599999904632568359375</ele>
        <time>2025-08-11T12:21:00.000Z</time>
        <extensions>
          <ns3:TrackPointExtension>
            <ns3:hr>159</ns3:hr>
            <ns3:cad>86</ns3:cad>
          </ns3:TrackPointExtension>
        </extensions>
      </trkpt>
      <trkpt lat="24.52177740633487701416015625" lon="118.17110273055732250213623046875">
        <ele>7.599999904632568359375</ele>
        <time>2025-08-11T12:21:01.000Z</time>
        <extensions>
          <ns3:TrackPointExtension>
            <ns3:hr>159</ns3:hr>
            <ns3:cad>86</ns3:cad>
          </ns3:TrackPointExtension>
        </extensions>
      </trkpt>
      <trkpt lat="24.52179945074021816253662109375" lon="118.1711083464324474334716796875">
        <ele>7.599999904632568359375</ele>
        <time>2025-08-11T12:21:02.000Z</time>
        <extensions>
          <ns3:TrackPointExtension>
            <ns3:hr>159</ns3:hr>
            <ns3:cad>86</ns3:cad>
          </ns3:TrackPointExtension>
        </extensions>
      </trkpt>
      <trkpt lat="24.52181939966976642608642578125" lon="118.17110784351825714111328125">
        <ele>7.80000019073486328125</ele>
        <time>2025-08-11T12:21:03.000Z</time>
        <extensions>
          <ns3:TrackPointExtension>
            <ns3:hr>159</ns3:hr>
            <ns3:cad>86</ns3:cad>
          </ns3:TrackPointExtension>
        </extensions>
      </trkpt>
      <trkpt lat="24.5218499936163425445556640625" lon="118.17111362703144550323486328125">
        <ele>7.599999904632568359375</ele>
        <time>2025-08-11T12:21:04.000Z</time>
        <extensions>
          <ns3:TrackPointExtension>
            <ns3:hr>160</ns3:hr>
            <ns3:cad>86</ns3:cad>
          </ns3:TrackPointExtension>
        </extensions>
      </trkpt>
      <trkpt lat="24.52186952345073223114013671875" lon="118.17110943607985973358154296875">
        <ele>7.599999904632568359375</ele>
        <time>2025-08-11T12:21:05.000Z</time>
        <extensions>
          <ns3:TrackPointExtension>
            <ns3:hr>159</ns3:hr>
            <ns3:cad>86</ns3:cad>
          </ns3:TrackPointExtension>
        </extensions>
      </trkpt>
      <trkpt lat="24.52189869247376918792724609375" lon="118.1711123697459697723388671875">
        <ele>7.599999904632568359375</ele>
        <time>2025-08-11T12:21:06.000Z</time>
        <extensions>
          <ns3:TrackPointExtension>
            <ns3:hr>159</ns3:hr>
            <ns3:cad>86</ns3:cad>
          </ns3:TrackPointExtension>
        </extensions>
      </trkpt>
      <trkpt lat="24.52191554009914398193359375" lon="118.171115219593048095703125">
        <ele>7.599999904632568359375</ele>
        <time>2025-08-11T12:21:07.000Z</time>
        <extensions>
          <ns3:TrackPointExtension>
            <ns3:hr>159</ns3:hr>
            <ns3:cad>87</ns3:cad>
          </ns3:TrackPointExtension>
        </extensions>
      </trkpt>
      <trkpt lat="24.5219388417899608612060546875" lon="118.17111899144947528839111328125">
        <ele>7.599999904632568359375</ele>
        <time>2025-08-11T12:21:08.000Z</time>
        <extensions>
          <ns3:TrackPointExtension>
            <ns3:hr>159</ns3:hr>
            <ns3:cad>87</ns3:cad>
          </ns3:TrackPointExtension>
        </extensions>
      </trkpt>
      <trkpt lat="24.52196138910949230194091796875" lon="118.1711217574775218963623046875">
        <ele>7.599999904632568359375</ele>
        <time>2025-08-11T12:21:09.000Z</time>
        <extensions>
          <ns3:TrackPointExtension>
            <ns3:hr>159</ns3:hr>
            <ns3:cad>87</ns3:cad>
          </ns3:TrackPointExtension>
        </extensions>
      </trkpt>
      <trkpt lat="24.5219807513058185577392578125" lon="118.1711247749626636505126953125">
        <ele>7.599999904632568359375</ele>
        <time>2025-08-11T12:21:10.000Z</time>
        <extensions>
          <ns3:TrackPointExtension>
            <ns3:hr>158</ns3:hr>
            <ns3:cad>86</ns3:cad>
          </ns3:TrackPointExtension>
        </extensions>
      </trkpt>
      <trkpt lat="24.5220028795301914215087890625" lon="118.17113340832293033599853515625">
        <ele>7.599999904632568359375</ele>
        <time>2025-08-11T12:21:11.000Z</time>
        <extensions>
          <ns3:TrackPointExtension>
            <ns3:hr>158</ns3:hr>
            <ns3:cad>86</ns3:cad>
          </ns3:TrackPointExtension>
        </extensions>
      </trkpt>
      <trkpt lat="24.5220183022320270538330078125" lon="118.17113541997969150543212890625">
        <ele>7.80000019073486328125</ele>
        <time>2025-08-11T12:21:12.000Z</time>
        <extensions>
          <ns3:TrackPointExtension>
            <ns3:hr>158</ns3:hr>
            <ns3:cad>86</ns3:cad>
          </ns3:TrackPointExtension>
        </extensions>
      </trkpt>
      <trkpt lat="24.5220441184937953948974609375" lon="118.171147406101226806640625">
        <ele>7.80000019073486328125</ele>
        <time>2025-08-11T12:21:13.000Z</time>
        <extensions>
          <ns3:TrackPointExtension>
            <ns3:hr>159</ns3:hr>
            <ns3:cad>86</ns3:cad>
          </ns3:TrackPointExtension>
        </extensions>
      </trkpt>
      <trkpt lat="24.5220638997852802276611328125" lon="118.17114564590156078338623046875">
        <ele>7.80000019073486328125</ele>
        <time>2025-08-11T12:21:14.000Z</time>
        <extensions>
          <ns3:TrackPointExtension>
            <ns3:hr>158</ns3:hr>
            <ns3:cad>86</ns3:cad>
          </ns3:TrackPointExtension>
        </extensions>
      </trkpt>
      <trkpt lat="24.5220913924276828765869140625" lon="118.17114950157701969146728515625">
        <ele>7.80000019073486328125</ele>
        <time>2025-08-11T12:21:15.000Z</time>
        <extensions>
          <ns3:TrackPointExtension>
            <ns3:hr>158</ns3:hr>
            <ns3:cad>86</ns3:cad>
          </ns3:TrackPointExtension>
        </extensions>
      </trkpt>
      <trkpt lat="24.5221141912043094635009765625" lon="118.17115302197635173797607421875">
        <ele>7.80000019073486328125</ele>
        <time>2025-08-11T12:21:16.000Z</time>
        <extensions>
          <ns3:TrackPointExtension>
            <ns3:hr>158</ns3:hr>
            <ns3:cad>86</ns3:cad>
          </ns3:TrackPointExtension>
        </extensions>
      </trkpt>
      <trkpt lat="24.5221366547048091888427734375" lon="118.171155452728271484375">
        <ele>7.80000019073486328125</ele>
        <time>2025-08-11T12:21:17.000Z</time>
        <extensions>
          <ns3:TrackPointExtension>
            <ns3:hr>158</ns3:hr>
            <ns3:cad>86</ns3:cad>
          </ns3:TrackPointExtension>
        </extensions>
      </trkpt>
      <trkpt lat="24.5221614651381969451904296875" lon="118.17116475664079189300537109375">
        <ele>7.80000019073486328125</ele>
        <time>2025-08-11T12:21:18.000Z</time>
        <extensions>
          <ns3:TrackPointExtension>
            <ns3:hr>158</ns3:hr>
            <ns3:cad>86</ns3:cad>
          </ns3:TrackPointExtension>
        </extensions>
      </trkpt>
      <trkpt lat="24.52217814512550830841064453125" lon="118.17116408608853816986083984375">
        <ele>7.80000019073486328125</ele>
        <time>2025-08-11T12:21:19.000Z</time>
        <extensions>
          <ns3:TrackPointExtension>
            <ns3:hr>158</ns3:hr>
            <ns3:cad>86</ns3:cad>
          </ns3:TrackPointExtension>
        </extensions>
      </trkpt>
      <trkpt lat="24.52220262028276920318603515625" lon="118.17117196507751941680908203125">
        <ele>7.80000019073486328125</ele>
        <time>2025-08-11T12:21:20.000Z</time>
        <extensions>
          <ns3:TrackPointExtension>
            <ns3:hr>158</ns3:hr>
            <ns3:cad>86</ns3:cad>
          </ns3:TrackPointExtension>
        </extensions>
      </trkpt>
      <trkpt lat="24.52221904881298542022705078125" lon="118.17117489874362945556640625">
        <ele>7.80000019073486328125</ele>
        <time>2025-08-11T12:21:21.000Z</time>
        <extensions>
          <ns3:TrackPointExtension>
            <ns3:hr>158</ns3:hr>
            <ns3:cad>86</ns3:cad>
          </ns3:TrackPointExtension>
        </extensions>
      </trkpt>
      <trkpt lat="24.52224536798894405364990234375" lon="118.17119291983544826507568359375">
        <ele>8</ele>
        <time>2025-08-11T12:21:22.000Z</time>
        <extensions>
          <ns3:TrackPointExtension>
            <ns3:hr>158</ns3:hr>
            <ns3:cad>86</ns3:cad>
          </ns3:TrackPointExtension>
        </extensions>
      </trkpt>
      <trkpt lat="24.522265233099460601806640625" lon="118.17119979299604892730712890625">
        <ele>8</ele>
        <time>2025-08-11T12:21:23.000Z</time>
        <extensions>
          <ns3:TrackPointExtension>
            <ns3:hr>158</ns3:hr>
            <ns3:cad>87</ns3:cad>
          </ns3:TrackPointExtension>
        </extensions>
      </trkpt>
      <trkpt lat="24.522286690771579742431640625" lon="118.17121990956366062164306640625">
        <ele>8</ele>
        <time>2025-08-11T12:21:24.000Z</time>
        <extensions>
          <ns3:TrackPointExtension>
            <ns3:hr>157</ns3:hr>
            <ns3:cad>87</ns3:cad>
          </ns3:TrackPointExtension>
        </extensions>
      </trkpt>
      <trkpt lat="24.52230605296790599822998046875" lon="118.1712334044277667999267578125">
        <ele>7.80000019073486328125</ele>
        <time>2025-08-11T12:21:25.000Z</time>
        <extensions>
          <ns3:TrackPointExtension>
            <ns3:hr>157</ns3:hr>
            <ns3:cad>88</ns3:cad>
          </ns3:TrackPointExtension>
        </extensions>
      </trkpt>
      <trkpt lat="24.52232952229678630828857421875" lon="118.17124907858669757843017578125">
        <ele>7.80000019073486328125</ele>
        <time>2025-08-11T12:21:26.000Z</time>
        <extensions>
          <ns3:TrackPointExtension>
            <ns3:hr>157</ns3:hr>
            <ns3:cad>88</ns3:cad>
          </ns3:TrackPointExtension>
        </extensions>
      </trkpt>
      <trkpt lat="24.52234745956957340240478515625" lon="118.17126953043043613433837890625">
        <ele>7.80000019073486328125</ele>
        <time>2025-08-11T12:21:27.000Z</time>
        <extensions>
          <ns3:TrackPointExtension>
            <ns3:hr>157</ns3:hr>
            <ns3:cad>88</ns3:cad>
          </ns3:TrackPointExtension>
        </extensions>
      </trkpt>
      <trkpt lat="24.522366821765899658203125" lon="118.17128696478903293609619140625">
        <ele>7.80000019073486328125</ele>
        <time>2025-08-11T12:21:28.000Z</time>
        <extensions>
          <ns3:TrackPointExtension>
            <ns3:hr>158</ns3:hr>
            <ns3:cad>88</ns3:cad>
          </ns3:TrackPointExtension>
        </extensions>
      </trkpt>
      <trkpt lat="24.5223817415535449981689453125" lon="118.17131303250789642333984375">
        <ele>7.599999904632568359375</ele>
        <time>2025-08-11T12:21:29.000Z</time>
        <extensions>
          <ns3:TrackPointExtension>
            <ns3:hr>157</ns3:hr>
            <ns3:cad>87</ns3:cad>
          </ns3:TrackPointExtension>
        </extensions>
      </trkpt>
      <trkpt lat="24.52239540405571460723876953125" lon="118.17132644355297088623046875">
        <ele>7.599999904632568359375</ele>
        <time>2025-08-11T12:21:30.000Z</time>
        <extensions>
          <ns3:TrackPointExtension>
            <ns3:hr>157</ns3:hr>
            <ns3:cad>87</ns3:cad>
          </ns3:TrackPointExtension>
        </extensions>
      </trkpt>
      <trkpt lat="24.522409401834011077880859375" lon="118.171351253986358642578125">
        <ele>7.599999904632568359375</ele>
        <time>2025-08-11T12:21:31.000Z</time>
        <extensions>
          <ns3:TrackPointExtension>
            <ns3:hr>157</ns3:hr>
            <ns3:cad>87</ns3:cad>
          </ns3:TrackPointExtension>
        </extensions>
      </trkpt>
      <trkpt lat="24.52241803519427776336669921875" lon="118.1713686883449554443359375">
        <ele>7.599999904632568359375</ele>
        <time>2025-08-11T12:21:32.000Z</time>
        <extensions>
          <ns3:TrackPointExtension>
            <ns3:hr>157</ns3:hr>
            <ns3:cad>87</ns3:cad>
          </ns3:TrackPointExtension>
        </extensions>
      </trkpt>
      <trkpt lat="24.52242557890713214874267578125" lon="118.1713916547596454620361328125">
        <ele>7.599999904632568359375</ele>
        <time>2025-08-11T12:21:33.000Z</time>
        <extensions>
          <ns3:TrackPointExtension>
            <ns3:hr>157</ns3:hr>
            <ns3:cad>86</ns3:cad>
          </ns3:TrackPointExtension>
        </extensions>
      </trkpt>
      <trkpt lat="24.52243479900062084197998046875" lon="118.17141269333660602569580078125">
        <ele>7.599999904632568359375</ele>
        <time>2025-08-11T12:21:34.000Z</time>
        <extensions>
          <ns3:TrackPointExtension>
            <ns3:hr>157</ns3:hr>
            <ns3:cad>86</ns3:cad>
          </ns3:TrackPointExtension>
        </extensions>
      </trkpt>
      <trkpt lat="24.52244401909410953521728515625" lon="118.17143775522708892822265625">
        <ele>7.400000095367431640625</ele>
        <time>2025-08-11T12:21:35.000Z</time>
        <extensions>
          <ns3:TrackPointExtension>
            <ns3:hr>157</ns3:hr>
            <ns3:cad>86</ns3:cad>
          </ns3:TrackPointExtension>
        </extensions>
      </trkpt>
      <trkpt lat="24.52244737185537815093994140625" lon="118.17146080546081066131591796875">
        <ele>7.400000095367431640625</ele>
        <time>2025-08-11T12:21:36.000Z</time>
        <extensions>
          <ns3:TrackPointExtension>
            <ns3:hr>157</ns3:hr>
            <ns3:cad>86</ns3:cad>
          </ns3:TrackPointExtension>
        </extensions>
      </trkpt>
      <trkpt lat="24.52245734632015228271484375" lon="118.1714798323810100555419921875">
        <ele>7.599999904632568359375</ele>
        <time>2025-08-11T12:21:37.000Z</time>
        <extensions>
          <ns3:TrackPointExtension>
            <ns3:hr>156</ns3:hr>
            <ns3:cad>87</ns3:cad>
          </ns3:TrackPointExtension>
        </extensions>
      </trkpt>
      <trkpt lat="24.52246447093784809112548828125" lon="118.1715066544711589813232421875">
        <ele>7.599999904632568359375</ele>
        <time>2025-08-11T12:21:38.000Z</time>
        <extensions>
          <ns3:TrackPointExtension>
            <ns3:hr>156</ns3:hr>
            <ns3:cad>87</ns3:cad>
          </ns3:TrackPointExtension>
        </extensions>
      </trkpt>
      <trkpt lat="24.52247637324035167694091796875" lon="118.17152098752558231353759765625">
        <ele>7.599999904632568359375</ele>
        <time>2025-08-11T12:21:39.000Z</time>
        <extensions>
          <ns3:TrackPointExtension>
            <ns3:hr>156</ns3:hr>
            <ns3:cad>87</ns3:cad>
          </ns3:TrackPointExtension>
        </extensions>
      </trkpt>
      <trkpt lat="24.522486515343189239501953125" lon="118.17155384458601474761962890625">
        <ele>7.599999904632568359375</ele>
        <time>2025-08-11T12:21:40.000Z</time>
        <extensions>
          <ns3:TrackPointExtension>
            <ns3:hr>156</ns3:hr>
            <ns3:cad>87</ns3:cad>
          </ns3:TrackPointExtension>
        </extensions>
      </trkpt>
      <trkpt lat="24.52249766327440738677978515625" lon="118.17157764919102191925048828125">
        <ele>7.400000095367431640625</ele>
        <time>2025-08-11T12:21:41.000Z</time>
        <extensions>
          <ns3:TrackPointExtension>
            <ns3:hr>156</ns3:hr>
            <ns3:cad>87</ns3:cad>
          </ns3:TrackPointExtension>
        </extensions>
      </trkpt>
      <trkpt lat="24.52250654809176921844482421875" lon="118.17161017097532749176025390625">
        <ele>7.400000095367431640625</ele>
        <time>2025-08-11T12:21:42.000Z</time>
        <extensions>
          <ns3:TrackPointExtension>
            <ns3:hr>156</ns3:hr>
            <ns3:cad>86</ns3:cad>
          </ns3:TrackPointExtension>
        </extensions>
      </trkpt>
      <trkpt lat="24.5225124992430210113525390625" lon="118.17163313739001750946044921875">
        <ele>7.400000095367431640625</ele>
        <time>2025-08-11T12:21:43.000Z</time>
        <extensions>
          <ns3:TrackPointExtension>
            <ns3:hr>156</ns3:hr>
            <ns3:cad>86</ns3:cad>
          </ns3:TrackPointExtension>
        </extensions>
      </trkpt>
      <trkpt lat="24.52251861803233623504638671875" lon="118.171657025814056396484375">
        <ele>7.400000095367431640625</ele>
        <time>2025-08-11T12:21:44.000Z</time>
        <extensions>
          <ns3:TrackPointExtension>
            <ns3:hr>156</ns3:hr>
            <ns3:cad>87</ns3:cad>
          </ns3:TrackPointExtension>
        </extensions>
      </trkpt>
      <trkpt lat="24.52252213843166828155517578125" lon="118.171682171523571014404296875">
        <ele>7.400000095367431640625</ele>
        <time>2025-08-11T12:21:45.000Z</time>
        <extensions>
          <ns3:TrackPointExtension>
            <ns3:hr>156</ns3:hr>
            <ns3:cad>88</ns3:cad>
          </ns3:TrackPointExtension>
        </extensions>
      </trkpt>
      <trkpt lat="24.522528760135173797607421875" lon="118.1717012822628021240234375">
        <ele>7.400000095367431640625</ele>
        <time>2025-08-11T12:21:46.000Z</time>
        <extensions>
          <ns3:TrackPointExtension>
            <ns3:hr>156</ns3:hr>
            <ns3:cad>88</ns3:cad>
          </ns3:TrackPointExtension>
        </extensions>
      </trkpt>
      <trkpt lat="24.522528760135173797607421875" lon="118.17172936163842678070068359375">
        <ele>7.400000095367431640625</ele>
        <time>2025-08-11T12:21:47.000Z</time>
        <extensions>
          <ns3:TrackPointExtension>
            <ns3:hr>156</ns3:hr>
            <ns3:cad>88</ns3:cad>
          </ns3:TrackPointExtension>
        </extensions>
      </trkpt>
      <trkpt lat="24.522532112896442413330078125" lon="118.17175023257732391357421875">
        <ele>7.599999904632568359375</ele>
        <time>2025-08-11T12:21:48.000Z</time>
        <extensions>
          <ns3:TrackPointExtension>
            <ns3:hr>156</ns3:hr>
            <ns3:cad>88</ns3:cad>
          </ns3:TrackPointExtension>
        </extensions>
      </trkpt>
      <trkpt lat="24.52253538183867931365966796875" lon="118.1717815808951854705810546875">
        <ele>7.599999904632568359375</ele>
        <time>2025-08-11T12:21:49.000Z</time>
        <extensions>
          <ns3:TrackPointExtension>
            <ns3:hr>156</ns3:hr>
            <ns3:cad>88</ns3:cad>
          </ns3:TrackPointExtension>
        </extensions>
      </trkpt>
      <trkpt lat="24.52253974042832851409912109375" lon="118.17180094309151172637939453125">
        <ele>7.599999904632568359375</ele>
        <time>2025-08-11T12:21:50.000Z</time>
        <extensions>
          <ns3:TrackPointExtension>
            <ns3:hr>156</ns3:hr>
            <ns3:cad>88</ns3:cad>
          </ns3:TrackPointExtension>
        </extensions>
      </trkpt>
      <trkpt lat="24.52254443429410457611083984375" lon="118.17183229140937328338623046875">
        <ele>7.599999904632568359375</ele>
        <time>2025-08-11T12:21:51.000Z</time>
        <extensions>
          <ns3:TrackPointExtension>
            <ns3:hr>156</ns3:hr>
            <ns3:cad>88</ns3:cad>
          </ns3:TrackPointExtension>
        </extensions>
      </trkpt>
      <trkpt lat="24.52255013398826122283935546875" lon="118.1718514859676361083984375">
        <ele>7.599999904632568359375</ele>
        <time>2025-08-11T12:21:52.000Z</time>
        <extensions>
          <ns3:TrackPointExtension>
            <ns3:hr>156</ns3:hr>
            <ns3:cad>88</ns3:cad>
          </ns3:TrackPointExtension>
        </extensions>
      </trkpt>
      <trkpt lat="24.5225574262440204620361328125" lon="118.1718798168003559112548828125">
        <ele>7.599999904632568359375</ele>
        <time>2025-08-11T12:21:53.000Z</time>
        <extensions>
          <ns3:TrackPointExtension>
            <ns3:hr>156</ns3:hr>
            <ns3:cad>88</ns3:cad>
          </ns3:TrackPointExtension>
        </extensions>
      </trkpt>
      <trkpt lat="24.52256622724235057830810546875" lon="118.171896748244762420654296875">
        <ele>7.599999904632568359375</ele>
        <time>2025-08-11T12:21:54.000Z</time>
        <extensions>
          <ns3:TrackPointExtension>
            <ns3:hr>156</ns3:hr>
            <ns3:cad>87</ns3:cad>
          </ns3:TrackPointExtension>
        </extensions>
      </trkpt>
      <trkpt lat="24.5225741900503635406494140625" lon="118.17192516289651393890380859375">
        <ele>7.599999904632568359375</ele>
        <time>2025-08-11T12:21:55.000Z</time>
        <extensions>
          <ns3:TrackPointExtension>
            <ns3:hr>156</ns3:hr>
            <ns3:cad>87</ns3:cad>
          </ns3:TrackPointExtension>
        </extensions>
      </trkpt>
      <trkpt lat="24.5225805602967739105224609375" lon="118.17194997332990169525146484375">
        <ele>7.599999904632568359375</ele>
        <time>2025-08-11T12:21:56.000Z</time>
        <extensions>
          <ns3:TrackPointExtension>
            <ns3:hr>156</ns3:hr>
            <ns3:cad>87</ns3:cad>
          </ns3:TrackPointExtension>
        </extensions>
      </trkpt>
      <trkpt lat="24.52258952893316745758056640625" lon="118.17196707241237163543701171875">
        <ele>7.599999904632568359375</ele>
        <time>2025-08-11T12:21:57.000Z</time>
        <extensions>
          <ns3:TrackPointExtension>
            <ns3:hr>156</ns3:hr>
            <ns3:cad>87</ns3:cad>
          </ns3:TrackPointExtension>
        </extensions>
      </trkpt>
      <trkpt lat="24.5226006768643856048583984375" lon="118.1719921343028545379638671875">
        <ele>7.400000095367431640625</ele>
        <time>2025-08-11T12:21:58.000Z</time>
        <extensions>
          <ns3:TrackPointExtension>
            <ns3:hr>156</ns3:hr>
            <ns3:cad>87</ns3:cad>
          </ns3:TrackPointExtension>
        </extensions>
      </trkpt>
      <trkpt lat="24.52260863967239856719970703125" lon="118.17201174795627593994140625">
        <ele>7.599999904632568359375</ele>
        <time>2025-08-11T12:21:59.000Z</time>
        <extensions>
          <ns3:TrackPointExtension>
            <ns3:hr>156</ns3:hr>
            <ns3:cad>87</ns3:cad>
          </ns3:TrackPointExtension>
        </extensions>
      </trkpt>
      <trkpt lat="24.52261886559426784515380859375" lon="118.1720373965799808502197265625">
        <ele>7.599999904632568359375</ele>
        <time>2025-08-11T12:22:00.000Z</time>
        <extensions>
          <ns3:TrackPointExtension>
            <ns3:hr>156</ns3:hr>
            <ns3:cad>87</ns3:cad>
          </ns3:TrackPointExtension>
        </extensions>
      </trkpt>
      <trkpt lat="24.5226234756410121917724609375" lon="118.1720571778714656829833984375">
        <ele>7.400000095367431640625</ele>
        <time>2025-08-11T12:22:01.000Z</time>
        <extensions>
          <ns3:TrackPointExtension>
            <ns3:hr>156</ns3:hr>
            <ns3:cad>87</ns3:cad>
          </ns3:TrackPointExtension>
        </extensions>
      </trkpt>
      <trkpt lat="24.5226305164396762847900390625" lon="118.172086179256439208984375">
        <ele>7.599999904632568359375</ele>
        <time>2025-08-11T12:22:02.000Z</time>
        <extensions>
          <ns3:TrackPointExtension>
            <ns3:hr>156</ns3:hr>
            <ns3:cad>87</ns3:cad>
          </ns3:TrackPointExtension>
        </extensions>
      </trkpt>
      <trkpt lat="24.52263596467673778533935546875" lon="118.17210889421403408050537109375">
        <ele>7.599999904632568359375</ele>
        <time>2025-08-11T12:22:03.000Z</time>
        <extensions>
          <ns3:TrackPointExtension>
            <ns3:hr>156</ns3:hr>
            <ns3:cad>86</ns3:cad>
          </ns3:TrackPointExtension>
        </extensions>
      </trkpt>
      <trkpt lat="24.5226435922086238861083984375" lon="118.172132782638072967529296875">
        <ele>7.599999904632568359375</ele>
        <time>2025-08-11T12:22:04.000Z</time>
        <extensions>
          <ns3:TrackPointExtension>
            <ns3:hr>155</ns3:hr>
            <ns3:cad>86</ns3:cad>
          </ns3:TrackPointExtension>
        </extensions>
      </trkpt>
      <trkpt lat="24.52264619059860706329345703125" lon="118.17216672934591770172119140625">
        <ele>7.599999904632568359375</ele>
        <time>2025-08-11T12:22:05.000Z</time>
        <extensions>
          <ns3:TrackPointExtension>
            <ns3:hr>156</ns3:hr>
            <ns3:cad>86</ns3:cad>
          </ns3:TrackPointExtension>
        </extensions>
      </trkpt>
      <trkpt lat="24.522651471197605133056640625" lon="118.1721896119415760040283203125">
        <ele>7.599999904632568359375</ele>
        <time>2025-08-11T12:22:06.000Z</time>
        <extensions>
          <ns3:TrackPointExtension>
            <ns3:hr>155</ns3:hr>
            <ns3:cad>86</ns3:cad>
          </ns3:TrackPointExtension>
        </extensions>
      </trkpt>
      <trkpt lat="24.522658176720142364501953125" lon="118.1722201220691204071044921875">
        <ele>7.599999904632568359375</ele>
        <time>2025-08-11T12:22:07.000Z</time>
        <extensions>
          <ns3:TrackPointExtension>
            <ns3:hr>155</ns3:hr>
            <ns3:cad>87</ns3:cad>
          </ns3:TrackPointExtension>
        </extensions>
      </trkpt>
      <trkpt lat="24.5226653851568698883056640625" lon="118.17223713733255863189697265625">
        <ele>7.599999904632568359375</ele>
        <time>2025-08-11T12:22:08.000Z</time>
        <extensions>
          <ns3:TrackPointExtension>
            <ns3:hr>155</ns3:hr>
            <ns3:cad>87</ns3:cad>
          </ns3:TrackPointExtension>
        </extensions>
      </trkpt>
      <trkpt lat="24.52267267741262912750244140625" lon="118.172259517014026641845703125">
        <ele>7.599999904632568359375</ele>
        <time>2025-08-11T12:22:09.000Z</time>
        <extensions>
          <ns3:TrackPointExtension>
            <ns3:hr>155</ns3:hr>
            <ns3:cad>86</ns3:cad>
          </ns3:TrackPointExtension>
        </extensions>
      </trkpt>
      <trkpt lat="24.5226764492690563201904296875" lon="118.17228265106678009033203125">
        <ele>7.599999904632568359375</ele>
        <time>2025-08-11T12:22:10.000Z</time>
        <extensions>
          <ns3:TrackPointExtension>
            <ns3:hr>156</ns3:hr>
            <ns3:cad>86</ns3:cad>
          </ns3:TrackPointExtension>
        </extensions>
      </trkpt>
      <trkpt lat="24.52268340624868869781494140625" lon="118.1723039411008358001708984375">
        <ele>7.599999904632568359375</ele>
        <time>2025-08-11T12:22:11.000Z</time>
        <extensions>
          <ns3:TrackPointExtension>
            <ns3:hr>155</ns3:hr>
            <ns3:cad>86</ns3:cad>
          </ns3:TrackPointExtension>
        </extensions>
      </trkpt>
      <trkpt lat="24.52268910594284534454345703125" lon="118.17233151756227016448974609375">
        <ele>7.599999904632568359375</ele>
        <time>2025-08-11T12:22:12.000Z</time>
        <extensions>
          <ns3:TrackPointExtension>
            <ns3:hr>155</ns3:hr>
            <ns3:cad>86</ns3:cad>
          </ns3:TrackPointExtension>
        </extensions>
      </trkpt>
      <trkpt lat="24.5226962305605411529541015625" lon="118.172353394329547882080078125">
        <ele>7.80000019073486328125</ele>
        <time>2025-08-11T12:22:13.000Z</time>
        <extensions>
          <ns3:TrackPointExtension>
            <ns3:hr>155</ns3:hr>
            <ns3:cad>86</ns3:cad>
          </ns3:TrackPointExtension>
        </extensions>
      </trkpt>
      <trkpt lat="24.52270285226404666900634765625" lon="118.1723773665726184844970703125">
        <ele>7.80000019073486328125</ele>
        <time>2025-08-11T12:22:14.000Z</time>
        <extensions>
          <ns3:TrackPointExtension>
            <ns3:hr>155</ns3:hr>
            <ns3:cad>87</ns3:cad>
          </ns3:TrackPointExtension>
        </extensions>
      </trkpt>
      <trkpt lat="24.52271073125302791595458984375" lon="118.172398321330547332763671875">
        <ele>7.80000019073486328125</ele>
        <time>2025-08-11T12:22:15.000Z</time>
        <extensions>
          <ns3:TrackPointExtension>
            <ns3:hr>154</ns3:hr>
            <ns3:cad>87</ns3:cad>
          </ns3:TrackPointExtension>
        </extensions>
      </trkpt>
      <trkpt lat="24.522718526422977447509765625" lon="118.17242614924907684326171875">
        <ele>8</ele>
        <time>2025-08-11T12:22:16.000Z</time>
        <extensions>
          <ns3:TrackPointExtension>
            <ns3:hr>154</ns3:hr>
            <ns3:cad>87</ns3:cad>
          </ns3:TrackPointExtension>
        </extensions>
      </trkpt>
      <trkpt lat="24.5227237232029438018798828125" lon="118.17244651727378368377685546875">
        <ele>8</ele>
        <time>2025-08-11T12:22:17.000Z</time>
        <extensions>
          <ns3:TrackPointExtension>
            <ns3:hr>154</ns3:hr>
            <ns3:cad>86</ns3:cad>
          </ns3:TrackPointExtension>
        </extensions>
      </trkpt>
      <trkpt lat="24.5227324403822422027587890625" lon="118.17246378399431705474853515625">
        <ele>8</ele>
        <time>2025-08-11T12:22:18.000Z</time>
        <extensions>
          <ns3:TrackPointExtension>
            <ns3:hr>154</ns3:hr>
            <ns3:cad>86</ns3:cad>
          </ns3:TrackPointExtension>
        </extensions>
      </trkpt>
      <trkpt lat="24.52273839153349399566650390625" lon="118.17248892970383167266845703125">
        <ele>8</ele>
        <time>2025-08-11T12:22:19.000Z</time>
        <extensions>
          <ns3:TrackPointExtension>
            <ns3:hr>154</ns3:hr>
            <ns3:cad>86</ns3:cad>
          </ns3:TrackPointExtension>
        </extensions>
      </trkpt>
      <trkpt lat="24.5227463543415069580078125" lon="118.17251005209982395172119140625">
        <ele>8</ele>
        <time>2025-08-11T12:22:20.000Z</time>
        <extensions>
          <ns3:TrackPointExtension>
            <ns3:hr>154</ns3:hr>
            <ns3:cad>86</ns3:cad>
          </ns3:TrackPointExtension>
        </extensions>
      </trkpt>
      <trkpt lat="24.52275699935853481292724609375" lon="118.17253218032419681549072265625">
        <ele>8</ele>
        <time>2025-08-11T12:22:21.000Z</time>
        <extensions>
          <ns3:TrackPointExtension>
            <ns3:hr>153</ns3:hr>
            <ns3:cad>86</ns3:cad>
          </ns3:TrackPointExtension>
        </extensions>
      </trkpt>
      <trkpt lat="24.5227636210620403289794921875" lon="118.1725510396063327789306640625">
        <ele>8</ele>
        <time>2025-08-11T12:22:22.000Z</time>
        <extensions>
          <ns3:TrackPointExtension>
            <ns3:hr>153</ns3:hr>
            <ns3:cad>86</ns3:cad>
          </ns3:TrackPointExtension>
        </extensions>
      </trkpt>
      <trkpt lat="24.522767476737499237060546875" lon="118.1725805439054965972900390625">
        <ele>8</ele>
        <time>2025-08-11T12:22:23.000Z</time>
        <extensions>
          <ns3:TrackPointExtension>
            <ns3:hr>153</ns3:hr>
            <ns3:cad>86</ns3:cad>
          </ns3:TrackPointExtension>
        </extensions>
      </trkpt>
      <trkpt lat="24.522774852812290191650390625" lon="118.17259781062602996826171875">
        <ele>8</ele>
        <time>2025-08-11T12:22:24.000Z</time>
        <extensions>
          <ns3:TrackPointExtension>
            <ns3:hr>153</ns3:hr>
            <ns3:cad>86</ns3:cad>
          </ns3:TrackPointExtension>
        </extensions>
      </trkpt>
      <trkpt lat="24.5227850787341594696044921875" lon="118.17262756638228893280029296875">
        <ele>8</ele>
        <time>2025-08-11T12:22:25.000Z</time>
        <extensions>
          <ns3:TrackPointExtension>
            <ns3:hr>154</ns3:hr>
            <ns3:cad>86</ns3:cad>
          </ns3:TrackPointExtension>
        </extensions>
      </trkpt>
      <trkpt lat="24.52280175872147083282470703125" lon="118.17264919169247150421142578125">
        <ele>8</ele>
        <time>2025-08-11T12:22:26.000Z</time>
        <extensions>
          <ns3:TrackPointExtension>
            <ns3:hr>153</ns3:hr>
            <ns3:cad>86</ns3:cad>
          </ns3:TrackPointExtension>
        </extensions>
      </trkpt>
      <trkpt lat="24.52281449921429157257080078125" lon="118.1726781092584133148193359375">
        <ele>8</ele>
        <time>2025-08-11T12:22:27.000Z</time>
        <extensions>
          <ns3:TrackPointExtension>
            <ns3:hr>153</ns3:hr>
            <ns3:cad>86</ns3:cad>
          </ns3:TrackPointExtension>
        </extensions>
      </trkpt>
      <trkpt lat="24.522826485335826873779296875" lon="118.172710798680782318115234375">
        <ele>8</ele>
        <time>2025-08-11T12:22:28.000Z</time>
        <extensions>
          <ns3:TrackPointExtension>
            <ns3:hr>154</ns3:hr>
            <ns3:cad>86</ns3:cad>
          </ns3:TrackPointExtension>
        </extensions>
      </trkpt>
      <trkpt lat="24.522837884724140167236328125" lon="118.17273351363837718963623046875">
        <ele>8</ele>
        <time>2025-08-11T12:22:29.000Z</time>
        <extensions>
          <ns3:TrackPointExtension>
            <ns3:hr>153</ns3:hr>
            <ns3:cad>86</ns3:cad>
          </ns3:TrackPointExtension>
        </extensions>
      </trkpt>
      <trkpt lat="24.52284450642764568328857421875" lon="118.17276486195623874664306640625">
        <ele>8</ele>
        <time>2025-08-11T12:22:30.000Z</time>
        <extensions>
          <ns3:TrackPointExtension>
            <ns3:hr>153</ns3:hr>
            <ns3:cad>86</ns3:cad>
          </ns3:TrackPointExtension>
        </extensions>
      </trkpt>
      <trkpt lat="24.52285967767238616943359375" lon="118.17278363741934299468994140625">
        <ele>8</ele>
        <time>2025-08-11T12:22:31.000Z</time>
        <extensions>
          <ns3:TrackPointExtension>
            <ns3:hr>153</ns3:hr>
            <ns3:cad>86</ns3:cad>
          </ns3:TrackPointExtension>
        </extensions>
      </trkpt>
      <trkpt lat="24.52286898158490657806396484375" lon="118.1728182546794414520263671875">
        <ele>8</ele>
        <time>2025-08-11T12:22:32.000Z</time>
        <extensions>
          <ns3:TrackPointExtension>
            <ns3:hr>153</ns3:hr>
            <ns3:cad>87</ns3:cad>
          </ns3:TrackPointExtension>
        </extensions>
      </trkpt>
      <trkpt lat="24.52288004569709300994873046875" lon="118.17283862270414829254150390625">
        <ele>8</ele>
        <time>2025-08-11T12:22:33.000Z</time>
        <extensions>
          <ns3:TrackPointExtension>
            <ns3:hr>153</ns3:hr>
            <ns3:cad>87</ns3:cad>
          </ns3:TrackPointExtension>
        </extensions>
      </trkpt>
      <trkpt lat="24.5228906907141208648681640625" lon="118.17286871373653411865234375">
        <ele>8</ele>
        <time>2025-08-11T12:22:34.000Z</time>
        <extensions>
          <ns3:TrackPointExtension>
            <ns3:hr>153</ns3:hr>
            <ns3:cad>87</ns3:cad>
          </ns3:TrackPointExtension>
        </extensions>
      </trkpt>
      <trkpt lat="24.522900246083736419677734375" lon="118.17289008758962154388427734375">
        <ele>7.80000019073486328125</ele>
        <time>2025-08-11T12:22:35.000Z</time>
        <extensions>
          <ns3:TrackPointExtension>
            <ns3:hr>153</ns3:hr>
            <ns3:cad>87</ns3:cad>
          </ns3:TrackPointExtension>
        </extensions>
      </trkpt>
      <trkpt lat="24.52290854416787624359130859375" lon="118.1729131378233432769775390625">
        <ele>7.80000019073486328125</ele>
        <time>2025-08-11T12:22:36.000Z</time>
        <extensions>
          <ns3:TrackPointExtension>
            <ns3:hr>153</ns3:hr>
            <ns3:cad>87</ns3:cad>
          </ns3:TrackPointExtension>
        </extensions>
      </trkpt>
      <trkpt lat="24.52291592024266719818115234375" lon="118.1729379482567310333251953125">
        <ele>7.80000019073486328125</ele>
        <time>2025-08-11T12:22:37.000Z</time>
        <extensions>
          <ns3:TrackPointExtension>
            <ns3:hr>153</ns3:hr>
            <ns3:cad>87</ns3:cad>
          </ns3:TrackPointExtension>
        </extensions>
      </trkpt>
      <trkpt lat="24.5229232124984264373779296875" lon="118.172955550253391265869140625">
        <ele>7.80000019073486328125</ele>
        <time>2025-08-11T12:22:38.000Z</time>
        <extensions>
          <ns3:TrackPointExtension>
            <ns3:hr>153</ns3:hr>
            <ns3:cad>88</ns3:cad>
          </ns3:TrackPointExtension>
        </extensions>
      </trkpt>
      <trkpt lat="24.52293318696320056915283203125" lon="118.1729793548583984375">
        <ele>7.80000019073486328125</ele>
        <time>2025-08-11T12:22:39.000Z</time>
        <extensions>
          <ns3:TrackPointExtension>
            <ns3:hr>153</ns3:hr>
            <ns3:cad>88</ns3:cad>
          </ns3:TrackPointExtension>
        </extensions>
      </trkpt>
      <trkpt lat="24.52294525690376758575439453125" lon="118.17299544811248779296875">
        <ele>7.80000019073486328125</ele>
        <time>2025-08-11T12:22:40.000Z</time>
        <extensions>
          <ns3:TrackPointExtension>
            <ns3:hr>153</ns3:hr>
            <ns3:cad>87</ns3:cad>
          </ns3:TrackPointExtension>
        </extensions>
      </trkpt>
      <trkpt lat="24.522951878607273101806640625" lon="118.17302252165973186492919921875">
        <ele>7.80000019073486328125</ele>
        <time>2025-08-11T12:22:41.000Z</time>
        <extensions>
          <ns3:TrackPointExtension>
            <ns3:hr>153</ns3:hr>
            <ns3:cad>87</ns3:cad>
          </ns3:TrackPointExtension>
        </extensions>
      </trkpt>
      <trkpt lat="24.52295984141528606414794921875" lon="118.17303576506674289703369140625">
        <ele>7.80000019073486328125</ele>
        <time>2025-08-11T12:22:42.000Z</time>
        <extensions>
          <ns3:TrackPointExtension>
            <ns3:hr>153</ns3:hr>
            <ns3:cad>87</ns3:cad>
          </ns3:TrackPointExtension>
        </extensions>
      </trkpt>
      <trkpt lat="24.52297107316553592681884765625" lon="118.17305688746273517608642578125">
        <ele>7.80000019073486328125</ele>
        <time>2025-08-11T12:22:43.000Z</time>
        <extensions>
          <ns3:TrackPointExtension>
            <ns3:hr>153</ns3:hr>
            <ns3:cad>87</ns3:cad>
          </ns3:TrackPointExtension>
        </extensions>
      </trkpt>
      <trkpt lat="24.52298113144934177398681640625" lon="118.1730767525732517242431640625">
        <ele>7.80000019073486328125</ele>
        <time>2025-08-11T12:22:44.000Z</time>
        <extensions>
          <ns3:TrackPointExtension>
            <ns3:hr>153</ns3:hr>
            <ns3:cad>87</ns3:cad>
          </ns3:TrackPointExtension>
        </extensions>
      </trkpt>
      <trkpt lat="24.52299219556152820587158203125" lon="118.1730965338647365570068359375">
        <ele>7.80000019073486328125</ele>
        <time>2025-08-11T12:22:45.000Z</time>
        <extensions>
          <ns3:TrackPointExtension>
            <ns3:hr>153</ns3:hr>
            <ns3:cad>86</ns3:cad>
          </ns3:TrackPointExtension>
        </extensions>
      </trkpt>
      <trkpt lat="24.52300175093114376068115234375" lon="118.17312159575521945953369140625">
        <ele>7.80000019073486328125</ele>
        <time>2025-08-11T12:22:46.000Z</time>
        <extensions>
          <ns3:TrackPointExtension>
            <ns3:hr>153</ns3:hr>
            <ns3:cad>86</ns3:cad>
          </ns3:TrackPointExtension>
        </extensions>
      </trkpt>
      <trkpt lat="24.52301658689975738525390625" lon="118.17313961684703826904296875">
        <ele>8</ele>
        <time>2025-08-11T12:22:47.000Z</time>
        <extensions>
          <ns3:TrackPointExtension>
            <ns3:hr>153</ns3:hr>
            <ns3:cad>85</ns3:cad>
          </ns3:TrackPointExtension>
        </extensions>
      </trkpt>
      <trkpt lat="24.52303343452513217926025390625" lon="118.173167444765567779541015625">
        <ele>8</ele>
        <time>2025-08-11T12:22:48.000Z</time>
        <extensions>
          <ns3:TrackPointExtension>
            <ns3:hr>153</ns3:hr>
            <ns3:cad>85</ns3:cad>
          </ns3:TrackPointExtension>
        </extensions>
      </trkpt>
      <trkpt lat="24.523047767579555511474609375" lon="118.1731832027435302734375">
        <ele>8</ele>
        <time>2025-08-11T12:22:49.000Z</time>
        <extensions>
          <ns3:TrackPointExtension>
            <ns3:hr>153</ns3:hr>
            <ns3:cad>86</ns3:cad>
          </ns3:TrackPointExtension>
        </extensions>
      </trkpt>
      <trkpt lat="24.52306126244366168975830078125" lon="118.17321295849978923797607421875">
        <ele>8</ele>
        <time>2025-08-11T12:22:50.000Z</time>
        <extensions>
          <ns3:TrackPointExtension>
            <ns3:hr>153</ns3:hr>
            <ns3:cad>86</ns3:cad>
          </ns3:TrackPointExtension>
        </extensions>
      </trkpt>
      <trkpt lat="24.523073248565196990966796875" lon="118.17323005758225917816162109375">
        <ele>8</ele>
        <time>2025-08-11T12:22:51.000Z</time>
        <extensions>
          <ns3:TrackPointExtension>
            <ns3:hr>153</ns3:hr>
            <ns3:cad>86</ns3:cad>
          </ns3:TrackPointExtension>
        </extensions>
      </trkpt>
      <trkpt lat="24.5230911858379840850830078125" lon="118.17324933595955371856689453125">
        <ele>8</ele>
        <time>2025-08-11T12:22:52.000Z</time>
        <extensions>
          <ns3:TrackPointExtension>
            <ns3:hr>153</ns3:hr>
            <ns3:cad>86</ns3:cad>
          </ns3:TrackPointExtension>
        </extensions>
      </trkpt>
      <trkpt lat="24.52310702763497829437255859375" lon="118.17326945252716541290283203125">
        <ele>8</ele>
        <time>2025-08-11T12:22:53.000Z</time>
        <extensions>
          <ns3:TrackPointExtension>
            <ns3:hr>154</ns3:hr>
            <ns3:cad>86</ns3:cad>
          </ns3:TrackPointExtension>
        </extensions>
      </trkpt>
      <trkpt lat="24.52312144450843334197998046875" lon="118.17328705452382564544677734375">
        <ele>8</ele>
        <time>2025-08-11T12:22:54.000Z</time>
        <extensions>
          <ns3:TrackPointExtension>
            <ns3:hr>153</ns3:hr>
            <ns3:cad>86</ns3:cad>
          </ns3:TrackPointExtension>
        </extensions>
      </trkpt>
      <trkpt lat="24.5231374539434909820556640625" lon="118.17331085912883281707763671875">
        <ele>8</ele>
        <time>2025-08-11T12:22:55.000Z</time>
        <extensions>
          <ns3:TrackPointExtension>
            <ns3:hr>153</ns3:hr>
            <ns3:cad>86</ns3:cad>
          </ns3:TrackPointExtension>
        </extensions>
      </trkpt>
      <trkpt lat="24.5231512002646923065185546875" lon="118.1733272038400173187255859375">
        <ele>8</ele>
        <time>2025-08-11T12:22:56.000Z</time>
        <extensions>
          <ns3:TrackPointExtension>
            <ns3:hr>153</ns3:hr>
            <ns3:cad>86</ns3:cad>
          </ns3:TrackPointExtension>
        </extensions>
      </trkpt>
      <trkpt lat="24.52316855080425739288330078125" lon="118.17335695959627628326416015625">
        <ele>8</ele>
        <time>2025-08-11T12:22:57.000Z</time>
        <extensions>
          <ns3:TrackPointExtension>
            <ns3:hr>153</ns3:hr>
            <ns3:cad>86</ns3:cad>
          </ns3:TrackPointExtension>
        </extensions>
      </trkpt>
      <trkpt lat="24.523183219134807586669921875" lon="118.1733687780797481536865234375">
        <ele>8</ele>
        <time>2025-08-11T12:22:58.000Z</time>
        <extensions>
          <ns3:TrackPointExtension>
            <ns3:hr>153</ns3:hr>
            <ns3:cad>87</ns3:cad>
          </ns3:TrackPointExtension>
        </extensions>
      </trkpt>
      <trkpt lat="24.52320098876953125" lon="118.17338797263801097869873046875">
        <ele>8</ele>
        <time>2025-08-11T12:22:59.000Z</time>
        <extensions>
          <ns3:TrackPointExtension>
            <ns3:hr>154</ns3:hr>
            <ns3:cad>87</ns3:cad>
          </ns3:TrackPointExtension>
        </extensions>
      </trkpt>
      <trkpt lat="24.52321247197687625885009765625" lon="118.17340607754886150360107421875">
        <ele>8</ele>
        <time>2025-08-11T12:23:00.000Z</time>
        <extensions>
          <ns3:TrackPointExtension>
            <ns3:hr>154</ns3:hr>
            <ns3:cad>87</ns3:cad>
          </ns3:TrackPointExtension>
        </extensions>
      </trkpt>
      <trkpt lat="24.52322487719357013702392578125" lon="118.173424936830997467041015625">
        <ele>8</ele>
        <time>2025-08-11T12:23:01.000Z</time>
        <extensions>
          <ns3:TrackPointExtension>
            <ns3:hr>154</ns3:hr>
            <ns3:cad>86</ns3:cad>
          </ns3:TrackPointExtension>
        </extensions>
      </trkpt>
      <trkpt lat="24.52323694713413715362548828125" lon="118.17345142364501953125">
        <ele>7.80000019073486328125</ele>
        <time>2025-08-11T12:23:02.000Z</time>
        <extensions>
          <ns3:TrackPointExtension>
            <ns3:hr>154</ns3:hr>
            <ns3:cad>86</ns3:cad>
          </ns3:TrackPointExtension>
        </extensions>
      </trkpt>
      <trkpt lat="24.52325102873146533966064453125" lon="118.17346860654652118682861328125">
        <ele>8</ele>
        <time>2025-08-11T12:23:03.000Z</time>
        <extensions>
          <ns3:TrackPointExtension>
            <ns3:hr>154</ns3:hr>
            <ns3:cad>86</ns3:cad>
          </ns3:TrackPointExtension>
        </extensions>
      </trkpt>
      <trkpt lat="24.52326544560492038726806640625" lon="118.173502720892429351806640625">
        <ele>7.80000019073486328125</ele>
        <time>2025-08-11T12:23:04.000Z</time>
        <extensions>
          <ns3:TrackPointExtension>
            <ns3:hr>153</ns3:hr>
            <ns3:cad>86</ns3:cad>
          </ns3:TrackPointExtension>
        </extensions>
      </trkpt>
      <trkpt lat="24.5232775993645191192626953125" lon="118.1735186465084552764892578125">
        <ele>7.80000019073486328125</ele>
        <time>2025-08-11T12:23:05.000Z</time>
        <extensions>
          <ns3:TrackPointExtension>
            <ns3:hr>154</ns3:hr>
            <ns3:cad>86</ns3:cad>
          </ns3:TrackPointExtension>
        </extensions>
      </trkpt>
      <trkpt lat="24.5232923515141010284423828125" lon="118.17354722879827022552490234375">
        <ele>7.80000019073486328125</ele>
        <time>2025-08-11T12:23:06.000Z</time>
        <extensions>
          <ns3:TrackPointExtension>
            <ns3:hr>154</ns3:hr>
            <ns3:cad>86</ns3:cad>
          </ns3:TrackPointExtension>
        </extensions>
      </trkpt>
      <trkpt lat="24.523305930197238922119140625" lon="118.17356147803366184234619140625">
        <ele>8</ele>
        <time>2025-08-11T12:23:07.000Z</time>
        <extensions>
          <ns3:TrackPointExtension>
            <ns3:hr>154</ns3:hr>
            <ns3:cad>86</ns3:cad>
          </ns3:TrackPointExtension>
        </extensions>
      </trkpt>
      <trkpt lat="24.52332328073680400848388671875" lon="118.173577152192592620849609375">
        <ele>8</ele>
        <time>2025-08-11T12:23:08.000Z</time>
        <extensions>
          <ns3:TrackPointExtension>
            <ns3:hr>153</ns3:hr>
            <ns3:cad>86</ns3:cad>
          </ns3:TrackPointExtension>
        </extensions>
      </trkpt>
      <trkpt lat="24.5233423076570034027099609375" lon="118.1735944189131259918212890625">
        <ele>8</ele>
        <time>2025-08-11T12:23:09.000Z</time>
        <extensions>
          <ns3:TrackPointExtension>
            <ns3:hr>154</ns3:hr>
            <ns3:cad>86</ns3:cad>
          </ns3:TrackPointExtension>
        </extensions>
      </trkpt>
      <trkpt lat="24.523360915482044219970703125" lon="118.17360288463532924652099609375">
        <ele>8</ele>
        <time>2025-08-11T12:23:10.000Z</time>
        <extensions>
          <ns3:TrackPointExtension>
            <ns3:hr>154</ns3:hr>
            <ns3:cad>86</ns3:cad>
          </ns3:TrackPointExtension>
        </extensions>
      </trkpt>
      <trkpt lat="24.52338295988738536834716796875" lon="118.1736195646226406097412109375">
        <ele>8</ele>
        <time>2025-08-11T12:23:11.000Z</time>
        <extensions>
          <ns3:TrackPointExtension>
            <ns3:hr>154</ns3:hr>
            <ns3:cad>86</ns3:cad>
          </ns3:TrackPointExtension>
        </extensions>
      </trkpt>
      <trkpt lat="24.5233989693224430084228515625" lon="118.17362115718424320220947265625">
        <ele>8</ele>
        <time>2025-08-11T12:23:12.000Z</time>
        <extensions>
          <ns3:TrackPointExtension>
            <ns3:hr>154</ns3:hr>
            <ns3:cad>86</ns3:cad>
          </ns3:TrackPointExtension>
        </extensions>
      </trkpt>
      <trkpt lat="24.5234254561364650726318359375" lon="118.173637501895427703857421875">
        <ele>8</ele>
        <time>2025-08-11T12:23:13.000Z</time>
        <extensions>
          <ns3:TrackPointExtension>
            <ns3:hr>154</ns3:hr>
            <ns3:cad>86</ns3:cad>
          </ns3:TrackPointExtension>
        </extensions>
      </trkpt>
      <trkpt lat="24.52344280667603015899658203125" lon="118.1736403517425060272216796875">
        <ele>8</ele>
        <time>2025-08-11T12:23:14.000Z</time>
        <extensions>
          <ns3:TrackPointExtension>
            <ns3:hr>154</ns3:hr>
            <ns3:cad>86</ns3:cad>
          </ns3:TrackPointExtension>
        </extensions>
      </trkpt>
      <trkpt lat="24.52346719801425933837890625" lon="118.173647224903106689453125">
        <ele>8</ele>
        <time>2025-08-11T12:23:15.000Z</time>
        <extensions>
          <ns3:TrackPointExtension>
            <ns3:hr>154</ns3:hr>
            <ns3:cad>86</ns3:cad>
          </ns3:TrackPointExtension>
        </extensions>
      </trkpt>
      <trkpt lat="24.52349008060991764068603515625" lon="118.1736530922353267669677734375">
        <ele>8</ele>
        <time>2025-08-11T12:23:16.000Z</time>
        <extensions>
          <ns3:TrackPointExtension>
            <ns3:hr>154</ns3:hr>
            <ns3:cad>87</ns3:cad>
          </ns3:TrackPointExtension>
        </extensions>
      </trkpt>
      <trkpt lat="24.52351011335849761962890625" lon="118.173650912940502166748046875">
        <ele>8</ele>
        <time>2025-08-11T12:23:17.000Z</time>
        <extensions>
          <ns3:TrackPointExtension>
            <ns3:hr>155</ns3:hr>
            <ns3:cad>87</ns3:cad>
          </ns3:TrackPointExtension>
        </extensions>
      </trkpt>
      <trkpt lat="24.5235391147434711456298828125" lon="118.17365284077823162078857421875">
        <ele>8</ele>
        <time>2025-08-11T12:23:18.000Z</time>
        <extensions>
          <ns3:TrackPointExtension>
            <ns3:hr>155</ns3:hr>
            <ns3:cad>86</ns3:cad>
          </ns3:TrackPointExtension>
        </extensions>
      </trkpt>
      <trkpt lat="24.523558728396892547607421875" lon="118.173652924597263336181640625">
        <ele>8.19999980926513671875</ele>
        <time>2025-08-11T12:23:19.000Z</time>
        <extensions>
          <ns3:TrackPointExtension>
            <ns3:hr>155</ns3:hr>
            <ns3:cad>86</ns3:cad>
          </ns3:TrackPointExtension>
        </extensions>
      </trkpt>
      <trkpt lat="24.5235847122967243194580078125" lon="118.173654936254024505615234375">
        <ele>8.19999980926513671875</ele>
        <time>2025-08-11T12:23:20.000Z</time>
        <extensions>
          <ns3:TrackPointExtension>
            <ns3:hr>155</ns3:hr>
            <ns3:cad>85</ns3:cad>
          </ns3:TrackPointExtension>
        </extensions>
      </trkpt>
      <trkpt lat="24.52361078001558780670166015625" lon="118.17365602590143680572509765625">
        <ele>8.19999980926513671875</ele>
        <time>2025-08-11T12:23:21.000Z</time>
        <extensions>
          <ns3:TrackPointExtension>
            <ns3:hr>155</ns3:hr>
            <ns3:cad>83</ns3:cad>
          </ns3:TrackPointExtension>
        </extensions>
      </trkpt>
      <trkpt lat="24.52363139949738979339599609375" lon="118.17365082912147045135498046875">
        <ele>8.19999980926513671875</ele>
        <time>2025-08-11T12:23:22.000Z</time>
        <extensions>
          <ns3:TrackPointExtension>
            <ns3:hr>155</ns3:hr>
            <ns3:cad>83</ns3:cad>
          </ns3:TrackPointExtension>
        </extensions>
      </trkpt>
      <trkpt lat="24.52365855686366558074951171875" lon="118.1736554391682147979736328125">
        <ele>8.19999980926513671875</ele>
        <time>2025-08-11T12:23:23.000Z</time>
        <extensions>
          <ns3:TrackPointExtension>
            <ns3:hr>155</ns3:hr>
            <ns3:cad>83</ns3:cad>
          </ns3:TrackPointExtension>
        </extensions>
      </trkpt>
      <trkpt lat="24.523675404489040374755859375" lon="118.1736547686159610748291015625">
        <ele>8.19999980926513671875</ele>
        <time>2025-08-11T12:23:24.000Z</time>
        <extensions>
          <ns3:TrackPointExtension>
            <ns3:hr>155</ns3:hr>
            <ns3:cad>84</ns3:cad>
          </ns3:TrackPointExtension>
        </extensions>
      </trkpt>
      <trkpt lat="24.5236958563327789306640625" lon="118.17365904338657855987548828125">
        <ele>8.19999980926513671875</ele>
        <time>2025-08-11T12:23:25.000Z</time>
        <extensions>
          <ns3:TrackPointExtension>
            <ns3:hr>155</ns3:hr>
            <ns3:cad>84</ns3:cad>
          </ns3:TrackPointExtension>
        </extensions>
      </trkpt>
      <trkpt lat="24.523713290691375732421875" lon="118.17366038449108600616455078125">
        <ele>8</ele>
        <time>2025-08-11T12:23:26.000Z</time>
        <extensions>
          <ns3:TrackPointExtension>
            <ns3:hr>155</ns3:hr>
            <ns3:cad>84</ns3:cad>
          </ns3:TrackPointExtension>
        </extensions>
      </trkpt>
      <trkpt lat="24.5237334072589874267578125" lon="118.17366206087172031402587890625">
        <ele>8</ele>
        <time>2025-08-11T12:23:27.000Z</time>
        <extensions>
          <ns3:TrackPointExtension>
            <ns3:hr>155</ns3:hr>
            <ns3:cad>85</ns3:cad>
          </ns3:TrackPointExtension>
        </extensions>
      </trkpt>
      <trkpt lat="24.52375662513077259063720703125" lon="118.17366960458457469940185546875">
        <ele>8</ele>
        <time>2025-08-11T12:23:28.000Z</time>
        <extensions>
          <ns3:TrackPointExtension>
            <ns3:hr>155</ns3:hr>
            <ns3:cad>85</ns3:cad>
          </ns3:TrackPointExtension>
        </extensions>
      </trkpt>
      <trkpt lat="24.52377456240355968475341796875" lon="118.17366725765168666839599609375">
        <ele>7.80000019073486328125</ele>
        <time>2025-08-11T12:23:29.000Z</time>
        <extensions>
          <ns3:TrackPointExtension>
            <ns3:hr>155</ns3:hr>
            <ns3:cad>86</ns3:cad>
          </ns3:TrackPointExtension>
        </extensions>
      </trkpt>
      <trkpt lat="24.523799121379852294921875" lon="118.17367337644100189208984375">
        <ele>8</ele>
        <time>2025-08-11T12:23:30.000Z</time>
        <extensions>
          <ns3:TrackPointExtension>
            <ns3:hr>155</ns3:hr>
            <ns3:cad>87</ns3:cad>
          </ns3:TrackPointExtension>
        </extensions>
      </trkpt>
      <trkpt lat="24.52381663955748081207275390625" lon="118.17367203533649444580078125">
        <ele>8</ele>
        <time>2025-08-11T12:23:31.000Z</time>
        <extensions>
          <ns3:TrackPointExtension>
            <ns3:hr>155</ns3:hr>
            <ns3:cad>87</ns3:cad>
          </ns3:TrackPointExtension>
        </extensions>
      </trkpt>
      <trkpt lat="24.5238408632576465606689453125" lon="118.173690475523471832275390625">
        <ele>8</ele>
        <time>2025-08-11T12:23:32.000Z</time>
        <extensions>
          <ns3:TrackPointExtension>
            <ns3:hr>156</ns3:hr>
            <ns3:cad>87</ns3:cad>
          </ns3:TrackPointExtension>
        </extensions>
      </trkpt>
      <trkpt lat="24.52386408112943172454833984375" lon="118.1736986897885799407958984375">
        <ele>7.80000019073486328125</ele>
        <time>2025-08-11T12:23:33.000Z</time>
        <extensions>
          <ns3:TrackPointExtension>
            <ns3:hr>156</ns3:hr>
            <ns3:cad>87</ns3:cad>
          </ns3:TrackPointExtension>
        </extensions>
      </trkpt>
      <trkpt lat="24.52389090321958065032958984375" lon="118.1737077422440052032470703125">
        <ele>7.80000019073486328125</ele>
        <time>2025-08-11T12:23:34.000Z</time>
        <extensions>
          <ns3:TrackPointExtension>
            <ns3:hr>156</ns3:hr>
            <ns3:cad>87</ns3:cad>
          </ns3:TrackPointExtension>
        </extensions>
      </trkpt>
      <trkpt lat="24.52391319908201694488525390625" lon="118.17371671088039875030517578125">
        <ele>7.80000019073486328125</ele>
        <time>2025-08-11T12:23:35.000Z</time>
        <extensions>
          <ns3:TrackPointExtension>
            <ns3:hr>156</ns3:hr>
            <ns3:cad>87</ns3:cad>
          </ns3:TrackPointExtension>
        </extensions>
      </trkpt>
      <trkpt lat="24.52393834479153156280517578125" lon="118.17372576333582401275634765625">
        <ele>7.80000019073486328125</ele>
        <time>2025-08-11T12:23:36.000Z</time>
        <extensions>
          <ns3:TrackPointExtension>
            <ns3:hr>157</ns3:hr>
            <ns3:cad>87</ns3:cad>
          </ns3:TrackPointExtension>
        </extensions>
      </trkpt>
      <trkpt lat="24.52396147884428501129150390625" lon="118.17373481579124927520751953125">
        <ele>7.80000019073486328125</ele>
        <time>2025-08-11T12:23:37.000Z</time>
        <extensions>
          <ns3:TrackPointExtension>
            <ns3:hr>157</ns3:hr>
            <ns3:cad>87</ns3:cad>
          </ns3:TrackPointExtension>
        </extensions>
      </trkpt>
      <trkpt lat="24.5239873789250850677490234375" lon="118.1737402640283107757568359375">
        <ele>7.80000019073486328125</ele>
        <time>2025-08-11T12:23:38.000Z</time>
        <extensions>
          <ns3:TrackPointExtension>
            <ns3:hr>157</ns3:hr>
            <ns3:cad>87</ns3:cad>
          </ns3:TrackPointExtension>
        </extensions>
      </trkpt>
      <trkpt lat="24.52401160262525081634521484375" lon="118.17375241778790950775146484375">
        <ele>7.80000019073486328125</ele>
        <time>2025-08-11T12:23:39.000Z</time>
        <extensions>
          <ns3:TrackPointExtension>
            <ns3:hr>157</ns3:hr>
            <ns3:cad>87</ns3:cad>
          </ns3:TrackPointExtension>
        </extensions>
      </trkpt>
      <trkpt lat="24.5240346528589725494384765625" lon="118.17375811748206615447998046875">
        <ele>7.80000019073486328125</ele>
        <time>2025-08-11T12:23:40.000Z</time>
        <extensions>
          <ns3:TrackPointExtension>
            <ns3:hr>158</ns3:hr>
            <ns3:cad>87</ns3:cad>
          </ns3:TrackPointExtension>
        </extensions>
      </trkpt>
      <trkpt lat="24.52406675554811954498291015625" lon="118.17376683466136455535888671875">
        <ele>7.80000019073486328125</ele>
        <time>2025-08-11T12:23:41.000Z</time>
        <extensions>
          <ns3:TrackPointExtension>
            <ns3:hr>157</ns3:hr>
            <ns3:cad>87</ns3:cad>
          </ns3:TrackPointExtension>
        </extensions>
      </trkpt>
      <trkpt lat="24.52408804558217525482177734375" lon="118.17376147024333477020263671875">
        <ele>7.80000019073486328125</ele>
        <time>2025-08-11T12:23:42.000Z</time>
        <extensions>
          <ns3:TrackPointExtension>
            <ns3:hr>157</ns3:hr>
            <ns3:cad>87</ns3:cad>
          </ns3:TrackPointExtension>
        </extensions>
      </trkpt>
      <trkpt lat="24.5241124369204044342041015625" lon="118.17376993596553802490234375">
        <ele>7.80000019073486328125</ele>
        <time>2025-08-11T12:23:43.000Z</time>
        <extensions>
          <ns3:TrackPointExtension>
            <ns3:hr>158</ns3:hr>
            <ns3:cad>87</ns3:cad>
          </ns3:TrackPointExtension>
        </extensions>
      </trkpt>
      <trkpt lat="24.5241330564022064208984375" lon="118.17377421073615550994873046875">
        <ele>7.80000019073486328125</ele>
        <time>2025-08-11T12:23:44.000Z</time>
        <extensions>
          <ns3:TrackPointExtension>
            <ns3:hr>157</ns3:hr>
            <ns3:cad>87</ns3:cad>
          </ns3:TrackPointExtension>
        </extensions>
      </trkpt>
      <trkpt lat="24.52415476553142070770263671875" lon="118.17377706058323383331298828125">
        <ele>7.80000019073486328125</ele>
        <time>2025-08-11T12:23:45.000Z</time>
        <extensions>
          <ns3:TrackPointExtension>
            <ns3:hr>157</ns3:hr>
            <ns3:cad>86</ns3:cad>
          </ns3:TrackPointExtension>
        </extensions>
      </trkpt>
      <trkpt lat="24.5241786539554595947265625" lon="118.173784352838993072509765625">
        <ele>7.80000019073486328125</ele>
        <time>2025-08-11T12:23:46.000Z</time>
        <extensions>
          <ns3:TrackPointExtension>
            <ns3:hr>158</ns3:hr>
            <ns3:cad>86</ns3:cad>
          </ns3:TrackPointExtension>
        </extensions>
      </trkpt>
      <trkpt lat="24.52420321293175220489501953125" lon="118.173786699771881103515625">
        <ele>7.599999904632568359375</ele>
        <time>2025-08-11T12:23:47.000Z</time>
        <extensions>
          <ns3:TrackPointExtension>
            <ns3:hr>158</ns3:hr>
            <ns3:cad>86</ns3:cad>
          </ns3:TrackPointExtension>
        </extensions>
      </trkpt>
      <trkpt lat="24.524229951202869415283203125" lon="118.17379835061728954315185546875">
        <ele>7.599999904632568359375</ele>
        <time>2025-08-11T12:23:48.000Z</time>
        <extensions>
          <ns3:TrackPointExtension>
            <ns3:hr>158</ns3:hr>
            <ns3:cad>86</ns3:cad>
          </ns3:TrackPointExtension>
        </extensions>
      </trkpt>
      <trkpt lat="24.52425568364560604095458984375" lon="118.17380086518824100494384765625">
        <ele>7.599999904632568359375</ele>
        <time>2025-08-11T12:23:49.000Z</time>
        <extensions>
          <ns3:TrackPointExtension>
            <ns3:hr>158</ns3:hr>
            <ns3:cad>86</ns3:cad>
          </ns3:TrackPointExtension>
        </extensions>
      </trkpt>
      <trkpt lat="24.52428451739251613616943359375" lon="118.17380673252046108245849609375">
        <ele>7.599999904632568359375</ele>
        <time>2025-08-11T12:23:50.000Z</time>
        <extensions>
          <ns3:TrackPointExtension>
            <ns3:hr>157</ns3:hr>
            <ns3:cad>87</ns3:cad>
          </ns3:TrackPointExtension>
        </extensions>
      </trkpt>
      <trkpt lat="24.52430899254977703094482421875" lon="118.17380639724433422088623046875">
        <ele>7.599999904632568359375</ele>
        <time>2025-08-11T12:23:51.000Z</time>
        <extensions>
          <ns3:TrackPointExtension>
            <ns3:hr>158</ns3:hr>
            <ns3:cad>87</ns3:cad>
          </ns3:TrackPointExtension>
        </extensions>
      </trkpt>
      <trkpt lat="24.52433631755411624908447265625" lon="118.173805139958858489990234375">
        <ele>7.599999904632568359375</ele>
        <time>2025-08-11T12:23:52.000Z</time>
        <extensions>
          <ns3:TrackPointExtension>
            <ns3:hr>158</ns3:hr>
            <ns3:cad>87</ns3:cad>
          </ns3:TrackPointExtension>
        </extensions>
      </trkpt>
      <trkpt lat="24.52435743995010852813720703125" lon="118.173795081675052642822265625">
        <ele>7.599999904632568359375</ele>
        <time>2025-08-11T12:23:53.000Z</time>
        <extensions>
          <ns3:TrackPointExtension>
            <ns3:hr>158</ns3:hr>
            <ns3:cad>87</ns3:cad>
          </ns3:TrackPointExtension>
        </extensions>
      </trkpt>
      <trkpt lat="24.5243830047547817230224609375" lon="118.17378628067672252655029296875">
        <ele>7.599999904632568359375</ele>
        <time>2025-08-11T12:23:54.000Z</time>
        <extensions>
          <ns3:TrackPointExtension>
            <ns3:hr>158</ns3:hr>
            <ns3:cad>87</ns3:cad>
          </ns3:TrackPointExtension>
        </extensions>
      </trkpt>
      <trkpt lat="24.52440488152205944061279296875" lon="118.17377907223999500274658203125">
        <ele>7.599999904632568359375</ele>
        <time>2025-08-11T12:23:55.000Z</time>
        <extensions>
          <ns3:TrackPointExtension>
            <ns3:hr>158</ns3:hr>
            <ns3:cad>87</ns3:cad>
          </ns3:TrackPointExtension>
        </extensions>
      </trkpt>
      <trkpt lat="24.52442550100386142730712890625" lon="118.17376750521361827850341796875">
        <ele>7.400000095367431640625</ele>
        <time>2025-08-11T12:23:56.000Z</time>
        <extensions>
          <ns3:TrackPointExtension>
            <ns3:hr>158</ns3:hr>
            <ns3:cad>87</ns3:cad>
          </ns3:TrackPointExtension>
        </extensions>
      </trkpt>
      <trkpt lat="24.52445148490369319915771484375" lon="118.17375828512012958526611328125">
        <ele>7.599999904632568359375</ele>
        <time>2025-08-11T12:23:57.000Z</time>
        <extensions>
          <ns3:TrackPointExtension>
            <ns3:hr>158</ns3:hr>
            <ns3:cad>87</ns3:cad>
          </ns3:TrackPointExtension>
        </extensions>
      </trkpt>
      <trkpt lat="24.52447160147130489349365234375" lon="118.17374940030276775360107421875">
        <ele>7.599999904632568359375</ele>
        <time>2025-08-11T12:23:58.000Z</time>
        <extensions>
          <ns3:TrackPointExtension>
            <ns3:hr>158</ns3:hr>
            <ns3:cad>87</ns3:cad>
          </ns3:TrackPointExtension>
        </extensions>
      </trkpt>
      <trkpt lat="24.524496160447597503662109375" lon="118.17374177277088165283203125">
        <ele>7.599999904632568359375</ele>
        <time>2025-08-11T12:23:59.000Z</time>
        <extensions>
          <ns3:TrackPointExtension>
            <ns3:hr>158</ns3:hr>
            <ns3:cad>87</ns3:cad>
          </ns3:TrackPointExtension>
        </extensions>
      </trkpt>
      <trkpt lat="24.52451485209167003631591796875" lon="118.1737342290580272674560546875">
        <ele>7.599999904632568359375</ele>
        <time>2025-08-11T12:24:00.000Z</time>
        <extensions>
          <ns3:TrackPointExtension>
            <ns3:hr>158</ns3:hr>
            <ns3:cad>87</ns3:cad>
          </ns3:TrackPointExtension>
        </extensions>
      </trkpt>
      <trkpt lat="24.52453714795410633087158203125" lon="118.173735402524471282958984375">
        <ele>7.599999904632568359375</ele>
        <time>2025-08-11T12:24:01.000Z</time>
        <extensions>
          <ns3:TrackPointExtension>
            <ns3:hr>158</ns3:hr>
            <ns3:cad>87</ns3:cad>
          </ns3:TrackPointExtension>
        </extensions>
      </trkpt>
      <trkpt lat="24.52455659396946430206298828125" lon="118.1737348996102809906005859375">
        <ele>7.599999904632568359375</ele>
        <time>2025-08-11T12:24:02.000Z</time>
        <extensions>
          <ns3:TrackPointExtension>
            <ns3:hr>158</ns3:hr>
            <ns3:cad>87</ns3:cad>
          </ns3:TrackPointExtension>
        </extensions>
      </trkpt>
      <trkpt lat="24.52457956038415431976318359375" lon="118.17374504171311855316162109375">
        <ele>7.599999904632568359375</ele>
        <time>2025-08-11T12:24:03.000Z</time>
        <extensions>
          <ns3:TrackPointExtension>
            <ns3:hr>158</ns3:hr>
            <ns3:cad>87</ns3:cad>
          </ns3:TrackPointExtension>
        </extensions>
      </trkpt>
      <trkpt lat="24.5245989225804805755615234375" lon="118.1737509928643703460693359375">
        <ele>7.599999904632568359375</ele>
        <time>2025-08-11T12:24:04.000Z</time>
        <extensions>
          <ns3:TrackPointExtension>
            <ns3:hr>158</ns3:hr>
            <ns3:cad>87</ns3:cad>
          </ns3:TrackPointExtension>
        </extensions>
      </trkpt>
      <trkpt lat="24.52462457120418548583984375" lon="118.1737623922526836395263671875">
        <ele>7.599999904632568359375</ele>
        <time>2025-08-11T12:24:05.000Z</time>
        <extensions>
          <ns3:TrackPointExtension>
            <ns3:hr>158</ns3:hr>
            <ns3:cad>87</ns3:cad>
          </ns3:TrackPointExtension>
        </extensions>
      </trkpt>
      <trkpt lat="24.5246485434472560882568359375" lon="118.1737707741558551788330078125">
        <ele>7.599999904632568359375</ele>
        <time>2025-08-11T12:24:06.000Z</time>
        <extensions>
          <ns3:TrackPointExtension>
            <ns3:hr>158</ns3:hr>
            <ns3:cad>87</ns3:cad>
          </ns3:TrackPointExtension>
        </extensions>
      </trkpt>
      <trkpt lat="24.52467075549066066741943359375" lon="118.17377907223999500274658203125">
        <ele>7.599999904632568359375</ele>
        <time>2025-08-11T12:24:07.000Z</time>
        <extensions>
          <ns3:TrackPointExtension>
            <ns3:hr>158</ns3:hr>
            <ns3:cad>87</ns3:cad>
          </ns3:TrackPointExtension>
        </extensions>
      </trkpt>
      <trkpt lat="24.52469623647630214691162109375" lon="118.17379801534116268157958984375">
        <ele>7.599999904632568359375</ele>
        <time>2025-08-11T12:24:08.000Z</time>
        <extensions>
          <ns3:TrackPointExtension>
            <ns3:hr>159</ns3:hr>
            <ns3:cad>87</ns3:cad>
          </ns3:TrackPointExtension>
        </extensions>
      </trkpt>
      <trkpt lat="24.52471752651035785675048828125" lon="118.17380120046436786651611328125">
        <ele>7.599999904632568359375</ele>
        <time>2025-08-11T12:24:09.000Z</time>
        <extensions>
          <ns3:TrackPointExtension>
            <ns3:hr>158</ns3:hr>
            <ns3:cad>87</ns3:cad>
          </ns3:TrackPointExtension>
        </extensions>
      </trkpt>
      <trkpt lat="24.52474770136177539825439453125" lon="118.1738121807575225830078125">
        <ele>7.599999904632568359375</ele>
        <time>2025-08-11T12:24:10.000Z</time>
        <extensions>
          <ns3:TrackPointExtension>
            <ns3:hr>158</ns3:hr>
            <ns3:cad>87</ns3:cad>
          </ns3:TrackPointExtension>
        </extensions>
      </trkpt>
      <trkpt lat="24.5247712545096874237060546875" lon="118.17382098175585269927978515625">
        <ele>7.400000095367431640625</ele>
        <time>2025-08-11T12:24:11.000Z</time>
        <extensions>
          <ns3:TrackPointExtension>
            <ns3:hr>158</ns3:hr>
            <ns3:cad>88</ns3:cad>
          </ns3:TrackPointExtension>
        </extensions>
      </trkpt>
      <trkpt lat="24.52479698695242404937744140625" lon="118.173830620944499969482421875">
        <ele>7.400000095367431640625</ele>
        <time>2025-08-11T12:24:12.000Z</time>
        <extensions>
          <ns3:TrackPointExtension>
            <ns3:hr>158</ns3:hr>
            <ns3:cad>88</ns3:cad>
          </ns3:TrackPointExtension>
        </extensions>
      </trkpt>
      <trkpt lat="24.524818025529384613037109375" lon="118.1738371588289737701416015625">
        <ele>7.400000095367431640625</ele>
        <time>2025-08-11T12:24:13.000Z</time>
        <extensions>
          <ns3:TrackPointExtension>
            <ns3:hr>159</ns3:hr>
            <ns3:cad>88</ns3:cad>
          </ns3:TrackPointExtension>
        </extensions>
      </trkpt>
      <trkpt lat="24.5248443447053432464599609375" lon="118.1738465465605258941650390625">
        <ele>7.19999980926513671875</ele>
        <time>2025-08-11T12:24:14.000Z</time>
        <extensions>
          <ns3:TrackPointExtension>
            <ns3:hr>158</ns3:hr>
            <ns3:cad>88</ns3:cad>
          </ns3:TrackPointExtension>
        </extensions>
      </trkpt>
      <trkpt lat="24.524868987500667572021484375" lon="118.1738505698740482330322265625">
        <ele>7.19999980926513671875</ele>
        <time>2025-08-11T12:24:15.000Z</time>
        <extensions>
          <ns3:TrackPointExtension>
            <ns3:hr>158</ns3:hr>
            <ns3:cad>88</ns3:cad>
          </ns3:TrackPointExtension>
        </extensions>
      </trkpt>
      <trkpt lat="24.52489203773438930511474609375" lon="118.17385752685368061065673828125">
        <ele>7.19999980926513671875</ele>
        <time>2025-08-11T12:24:16.000Z</time>
        <extensions>
          <ns3:TrackPointExtension>
            <ns3:hr>158</ns3:hr>
            <ns3:cad>88</ns3:cad>
          </ns3:TrackPointExtension>
        </extensions>
      </trkpt>
      <trkpt lat="24.52490980736911296844482421875" lon="118.17386389710009098052978515625">
        <ele>7.19999980926513671875</ele>
        <time>2025-08-11T12:24:17.000Z</time>
        <extensions>
          <ns3:TrackPointExtension>
            <ns3:hr>159</ns3:hr>
            <ns3:cad>88</ns3:cad>
          </ns3:TrackPointExtension>
        </extensions>
      </trkpt>
      <trkpt lat="24.524931348860263824462890625" lon="118.17387160845100879669189453125">
        <ele>7.19999980926513671875</ele>
        <time>2025-08-11T12:24:18.000Z</time>
        <extensions>
          <ns3:TrackPointExtension>
            <ns3:hr>158</ns3:hr>
            <ns3:cad>88</ns3:cad>
          </ns3:TrackPointExtension>
        </extensions>
      </trkpt>
      <trkpt lat="24.52495657838881015777587890625" lon="118.1738814152777194976806640625">
        <ele>7.19999980926513671875</ele>
        <time>2025-08-11T12:24:19.000Z</time>
        <extensions>
          <ns3:TrackPointExtension>
            <ns3:hr>158</ns3:hr>
            <ns3:cad>87</ns3:cad>
          </ns3:TrackPointExtension>
        </extensions>
      </trkpt>
      <trkpt lat="24.52498172409832477569580078125" lon="118.17388116382062435150146484375">
        <ele>7.19999980926513671875</ele>
        <time>2025-08-11T12:24:20.000Z</time>
        <extensions>
          <ns3:TrackPointExtension>
            <ns3:hr>158</ns3:hr>
            <ns3:cad>87</ns3:cad>
          </ns3:TrackPointExtension>
        </extensions>
      </trkpt>
      <trkpt lat="24.52501005493104457855224609375" lon="118.17387697286903858184814453125">
        <ele>7.400000095367431640625</ele>
        <time>2025-08-11T12:24:21.000Z</time>
        <extensions>
          <ns3:TrackPointExtension>
            <ns3:hr>158</ns3:hr>
            <ns3:cad>87</ns3:cad>
          </ns3:TrackPointExtension>
        </extensions>
      </trkpt>
      <trkpt lat="24.52502765692770481109619140625" lon="118.17386959679424762725830078125">
        <ele>7.19999980926513671875</ele>
        <time>2025-08-11T12:24:22.000Z</time>
        <extensions>
          <ns3:TrackPointExtension>
            <ns3:hr>158</ns3:hr>
            <ns3:cad>87</ns3:cad>
          </ns3:TrackPointExtension>
        </extensions>
      </trkpt>
      <trkpt lat="24.5250518806278705596923828125" lon="118.17386004142463207244873046875">
        <ele>7.400000095367431640625</ele>
        <time>2025-08-11T12:24:23.000Z</time>
        <extensions>
          <ns3:TrackPointExtension>
            <ns3:hr>158</ns3:hr>
            <ns3:cad>87</ns3:cad>
          </ns3:TrackPointExtension>
        </extensions>
      </trkpt>
      <trkpt lat="24.5250696502625942230224609375" lon="118.17384730093181133270263671875">
        <ele>7.400000095367431640625</ele>
        <time>2025-08-11T12:24:24.000Z</time>
        <extensions>
          <ns3:TrackPointExtension>
            <ns3:hr>158</ns3:hr>
            <ns3:cad>87</ns3:cad>
          </ns3:TrackPointExtension>
        </extensions>
      </trkpt>
      <trkpt lat="24.52508951537311077117919921875" lon="118.173833973705768585205078125">
        <ele>7.400000095367431640625</ele>
        <time>2025-08-11T12:24:25.000Z</time>
        <extensions>
          <ns3:TrackPointExtension>
            <ns3:hr>158</ns3:hr>
            <ns3:cad>87</ns3:cad>
          </ns3:TrackPointExtension>
        </extensions>
      </trkpt>
      <trkpt lat="24.52511415816843509674072265625" lon="118.173821903765201568603515625">
        <ele>7.400000095367431640625</ele>
        <time>2025-08-11T12:24:26.000Z</time>
        <extensions>
          <ns3:TrackPointExtension>
            <ns3:hr>158</ns3:hr>
            <ns3:cad>87</ns3:cad>
          </ns3:TrackPointExtension>
        </extensions>
      </trkpt>
      <trkpt lat="24.525134861469268798828125" lon="118.17381008528172969818115234375">
        <ele>7.400000095367431640625</ele>
        <time>2025-08-11T12:24:27.000Z</time>
        <extensions>
          <ns3:TrackPointExtension>
            <ns3:hr>158</ns3:hr>
            <ns3:cad>87</ns3:cad>
          </ns3:TrackPointExtension>
        </extensions>
      </trkpt>
      <trkpt lat="24.525160677731037139892578125" lon="118.1738006137311458587646484375">
        <ele>7.400000095367431640625</ele>
        <time>2025-08-11T12:24:28.000Z</time>
        <extensions>
          <ns3:TrackPointExtension>
            <ns3:hr>158</ns3:hr>
            <ns3:cad>86</ns3:cad>
          </ns3:TrackPointExtension>
        </extensions>
      </trkpt>
      <trkpt lat="24.52518456615507602691650390625" lon="118.17379114218056201934814453125">
        <ele>7.400000095367431640625</ele>
        <time>2025-08-11T12:24:29.000Z</time>
        <extensions>
          <ns3:TrackPointExtension>
            <ns3:hr>158</ns3:hr>
            <ns3:cad>86</ns3:cad>
          </ns3:TrackPointExtension>
        </extensions>
      </trkpt>
      <trkpt lat="24.52520702965557575225830078125" lon="118.1737835146486759185791015625">
        <ele>7.400000095367431640625</ele>
        <time>2025-08-11T12:24:30.000Z</time>
        <extensions>
          <ns3:TrackPointExtension>
            <ns3:hr>158</ns3:hr>
            <ns3:cad>86</ns3:cad>
          </ns3:TrackPointExtension>
        </extensions>
      </trkpt>
      <trkpt lat="24.52522865496575832366943359375" lon="118.173776976764202117919921875">
        <ele>7.400000095367431640625</ele>
        <time>2025-08-11T12:24:31.000Z</time>
        <extensions>
          <ns3:TrackPointExtension>
            <ns3:hr>157</ns3:hr>
            <ns3:cad>86</ns3:cad>
          </ns3:TrackPointExtension>
        </extensions>
      </trkpt>
      <trkpt lat="24.52525447122752666473388671875" lon="118.17376993596553802490234375">
        <ele>7.400000095367431640625</ele>
        <time>2025-08-11T12:24:32.000Z</time>
        <extensions>
          <ns3:TrackPointExtension>
            <ns3:hr>158</ns3:hr>
            <ns3:cad>85</ns3:cad>
          </ns3:TrackPointExtension>
        </extensions>
      </trkpt>
      <trkpt lat="24.52527768909931182861328125" lon="118.1737670861184597015380859375">
        <ele>7.599999904632568359375</ele>
        <time>2025-08-11T12:24:33.000Z</time>
        <extensions>
          <ns3:TrackPointExtension>
            <ns3:hr>158</ns3:hr>
            <ns3:cad>85</ns3:cad>
          </ns3:TrackPointExtension>
        </extensions>
      </trkpt>
      <trkpt lat="24.52530048787593841552734375" lon="118.17376147024333477020263671875">
        <ele>7.400000095367431640625</ele>
        <time>2025-08-11T12:24:34.000Z</time>
        <extensions>
          <ns3:TrackPointExtension>
            <ns3:hr>157</ns3:hr>
            <ns3:cad>87</ns3:cad>
          </ns3:TrackPointExtension>
        </extensions>
      </trkpt>
      <trkpt lat="24.52532990835607051849365234375" lon="118.1737600453197956085205078125">
        <ele>7.400000095367431640625</ele>
        <time>2025-08-11T12:24:35.000Z</time>
        <extensions>
          <ns3:TrackPointExtension>
            <ns3:hr>158</ns3:hr>
            <ns3:cad>87</ns3:cad>
          </ns3:TrackPointExtension>
        </extensions>
      </trkpt>
      <trkpt lat="24.52535136602818965911865234375" lon="118.1737560220062732696533203125">
        <ele>7.400000095367431640625</ele>
        <time>2025-08-11T12:24:36.000Z</time>
        <extensions>
          <ns3:TrackPointExtension>
            <ns3:hr>158</ns3:hr>
            <ns3:cad>87</ns3:cad>
          </ns3:TrackPointExtension>
        </extensions>
      </trkpt>
      <trkpt lat="24.52537885867059230804443359375" lon="118.17375426180660724639892578125">
        <ele>7.400000095367431640625</ele>
        <time>2025-08-11T12:24:37.000Z</time>
        <extensions>
          <ns3:TrackPointExtension>
            <ns3:hr>157</ns3:hr>
            <ns3:cad>86</ns3:cad>
          </ns3:TrackPointExtension>
        </extensions>
      </trkpt>
      <trkpt lat="24.525399394333362579345703125" lon="118.17374847829341888427734375">
        <ele>7.400000095367431640625</ele>
        <time>2025-08-11T12:24:38.000Z</time>
        <extensions>
          <ns3:TrackPointExtension>
            <ns3:hr>157</ns3:hr>
            <ns3:cad>87</ns3:cad>
          </ns3:TrackPointExtension>
        </extensions>
      </trkpt>
      <trkpt lat="24.52542864717543125152587890625" lon="118.17374906502664089202880859375">
        <ele>7.400000095367431640625</ele>
        <time>2025-08-11T12:24:39.000Z</time>
        <extensions>
          <ns3:TrackPointExtension>
            <ns3:hr>157</ns3:hr>
            <ns3:cad>86</ns3:cad>
          </ns3:TrackPointExtension>
        </extensions>
      </trkpt>
      <trkpt lat="24.5254528708755970001220703125" lon="118.17374872975051403045654296875">
        <ele>7.400000095367431640625</ele>
        <time>2025-08-11T12:24:40.000Z</time>
        <extensions>
          <ns3:TrackPointExtension>
            <ns3:hr>157</ns3:hr>
            <ns3:cad>86</ns3:cad>
          </ns3:TrackPointExtension>
        </extensions>
      </trkpt>
      <trkpt lat="24.5254773460328578948974609375" lon="118.1737509928643703460693359375">
        <ele>7.400000095367431640625</ele>
        <time>2025-08-11T12:24:41.000Z</time>
        <extensions>
          <ns3:TrackPointExtension>
            <ns3:hr>158</ns3:hr>
            <ns3:cad>86</ns3:cad>
          </ns3:TrackPointExtension>
        </extensions>
      </trkpt>
      <trkpt lat="24.52549838460981845855712890625" lon="118.17375794984400272369384765625">
        <ele>7.400000095367431640625</ele>
        <time>2025-08-11T12:24:42.000Z</time>
        <extensions>
          <ns3:TrackPointExtension>
            <ns3:hr>157</ns3:hr>
            <ns3:cad>86</ns3:cad>
          </ns3:TrackPointExtension>
        </extensions>
      </trkpt>
      <trkpt lat="24.525518082082271575927734375" lon="118.1737625598907470703125">
        <ele>7.400000095367431640625</ele>
        <time>2025-08-11T12:24:43.000Z</time>
        <extensions>
          <ns3:TrackPointExtension>
            <ns3:hr>157</ns3:hr>
            <ns3:cad>86</ns3:cad>
          </ns3:TrackPointExtension>
        </extensions>
      </trkpt>
      <trkpt lat="24.52553979121148586273193359375" lon="118.173773624002933502197265625">
        <ele>7.400000095367431640625</ele>
        <time>2025-08-11T12:24:44.000Z</time>
        <extensions>
          <ns3:TrackPointExtension>
            <ns3:hr>158</ns3:hr>
            <ns3:cad>86</ns3:cad>
          </ns3:TrackPointExtension>
        </extensions>
      </trkpt>
      <trkpt lat="24.5255568064749240875244140625" lon="118.1737771444022655487060546875">
        <ele>7.400000095367431640625</ele>
        <time>2025-08-11T12:24:45.000Z</time>
        <extensions>
          <ns3:TrackPointExtension>
            <ns3:hr>157</ns3:hr>
            <ns3:cad>86</ns3:cad>
          </ns3:TrackPointExtension>
        </extensions>
      </trkpt>
      <trkpt lat="24.5255752466619014739990234375" lon="118.1737826764583587646484375">
        <ele>7.400000095367431640625</ele>
        <time>2025-08-11T12:24:46.000Z</time>
        <extensions>
          <ns3:TrackPointExtension>
            <ns3:hr>157</ns3:hr>
            <ns3:cad>86</ns3:cad>
          </ns3:TrackPointExtension>
        </extensions>
      </trkpt>
      <trkpt lat="24.52559192664921283721923828125" lon="118.17378996871411800384521484375">
        <ele>7.400000095367431640625</ele>
        <time>2025-08-11T12:24:47.000Z</time>
        <extensions>
          <ns3:TrackPointExtension>
            <ns3:hr>157</ns3:hr>
            <ns3:cad>86</ns3:cad>
          </ns3:TrackPointExtension>
        </extensions>
      </trkpt>
      <trkpt lat="24.52561103738844394683837890625" lon="118.17380371503531932830810546875">
        <ele>7.599999904632568359375</ele>
        <time>2025-08-11T12:24:48.000Z</time>
        <extensions>
          <ns3:TrackPointExtension>
            <ns3:hr>158</ns3:hr>
            <ns3:cad>86</ns3:cad>
          </ns3:TrackPointExtension>
        </extensions>
      </trkpt>
      <trkpt lat="24.52562905848026275634765625" lon="118.1738113425672054290771484375">
        <ele>7.599999904632568359375</ele>
        <time>2025-08-11T12:24:49.000Z</time>
        <extensions>
          <ns3:TrackPointExtension>
            <ns3:hr>157</ns3:hr>
            <ns3:cad>86</ns3:cad>
          </ns3:TrackPointExtension>
        </extensions>
      </trkpt>
      <trkpt lat="24.52564942650496959686279296875" lon="118.17382064647972583770751953125">
        <ele>7.599999904632568359375</ele>
        <time>2025-08-11T12:24:50.000Z</time>
        <extensions>
          <ns3:TrackPointExtension>
            <ns3:hr>157</ns3:hr>
            <ns3:cad>86</ns3:cad>
          </ns3:TrackPointExtension>
        </extensions>
      </trkpt>
      <trkpt lat="24.525668621063232421875" lon="118.17383439280092716217041015625">
        <ele>7.599999904632568359375</ele>
        <time>2025-08-11T12:24:51.000Z</time>
        <extensions>
          <ns3:TrackPointExtension>
            <ns3:hr>157</ns3:hr>
            <ns3:cad>86</ns3:cad>
          </ns3:TrackPointExtension>
        </extensions>
      </trkpt>
      <trkpt lat="24.5256932638585567474365234375" lon="118.173844702541828155517578125">
        <ele>7.80000019073486328125</ele>
        <time>2025-08-11T12:24:52.000Z</time>
        <extensions>
          <ns3:TrackPointExtension>
            <ns3:hr>158</ns3:hr>
            <ns3:cad>87</ns3:cad>
          </ns3:TrackPointExtension>
        </extensions>
      </trkpt>
      <trkpt lat="24.5257137157022953033447265625" lon="118.17386406473815441131591796875">
        <ele>7.80000019073486328125</ele>
        <time>2025-08-11T12:24:53.000Z</time>
        <extensions>
          <ns3:TrackPointExtension>
            <ns3:hr>157</ns3:hr>
            <ns3:cad>87</ns3:cad>
          </ns3:TrackPointExtension>
        </extensions>
      </trkpt>
      <trkpt lat="24.5257375203073024749755859375" lon="118.1738753803074359893798828125">
        <ele>7.80000019073486328125</ele>
        <time>2025-08-11T12:24:54.000Z</time>
        <extensions>
          <ns3:TrackPointExtension>
            <ns3:hr>157</ns3:hr>
            <ns3:cad>88</ns3:cad>
          </ns3:TrackPointExtension>
        </extensions>
      </trkpt>
      <trkpt lat="24.5257579721510410308837890625" lon="118.17389063537120819091796875">
        <ele>7.80000019073486328125</ele>
        <time>2025-08-11T12:24:55.000Z</time>
        <extensions>
          <ns3:TrackPointExtension>
            <ns3:hr>157</ns3:hr>
            <ns3:cad>87</ns3:cad>
          </ns3:TrackPointExtension>
        </extensions>
      </trkpt>
      <trkpt lat="24.52577582560479640960693359375" lon="118.173905052244663238525390625">
        <ele>7.80000019073486328125</ele>
        <time>2025-08-11T12:24:56.000Z</time>
        <extensions>
          <ns3:TrackPointExtension>
            <ns3:hr>158</ns3:hr>
            <ns3:cad>87</ns3:cad>
          </ns3:TrackPointExtension>
        </extensions>
      </trkpt>
      <trkpt lat="24.52579359523952007293701171875" lon="118.17392039112746715545654296875">
        <ele>7.80000019073486328125</ele>
        <time>2025-08-11T12:24:57.000Z</time>
        <extensions>
          <ns3:TrackPointExtension>
            <ns3:hr>157</ns3:hr>
            <ns3:cad>87</ns3:cad>
          </ns3:TrackPointExtension>
        </extensions>
      </trkpt>
      <trkpt lat="24.5258148014545440673828125" lon="118.17393279634416103363037109375">
        <ele>7.80000019073486328125</ele>
        <time>2025-08-11T12:24:58.000Z</time>
        <extensions>
          <ns3:TrackPointExtension>
            <ns3:hr>157</ns3:hr>
            <ns3:cad>86</ns3:cad>
          </ns3:TrackPointExtension>
        </extensions>
      </trkpt>
      <trkpt lat="24.52583516947925090789794921875" lon="118.1739424355328083038330078125">
        <ele>7.599999904632568359375</ele>
        <time>2025-08-11T12:24:59.000Z</time>
        <extensions>
          <ns3:TrackPointExtension>
            <ns3:hr>158</ns3:hr>
            <ns3:cad>86</ns3:cad>
          </ns3:TrackPointExtension>
        </extensions>
      </trkpt>
      <trkpt lat="24.525850676000118255615234375" lon="118.17395190708339214324951171875">
        <ele>7.599999904632568359375</ele>
        <time>2025-08-11T12:25:00.000Z</time>
        <extensions>
          <ns3:TrackPointExtension>
            <ns3:hr>157</ns3:hr>
            <ns3:cad>87</ns3:cad>
          </ns3:TrackPointExtension>
        </extensions>
      </trkpt>
      <trkpt lat="24.52586718834936618804931640625" lon="118.17396280355751514434814453125">
        <ele>7.80000019073486328125</ele>
        <time>2025-08-11T12:25:01.000Z</time>
        <extensions>
          <ns3:TrackPointExtension>
            <ns3:hr>157</ns3:hr>
            <ns3:cad>88</ns3:cad>
          </ns3:TrackPointExtension>
        </extensions>
      </trkpt>
      <trkpt lat="24.525877498090267181396484375" lon="118.173968084156513214111328125">
        <ele>7.80000019073486328125</ele>
        <time>2025-08-11T12:25:02.000Z</time>
        <extensions>
          <ns3:TrackPointExtension>
            <ns3:hr>157</ns3:hr>
            <ns3:cad>88</ns3:cad>
          </ns3:TrackPointExtension>
        </extensions>
      </trkpt>
      <trkpt lat="24.525895603001117706298828125" lon="118.17397571168839931488037109375">
        <ele>7.80000019073486328125</ele>
        <time>2025-08-11T12:25:03.000Z</time>
        <extensions>
          <ns3:TrackPointExtension>
            <ns3:hr>158</ns3:hr>
            <ns3:cad>88</ns3:cad>
          </ns3:TrackPointExtension>
        </extensions>
      </trkpt>
      <trkpt lat="24.5259148813784122467041015625" lon="118.173980824649333953857421875">
        <ele>7.80000019073486328125</ele>
        <time>2025-08-11T12:25:04.000Z</time>
        <extensions>
          <ns3:TrackPointExtension>
            <ns3:hr>157</ns3:hr>
            <ns3:cad>88</ns3:cad>
          </ns3:TrackPointExtension>
        </extensions>
      </trkpt>
      <trkpt lat="24.52593876980245113372802734375" lon="118.17398744635283946990966796875">
        <ele>7.80000019073486328125</ele>
        <time>2025-08-11T12:25:05.000Z</time>
        <extensions>
          <ns3:TrackPointExtension>
            <ns3:hr>157</ns3:hr>
            <ns3:cad>87</ns3:cad>
          </ns3:TrackPointExtension>
        </extensions>
      </trkpt>
      <trkpt lat="24.52596299350261688232421875" lon="118.1740026175975799560546875">
        <ele>7.80000019073486328125</ele>
        <time>2025-08-11T12:25:06.000Z</time>
        <extensions>
          <ns3:TrackPointExtension>
            <ns3:hr>157</ns3:hr>
            <ns3:cad>87</ns3:cad>
          </ns3:TrackPointExtension>
        </extensions>
      </trkpt>
      <trkpt lat="24.5259826071560382843017578125" lon="118.17401158623397350311279296875">
        <ele>7.80000019073486328125</ele>
        <time>2025-08-11T12:25:07.000Z</time>
        <extensions>
          <ns3:TrackPointExtension>
            <ns3:hr>158</ns3:hr>
            <ns3:cad>87</ns3:cad>
          </ns3:TrackPointExtension>
        </extensions>
      </trkpt>
      <trkpt lat="24.5259987004101276397705078125" lon="118.174029104411602020263671875">
        <ele>8</ele>
        <time>2025-08-11T12:25:08.000Z</time>
        <extensions>
          <ns3:TrackPointExtension>
            <ns3:hr>157</ns3:hr>
            <ns3:cad>87</ns3:cad>
          </ns3:TrackPointExtension>
        </extensions>
      </trkpt>
      <trkpt lat="24.52601538039743900299072265625" lon="118.1740401685237884521484375">
        <ele>8</ele>
        <time>2025-08-11T12:25:09.000Z</time>
        <extensions>
          <ns3:TrackPointExtension>
            <ns3:hr>157</ns3:hr>
            <ns3:cad>87</ns3:cad>
          </ns3:TrackPointExtension>
        </extensions>
      </trkpt>
      <trkpt lat="24.52603650279343128204345703125" lon="118.1740507297217845916748046875">
        <ele>8</ele>
        <time>2025-08-11T12:25:10.000Z</time>
        <extensions>
          <ns3:TrackPointExtension>
            <ns3:hr>157</ns3:hr>
            <ns3:cad>87</ns3:cad>
          </ns3:TrackPointExtension>
        </extensions>
      </trkpt>
      <trkpt lat="24.526065923273563385009765625" lon="118.1740721873939037322998046875">
        <ele>8.19999980926513671875</ele>
        <time>2025-08-11T12:25:11.000Z</time>
        <extensions>
          <ns3:TrackPointExtension>
            <ns3:hr>158</ns3:hr>
            <ns3:cad>87</ns3:cad>
          </ns3:TrackPointExtension>
        </extensions>
      </trkpt>
      <trkpt lat="24.5260945893824100494384765625" lon="118.1740882806479930877685546875">
        <ele>8.3999996185302734375</ele>
        <time>2025-08-11T12:25:12.000Z</time>
        <extensions>
          <ns3:TrackPointExtension>
            <ns3:hr>157</ns3:hr>
            <ns3:cad>87</ns3:cad>
          </ns3:TrackPointExtension>
        </extensions>
      </trkpt>
      <trkpt lat="24.52612551860511302947998046875" lon="118.17411451600492000579833984375">
        <ele>8.3999996185302734375</ele>
        <time>2025-08-11T12:25:13.000Z</time>
        <extensions>
          <ns3:TrackPointExtension>
            <ns3:hr>157</ns3:hr>
            <ns3:cad>86</ns3:cad>
          </ns3:TrackPointExtension>
        </extensions>
      </trkpt>
      <trkpt lat="24.5261525921523571014404296875" lon="118.17412608303129673004150390625">
        <ele>8.6000003814697265625</ele>
        <time>2025-08-11T12:25:14.000Z</time>
        <extensions>
          <ns3:TrackPointExtension>
            <ns3:hr>157</ns3:hr>
            <ns3:cad>86</ns3:cad>
          </ns3:TrackPointExtension>
        </extensions>
      </trkpt>
      <trkpt lat="24.52617933042347431182861328125" lon="118.174140751361846923828125">
        <ele>8.80000019073486328125</ele>
        <time>2025-08-11T12:25:15.000Z</time>
        <extensions>
          <ns3:TrackPointExtension>
            <ns3:hr>158</ns3:hr>
            <ns3:cad>85</ns3:cad>
          </ns3:TrackPointExtension>
        </extensions>
      </trkpt>
      <trkpt lat="24.52620296739041805267333984375" lon="118.17415617406368255615234375">
        <ele>9</ele>
        <time>2025-08-11T12:25:16.000Z</time>
        <extensions>
          <ns3:TrackPointExtension>
            <ns3:hr>157</ns3:hr>
            <ns3:cad>85</ns3:cad>
          </ns3:TrackPointExtension>
        </extensions>
      </trkpt>
      <trkpt lat="24.52622450888156890869140625" lon="118.1741630472242832183837890625">
        <ele>9</ele>
        <time>2025-08-11T12:25:17.000Z</time>
        <extensions>
          <ns3:TrackPointExtension>
            <ns3:hr>157</ns3:hr>
            <ns3:cad>85</ns3:cad>
          </ns3:TrackPointExtension>
        </extensions>
      </trkpt>
      <trkpt lat="24.5262414403259754180908203125" lon="118.1741821579635143280029296875">
        <ele>9.19999980926513671875</ele>
        <time>2025-08-11T12:25:18.000Z</time>
        <extensions>
          <ns3:TrackPointExtension>
            <ns3:hr>157</ns3:hr>
            <ns3:cad>85</ns3:cad>
          </ns3:TrackPointExtension>
        </extensions>
      </trkpt>
      <trkpt lat="24.52625929377973079681396484375" lon="118.17419313825666904449462890625">
        <ele>9.3999996185302734375</ele>
        <time>2025-08-11T12:25:19.000Z</time>
        <extensions>
          <ns3:TrackPointExtension>
            <ns3:hr>158</ns3:hr>
            <ns3:cad>84</ns3:cad>
          </ns3:TrackPointExtension>
        </extensions>
      </trkpt>
      <trkpt lat="24.526276476681232452392578125" lon="118.1742126680910587310791015625">
        <ele>9.3999996185302734375</ele>
        <time>2025-08-11T12:25:20.000Z</time>
        <extensions>
          <ns3:TrackPointExtension>
            <ns3:hr>157</ns3:hr>
            <ns3:cad>84</ns3:cad>
          </ns3:TrackPointExtension>
        </extensions>
      </trkpt>
      <trkpt lat="24.52629290521144866943359375" lon="118.17421778105199337005615234375">
        <ele>9.3999996185302734375</ele>
        <time>2025-08-11T12:25:21.000Z</time>
        <extensions>
          <ns3:TrackPointExtension>
            <ns3:hr>158</ns3:hr>
            <ns3:cad>84</ns3:cad>
          </ns3:TrackPointExtension>
        </extensions>
      </trkpt>
      <trkpt lat="24.5263185538351535797119140625" lon="118.1742294318974018096923828125">
        <ele>9.6000003814697265625</ele>
        <time>2025-08-11T12:25:22.000Z</time>
        <extensions>
          <ns3:TrackPointExtension>
            <ns3:hr>158</ns3:hr>
            <ns3:cad>84</ns3:cad>
          </ns3:TrackPointExtension>
        </extensions>
      </trkpt>
      <trkpt lat="24.52633959241211414337158203125" lon="118.1742347963154315948486328125">
        <ele>9.6000003814697265625</ele>
        <time>2025-08-11T12:25:23.000Z</time>
        <extensions>
          <ns3:TrackPointExtension>
            <ns3:hr>158</ns3:hr>
            <ns3:cad>86</ns3:cad>
          </ns3:TrackPointExtension>
        </extensions>
      </trkpt>
      <trkpt lat="24.52635702677071094512939453125" lon="118.1742304377257823944091796875">
        <ele>9.80000019073486328125</ele>
        <time>2025-08-11T12:25:24.000Z</time>
        <extensions>
          <ns3:TrackPointExtension>
            <ns3:hr>158</ns3:hr>
            <ns3:cad>86</ns3:cad>
          </ns3:TrackPointExtension>
        </extensions>
      </trkpt>
      <trkpt lat="24.5263775624334812164306640625" lon="118.1742153503000736236572265625">
        <ele>9.80000019073486328125</ele>
        <time>2025-08-11T12:25:25.000Z</time>
        <extensions>
          <ns3:TrackPointExtension>
            <ns3:hr>157</ns3:hr>
            <ns3:cad>85</ns3:cad>
          </ns3:TrackPointExtension>
        </extensions>
      </trkpt>
      <trkpt lat="24.52638275921344757080078125" lon="118.174194060266017913818359375">
        <ele>9.80000019073486328125</ele>
        <time>2025-08-11T12:25:26.000Z</time>
        <extensions>
          <ns3:TrackPointExtension>
            <ns3:hr>157</ns3:hr>
            <ns3:cad>84</ns3:cad>
          </ns3:TrackPointExtension>
        </extensions>
      </trkpt>
      <trkpt lat="24.52639482915401458740234375" lon="118.17417067475616931915283203125">
        <ele>9.80000019073486328125</ele>
        <time>2025-08-11T12:25:27.000Z</time>
        <extensions>
          <ns3:TrackPointExtension>
            <ns3:hr>157</ns3:hr>
            <ns3:cad>84</ns3:cad>
          </ns3:TrackPointExtension>
        </extensions>
      </trkpt>
      <trkpt lat="24.52639524824917316436767578125" lon="118.174147792160511016845703125">
        <ele>10</ele>
        <time>2025-08-11T12:25:28.000Z</time>
        <extensions>
          <ns3:TrackPointExtension>
            <ns3:hr>158</ns3:hr>
            <ns3:cad>85</ns3:cad>
          </ns3:TrackPointExtension>
        </extensions>
      </trkpt>
      <trkpt lat="24.52640782110393047332763671875" lon="118.17411468364298343658447265625">
        <ele>10</ele>
        <time>2025-08-11T12:25:29.000Z</time>
        <extensions>
          <ns3:TrackPointExtension>
            <ns3:hr>157</ns3:hr>
            <ns3:cad>86</ns3:cad>
          </ns3:TrackPointExtension>
        </extensions>
      </trkpt>
      <trkpt lat="24.52640899457037448883056640625" lon="118.1740936450660228729248046875">
        <ele>10</ele>
        <time>2025-08-11T12:25:30.000Z</time>
        <extensions>
          <ns3:TrackPointExtension>
            <ns3:hr>157</ns3:hr>
            <ns3:cad>86</ns3:cad>
          </ns3:TrackPointExtension>
        </extensions>
      </trkpt>
      <trkpt lat="24.52641888521611690521240234375" lon="118.17406673915684223175048828125">
        <ele>10</ele>
        <time>2025-08-11T12:25:31.000Z</time>
        <extensions>
          <ns3:TrackPointExtension>
            <ns3:hr>158</ns3:hr>
            <ns3:cad>86</ns3:cad>
          </ns3:TrackPointExtension>
        </extensions>
      </trkpt>
      <trkpt lat="24.52642525546252727508544921875" lon="118.174046538770198822021484375">
        <ele>10</ele>
        <time>2025-08-11T12:25:32.000Z</time>
        <extensions>
          <ns3:TrackPointExtension>
            <ns3:hr>158</ns3:hr>
            <ns3:cad>86</ns3:cad>
          </ns3:TrackPointExtension>
        </extensions>
      </trkpt>
      <trkpt lat="24.5264365710318088531494140625" lon="118.17401896230876445770263671875">
        <ele>10.19999980926513671875</ele>
        <time>2025-08-11T12:25:33.000Z</time>
        <extensions>
          <ns3:TrackPointExtension>
            <ns3:hr>158</ns3:hr>
            <ns3:cad>86</ns3:cad>
          </ns3:TrackPointExtension>
        </extensions>
      </trkpt>
      <trkpt lat="24.52644838951528072357177734375" lon="118.17399658262729644775390625">
        <ele>10.19999980926513671875</ele>
        <time>2025-08-11T12:25:34.000Z</time>
        <extensions>
          <ns3:TrackPointExtension>
            <ns3:hr>158</ns3:hr>
            <ns3:cad>86</ns3:cad>
          </ns3:TrackPointExtension>
        </extensions>
      </trkpt>
      <trkpt lat="24.5264518260955810546875" lon="118.1739731132984161376953125">
        <ele>10.3999996185302734375</ele>
        <time>2025-08-11T12:25:35.000Z</time>
        <extensions>
          <ns3:TrackPointExtension>
            <ns3:hr>158</ns3:hr>
            <ns3:cad>87</ns3:cad>
          </ns3:TrackPointExtension>
        </extensions>
      </trkpt>
      <trkpt lat="24.52646180056035518646240234375" lon="118.1739461235702037811279296875">
        <ele>10.3999996185302734375</ele>
        <time>2025-08-11T12:25:36.000Z</time>
        <extensions>
          <ns3:TrackPointExtension>
            <ns3:hr>159</ns3:hr>
            <ns3:cad>88</ns3:cad>
          </ns3:TrackPointExtension>
        </extensions>
      </trkpt>
      <trkpt lat="24.52646716497838497161865234375" lon="118.17392374388873577117919921875">
        <ele>10.3999996185302734375</ele>
        <time>2025-08-11T12:25:37.000Z</time>
        <extensions>
          <ns3:TrackPointExtension>
            <ns3:hr>159</ns3:hr>
            <ns3:cad>88</ns3:cad>
          </ns3:TrackPointExtension>
        </extensions>
      </trkpt>
      <trkpt lat="24.52648158185184001922607421875" lon="118.17389625124633312225341796875">
        <ele>10.3999996185302734375</ele>
        <time>2025-08-11T12:25:38.000Z</time>
        <extensions>
          <ns3:TrackPointExtension>
            <ns3:hr>159</ns3:hr>
            <ns3:cad>88</ns3:cad>
          </ns3:TrackPointExtension>
        </extensions>
      </trkpt>
      <trkpt lat="24.5264851860702037811279296875" lon="118.17387680523097515106201171875">
        <ele>10.3999996185302734375</ele>
        <time>2025-08-11T12:25:39.000Z</time>
        <extensions>
          <ns3:TrackPointExtension>
            <ns3:hr>159</ns3:hr>
            <ns3:cad>88</ns3:cad>
          </ns3:TrackPointExtension>
        </extensions>
      </trkpt>
      <trkpt lat="24.52650119550526142120361328125" lon="118.1738465465605258941650390625">
        <ele>10.3999996185302734375</ele>
        <time>2025-08-11T12:25:40.000Z</time>
        <extensions>
          <ns3:TrackPointExtension>
            <ns3:hr>159</ns3:hr>
            <ns3:cad>88</ns3:cad>
          </ns3:TrackPointExtension>
        </extensions>
      </trkpt>
      <trkpt lat="24.5265046320855617523193359375" lon="118.1738282740116119384765625">
        <ele>10.3999996185302734375</ele>
        <time>2025-08-11T12:25:41.000Z</time>
        <extensions>
          <ns3:TrackPointExtension>
            <ns3:hr>159</ns3:hr>
            <ns3:cad>88</ns3:cad>
          </ns3:TrackPointExtension>
        </extensions>
      </trkpt>
      <trkpt lat="24.5265193842351436614990234375" lon="118.1737962551414966583251953125">
        <ele>10.3999996185302734375</ele>
        <time>2025-08-11T12:25:42.000Z</time>
        <extensions>
          <ns3:TrackPointExtension>
            <ns3:hr>160</ns3:hr>
            <ns3:cad>88</ns3:cad>
          </ns3:TrackPointExtension>
        </extensions>
      </trkpt>
      <trkpt lat="24.52652466483414173126220703125" lon="118.17377605475485324859619140625">
        <ele>10.3999996185302734375</ele>
        <time>2025-08-11T12:25:43.000Z</time>
        <extensions>
          <ns3:TrackPointExtension>
            <ns3:hr>160</ns3:hr>
            <ns3:cad>88</ns3:cad>
          </ns3:TrackPointExtension>
        </extensions>
      </trkpt>
      <trkpt lat="24.5265361480414867401123046875" lon="118.173749484121799468994140625">
        <ele>10.3999996185302734375</ele>
        <time>2025-08-11T12:25:44.000Z</time>
        <extensions>
          <ns3:TrackPointExtension>
            <ns3:hr>160</ns3:hr>
            <ns3:cad>88</ns3:cad>
          </ns3:TrackPointExtension>
        </extensions>
      </trkpt>
      <trkpt lat="24.526545368134975433349609375" lon="118.1737251766026020050048828125">
        <ele>10.3999996185302734375</ele>
        <time>2025-08-11T12:25:45.000Z</time>
        <extensions>
          <ns3:TrackPointExtension>
            <ns3:hr>160</ns3:hr>
            <ns3:cad>88</ns3:cad>
          </ns3:TrackPointExtension>
        </extensions>
      </trkpt>
      <trkpt lat="24.5265529118478298187255859375" lon="118.17370095290243625640869140625">
        <ele>10.6000003814697265625</ele>
        <time>2025-08-11T12:25:46.000Z</time>
        <extensions>
          <ns3:TrackPointExtension>
            <ns3:hr>160</ns3:hr>
            <ns3:cad>88</ns3:cad>
          </ns3:TrackPointExtension>
        </extensions>
      </trkpt>
      <trkpt lat="24.52656690962612628936767578125" lon="118.17367631010711193084716796875">
        <ele>10.6000003814697265625</ele>
        <time>2025-08-11T12:25:47.000Z</time>
        <extensions>
          <ns3:TrackPointExtension>
            <ns3:hr>160</ns3:hr>
            <ns3:cad>88</ns3:cad>
          </ns3:TrackPointExtension>
        </extensions>
      </trkpt>
      <trkpt lat="24.526570178568363189697265625" lon="118.173656947910785675048828125">
        <ele>10.6000003814697265625</ele>
        <time>2025-08-11T12:25:48.000Z</time>
        <extensions>
          <ns3:TrackPointExtension>
            <ns3:hr>160</ns3:hr>
            <ns3:cad>87</ns3:cad>
          </ns3:TrackPointExtension>
        </extensions>
      </trkpt>
      <trkpt lat="24.52658333815634250640869140625" lon="118.17362870089709758758544921875">
        <ele>10.6000003814697265625</ele>
        <time>2025-08-11T12:25:49.000Z</time>
        <extensions>
          <ns3:TrackPointExtension>
            <ns3:hr>160</ns3:hr>
            <ns3:cad>87</ns3:cad>
          </ns3:TrackPointExtension>
        </extensions>
      </trkpt>
      <trkpt lat="24.52658551745116710662841796875" lon="118.1736128591001033782958984375">
        <ele>10.6000003814697265625</ele>
        <time>2025-08-11T12:25:50.000Z</time>
        <extensions>
          <ns3:TrackPointExtension>
            <ns3:hr>160</ns3:hr>
            <ns3:cad>87</ns3:cad>
          </ns3:TrackPointExtension>
        </extensions>
      </trkpt>
      <trkpt lat="24.52660127542912960052490234375" lon="118.17358394153416156768798828125">
        <ele>10.6000003814697265625</ele>
        <time>2025-08-11T12:25:51.000Z</time>
        <extensions>
          <ns3:TrackPointExtension>
            <ns3:hr>160</ns3:hr>
            <ns3:cad>87</ns3:cad>
          </ns3:TrackPointExtension>
        </extensions>
      </trkpt>
      <trkpt lat="24.5266062207520008087158203125" lon="118.17356667481362819671630859375">
        <ele>10.6000003814697265625</ele>
        <time>2025-08-11T12:25:52.000Z</time>
        <extensions>
          <ns3:TrackPointExtension>
            <ns3:hr>160</ns3:hr>
            <ns3:cad>87</ns3:cad>
          </ns3:TrackPointExtension>
        </extensions>
      </trkpt>
      <trkpt lat="24.5266206376254558563232421875" lon="118.1735377572476863861083984375">
        <ele>10.6000003814697265625</ele>
        <time>2025-08-11T12:25:53.000Z</time>
        <extensions>
          <ns3:TrackPointExtension>
            <ns3:hr>160</ns3:hr>
            <ns3:cad>87</ns3:cad>
          </ns3:TrackPointExtension>
        </extensions>
      </trkpt>
      <trkpt lat="24.5266323722898960113525390625" lon="118.1735166348516941070556640625">
        <ele>10.6000003814697265625</ele>
        <time>2025-08-11T12:25:54.000Z</time>
        <extensions>
          <ns3:TrackPointExtension>
            <ns3:hr>160</ns3:hr>
            <ns3:cad>87</ns3:cad>
          </ns3:TrackPointExtension>
        </extensions>
      </trkpt>
      <trkpt lat="24.52663899399340152740478515625" lon="118.17349442280828952789306640625">
        <ele>10.6000003814697265625</ele>
        <time>2025-08-11T12:25:55.000Z</time>
        <extensions>
          <ns3:TrackPointExtension>
            <ns3:hr>160</ns3:hr>
            <ns3:cad>86</ns3:cad>
          </ns3:TrackPointExtension>
        </extensions>
      </trkpt>
      <trkpt lat="24.526653327047824859619140625" lon="118.17347028292715549468994140625">
        <ele>10.6000003814697265625</ele>
        <time>2025-08-11T12:25:56.000Z</time>
        <extensions>
          <ns3:TrackPointExtension>
            <ns3:hr>161</ns3:hr>
            <ns3:cad>86</ns3:cad>
          </ns3:TrackPointExtension>
        </extensions>
      </trkpt>
      <trkpt lat="24.5266543328762054443359375" lon="118.17345301620662212371826171875">
        <ele>10.6000003814697265625</ele>
        <time>2025-08-11T12:25:57.000Z</time>
        <extensions>
          <ns3:TrackPointExtension>
            <ns3:hr>161</ns3:hr>
            <ns3:cad>86</ns3:cad>
          </ns3:TrackPointExtension>
        </extensions>
      </trkpt>
      <trkpt lat="24.52666732482612133026123046875" lon="118.173429630696773529052734375">
        <ele>10.6000003814697265625</ele>
        <time>2025-08-11T12:25:58.000Z</time>
        <extensions>
          <ns3:TrackPointExtension>
            <ns3:hr>161</ns3:hr>
            <ns3:cad>87</ns3:cad>
          </ns3:TrackPointExtension>
        </extensions>
      </trkpt>
      <trkpt lat="24.52666933648288249969482421875" lon="118.1734123639762401580810546875">
        <ele>10.6000003814697265625</ele>
        <time>2025-08-11T12:25:59.000Z</time>
        <extensions>
          <ns3:TrackPointExtension>
            <ns3:hr>161</ns3:hr>
            <ns3:cad>87</ns3:cad>
          </ns3:TrackPointExtension>
        </extensions>
      </trkpt>
      <trkpt lat="24.52668123878538608551025390625" lon="118.17338763736188411712646484375">
        <ele>10.3999996185302734375</ele>
        <time>2025-08-11T12:26:00.000Z</time>
        <extensions>
          <ns3:TrackPointExtension>
            <ns3:hr>160</ns3:hr>
            <ns3:cad>87</ns3:cad>
          </ns3:TrackPointExtension>
        </extensions>
      </trkpt>
      <trkpt lat="24.52668794430792331695556640625" lon="118.17336852662265300750732421875">
        <ele>10.3999996185302734375</ele>
        <time>2025-08-11T12:26:01.000Z</time>
        <extensions>
          <ns3:TrackPointExtension>
            <ns3:hr>161</ns3:hr>
            <ns3:cad>87</ns3:cad>
          </ns3:TrackPointExtension>
        </extensions>
      </trkpt>
      <trkpt lat="24.5267024450004100799560546875" lon="118.173338435590267181396484375">
        <ele>10.19999980926513671875</ele>
        <time>2025-08-11T12:26:02.000Z</time>
        <extensions>
          <ns3:TrackPointExtension>
            <ns3:hr>161</ns3:hr>
            <ns3:cad>87</ns3:cad>
          </ns3:TrackPointExtension>
        </extensions>
      </trkpt>
      <trkpt lat="24.52671208418905735015869140625" lon="118.173314966261386871337890625">
        <ele>10.3999996185302734375</ele>
        <time>2025-08-11T12:26:03.000Z</time>
        <extensions>
          <ns3:TrackPointExtension>
            <ns3:hr>161</ns3:hr>
            <ns3:cad>87</ns3:cad>
          </ns3:TrackPointExtension>
        </extensions>
      </trkpt>
      <trkpt lat="24.5267222262918949127197265625" lon="118.17328873090445995330810546875">
        <ele>10.3999996185302734375</ele>
        <time>2025-08-11T12:26:04.000Z</time>
        <extensions>
          <ns3:TrackPointExtension>
            <ns3:hr>160</ns3:hr>
            <ns3:cad>87</ns3:cad>
          </ns3:TrackPointExtension>
        </extensions>
      </trkpt>
      <trkpt lat="24.52673220075666904449462890625" lon="118.1732675246894359588623046875">
        <ele>10.3999996185302734375</ele>
        <time>2025-08-11T12:26:05.000Z</time>
        <extensions>
          <ns3:TrackPointExtension>
            <ns3:hr>161</ns3:hr>
            <ns3:cad>87</ns3:cad>
          </ns3:TrackPointExtension>
        </extensions>
      </trkpt>
      <trkpt lat="24.52674142085015773773193359375" lon="118.1732447259128093719482421875">
        <ele>10.3999996185302734375</ele>
        <time>2025-08-11T12:26:06.000Z</time>
        <extensions>
          <ns3:TrackPointExtension>
            <ns3:hr>161</ns3:hr>
            <ns3:cad>88</ns3:cad>
          </ns3:TrackPointExtension>
        </extensions>
      </trkpt>
      <trkpt lat="24.526754580438137054443359375" lon="118.17321999929845333099365234375">
        <ele>10.3999996185302734375</ele>
        <time>2025-08-11T12:26:07.000Z</time>
        <extensions>
          <ns3:TrackPointExtension>
            <ns3:hr>161</ns3:hr>
            <ns3:cad>88</ns3:cad>
          </ns3:TrackPointExtension>
        </extensions>
      </trkpt>
      <trkpt lat="24.52676136977970600128173828125" lon="118.1731961108744144439697265625">
        <ele>10.3999996185302734375</ele>
        <time>2025-08-11T12:26:08.000Z</time>
        <extensions>
          <ns3:TrackPointExtension>
            <ns3:hr>160</ns3:hr>
            <ns3:cad>88</ns3:cad>
          </ns3:TrackPointExtension>
        </extensions>
      </trkpt>
      <trkpt lat="24.52677276916801929473876953125" lon="118.1731702946126461029052734375">
        <ele>10.19999980926513671875</ele>
        <time>2025-08-11T12:26:09.000Z</time>
        <extensions>
          <ns3:TrackPointExtension>
            <ns3:hr>161</ns3:hr>
            <ns3:cad>88</ns3:cad>
          </ns3:TrackPointExtension>
        </extensions>
      </trkpt>
      <trkpt lat="24.5267792232334613800048828125" lon="118.17314875312149524688720703125">
        <ele>10.19999980926513671875</ele>
        <time>2025-08-11T12:26:10.000Z</time>
        <extensions>
          <ns3:TrackPointExtension>
            <ns3:hr>161</ns3:hr>
            <ns3:cad>88</ns3:cad>
          </ns3:TrackPointExtension>
        </extensions>
      </trkpt>
      <trkpt lat="24.52679053880274295806884765625" lon="118.173117823898792266845703125">
        <ele>10</ele>
        <time>2025-08-11T12:26:11.000Z</time>
        <extensions>
          <ns3:TrackPointExtension>
            <ns3:hr>160</ns3:hr>
            <ns3:cad>88</ns3:cad>
          </ns3:TrackPointExtension>
        </extensions>
      </trkpt>
      <trkpt lat="24.52679422684013843536376953125" lon="118.1730975396931171417236328125">
        <ele>10</ele>
        <time>2025-08-11T12:26:12.000Z</time>
        <extensions>
          <ns3:TrackPointExtension>
            <ns3:hr>160</ns3:hr>
            <ns3:cad>88</ns3:cad>
          </ns3:TrackPointExtension>
        </extensions>
      </trkpt>
      <trkpt lat="24.526809565722942352294921875" lon="118.17306392826139926910400390625">
        <ele>10</ele>
        <time>2025-08-11T12:26:13.000Z</time>
        <extensions>
          <ns3:TrackPointExtension>
            <ns3:hr>160</ns3:hr>
            <ns3:cad>88</ns3:cad>
          </ns3:TrackPointExtension>
        </extensions>
      </trkpt>
      <trkpt lat="24.52680629678070545196533203125" lon="118.17304708063602447509765625">
        <ele>10</ele>
        <time>2025-08-11T12:26:14.000Z</time>
        <extensions>
          <ns3:TrackPointExtension>
            <ns3:hr>160</ns3:hr>
            <ns3:cad>88</ns3:cad>
          </ns3:TrackPointExtension>
        </extensions>
      </trkpt>
      <trkpt lat="24.52681484632194042205810546875" lon="118.1730130501091480255126953125">
        <ele>9.80000019073486328125</ele>
        <time>2025-08-11T12:26:15.000Z</time>
        <extensions>
          <ns3:TrackPointExtension>
            <ns3:hr>161</ns3:hr>
            <ns3:cad>88</ns3:cad>
          </ns3:TrackPointExtension>
        </extensions>
      </trkpt>
      <trkpt lat="24.52681501396000385284423828125" lon="118.17299268208444118499755859375">
        <ele>9.80000019073486328125</ele>
        <time>2025-08-11T12:26:16.000Z</time>
        <extensions>
          <ns3:TrackPointExtension>
            <ns3:hr>160</ns3:hr>
            <ns3:cad>88</ns3:cad>
          </ns3:TrackPointExtension>
        </extensions>
      </trkpt>
      <trkpt lat="24.52681551687419414520263671875" lon="118.1729597412049770355224609375">
        <ele>9.80000019073486328125</ele>
        <time>2025-08-11T12:26:17.000Z</time>
        <extensions>
          <ns3:TrackPointExtension>
            <ns3:hr>160</ns3:hr>
            <ns3:cad>88</ns3:cad>
          </ns3:TrackPointExtension>
        </extensions>
      </trkpt>
      <trkpt lat="24.52681149356067180633544921875" lon="118.17293845117092132568359375">
        <ele>9.80000019073486328125</ele>
        <time>2025-08-11T12:26:18.000Z</time>
        <extensions>
          <ns3:TrackPointExtension>
            <ns3:hr>160</ns3:hr>
            <ns3:cad>88</ns3:cad>
          </ns3:TrackPointExtension>
        </extensions>
      </trkpt>
      <trkpt lat="24.52680327929556369781494140625" lon="118.17291154526174068450927734375">
        <ele>9.80000019073486328125</ele>
        <time>2025-08-11T12:26:19.000Z</time>
        <extensions>
          <ns3:TrackPointExtension>
            <ns3:hr>160</ns3:hr>
            <ns3:cad>88</ns3:cad>
          </ns3:TrackPointExtension>
        </extensions>
      </trkpt>
      <trkpt lat="24.52679724432528018951416015625" lon="118.172888495028018951416015625">
        <ele>9.80000019073486328125</ele>
        <time>2025-08-11T12:26:20.000Z</time>
        <extensions>
          <ns3:TrackPointExtension>
            <ns3:hr>160</ns3:hr>
            <ns3:cad>88</ns3:cad>
          </ns3:TrackPointExtension>
        </extensions>
      </trkpt>
      <trkpt lat="24.52678819186985492706298828125" lon="118.172864355146884918212890625">
        <ele>9.80000019073486328125</ele>
        <time>2025-08-11T12:26:21.000Z</time>
        <extensions>
          <ns3:TrackPointExtension>
            <ns3:hr>160</ns3:hr>
            <ns3:cad>88</ns3:cad>
          </ns3:TrackPointExtension>
        </extensions>
      </trkpt>
      <trkpt lat="24.52678550966084003448486328125" lon="118.17283342592418193817138671875">
        <ele>9.80000019073486328125</ele>
        <time>2025-08-11T12:26:22.000Z</time>
        <extensions>
          <ns3:TrackPointExtension>
            <ns3:hr>160</ns3:hr>
            <ns3:cad>88</ns3:cad>
          </ns3:TrackPointExtension>
        </extensions>
      </trkpt>
      <trkpt lat="24.5267792232334613800048828125" lon="118.17281146533787250518798828125">
        <ele>9.80000019073486328125</ele>
        <time>2025-08-11T12:26:23.000Z</time>
        <extensions>
          <ns3:TrackPointExtension>
            <ns3:hr>160</ns3:hr>
            <ns3:cad>87</ns3:cad>
          </ns3:TrackPointExtension>
        </extensions>
      </trkpt>
      <trkpt lat="24.5267792232334613800048828125" lon="118.17278011702001094818115234375">
        <ele>9.80000019073486328125</ele>
        <time>2025-08-11T12:26:24.000Z</time>
        <extensions>
          <ns3:TrackPointExtension>
            <ns3:hr>160</ns3:hr>
            <ns3:cad>87</ns3:cad>
          </ns3:TrackPointExtension>
        </extensions>
      </trkpt>
      <trkpt lat="24.526774026453495025634765625" lon="118.172760419547557830810546875">
        <ele>9.6000003814697265625</ele>
        <time>2025-08-11T12:26:25.000Z</time>
        <extensions>
          <ns3:TrackPointExtension>
            <ns3:hr>160</ns3:hr>
            <ns3:cad>87</ns3:cad>
          </ns3:TrackPointExtension>
        </extensions>
      </trkpt>
      <trkpt lat="24.5267775468528270721435546875" lon="118.1727250479161739349365234375">
        <ele>9.6000003814697265625</ele>
        <time>2025-08-11T12:26:26.000Z</time>
        <extensions>
          <ns3:TrackPointExtension>
            <ns3:hr>159</ns3:hr>
            <ns3:cad>87</ns3:cad>
          </ns3:TrackPointExtension>
        </extensions>
      </trkpt>
      <trkpt lat="24.5267750322818756103515625" lon="118.17270568571984767913818359375">
        <ele>9.6000003814697265625</ele>
        <time>2025-08-11T12:26:27.000Z</time>
        <extensions>
          <ns3:TrackPointExtension>
            <ns3:hr>159</ns3:hr>
            <ns3:cad>87</ns3:cad>
          </ns3:TrackPointExtension>
        </extensions>
      </trkpt>
      <trkpt lat="24.52678282745182514190673828125" lon="118.1726730801165103912353515625">
        <ele>9.6000003814697265625</ele>
        <time>2025-08-11T12:26:28.000Z</time>
        <extensions>
          <ns3:TrackPointExtension>
            <ns3:hr>159</ns3:hr>
            <ns3:cad>87</ns3:cad>
          </ns3:TrackPointExtension>
        </extensions>
      </trkpt>
      <trkpt lat="24.5267886109650135040283203125" lon="118.1726536341011524200439453125">
        <ele>9.6000003814697265625</ele>
        <time>2025-08-11T12:26:29.000Z</time>
        <extensions>
          <ns3:TrackPointExtension>
            <ns3:hr>159</ns3:hr>
            <ns3:cad>87</ns3:cad>
          </ns3:TrackPointExtension>
        </extensions>
      </trkpt>
      <trkpt lat="24.52680126763880252838134765625" lon="118.17262387834489345550537109375">
        <ele>9.6000003814697265625</ele>
        <time>2025-08-11T12:26:30.000Z</time>
        <extensions>
          <ns3:TrackPointExtension>
            <ns3:hr>159</ns3:hr>
            <ns3:cad>87</ns3:cad>
          </ns3:TrackPointExtension>
        </extensions>
      </trkpt>
      <trkpt lat="24.52681191265583038330078125" lon="118.172600157558917999267578125">
        <ele>9.6000003814697265625</ele>
        <time>2025-08-11T12:26:31.000Z</time>
        <extensions>
          <ns3:TrackPointExtension>
            <ns3:hr>158</ns3:hr>
            <ns3:cad>88</ns3:cad>
          </ns3:TrackPointExtension>
        </extensions>
      </trkpt>
      <trkpt lat="24.52682373113930225372314453125" lon="118.1725711561739444732666015625">
        <ele>9.6000003814697265625</ele>
        <time>2025-08-11T12:26:32.000Z</time>
        <extensions>
          <ns3:TrackPointExtension>
            <ns3:hr>158</ns3:hr>
            <ns3:cad>88</ns3:cad>
          </ns3:TrackPointExtension>
        </extensions>
      </trkpt>
      <trkpt lat="24.5268378965556621551513671875" lon="118.172545842826366424560546875">
        <ele>9.6000003814697265625</ele>
        <time>2025-08-11T12:26:33.000Z</time>
        <extensions>
          <ns3:TrackPointExtension>
            <ns3:hr>158</ns3:hr>
            <ns3:cad>88</ns3:cad>
          </ns3:TrackPointExtension>
        </extensions>
      </trkpt>
      <trkpt lat="24.526848457753658294677734375" lon="118.17252337932586669921875">
        <ele>9.6000003814697265625</ele>
        <time>2025-08-11T12:26:34.000Z</time>
        <extensions>
          <ns3:TrackPointExtension>
            <ns3:hr>158</ns3:hr>
            <ns3:cad>88</ns3:cad>
          </ns3:TrackPointExtension>
        </extensions>
      </trkpt>
      <trkpt lat="24.52686295844614505767822265625" lon="118.17249798215925693511962890625">
        <ele>9.6000003814697265625</ele>
        <time>2025-08-11T12:26:35.000Z</time>
        <extensions>
          <ns3:TrackPointExtension>
            <ns3:hr>158</ns3:hr>
            <ns3:cad>88</ns3:cad>
          </ns3:TrackPointExtension>
        </extensions>
      </trkpt>
      <trkpt lat="24.5268704183399677276611328125" lon="118.1724752672016620635986328125">
        <ele>9.6000003814697265625</ele>
        <time>2025-08-11T12:26:36.000Z</time>
        <extensions>
          <ns3:TrackPointExtension>
            <ns3:hr>158</ns3:hr>
            <ns3:cad>88</ns3:cad>
          </ns3:TrackPointExtension>
        </extensions>
      </trkpt>
      <trkpt lat="24.52688592486083507537841796875" lon="118.17244634963572025299072265625">
        <ele>9.6000003814697265625</ele>
        <time>2025-08-11T12:26:37.000Z</time>
        <extensions>
          <ns3:TrackPointExtension>
            <ns3:hr>158</ns3:hr>
            <ns3:cad>88</ns3:cad>
          </ns3:TrackPointExtension>
        </extensions>
      </trkpt>
      <trkpt lat="24.526894055306911468505859375" lon="118.1724256463348865509033203125">
        <ele>9.6000003814697265625</ele>
        <time>2025-08-11T12:26:38.000Z</time>
        <extensions>
          <ns3:TrackPointExtension>
            <ns3:hr>158</ns3:hr>
            <ns3:cad>88</ns3:cad>
          </ns3:TrackPointExtension>
        </extensions>
      </trkpt>
      <trkpt lat="24.5269086398184299468994140625" lon="118.172398321330547332763671875">
        <ele>9.6000003814697265625</ele>
        <time>2025-08-11T12:26:39.000Z</time>
        <extensions>
          <ns3:TrackPointExtension>
            <ns3:hr>157</ns3:hr>
            <ns3:cad>88</ns3:cad>
          </ns3:TrackPointExtension>
        </extensions>
      </trkpt>
      <trkpt lat="24.52691425569355487823486328125" lon="118.17237828858196735382080078125">
        <ele>9.6000003814697265625</ele>
        <time>2025-08-11T12:26:40.000Z</time>
        <extensions>
          <ns3:TrackPointExtension>
            <ns3:hr>157</ns3:hr>
            <ns3:cad>88</ns3:cad>
          </ns3:TrackPointExtension>
        </extensions>
      </trkpt>
      <trkpt lat="24.526931941509246826171875" lon="118.17234970629215240478515625">
        <ele>9.6000003814697265625</ele>
        <time>2025-08-11T12:26:41.000Z</time>
        <extensions>
          <ns3:TrackPointExtension>
            <ns3:hr>157</ns3:hr>
            <ns3:cad>88</ns3:cad>
          </ns3:TrackPointExtension>
        </extensions>
      </trkpt>
      <trkpt lat="24.526936300098896026611328125" lon="118.17233084701001644134521484375">
        <ele>9.6000003814697265625</ele>
        <time>2025-08-11T12:26:42.000Z</time>
        <extensions>
          <ns3:TrackPointExtension>
            <ns3:hr>157</ns3:hr>
            <ns3:cad>88</ns3:cad>
          </ns3:TrackPointExtension>
        </extensions>
      </trkpt>
      <trkpt lat="24.52695013023912906646728515625" lon="118.1723029352724552154541015625">
        <ele>9.6000003814697265625</ele>
        <time>2025-08-11T12:26:43.000Z</time>
        <extensions>
          <ns3:TrackPointExtension>
            <ns3:hr>157</ns3:hr>
            <ns3:cad>89</ns3:cad>
          </ns3:TrackPointExtension>
        </extensions>
      </trkpt>
      <trkpt lat="24.52695541083812713623046875" lon="118.17228206433355808258056640625">
        <ele>9.6000003814697265625</ele>
        <time>2025-08-11T12:26:44.000Z</time>
        <extensions>
          <ns3:TrackPointExtension>
            <ns3:hr>158</ns3:hr>
            <ns3:cad>89</ns3:cad>
          </ns3:TrackPointExtension>
        </extensions>
      </trkpt>
      <trkpt lat="24.52697150409221649169921875" lon="118.17225138656795024871826171875">
        <ele>9.6000003814697265625</ele>
        <time>2025-08-11T12:26:45.000Z</time>
        <extensions>
          <ns3:TrackPointExtension>
            <ns3:hr>157</ns3:hr>
            <ns3:cad>89</ns3:cad>
          </ns3:TrackPointExtension>
        </extensions>
      </trkpt>
      <trkpt lat="24.52697913162410259246826171875" lon="118.1722315214574337005615234375">
        <ele>9.6000003814697265625</ele>
        <time>2025-08-11T12:26:46.000Z</time>
        <extensions>
          <ns3:TrackPointExtension>
            <ns3:hr>157</ns3:hr>
            <ns3:cad>88</ns3:cad>
          </ns3:TrackPointExtension>
        </extensions>
      </trkpt>
      <trkpt lat="24.5269961468875408172607421875" lon="118.17220042459666728973388671875">
        <ele>9.6000003814697265625</ele>
        <time>2025-08-11T12:26:47.000Z</time>
        <extensions>
          <ns3:TrackPointExtension>
            <ns3:hr>158</ns3:hr>
            <ns3:cad>88</ns3:cad>
          </ns3:TrackPointExtension>
        </extensions>
      </trkpt>
      <trkpt lat="24.52700561843812465667724609375" lon="118.172178380191326141357421875">
        <ele>9.6000003814697265625</ele>
        <time>2025-08-11T12:26:48.000Z</time>
        <extensions>
          <ns3:TrackPointExtension>
            <ns3:hr>157</ns3:hr>
            <ns3:cad>88</ns3:cad>
          </ns3:TrackPointExtension>
        </extensions>
      </trkpt>
      <trkpt lat="24.5270236395299434661865234375" lon="118.17214895971119403839111328125">
        <ele>9.6000003814697265625</ele>
        <time>2025-08-11T12:26:49.000Z</time>
        <extensions>
          <ns3:TrackPointExtension>
            <ns3:hr>157</ns3:hr>
            <ns3:cad>88</ns3:cad>
          </ns3:TrackPointExtension>
        </extensions>
      </trkpt>
      <trkpt lat="24.52703654766082763671875" lon="118.17212842404842376708984375">
        <ele>9.6000003814697265625</ele>
        <time>2025-08-11T12:26:50.000Z</time>
        <extensions>
          <ns3:TrackPointExtension>
            <ns3:hr>158</ns3:hr>
            <ns3:cad>88</ns3:cad>
          </ns3:TrackPointExtension>
        </extensions>
      </trkpt>
      <trkpt lat="24.527048282325267791748046875" lon="118.17210302688181400299072265625">
        <ele>9.6000003814697265625</ele>
        <time>2025-08-11T12:26:51.000Z</time>
        <extensions>
          <ns3:TrackPointExtension>
            <ns3:hr>158</ns3:hr>
            <ns3:cad>88</ns3:cad>
          </ns3:TrackPointExtension>
        </extensions>
      </trkpt>
      <trkpt lat="24.52706127427518367767333984375" lon="118.17208073101937770843505859375">
        <ele>9.6000003814697265625</ele>
        <time>2025-08-11T12:26:52.000Z</time>
        <extensions>
          <ns3:TrackPointExtension>
            <ns3:hr>158</ns3:hr>
            <ns3:cad>88</ns3:cad>
          </ns3:TrackPointExtension>
        </extensions>
      </trkpt>
      <trkpt lat="24.527069739997386932373046875" lon="118.17205734550952911376953125">
        <ele>9.6000003814697265625</ele>
        <time>2025-08-11T12:26:53.000Z</time>
        <extensions>
          <ns3:TrackPointExtension>
            <ns3:hr>158</ns3:hr>
            <ns3:cad>88</ns3:cad>
          </ns3:TrackPointExtension>
        </extensions>
      </trkpt>
      <trkpt lat="24.5270839892327785491943359375" lon="118.17203320562839508056640625">
        <ele>9.6000003814697265625</ele>
        <time>2025-08-11T12:26:54.000Z</time>
        <extensions>
          <ns3:TrackPointExtension>
            <ns3:hr>158</ns3:hr>
            <ns3:cad>88</ns3:cad>
          </ns3:TrackPointExtension>
        </extensions>
      </trkpt>
      <trkpt lat="24.52708776108920574188232421875" lon="118.1720105744898319244384765625">
        <ele>9.6000003814697265625</ele>
        <time>2025-08-11T12:26:55.000Z</time>
        <extensions>
          <ns3:TrackPointExtension>
            <ns3:hr>158</ns3:hr>
            <ns3:cad>88</ns3:cad>
          </ns3:TrackPointExtension>
        </extensions>
      </trkpt>
      <trkpt lat="24.52710569836199283599853515625" lon="118.17198316566646099090576171875">
        <ele>9.6000003814697265625</ele>
        <time>2025-08-11T12:26:56.000Z</time>
        <extensions>
          <ns3:TrackPointExtension>
            <ns3:hr>158</ns3:hr>
            <ns3:cad>87</ns3:cad>
          </ns3:TrackPointExtension>
        </extensions>
      </trkpt>
      <trkpt lat="24.52711827121675014495849609375" lon="118.1719629652798175811767578125">
        <ele>9.6000003814697265625</ele>
        <time>2025-08-11T12:26:57.000Z</time>
        <extensions>
          <ns3:TrackPointExtension>
            <ns3:hr>158</ns3:hr>
            <ns3:cad>87</ns3:cad>
          </ns3:TrackPointExtension>
        </extensions>
      </trkpt>
      <trkpt lat="24.52714056707918643951416015625" lon="118.17194745875895023345947265625">
        <ele>9.6000003814697265625</ele>
        <time>2025-08-11T12:26:58.000Z</time>
        <extensions>
          <ns3:TrackPointExtension>
            <ns3:hr>158</ns3:hr>
            <ns3:cad>88</ns3:cad>
          </ns3:TrackPointExtension>
        </extensions>
      </trkpt>
      <trkpt lat="24.52715397812426090240478515625" lon="118.17193287424743175506591796875">
        <ele>9.80000019073486328125</ele>
        <time>2025-08-11T12:26:59.000Z</time>
        <extensions>
          <ns3:TrackPointExtension>
            <ns3:hr>158</ns3:hr>
            <ns3:cad>88</ns3:cad>
          </ns3:TrackPointExtension>
        </extensions>
      </trkpt>
      <trkpt lat="24.52717325650155544281005859375" lon="118.17191778682172298431396484375">
        <ele>9.80000019073486328125</ele>
        <time>2025-08-11T12:27:00.000Z</time>
        <extensions>
          <ns3:TrackPointExtension>
            <ns3:hr>158</ns3:hr>
            <ns3:cad>88</ns3:cad>
          </ns3:TrackPointExtension>
        </extensions>
      </trkpt>
      <trkpt lat="24.527189768850803375244140625" lon="118.171907477080821990966796875">
        <ele>9.80000019073486328125</ele>
        <time>2025-08-11T12:27:01.000Z</time>
        <extensions>
          <ns3:TrackPointExtension>
            <ns3:hr>158</ns3:hr>
            <ns3:cad>88</ns3:cad>
          </ns3:TrackPointExtension>
        </extensions>
      </trkpt>
      <trkpt lat="24.5272207818925380706787109375" lon="118.1719042919576168060302734375">
        <ele>10</ele>
        <time>2025-08-11T12:27:02.000Z</time>
        <extensions>
          <ns3:TrackPointExtension>
            <ns3:hr>158</ns3:hr>
            <ns3:cad>88</ns3:cad>
          </ns3:TrackPointExtension>
        </extensions>
      </trkpt>
      <trkpt lat="24.52723796479403972625732421875" lon="118.1718949042260646820068359375">
        <ele>10</ele>
        <time>2025-08-11T12:27:03.000Z</time>
        <extensions>
          <ns3:TrackPointExtension>
            <ns3:hr>158</ns3:hr>
            <ns3:cad>88</ns3:cad>
          </ns3:TrackPointExtension>
        </extensions>
      </trkpt>
      <trkpt lat="24.5272633619606494903564453125" lon="118.171875961124897003173828125">
        <ele>10</ele>
        <time>2025-08-11T12:27:04.000Z</time>
        <extensions>
          <ns3:TrackPointExtension>
            <ns3:hr>159</ns3:hr>
            <ns3:cad>88</ns3:cad>
          </ns3:TrackPointExtension>
        </extensions>
      </trkpt>
      <trkpt lat="24.527278952300548553466796875" lon="118.17186280153691768646240234375">
        <ele>10</ele>
        <time>2025-08-11T12:27:05.000Z</time>
        <extensions>
          <ns3:TrackPointExtension>
            <ns3:hr>159</ns3:hr>
            <ns3:cad>88</ns3:cad>
          </ns3:TrackPointExtension>
        </extensions>
      </trkpt>
      <trkpt lat="24.52729915268719196319580078125" lon="118.17184117622673511505126953125">
        <ele>10</ele>
        <time>2025-08-11T12:27:06.000Z</time>
        <extensions>
          <ns3:TrackPointExtension>
            <ns3:hr>160</ns3:hr>
            <ns3:cad>88</ns3:cad>
          </ns3:TrackPointExtension>
        </extensions>
      </trkpt>
      <trkpt lat="24.52731424011290073394775390625" lon="118.171822987496852874755859375">
        <ele>10</ele>
        <time>2025-08-11T12:27:07.000Z</time>
        <extensions>
          <ns3:TrackPointExtension>
            <ns3:hr>160</ns3:hr>
            <ns3:cad>88</ns3:cad>
          </ns3:TrackPointExtension>
        </extensions>
      </trkpt>
      <trkpt lat="24.5273243822157382965087890625" lon="118.17179809324443340301513671875">
        <ele>10</ele>
        <time>2025-08-11T12:27:08.000Z</time>
        <extensions>
          <ns3:TrackPointExtension>
            <ns3:hr>160</ns3:hr>
            <ns3:cad>88</ns3:cad>
          </ns3:TrackPointExtension>
        </extensions>
      </trkpt>
      <trkpt lat="24.52733251266181468963623046875" lon="118.1717778928577899932861328125">
        <ele>10</ele>
        <time>2025-08-11T12:27:09.000Z</time>
        <extensions>
          <ns3:TrackPointExtension>
            <ns3:hr>160</ns3:hr>
            <ns3:cad>88</ns3:cad>
          </ns3:TrackPointExtension>
        </extensions>
      </trkpt>
      <trkpt lat="24.52733770944178104400634765625" lon="118.17175802774727344512939453125">
        <ele>10.19999980926513671875</ele>
        <time>2025-08-11T12:27:10.000Z</time>
        <extensions>
          <ns3:TrackPointExtension>
            <ns3:hr>160</ns3:hr>
            <ns3:cad>88</ns3:cad>
          </ns3:TrackPointExtension>
        </extensions>
      </trkpt>
      <trkpt lat="24.52735480852425098419189453125" lon="118.17173455841839313507080078125">
        <ele>10.3999996185302734375</ele>
        <time>2025-08-11T12:27:11.000Z</time>
        <extensions>
          <ns3:TrackPointExtension>
            <ns3:hr>160</ns3:hr>
            <ns3:cad>88</ns3:cad>
          </ns3:TrackPointExtension>
        </extensions>
      </trkpt>
      <trkpt lat="24.5273602567613124847412109375" lon="118.17171611823141574859619140625">
        <ele>10.3999996185302734375</ele>
        <time>2025-08-11T12:27:12.000Z</time>
        <extensions>
          <ns3:TrackPointExtension>
            <ns3:hr>160</ns3:hr>
            <ns3:cad>88</ns3:cad>
          </ns3:TrackPointExtension>
        </extensions>
      </trkpt>
      <trkpt lat="24.52737509272992610931396484375" lon="118.17169449292123317718505859375">
        <ele>10.6000003814697265625</ele>
        <time>2025-08-11T12:27:13.000Z</time>
        <extensions>
          <ns3:TrackPointExtension>
            <ns3:hr>160</ns3:hr>
            <ns3:cad>88</ns3:cad>
          </ns3:TrackPointExtension>
        </extensions>
      </trkpt>
      <trkpt lat="24.527377523481845855712890625" lon="118.17167655564844608306884765625">
        <ele>10.6000003814697265625</ele>
        <time>2025-08-11T12:27:14.000Z</time>
        <extensions>
          <ns3:TrackPointExtension>
            <ns3:hr>160</ns3:hr>
            <ns3:cad>88</ns3:cad>
          </ns3:TrackPointExtension>
        </extensions>
      </trkpt>
      <trkpt lat="24.5273907668888568878173828125" lon="118.17164436914026737213134765625">
        <ele>10.6000003814697265625</ele>
        <time>2025-08-11T12:27:15.000Z</time>
        <extensions>
          <ns3:TrackPointExtension>
            <ns3:hr>160</ns3:hr>
            <ns3:cad>88</ns3:cad>
          </ns3:TrackPointExtension>
        </extensions>
      </trkpt>
      <trkpt lat="24.52739101834595203399658203125" lon="118.17162240855395793914794921875">
        <ele>10.3999996185302734375</ele>
        <time>2025-08-11T12:27:16.000Z</time>
        <extensions>
          <ns3:TrackPointExtension>
            <ns3:hr>159</ns3:hr>
            <ns3:cad>88</ns3:cad>
          </ns3:TrackPointExtension>
        </extensions>
      </trkpt>
      <trkpt lat="24.52740459702908992767333984375" lon="118.1715938262641429901123046875">
        <ele>10.3999996185302734375</ele>
        <time>2025-08-11T12:27:17.000Z</time>
        <extensions>
          <ns3:TrackPointExtension>
            <ns3:hr>159</ns3:hr>
            <ns3:cad>88</ns3:cad>
          </ns3:TrackPointExtension>
        </extensions>
      </trkpt>
      <trkpt lat="24.52741130255162715911865234375" lon="118.171570859849452972412109375">
        <ele>10.3999996185302734375</ele>
        <time>2025-08-11T12:27:18.000Z</time>
        <extensions>
          <ns3:TrackPointExtension>
            <ns3:hr>159</ns3:hr>
            <ns3:cad>88</ns3:cad>
          </ns3:TrackPointExtension>
        </extensions>
      </trkpt>
      <trkpt lat="24.5274196006357669830322265625" lon="118.17154529504477977752685546875">
        <ele>10.3999996185302734375</ele>
        <time>2025-08-11T12:27:19.000Z</time>
        <extensions>
          <ns3:TrackPointExtension>
            <ns3:hr>158</ns3:hr>
            <ns3:cad>88</ns3:cad>
          </ns3:TrackPointExtension>
        </extensions>
      </trkpt>
      <trkpt lat="24.52742538414895534515380859375" lon="118.1715227477252483367919921875">
        <ele>10.6000003814697265625</ele>
        <time>2025-08-11T12:27:20.000Z</time>
        <extensions>
          <ns3:TrackPointExtension>
            <ns3:hr>158</ns3:hr>
            <ns3:cad>88</ns3:cad>
          </ns3:TrackPointExtension>
        </extensions>
      </trkpt>
      <trkpt lat="24.5274363644421100616455078125" lon="118.1714965961873531341552734375">
        <ele>10.6000003814697265625</ele>
        <time>2025-08-11T12:27:21.000Z</time>
        <extensions>
          <ns3:TrackPointExtension>
            <ns3:hr>158</ns3:hr>
            <ns3:cad>88</ns3:cad>
          </ns3:TrackPointExtension>
        </extensions>
      </trkpt>
      <trkpt lat="24.5274455845355987548828125" lon="118.1714761443436145782470703125">
        <ele>10.6000003814697265625</ele>
        <time>2025-08-11T12:27:22.000Z</time>
        <extensions>
          <ns3:TrackPointExtension>
            <ns3:hr>158</ns3:hr>
            <ns3:cad>88</ns3:cad>
          </ns3:TrackPointExtension>
        </extensions>
      </trkpt>
      <trkpt lat="24.52745430171489715576171875" lon="118.17145250737667083740234375">
        <ele>10.80000019073486328125</ele>
        <time>2025-08-11T12:27:23.000Z</time>
        <extensions>
          <ns3:TrackPointExtension>
            <ns3:hr>158</ns3:hr>
            <ns3:cad>88</ns3:cad>
          </ns3:TrackPointExtension>
        </extensions>
      </trkpt>
      <trkpt lat="24.52746729366481304168701171875" lon="118.17142861895263195037841796875">
        <ele>10.80000019073486328125</ele>
        <time>2025-08-11T12:27:24.000Z</time>
        <extensions>
          <ns3:TrackPointExtension>
            <ns3:hr>159</ns3:hr>
            <ns3:cad>88</ns3:cad>
          </ns3:TrackPointExtension>
        </extensions>
      </trkpt>
      <trkpt lat="24.527473412454128265380859375" lon="118.1714064069092273712158203125">
        <ele>10.80000019073486328125</ele>
        <time>2025-08-11T12:27:25.000Z</time>
        <extensions>
          <ns3:TrackPointExtension>
            <ns3:hr>158</ns3:hr>
            <ns3:cad>88</ns3:cad>
          </ns3:TrackPointExtension>
        </extensions>
      </trkpt>
      <trkpt lat="24.52748506329953670501708984375" lon="118.171379081904888153076171875">
        <ele>11</ele>
        <time>2025-08-11T12:27:26.000Z</time>
        <extensions>
          <ns3:TrackPointExtension>
            <ns3:hr>158</ns3:hr>
            <ns3:cad>88</ns3:cad>
          </ns3:TrackPointExtension>
        </extensions>
      </trkpt>
      <trkpt lat="24.527487494051456451416015625" lon="118.17135938443243503570556640625">
        <ele>11</ele>
        <time>2025-08-11T12:27:27.000Z</time>
        <extensions>
          <ns3:TrackPointExtension>
            <ns3:hr>158</ns3:hr>
            <ns3:cad>88</ns3:cad>
          </ns3:TrackPointExtension>
        </extensions>
      </trkpt>
      <trkpt lat="24.52750392258167266845703125" lon="118.17133239470422267913818359375">
        <ele>11.19999980926513671875</ele>
        <time>2025-08-11T12:27:28.000Z</time>
        <extensions>
          <ns3:TrackPointExtension>
            <ns3:hr>158</ns3:hr>
            <ns3:cad>88</ns3:cad>
          </ns3:TrackPointExtension>
        </extensions>
      </trkpt>
      <trkpt lat="24.52750685624778270721435546875" lon="118.1713101826608180999755859375">
        <ele>11.19999980926513671875</ele>
        <time>2025-08-11T12:27:29.000Z</time>
        <extensions>
          <ns3:TrackPointExtension>
            <ns3:hr>157</ns3:hr>
            <ns3:cad>88</ns3:cad>
          </ns3:TrackPointExtension>
        </extensions>
      </trkpt>
      <trkpt lat="24.52751993201673030853271484375" lon="118.17128092981874942779541015625">
        <ele>11.19999980926513671875</ele>
        <time>2025-08-11T12:27:30.000Z</time>
        <extensions>
          <ns3:TrackPointExtension>
            <ns3:hr>157</ns3:hr>
            <ns3:cad>88</ns3:cad>
          </ns3:TrackPointExtension>
        </extensions>
      </trkpt>
      <trkpt lat="24.52752529643476009368896484375" lon="118.17126500420272350311279296875">
        <ele>11.3999996185302734375</ele>
        <time>2025-08-11T12:27:31.000Z</time>
        <extensions>
          <ns3:TrackPointExtension>
            <ns3:hr>157</ns3:hr>
            <ns3:cad>88</ns3:cad>
          </ns3:TrackPointExtension>
        </extensions>
      </trkpt>
      <trkpt lat="24.52753904275596141815185546875" lon="118.17123591899871826171875">
        <ele>11.3999996185302734375</ele>
        <time>2025-08-11T12:27:32.000Z</time>
        <extensions>
          <ns3:TrackPointExtension>
            <ns3:hr>157</ns3:hr>
            <ns3:cad>87</ns3:cad>
          </ns3:TrackPointExtension>
        </extensions>
      </trkpt>
      <trkpt lat="24.52754893340170383453369140625" lon="118.17121437750756740570068359375">
        <ele>11.3999996185302734375</ele>
        <time>2025-08-11T12:27:33.000Z</time>
        <extensions>
          <ns3:TrackPointExtension>
            <ns3:hr>157</ns3:hr>
            <ns3:cad>87</ns3:cad>
          </ns3:TrackPointExtension>
        </extensions>
      </trkpt>
      <trkpt lat="24.52755262143909931182861328125" lon="118.17119040526449680328369140625">
        <ele>11.3999996185302734375</ele>
        <time>2025-08-11T12:27:34.000Z</time>
        <extensions>
          <ns3:TrackPointExtension>
            <ns3:hr>157</ns3:hr>
            <ns3:cad>87</ns3:cad>
          </ns3:TrackPointExtension>
        </extensions>
      </trkpt>
      <trkpt lat="24.5275627635419368743896484375" lon="118.17116609774529933929443359375">
        <ele>11.3999996185302734375</ele>
        <time>2025-08-11T12:27:35.000Z</time>
        <extensions>
          <ns3:TrackPointExtension>
            <ns3:hr>157</ns3:hr>
            <ns3:cad>87</ns3:cad>
          </ns3:TrackPointExtension>
        </extensions>
      </trkpt>
      <trkpt lat="24.52757106162607669830322265625" lon="118.17114262841641902923583984375">
        <ele>11.6000003814697265625</ele>
        <time>2025-08-11T12:27:36.000Z</time>
        <extensions>
          <ns3:TrackPointExtension>
            <ns3:hr>156</ns3:hr>
            <ns3:cad>87</ns3:cad>
          </ns3:TrackPointExtension>
        </extensions>
      </trkpt>
      <trkpt lat="24.52758078463375568389892578125" lon="118.17111991345882415771484375">
        <ele>11.6000003814697265625</ele>
        <time>2025-08-11T12:27:37.000Z</time>
        <extensions>
          <ns3:TrackPointExtension>
            <ns3:hr>157</ns3:hr>
            <ns3:cad>87</ns3:cad>
          </ns3:TrackPointExtension>
        </extensions>
      </trkpt>
      <trkpt lat="24.527583383023738861083984375" lon="118.17110113799571990966796875">
        <ele>11.6000003814697265625</ele>
        <time>2025-08-11T12:27:38.000Z</time>
        <extensions>
          <ns3:TrackPointExtension>
            <ns3:hr>157</ns3:hr>
            <ns3:cad>87</ns3:cad>
          </ns3:TrackPointExtension>
        </extensions>
      </trkpt>
      <trkpt lat="24.527596794068813323974609375" lon="118.17107540555298328399658203125">
        <ele>11.6000003814697265625</ele>
        <time>2025-08-11T12:27:39.000Z</time>
        <extensions>
          <ns3:TrackPointExtension>
            <ns3:hr>157</ns3:hr>
            <ns3:cad>87</ns3:cad>
          </ns3:TrackPointExtension>
        </extensions>
      </trkpt>
      <trkpt lat="24.527597464621067047119140625" lon="118.17105646245181560516357421875">
        <ele>11.80000019073486328125</ele>
        <time>2025-08-11T12:27:40.000Z</time>
        <extensions>
          <ns3:TrackPointExtension>
            <ns3:hr>157</ns3:hr>
            <ns3:cad>87</ns3:cad>
          </ns3:TrackPointExtension>
        </extensions>
      </trkpt>
      <trkpt lat="24.5276110433042049407958984375" lon="118.171029388904571533203125">
        <ele>11.80000019073486328125</ele>
        <time>2025-08-11T12:27:41.000Z</time>
        <extensions>
          <ns3:TrackPointExtension>
            <ns3:hr>156</ns3:hr>
            <ns3:cad>87</ns3:cad>
          </ns3:TrackPointExtension>
        </extensions>
      </trkpt>
      <trkpt lat="24.52761615626513957977294921875" lon="118.17101354710757732391357421875">
        <ele>12</ele>
        <time>2025-08-11T12:27:42.000Z</time>
        <extensions>
          <ns3:TrackPointExtension>
            <ns3:hr>157</ns3:hr>
            <ns3:cad>87</ns3:cad>
          </ns3:TrackPointExtension>
        </extensions>
      </trkpt>
      <trkpt lat="24.5276251249015331268310546875" lon="118.170983791351318359375">
        <ele>12</ele>
        <time>2025-08-11T12:27:43.000Z</time>
        <extensions>
          <ns3:TrackPointExtension>
            <ns3:hr>157</ns3:hr>
            <ns3:cad>87</ns3:cad>
          </ns3:TrackPointExtension>
        </extensions>
      </trkpt>
      <trkpt lat="24.52762822620570659637451171875" lon="118.170969374477863311767578125">
        <ele>12</ele>
        <time>2025-08-11T12:27:44.000Z</time>
        <extensions>
          <ns3:TrackPointExtension>
            <ns3:hr>157</ns3:hr>
            <ns3:cad>87</ns3:cad>
          </ns3:TrackPointExtension>
        </extensions>
      </trkpt>
      <trkpt lat="24.527641721069812774658203125" lon="118.17094330675899982452392578125">
        <ele>12</ele>
        <time>2025-08-11T12:27:45.000Z</time>
        <extensions>
          <ns3:TrackPointExtension>
            <ns3:hr>157</ns3:hr>
            <ns3:cad>87</ns3:cad>
          </ns3:TrackPointExtension>
        </extensions>
      </trkpt>
      <trkpt lat="24.52765286900103092193603515625" lon="118.17092352546751499176025390625">
        <ele>12</ele>
        <time>2025-08-11T12:27:46.000Z</time>
        <extensions>
          <ns3:TrackPointExtension>
            <ns3:hr>157</ns3:hr>
            <ns3:cad>87</ns3:cad>
          </ns3:TrackPointExtension>
        </extensions>
      </trkpt>
      <trkpt lat="24.52766083180904388427734375" lon="118.1708991341292858123779296875">
        <ele>12</ele>
        <time>2025-08-11T12:27:47.000Z</time>
        <extensions>
          <ns3:TrackPointExtension>
            <ns3:hr>157</ns3:hr>
            <ns3:cad>88</ns3:cad>
          </ns3:TrackPointExtension>
        </extensions>
      </trkpt>
      <trkpt lat="24.52767415903508663177490234375" lon="118.170875497162342071533203125">
        <ele>12</ele>
        <time>2025-08-11T12:27:48.000Z</time>
        <extensions>
          <ns3:TrackPointExtension>
            <ns3:hr>157</ns3:hr>
            <ns3:cad>88</ns3:cad>
          </ns3:TrackPointExtension>
        </extensions>
      </trkpt>
      <trkpt lat="24.52767985872924327850341796875" lon="118.17085437476634979248046875">
        <ele>12</ele>
        <time>2025-08-11T12:27:49.000Z</time>
        <extensions>
          <ns3:TrackPointExtension>
            <ns3:hr>157</ns3:hr>
            <ns3:cad>88</ns3:cad>
          </ns3:TrackPointExtension>
        </extensions>
      </trkpt>
      <trkpt lat="24.5276978798210620880126953125" lon="118.17082730121910572052001953125">
        <ele>12.19999980926513671875</ele>
        <time>2025-08-11T12:27:50.000Z</time>
        <extensions>
          <ns3:TrackPointExtension>
            <ns3:hr>156</ns3:hr>
            <ns3:cad>87</ns3:cad>
          </ns3:TrackPointExtension>
        </extensions>
      </trkpt>
      <trkpt lat="24.52770106494426727294921875" lon="118.17081120796501636505126953125">
        <ele>12</ele>
        <time>2025-08-11T12:27:51.000Z</time>
        <extensions>
          <ns3:TrackPointExtension>
            <ns3:hr>157</ns3:hr>
            <ns3:cad>87</ns3:cad>
          </ns3:TrackPointExtension>
        </extensions>
      </trkpt>
      <trkpt lat="24.52771590091288089752197265625" lon="118.17078153602778911590576171875">
        <ele>12</ele>
        <time>2025-08-11T12:27:52.000Z</time>
        <extensions>
          <ns3:TrackPointExtension>
            <ns3:hr>157</ns3:hr>
            <ns3:cad>87</ns3:cad>
          </ns3:TrackPointExtension>
        </extensions>
      </trkpt>
      <trkpt lat="24.52771992422640323638916015625" lon="118.1707613356411457061767578125">
        <ele>12</ele>
        <time>2025-08-11T12:27:53.000Z</time>
        <extensions>
          <ns3:TrackPointExtension>
            <ns3:hr>157</ns3:hr>
            <ns3:cad>87</ns3:cad>
          </ns3:TrackPointExtension>
        </extensions>
      </trkpt>
      <trkpt lat="24.5277320779860019683837890625" lon="118.17073577083647251129150390625">
        <ele>12</ele>
        <time>2025-08-11T12:27:54.000Z</time>
        <extensions>
          <ns3:TrackPointExtension>
            <ns3:hr>156</ns3:hr>
            <ns3:cad>87</ns3:cad>
          </ns3:TrackPointExtension>
        </extensions>
      </trkpt>
      <trkpt lat="24.527739621698856353759765625" lon="118.17072101868689060211181640625">
        <ele>12</ele>
        <time>2025-08-11T12:27:55.000Z</time>
        <extensions>
          <ns3:TrackPointExtension>
            <ns3:hr>157</ns3:hr>
            <ns3:cad>87</ns3:cad>
          </ns3:TrackPointExtension>
        </extensions>
      </trkpt>
      <trkpt lat="24.527749679982662200927734375" lon="118.1706962920725345611572265625">
        <ele>12.19999980926513671875</ele>
        <time>2025-08-11T12:27:56.000Z</time>
        <extensions>
          <ns3:TrackPointExtension>
            <ns3:hr>157</ns3:hr>
            <ns3:cad>87</ns3:cad>
          </ns3:TrackPointExtension>
        </extensions>
      </trkpt>
      <trkpt lat="24.52775898389518260955810546875" lon="118.1706751696765422821044921875">
        <ele>12.19999980926513671875</ele>
        <time>2025-08-11T12:27:57.000Z</time>
        <extensions>
          <ns3:TrackPointExtension>
            <ns3:hr>156</ns3:hr>
            <ns3:cad>87</ns3:cad>
          </ns3:TrackPointExtension>
        </extensions>
      </trkpt>
      <trkpt lat="24.5277669467031955718994140625" lon="118.17065228708088397979736328125">
        <ele>12.19999980926513671875</ele>
        <time>2025-08-11T12:27:58.000Z</time>
        <extensions>
          <ns3:TrackPointExtension>
            <ns3:hr>156</ns3:hr>
            <ns3:cad>87</ns3:cad>
          </ns3:TrackPointExtension>
        </extensions>
      </trkpt>
      <trkpt lat="24.52777859754860401153564453125" lon="118.17062613554298877716064453125">
        <ele>12.19999980926513671875</ele>
        <time>2025-08-11T12:27:59.000Z</time>
        <extensions>
          <ns3:TrackPointExtension>
            <ns3:hr>156</ns3:hr>
            <ns3:cad>87</ns3:cad>
          </ns3:TrackPointExtension>
        </extensions>
      </trkpt>
      <trkpt lat="24.52778262086212635040283203125" lon="118.17060518078505992889404296875">
        <ele>12.19999980926513671875</ele>
        <time>2025-08-11T12:28:00.000Z</time>
        <extensions>
          <ns3:TrackPointExtension>
            <ns3:hr>156</ns3:hr>
            <ns3:cad>88</ns3:cad>
          </ns3:TrackPointExtension>
        </extensions>
      </trkpt>
      <trkpt lat="24.52779896557331085205078125" lon="118.17057467065751552581787109375">
        <ele>12.19999980926513671875</ele>
        <time>2025-08-11T12:28:01.000Z</time>
        <extensions>
          <ns3:TrackPointExtension>
            <ns3:hr>157</ns3:hr>
            <ns3:cad>88</ns3:cad>
          </ns3:TrackPointExtension>
        </extensions>
      </trkpt>
      <trkpt lat="24.527798630297183990478515625" lon="118.1705548055469989776611328125">
        <ele>12</ele>
        <time>2025-08-11T12:28:02.000Z</time>
        <extensions>
          <ns3:TrackPointExtension>
            <ns3:hr>156</ns3:hr>
            <ns3:cad>87</ns3:cad>
          </ns3:TrackPointExtension>
        </extensions>
      </trkpt>
      <trkpt lat="24.5278128795325756072998046875" lon="118.1705222837626934051513671875">
        <ele>12.19999980926513671875</ele>
        <time>2025-08-11T12:28:03.000Z</time>
        <extensions>
          <ns3:TrackPointExtension>
            <ns3:hr>156</ns3:hr>
            <ns3:cad>87</ns3:cad>
          </ns3:TrackPointExtension>
        </extensions>
      </trkpt>
      <trkpt lat="24.52782117761671543121337890625" lon="118.17050032317638397216796875">
        <ele>12.19999980926513671875</ele>
        <time>2025-08-11T12:28:04.000Z</time>
        <extensions>
          <ns3:TrackPointExtension>
            <ns3:hr>156</ns3:hr>
            <ns3:cad>87</ns3:cad>
          </ns3:TrackPointExtension>
        </extensions>
      </trkpt>
      <trkpt lat="24.527831487357616424560546875" lon="118.170471154153347015380859375">
        <ele>12.19999980926513671875</ele>
        <time>2025-08-11T12:28:05.000Z</time>
        <extensions>
          <ns3:TrackPointExtension>
            <ns3:hr>157</ns3:hr>
            <ns3:cad>86</ns3:cad>
          </ns3:TrackPointExtension>
        </extensions>
      </trkpt>
      <trkpt lat="24.52784179709851741790771484375" lon="118.17044734954833984375">
        <ele>12.19999980926513671875</ele>
        <time>2025-08-11T12:28:06.000Z</time>
        <extensions>
          <ns3:TrackPointExtension>
            <ns3:hr>156</ns3:hr>
            <ns3:cad>86</ns3:cad>
          </ns3:TrackPointExtension>
        </extensions>
      </trkpt>
      <trkpt lat="24.52784816734492778778076171875" lon="118.17042245529592037200927734375">
        <ele>12.19999980926513671875</ele>
        <time>2025-08-11T12:28:07.000Z</time>
        <extensions>
          <ns3:TrackPointExtension>
            <ns3:hr>156</ns3:hr>
            <ns3:cad>86</ns3:cad>
          </ns3:TrackPointExtension>
        </extensions>
      </trkpt>
      <trkpt lat="24.52786241658031940460205078125" lon="118.1703962199389934539794921875">
        <ele>12.19999980926513671875</ele>
        <time>2025-08-11T12:28:08.000Z</time>
        <extensions>
          <ns3:TrackPointExtension>
            <ns3:hr>157</ns3:hr>
            <ns3:cad>87</ns3:cad>
          </ns3:TrackPointExtension>
        </extensions>
      </trkpt>
      <trkpt lat="24.52786694280803203582763671875" lon="118.17037451080977916717529296875">
        <ele>12</ele>
        <time>2025-08-11T12:28:09.000Z</time>
        <extensions>
          <ns3:TrackPointExtension>
            <ns3:hr>156</ns3:hr>
            <ns3:cad>87</ns3:cad>
          </ns3:TrackPointExtension>
        </extensions>
      </trkpt>
      <trkpt lat="24.52788135968148708343505859375" lon="118.1703452579677104949951171875">
        <ele>12</ele>
        <time>2025-08-11T12:28:10.000Z</time>
        <extensions>
          <ns3:TrackPointExtension>
            <ns3:hr>156</ns3:hr>
            <ns3:cad>87</ns3:cad>
          </ns3:TrackPointExtension>
        </extensions>
      </trkpt>
      <trkpt lat="24.52788555063307285308837890625" lon="118.17032572813332080841064453125">
        <ele>12</ele>
        <time>2025-08-11T12:28:11.000Z</time>
        <extensions>
          <ns3:TrackPointExtension>
            <ns3:hr>157</ns3:hr>
            <ns3:cad>87</ns3:cad>
          </ns3:TrackPointExtension>
        </extensions>
      </trkpt>
      <trkpt lat="24.52790063805878162384033203125" lon="118.17029253579676151275634765625">
        <ele>12</ele>
        <time>2025-08-11T12:28:12.000Z</time>
        <extensions>
          <ns3:TrackPointExtension>
            <ns3:hr>156</ns3:hr>
            <ns3:cad>87</ns3:cad>
          </ns3:TrackPointExtension>
        </extensions>
      </trkpt>
      <trkpt lat="24.52790382318198680877685546875" lon="118.17027526907622814178466796875">
        <ele>12</ele>
        <time>2025-08-11T12:28:13.000Z</time>
        <extensions>
          <ns3:TrackPointExtension>
            <ns3:hr>156</ns3:hr>
            <ns3:cad>87</ns3:cad>
          </ns3:TrackPointExtension>
        </extensions>
      </trkpt>
      <trkpt lat="24.52791907824575901031494140625" lon="118.17024417221546173095703125">
        <ele>12</ele>
        <time>2025-08-11T12:28:14.000Z</time>
        <extensions>
          <ns3:TrackPointExtension>
            <ns3:hr>156</ns3:hr>
            <ns3:cad>87</ns3:cad>
          </ns3:TrackPointExtension>
        </extensions>
      </trkpt>
      <trkpt lat="24.527927376329898834228515625" lon="118.170225732028484344482421875">
        <ele>12</ele>
        <time>2025-08-11T12:28:15.000Z</time>
        <extensions>
          <ns3:TrackPointExtension>
            <ns3:hr>156</ns3:hr>
            <ns3:cad>88</ns3:cad>
          </ns3:TrackPointExtension>
        </extensions>
      </trkpt>
      <trkpt lat="24.52793978154659271240234375" lon="118.17019882611930370330810546875">
        <ele>12</ele>
        <time>2025-08-11T12:28:16.000Z</time>
        <extensions>
          <ns3:TrackPointExtension>
            <ns3:hr>157</ns3:hr>
            <ns3:cad>88</ns3:cad>
          </ns3:TrackPointExtension>
        </extensions>
      </trkpt>
      <trkpt lat="24.5279496721923351287841796875" lon="118.1701769493520259857177734375">
        <ele>11.80000019073486328125</ele>
        <time>2025-08-11T12:28:17.000Z</time>
        <extensions>
          <ns3:TrackPointExtension>
            <ns3:hr>156</ns3:hr>
            <ns3:cad>87</ns3:cad>
          </ns3:TrackPointExtension>
        </extensions>
      </trkpt>
      <trkpt lat="24.5279567129909992218017578125" lon="118.1701548211276531219482421875">
        <ele>11.80000019073486328125</ele>
        <time>2025-08-11T12:28:18.000Z</time>
        <extensions>
          <ns3:TrackPointExtension>
            <ns3:hr>156</ns3:hr>
            <ns3:cad>87</ns3:cad>
          </ns3:TrackPointExtension>
        </extensions>
      </trkpt>
      <trkpt lat="24.5279681123793125152587890625" lon="118.17012858577072620391845703125">
        <ele>11.80000019073486328125</ele>
        <time>2025-08-11T12:28:19.000Z</time>
        <extensions>
          <ns3:TrackPointExtension>
            <ns3:hr>156</ns3:hr>
            <ns3:cad>87</ns3:cad>
          </ns3:TrackPointExtension>
        </extensions>
      </trkpt>
      <trkpt lat="24.5279734767973423004150390625" lon="118.1701041944324970245361328125">
        <ele>11.80000019073486328125</ele>
        <time>2025-08-11T12:28:20.000Z</time>
        <extensions>
          <ns3:TrackPointExtension>
            <ns3:hr>157</ns3:hr>
            <ns3:cad>88</ns3:cad>
          </ns3:TrackPointExtension>
        </extensions>
      </trkpt>
      <trkpt lat="24.5279865525662899017333984375" lon="118.17007829435169696807861328125">
        <ele>11.6000003814697265625</ele>
        <time>2025-08-11T12:28:21.000Z</time>
        <extensions>
          <ns3:TrackPointExtension>
            <ns3:hr>156</ns3:hr>
            <ns3:cad>88</ns3:cad>
          </ns3:TrackPointExtension>
        </extensions>
      </trkpt>
      <trkpt lat="24.52798931859433650970458984375" lon="118.17005951888859272003173828125">
        <ele>11.6000003814697265625</ele>
        <time>2025-08-11T12:28:22.000Z</time>
        <extensions>
          <ns3:TrackPointExtension>
            <ns3:hr>156</ns3:hr>
            <ns3:cad>88</ns3:cad>
          </ns3:TrackPointExtension>
        </extensions>
      </trkpt>
      <trkpt lat="24.52800641767680644989013671875" lon="118.170026578009128570556640625">
        <ele>11.6000003814697265625</ele>
        <time>2025-08-11T12:28:23.000Z</time>
        <extensions>
          <ns3:TrackPointExtension>
            <ns3:hr>156</ns3:hr>
            <ns3:cad>88</ns3:cad>
          </ns3:TrackPointExtension>
        </extensions>
      </trkpt>
      <trkpt lat="24.5280083455145359039306640625" lon="118.170011155307292938232421875">
        <ele>11.6000003814697265625</ele>
        <time>2025-08-11T12:28:24.000Z</time>
        <extensions>
          <ns3:TrackPointExtension>
            <ns3:hr>156</ns3:hr>
            <ns3:cad>88</ns3:cad>
          </ns3:TrackPointExtension>
        </extensions>
      </trkpt>
      <trkpt lat="24.5280257798731327056884765625" lon="118.16998223774135112762451171875">
        <ele>11.3999996185302734375</ele>
        <time>2025-08-11T12:28:25.000Z</time>
        <extensions>
          <ns3:TrackPointExtension>
            <ns3:hr>157</ns3:hr>
            <ns3:cad>88</ns3:cad>
          </ns3:TrackPointExtension>
        </extensions>
      </trkpt>
      <trkpt lat="24.528033994138240814208984375" lon="118.1699667312204837799072265625">
        <ele>11.3999996185302734375</ele>
        <time>2025-08-11T12:28:26.000Z</time>
        <extensions>
          <ns3:TrackPointExtension>
            <ns3:hr>156</ns3:hr>
            <ns3:cad>88</ns3:cad>
          </ns3:TrackPointExtension>
        </extensions>
      </trkpt>
      <trkpt lat="24.52804715372622013092041015625" lon="118.1699395738542079925537109375">
        <ele>11.19999980926513671875</ele>
        <time>2025-08-11T12:28:27.000Z</time>
        <extensions>
          <ns3:TrackPointExtension>
            <ns3:hr>156</ns3:hr>
            <ns3:cad>87</ns3:cad>
          </ns3:TrackPointExtension>
        </extensions>
      </trkpt>
      <trkpt lat="24.5280583016574382781982421875" lon="118.16991803236305713653564453125">
        <ele>11.19999980926513671875</ele>
        <time>2025-08-11T12:28:28.000Z</time>
        <extensions>
          <ns3:TrackPointExtension>
            <ns3:hr>156</ns3:hr>
            <ns3:cad>88</ns3:cad>
          </ns3:TrackPointExtension>
        </extensions>
      </trkpt>
      <trkpt lat="24.52806693501770496368408203125" lon="118.16989523358643054962158203125">
        <ele>11.19999980926513671875</ele>
        <time>2025-08-11T12:28:29.000Z</time>
        <extensions>
          <ns3:TrackPointExtension>
            <ns3:hr>156</ns3:hr>
            <ns3:cad>88</ns3:cad>
          </ns3:TrackPointExtension>
        </extensions>
      </trkpt>
      <trkpt lat="24.528079926967620849609375" lon="118.1698668189346790313720703125">
        <ele>11.19999980926513671875</ele>
        <time>2025-08-11T12:28:30.000Z</time>
        <extensions>
          <ns3:TrackPointExtension>
            <ns3:hr>156</ns3:hr>
            <ns3:cad>88</ns3:cad>
          </ns3:TrackPointExtension>
        </extensions>
      </trkpt>
      <trkpt lat="24.5280834473669528961181640625" lon="118.169844858348369598388671875">
        <ele>11.19999980926513671875</ele>
        <time>2025-08-11T12:28:31.000Z</time>
        <extensions>
          <ns3:TrackPointExtension>
            <ns3:hr>156</ns3:hr>
            <ns3:cad>87</ns3:cad>
          </ns3:TrackPointExtension>
        </extensions>
      </trkpt>
      <trkpt lat="24.5280995406210422515869140625" lon="118.169810660183429718017578125">
        <ele>11.19999980926513671875</ele>
        <time>2025-08-11T12:28:32.000Z</time>
        <extensions>
          <ns3:TrackPointExtension>
            <ns3:hr>157</ns3:hr>
            <ns3:cad>87</ns3:cad>
          </ns3:TrackPointExtension>
        </extensions>
      </trkpt>
      <trkpt lat="24.52809995971620082855224609375" lon="118.1697933934628963470458984375">
        <ele>11.19999980926513671875</ele>
        <time>2025-08-11T12:28:33.000Z</time>
        <extensions>
          <ns3:TrackPointExtension>
            <ns3:hr>156</ns3:hr>
            <ns3:cad>87</ns3:cad>
          </ns3:TrackPointExtension>
        </extensions>
      </trkpt>
      <trkpt lat="24.52811278402805328369140625" lon="118.1697615422308444976806640625">
        <ele>11</ele>
        <time>2025-08-11T12:28:34.000Z</time>
        <extensions>
          <ns3:TrackPointExtension>
            <ns3:hr>156</ns3:hr>
            <ns3:cad>86</ns3:cad>
          </ns3:TrackPointExtension>
        </extensions>
      </trkpt>
      <trkpt lat="24.52811923809349536895751953125" lon="118.16974083893001079559326171875">
        <ele>11</ele>
        <time>2025-08-11T12:28:35.000Z</time>
        <extensions>
          <ns3:TrackPointExtension>
            <ns3:hr>156</ns3:hr>
            <ns3:cad>86</ns3:cad>
          </ns3:TrackPointExtension>
        </extensions>
      </trkpt>
      <trkpt lat="24.52812594361603260040283203125" lon="118.169717453420162200927734375">
        <ele>10.80000019073486328125</ele>
        <time>2025-08-11T12:28:36.000Z</time>
        <extensions>
          <ns3:TrackPointExtension>
            <ns3:hr>156</ns3:hr>
            <ns3:cad>86</ns3:cad>
          </ns3:TrackPointExtension>
        </extensions>
      </trkpt>
      <trkpt lat="24.528132565319538116455078125" lon="118.16969322971999645233154296875">
        <ele>10.80000019073486328125</ele>
        <time>2025-08-11T12:28:37.000Z</time>
        <extensions>
          <ns3:TrackPointExtension>
            <ns3:hr>156</ns3:hr>
            <ns3:cad>86</ns3:cad>
          </ns3:TrackPointExtension>
        </extensions>
      </trkpt>
      <trkpt lat="24.52813633717596530914306640625" lon="118.16966950893402099609375">
        <ele>10.80000019073486328125</ele>
        <time>2025-08-11T12:28:38.000Z</time>
        <extensions>
          <ns3:TrackPointExtension>
            <ns3:hr>156</ns3:hr>
            <ns3:cad>86</ns3:cad>
          </ns3:TrackPointExtension>
        </extensions>
      </trkpt>
      <trkpt lat="24.52814497053623199462890625" lon="118.16964126192033290863037109375">
        <ele>10.6000003814697265625</ele>
        <time>2025-08-11T12:28:39.000Z</time>
        <extensions>
          <ns3:TrackPointExtension>
            <ns3:hr>156</ns3:hr>
            <ns3:cad>86</ns3:cad>
          </ns3:TrackPointExtension>
        </extensions>
      </trkpt>
      <trkpt lat="24.52814874239265918731689453125" lon="118.16961779259145259857177734375">
        <ele>10.6000003814697265625</ele>
        <time>2025-08-11T12:28:40.000Z</time>
        <extensions>
          <ns3:TrackPointExtension>
            <ns3:hr>156</ns3:hr>
            <ns3:cad>87</ns3:cad>
          </ns3:TrackPointExtension>
        </extensions>
      </trkpt>
      <trkpt lat="24.52816265635192394256591796875" lon="118.16958728246390819549560546875">
        <ele>10.3999996185302734375</ele>
        <time>2025-08-11T12:28:41.000Z</time>
        <extensions>
          <ns3:TrackPointExtension>
            <ns3:hr>156</ns3:hr>
            <ns3:cad>88</ns3:cad>
          </ns3:TrackPointExtension>
        </extensions>
      </trkpt>
      <trkpt lat="24.528166092932224273681640625" lon="118.1695694290101528167724609375">
        <ele>10.3999996185302734375</ele>
        <time>2025-08-11T12:28:42.000Z</time>
        <extensions>
          <ns3:TrackPointExtension>
            <ns3:hr>156</ns3:hr>
            <ns3:cad>88</ns3:cad>
          </ns3:TrackPointExtension>
        </extensions>
      </trkpt>
      <trkpt lat="24.52818327583372592926025390625" lon="118.169541098177433013916015625">
        <ele>10.3999996185302734375</ele>
        <time>2025-08-11T12:28:43.000Z</time>
        <extensions>
          <ns3:TrackPointExtension>
            <ns3:hr>156</ns3:hr>
            <ns3:cad>88</ns3:cad>
          </ns3:TrackPointExtension>
        </extensions>
      </trkpt>
      <trkpt lat="24.52819526195526123046875" lon="118.169518299400806427001953125">
        <ele>10.3999996185302734375</ele>
        <time>2025-08-11T12:28:44.000Z</time>
        <extensions>
          <ns3:TrackPointExtension>
            <ns3:hr>156</ns3:hr>
            <ns3:cad>87</ns3:cad>
          </ns3:TrackPointExtension>
        </extensions>
      </trkpt>
      <trkpt lat="24.52820925973355770111083984375" lon="118.16949122585356235504150390625">
        <ele>10.3999996185302734375</ele>
        <time>2025-08-11T12:28:45.000Z</time>
        <extensions>
          <ns3:TrackPointExtension>
            <ns3:hr>156</ns3:hr>
            <ns3:cad>87</ns3:cad>
          </ns3:TrackPointExtension>
        </extensions>
      </trkpt>
      <trkpt lat="24.52822065912187099456787109375" lon="118.1694638170301914215087890625">
        <ele>10.3999996185302734375</ele>
        <time>2025-08-11T12:28:46.000Z</time>
        <extensions>
          <ns3:TrackPointExtension>
            <ns3:hr>156</ns3:hr>
            <ns3:cad>87</ns3:cad>
          </ns3:TrackPointExtension>
        </extensions>
      </trkpt>
      <trkpt lat="24.5282252691686153411865234375" lon="118.1694447062909603118896484375">
        <ele>10.19999980926513671875</ele>
        <time>2025-08-11T12:28:47.000Z</time>
        <extensions>
          <ns3:TrackPointExtension>
            <ns3:hr>156</ns3:hr>
            <ns3:cad>87</ns3:cad>
          </ns3:TrackPointExtension>
        </extensions>
      </trkpt>
      <trkpt lat="24.5282349921762943267822265625" lon="118.169414699077606201171875">
        <ele>10.19999980926513671875</ele>
        <time>2025-08-11T12:28:48.000Z</time>
        <extensions>
          <ns3:TrackPointExtension>
            <ns3:hr>156</ns3:hr>
            <ns3:cad>87</ns3:cad>
          </ns3:TrackPointExtension>
        </extensions>
      </trkpt>
      <trkpt lat="24.5282443799078464508056640625" lon="118.16939567215740680694580078125">
        <ele>10.19999980926513671875</ele>
        <time>2025-08-11T12:28:49.000Z</time>
        <extensions>
          <ns3:TrackPointExtension>
            <ns3:hr>156</ns3:hr>
            <ns3:cad>87</ns3:cad>
          </ns3:TrackPointExtension>
        </extensions>
      </trkpt>
      <trkpt lat="24.5282636582851409912109375" lon="118.169372119009494781494140625">
        <ele>10</ele>
        <time>2025-08-11T12:28:50.000Z</time>
        <extensions>
          <ns3:TrackPointExtension>
            <ns3:hr>156</ns3:hr>
            <ns3:cad>87</ns3:cad>
          </ns3:TrackPointExtension>
        </extensions>
      </trkpt>
      <trkpt lat="24.52827480621635913848876953125" lon="118.169349990785121917724609375">
        <ele>9.80000019073486328125</ele>
        <time>2025-08-11T12:28:51.000Z</time>
        <extensions>
          <ns3:TrackPointExtension>
            <ns3:hr>156</ns3:hr>
            <ns3:cad>87</ns3:cad>
          </ns3:TrackPointExtension>
        </extensions>
      </trkpt>
      <trkpt lat="24.52828637324273586273193359375" lon="118.1693276949226856231689453125">
        <ele>9.80000019073486328125</ele>
        <time>2025-08-11T12:28:52.000Z</time>
        <extensions>
          <ns3:TrackPointExtension>
            <ns3:hr>156</ns3:hr>
            <ns3:cad>87</ns3:cad>
          </ns3:TrackPointExtension>
        </extensions>
      </trkpt>
      <trkpt lat="24.5282795839011669158935546875" lon="118.1693038903176784515380859375">
        <ele>9.6000003814697265625</ele>
        <time>2025-08-11T12:28:53.000Z</time>
        <extensions>
          <ns3:TrackPointExtension>
            <ns3:hr>156</ns3:hr>
            <ns3:cad>87</ns3:cad>
          </ns3:TrackPointExtension>
        </extensions>
      </trkpt>
      <trkpt lat="24.52826432883739471435546875" lon="118.169292993843555450439453125">
        <ele>9.6000003814697265625</ele>
        <time>2025-08-11T12:28:54.000Z</time>
        <extensions>
          <ns3:TrackPointExtension>
            <ns3:hr>156</ns3:hr>
            <ns3:cad>86</ns3:cad>
          </ns3:TrackPointExtension>
        </extensions>
      </trkpt>
      <trkpt lat="24.52823993749916553497314453125" lon="118.16928670741617679595947265625">
        <ele>9.6000003814697265625</ele>
        <time>2025-08-11T12:28:55.000Z</time>
        <extensions>
          <ns3:TrackPointExtension>
            <ns3:hr>156</ns3:hr>
            <ns3:cad>85</ns3:cad>
          </ns3:TrackPointExtension>
        </extensions>
      </trkpt>
      <trkpt lat="24.528216384351253509521484375" lon="118.1692934967577457427978515625">
        <ele>9.6000003814697265625</ele>
        <time>2025-08-11T12:28:56.000Z</time>
        <extensions>
          <ns3:TrackPointExtension>
            <ns3:hr>156</ns3:hr>
            <ns3:cad>84</ns3:cad>
          </ns3:TrackPointExtension>
        </extensions>
      </trkpt>
      <trkpt lat="24.5281833596527576446533203125" lon="118.1692961789667606353759765625">
        <ele>9.80000019073486328125</ele>
        <time>2025-08-11T12:28:57.000Z</time>
        <extensions>
          <ns3:TrackPointExtension>
            <ns3:hr>155</ns3:hr>
            <ns3:cad>84</ns3:cad>
          </ns3:TrackPointExtension>
        </extensions>
      </trkpt>
      <trkpt lat="24.52816768549382686614990234375" lon="118.1693042255938053131103515625">
        <ele>9.80000019073486328125</ele>
        <time>2025-08-11T12:28:58.000Z</time>
        <extensions>
          <ns3:TrackPointExtension>
            <ns3:hr>155</ns3:hr>
            <ns3:cad>85</ns3:cad>
          </ns3:TrackPointExtension>
        </extensions>
      </trkpt>
      <trkpt lat="24.52813650481402873992919921875" lon="118.16930347122251987457275390625">
        <ele>9.80000019073486328125</ele>
        <time>2025-08-11T12:28:59.000Z</time>
        <extensions>
          <ns3:TrackPointExtension>
            <ns3:hr>155</ns3:hr>
            <ns3:cad>85</ns3:cad>
          </ns3:TrackPointExtension>
        </extensions>
      </trkpt>
      <trkpt lat="24.52812083065509796142578125" lon="118.169309757649898529052734375">
        <ele>9.6000003814697265625</ele>
        <time>2025-08-11T12:29:00.000Z</time>
        <extensions>
          <ns3:TrackPointExtension>
            <ns3:hr>155</ns3:hr>
            <ns3:cad>87</ns3:cad>
          </ns3:TrackPointExtension>
        </extensions>
      </trkpt>
      <trkpt lat="24.52809476293623447418212890625" lon="118.16931386478245258331298828125">
        <ele>9.6000003814697265625</ele>
        <time>2025-08-11T12:29:01.000Z</time>
        <extensions>
          <ns3:TrackPointExtension>
            <ns3:hr>155</ns3:hr>
            <ns3:cad>87</ns3:cad>
          </ns3:TrackPointExtension>
        </extensions>
      </trkpt>
      <trkpt lat="24.52808101661503314971923828125" lon="118.1693233363330364227294921875">
        <ele>9.6000003814697265625</ele>
        <time>2025-08-11T12:29:02.000Z</time>
        <extensions>
          <ns3:TrackPointExtension>
            <ns3:hr>155</ns3:hr>
            <ns3:cad>87</ns3:cad>
          </ns3:TrackPointExtension>
        </extensions>
      </trkpt>
      <trkpt lat="24.52806316316127777099609375" lon="118.1693307124078273773193359375">
        <ele>9.6000003814697265625</ele>
        <time>2025-08-11T12:29:03.000Z</time>
        <extensions>
          <ns3:TrackPointExtension>
            <ns3:hr>155</ns3:hr>
            <ns3:cad>87</ns3:cad>
          </ns3:TrackPointExtension>
        </extensions>
      </trkpt>
      <trkpt lat="24.52803843654692173004150390625" lon="118.1693360768258571624755859375">
        <ele>9.3999996185302734375</ele>
        <time>2025-08-11T12:29:04.000Z</time>
        <extensions>
          <ns3:TrackPointExtension>
            <ns3:hr>154</ns3:hr>
            <ns3:cad>87</ns3:cad>
          </ns3:TrackPointExtension>
        </extensions>
      </trkpt>
      <trkpt lat="24.52802116982638835906982421875" lon="118.16934571601450443267822265625">
        <ele>9.6000003814697265625</ele>
        <time>2025-08-11T12:29:05.000Z</time>
        <extensions>
          <ns3:TrackPointExtension>
            <ns3:hr>155</ns3:hr>
            <ns3:cad>87</ns3:cad>
          </ns3:TrackPointExtension>
        </extensions>
      </trkpt>
      <trkpt lat="24.527994096279144287109375" lon="118.16935158334672451019287109375">
        <ele>9.6000003814697265625</ele>
        <time>2025-08-11T12:29:06.000Z</time>
        <extensions>
          <ns3:TrackPointExtension>
            <ns3:hr>155</ns3:hr>
            <ns3:cad>87</ns3:cad>
          </ns3:TrackPointExtension>
        </extensions>
      </trkpt>
      <trkpt lat="24.52798076905310153961181640625" lon="118.1693588756024837493896484375">
        <ele>9.3999996185302734375</ele>
        <time>2025-08-11T12:29:07.000Z</time>
        <extensions>
          <ns3:TrackPointExtension>
            <ns3:hr>155</ns3:hr>
            <ns3:cad>87</ns3:cad>
          </ns3:TrackPointExtension>
        </extensions>
      </trkpt>
      <trkpt lat="24.5279578864574432373046875" lon="118.1693645752966403961181640625">
        <ele>9.6000003814697265625</ele>
        <time>2025-08-11T12:29:08.000Z</time>
        <extensions>
          <ns3:TrackPointExtension>
            <ns3:hr>155</ns3:hr>
            <ns3:cad>87</ns3:cad>
          </ns3:TrackPointExtension>
        </extensions>
      </trkpt>
      <trkpt lat="24.52793181873857975006103515625" lon="118.1693682633340358734130859375">
        <ele>9.6000003814697265625</ele>
        <time>2025-08-11T12:29:09.000Z</time>
        <extensions>
          <ns3:TrackPointExtension>
            <ns3:hr>155</ns3:hr>
            <ns3:cad>87</ns3:cad>
          </ns3:TrackPointExtension>
        </extensions>
      </trkpt>
      <trkpt lat="24.527905918657779693603515625" lon="118.1693709455430507659912109375">
        <ele>9.6000003814697265625</ele>
        <time>2025-08-11T12:29:10.000Z</time>
        <extensions>
          <ns3:TrackPointExtension>
            <ns3:hr>155</ns3:hr>
            <ns3:cad>87</ns3:cad>
          </ns3:TrackPointExtension>
        </extensions>
      </trkpt>
      <trkpt lat="24.52787876129150390625" lon="118.1693719513714313507080078125">
        <ele>9.6000003814697265625</ele>
        <time>2025-08-11T12:29:11.000Z</time>
        <extensions>
          <ns3:TrackPointExtension>
            <ns3:hr>154</ns3:hr>
            <ns3:cad>87</ns3:cad>
          </ns3:TrackPointExtension>
        </extensions>
      </trkpt>
      <trkpt lat="24.5278564654290676116943359375" lon="118.16937019117176532745361328125">
        <ele>9.3999996185302734375</ele>
        <time>2025-08-11T12:29:12.000Z</time>
        <extensions>
          <ns3:TrackPointExtension>
            <ns3:hr>155</ns3:hr>
            <ns3:cad>87</ns3:cad>
          </ns3:TrackPointExtension>
        </extensions>
      </trkpt>
      <trkpt lat="24.5278345048427581787109375" lon="118.16936574876308441162109375">
        <ele>9.3999996185302734375</ele>
        <time>2025-08-11T12:29:13.000Z</time>
        <extensions>
          <ns3:TrackPointExtension>
            <ns3:hr>155</ns3:hr>
            <ns3:cad>87</ns3:cad>
          </ns3:TrackPointExtension>
        </extensions>
      </trkpt>
      <trkpt lat="24.5278232730925083160400390625" lon="118.16935837268829345703125">
        <ele>9.3999996185302734375</ele>
        <time>2025-08-11T12:29:14.000Z</time>
        <extensions>
          <ns3:TrackPointExtension>
            <ns3:hr>155</ns3:hr>
            <ns3:cad>87</ns3:cad>
          </ns3:TrackPointExtension>
        </extensions>
      </trkpt>
      <trkpt lat="24.52780458144843578338623046875" lon="118.16935175098478794097900390625">
        <ele>9.3999996185302734375</ele>
        <time>2025-08-11T12:29:15.000Z</time>
        <extensions>
          <ns3:TrackPointExtension>
            <ns3:hr>155</ns3:hr>
            <ns3:cad>87</ns3:cad>
          </ns3:TrackPointExtension>
        </extensions>
      </trkpt>
      <trkpt lat="24.527785889804363250732421875" lon="118.169340603053569793701171875">
        <ele>9.6000003814697265625</ele>
        <time>2025-08-11T12:29:16.000Z</time>
        <extensions>
          <ns3:TrackPointExtension>
            <ns3:hr>155</ns3:hr>
            <ns3:cad>86</ns3:cad>
          </ns3:TrackPointExtension>
        </extensions>
      </trkpt>
      <trkpt lat="24.52776887454092502593994140625" lon="118.16933331079781055450439453125">
        <ele>9.6000003814697265625</ele>
        <time>2025-08-11T12:29:17.000Z</time>
        <extensions>
          <ns3:TrackPointExtension>
            <ns3:hr>154</ns3:hr>
            <ns3:cad>86</ns3:cad>
          </ns3:TrackPointExtension>
        </extensions>
      </trkpt>
      <trkpt lat="24.52775311656296253204345703125" lon="118.16932073794305324554443359375">
        <ele>9.6000003814697265625</ele>
        <time>2025-08-11T12:29:18.000Z</time>
        <extensions>
          <ns3:TrackPointExtension>
            <ns3:hr>155</ns3:hr>
            <ns3:cad>86</ns3:cad>
          </ns3:TrackPointExtension>
        </extensions>
      </trkpt>
      <trkpt lat="24.52773995697498321533203125" lon="118.1693075783550739288330078125">
        <ele>9.3999996185302734375</ele>
        <time>2025-08-11T12:29:19.000Z</time>
        <extensions>
          <ns3:TrackPointExtension>
            <ns3:hr>155</ns3:hr>
            <ns3:cad>87</ns3:cad>
          </ns3:TrackPointExtension>
        </extensions>
      </trkpt>
      <trkpt lat="24.52773920260369777679443359375" lon="118.16929676569998264312744140625">
        <ele>9.3999996185302734375</ele>
        <time>2025-08-11T12:29:20.000Z</time>
        <extensions>
          <ns3:TrackPointExtension>
            <ns3:hr>155</ns3:hr>
            <ns3:cad>87</ns3:cad>
          </ns3:TrackPointExtension>
        </extensions>
      </trkpt>
      <trkpt lat="24.52771757729351520538330078125" lon="118.16930405795574188232421875">
        <ele>9.3999996185302734375</ele>
        <time>2025-08-11T12:29:21.000Z</time>
        <extensions>
          <ns3:TrackPointExtension>
            <ns3:hr>154</ns3:hr>
            <ns3:cad>87</ns3:cad>
          </ns3:TrackPointExtension>
        </extensions>
      </trkpt>
      <trkpt lat="24.5276911742985248565673828125" lon="118.1692980229854583740234375">
        <ele>9.3999996185302734375</ele>
        <time>2025-08-11T12:29:22.000Z</time>
        <extensions>
          <ns3:TrackPointExtension>
            <ns3:hr>155</ns3:hr>
            <ns3:cad>87</ns3:cad>
          </ns3:TrackPointExtension>
        </extensions>
      </trkpt>
      <trkpt lat="24.5276697166264057159423828125" lon="118.1692988611757755279541015625">
        <ele>9.3999996185302734375</ele>
        <time>2025-08-11T12:29:23.000Z</time>
        <extensions>
          <ns3:TrackPointExtension>
            <ns3:hr>155</ns3:hr>
            <ns3:cad>87</ns3:cad>
          </ns3:TrackPointExtension>
        </extensions>
      </trkpt>
      <trkpt lat="24.52763744629919528961181640625" lon="118.1693007051944732666015625">
        <ele>9.6000003814697265625</ele>
        <time>2025-08-11T12:29:24.000Z</time>
        <extensions>
          <ns3:TrackPointExtension>
            <ns3:hr>154</ns3:hr>
            <ns3:cad>86</ns3:cad>
          </ns3:TrackPointExtension>
        </extensions>
      </trkpt>
      <trkpt lat="24.52760442160069942474365234375" lon="118.16930414177477359771728515625">
        <ele>9.6000003814697265625</ele>
        <time>2025-08-11T12:29:25.000Z</time>
        <extensions>
          <ns3:TrackPointExtension>
            <ns3:hr>154</ns3:hr>
            <ns3:cad>86</ns3:cad>
          </ns3:TrackPointExtension>
        </extensions>
      </trkpt>
      <trkpt lat="24.52757139690220355987548828125" lon="118.169309087097644805908203125">
        <ele>9.6000003814697265625</ele>
        <time>2025-08-11T12:29:26.000Z</time>
        <extensions>
          <ns3:TrackPointExtension>
            <ns3:hr>154</ns3:hr>
            <ns3:cad>86</ns3:cad>
          </ns3:TrackPointExtension>
        </extensions>
      </trkpt>
      <trkpt lat="24.5275439880788326263427734375" lon="118.1693109311163425445556640625">
        <ele>9.6000003814697265625</ele>
        <time>2025-08-11T12:29:27.000Z</time>
        <extensions>
          <ns3:TrackPointExtension>
            <ns3:hr>154</ns3:hr>
            <ns3:cad>86</ns3:cad>
          </ns3:TrackPointExtension>
        </extensions>
      </trkpt>
      <trkpt lat="24.52752269804477691650390625" lon="118.16932207904756069183349609375">
        <ele>9.80000019073486328125</ele>
        <time>2025-08-11T12:29:28.000Z</time>
        <extensions>
          <ns3:TrackPointExtension>
            <ns3:hr>155</ns3:hr>
            <ns3:cad>86</ns3:cad>
          </ns3:TrackPointExtension>
        </extensions>
      </trkpt>
      <trkpt lat="24.52749830670654773712158203125" lon="118.16932543180882930755615234375">
        <ele>9.6000003814697265625</ele>
        <time>2025-08-11T12:29:29.000Z</time>
        <extensions>
          <ns3:TrackPointExtension>
            <ns3:hr>154</ns3:hr>
            <ns3:cad>86</ns3:cad>
          </ns3:TrackPointExtension>
        </extensions>
      </trkpt>
      <trkpt lat="24.52748523093760013580322265625" lon="118.16932995803654193878173828125">
        <ele>9.6000003814697265625</ele>
        <time>2025-08-11T12:29:30.000Z</time>
        <extensions>
          <ns3:TrackPointExtension>
            <ns3:hr>154</ns3:hr>
            <ns3:cad>86</ns3:cad>
          </ns3:TrackPointExtension>
        </extensions>
      </trkpt>
      <trkpt lat="24.52745991759002208709716796875" lon="118.169332556426525115966796875">
        <ele>9.6000003814697265625</ele>
        <time>2025-08-11T12:29:31.000Z</time>
        <extensions>
          <ns3:TrackPointExtension>
            <ns3:hr>155</ns3:hr>
            <ns3:cad>86</ns3:cad>
          </ns3:TrackPointExtension>
        </extensions>
      </trkpt>
      <trkpt lat="24.52744424343109130859375" lon="118.169339932501316070556640625">
        <ele>9.6000003814697265625</ele>
        <time>2025-08-11T12:29:32.000Z</time>
        <extensions>
          <ns3:TrackPointExtension>
            <ns3:hr>154</ns3:hr>
            <ns3:cad>86</ns3:cad>
          </ns3:TrackPointExtension>
        </extensions>
      </trkpt>
      <trkpt lat="24.52741247601807117462158203125" lon="118.16934621892869472503662109375">
        <ele>9.6000003814697265625</ele>
        <time>2025-08-11T12:29:33.000Z</time>
        <extensions>
          <ns3:TrackPointExtension>
            <ns3:hr>154</ns3:hr>
            <ns3:cad>87</ns3:cad>
          </ns3:TrackPointExtension>
        </extensions>
      </trkpt>
      <trkpt lat="24.5273924432694911956787109375" lon="118.1693535111844539642333984375">
        <ele>9.6000003814697265625</ele>
        <time>2025-08-11T12:29:34.000Z</time>
        <extensions>
          <ns3:TrackPointExtension>
            <ns3:hr>155</ns3:hr>
            <ns3:cad>87</ns3:cad>
          </ns3:TrackPointExtension>
        </extensions>
      </trkpt>
      <trkpt lat="24.5273636095225811004638671875" lon="118.16936038434505462646484375">
        <ele>9.6000003814697265625</ele>
        <time>2025-08-11T12:29:35.000Z</time>
        <extensions>
          <ns3:TrackPointExtension>
            <ns3:hr>154</ns3:hr>
            <ns3:cad>88</ns3:cad>
          </ns3:TrackPointExtension>
        </extensions>
      </trkpt>
      <trkpt lat="24.52734299004077911376953125" lon="118.1693642400205135345458984375">
        <ele>9.6000003814697265625</ele>
        <time>2025-08-11T12:29:36.000Z</time>
        <extensions>
          <ns3:TrackPointExtension>
            <ns3:hr>154</ns3:hr>
            <ns3:cad>88</ns3:cad>
          </ns3:TrackPointExtension>
        </extensions>
      </trkpt>
      <trkpt lat="24.52732086181640625" lon="118.16937169991433620452880859375">
        <ele>9.80000019073486328125</ele>
        <time>2025-08-11T12:29:37.000Z</time>
        <extensions>
          <ns3:TrackPointExtension>
            <ns3:hr>155</ns3:hr>
            <ns3:cad>88</ns3:cad>
          </ns3:TrackPointExtension>
        </extensions>
      </trkpt>
      <trkpt lat="24.52729378826916217803955078125" lon="118.16937723197042942047119140625">
        <ele>9.80000019073486328125</ele>
        <time>2025-08-11T12:29:38.000Z</time>
        <extensions>
          <ns3:TrackPointExtension>
            <ns3:hr>154</ns3:hr>
            <ns3:cad>87</ns3:cad>
          </ns3:TrackPointExtension>
        </extensions>
      </trkpt>
      <trkpt lat="24.52727015130221843719482421875" lon="118.1693843565881252288818359375">
        <ele>9.80000019073486328125</ele>
        <time>2025-08-11T12:29:39.000Z</time>
        <extensions>
          <ns3:TrackPointExtension>
            <ns3:hr>154</ns3:hr>
            <ns3:cad>86</ns3:cad>
          </ns3:TrackPointExtension>
        </extensions>
      </trkpt>
      <trkpt lat="24.52724039554595947265625" lon="118.16938720643520355224609375">
        <ele>9.80000019073486328125</ele>
        <time>2025-08-11T12:29:40.000Z</time>
        <extensions>
          <ns3:TrackPointExtension>
            <ns3:hr>155</ns3:hr>
            <ns3:cad>86</ns3:cad>
          </ns3:TrackPointExtension>
        </extensions>
      </trkpt>
      <trkpt lat="24.52721768058836460113525390625" lon="118.16939583979547023773193359375">
        <ele>9.6000003814697265625</ele>
        <time>2025-08-11T12:29:41.000Z</time>
        <extensions>
          <ns3:TrackPointExtension>
            <ns3:hr>155</ns3:hr>
            <ns3:cad>86</ns3:cad>
          </ns3:TrackPointExtension>
        </extensions>
      </trkpt>
      <trkpt lat="24.52718951739370822906494140625" lon="118.16940019838511943817138671875">
        <ele>9.6000003814697265625</ele>
        <time>2025-08-11T12:29:42.000Z</time>
        <extensions>
          <ns3:TrackPointExtension>
            <ns3:hr>155</ns3:hr>
            <ns3:cad>86</ns3:cad>
          </ns3:TrackPointExtension>
        </extensions>
      </trkpt>
      <trkpt lat="24.5271708257496356964111328125" lon="118.16940891556441783905029296875">
        <ele>9.6000003814697265625</ele>
        <time>2025-08-11T12:29:43.000Z</time>
        <extensions>
          <ns3:TrackPointExtension>
            <ns3:hr>155</ns3:hr>
            <ns3:cad>87</ns3:cad>
          </ns3:TrackPointExtension>
        </extensions>
      </trkpt>
      <trkpt lat="24.5271386392414569854736328125" lon="118.169414363801479339599609375">
        <ele>9.6000003814697265625</ele>
        <time>2025-08-11T12:29:44.000Z</time>
        <extensions>
          <ns3:TrackPointExtension>
            <ns3:hr>154</ns3:hr>
            <ns3:cad>87</ns3:cad>
          </ns3:TrackPointExtension>
        </extensions>
      </trkpt>
      <trkpt lat="24.527122043073177337646484375" lon="118.1694239191710948944091796875">
        <ele>9.6000003814697265625</ele>
        <time>2025-08-11T12:29:45.000Z</time>
        <extensions>
          <ns3:TrackPointExtension>
            <ns3:hr>154</ns3:hr>
            <ns3:cad>87</ns3:cad>
          </ns3:TrackPointExtension>
        </extensions>
      </trkpt>
      <trkpt lat="24.52709362842142581939697265625" lon="118.16943389363586902618408203125">
        <ele>9.6000003814697265625</ele>
        <time>2025-08-11T12:29:46.000Z</time>
        <extensions>
          <ns3:TrackPointExtension>
            <ns3:hr>154</ns3:hr>
            <ns3:cad>87</ns3:cad>
          </ns3:TrackPointExtension>
        </extensions>
      </trkpt>
      <trkpt lat="24.5270727574825286865234375" lon="118.16944026388227939605712890625">
        <ele>9.6000003814697265625</ele>
        <time>2025-08-11T12:29:47.000Z</time>
        <extensions>
          <ns3:TrackPointExtension>
            <ns3:hr>154</ns3:hr>
            <ns3:cad>87</ns3:cad>
          </ns3:TrackPointExtension>
        </extensions>
      </trkpt>
      <trkpt lat="24.52704551629722118377685546875" lon="118.16944244317710399627685546875">
        <ele>9.6000003814697265625</ele>
        <time>2025-08-11T12:29:48.000Z</time>
        <extensions>
          <ns3:TrackPointExtension>
            <ns3:hr>154</ns3:hr>
            <ns3:cad>87</ns3:cad>
          </ns3:TrackPointExtension>
        </extensions>
      </trkpt>
      <trkpt lat="24.52702070586383342742919921875" lon="118.16944277845323085784912109375">
        <ele>9.6000003814697265625</ele>
        <time>2025-08-11T12:29:49.000Z</time>
        <extensions>
          <ns3:TrackPointExtension>
            <ns3:hr>154</ns3:hr>
            <ns3:cad>88</ns3:cad>
          </ns3:TrackPointExtension>
        </extensions>
      </trkpt>
      <trkpt lat="24.52699824236333370208740234375" lon="118.16944596357643604278564453125">
        <ele>9.6000003814697265625</ele>
        <time>2025-08-11T12:29:50.000Z</time>
        <extensions>
          <ns3:TrackPointExtension>
            <ns3:hr>154</ns3:hr>
            <ns3:cad>88</ns3:cad>
          </ns3:TrackPointExtension>
        </extensions>
      </trkpt>
      <trkpt lat="24.52697427012026309967041015625" lon="118.1694470532238483428955078125">
        <ele>9.6000003814697265625</ele>
        <time>2025-08-11T12:29:51.000Z</time>
        <extensions>
          <ns3:TrackPointExtension>
            <ns3:hr>154</ns3:hr>
            <ns3:cad>87</ns3:cad>
          </ns3:TrackPointExtension>
        </extensions>
      </trkpt>
      <trkpt lat="24.52695214189589023590087890625" lon="118.16945032216608524322509765625">
        <ele>9.6000003814697265625</ele>
        <time>2025-08-11T12:29:52.000Z</time>
        <extensions>
          <ns3:TrackPointExtension>
            <ns3:hr>154</ns3:hr>
            <ns3:cad>87</ns3:cad>
          </ns3:TrackPointExtension>
        </extensions>
      </trkpt>
      <trkpt lat="24.52692733146250247955322265625" lon="118.169452585279941558837890625">
        <ele>9.6000003814697265625</ele>
        <time>2025-08-11T12:29:53.000Z</time>
        <extensions>
          <ns3:TrackPointExtension>
            <ns3:hr>153</ns3:hr>
            <ns3:cad>88</ns3:cad>
          </ns3:TrackPointExtension>
        </extensions>
      </trkpt>
      <trkpt lat="24.52690671198070049285888671875" lon="118.16945468075573444366455078125">
        <ele>9.6000003814697265625</ele>
        <time>2025-08-11T12:29:54.000Z</time>
        <extensions>
          <ns3:TrackPointExtension>
            <ns3:hr>154</ns3:hr>
            <ns3:cad>88</ns3:cad>
          </ns3:TrackPointExtension>
        </extensions>
      </trkpt>
      <trkpt lat="24.5268777944147586822509765625" lon="118.169454596936702728271484375">
        <ele>9.6000003814697265625</ele>
        <time>2025-08-11T12:29:55.000Z</time>
        <extensions>
          <ns3:TrackPointExtension>
            <ns3:hr>153</ns3:hr>
            <ns3:cad>88</ns3:cad>
          </ns3:TrackPointExtension>
        </extensions>
      </trkpt>
      <trkpt lat="24.5268581807613372802734375" lon="118.1694537587463855743408203125">
        <ele>9.6000003814697265625</ele>
        <time>2025-08-11T12:29:56.000Z</time>
        <extensions>
          <ns3:TrackPointExtension>
            <ns3:hr>153</ns3:hr>
            <ns3:cad>88</ns3:cad>
          </ns3:TrackPointExtension>
        </extensions>
      </trkpt>
      <trkpt lat="24.526840746402740478515625" lon="118.16945484839379787445068359375">
        <ele>9.80000019073486328125</ele>
        <time>2025-08-11T12:29:57.000Z</time>
        <extensions>
          <ns3:TrackPointExtension>
            <ns3:hr>153</ns3:hr>
            <ns3:cad>87</ns3:cad>
          </ns3:TrackPointExtension>
        </extensions>
      </trkpt>
      <trkpt lat="24.52681870199739933013916015625" lon="118.1694547645747661590576171875">
        <ele>9.6000003814697265625</ele>
        <time>2025-08-11T12:29:58.000Z</time>
        <extensions>
          <ns3:TrackPointExtension>
            <ns3:hr>154</ns3:hr>
            <ns3:cad>87</ns3:cad>
          </ns3:TrackPointExtension>
        </extensions>
      </trkpt>
      <trkpt lat="24.52679690904915332794189453125" lon="118.16945828497409820556640625">
        <ele>9.6000003814697265625</ele>
        <time>2025-08-11T12:29:59.000Z</time>
        <extensions>
          <ns3:TrackPointExtension>
            <ns3:hr>153</ns3:hr>
            <ns3:cad>87</ns3:cad>
          </ns3:TrackPointExtension>
        </extensions>
      </trkpt>
      <trkpt lat="24.52677327208220958709716796875" lon="118.1694589555263519287109375">
        <ele>9.6000003814697265625</ele>
        <time>2025-08-11T12:30:00.000Z</time>
        <extensions>
          <ns3:TrackPointExtension>
            <ns3:hr>153</ns3:hr>
            <ns3:cad>87</ns3:cad>
          </ns3:TrackPointExtension>
        </extensions>
      </trkpt>
      <trkpt lat="24.526754580438137054443359375" lon="118.1694614700973033905029296875">
        <ele>9.6000003814697265625</ele>
        <time>2025-08-11T12:30:01.000Z</time>
        <extensions>
          <ns3:TrackPointExtension>
            <ns3:hr>154</ns3:hr>
            <ns3:cad>87</ns3:cad>
          </ns3:TrackPointExtension>
        </extensions>
      </trkpt>
      <trkpt lat="24.526729770004749298095703125" lon="118.1694584526121616363525390625">
        <ele>9.6000003814697265625</ele>
        <time>2025-08-11T12:30:02.000Z</time>
        <extensions>
          <ns3:TrackPointExtension>
            <ns3:hr>153</ns3:hr>
            <ns3:cad>87</ns3:cad>
          </ns3:TrackPointExtension>
        </extensions>
      </trkpt>
      <trkpt lat="24.52670789323747158050537109375" lon="118.1694614700973033905029296875">
        <ele>9.6000003814697265625</ele>
        <time>2025-08-11T12:30:03.000Z</time>
        <extensions>
          <ns3:TrackPointExtension>
            <ns3:hr>153</ns3:hr>
            <ns3:cad>88</ns3:cad>
          </ns3:TrackPointExtension>
        </extensions>
      </trkpt>
      <trkpt lat="24.52668375335633754730224609375" lon="118.16946004517376422882080078125">
        <ele>9.80000019073486328125</ele>
        <time>2025-08-11T12:30:04.000Z</time>
        <extensions>
          <ns3:TrackPointExtension>
            <ns3:hr>154</ns3:hr>
            <ns3:cad>88</ns3:cad>
          </ns3:TrackPointExtension>
        </extensions>
      </trkpt>
      <trkpt lat="24.5266623795032501220703125" lon="118.1694638170301914215087890625">
        <ele>9.80000019073486328125</ele>
        <time>2025-08-11T12:30:05.000Z</time>
        <extensions>
          <ns3:TrackPointExtension>
            <ns3:hr>153</ns3:hr>
            <ns3:cad>88</ns3:cad>
          </ns3:TrackPointExtension>
        </extensions>
      </trkpt>
      <trkpt lat="24.52663446776568889617919921875" lon="118.16945887170732021331787109375">
        <ele>9.6000003814697265625</ele>
        <time>2025-08-11T12:30:06.000Z</time>
        <extensions>
          <ns3:TrackPointExtension>
            <ns3:hr>153</ns3:hr>
            <ns3:cad>88</ns3:cad>
          </ns3:TrackPointExtension>
        </extensions>
      </trkpt>
      <trkpt lat="24.52661116607487201690673828125" lon="118.16945853643119335174560546875">
        <ele>9.6000003814697265625</ele>
        <time>2025-08-11T12:30:07.000Z</time>
        <extensions>
          <ns3:TrackPointExtension>
            <ns3:hr>154</ns3:hr>
            <ns3:cad>88</ns3:cad>
          </ns3:TrackPointExtension>
        </extensions>
      </trkpt>
      <trkpt lat="24.5265887863934040069580078125" lon="118.16945501603186130523681640625">
        <ele>9.3999996185302734375</ele>
        <time>2025-08-11T12:30:08.000Z</time>
        <extensions>
          <ns3:TrackPointExtension>
            <ns3:hr>153</ns3:hr>
            <ns3:cad>88</ns3:cad>
          </ns3:TrackPointExtension>
        </extensions>
      </trkpt>
      <trkpt lat="24.52656774781644344329833984375" lon="118.16945560276508331298828125">
        <ele>9.3999996185302734375</ele>
        <time>2025-08-11T12:30:09.000Z</time>
        <extensions>
          <ns3:TrackPointExtension>
            <ns3:hr>153</ns3:hr>
            <ns3:cad>88</ns3:cad>
          </ns3:TrackPointExtension>
        </extensions>
      </trkpt>
      <trkpt lat="24.52654394321143627166748046875" lon="118.16945686005055904388427734375">
        <ele>9.3999996185302734375</ele>
        <time>2025-08-11T12:30:10.000Z</time>
        <extensions>
          <ns3:TrackPointExtension>
            <ns3:hr>153</ns3:hr>
            <ns3:cad>88</ns3:cad>
          </ns3:TrackPointExtension>
        </extensions>
      </trkpt>
      <trkpt lat="24.5265193842351436614990234375" lon="118.16945769824087619781494140625">
        <ele>9.6000003814697265625</ele>
        <time>2025-08-11T12:30:11.000Z</time>
        <extensions>
          <ns3:TrackPointExtension>
            <ns3:hr>153</ns3:hr>
            <ns3:cad>88</ns3:cad>
          </ns3:TrackPointExtension>
        </extensions>
      </trkpt>
      <trkpt lat="24.52649616636335849761962890625" lon="118.1694561056792736053466796875">
        <ele>9.6000003814697265625</ele>
        <time>2025-08-11T12:30:12.000Z</time>
        <extensions>
          <ns3:TrackPointExtension>
            <ns3:hr>153</ns3:hr>
            <ns3:cad>88</ns3:cad>
          </ns3:TrackPointExtension>
        </extensions>
      </trkpt>
      <trkpt lat="24.5264704339206218719482421875" lon="118.1694547645747661590576171875">
        <ele>9.6000003814697265625</ele>
        <time>2025-08-11T12:30:13.000Z</time>
        <extensions>
          <ns3:TrackPointExtension>
            <ns3:hr>153</ns3:hr>
            <ns3:cad>88</ns3:cad>
          </ns3:TrackPointExtension>
        </extensions>
      </trkpt>
      <trkpt lat="24.52644453383982181549072265625" lon="118.1694527529180049896240234375">
        <ele>9.6000003814697265625</ele>
        <time>2025-08-11T12:30:14.000Z</time>
        <extensions>
          <ns3:TrackPointExtension>
            <ns3:hr>154</ns3:hr>
            <ns3:cad>88</ns3:cad>
          </ns3:TrackPointExtension>
        </extensions>
      </trkpt>
      <trkpt lat="24.52641989104449748992919921875" lon="118.1694460473954677581787109375">
        <ele>9.6000003814697265625</ele>
        <time>2025-08-11T12:30:15.000Z</time>
        <extensions>
          <ns3:TrackPointExtension>
            <ns3:hr>154</ns3:hr>
            <ns3:cad>88</ns3:cad>
          </ns3:TrackPointExtension>
        </extensions>
      </trkpt>
      <trkpt lat="24.52640044502913951873779296875" lon="118.169446550309658050537109375">
        <ele>9.6000003814697265625</ele>
        <time>2025-08-11T12:30:16.000Z</time>
        <extensions>
          <ns3:TrackPointExtension>
            <ns3:hr>154</ns3:hr>
            <ns3:cad>88</ns3:cad>
          </ns3:TrackPointExtension>
        </extensions>
      </trkpt>
      <trkpt lat="24.52637865208089351654052734375" lon="118.1694426946341991424560546875">
        <ele>9.6000003814697265625</ele>
        <time>2025-08-11T12:30:17.000Z</time>
        <extensions>
          <ns3:TrackPointExtension>
            <ns3:hr>154</ns3:hr>
            <ns3:cad>88</ns3:cad>
          </ns3:TrackPointExtension>
        </extensions>
      </trkpt>
      <trkpt lat="24.52636021189391613006591796875" lon="118.16944043152034282684326171875">
        <ele>9.6000003814697265625</ele>
        <time>2025-08-11T12:30:18.000Z</time>
        <extensions>
          <ns3:TrackPointExtension>
            <ns3:hr>155</ns3:hr>
            <ns3:cad>88</ns3:cad>
          </ns3:TrackPointExtension>
        </extensions>
      </trkpt>
      <trkpt lat="24.52633657492697238922119140625" lon="118.16943280398845672607421875">
        <ele>9.6000003814697265625</ele>
        <time>2025-08-11T12:30:19.000Z</time>
        <extensions>
          <ns3:TrackPointExtension>
            <ns3:hr>155</ns3:hr>
            <ns3:cad>88</ns3:cad>
          </ns3:TrackPointExtension>
        </extensions>
      </trkpt>
      <trkpt lat="24.5263178832828998565673828125" lon="118.169431127607822418212890625">
        <ele>9.3999996185302734375</ele>
        <time>2025-08-11T12:30:20.000Z</time>
        <extensions>
          <ns3:TrackPointExtension>
            <ns3:hr>155</ns3:hr>
            <ns3:cad>87</ns3:cad>
          </ns3:TrackPointExtension>
        </extensions>
      </trkpt>
      <trkpt lat="24.52629600651562213897705078125" lon="118.169425763189792633056640625">
        <ele>9.3999996185302734375</ele>
        <time>2025-08-11T12:30:21.000Z</time>
        <extensions>
          <ns3:TrackPointExtension>
            <ns3:hr>155</ns3:hr>
            <ns3:cad>88</ns3:cad>
          </ns3:TrackPointExtension>
        </extensions>
      </trkpt>
      <trkpt lat="24.52627756632864475250244140625" lon="118.16942148841917514801025390625">
        <ele>9.3999996185302734375</ele>
        <time>2025-08-11T12:30:22.000Z</time>
        <extensions>
          <ns3:TrackPointExtension>
            <ns3:hr>155</ns3:hr>
            <ns3:cad>88</ns3:cad>
          </ns3:TrackPointExtension>
        </extensions>
      </trkpt>
      <trkpt lat="24.5262538455426692962646484375" lon="118.1694242544472217559814453125">
        <ele>9.3999996185302734375</ele>
        <time>2025-08-11T12:30:23.000Z</time>
        <extensions>
          <ns3:TrackPointExtension>
            <ns3:hr>155</ns3:hr>
            <ns3:cad>88</ns3:cad>
          </ns3:TrackPointExtension>
        </extensions>
      </trkpt>
      <trkpt lat="24.52623297460377216339111328125" lon="118.16942366771399974822998046875">
        <ele>9.3999996185302734375</ele>
        <time>2025-08-11T12:30:24.000Z</time>
        <extensions>
          <ns3:TrackPointExtension>
            <ns3:hr>155</ns3:hr>
            <ns3:cad>88</ns3:cad>
          </ns3:TrackPointExtension>
        </extensions>
      </trkpt>
      <trkpt lat="24.5262126065790653228759765625" lon="118.169421739876270294189453125">
        <ele>9.3999996185302734375</ele>
        <time>2025-08-11T12:30:25.000Z</time>
        <extensions>
          <ns3:TrackPointExtension>
            <ns3:hr>155</ns3:hr>
            <ns3:cad>89</ns3:cad>
          </ns3:TrackPointExtension>
        </extensions>
      </trkpt>
      <trkpt lat="24.52619156800210475921630859375" lon="118.16941696219146251678466796875">
        <ele>9.3999996185302734375</ele>
        <time>2025-08-11T12:30:26.000Z</time>
        <extensions>
          <ns3:TrackPointExtension>
            <ns3:hr>155</ns3:hr>
            <ns3:cad>89</ns3:cad>
          </ns3:TrackPointExtension>
        </extensions>
      </trkpt>
      <trkpt lat="24.52616943977773189544677734375" lon="118.16941746510565280914306640625">
        <ele>9.3999996185302734375</ele>
        <time>2025-08-11T12:30:27.000Z</time>
        <extensions>
          <ns3:TrackPointExtension>
            <ns3:hr>155</ns3:hr>
            <ns3:cad>88</ns3:cad>
          </ns3:TrackPointExtension>
        </extensions>
      </trkpt>
      <trkpt lat="24.5261478982865810394287109375" lon="118.1694212369620800018310546875">
        <ele>9.3999996185302734375</ele>
        <time>2025-08-11T12:30:28.000Z</time>
        <extensions>
          <ns3:TrackPointExtension>
            <ns3:hr>156</ns3:hr>
            <ns3:cad>88</ns3:cad>
          </ns3:TrackPointExtension>
        </extensions>
      </trkpt>
      <trkpt lat="24.5261261053383350372314453125" lon="118.169423080980777740478515625">
        <ele>9.6000003814697265625</ele>
        <time>2025-08-11T12:30:29.000Z</time>
        <extensions>
          <ns3:TrackPointExtension>
            <ns3:hr>156</ns3:hr>
            <ns3:cad>88</ns3:cad>
          </ns3:TrackPointExtension>
        </extensions>
      </trkpt>
      <trkpt lat="24.526097774505615234375" lon="118.16941897384822368621826171875">
        <ele>9.6000003814697265625</ele>
        <time>2025-08-11T12:30:30.000Z</time>
        <extensions>
          <ns3:TrackPointExtension>
            <ns3:hr>156</ns3:hr>
            <ns3:cad>88</ns3:cad>
          </ns3:TrackPointExtension>
        </extensions>
      </trkpt>
      <trkpt lat="24.52607556246221065521240234375" lon="118.16942014731466770172119140625">
        <ele>9.6000003814697265625</ele>
        <time>2025-08-11T12:30:31.000Z</time>
        <extensions>
          <ns3:TrackPointExtension>
            <ns3:hr>156</ns3:hr>
            <ns3:cad>88</ns3:cad>
          </ns3:TrackPointExtension>
        </extensions>
      </trkpt>
      <trkpt lat="24.52604287303984165191650390625" lon="118.1694138608872890472412109375">
        <ele>9.6000003814697265625</ele>
        <time>2025-08-11T12:30:32.000Z</time>
        <extensions>
          <ns3:TrackPointExtension>
            <ns3:hr>156</ns3:hr>
            <ns3:cad>88</ns3:cad>
          </ns3:TrackPointExtension>
        </extensions>
      </trkpt>
      <trkpt lat="24.5260211639106273651123046875" lon="118.1694138608872890472412109375">
        <ele>9.6000003814697265625</ele>
        <time>2025-08-11T12:30:33.000Z</time>
        <extensions>
          <ns3:TrackPointExtension>
            <ns3:hr>157</ns3:hr>
            <ns3:cad>88</ns3:cad>
          </ns3:TrackPointExtension>
        </extensions>
      </trkpt>
      <trkpt lat="24.5259930007159709930419921875" lon="118.16940992139279842376708984375">
        <ele>9.6000003814697265625</ele>
        <time>2025-08-11T12:30:34.000Z</time>
        <extensions>
          <ns3:TrackPointExtension>
            <ns3:hr>157</ns3:hr>
            <ns3:cad>88</ns3:cad>
          </ns3:TrackPointExtension>
        </extensions>
      </trkpt>
      <trkpt lat="24.5259665139019489288330078125" lon="118.16941042430698871612548828125">
        <ele>9.6000003814697265625</ele>
        <time>2025-08-11T12:30:35.000Z</time>
        <extensions>
          <ns3:TrackPointExtension>
            <ns3:hr>157</ns3:hr>
            <ns3:cad>88</ns3:cad>
          </ns3:TrackPointExtension>
        </extensions>
      </trkpt>
      <trkpt lat="24.52594421803951263427734375" lon="118.16940866410732269287109375">
        <ele>9.80000019073486328125</ele>
        <time>2025-08-11T12:30:36.000Z</time>
        <extensions>
          <ns3:TrackPointExtension>
            <ns3:hr>157</ns3:hr>
            <ns3:cad>87</ns3:cad>
          </ns3:TrackPointExtension>
        </extensions>
      </trkpt>
      <trkpt lat="24.5259256102144718170166015625" lon="118.16940790973603725433349609375">
        <ele>9.80000019073486328125</ele>
        <time>2025-08-11T12:30:37.000Z</time>
        <extensions>
          <ns3:TrackPointExtension>
            <ns3:hr>157</ns3:hr>
            <ns3:cad>87</ns3:cad>
          </ns3:TrackPointExtension>
        </extensions>
      </trkpt>
      <trkpt lat="24.52589887194335460662841796875" lon="118.16940204240381717681884765625">
        <ele>9.80000019073486328125</ele>
        <time>2025-08-11T12:30:38.000Z</time>
        <extensions>
          <ns3:TrackPointExtension>
            <ns3:hr>157</ns3:hr>
            <ns3:cad>87</ns3:cad>
          </ns3:TrackPointExtension>
        </extensions>
      </trkpt>
      <trkpt lat="24.52587716281414031982421875" lon="118.1693997792899608612060546875">
        <ele>9.80000019073486328125</ele>
        <time>2025-08-11T12:30:39.000Z</time>
        <extensions>
          <ns3:TrackPointExtension>
            <ns3:hr>157</ns3:hr>
            <ns3:cad>87</ns3:cad>
          </ns3:TrackPointExtension>
        </extensions>
      </trkpt>
      <trkpt lat="24.52585008926689624786376953125" lon="118.1693964265286922454833984375">
        <ele>9.6000003814697265625</ele>
        <time>2025-08-11T12:30:40.000Z</time>
        <extensions>
          <ns3:TrackPointExtension>
            <ns3:hr>158</ns3:hr>
            <ns3:cad>87</ns3:cad>
          </ns3:TrackPointExtension>
        </extensions>
      </trkpt>
      <trkpt lat="24.52582477591931819915771484375" lon="118.1693945825099945068359375">
        <ele>9.6000003814697265625</ele>
        <time>2025-08-11T12:30:41.000Z</time>
        <extensions>
          <ns3:TrackPointExtension>
            <ns3:hr>157</ns3:hr>
            <ns3:cad>88</ns3:cad>
          </ns3:TrackPointExtension>
        </extensions>
      </trkpt>
      <trkpt lat="24.52579912729561328887939453125" lon="118.16939583979547023773193359375">
        <ele>9.6000003814697265625</ele>
        <time>2025-08-11T12:30:42.000Z</time>
        <extensions>
          <ns3:TrackPointExtension>
            <ns3:hr>158</ns3:hr>
            <ns3:cad>88</ns3:cad>
          </ns3:TrackPointExtension>
        </extensions>
      </trkpt>
      <trkpt lat="24.52577549032866954803466796875" lon="118.16939181648194789886474609375">
        <ele>9.3999996185302734375</ele>
        <time>2025-08-11T12:30:43.000Z</time>
        <extensions>
          <ns3:TrackPointExtension>
            <ns3:hr>158</ns3:hr>
            <ns3:cad>88</ns3:cad>
          </ns3:TrackPointExtension>
        </extensions>
      </trkpt>
      <trkpt lat="24.52575084753334522247314453125" lon="118.16939298994839191436767578125">
        <ele>9.3999996185302734375</ele>
        <time>2025-08-11T12:30:44.000Z</time>
        <extensions>
          <ns3:TrackPointExtension>
            <ns3:hr>159</ns3:hr>
            <ns3:cad>88</ns3:cad>
          </ns3:TrackPointExtension>
        </extensions>
      </trkpt>
      <trkpt lat="24.52572788111865520477294921875" lon="118.169386200606822967529296875">
        <ele>9.3999996185302734375</ele>
        <time>2025-08-11T12:30:45.000Z</time>
        <extensions>
          <ns3:TrackPointExtension>
            <ns3:hr>159</ns3:hr>
            <ns3:cad>88</ns3:cad>
          </ns3:TrackPointExtension>
        </extensions>
      </trkpt>
      <trkpt lat="24.5257073454558849334716796875" lon="118.16938720643520355224609375">
        <ele>9.19999980926513671875</ele>
        <time>2025-08-11T12:30:46.000Z</time>
        <extensions>
          <ns3:TrackPointExtension>
            <ns3:hr>158</ns3:hr>
            <ns3:cad>88</ns3:cad>
          </ns3:TrackPointExtension>
        </extensions>
      </trkpt>
      <trkpt lat="24.5256785117089748382568359375" lon="118.16938075236976146697998046875">
        <ele>9.19999980926513671875</ele>
        <time>2025-08-11T12:30:47.000Z</time>
        <extensions>
          <ns3:TrackPointExtension>
            <ns3:hr>158</ns3:hr>
            <ns3:cad>88</ns3:cad>
          </ns3:TrackPointExtension>
        </extensions>
      </trkpt>
      <trkpt lat="24.52565881423652172088623046875" lon="118.16938108764588832855224609375">
        <ele>9.19999980926513671875</ele>
        <time>2025-08-11T12:30:48.000Z</time>
        <extensions>
          <ns3:TrackPointExtension>
            <ns3:hr>158</ns3:hr>
            <ns3:cad>88</ns3:cad>
          </ns3:TrackPointExtension>
        </extensions>
      </trkpt>
      <trkpt lat="24.5256245322525501251220703125" lon="118.1693719513714313507080078125">
        <ele>9.19999980926513671875</ele>
        <time>2025-08-11T12:30:49.000Z</time>
        <extensions>
          <ns3:TrackPointExtension>
            <ns3:hr>159</ns3:hr>
            <ns3:cad>88</ns3:cad>
          </ns3:TrackPointExtension>
        </extensions>
      </trkpt>
      <trkpt lat="24.5256017334759235382080078125" lon="118.16937035880982875823974609375">
        <ele>9.19999980926513671875</ele>
        <time>2025-08-11T12:30:50.000Z</time>
        <extensions>
          <ns3:TrackPointExtension>
            <ns3:hr>159</ns3:hr>
            <ns3:cad>88</ns3:cad>
          </ns3:TrackPointExtension>
        </extensions>
      </trkpt>
      <trkpt lat="24.52557130716741085052490234375" lon="118.1693623960018157958984375">
        <ele>9.19999980926513671875</ele>
        <time>2025-08-11T12:30:51.000Z</time>
        <extensions>
          <ns3:TrackPointExtension>
            <ns3:hr>159</ns3:hr>
            <ns3:cad>88</ns3:cad>
          </ns3:TrackPointExtension>
        </extensions>
      </trkpt>
      <trkpt lat="24.525549598038196563720703125" lon="118.16936264745891094207763671875">
        <ele>9.19999980926513671875</ele>
        <time>2025-08-11T12:30:52.000Z</time>
        <extensions>
          <ns3:TrackPointExtension>
            <ns3:hr>159</ns3:hr>
            <ns3:cad>88</ns3:cad>
          </ns3:TrackPointExtension>
        </extensions>
      </trkpt>
      <trkpt lat="24.525520764291286468505859375" lon="118.16935678012669086456298828125">
        <ele>9.19999980926513671875</ele>
        <time>2025-08-11T12:30:53.000Z</time>
        <extensions>
          <ns3:TrackPointExtension>
            <ns3:hr>158</ns3:hr>
            <ns3:cad>88</ns3:cad>
          </ns3:TrackPointExtension>
        </extensions>
      </trkpt>
      <trkpt lat="24.5254971273243427276611328125" lon="118.1693516671657562255859375">
        <ele>9.19999980926513671875</ele>
        <time>2025-08-11T12:30:54.000Z</time>
        <extensions>
          <ns3:TrackPointExtension>
            <ns3:hr>158</ns3:hr>
            <ns3:cad>88</ns3:cad>
          </ns3:TrackPointExtension>
        </extensions>
      </trkpt>
      <trkpt lat="24.52547105960547924041748046875" lon="118.169348649680614471435546875">
        <ele>9.19999980926513671875</ele>
        <time>2025-08-11T12:30:55.000Z</time>
        <extensions>
          <ns3:TrackPointExtension>
            <ns3:hr>158</ns3:hr>
            <ns3:cad>88</ns3:cad>
          </ns3:TrackPointExtension>
        </extensions>
      </trkpt>
      <trkpt lat="24.52544532716274261474609375" lon="118.16934135742485523223876953125">
        <ele>9</ele>
        <time>2025-08-11T12:30:56.000Z</time>
        <extensions>
          <ns3:TrackPointExtension>
            <ns3:hr>158</ns3:hr>
            <ns3:cad>87</ns3:cad>
          </ns3:TrackPointExtension>
        </extensions>
      </trkpt>
      <trkpt lat="24.5254231989383697509765625" lon="118.1693387590348720550537109375">
        <ele>9.19999980926513671875</ele>
        <time>2025-08-11T12:30:57.000Z</time>
        <extensions>
          <ns3:TrackPointExtension>
            <ns3:hr>159</ns3:hr>
            <ns3:cad>87</ns3:cad>
          </ns3:TrackPointExtension>
        </extensions>
      </trkpt>
      <trkpt lat="24.52539646066725254058837890625" lon="118.1693290360271930694580078125">
        <ele>9.19999980926513671875</ele>
        <time>2025-08-11T12:30:58.000Z</time>
        <extensions>
          <ns3:TrackPointExtension>
            <ns3:hr>158</ns3:hr>
            <ns3:cad>88</ns3:cad>
          </ns3:TrackPointExtension>
        </extensions>
      </trkpt>
      <trkpt lat="24.52537450008094310760498046875" lon="118.16932710818946361541748046875">
        <ele>9.19999980926513671875</ele>
        <time>2025-08-11T12:30:59.000Z</time>
        <extensions>
          <ns3:TrackPointExtension>
            <ns3:hr>158</ns3:hr>
            <ns3:cad>88</ns3:cad>
          </ns3:TrackPointExtension>
        </extensions>
      </trkpt>
      <trkpt lat="24.5253465883433818817138671875" lon="118.1693167984485626220703125">
        <ele>9.19999980926513671875</ele>
        <time>2025-08-11T12:31:00.000Z</time>
        <extensions>
          <ns3:TrackPointExtension>
            <ns3:hr>158</ns3:hr>
            <ns3:cad>88</ns3:cad>
          </ns3:TrackPointExtension>
        </extensions>
      </trkpt>
      <trkpt lat="24.5253284834325313568115234375" lon="118.169319815933704376220703125">
        <ele>9.19999980926513671875</ele>
        <time>2025-08-11T12:31:01.000Z</time>
        <extensions>
          <ns3:TrackPointExtension>
            <ns3:hr>158</ns3:hr>
            <ns3:cad>87</ns3:cad>
          </ns3:TrackPointExtension>
        </extensions>
      </trkpt>
      <trkpt lat="24.525299482047557830810546875" lon="118.16930933855473995208740234375">
        <ele>9.19999980926513671875</ele>
        <time>2025-08-11T12:31:02.000Z</time>
        <extensions>
          <ns3:TrackPointExtension>
            <ns3:hr>158</ns3:hr>
            <ns3:cad>87</ns3:cad>
          </ns3:TrackPointExtension>
        </extensions>
      </trkpt>
      <trkpt lat="24.52527961693704128265380859375" lon="118.16930674016475677490234375">
        <ele>9.19999980926513671875</ele>
        <time>2025-08-11T12:31:03.000Z</time>
        <extensions>
          <ns3:TrackPointExtension>
            <ns3:hr>158</ns3:hr>
            <ns3:cad>87</ns3:cad>
          </ns3:TrackPointExtension>
        </extensions>
      </trkpt>
      <trkpt lat="24.52524994499981403350830078125" lon="118.1692934967577457427978515625">
        <ele>9.19999980926513671875</ele>
        <time>2025-08-11T12:31:04.000Z</time>
        <extensions>
          <ns3:TrackPointExtension>
            <ns3:hr>159</ns3:hr>
            <ns3:cad>87</ns3:cad>
          </ns3:TrackPointExtension>
        </extensions>
      </trkpt>
      <trkpt lat="24.5252309180796146392822265625" lon="118.16928938962519168853759765625">
        <ele>9.19999980926513671875</ele>
        <time>2025-08-11T12:31:05.000Z</time>
        <extensions>
          <ns3:TrackPointExtension>
            <ns3:hr>158</ns3:hr>
            <ns3:cad>88</ns3:cad>
          </ns3:TrackPointExtension>
        </extensions>
      </trkpt>
      <trkpt lat="24.52520350925624370574951171875" lon="118.16928033716976642608642578125">
        <ele>9.19999980926513671875</ele>
        <time>2025-08-11T12:31:06.000Z</time>
        <extensions>
          <ns3:TrackPointExtension>
            <ns3:hr>158</ns3:hr>
            <ns3:cad>88</ns3:cad>
          </ns3:TrackPointExtension>
        </extensions>
      </trkpt>
      <trkpt lat="24.52518003992736339569091796875" lon="118.1692720390856266021728515625">
        <ele>9.3999996185302734375</ele>
        <time>2025-08-11T12:31:07.000Z</time>
        <extensions>
          <ns3:TrackPointExtension>
            <ns3:hr>158</ns3:hr>
            <ns3:cad>88</ns3:cad>
          </ns3:TrackPointExtension>
        </extensions>
      </trkpt>
      <trkpt lat="24.52515539713203907012939453125" lon="118.1692653335630893707275390625">
        <ele>9.3999996185302734375</ele>
        <time>2025-08-11T12:31:08.000Z</time>
        <extensions>
          <ns3:TrackPointExtension>
            <ns3:hr>159</ns3:hr>
            <ns3:cad>88</ns3:cad>
          </ns3:TrackPointExtension>
        </extensions>
      </trkpt>
      <trkpt lat="24.5251326821744441986083984375" lon="118.16925770603120326995849609375">
        <ele>9.6000003814697265625</ele>
        <time>2025-08-11T12:31:09.000Z</time>
        <extensions>
          <ns3:TrackPointExtension>
            <ns3:hr>158</ns3:hr>
            <ns3:cad>87</ns3:cad>
          </ns3:TrackPointExtension>
        </extensions>
      </trkpt>
      <trkpt lat="24.5251122303307056427001953125" lon="118.16925670020282268524169921875">
        <ele>9.6000003814697265625</ele>
        <time>2025-08-11T12:31:10.000Z</time>
        <extensions>
          <ns3:TrackPointExtension>
            <ns3:hr>158</ns3:hr>
            <ns3:cad>87</ns3:cad>
          </ns3:TrackPointExtension>
        </extensions>
      </trkpt>
      <trkpt lat="24.52508750371634960174560546875" lon="118.1692478992044925689697265625">
        <ele>9.6000003814697265625</ele>
        <time>2025-08-11T12:31:11.000Z</time>
        <extensions>
          <ns3:TrackPointExtension>
            <ns3:hr>158</ns3:hr>
            <ns3:cad>88</ns3:cad>
          </ns3:TrackPointExtension>
        </extensions>
      </trkpt>
      <trkpt lat="24.5250723324716091156005859375" lon="118.16924463026225566864013671875">
        <ele>9.6000003814697265625</ele>
        <time>2025-08-11T12:31:12.000Z</time>
        <extensions>
          <ns3:TrackPointExtension>
            <ns3:hr>158</ns3:hr>
            <ns3:cad>88</ns3:cad>
          </ns3:TrackPointExtension>
        </extensions>
      </trkpt>
      <trkpt lat="24.52504928223788738250732421875" lon="118.16923423670232295989990234375">
        <ele>9.6000003814697265625</ele>
        <time>2025-08-11T12:31:13.000Z</time>
        <extensions>
          <ns3:TrackPointExtension>
            <ns3:hr>158</ns3:hr>
            <ns3:cad>88</ns3:cad>
          </ns3:TrackPointExtension>
        </extensions>
      </trkpt>
      <trkpt lat="24.5250337757170200347900390625" lon="118.1692331470549106597900390625">
        <ele>9.6000003814697265625</ele>
        <time>2025-08-11T12:31:14.000Z</time>
        <extensions>
          <ns3:TrackPointExtension>
            <ns3:hr>158</ns3:hr>
            <ns3:cad>88</ns3:cad>
          </ns3:TrackPointExtension>
        </extensions>
      </trkpt>
      <trkpt lat="24.52500435523688793182373046875" lon="118.16922334022819995880126953125">
        <ele>9.6000003814697265625</ele>
        <time>2025-08-11T12:31:15.000Z</time>
        <extensions>
          <ns3:TrackPointExtension>
            <ns3:hr>157</ns3:hr>
            <ns3:cad>88</ns3:cad>
          </ns3:TrackPointExtension>
        </extensions>
      </trkpt>
      <trkpt lat="24.52498993836343288421630859375" lon="118.16922300495207309722900390625">
        <ele>9.6000003814697265625</ele>
        <time>2025-08-11T12:31:16.000Z</time>
        <extensions>
          <ns3:TrackPointExtension>
            <ns3:hr>157</ns3:hr>
            <ns3:cad>88</ns3:cad>
          </ns3:TrackPointExtension>
        </extensions>
      </trkpt>
      <trkpt lat="24.5249613560736179351806640625" lon="118.16920992918312549591064453125">
        <ele>9.6000003814697265625</ele>
        <time>2025-08-11T12:31:17.000Z</time>
        <extensions>
          <ns3:TrackPointExtension>
            <ns3:hr>157</ns3:hr>
            <ns3:cad>88</ns3:cad>
          </ns3:TrackPointExtension>
        </extensions>
      </trkpt>
      <trkpt lat="24.52494165860116481781005859375" lon="118.16920842044055461883544921875">
        <ele>9.6000003814697265625</ele>
        <time>2025-08-11T12:31:18.000Z</time>
        <extensions>
          <ns3:TrackPointExtension>
            <ns3:hr>157</ns3:hr>
            <ns3:cad>88</ns3:cad>
          </ns3:TrackPointExtension>
        </extensions>
      </trkpt>
      <trkpt lat="24.52491416595876216888427734375" lon="118.16919651813805103302001953125">
        <ele>9.6000003814697265625</ele>
        <time>2025-08-11T12:31:19.000Z</time>
        <extensions>
          <ns3:TrackPointExtension>
            <ns3:hr>157</ns3:hr>
            <ns3:cad>88</ns3:cad>
          </ns3:TrackPointExtension>
        </extensions>
      </trkpt>
      <trkpt lat="24.52489689923822879791259765625" lon="118.16919333301484584808349609375">
        <ele>9.6000003814697265625</ele>
        <time>2025-08-11T12:31:20.000Z</time>
        <extensions>
          <ns3:TrackPointExtension>
            <ns3:hr>157</ns3:hr>
            <ns3:cad>88</ns3:cad>
          </ns3:TrackPointExtension>
        </extensions>
      </trkpt>
      <trkpt lat="24.52486865222454071044921875" lon="118.16918671131134033203125">
        <ele>9.6000003814697265625</ele>
        <time>2025-08-11T12:31:21.000Z</time>
        <extensions>
          <ns3:TrackPointExtension>
            <ns3:hr>158</ns3:hr>
            <ns3:cad>88</ns3:cad>
          </ns3:TrackPointExtension>
        </extensions>
      </trkpt>
      <trkpt lat="24.52484811656177043914794921875" lon="118.169181682169437408447265625">
        <ele>9.6000003814697265625</ele>
        <time>2025-08-11T12:31:22.000Z</time>
        <extensions>
          <ns3:TrackPointExtension>
            <ns3:hr>157</ns3:hr>
            <ns3:cad>88</ns3:cad>
          </ns3:TrackPointExtension>
        </extensions>
      </trkpt>
      <trkpt lat="24.524824060499668121337890625" lon="118.1691724620759487152099609375">
        <ele>9.6000003814697265625</ele>
        <time>2025-08-11T12:31:23.000Z</time>
        <extensions>
          <ns3:TrackPointExtension>
            <ns3:hr>157</ns3:hr>
            <ns3:cad>88</ns3:cad>
          </ns3:TrackPointExtension>
        </extensions>
      </trkpt>
      <trkpt lat="24.52480654232203960418701171875" lon="118.16916768439114093780517578125">
        <ele>9.6000003814697265625</ele>
        <time>2025-08-11T12:31:24.000Z</time>
        <extensions>
          <ns3:TrackPointExtension>
            <ns3:hr>157</ns3:hr>
            <ns3:cad>88</ns3:cad>
          </ns3:TrackPointExtension>
        </extensions>
      </trkpt>
      <trkpt lat="24.52478148043155670166015625" lon="118.16916483454406261444091796875">
        <ele>9.80000019073486328125</ele>
        <time>2025-08-11T12:31:25.000Z</time>
        <extensions>
          <ns3:TrackPointExtension>
            <ns3:hr>158</ns3:hr>
            <ns3:cad>88</ns3:cad>
          </ns3:TrackPointExtension>
        </extensions>
      </trkpt>
      <trkpt lat="24.52475608326494693756103515625" lon="118.1691558659076690673828125">
        <ele>9.80000019073486328125</ele>
        <time>2025-08-11T12:31:26.000Z</time>
        <extensions>
          <ns3:TrackPointExtension>
            <ns3:hr>157</ns3:hr>
            <ns3:cad>88</ns3:cad>
          </ns3:TrackPointExtension>
        </extensions>
      </trkpt>
      <trkpt lat="24.52473194338381290435791015625" lon="118.169149495661258697509765625">
        <ele>9.80000019073486328125</ele>
        <time>2025-08-11T12:31:27.000Z</time>
        <extensions>
          <ns3:TrackPointExtension>
            <ns3:hr>157</ns3:hr>
            <ns3:cad>88</ns3:cad>
          </ns3:TrackPointExtension>
        </extensions>
      </trkpt>
      <trkpt lat="24.5247043669223785400390625" lon="118.169140778481960296630859375">
        <ele>9.80000019073486328125</ele>
        <time>2025-08-11T12:31:28.000Z</time>
        <extensions>
          <ns3:TrackPointExtension>
            <ns3:hr>157</ns3:hr>
            <ns3:cad>88</ns3:cad>
          </ns3:TrackPointExtension>
        </extensions>
      </trkpt>
      <trkpt lat="24.52468047849833965301513671875" lon="118.1691382639110088348388671875">
        <ele>9.80000019073486328125</ele>
        <time>2025-08-11T12:31:29.000Z</time>
        <extensions>
          <ns3:TrackPointExtension>
            <ns3:hr>157</ns3:hr>
            <ns3:cad>88</ns3:cad>
          </ns3:TrackPointExtension>
        </extensions>
      </trkpt>
      <trkpt lat="24.5246534049510955810546875" lon="118.16913750953972339630126953125">
        <ele>9.80000019073486328125</ele>
        <time>2025-08-11T12:31:30.000Z</time>
        <extensions>
          <ns3:TrackPointExtension>
            <ns3:hr>158</ns3:hr>
            <ns3:cad>88</ns3:cad>
          </ns3:TrackPointExtension>
        </extensions>
      </trkpt>
      <trkpt lat="24.52463622204959392547607421875" lon="118.16913449205458164215087890625">
        <ele>10</ele>
        <time>2025-08-11T12:31:31.000Z</time>
        <extensions>
          <ns3:TrackPointExtension>
            <ns3:hr>157</ns3:hr>
            <ns3:cad>88</ns3:cad>
          </ns3:TrackPointExtension>
        </extensions>
      </trkpt>
      <trkpt lat="24.52461174689233303070068359375" lon="118.1691238470375537872314453125">
        <ele>10</ele>
        <time>2025-08-11T12:31:32.000Z</time>
        <extensions>
          <ns3:TrackPointExtension>
            <ns3:hr>157</ns3:hr>
            <ns3:cad>88</ns3:cad>
          </ns3:TrackPointExtension>
        </extensions>
      </trkpt>
      <trkpt lat="24.52459079213440418243408203125" lon="118.1691164709627628326416015625">
        <ele>10</ele>
        <time>2025-08-11T12:31:33.000Z</time>
        <extensions>
          <ns3:TrackPointExtension>
            <ns3:hr>157</ns3:hr>
            <ns3:cad>89</ns3:cad>
          </ns3:TrackPointExtension>
        </extensions>
      </trkpt>
      <trkpt lat="24.52456765808165073394775390625" lon="118.169107921421527862548828125">
        <ele>10</ele>
        <time>2025-08-11T12:31:34.000Z</time>
        <extensions>
          <ns3:TrackPointExtension>
            <ns3:hr>158</ns3:hr>
            <ns3:cad>89</ns3:cad>
          </ns3:TrackPointExtension>
        </extensions>
      </trkpt>
      <trkpt lat="24.52454812824726104736328125" lon="118.16910155117511749267578125">
        <ele>10</ele>
        <time>2025-08-11T12:31:35.000Z</time>
        <extensions>
          <ns3:TrackPointExtension>
            <ns3:hr>157</ns3:hr>
            <ns3:cad>89</ns3:cad>
          </ns3:TrackPointExtension>
        </extensions>
      </trkpt>
      <trkpt lat="24.52452239580452442169189453125" lon="118.16909090615808963775634765625">
        <ele>9.80000019073486328125</ele>
        <time>2025-08-11T12:31:36.000Z</time>
        <extensions>
          <ns3:TrackPointExtension>
            <ns3:hr>157</ns3:hr>
            <ns3:cad>89</ns3:cad>
          </ns3:TrackPointExtension>
        </extensions>
      </trkpt>
      <trkpt lat="24.52449892647564411163330078125" lon="118.169083110988140106201171875">
        <ele>9.6000003814697265625</ele>
        <time>2025-08-11T12:31:37.000Z</time>
        <extensions>
          <ns3:TrackPointExtension>
            <ns3:hr>157</ns3:hr>
            <ns3:cad>89</ns3:cad>
          </ns3:TrackPointExtension>
        </extensions>
      </trkpt>
      <trkpt lat="24.52447176910936832427978515625" lon="118.16907699219882488250732421875">
        <ele>9.80000019073486328125</ele>
        <time>2025-08-11T12:31:38.000Z</time>
        <extensions>
          <ns3:TrackPointExtension>
            <ns3:hr>156</ns3:hr>
            <ns3:cad>89</ns3:cad>
          </ns3:TrackPointExtension>
        </extensions>
      </trkpt>
      <trkpt lat="24.52445089817047119140625" lon="118.16907380707561969757080078125">
        <ele>9.80000019073486328125</ele>
        <time>2025-08-11T12:31:39.000Z</time>
        <extensions>
          <ns3:TrackPointExtension>
            <ns3:hr>156</ns3:hr>
            <ns3:cad>89</ns3:cad>
          </ns3:TrackPointExtension>
        </extensions>
      </trkpt>
      <trkpt lat="24.52442516572773456573486328125" lon="118.1690673530101776123046875">
        <ele>9.80000019073486328125</ele>
        <time>2025-08-11T12:31:40.000Z</time>
        <extensions>
          <ns3:TrackPointExtension>
            <ns3:hr>156</ns3:hr>
            <ns3:cad>89</ns3:cad>
          </ns3:TrackPointExtension>
        </extensions>
      </trkpt>
      <trkpt lat="24.5244034565985202789306640625" lon="118.169063664972782135009765625">
        <ele>9.80000019073486328125</ele>
        <time>2025-08-11T12:31:41.000Z</time>
        <extensions>
          <ns3:TrackPointExtension>
            <ns3:hr>156</ns3:hr>
            <ns3:cad>89</ns3:cad>
          </ns3:TrackPointExtension>
        </extensions>
      </trkpt>
      <trkpt lat="24.52438057400286197662353515625" lon="118.1690588034689426422119140625">
        <ele>9.80000019073486328125</ele>
        <time>2025-08-11T12:31:42.000Z</time>
        <extensions>
          <ns3:TrackPointExtension>
            <ns3:hr>156</ns3:hr>
            <ns3:cad>89</ns3:cad>
          </ns3:TrackPointExtension>
        </extensions>
      </trkpt>
      <trkpt lat="24.52435970306396484375" lon="118.1690655089914798736572265625">
        <ele>9.80000019073486328125</ele>
        <time>2025-08-11T12:31:43.000Z</time>
        <extensions>
          <ns3:TrackPointExtension>
            <ns3:hr>156</ns3:hr>
            <ns3:cad>89</ns3:cad>
          </ns3:TrackPointExtension>
        </extensions>
      </trkpt>
      <trkpt lat="24.52432575635612010955810546875" lon="118.16905997693538665771484375">
        <ele>9.80000019073486328125</ele>
        <time>2025-08-11T12:31:44.000Z</time>
        <extensions>
          <ns3:TrackPointExtension>
            <ns3:hr>156</ns3:hr>
            <ns3:cad>90</ns3:cad>
          </ns3:TrackPointExtension>
        </extensions>
      </trkpt>
      <trkpt lat="24.5243022032082080841064453125" lon="118.1690624915063381195068359375">
        <ele>9.80000019073486328125</ele>
        <time>2025-08-11T12:31:45.000Z</time>
        <extensions>
          <ns3:TrackPointExtension>
            <ns3:hr>156</ns3:hr>
            <ns3:cad>90</ns3:cad>
          </ns3:TrackPointExtension>
        </extensions>
      </trkpt>
      <trkpt lat="24.52427613548934459686279296875" lon="118.16905729472637176513671875">
        <ele>9.80000019073486328125</ele>
        <time>2025-08-11T12:31:46.000Z</time>
        <extensions>
          <ns3:TrackPointExtension>
            <ns3:hr>156</ns3:hr>
            <ns3:cad>89</ns3:cad>
          </ns3:TrackPointExtension>
        </extensions>
      </trkpt>
      <trkpt lat="24.52425534836947917938232421875" lon="118.16905737854540348052978515625">
        <ele>9.80000019073486328125</ele>
        <time>2025-08-11T12:31:47.000Z</time>
        <extensions>
          <ns3:TrackPointExtension>
            <ns3:hr>156</ns3:hr>
            <ns3:cad>89</ns3:cad>
          </ns3:TrackPointExtension>
        </extensions>
      </trkpt>
      <trkpt lat="24.52422969974577426910400390625" lon="118.16905017010867595672607421875">
        <ele>9.80000019073486328125</ele>
        <time>2025-08-11T12:31:48.000Z</time>
        <extensions>
          <ns3:TrackPointExtension>
            <ns3:hr>156</ns3:hr>
            <ns3:cad>89</ns3:cad>
          </ns3:TrackPointExtension>
        </extensions>
      </trkpt>
      <trkpt lat="24.52420488931238651275634765625" lon="118.16904195584356784820556640625">
        <ele>9.80000019073486328125</ele>
        <time>2025-08-11T12:31:49.000Z</time>
        <extensions>
          <ns3:TrackPointExtension>
            <ns3:hr>156</ns3:hr>
            <ns3:cad>88</ns3:cad>
          </ns3:TrackPointExtension>
        </extensions>
      </trkpt>
      <trkpt lat="24.52417857013642787933349609375" lon="118.16903675906360149383544921875">
        <ele>9.80000019073486328125</ele>
        <time>2025-08-11T12:31:50.000Z</time>
        <extensions>
          <ns3:TrackPointExtension>
            <ns3:hr>156</ns3:hr>
            <ns3:cad>88</ns3:cad>
          </ns3:TrackPointExtension>
        </extensions>
      </trkpt>
      <trkpt lat="24.52415057457983493804931640625" lon="118.16902703605592250823974609375">
        <ele>9.80000019073486328125</ele>
        <time>2025-08-11T12:31:51.000Z</time>
        <extensions>
          <ns3:TrackPointExtension>
            <ns3:hr>156</ns3:hr>
            <ns3:cad>88</ns3:cad>
          </ns3:TrackPointExtension>
        </extensions>
      </trkpt>
      <trkpt lat="24.5241276919841766357421875" lon="118.1690229289233684539794921875">
        <ele>10</ele>
        <time>2025-08-11T12:31:52.000Z</time>
        <extensions>
          <ns3:TrackPointExtension>
            <ns3:hr>156</ns3:hr>
            <ns3:cad>88</ns3:cad>
          </ns3:TrackPointExtension>
        </extensions>
      </trkpt>
      <trkpt lat="24.524099864065647125244140625" lon="118.169012367725372314453125">
        <ele>10</ele>
        <time>2025-08-11T12:31:53.000Z</time>
        <extensions>
          <ns3:TrackPointExtension>
            <ns3:hr>156</ns3:hr>
            <ns3:cad>88</ns3:cad>
          </ns3:TrackPointExtension>
        </extensions>
      </trkpt>
      <trkpt lat="24.524076394736766815185546875" lon="118.169009685516357421875">
        <ele>10</ele>
        <time>2025-08-11T12:31:54.000Z</time>
        <extensions>
          <ns3:TrackPointExtension>
            <ns3:hr>156</ns3:hr>
            <ns3:cad>88</ns3:cad>
          </ns3:TrackPointExtension>
        </extensions>
      </trkpt>
      <trkpt lat="24.52404697425663471221923828125" lon="118.16899669356644153594970703125">
        <ele>10</ele>
        <time>2025-08-11T12:31:55.000Z</time>
        <extensions>
          <ns3:TrackPointExtension>
            <ns3:hr>156</ns3:hr>
            <ns3:cad>88</ns3:cad>
          </ns3:TrackPointExtension>
        </extensions>
      </trkpt>
      <trkpt lat="24.52402886934578418731689453125" lon="118.168989904224872589111328125">
        <ele>10</ele>
        <time>2025-08-11T12:31:56.000Z</time>
        <extensions>
          <ns3:TrackPointExtension>
            <ns3:hr>155</ns3:hr>
            <ns3:cad>88</ns3:cad>
          </ns3:TrackPointExtension>
        </extensions>
      </trkpt>
      <trkpt lat="24.5239989459514617919921875" lon="118.16897808574140071868896484375">
        <ele>10</ele>
        <time>2025-08-11T12:31:57.000Z</time>
        <extensions>
          <ns3:TrackPointExtension>
            <ns3:hr>155</ns3:hr>
            <ns3:cad>88</ns3:cad>
          </ns3:TrackPointExtension>
        </extensions>
      </trkpt>
      <trkpt lat="24.52398142777383327484130859375" lon="118.16897909156978130340576171875">
        <ele>10</ele>
        <time>2025-08-11T12:31:58.000Z</time>
        <extensions>
          <ns3:TrackPointExtension>
            <ns3:hr>155</ns3:hr>
            <ns3:cad>88</ns3:cad>
          </ns3:TrackPointExtension>
        </extensions>
      </trkpt>
      <trkpt lat="24.52394999563694000244140625" lon="118.16896718926727771759033203125">
        <ele>10</ele>
        <time>2025-08-11T12:31:59.000Z</time>
        <extensions>
          <ns3:TrackPointExtension>
            <ns3:hr>155</ns3:hr>
            <ns3:cad>88</ns3:cad>
          </ns3:TrackPointExtension>
        </extensions>
      </trkpt>
      <trkpt lat="24.52393197454512119293212890625" lon="118.16896635107696056365966796875">
        <ele>10.19999980926513671875</ele>
        <time>2025-08-11T12:32:00.000Z</time>
        <extensions>
          <ns3:TrackPointExtension>
            <ns3:hr>155</ns3:hr>
            <ns3:cad>88</ns3:cad>
          </ns3:TrackPointExtension>
        </extensions>
      </trkpt>
      <trkpt lat="24.52390682883560657501220703125" lon="118.16896165721118450164794921875">
        <ele>10.19999980926513671875</ele>
        <time>2025-08-11T12:32:01.000Z</time>
        <extensions>
          <ns3:TrackPointExtension>
            <ns3:hr>155</ns3:hr>
            <ns3:cad>88</ns3:cad>
          </ns3:TrackPointExtension>
        </extensions>
      </trkpt>
      <trkpt lat="24.52388620935380458831787109375" lon="118.16895964555442333221435546875">
        <ele>10.19999980926513671875</ele>
        <time>2025-08-11T12:32:02.000Z</time>
        <extensions>
          <ns3:TrackPointExtension>
            <ns3:hr>154</ns3:hr>
            <ns3:cad>88</ns3:cad>
          </ns3:TrackPointExtension>
        </extensions>
      </trkpt>
      <trkpt lat="24.5238599739968776702880859375" lon="118.1689568795263767242431640625">
        <ele>10.19999980926513671875</ele>
        <time>2025-08-11T12:32:03.000Z</time>
        <extensions>
          <ns3:TrackPointExtension>
            <ns3:hr>154</ns3:hr>
            <ns3:cad>88</ns3:cad>
          </ns3:TrackPointExtension>
        </extensions>
      </trkpt>
      <trkpt lat="24.52383424155414104461669921875" lon="118.16895243711769580841064453125">
        <ele>10.19999980926513671875</ele>
        <time>2025-08-11T12:32:04.000Z</time>
        <extensions>
          <ns3:TrackPointExtension>
            <ns3:hr>154</ns3:hr>
            <ns3:cad>88</ns3:cad>
          </ns3:TrackPointExtension>
        </extensions>
      </trkpt>
      <trkpt lat="24.523810856044292449951171875" lon="118.1689520180225372314453125">
        <ele>10.19999980926513671875</ele>
        <time>2025-08-11T12:32:05.000Z</time>
        <extensions>
          <ns3:TrackPointExtension>
            <ns3:hr>154</ns3:hr>
            <ns3:cad>88</ns3:cad>
          </ns3:TrackPointExtension>
        </extensions>
      </trkpt>
      <trkpt lat="24.5237828604876995086669921875" lon="118.1689427979290485382080078125">
        <ele>10.19999980926513671875</ele>
        <time>2025-08-11T12:32:06.000Z</time>
        <extensions>
          <ns3:TrackPointExtension>
            <ns3:hr>154</ns3:hr>
            <ns3:cad>88</ns3:cad>
          </ns3:TrackPointExtension>
        </extensions>
      </trkpt>
      <trkpt lat="24.5237655937671661376953125" lon="118.16893684677779674530029296875">
        <ele>10.19999980926513671875</ele>
        <time>2025-08-11T12:32:07.000Z</time>
        <extensions>
          <ns3:TrackPointExtension>
            <ns3:hr>154</ns3:hr>
            <ns3:cad>88</ns3:cad>
          </ns3:TrackPointExtension>
        </extensions>
      </trkpt>
      <trkpt lat="24.52373935841023921966552734375" lon="118.16892561502754688262939453125">
        <ele>10.19999980926513671875</ele>
        <time>2025-08-11T12:32:08.000Z</time>
        <extensions>
          <ns3:TrackPointExtension>
            <ns3:hr>154</ns3:hr>
            <ns3:cad>88</ns3:cad>
          </ns3:TrackPointExtension>
        </extensions>
      </trkpt>
      <trkpt lat="24.52372200787067413330078125" lon="118.16891756840050220489501953125">
        <ele>10.19999980926513671875</ele>
        <time>2025-08-11T12:32:09.000Z</time>
        <extensions>
          <ns3:TrackPointExtension>
            <ns3:hr>154</ns3:hr>
            <ns3:cad>88</ns3:cad>
          </ns3:TrackPointExtension>
        </extensions>
      </trkpt>
      <trkpt lat="24.52369761653244495391845703125" lon="118.16890600137412548065185546875">
        <ele>10.19999980926513671875</ele>
        <time>2025-08-11T12:32:10.000Z</time>
        <extensions>
          <ns3:TrackPointExtension>
            <ns3:hr>154</ns3:hr>
            <ns3:cad>87</ns3:cad>
          </ns3:TrackPointExtension>
        </extensions>
      </trkpt>
      <trkpt lat="24.52367984689772129058837890625" lon="118.16890038549900054931640625">
        <ele>10.19999980926513671875</ele>
        <time>2025-08-11T12:32:11.000Z</time>
        <extensions>
          <ns3:TrackPointExtension>
            <ns3:hr>154</ns3:hr>
            <ns3:cad>87</ns3:cad>
          </ns3:TrackPointExtension>
        </extensions>
      </trkpt>
      <trkpt lat="24.52365436591207981109619140625" lon="118.168890662491321563720703125">
        <ele>10.19999980926513671875</ele>
        <time>2025-08-11T12:32:12.000Z</time>
        <extensions>
          <ns3:TrackPointExtension>
            <ns3:hr>154</ns3:hr>
            <ns3:cad>87</ns3:cad>
          </ns3:TrackPointExtension>
        </extensions>
      </trkpt>
      <trkpt lat="24.52363508753478527069091796875" lon="118.1688822805881500244140625">
        <ele>10.19999980926513671875</ele>
        <time>2025-08-11T12:32:13.000Z</time>
        <extensions>
          <ns3:TrackPointExtension>
            <ns3:hr>154</ns3:hr>
            <ns3:cad>87</ns3:cad>
          </ns3:TrackPointExtension>
        </extensions>
      </trkpt>
      <trkpt lat="24.52361027710139751434326171875" lon="118.16887247376143932342529296875">
        <ele>10.19999980926513671875</ele>
        <time>2025-08-11T12:32:14.000Z</time>
        <extensions>
          <ns3:TrackPointExtension>
            <ns3:hr>154</ns3:hr>
            <ns3:cad>87</ns3:cad>
          </ns3:TrackPointExtension>
        </extensions>
      </trkpt>
      <trkpt lat="24.5235877297818660736083984375" lon="118.168860487639904022216796875">
        <ele>10.19999980926513671875</ele>
        <time>2025-08-11T12:32:15.000Z</time>
        <extensions>
          <ns3:TrackPointExtension>
            <ns3:hr>154</ns3:hr>
            <ns3:cad>87</ns3:cad>
          </ns3:TrackPointExtension>
        </extensions>
      </trkpt>
      <trkpt lat="24.52356778085231781005859375" lon="118.1688495911657810211181640625">
        <ele>10.19999980926513671875</ele>
        <time>2025-08-11T12:32:16.000Z</time>
        <extensions>
          <ns3:TrackPointExtension>
            <ns3:hr>154</ns3:hr>
            <ns3:cad>87</ns3:cad>
          </ns3:TrackPointExtension>
        </extensions>
      </trkpt>
      <trkpt lat="24.52354456298053264617919921875" lon="118.16883928142488002777099609375">
        <ele>10.19999980926513671875</ele>
        <time>2025-08-11T12:32:17.000Z</time>
        <extensions>
          <ns3:TrackPointExtension>
            <ns3:hr>154</ns3:hr>
            <ns3:cad>87</ns3:cad>
          </ns3:TrackPointExtension>
        </extensions>
      </trkpt>
      <trkpt lat="24.5235270448029041290283203125" lon="118.1688338331878185272216796875">
        <ele>10.19999980926513671875</ele>
        <time>2025-08-11T12:32:18.000Z</time>
        <extensions>
          <ns3:TrackPointExtension>
            <ns3:hr>154</ns3:hr>
            <ns3:cad>87</ns3:cad>
          </ns3:TrackPointExtension>
        </extensions>
      </trkpt>
      <trkpt lat="24.523503072559833526611328125" lon="118.1688247807323932647705078125">
        <ele>10.19999980926513671875</ele>
        <time>2025-08-11T12:32:19.000Z</time>
        <extensions>
          <ns3:TrackPointExtension>
            <ns3:hr>154</ns3:hr>
            <ns3:cad>87</ns3:cad>
          </ns3:TrackPointExtension>
        </extensions>
      </trkpt>
      <trkpt lat="24.52348857186734676361083984375" lon="118.16881966777145862579345703125">
        <ele>10.19999980926513671875</ele>
        <time>2025-08-11T12:32:20.000Z</time>
        <extensions>
          <ns3:TrackPointExtension>
            <ns3:hr>153</ns3:hr>
            <ns3:cad>88</ns3:cad>
          </ns3:TrackPointExtension>
        </extensions>
      </trkpt>
      <trkpt lat="24.52346610836684703826904296875" lon="118.16881061531603336334228515625">
        <ele>10.19999980926513671875</ele>
        <time>2025-08-11T12:32:21.000Z</time>
        <extensions>
          <ns3:TrackPointExtension>
            <ns3:hr>154</ns3:hr>
            <ns3:cad>87</ns3:cad>
          </ns3:TrackPointExtension>
        </extensions>
      </trkpt>
      <trkpt lat="24.5234490931034088134765625" lon="118.1688029877841472625732421875">
        <ele>10.19999980926513671875</ele>
        <time>2025-08-11T12:32:22.000Z</time>
        <extensions>
          <ns3:TrackPointExtension>
            <ns3:hr>154</ns3:hr>
            <ns3:cad>88</ns3:cad>
          </ns3:TrackPointExtension>
        </extensions>
      </trkpt>
      <trkpt lat="24.52342428267002105712890625" lon="118.16878882236778736114501953125">
        <ele>10.19999980926513671875</ele>
        <time>2025-08-11T12:32:23.000Z</time>
        <extensions>
          <ns3:TrackPointExtension>
            <ns3:hr>154</ns3:hr>
            <ns3:cad>88</ns3:cad>
          </ns3:TrackPointExtension>
        </extensions>
      </trkpt>
      <trkpt lat="24.52340290881693363189697265625" lon="118.168780691921710968017578125">
        <ele>10.19999980926513671875</ele>
        <time>2025-08-11T12:32:24.000Z</time>
        <extensions>
          <ns3:TrackPointExtension>
            <ns3:hr>154</ns3:hr>
            <ns3:cad>88</ns3:cad>
          </ns3:TrackPointExtension>
        </extensions>
      </trkpt>
      <trkpt lat="24.52338002622127532958984375" lon="118.16877122037112712860107421875">
        <ele>10.19999980926513671875</ele>
        <time>2025-08-11T12:32:25.000Z</time>
        <extensions>
          <ns3:TrackPointExtension>
            <ns3:hr>154</ns3:hr>
            <ns3:cad>88</ns3:cad>
          </ns3:TrackPointExtension>
        </extensions>
      </trkpt>
      <trkpt lat="24.523360244929790496826171875" lon="118.16876233555376529693603515625">
        <ele>10.19999980926513671875</ele>
        <time>2025-08-11T12:32:26.000Z</time>
        <extensions>
          <ns3:TrackPointExtension>
            <ns3:hr>155</ns3:hr>
            <ns3:cad>88</ns3:cad>
          </ns3:TrackPointExtension>
        </extensions>
      </trkpt>
      <trkpt lat="24.5233423076570034027099609375" lon="118.168755881488323211669921875">
        <ele>10.19999980926513671875</ele>
        <time>2025-08-11T12:32:27.000Z</time>
        <extensions>
          <ns3:TrackPointExtension>
            <ns3:hr>155</ns3:hr>
            <ns3:cad>88</ns3:cad>
          </ns3:TrackPointExtension>
        </extensions>
      </trkpt>
      <trkpt lat="24.52332395128905773162841796875" lon="118.16874389536678791046142578125">
        <ele>10.3999996185302734375</ele>
        <time>2025-08-11T12:32:28.000Z</time>
        <extensions>
          <ns3:TrackPointExtension>
            <ns3:hr>155</ns3:hr>
            <ns3:cad>88</ns3:cad>
          </ns3:TrackPointExtension>
        </extensions>
      </trkpt>
      <trkpt lat="24.523304589092731475830078125" lon="118.16873936913907527923583984375">
        <ele>10.6000003814697265625</ele>
        <time>2025-08-11T12:32:29.000Z</time>
        <extensions>
          <ns3:TrackPointExtension>
            <ns3:hr>155</ns3:hr>
            <ns3:cad>88</ns3:cad>
          </ns3:TrackPointExtension>
        </extensions>
      </trkpt>
      <trkpt lat="24.5232839696109294891357421875" lon="118.1687325797975063323974609375">
        <ele>10.6000003814697265625</ele>
        <time>2025-08-11T12:32:30.000Z</time>
        <extensions>
          <ns3:TrackPointExtension>
            <ns3:hr>156</ns3:hr>
            <ns3:cad>88</ns3:cad>
          </ns3:TrackPointExtension>
        </extensions>
      </trkpt>
      <trkpt lat="24.5232586562633514404296875" lon="118.168728053569793701171875">
        <ele>10.6000003814697265625</ele>
        <time>2025-08-11T12:32:31.000Z</time>
        <extensions>
          <ns3:TrackPointExtension>
            <ns3:hr>156</ns3:hr>
            <ns3:cad>88</ns3:cad>
          </ns3:TrackPointExtension>
        </extensions>
      </trkpt>
      <trkpt lat="24.52323225326836109161376953125" lon="118.16871690563857555389404296875">
        <ele>10.6000003814697265625</ele>
        <time>2025-08-11T12:32:32.000Z</time>
        <extensions>
          <ns3:TrackPointExtension>
            <ns3:hr>156</ns3:hr>
            <ns3:cad>88</ns3:cad>
          </ns3:TrackPointExtension>
        </extensions>
      </trkpt>
      <trkpt lat="24.52320978976786136627197265625" lon="118.16870802082121372222900390625">
        <ele>10.6000003814697265625</ele>
        <time>2025-08-11T12:32:33.000Z</time>
        <extensions>
          <ns3:TrackPointExtension>
            <ns3:hr>155</ns3:hr>
            <ns3:cad>88</ns3:cad>
          </ns3:TrackPointExtension>
        </extensions>
      </trkpt>
      <trkpt lat="24.52318816445767879486083984375" lon="118.16869460977613925933837890625">
        <ele>10.3999996185302734375</ele>
        <time>2025-08-11T12:32:34.000Z</time>
        <extensions>
          <ns3:TrackPointExtension>
            <ns3:hr>156</ns3:hr>
            <ns3:cad>88</ns3:cad>
          </ns3:TrackPointExtension>
        </extensions>
      </trkpt>
      <trkpt lat="24.52316821552813053131103515625" lon="118.16868606023490428924560546875">
        <ele>10.3999996185302734375</ele>
        <time>2025-08-11T12:32:35.000Z</time>
        <extensions>
          <ns3:TrackPointExtension>
            <ns3:hr>156</ns3:hr>
            <ns3:cad>88</ns3:cad>
          </ns3:TrackPointExtension>
        </extensions>
      </trkpt>
      <trkpt lat="24.5231408067047595977783203125" lon="118.16867264918982982635498046875">
        <ele>10.3999996185302734375</ele>
        <time>2025-08-11T12:32:36.000Z</time>
        <extensions>
          <ns3:TrackPointExtension>
            <ns3:hr>156</ns3:hr>
            <ns3:cad>89</ns3:cad>
          </ns3:TrackPointExtension>
        </extensions>
      </trkpt>
      <trkpt lat="24.52312228269875049591064453125" lon="118.168664686381816864013671875">
        <ele>10.3999996185302734375</ele>
        <time>2025-08-11T12:32:37.000Z</time>
        <extensions>
          <ns3:TrackPointExtension>
            <ns3:hr>156</ns3:hr>
            <ns3:cad>89</ns3:cad>
          </ns3:TrackPointExtension>
        </extensions>
      </trkpt>
      <trkpt lat="24.52309529297053813934326171875" lon="118.16865672357380390167236328125">
        <ele>10.3999996185302734375</ele>
        <time>2025-08-11T12:32:38.000Z</time>
        <extensions>
          <ns3:TrackPointExtension>
            <ns3:hr>156</ns3:hr>
            <ns3:cad>88</ns3:cad>
          </ns3:TrackPointExtension>
        </extensions>
      </trkpt>
      <trkpt lat="24.52307919971644878387451171875" lon="118.16865152679383754730224609375">
        <ele>10.6000003814697265625</ele>
        <time>2025-08-11T12:32:39.000Z</time>
        <extensions>
          <ns3:TrackPointExtension>
            <ns3:hr>157</ns3:hr>
            <ns3:cad>88</ns3:cad>
          </ns3:TrackPointExtension>
        </extensions>
      </trkpt>
      <trkpt lat="24.5230499468743801116943359375" lon="118.1686353497207164764404296875">
        <ele>10.3999996185302734375</ele>
        <time>2025-08-11T12:32:40.000Z</time>
        <extensions>
          <ns3:TrackPointExtension>
            <ns3:hr>157</ns3:hr>
            <ns3:cad>88</ns3:cad>
          </ns3:TrackPointExtension>
        </extensions>
      </trkpt>
      <trkpt lat="24.5230284892022609710693359375" lon="118.16863191314041614532470703125">
        <ele>10.3999996185302734375</ele>
        <time>2025-08-11T12:32:41.000Z</time>
        <extensions>
          <ns3:TrackPointExtension>
            <ns3:hr>158</ns3:hr>
            <ns3:cad>88</ns3:cad>
          </ns3:TrackPointExtension>
        </extensions>
      </trkpt>
      <trkpt lat="24.523005187511444091796875" lon="118.16861850209534168243408203125">
        <ele>10.3999996185302734375</ele>
        <time>2025-08-11T12:32:42.000Z</time>
        <extensions>
          <ns3:TrackPointExtension>
            <ns3:hr>158</ns3:hr>
            <ns3:cad>89</ns3:cad>
          </ns3:TrackPointExtension>
        </extensions>
      </trkpt>
      <trkpt lat="24.522980041801929473876953125" lon="118.16860668361186981201171875">
        <ele>10.3999996185302734375</ele>
        <time>2025-08-11T12:32:43.000Z</time>
        <extensions>
          <ns3:TrackPointExtension>
            <ns3:hr>158</ns3:hr>
            <ns3:cad>89</ns3:cad>
          </ns3:TrackPointExtension>
        </extensions>
      </trkpt>
      <trkpt lat="24.52294324524700641632080078125" lon="118.1685860641300678253173828125">
        <ele>10.3999996185302734375</ele>
        <time>2025-08-11T12:32:44.000Z</time>
        <extensions>
          <ns3:TrackPointExtension>
            <ns3:hr>158</ns3:hr>
            <ns3:cad>89</ns3:cad>
          </ns3:TrackPointExtension>
        </extensions>
      </trkpt>
      <trkpt lat="24.52292363159358501434326171875" lon="118.168578185141086578369140625">
        <ele>10.6000003814697265625</ele>
        <time>2025-08-11T12:32:45.000Z</time>
        <extensions>
          <ns3:TrackPointExtension>
            <ns3:hr>158</ns3:hr>
            <ns3:cad>89</ns3:cad>
          </ns3:TrackPointExtension>
        </extensions>
      </trkpt>
      <trkpt lat="24.52289379201829433441162109375" lon="118.16855915822088718414306640625">
        <ele>10.6000003814697265625</ele>
        <time>2025-08-11T12:32:46.000Z</time>
        <extensions>
          <ns3:TrackPointExtension>
            <ns3:hr>158</ns3:hr>
            <ns3:cad>88</ns3:cad>
          </ns3:TrackPointExtension>
        </extensions>
      </trkpt>
      <trkpt lat="24.52287669293582439422607421875" lon="118.1685518659651279449462890625">
        <ele>10.6000003814697265625</ele>
        <time>2025-08-11T12:32:47.000Z</time>
        <extensions>
          <ns3:TrackPointExtension>
            <ns3:hr>159</ns3:hr>
            <ns3:cad>88</ns3:cad>
          </ns3:TrackPointExtension>
        </extensions>
      </trkpt>
      <trkpt lat="24.52285070903599262237548828125" lon="118.16853418014943599700927734375">
        <ele>10.6000003814697265625</ele>
        <time>2025-08-11T12:32:48.000Z</time>
        <extensions>
          <ns3:TrackPointExtension>
            <ns3:hr>159</ns3:hr>
            <ns3:cad>88</ns3:cad>
          </ns3:TrackPointExtension>
        </extensions>
      </trkpt>
      <trkpt lat="24.522834531962871551513671875" lon="118.16852982155978679656982421875">
        <ele>10.3999996185302734375</ele>
        <time>2025-08-11T12:32:49.000Z</time>
        <extensions>
          <ns3:TrackPointExtension>
            <ns3:hr>159</ns3:hr>
            <ns3:cad>89</ns3:cad>
          </ns3:TrackPointExtension>
        </extensions>
      </trkpt>
      <trkpt lat="24.5228078775107860565185546875" lon="118.16851674579083919525146484375">
        <ele>10.3999996185302734375</ele>
        <time>2025-08-11T12:32:50.000Z</time>
        <extensions>
          <ns3:TrackPointExtension>
            <ns3:hr>159</ns3:hr>
            <ns3:cad>89</ns3:cad>
          </ns3:TrackPointExtension>
        </extensions>
      </trkpt>
      <trkpt lat="24.5227854140102863311767578125" lon="118.168510459363460540771484375">
        <ele>10.3999996185302734375</ele>
        <time>2025-08-11T12:32:51.000Z</time>
        <extensions>
          <ns3:TrackPointExtension>
            <ns3:hr>159</ns3:hr>
            <ns3:cad>89</ns3:cad>
          </ns3:TrackPointExtension>
        </extensions>
      </trkpt>
      <trkpt lat="24.52275641262531280517578125" lon="118.16849830560386180877685546875">
        <ele>10.3999996185302734375</ele>
        <time>2025-08-11T12:32:52.000Z</time>
        <extensions>
          <ns3:TrackPointExtension>
            <ns3:hr>159</ns3:hr>
            <ns3:cad>89</ns3:cad>
          </ns3:TrackPointExtension>
        </extensions>
      </trkpt>
      <trkpt lat="24.5227351225912570953369140625" lon="118.16848506219685077667236328125">
        <ele>10.3999996185302734375</ele>
        <time>2025-08-11T12:32:53.000Z</time>
        <extensions>
          <ns3:TrackPointExtension>
            <ns3:hr>160</ns3:hr>
            <ns3:cad>89</ns3:cad>
          </ns3:TrackPointExtension>
        </extensions>
      </trkpt>
      <trkpt lat="24.5227126590907573699951171875" lon="118.16846787929534912109375">
        <ele>10.3999996185302734375</ele>
        <time>2025-08-11T12:32:54.000Z</time>
        <extensions>
          <ns3:TrackPointExtension>
            <ns3:hr>160</ns3:hr>
            <ns3:cad>89</ns3:cad>
          </ns3:TrackPointExtension>
        </extensions>
      </trkpt>
      <trkpt lat="24.522688351571559906005859375" lon="118.16845245659351348876953125">
        <ele>10.6000003814697265625</ele>
        <time>2025-08-11T12:32:55.000Z</time>
        <extensions>
          <ns3:TrackPointExtension>
            <ns3:hr>160</ns3:hr>
            <ns3:cad>89</ns3:cad>
          </ns3:TrackPointExtension>
        </extensions>
      </trkpt>
      <trkpt lat="24.522662870585918426513671875" lon="118.16843678243458271026611328125">
        <ele>10.3999996185302734375</ele>
        <time>2025-08-11T12:32:56.000Z</time>
        <extensions>
          <ns3:TrackPointExtension>
            <ns3:hr>160</ns3:hr>
            <ns3:cad>89</ns3:cad>
          </ns3:TrackPointExtension>
        </extensions>
      </trkpt>
      <trkpt lat="24.5226415805518627166748046875" lon="118.1684234552085399627685546875">
        <ele>10.3999996185302734375</ele>
        <time>2025-08-11T12:32:57.000Z</time>
        <extensions>
          <ns3:TrackPointExtension>
            <ns3:hr>161</ns3:hr>
            <ns3:cad>89</ns3:cad>
          </ns3:TrackPointExtension>
        </extensions>
      </trkpt>
      <trkpt lat="24.52261953614652156829833984375" lon="118.1684076972305774688720703125">
        <ele>10.6000003814697265625</ele>
        <time>2025-08-11T12:32:58.000Z</time>
        <extensions>
          <ns3:TrackPointExtension>
            <ns3:hr>161</ns3:hr>
            <ns3:cad>89</ns3:cad>
          </ns3:TrackPointExtension>
        </extensions>
      </trkpt>
      <trkpt lat="24.5225986652076244354248046875" lon="118.168393112719058990478515625">
        <ele>10.6000003814697265625</ele>
        <time>2025-08-11T12:32:59.000Z</time>
        <extensions>
          <ns3:TrackPointExtension>
            <ns3:hr>161</ns3:hr>
            <ns3:cad>89</ns3:cad>
          </ns3:TrackPointExtension>
        </extensions>
      </trkpt>
      <trkpt lat="24.522571675479412078857421875" lon="118.1683780252933502197265625">
        <ele>10.6000003814697265625</ele>
        <time>2025-08-11T12:33:00.000Z</time>
        <extensions>
          <ns3:TrackPointExtension>
            <ns3:hr>161</ns3:hr>
            <ns3:cad>89</ns3:cad>
          </ns3:TrackPointExtension>
        </extensions>
      </trkpt>
      <trkpt lat="24.52254979871213436126708984375" lon="118.1683657877147197723388671875">
        <ele>10.6000003814697265625</ele>
        <time>2025-08-11T12:33:01.000Z</time>
        <extensions>
          <ns3:TrackPointExtension>
            <ns3:hr>162</ns3:hr>
            <ns3:cad>89</ns3:cad>
          </ns3:TrackPointExtension>
        </extensions>
      </trkpt>
      <trkpt lat="24.52252498827874660491943359375" lon="118.16834894008934497833251953125">
        <ele>10.6000003814697265625</ele>
        <time>2025-08-11T12:33:02.000Z</time>
        <extensions>
          <ns3:TrackPointExtension>
            <ns3:hr>162</ns3:hr>
            <ns3:cad>89</ns3:cad>
          </ns3:TrackPointExtension>
        </extensions>
      </trkpt>
      <trkpt lat="24.5225010998547077178955078125" lon="118.1683297455310821533203125">
        <ele>10.6000003814697265625</ele>
        <time>2025-08-11T12:33:03.000Z</time>
        <extensions>
          <ns3:TrackPointExtension>
            <ns3:hr>162</ns3:hr>
            <ns3:cad>89</ns3:cad>
          </ns3:TrackPointExtension>
        </extensions>
      </trkpt>
      <trkpt lat="24.52247855253517627716064453125" lon="118.16831591539084911346435546875">
        <ele>10.6000003814697265625</ele>
        <time>2025-08-11T12:33:04.000Z</time>
        <extensions>
          <ns3:TrackPointExtension>
            <ns3:hr>163</ns3:hr>
            <ns3:cad>89</ns3:cad>
          </ns3:TrackPointExtension>
        </extensions>
      </trkpt>
      <trkpt lat="24.52245860360562801361083984375" lon="118.16830149851739406585693359375">
        <ele>10.6000003814697265625</ele>
        <time>2025-08-11T12:33:05.000Z</time>
        <extensions>
          <ns3:TrackPointExtension>
            <ns3:hr>163</ns3:hr>
            <ns3:cad>89</ns3:cad>
          </ns3:TrackPointExtension>
        </extensions>
      </trkpt>
      <trkpt lat="24.52243111096322536468505859375" lon="118.16828691400587558746337890625">
        <ele>10.6000003814697265625</ele>
        <time>2025-08-11T12:33:06.000Z</time>
        <extensions>
          <ns3:TrackPointExtension>
            <ns3:hr>163</ns3:hr>
            <ns3:cad>89</ns3:cad>
          </ns3:TrackPointExtension>
        </extensions>
      </trkpt>
      <trkpt lat="24.52241241931915283203125" lon="118.16827232949435710906982421875">
        <ele>10.6000003814697265625</ele>
        <time>2025-08-11T12:33:07.000Z</time>
        <extensions>
          <ns3:TrackPointExtension>
            <ns3:hr>163</ns3:hr>
            <ns3:cad>89</ns3:cad>
          </ns3:TrackPointExtension>
        </extensions>
      </trkpt>
      <trkpt lat="24.5223881117999553680419921875" lon="118.168257661163806915283203125">
        <ele>10.6000003814697265625</ele>
        <time>2025-08-11T12:33:08.000Z</time>
        <extensions>
          <ns3:TrackPointExtension>
            <ns3:hr>163</ns3:hr>
            <ns3:cad>88</ns3:cad>
          </ns3:TrackPointExtension>
        </extensions>
      </trkpt>
      <trkpt lat="24.5223669894039630889892578125" lon="118.1682437472045421600341796875">
        <ele>10.6000003814697265625</ele>
        <time>2025-08-11T12:33:09.000Z</time>
        <extensions>
          <ns3:TrackPointExtension>
            <ns3:hr>163</ns3:hr>
            <ns3:cad>88</ns3:cad>
          </ns3:TrackPointExtension>
        </extensions>
      </trkpt>
      <trkpt lat="24.52234804630279541015625" lon="118.16822715103626251220703125">
        <ele>10.6000003814697265625</ele>
        <time>2025-08-11T12:33:10.000Z</time>
        <extensions>
          <ns3:TrackPointExtension>
            <ns3:hr>164</ns3:hr>
            <ns3:cad>89</ns3:cad>
          </ns3:TrackPointExtension>
        </extensions>
      </trkpt>
      <trkpt lat="24.522329270839691162109375" lon="118.1682117283344268798828125">
        <ele>10.6000003814697265625</ele>
        <time>2025-08-11T12:33:11.000Z</time>
        <extensions>
          <ns3:TrackPointExtension>
            <ns3:hr>164</ns3:hr>
            <ns3:cad>89</ns3:cad>
          </ns3:TrackPointExtension>
        </extensions>
      </trkpt>
      <trkpt lat="24.52231275849044322967529296875" lon="118.1682001613080501556396484375">
        <ele>10.6000003814697265625</ele>
        <time>2025-08-11T12:33:12.000Z</time>
        <extensions>
          <ns3:TrackPointExtension>
            <ns3:hr>164</ns3:hr>
            <ns3:cad>89</ns3:cad>
          </ns3:TrackPointExtension>
        </extensions>
      </trkpt>
      <trkpt lat="24.52229113318026065826416015625" lon="118.16818297840654850006103515625">
        <ele>10.6000003814697265625</ele>
        <time>2025-08-11T12:33:13.000Z</time>
        <extensions>
          <ns3:TrackPointExtension>
            <ns3:hr>164</ns3:hr>
            <ns3:cad>89</ns3:cad>
          </ns3:TrackPointExtension>
        </extensions>
      </trkpt>
      <trkpt lat="24.5222707651555538177490234375" lon="118.168165124952793121337890625">
        <ele>10.6000003814697265625</ele>
        <time>2025-08-11T12:33:14.000Z</time>
        <extensions>
          <ns3:TrackPointExtension>
            <ns3:hr>164</ns3:hr>
            <ns3:cad>89</ns3:cad>
          </ns3:TrackPointExtension>
        </extensions>
      </trkpt>
      <trkpt lat="24.5222516544163227081298828125" lon="118.16815179772675037384033203125">
        <ele>10.6000003814697265625</ele>
        <time>2025-08-11T12:33:15.000Z</time>
        <extensions>
          <ns3:TrackPointExtension>
            <ns3:hr>164</ns3:hr>
            <ns3:cad>89</ns3:cad>
          </ns3:TrackPointExtension>
        </extensions>
      </trkpt>
      <trkpt lat="24.5222315378487110137939453125" lon="118.1681351177394390106201171875">
        <ele>10.6000003814697265625</ele>
        <time>2025-08-11T12:33:16.000Z</time>
        <extensions>
          <ns3:TrackPointExtension>
            <ns3:hr>165</ns3:hr>
            <ns3:cad>89</ns3:cad>
          </ns3:TrackPointExtension>
        </extensions>
      </trkpt>
      <trkpt lat="24.52220982871949672698974609375" lon="118.168119527399539947509765625">
        <ele>10.3999996185302734375</ele>
        <time>2025-08-11T12:33:17.000Z</time>
        <extensions>
          <ns3:TrackPointExtension>
            <ns3:hr>164</ns3:hr>
            <ns3:cad>89</ns3:cad>
          </ns3:TrackPointExtension>
        </extensions>
      </trkpt>
      <trkpt lat="24.522192813456058502197265625" lon="118.1681096367537975311279296875">
        <ele>10.3999996185302734375</ele>
        <time>2025-08-11T12:33:18.000Z</time>
        <extensions>
          <ns3:TrackPointExtension>
            <ns3:hr>165</ns3:hr>
            <ns3:cad>89</ns3:cad>
          </ns3:TrackPointExtension>
        </extensions>
      </trkpt>
      <trkpt lat="24.5221711881458759307861328125" lon="118.1680958904325962066650390625">
        <ele>10.6000003814697265625</ele>
        <time>2025-08-11T12:33:19.000Z</time>
        <extensions>
          <ns3:TrackPointExtension>
            <ns3:hr>165</ns3:hr>
            <ns3:cad>89</ns3:cad>
          </ns3:TrackPointExtension>
        </extensions>
      </trkpt>
      <trkpt lat="24.52214755117893218994140625" lon="118.16808373667299747467041015625">
        <ele>10.6000003814697265625</ele>
        <time>2025-08-11T12:33:20.000Z</time>
        <extensions>
          <ns3:TrackPointExtension>
            <ns3:hr>165</ns3:hr>
            <ns3:cad>89</ns3:cad>
          </ns3:TrackPointExtension>
        </extensions>
      </trkpt>
      <trkpt lat="24.52212634496390819549560546875" lon="118.16806915216147899627685546875">
        <ele>10.6000003814697265625</ele>
        <time>2025-08-11T12:33:21.000Z</time>
        <extensions>
          <ns3:TrackPointExtension>
            <ns3:hr>165</ns3:hr>
            <ns3:cad>89</ns3:cad>
          </ns3:TrackPointExtension>
        </extensions>
      </trkpt>
      <trkpt lat="24.5221051387488842010498046875" lon="118.16805440001189708709716796875">
        <ele>10.6000003814697265625</ele>
        <time>2025-08-11T12:33:22.000Z</time>
        <extensions>
          <ns3:TrackPointExtension>
            <ns3:hr>164</ns3:hr>
            <ns3:cad>89</ns3:cad>
          </ns3:TrackPointExtension>
        </extensions>
      </trkpt>
      <trkpt lat="24.52208560891449451446533203125" lon="118.168036378920078277587890625">
        <ele>10.6000003814697265625</ele>
        <time>2025-08-11T12:33:23.000Z</time>
        <extensions>
          <ns3:TrackPointExtension>
            <ns3:hr>164</ns3:hr>
            <ns3:cad>89</ns3:cad>
          </ns3:TrackPointExtension>
        </extensions>
      </trkpt>
      <trkpt lat="24.5220679230988025665283203125" lon="118.16802196204662322998046875">
        <ele>10.6000003814697265625</ele>
        <time>2025-08-11T12:33:24.000Z</time>
        <extensions>
          <ns3:TrackPointExtension>
            <ns3:hr>164</ns3:hr>
            <ns3:cad>89</ns3:cad>
          </ns3:TrackPointExtension>
        </extensions>
      </trkpt>
      <trkpt lat="24.52204763889312744140625" lon="118.16800318658351898193359375">
        <ele>10.6000003814697265625</ele>
        <time>2025-08-11T12:33:25.000Z</time>
        <extensions>
          <ns3:TrackPointExtension>
            <ns3:hr>165</ns3:hr>
            <ns3:cad>89</ns3:cad>
          </ns3:TrackPointExtension>
        </extensions>
      </trkpt>
      <trkpt lat="24.5220283605158329010009765625" lon="118.16799304448068141937255859375">
        <ele>10.6000003814697265625</ele>
        <time>2025-08-11T12:33:26.000Z</time>
        <extensions>
          <ns3:TrackPointExtension>
            <ns3:hr>164</ns3:hr>
            <ns3:cad>89</ns3:cad>
          </ns3:TrackPointExtension>
        </extensions>
      </trkpt>
      <trkpt lat="24.5220042206346988677978515625" lon="118.16797795705497264862060546875">
        <ele>10.6000003814697265625</ele>
        <time>2025-08-11T12:33:27.000Z</time>
        <extensions>
          <ns3:TrackPointExtension>
            <ns3:hr>164</ns3:hr>
            <ns3:cad>88</ns3:cad>
          </ns3:TrackPointExtension>
        </extensions>
      </trkpt>
      <trkpt lat="24.52198259532451629638671875" lon="118.1679644621908664703369140625">
        <ele>10.6000003814697265625</ele>
        <time>2025-08-11T12:33:28.000Z</time>
        <extensions>
          <ns3:TrackPointExtension>
            <ns3:hr>165</ns3:hr>
            <ns3:cad>88</ns3:cad>
          </ns3:TrackPointExtension>
        </extensions>
      </trkpt>
      <trkpt lat="24.52195837162435054779052734375" lon="118.167945854365825653076171875">
        <ele>10.6000003814697265625</ele>
        <time>2025-08-11T12:33:29.000Z</time>
        <extensions>
          <ns3:TrackPointExtension>
            <ns3:hr>164</ns3:hr>
            <ns3:cad>88</ns3:cad>
          </ns3:TrackPointExtension>
        </extensions>
      </trkpt>
      <trkpt lat="24.52193724922835826873779296875" lon="118.167931772768497467041015625">
        <ele>10.6000003814697265625</ele>
        <time>2025-08-11T12:33:30.000Z</time>
        <extensions>
          <ns3:TrackPointExtension>
            <ns3:hr>164</ns3:hr>
            <ns3:cad>88</ns3:cad>
          </ns3:TrackPointExtension>
        </extensions>
      </trkpt>
      <trkpt lat="24.5219183899462223052978515625" lon="118.16790721379220485687255859375">
        <ele>10.6000003814697265625</ele>
        <time>2025-08-11T12:33:31.000Z</time>
        <extensions>
          <ns3:TrackPointExtension>
            <ns3:hr>165</ns3:hr>
            <ns3:cad>89</ns3:cad>
          </ns3:TrackPointExtension>
        </extensions>
      </trkpt>
      <trkpt lat="24.5218986086547374725341796875" lon="118.1678896956145763397216796875">
        <ele>10.6000003814697265625</ele>
        <time>2025-08-11T12:33:32.000Z</time>
        <extensions>
          <ns3:TrackPointExtension>
            <ns3:hr>165</ns3:hr>
            <ns3:cad>89</ns3:cad>
          </ns3:TrackPointExtension>
        </extensions>
      </trkpt>
      <trkpt lat="24.521874971687793731689453125" lon="118.16786773502826690673828125">
        <ele>10.6000003814697265625</ele>
        <time>2025-08-11T12:33:33.000Z</time>
        <extensions>
          <ns3:TrackPointExtension>
            <ns3:hr>165</ns3:hr>
            <ns3:cad>89</ns3:cad>
          </ns3:TrackPointExtension>
        </extensions>
      </trkpt>
      <trkpt lat="24.52185477130115032196044921875" lon="118.16785641945898532867431640625">
        <ele>10.6000003814697265625</ele>
        <time>2025-08-11T12:33:34.000Z</time>
        <extensions>
          <ns3:TrackPointExtension>
            <ns3:hr>165</ns3:hr>
            <ns3:cad>89</ns3:cad>
          </ns3:TrackPointExtension>
        </extensions>
      </trkpt>
      <trkpt lat="24.52183482237160205841064453125" lon="118.1678276695311069488525390625">
        <ele>10.80000019073486328125</ele>
        <time>2025-08-11T12:33:35.000Z</time>
        <extensions>
          <ns3:TrackPointExtension>
            <ns3:hr>164</ns3:hr>
            <ns3:cad>89</ns3:cad>
          </ns3:TrackPointExtension>
        </extensions>
      </trkpt>
      <trkpt lat="24.52181772328913211822509765625" lon="118.16781568340957164764404296875">
        <ele>10.6000003814697265625</ele>
        <time>2025-08-11T12:33:36.000Z</time>
        <extensions>
          <ns3:TrackPointExtension>
            <ns3:hr>165</ns3:hr>
            <ns3:cad>89</ns3:cad>
          </ns3:TrackPointExtension>
        </extensions>
      </trkpt>
      <trkpt lat="24.52179676853120326995849609375" lon="118.16778986714780330657958984375">
        <ele>10.6000003814697265625</ele>
        <time>2025-08-11T12:33:37.000Z</time>
        <extensions>
          <ns3:TrackPointExtension>
            <ns3:hr>164</ns3:hr>
            <ns3:cad>89</ns3:cad>
          </ns3:TrackPointExtension>
        </extensions>
      </trkpt>
      <trkpt lat="24.52177950181066989898681640625" lon="118.1677763722836971282958984375">
        <ele>10.6000003814697265625</ele>
        <time>2025-08-11T12:33:38.000Z</time>
        <extensions>
          <ns3:TrackPointExtension>
            <ns3:hr>164</ns3:hr>
            <ns3:cad>91</ns3:cad>
          </ns3:TrackPointExtension>
        </extensions>
      </trkpt>
      <trkpt lat="24.52175787650048732757568359375" lon="118.16775516606867313385009765625">
        <ele>10.6000003814697265625</ele>
        <time>2025-08-11T12:33:39.000Z</time>
        <extensions>
          <ns3:TrackPointExtension>
            <ns3:hr>164</ns3:hr>
            <ns3:cad>91</ns3:cad>
          </ns3:TrackPointExtension>
        </extensions>
      </trkpt>
      <trkpt lat="24.521738849580287933349609375" lon="118.1677396595478057861328125">
        <ele>10.6000003814697265625</ele>
        <time>2025-08-11T12:33:40.000Z</time>
        <extensions>
          <ns3:TrackPointExtension>
            <ns3:hr>165</ns3:hr>
            <ns3:cad>91</ns3:cad>
          </ns3:TrackPointExtension>
        </extensions>
      </trkpt>
      <trkpt lat="24.52172535471618175506591796875" lon="118.1677187047898769378662109375">
        <ele>10.6000003814697265625</ele>
        <time>2025-08-11T12:33:41.000Z</time>
        <extensions>
          <ns3:TrackPointExtension>
            <ns3:hr>164</ns3:hr>
            <ns3:cad>90</ns3:cad>
          </ns3:TrackPointExtension>
        </extensions>
      </trkpt>
      <trkpt lat="24.52171160839498043060302734375" lon="118.1677069701254367828369140625">
        <ele>10.6000003814697265625</ele>
        <time>2025-08-11T12:33:42.000Z</time>
        <extensions>
          <ns3:TrackPointExtension>
            <ns3:hr>164</ns3:hr>
            <ns3:cad>90</ns3:cad>
          </ns3:TrackPointExtension>
        </extensions>
      </trkpt>
      <trkpt lat="24.52169769443571567535400390625" lon="118.16768526099622249603271484375">
        <ele>10.6000003814697265625</ele>
        <time>2025-08-11T12:33:43.000Z</time>
        <extensions>
          <ns3:TrackPointExtension>
            <ns3:hr>164</ns3:hr>
            <ns3:cad>90</ns3:cad>
          </ns3:TrackPointExtension>
        </extensions>
      </trkpt>
      <trkpt lat="24.5216813497245311737060546875" lon="118.16767101176083087921142578125">
        <ele>10.6000003814697265625</ele>
        <time>2025-08-11T12:33:44.000Z</time>
        <extensions>
          <ns3:TrackPointExtension>
            <ns3:hr>165</ns3:hr>
            <ns3:cad>90</ns3:cad>
          </ns3:TrackPointExtension>
        </extensions>
      </trkpt>
      <trkpt lat="24.52166500501334667205810546875" lon="118.1676556728780269622802734375">
        <ele>10.6000003814697265625</ele>
        <time>2025-08-11T12:33:45.000Z</time>
        <extensions>
          <ns3:TrackPointExtension>
            <ns3:hr>165</ns3:hr>
            <ns3:cad>90</ns3:cad>
          </ns3:TrackPointExtension>
        </extensions>
      </trkpt>
      <trkpt lat="24.52164866030216217041015625" lon="118.167642764747142791748046875">
        <ele>10.6000003814697265625</ele>
        <time>2025-08-11T12:33:46.000Z</time>
        <extensions>
          <ns3:TrackPointExtension>
            <ns3:hr>165</ns3:hr>
            <ns3:cad>89</ns3:cad>
          </ns3:TrackPointExtension>
        </extensions>
      </trkpt>
      <trkpt lat="24.52162996865808963775634765625" lon="118.167625330388545989990234375">
        <ele>10.80000019073486328125</ele>
        <time>2025-08-11T12:33:47.000Z</time>
        <extensions>
          <ns3:TrackPointExtension>
            <ns3:hr>165</ns3:hr>
            <ns3:cad>89</ns3:cad>
          </ns3:TrackPointExtension>
        </extensions>
      </trkpt>
      <trkpt lat="24.52160867862403392791748046875" lon="118.16761150024831295013427734375">
        <ele>10.80000019073486328125</ele>
        <time>2025-08-11T12:33:48.000Z</time>
        <extensions>
          <ns3:TrackPointExtension>
            <ns3:hr>165</ns3:hr>
            <ns3:cad>89</ns3:cad>
          </ns3:TrackPointExtension>
        </extensions>
      </trkpt>
      <trkpt lat="24.521589986979961395263671875" lon="118.16759280860424041748046875">
        <ele>10.80000019073486328125</ele>
        <time>2025-08-11T12:33:49.000Z</time>
        <extensions>
          <ns3:TrackPointExtension>
            <ns3:hr>165</ns3:hr>
            <ns3:cad>89</ns3:cad>
          </ns3:TrackPointExtension>
        </extensions>
      </trkpt>
      <trkpt lat="24.52157112769782543182373046875" lon="118.16757713444530963897705078125">
        <ele>10.80000019073486328125</ele>
        <time>2025-08-11T12:33:50.000Z</time>
        <extensions>
          <ns3:TrackPointExtension>
            <ns3:hr>164</ns3:hr>
            <ns3:cad>89</ns3:cad>
          </ns3:TrackPointExtension>
        </extensions>
      </trkpt>
      <trkpt lat="24.52155050821602344512939453125" lon="118.1675560958683490753173828125">
        <ele>10.80000019073486328125</ele>
        <time>2025-08-11T12:33:51.000Z</time>
        <extensions>
          <ns3:TrackPointExtension>
            <ns3:hr>165</ns3:hr>
            <ns3:cad>89</ns3:cad>
          </ns3:TrackPointExtension>
        </extensions>
      </trkpt>
      <trkpt lat="24.521530307829380035400390625" lon="118.16754042170941829681396484375">
        <ele>10.80000019073486328125</ele>
        <time>2025-08-11T12:33:52.000Z</time>
        <extensions>
          <ns3:TrackPointExtension>
            <ns3:hr>165</ns3:hr>
            <ns3:cad>89</ns3:cad>
          </ns3:TrackPointExtension>
        </extensions>
      </trkpt>
      <trkpt lat="24.52151211909949779510498046875" lon="118.16751770675182342529296875">
        <ele>10.80000019073486328125</ele>
        <time>2025-08-11T12:33:53.000Z</time>
        <extensions>
          <ns3:TrackPointExtension>
            <ns3:hr>165</ns3:hr>
            <ns3:cad>89</ns3:cad>
          </ns3:TrackPointExtension>
        </extensions>
      </trkpt>
      <trkpt lat="24.521493427455425262451171875" lon="118.16750287078320980072021484375">
        <ele>10.80000019073486328125</ele>
        <time>2025-08-11T12:33:54.000Z</time>
        <extensions>
          <ns3:TrackPointExtension>
            <ns3:hr>165</ns3:hr>
            <ns3:cad>89</ns3:cad>
          </ns3:TrackPointExtension>
        </extensions>
      </trkpt>
      <trkpt lat="24.52147557400166988372802734375" lon="118.16748074255883693695068359375">
        <ele>10.80000019073486328125</ele>
        <time>2025-08-11T12:33:55.000Z</time>
        <extensions>
          <ns3:TrackPointExtension>
            <ns3:hr>165</ns3:hr>
            <ns3:cad>89</ns3:cad>
          </ns3:TrackPointExtension>
        </extensions>
      </trkpt>
      <trkpt lat="24.52145881019532680511474609375" lon="118.1674649007618427276611328125">
        <ele>10.80000019073486328125</ele>
        <time>2025-08-11T12:33:56.000Z</time>
        <extensions>
          <ns3:TrackPointExtension>
            <ns3:hr>166</ns3:hr>
            <ns3:cad>89</ns3:cad>
          </ns3:TrackPointExtension>
        </extensions>
      </trkpt>
      <trkpt lat="24.52143584378063678741455078125" lon="118.167444951832294464111328125">
        <ele>10.80000019073486328125</ele>
        <time>2025-08-11T12:33:57.000Z</time>
        <extensions>
          <ns3:TrackPointExtension>
            <ns3:hr>165</ns3:hr>
            <ns3:cad>89</ns3:cad>
          </ns3:TrackPointExtension>
        </extensions>
      </trkpt>
      <trkpt lat="24.52141824178397655487060546875" lon="118.16743053495883941650390625">
        <ele>10.80000019073486328125</ele>
        <time>2025-08-11T12:33:58.000Z</time>
        <extensions>
          <ns3:TrackPointExtension>
            <ns3:hr>165</ns3:hr>
            <ns3:cad>89</ns3:cad>
          </ns3:TrackPointExtension>
        </extensions>
      </trkpt>
      <trkpt lat="24.52139996923506259918212890625" lon="118.1674065627157688140869140625">
        <ele>10.80000019073486328125</ele>
        <time>2025-08-11T12:33:59.000Z</time>
        <extensions>
          <ns3:TrackPointExtension>
            <ns3:hr>166</ns3:hr>
            <ns3:cad>88</ns3:cad>
          </ns3:TrackPointExtension>
        </extensions>
      </trkpt>
      <trkpt lat="24.5213819481432437896728515625" lon="118.16738904453814029693603515625">
        <ele>11</ele>
        <time>2025-08-11T12:34:00.000Z</time>
        <extensions>
          <ns3:TrackPointExtension>
            <ns3:hr>166</ns3:hr>
            <ns3:cad>88</ns3:cad>
          </ns3:TrackPointExtension>
        </extensions>
      </trkpt>
      <trkpt lat="24.5213621668517589569091796875" lon="118.167370855808258056640625">
        <ele>11</ele>
        <time>2025-08-11T12:34:01.000Z</time>
        <extensions>
          <ns3:TrackPointExtension>
            <ns3:hr>166</ns3:hr>
            <ns3:cad>89</ns3:cad>
          </ns3:TrackPointExtension>
        </extensions>
      </trkpt>
      <trkpt lat="24.5213427208364009857177734375" lon="118.16735601983964443206787109375">
        <ele>11</ele>
        <time>2025-08-11T12:34:02.000Z</time>
        <extensions>
          <ns3:TrackPointExtension>
            <ns3:hr>165</ns3:hr>
            <ns3:cad>89</ns3:cad>
          </ns3:TrackPointExtension>
        </extensions>
      </trkpt>
      <trkpt lat="24.5213269628584384918212890625" lon="118.16733573563396930694580078125">
        <ele>11</ele>
        <time>2025-08-11T12:34:03.000Z</time>
        <extensions>
          <ns3:TrackPointExtension>
            <ns3:hr>166</ns3:hr>
            <ns3:cad>88</ns3:cad>
          </ns3:TrackPointExtension>
        </extensions>
      </trkpt>
      <trkpt lat="24.52131179161369800567626953125" lon="118.16732031293213367462158203125">
        <ele>10.80000019073486328125</ele>
        <time>2025-08-11T12:34:04.000Z</time>
        <extensions>
          <ns3:TrackPointExtension>
            <ns3:hr>166</ns3:hr>
            <ns3:cad>88</ns3:cad>
          </ns3:TrackPointExtension>
        </extensions>
      </trkpt>
      <trkpt lat="24.521296955645084381103515625" lon="118.1673022918403148651123046875">
        <ele>10.80000019073486328125</ele>
        <time>2025-08-11T12:34:05.000Z</time>
        <extensions>
          <ns3:TrackPointExtension>
            <ns3:hr>165</ns3:hr>
            <ns3:cad>88</ns3:cad>
          </ns3:TrackPointExtension>
        </extensions>
      </trkpt>
      <trkpt lat="24.52128295786678791046142578125" lon="118.1672821752727031707763671875">
        <ele>10.80000019073486328125</ele>
        <time>2025-08-11T12:34:06.000Z</time>
        <extensions>
          <ns3:TrackPointExtension>
            <ns3:hr>166</ns3:hr>
            <ns3:cad>88</ns3:cad>
          </ns3:TrackPointExtension>
        </extensions>
      </trkpt>
      <trkpt lat="24.5212662778794765472412109375" lon="118.1672633998095989227294921875">
        <ele>10.80000019073486328125</ele>
        <time>2025-08-11T12:34:07.000Z</time>
        <extensions>
          <ns3:TrackPointExtension>
            <ns3:hr>166</ns3:hr>
            <ns3:cad>88</ns3:cad>
          </ns3:TrackPointExtension>
        </extensions>
      </trkpt>
      <trkpt lat="24.5212550461292266845703125" lon="118.16724370233714580535888671875">
        <ele>10.80000019073486328125</ele>
        <time>2025-08-11T12:34:08.000Z</time>
        <extensions>
          <ns3:TrackPointExtension>
            <ns3:hr>165</ns3:hr>
            <ns3:cad>88</ns3:cad>
          </ns3:TrackPointExtension>
        </extensions>
      </trkpt>
      <trkpt lat="24.52123803086578845977783203125" lon="118.16722677089273929595947265625">
        <ele>10.80000019073486328125</ele>
        <time>2025-08-11T12:34:09.000Z</time>
        <extensions>
          <ns3:TrackPointExtension>
            <ns3:hr>166</ns3:hr>
            <ns3:cad>88</ns3:cad>
          </ns3:TrackPointExtension>
        </extensions>
      </trkpt>
      <trkpt lat="24.52122311107814311981201171875" lon="118.167208246886730194091796875">
        <ele>10.80000019073486328125</ele>
        <time>2025-08-11T12:34:10.000Z</time>
        <extensions>
          <ns3:TrackPointExtension>
            <ns3:hr>165</ns3:hr>
            <ns3:cad>88</ns3:cad>
          </ns3:TrackPointExtension>
        </extensions>
      </trkpt>
      <trkpt lat="24.521200396120548248291015625" lon="118.16719274036586284637451171875">
        <ele>10.80000019073486328125</ele>
        <time>2025-08-11T12:34:11.000Z</time>
        <extensions>
          <ns3:TrackPointExtension>
            <ns3:hr>165</ns3:hr>
            <ns3:cad>88</ns3:cad>
          </ns3:TrackPointExtension>
        </extensions>
      </trkpt>
      <trkpt lat="24.52118338085711002349853515625" lon="118.1671708635985851287841796875">
        <ele>10.80000019073486328125</ele>
        <time>2025-08-11T12:34:12.000Z</time>
        <extensions>
          <ns3:TrackPointExtension>
            <ns3:hr>165</ns3:hr>
            <ns3:cad>88</ns3:cad>
          </ns3:TrackPointExtension>
        </extensions>
      </trkpt>
      <trkpt lat="24.52116745524108409881591796875" lon="118.1671510823071002960205078125">
        <ele>10.80000019073486328125</ele>
        <time>2025-08-11T12:34:13.000Z</time>
        <extensions>
          <ns3:TrackPointExtension>
            <ns3:hr>165</ns3:hr>
            <ns3:cad>88</ns3:cad>
          </ns3:TrackPointExtension>
        </extensions>
      </trkpt>
      <trkpt lat="24.52115186490118503570556640625" lon="118.16712987609207630157470703125">
        <ele>10.80000019073486328125</ele>
        <time>2025-08-11T12:34:14.000Z</time>
        <extensions>
          <ns3:TrackPointExtension>
            <ns3:hr>166</ns3:hr>
            <ns3:cad>88</ns3:cad>
          </ns3:TrackPointExtension>
        </extensions>
      </trkpt>
      <trkpt lat="24.521136693656444549560546875" lon="118.16711948253214359283447265625">
        <ele>10.80000019073486328125</ele>
        <time>2025-08-11T12:34:15.000Z</time>
        <extensions>
          <ns3:TrackPointExtension>
            <ns3:hr>165</ns3:hr>
            <ns3:cad>88</ns3:cad>
          </ns3:TrackPointExtension>
        </extensions>
      </trkpt>
      <trkpt lat="24.52112001366913318634033203125" lon="118.16710062325000762939453125">
        <ele>10.80000019073486328125</ele>
        <time>2025-08-11T12:34:16.000Z</time>
        <extensions>
          <ns3:TrackPointExtension>
            <ns3:hr>165</ns3:hr>
            <ns3:cad>88</ns3:cad>
          </ns3:TrackPointExtension>
        </extensions>
      </trkpt>
      <trkpt lat="24.52110073529183864593505859375" lon="118.16708561964333057403564453125">
        <ele>10.80000019073486328125</ele>
        <time>2025-08-11T12:34:17.000Z</time>
        <extensions>
          <ns3:TrackPointExtension>
            <ns3:hr>165</ns3:hr>
            <ns3:cad>88</ns3:cad>
          </ns3:TrackPointExtension>
        </extensions>
      </trkpt>
      <trkpt lat="24.5210815407335758209228515625" lon="118.1670622341334819793701171875">
        <ele>11</ele>
        <time>2025-08-11T12:34:18.000Z</time>
        <extensions>
          <ns3:TrackPointExtension>
            <ns3:hr>165</ns3:hr>
            <ns3:cad>88</ns3:cad>
          </ns3:TrackPointExtension>
        </extensions>
      </trkpt>
      <trkpt lat="24.52106737531721591949462890625" lon="118.16704857163131237030029296875">
        <ele>11</ele>
        <time>2025-08-11T12:34:19.000Z</time>
        <extensions>
          <ns3:TrackPointExtension>
            <ns3:hr>166</ns3:hr>
            <ns3:cad>88</ns3:cad>
          </ns3:TrackPointExtension>
        </extensions>
      </trkpt>
      <trkpt lat="24.52104658819735050201416015625" lon="118.1670230068266391754150390625">
        <ele>11</ele>
        <time>2025-08-11T12:34:20.000Z</time>
        <extensions>
          <ns3:TrackPointExtension>
            <ns3:hr>165</ns3:hr>
            <ns3:cad>88</ns3:cad>
          </ns3:TrackPointExtension>
        </extensions>
      </trkpt>
      <trkpt lat="24.52103200368583202362060546875" lon="118.1670065782964229583740234375">
        <ele>11</ele>
        <time>2025-08-11T12:34:21.000Z</time>
        <extensions>
          <ns3:TrackPointExtension>
            <ns3:hr>165</ns3:hr>
            <ns3:cad>88</ns3:cad>
          </ns3:TrackPointExtension>
        </extensions>
      </trkpt>
      <trkpt lat="24.52101624570786952972412109375" lon="118.16698419861495494842529296875">
        <ele>11.19999980926513671875</ele>
        <time>2025-08-11T12:34:22.000Z</time>
        <extensions>
          <ns3:TrackPointExtension>
            <ns3:hr>165</ns3:hr>
            <ns3:cad>88</ns3:cad>
          </ns3:TrackPointExtension>
        </extensions>
      </trkpt>
      <trkpt lat="24.52100166119635105133056640625" lon="118.16696709953248500823974609375">
        <ele>11</ele>
        <time>2025-08-11T12:34:23.000Z</time>
        <extensions>
          <ns3:TrackPointExtension>
            <ns3:hr>165</ns3:hr>
            <ns3:cad>89</ns3:cad>
          </ns3:TrackPointExtension>
        </extensions>
      </trkpt>
      <trkpt lat="24.52098322100937366485595703125" lon="118.1669442169368267059326171875">
        <ele>11</ele>
        <time>2025-08-11T12:34:24.000Z</time>
        <extensions>
          <ns3:TrackPointExtension>
            <ns3:hr>165</ns3:hr>
            <ns3:cad>89</ns3:cad>
          </ns3:TrackPointExtension>
        </extensions>
      </trkpt>
      <trkpt lat="24.5209715701639652252197265625" lon="118.1669251061975955963134765625">
        <ele>11</ele>
        <time>2025-08-11T12:34:25.000Z</time>
        <extensions>
          <ns3:TrackPointExtension>
            <ns3:hr>165</ns3:hr>
            <ns3:cad>89</ns3:cad>
          </ns3:TrackPointExtension>
        </extensions>
      </trkpt>
      <trkpt lat="24.5209586620330810546875" lon="118.16690306179225444793701171875">
        <ele>11</ele>
        <time>2025-08-11T12:34:26.000Z</time>
        <extensions>
          <ns3:TrackPointExtension>
            <ns3:hr>166</ns3:hr>
            <ns3:cad>89</ns3:cad>
          </ns3:TrackPointExtension>
        </extensions>
      </trkpt>
      <trkpt lat="24.52094751410186290740966796875" lon="118.16688596270978450775146484375">
        <ele>11</ele>
        <time>2025-08-11T12:34:27.000Z</time>
        <extensions>
          <ns3:TrackPointExtension>
            <ns3:hr>165</ns3:hr>
            <ns3:cad>89</ns3:cad>
          </ns3:TrackPointExtension>
        </extensions>
      </trkpt>
      <trkpt lat="24.52093309722840785980224609375" lon="118.1668657623231410980224609375">
        <ele>11</ele>
        <time>2025-08-11T12:34:28.000Z</time>
        <extensions>
          <ns3:TrackPointExtension>
            <ns3:hr>165</ns3:hr>
            <ns3:cad>89</ns3:cad>
          </ns3:TrackPointExtension>
        </extensions>
      </trkpt>
      <trkpt lat="24.5209197700023651123046875" lon="118.166842795908451080322265625">
        <ele>11</ele>
        <time>2025-08-11T12:34:29.000Z</time>
        <extensions>
          <ns3:TrackPointExtension>
            <ns3:hr>165</ns3:hr>
            <ns3:cad>88</ns3:cad>
          </ns3:TrackPointExtension>
        </extensions>
      </trkpt>
      <trkpt lat="24.52090241946280002593994140625" lon="118.16682393662631511688232421875">
        <ele>11</ele>
        <time>2025-08-11T12:34:30.000Z</time>
        <extensions>
          <ns3:TrackPointExtension>
            <ns3:hr>165</ns3:hr>
            <ns3:cad>88</ns3:cad>
          </ns3:TrackPointExtension>
        </extensions>
      </trkpt>
      <trkpt lat="24.5208835601806640625" lon="118.16679761745035648345947265625">
        <ele>11</ele>
        <time>2025-08-11T12:34:31.000Z</time>
        <extensions>
          <ns3:TrackPointExtension>
            <ns3:hr>165</ns3:hr>
            <ns3:cad>88</ns3:cad>
          </ns3:TrackPointExtension>
        </extensions>
      </trkpt>
      <trkpt lat="24.52086939476430416107177734375" lon="118.16678278148174285888671875">
        <ele>11</ele>
        <time>2025-08-11T12:34:32.000Z</time>
        <extensions>
          <ns3:TrackPointExtension>
            <ns3:hr>165</ns3:hr>
            <ns3:cad>88</ns3:cad>
          </ns3:TrackPointExtension>
        </extensions>
      </trkpt>
      <trkpt lat="24.520855732262134552001953125" lon="118.16675788722932338714599609375">
        <ele>11</ele>
        <time>2025-08-11T12:34:33.000Z</time>
        <extensions>
          <ns3:TrackPointExtension>
            <ns3:hr>165</ns3:hr>
            <ns3:cad>88</ns3:cad>
          </ns3:TrackPointExtension>
        </extensions>
      </trkpt>
      <trkpt lat="24.5208424888551235198974609375" lon="118.1667403690516948699951171875">
        <ele>11</ele>
        <time>2025-08-11T12:34:34.000Z</time>
        <extensions>
          <ns3:TrackPointExtension>
            <ns3:hr>165</ns3:hr>
            <ns3:cad>88</ns3:cad>
          </ns3:TrackPointExtension>
        </extensions>
      </trkpt>
      <trkpt lat="24.5208270661532878875732421875" lon="118.16671245731413364410400390625">
        <ele>11</ele>
        <time>2025-08-11T12:34:35.000Z</time>
        <extensions>
          <ns3:TrackPointExtension>
            <ns3:hr>164</ns3:hr>
            <ns3:cad>88</ns3:cad>
          </ns3:TrackPointExtension>
        </extensions>
      </trkpt>
      <trkpt lat="24.5208106376230716705322265625" lon="118.16669200547039508819580078125">
        <ele>11</ele>
        <time>2025-08-11T12:34:36.000Z</time>
        <extensions>
          <ns3:TrackPointExtension>
            <ns3:hr>165</ns3:hr>
            <ns3:cad>88</ns3:cad>
          </ns3:TrackPointExtension>
        </extensions>
      </trkpt>
      <trkpt lat="24.52079647220671176910400390625" lon="118.16666451282799243927001953125">
        <ele>11</ele>
        <time>2025-08-11T12:34:37.000Z</time>
        <extensions>
          <ns3:TrackPointExtension>
            <ns3:hr>164</ns3:hr>
            <ns3:cad>88</ns3:cad>
          </ns3:TrackPointExtension>
        </extensions>
      </trkpt>
      <trkpt lat="24.5207814686000347137451171875" lon="118.166644312441349029541015625">
        <ele>11</ele>
        <time>2025-08-11T12:34:38.000Z</time>
        <extensions>
          <ns3:TrackPointExtension>
            <ns3:hr>164</ns3:hr>
            <ns3:cad>88</ns3:cad>
          </ns3:TrackPointExtension>
        </extensions>
      </trkpt>
      <trkpt lat="24.52076780609786510467529296875" lon="118.166618831455707550048828125">
        <ele>11</ele>
        <time>2025-08-11T12:34:39.000Z</time>
        <extensions>
          <ns3:TrackPointExtension>
            <ns3:hr>164</ns3:hr>
            <ns3:cad>88</ns3:cad>
          </ns3:TrackPointExtension>
        </extensions>
      </trkpt>
      <trkpt lat="24.52075355686247348785400390625" lon="118.16659846343100070953369140625">
        <ele>11</ele>
        <time>2025-08-11T12:34:40.000Z</time>
        <extensions>
          <ns3:TrackPointExtension>
            <ns3:hr>164</ns3:hr>
            <ns3:cad>88</ns3:cad>
          </ns3:TrackPointExtension>
        </extensions>
      </trkpt>
      <trkpt lat="24.5207415707409381866455078125" lon="118.166575245559215545654296875">
        <ele>11</ele>
        <time>2025-08-11T12:34:41.000Z</time>
        <extensions>
          <ns3:TrackPointExtension>
            <ns3:hr>164</ns3:hr>
            <ns3:cad>88</ns3:cad>
          </ns3:TrackPointExtension>
        </extensions>
      </trkpt>
      <trkpt lat="24.52073000371456146240234375" lon="118.1665589846670627593994140625">
        <ele>11</ele>
        <time>2025-08-11T12:34:42.000Z</time>
        <extensions>
          <ns3:TrackPointExtension>
            <ns3:hr>164</ns3:hr>
            <ns3:cad>88</ns3:cad>
          </ns3:TrackPointExtension>
        </extensions>
      </trkpt>
      <trkpt lat="24.52071567066013813018798828125" lon="118.1665375269949436187744140625">
        <ele>11</ele>
        <time>2025-08-11T12:34:43.000Z</time>
        <extensions>
          <ns3:TrackPointExtension>
            <ns3:hr>163</ns3:hr>
            <ns3:cad>88</ns3:cad>
          </ns3:TrackPointExtension>
        </extensions>
      </trkpt>
      <trkpt lat="24.5207060314714908599853515625" lon="118.1665194220840930938720703125">
        <ele>11</ele>
        <time>2025-08-11T12:34:44.000Z</time>
        <extensions>
          <ns3:TrackPointExtension>
            <ns3:hr>163</ns3:hr>
            <ns3:cad>88</ns3:cad>
          </ns3:TrackPointExtension>
        </extensions>
      </trkpt>
      <trkpt lat="24.52069136314094066619873046875" lon="118.16650056280195713043212890625">
        <ele>11</ele>
        <time>2025-08-11T12:34:45.000Z</time>
        <extensions>
          <ns3:TrackPointExtension>
            <ns3:hr>163</ns3:hr>
            <ns3:cad>88</ns3:cad>
          </ns3:TrackPointExtension>
        </extensions>
      </trkpt>
      <trkpt lat="24.52067979611456394195556640625" lon="118.16647457890212535858154296875">
        <ele>11</ele>
        <time>2025-08-11T12:34:46.000Z</time>
        <extensions>
          <ns3:TrackPointExtension>
            <ns3:hr>163</ns3:hr>
            <ns3:cad>88</ns3:cad>
          </ns3:TrackPointExtension>
        </extensions>
      </trkpt>
      <trkpt lat="24.5206681452691555023193359375" lon="118.166458904743194580078125">
        <ele>11</ele>
        <time>2025-08-11T12:34:47.000Z</time>
        <extensions>
          <ns3:TrackPointExtension>
            <ns3:hr>163</ns3:hr>
            <ns3:cad>88</ns3:cad>
          </ns3:TrackPointExtension>
        </extensions>
      </trkpt>
      <trkpt lat="24.52065347693860530853271484375" lon="118.1664345972239971160888671875">
        <ele>11</ele>
        <time>2025-08-11T12:34:48.000Z</time>
        <extensions>
          <ns3:TrackPointExtension>
            <ns3:hr>163</ns3:hr>
            <ns3:cad>88</ns3:cad>
          </ns3:TrackPointExtension>
        </extensions>
      </trkpt>
      <trkpt lat="24.52063621021807193756103515625" lon="118.1664195097982883453369140625">
        <ele>11</ele>
        <time>2025-08-11T12:34:49.000Z</time>
        <extensions>
          <ns3:TrackPointExtension>
            <ns3:hr>162</ns3:hr>
            <ns3:cad>88</ns3:cad>
          </ns3:TrackPointExtension>
        </extensions>
      </trkpt>
      <trkpt lat="24.52062229625880718231201171875" lon="118.1663936935365200042724609375">
        <ele>11</ele>
        <time>2025-08-11T12:34:50.000Z</time>
        <extensions>
          <ns3:TrackPointExtension>
            <ns3:hr>162</ns3:hr>
            <ns3:cad>88</ns3:cad>
          </ns3:TrackPointExtension>
        </extensions>
      </trkpt>
      <trkpt lat="24.52060854993760585784912109375" lon="118.16637776792049407958984375">
        <ele>11</ele>
        <time>2025-08-11T12:34:51.000Z</time>
        <extensions>
          <ns3:TrackPointExtension>
            <ns3:hr>162</ns3:hr>
            <ns3:cad>88</ns3:cad>
          </ns3:TrackPointExtension>
        </extensions>
      </trkpt>
      <trkpt lat="24.520596228539943695068359375" lon="118.16634465940296649932861328125">
        <ele>11</ele>
        <time>2025-08-11T12:34:52.000Z</time>
        <extensions>
          <ns3:TrackPointExtension>
            <ns3:hr>162</ns3:hr>
            <ns3:cad>88</ns3:cad>
          </ns3:TrackPointExtension>
        </extensions>
      </trkpt>
      <trkpt lat="24.52058156020939350128173828125" lon="118.16632437519729137420654296875">
        <ele>11</ele>
        <time>2025-08-11T12:34:53.000Z</time>
        <extensions>
          <ns3:TrackPointExtension>
            <ns3:hr>163</ns3:hr>
            <ns3:cad>88</ns3:cad>
          </ns3:TrackPointExtension>
        </extensions>
      </trkpt>
      <trkpt lat="24.52056312002241611480712890625" lon="118.16629487089812755584716796875">
        <ele>11</ele>
        <time>2025-08-11T12:34:54.000Z</time>
        <extensions>
          <ns3:TrackPointExtension>
            <ns3:hr>162</ns3:hr>
            <ns3:cad>88</ns3:cad>
          </ns3:TrackPointExtension>
        </extensions>
      </trkpt>
      <trkpt lat="24.520551301538944244384765625" lon="118.16627324558794498443603515625">
        <ele>11</ele>
        <time>2025-08-11T12:34:55.000Z</time>
        <extensions>
          <ns3:TrackPointExtension>
            <ns3:hr>162</ns3:hr>
            <ns3:cad>88</ns3:cad>
          </ns3:TrackPointExtension>
        </extensions>
      </trkpt>
      <trkpt lat="24.52053487300872802734375" lon="118.1662483513355255126953125">
        <ele>11</ele>
        <time>2025-08-11T12:34:56.000Z</time>
        <extensions>
          <ns3:TrackPointExtension>
            <ns3:hr>162</ns3:hr>
            <ns3:cad>88</ns3:cad>
          </ns3:TrackPointExtension>
        </extensions>
      </trkpt>
      <trkpt lat="24.52051953412592411041259765625" lon="118.16623083315789699554443359375">
        <ele>11</ele>
        <time>2025-08-11T12:34:57.000Z</time>
        <extensions>
          <ns3:TrackPointExtension>
            <ns3:hr>163</ns3:hr>
            <ns3:cad>88</ns3:cad>
          </ns3:TrackPointExtension>
        </extensions>
      </trkpt>
      <trkpt lat="24.52050059102475643157958984375" lon="118.1662123091518878936767578125">
        <ele>11</ele>
        <time>2025-08-11T12:34:58.000Z</time>
        <extensions>
          <ns3:TrackPointExtension>
            <ns3:hr>162</ns3:hr>
            <ns3:cad>88</ns3:cad>
          </ns3:TrackPointExtension>
        </extensions>
      </trkpt>
      <trkpt lat="24.520486257970333099365234375" lon="118.1661861576139926910400390625">
        <ele>11</ele>
        <time>2025-08-11T12:34:59.000Z</time>
        <extensions>
          <ns3:TrackPointExtension>
            <ns3:hr>162</ns3:hr>
            <ns3:cad>87</ns3:cad>
          </ns3:TrackPointExtension>
        </extensions>
      </trkpt>
      <trkpt lat="24.52047008089721202850341796875" lon="118.16616947762668132781982421875">
        <ele>11.19999980926513671875</ele>
        <time>2025-08-11T12:35:00.000Z</time>
        <extensions>
          <ns3:TrackPointExtension>
            <ns3:hr>162</ns3:hr>
            <ns3:cad>87</ns3:cad>
          </ns3:TrackPointExtension>
        </extensions>
      </trkpt>
      <trkpt lat="24.52045398764312267303466796875" lon="118.16614634357392787933349609375">
        <ele>11</ele>
        <time>2025-08-11T12:35:01.000Z</time>
        <extensions>
          <ns3:TrackPointExtension>
            <ns3:hr>162</ns3:hr>
            <ns3:cad>88</ns3:cad>
          </ns3:TrackPointExtension>
        </extensions>
      </trkpt>
      <trkpt lat="24.52043856494128704071044921875" lon="118.16612790338695049285888671875">
        <ele>11.19999980926513671875</ele>
        <time>2025-08-11T12:35:02.000Z</time>
        <extensions>
          <ns3:TrackPointExtension>
            <ns3:hr>162</ns3:hr>
            <ns3:cad>88</ns3:cad>
          </ns3:TrackPointExtension>
        </extensions>
      </trkpt>
      <trkpt lat="24.52042699791491031646728515625" lon="118.166103847324848175048828125">
        <ele>11</ele>
        <time>2025-08-11T12:35:03.000Z</time>
        <extensions>
          <ns3:TrackPointExtension>
            <ns3:hr>162</ns3:hr>
            <ns3:cad>88</ns3:cad>
          </ns3:TrackPointExtension>
        </extensions>
      </trkpt>
      <trkpt lat="24.520414508879184722900390625" lon="118.16608783788979053497314453125">
        <ele>11.19999980926513671875</ele>
        <time>2025-08-11T12:35:04.000Z</time>
        <extensions>
          <ns3:TrackPointExtension>
            <ns3:hr>162</ns3:hr>
            <ns3:cad>88</ns3:cad>
          </ns3:TrackPointExtension>
        </extensions>
      </trkpt>
      <trkpt lat="24.52039984054863452911376953125" lon="118.16606520675122737884521484375">
        <ele>11.19999980926513671875</ele>
        <time>2025-08-11T12:35:05.000Z</time>
        <extensions>
          <ns3:TrackPointExtension>
            <ns3:hr>162</ns3:hr>
            <ns3:cad>88</ns3:cad>
          </ns3:TrackPointExtension>
        </extensions>
      </trkpt>
      <trkpt lat="24.52039011754095554351806640625" lon="118.16604944877326488494873046875">
        <ele>11.19999980926513671875</ele>
        <time>2025-08-11T12:35:06.000Z</time>
        <extensions>
          <ns3:TrackPointExtension>
            <ns3:hr>162</ns3:hr>
            <ns3:cad>88</ns3:cad>
          </ns3:TrackPointExtension>
        </extensions>
      </trkpt>
      <trkpt lat="24.520381987094879150390625" lon="118.1660230457782745361328125">
        <ele>11.19999980926513671875</ele>
        <time>2025-08-11T12:35:07.000Z</time>
        <extensions>
          <ns3:TrackPointExtension>
            <ns3:hr>162</ns3:hr>
            <ns3:cad>87</ns3:cad>
          </ns3:TrackPointExtension>
        </extensions>
      </trkpt>
      <trkpt lat="24.520371593534946441650390625" lon="118.16600225865840911865234375">
        <ele>11.19999980926513671875</ele>
        <time>2025-08-11T12:35:08.000Z</time>
        <extensions>
          <ns3:TrackPointExtension>
            <ns3:hr>162</ns3:hr>
            <ns3:cad>87</ns3:cad>
          </ns3:TrackPointExtension>
        </extensions>
      </trkpt>
      <trkpt lat="24.52036078087985515594482421875" lon="118.165981806814670562744140625">
        <ele>11.19999980926513671875</ele>
        <time>2025-08-11T12:35:09.000Z</time>
        <extensions>
          <ns3:TrackPointExtension>
            <ns3:hr>162</ns3:hr>
            <ns3:cad>87</ns3:cad>
          </ns3:TrackPointExtension>
        </extensions>
      </trkpt>
      <trkpt lat="24.52035139314830303192138671875" lon="118.1659591756761074066162109375">
        <ele>11.19999980926513671875</ele>
        <time>2025-08-11T12:35:10.000Z</time>
        <extensions>
          <ns3:TrackPointExtension>
            <ns3:hr>162</ns3:hr>
            <ns3:cad>88</ns3:cad>
          </ns3:TrackPointExtension>
        </extensions>
      </trkpt>
      <trkpt lat="24.520336724817752838134765625" lon="118.1659380532801151275634765625">
        <ele>11.19999980926513671875</ele>
        <time>2025-08-11T12:35:11.000Z</time>
        <extensions>
          <ns3:TrackPointExtension>
            <ns3:hr>162</ns3:hr>
            <ns3:cad>87</ns3:cad>
          </ns3:TrackPointExtension>
        </extensions>
      </trkpt>
      <trkpt lat="24.520323984324932098388671875" lon="118.16591030918061733245849609375">
        <ele>11.19999980926513671875</ele>
        <time>2025-08-11T12:35:12.000Z</time>
        <extensions>
          <ns3:TrackPointExtension>
            <ns3:hr>162</ns3:hr>
            <ns3:cad>87</ns3:cad>
          </ns3:TrackPointExtension>
        </extensions>
      </trkpt>
      <trkpt lat="24.52030931599438190460205078125" lon="118.16588952206075191497802734375">
        <ele>11.19999980926513671875</ele>
        <time>2025-08-11T12:35:13.000Z</time>
        <extensions>
          <ns3:TrackPointExtension>
            <ns3:hr>162</ns3:hr>
            <ns3:cad>87</ns3:cad>
          </ns3:TrackPointExtension>
        </extensions>
      </trkpt>
      <trkpt lat="24.52029791660606861114501953125" lon="118.16586286760866641998291015625">
        <ele>11.19999980926513671875</ele>
        <time>2025-08-11T12:35:14.000Z</time>
        <extensions>
          <ns3:TrackPointExtension>
            <ns3:hr>162</ns3:hr>
            <ns3:cad>87</ns3:cad>
          </ns3:TrackPointExtension>
        </extensions>
      </trkpt>
      <trkpt lat="24.520289786159992218017578125" lon="118.1658451817929744720458984375">
        <ele>11.19999980926513671875</ele>
        <time>2025-08-11T12:35:15.000Z</time>
        <extensions>
          <ns3:TrackPointExtension>
            <ns3:hr>162</ns3:hr>
            <ns3:cad>87</ns3:cad>
          </ns3:TrackPointExtension>
        </extensions>
      </trkpt>
      <trkpt lat="24.52028199099004268646240234375" lon="118.16581995226442813873291015625">
        <ele>11.19999980926513671875</ele>
        <time>2025-08-11T12:35:16.000Z</time>
        <extensions>
          <ns3:TrackPointExtension>
            <ns3:hr>162</ns3:hr>
            <ns3:cad>87</ns3:cad>
          </ns3:TrackPointExtension>
        </extensions>
      </trkpt>
      <trkpt lat="24.52027293853461742401123046875" lon="118.16579715348780155181884765625">
        <ele>11.19999980926513671875</ele>
        <time>2025-08-11T12:35:17.000Z</time>
        <extensions>
          <ns3:TrackPointExtension>
            <ns3:hr>162</ns3:hr>
            <ns3:cad>87</ns3:cad>
          </ns3:TrackPointExtension>
        </extensions>
      </trkpt>
      <trkpt lat="24.52025986276566982269287109375" lon="118.1657734327018260955810546875">
        <ele>11.19999980926513671875</ele>
        <time>2025-08-11T12:35:18.000Z</time>
        <extensions>
          <ns3:TrackPointExtension>
            <ns3:hr>162</ns3:hr>
            <ns3:cad>87</ns3:cad>
          </ns3:TrackPointExtension>
        </extensions>
      </trkpt>
      <trkpt lat="24.5202477090060710906982421875" lon="118.16574786789715290069580078125">
        <ele>11.19999980926513671875</ele>
        <time>2025-08-11T12:35:19.000Z</time>
        <extensions>
          <ns3:TrackPointExtension>
            <ns3:hr>162</ns3:hr>
            <ns3:cad>87</ns3:cad>
          </ns3:TrackPointExtension>
        </extensions>
      </trkpt>
      <trkpt lat="24.52023102901875972747802734375" lon="118.1657271645963191986083984375">
        <ele>11.19999980926513671875</ele>
        <time>2025-08-11T12:35:20.000Z</time>
        <extensions>
          <ns3:TrackPointExtension>
            <ns3:hr>161</ns3:hr>
            <ns3:cad>87</ns3:cad>
          </ns3:TrackPointExtension>
        </extensions>
      </trkpt>
      <trkpt lat="24.52022164128720760345458984375" lon="118.16570562310516834259033203125">
        <ele>11.3999996185302734375</ele>
        <time>2025-08-11T12:35:21.000Z</time>
        <extensions>
          <ns3:TrackPointExtension>
            <ns3:hr>161</ns3:hr>
            <ns3:cad>87</ns3:cad>
          </ns3:TrackPointExtension>
        </extensions>
      </trkpt>
      <trkpt lat="24.520210325717926025390625" lon="118.16568567417562007904052734375">
        <ele>11.3999996185302734375</ele>
        <time>2025-08-11T12:35:22.000Z</time>
        <extensions>
          <ns3:TrackPointExtension>
            <ns3:hr>161</ns3:hr>
            <ns3:cad>87</ns3:cad>
          </ns3:TrackPointExtension>
        </extensions>
      </trkpt>
      <trkpt lat="24.52019850723445415496826171875" lon="118.16565935499966144561767578125">
        <ele>11.3999996185302734375</ele>
        <time>2025-08-11T12:35:23.000Z</time>
        <extensions>
          <ns3:TrackPointExtension>
            <ns3:hr>161</ns3:hr>
            <ns3:cad>87</ns3:cad>
          </ns3:TrackPointExtension>
        </extensions>
      </trkpt>
      <trkpt lat="24.52018576674163341522216796875" lon="118.16564057953655719757080078125">
        <ele>11.3999996185302734375</ele>
        <time>2025-08-11T12:35:24.000Z</time>
        <extensions>
          <ns3:TrackPointExtension>
            <ns3:hr>161</ns3:hr>
            <ns3:cad>87</ns3:cad>
          </ns3:TrackPointExtension>
        </extensions>
      </trkpt>
      <trkpt lat="24.52017621137201786041259765625" lon="118.16561744548380374908447265625">
        <ele>11.3999996185302734375</ele>
        <time>2025-08-11T12:35:25.000Z</time>
        <extensions>
          <ns3:TrackPointExtension>
            <ns3:hr>161</ns3:hr>
            <ns3:cad>87</ns3:cad>
          </ns3:TrackPointExtension>
        </extensions>
      </trkpt>
      <trkpt lat="24.520163722336292266845703125" lon="118.16559481434524059295654296875">
        <ele>11.3999996185302734375</ele>
        <time>2025-08-11T12:35:26.000Z</time>
        <extensions>
          <ns3:TrackPointExtension>
            <ns3:hr>161</ns3:hr>
            <ns3:cad>87</ns3:cad>
          </ns3:TrackPointExtension>
        </extensions>
      </trkpt>
      <trkpt lat="24.520157687366008758544921875" lon="118.1655598618090152740478515625">
        <ele>11.3999996185302734375</ele>
        <time>2025-08-11T12:35:27.000Z</time>
        <extensions>
          <ns3:TrackPointExtension>
            <ns3:hr>160</ns3:hr>
            <ns3:cad>88</ns3:cad>
          </ns3:TrackPointExtension>
        </extensions>
      </trkpt>
      <trkpt lat="24.52014855109155178070068359375" lon="118.16553421318531036376953125">
        <ele>11.3999996185302734375</ele>
        <time>2025-08-11T12:35:28.000Z</time>
        <extensions>
          <ns3:TrackPointExtension>
            <ns3:hr>160</ns3:hr>
            <ns3:cad>88</ns3:cad>
          </ns3:TrackPointExtension>
        </extensions>
      </trkpt>
      <trkpt lat="24.520141594111919403076171875" lon="118.16550211049616336822509765625">
        <ele>11.19999980926513671875</ele>
        <time>2025-08-11T12:35:29.000Z</time>
        <extensions>
          <ns3:TrackPointExtension>
            <ns3:hr>160</ns3:hr>
            <ns3:cad>88</ns3:cad>
          </ns3:TrackPointExtension>
        </extensions>
      </trkpt>
      <trkpt lat="24.5201337151229381561279296875" lon="118.165477551519870758056640625">
        <ele>11.19999980926513671875</ele>
        <time>2025-08-11T12:35:30.000Z</time>
        <extensions>
          <ns3:TrackPointExtension>
            <ns3:hr>160</ns3:hr>
            <ns3:cad>88</ns3:cad>
          </ns3:TrackPointExtension>
        </extensions>
      </trkpt>
      <trkpt lat="24.52012474648654460906982421875" lon="118.16544494591653347015380859375">
        <ele>11.19999980926513671875</ele>
        <time>2025-08-11T12:35:31.000Z</time>
        <extensions>
          <ns3:TrackPointExtension>
            <ns3:hr>160</ns3:hr>
            <ns3:cad>88</ns3:cad>
          </ns3:TrackPointExtension>
        </extensions>
      </trkpt>
      <trkpt lat="24.52011804096400737762451171875" lon="118.16542399115860462188720703125">
        <ele>11.3999996185302734375</ele>
        <time>2025-08-11T12:35:32.000Z</time>
        <extensions>
          <ns3:TrackPointExtension>
            <ns3:hr>159</ns3:hr>
            <ns3:cad>88</ns3:cad>
          </ns3:TrackPointExtension>
        </extensions>
      </trkpt>
      <trkpt lat="24.52011150307953357696533203125" lon="118.165397755801677703857421875">
        <ele>11.3999996185302734375</ele>
        <time>2025-08-11T12:35:33.000Z</time>
        <extensions>
          <ns3:TrackPointExtension>
            <ns3:hr>160</ns3:hr>
            <ns3:cad>88</ns3:cad>
          </ns3:TrackPointExtension>
        </extensions>
      </trkpt>
      <trkpt lat="24.52010312117636203765869140625" lon="118.1653798185288906097412109375">
        <ele>11.3999996185302734375</ele>
        <time>2025-08-11T12:35:34.000Z</time>
        <extensions>
          <ns3:TrackPointExtension>
            <ns3:hr>160</ns3:hr>
            <ns3:cad>88</ns3:cad>
          </ns3:TrackPointExtension>
        </extensions>
      </trkpt>
      <trkpt lat="24.52009641565382480621337890625" lon="118.16535693593323230743408203125">
        <ele>11.3999996185302734375</ele>
        <time>2025-08-11T12:35:35.000Z</time>
        <extensions>
          <ns3:TrackPointExtension>
            <ns3:hr>160</ns3:hr>
            <ns3:cad>88</ns3:cad>
          </ns3:TrackPointExtension>
        </extensions>
      </trkpt>
      <trkpt lat="24.5200884528458118438720703125" lon="118.16533883102238178253173828125">
        <ele>11.3999996185302734375</ele>
        <time>2025-08-11T12:35:36.000Z</time>
        <extensions>
          <ns3:TrackPointExtension>
            <ns3:hr>160</ns3:hr>
            <ns3:cad>88</ns3:cad>
          </ns3:TrackPointExtension>
        </extensions>
      </trkpt>
      <trkpt lat="24.520081579685211181640625" lon="118.1653181277215480804443359375">
        <ele>11.19999980926513671875</ele>
        <time>2025-08-11T12:35:37.000Z</time>
        <extensions>
          <ns3:TrackPointExtension>
            <ns3:hr>159</ns3:hr>
            <ns3:cad>88</ns3:cad>
          </ns3:TrackPointExtension>
        </extensions>
      </trkpt>
      <trkpt lat="24.520071856677532196044921875" lon="118.16529977135360240936279296875">
        <ele>11.19999980926513671875</ele>
        <time>2025-08-11T12:35:38.000Z</time>
        <extensions>
          <ns3:TrackPointExtension>
            <ns3:hr>160</ns3:hr>
            <ns3:cad>88</ns3:cad>
          </ns3:TrackPointExtension>
        </extensions>
      </trkpt>
      <trkpt lat="24.52006422914564609527587890625" lon="118.165277056396007537841796875">
        <ele>11.19999980926513671875</ele>
        <time>2025-08-11T12:35:39.000Z</time>
        <extensions>
          <ns3:TrackPointExtension>
            <ns3:hr>160</ns3:hr>
            <ns3:cad>88</ns3:cad>
          </ns3:TrackPointExtension>
        </extensions>
      </trkpt>
      <trkpt lat="24.52005802653729915618896484375" lon="118.16525266505777835845947265625">
        <ele>11.3999996185302734375</ele>
        <time>2025-08-11T12:35:40.000Z</time>
        <extensions>
          <ns3:TrackPointExtension>
            <ns3:hr>160</ns3:hr>
            <ns3:cad>88</ns3:cad>
          </ns3:TrackPointExtension>
        </extensions>
      </trkpt>
      <trkpt lat="24.52004847116768360137939453125" lon="118.16522886045277118682861328125">
        <ele>11.3999996185302734375</ele>
        <time>2025-08-11T12:35:41.000Z</time>
        <extensions>
          <ns3:TrackPointExtension>
            <ns3:hr>160</ns3:hr>
            <ns3:cad>88</ns3:cad>
          </ns3:TrackPointExtension>
        </extensions>
      </trkpt>
      <trkpt lat="24.5200425200164318084716796875" lon="118.16519851796329021453857421875">
        <ele>11.3999996185302734375</ele>
        <time>2025-08-11T12:35:42.000Z</time>
        <extensions>
          <ns3:TrackPointExtension>
            <ns3:hr>160</ns3:hr>
            <ns3:cad>88</ns3:cad>
          </ns3:TrackPointExtension>
        </extensions>
      </trkpt>
      <trkpt lat="24.5200321264564990997314453125" lon="118.16517236642539501190185546875">
        <ele>11.3999996185302734375</ele>
        <time>2025-08-11T12:35:43.000Z</time>
        <extensions>
          <ns3:TrackPointExtension>
            <ns3:hr>160</ns3:hr>
            <ns3:cad>88</ns3:cad>
          </ns3:TrackPointExtension>
        </extensions>
      </trkpt>
      <trkpt lat="24.520025588572025299072265625" lon="118.16514068283140659332275390625">
        <ele>11.19999980926513671875</ele>
        <time>2025-08-11T12:35:44.000Z</time>
        <extensions>
          <ns3:TrackPointExtension>
            <ns3:hr>160</ns3:hr>
            <ns3:cad>88</ns3:cad>
          </ns3:TrackPointExtension>
        </extensions>
      </trkpt>
      <trkpt lat="24.5200145244598388671875" lon="118.1651183031499385833740234375">
        <ele>11.19999980926513671875</ele>
        <time>2025-08-11T12:35:45.000Z</time>
        <extensions>
          <ns3:TrackPointExtension>
            <ns3:hr>159</ns3:hr>
            <ns3:cad>88</ns3:cad>
          </ns3:TrackPointExtension>
        </extensions>
      </trkpt>
      <trkpt lat="24.5200093276798725128173828125" lon="118.165088631212711334228515625">
        <ele>11.19999980926513671875</ele>
        <time>2025-08-11T12:35:46.000Z</time>
        <extensions>
          <ns3:TrackPointExtension>
            <ns3:hr>160</ns3:hr>
            <ns3:cad>88</ns3:cad>
          </ns3:TrackPointExtension>
        </extensions>
      </trkpt>
      <trkpt lat="24.52000337652862071990966796875" lon="118.16506440751254558563232421875">
        <ele>11.19999980926513671875</ele>
        <time>2025-08-11T12:35:47.000Z</time>
        <extensions>
          <ns3:TrackPointExtension>
            <ns3:hr>160</ns3:hr>
            <ns3:cad>88</ns3:cad>
          </ns3:TrackPointExtension>
        </extensions>
      </trkpt>
      <trkpt lat="24.519998095929622650146484375" lon="118.16503456793725490570068359375">
        <ele>11.19999980926513671875</ele>
        <time>2025-08-11T12:35:48.000Z</time>
        <extensions>
          <ns3:TrackPointExtension>
            <ns3:hr>160</ns3:hr>
            <ns3:cad>88</ns3:cad>
          </ns3:TrackPointExtension>
        </extensions>
      </trkpt>
      <trkpt lat="24.51998678036034107208251953125" lon="118.16501411609351634979248046875">
        <ele>11.19999980926513671875</ele>
        <time>2025-08-11T12:35:49.000Z</time>
        <extensions>
          <ns3:TrackPointExtension>
            <ns3:hr>159</ns3:hr>
            <ns3:cad>88</ns3:cad>
          </ns3:TrackPointExtension>
        </extensions>
      </trkpt>
      <trkpt lat="24.51997873373329639434814453125" lon="118.16498695872724056243896484375">
        <ele>11.19999980926513671875</ele>
        <time>2025-08-11T12:35:50.000Z</time>
        <extensions>
          <ns3:TrackPointExtension>
            <ns3:hr>159</ns3:hr>
            <ns3:cad>88</ns3:cad>
          </ns3:TrackPointExtension>
        </extensions>
      </trkpt>
      <trkpt lat="24.51997437514364719390869140625" lon="118.16496181301772594451904296875">
        <ele>11.19999980926513671875</ele>
        <time>2025-08-11T12:35:51.000Z</time>
        <extensions>
          <ns3:TrackPointExtension>
            <ns3:hr>159</ns3:hr>
            <ns3:cad>88</ns3:cad>
          </ns3:TrackPointExtension>
        </extensions>
      </trkpt>
      <trkpt lat="24.5199660770595073699951171875" lon="118.1649352423846721649169921875">
        <ele>11.19999980926513671875</ele>
        <time>2025-08-11T12:35:52.000Z</time>
        <extensions>
          <ns3:TrackPointExtension>
            <ns3:hr>160</ns3:hr>
            <ns3:cad>88</ns3:cad>
          </ns3:TrackPointExtension>
        </extensions>
      </trkpt>
      <trkpt lat="24.5199580304324626922607421875" lon="118.1649124436080455780029296875">
        <ele>11.19999980926513671875</ele>
        <time>2025-08-11T12:35:53.000Z</time>
        <extensions>
          <ns3:TrackPointExtension>
            <ns3:hr>160</ns3:hr>
            <ns3:cad>88</ns3:cad>
          </ns3:TrackPointExtension>
        </extensions>
      </trkpt>
      <trkpt lat="24.5199493132531642913818359375" lon="118.16488721407949924468994140625">
        <ele>11.19999980926513671875</ele>
        <time>2025-08-11T12:35:54.000Z</time>
        <extensions>
          <ns3:TrackPointExtension>
            <ns3:hr>159</ns3:hr>
            <ns3:cad>88</ns3:cad>
          </ns3:TrackPointExtension>
        </extensions>
      </trkpt>
      <trkpt lat="24.5199442841112613677978515625" lon="118.16485854797065258026123046875">
        <ele>11.19999980926513671875</ele>
        <time>2025-08-11T12:35:55.000Z</time>
        <extensions>
          <ns3:TrackPointExtension>
            <ns3:hr>159</ns3:hr>
            <ns3:cad>88</ns3:cad>
          </ns3:TrackPointExtension>
        </extensions>
      </trkpt>
      <trkpt lat="24.51993548311293125152587890625" lon="118.16483189351856708526611328125">
        <ele>11.19999980926513671875</ele>
        <time>2025-08-11T12:35:56.000Z</time>
        <extensions>
          <ns3:TrackPointExtension>
            <ns3:hr>159</ns3:hr>
            <ns3:cad>88</ns3:cad>
          </ns3:TrackPointExtension>
        </extensions>
      </trkpt>
      <trkpt lat="24.519932381808757781982421875" lon="118.16480272449553012847900390625">
        <ele>11.19999980926513671875</ele>
        <time>2025-08-11T12:35:57.000Z</time>
        <extensions>
          <ns3:TrackPointExtension>
            <ns3:hr>160</ns3:hr>
            <ns3:cad>88</ns3:cad>
          </ns3:TrackPointExtension>
        </extensions>
      </trkpt>
      <trkpt lat="24.5199224911630153656005859375" lon="118.1647786684334278106689453125">
        <ele>11.19999980926513671875</ele>
        <time>2025-08-11T12:35:58.000Z</time>
        <extensions>
          <ns3:TrackPointExtension>
            <ns3:hr>159</ns3:hr>
            <ns3:cad>88</ns3:cad>
          </ns3:TrackPointExtension>
        </extensions>
      </trkpt>
      <trkpt lat="24.51991595327854156494140625" lon="118.164742626249790191650390625">
        <ele>11.19999980926513671875</ele>
        <time>2025-08-11T12:35:59.000Z</time>
        <extensions>
          <ns3:TrackPointExtension>
            <ns3:hr>159</ns3:hr>
            <ns3:cad>88</ns3:cad>
          </ns3:TrackPointExtension>
        </extensions>
      </trkpt>
      <trkpt lat="24.51990530826151371002197265625" lon="118.1647194921970367431640625">
        <ele>11.19999980926513671875</ele>
        <time>2025-08-11T12:36:00.000Z</time>
        <extensions>
          <ns3:TrackPointExtension>
            <ns3:hr>160</ns3:hr>
            <ns3:cad>88</ns3:cad>
          </ns3:TrackPointExtension>
        </extensions>
      </trkpt>
      <trkpt lat="24.5198963396251201629638671875" lon="118.16469090990722179412841796875">
        <ele>11.3999996185302734375</ele>
        <time>2025-08-11T12:36:01.000Z</time>
        <extensions>
          <ns3:TrackPointExtension>
            <ns3:hr>159</ns3:hr>
            <ns3:cad>88</ns3:cad>
          </ns3:TrackPointExtension>
        </extensions>
      </trkpt>
      <trkpt lat="24.519885443150997161865234375" lon="118.164667524397373199462890625">
        <ele>11.3999996185302734375</ele>
        <time>2025-08-11T12:36:02.000Z</time>
        <extensions>
          <ns3:TrackPointExtension>
            <ns3:hr>159</ns3:hr>
            <ns3:cad>88</ns3:cad>
          </ns3:TrackPointExtension>
        </extensions>
      </trkpt>
      <trkpt lat="24.51987798325717449188232421875" lon="118.16463525407016277313232421875">
        <ele>11.3999996185302734375</ele>
        <time>2025-08-11T12:36:03.000Z</time>
        <extensions>
          <ns3:TrackPointExtension>
            <ns3:hr>160</ns3:hr>
            <ns3:cad>88</ns3:cad>
          </ns3:TrackPointExtension>
        </extensions>
      </trkpt>
      <trkpt lat="24.5198705233633518218994140625" lon="118.164613209664821624755859375">
        <ele>11.3999996185302734375</ele>
        <time>2025-08-11T12:36:04.000Z</time>
        <extensions>
          <ns3:TrackPointExtension>
            <ns3:hr>160</ns3:hr>
            <ns3:cad>88</ns3:cad>
          </ns3:TrackPointExtension>
        </extensions>
      </trkpt>
      <trkpt lat="24.5198671706020832061767578125" lon="118.16458110697567462921142578125">
        <ele>11.3999996185302734375</ele>
        <time>2025-08-11T12:36:05.000Z</time>
        <extensions>
          <ns3:TrackPointExtension>
            <ns3:hr>160</ns3:hr>
            <ns3:cad>88</ns3:cad>
          </ns3:TrackPointExtension>
        </extensions>
      </trkpt>
      <trkpt lat="24.5198608003556728363037109375" lon="118.164559900760650634765625">
        <ele>11.19999980926513671875</ele>
        <time>2025-08-11T12:36:06.000Z</time>
        <extensions>
          <ns3:TrackPointExtension>
            <ns3:hr>160</ns3:hr>
            <ns3:cad>88</ns3:cad>
          </ns3:TrackPointExtension>
        </extensions>
      </trkpt>
      <trkpt lat="24.51985904015600681304931640625" lon="118.16452997736632823944091796875">
        <ele>11.19999980926513671875</ele>
        <time>2025-08-11T12:36:07.000Z</time>
        <extensions>
          <ns3:TrackPointExtension>
            <ns3:hr>160</ns3:hr>
            <ns3:cad>88</ns3:cad>
          </ns3:TrackPointExtension>
        </extensions>
      </trkpt>
      <trkpt lat="24.51985116116702556610107421875" lon="118.164511956274509429931640625">
        <ele>11.19999980926513671875</ele>
        <time>2025-08-11T12:36:08.000Z</time>
        <extensions>
          <ns3:TrackPointExtension>
            <ns3:hr>160</ns3:hr>
            <ns3:cad>88</ns3:cad>
          </ns3:TrackPointExtension>
        </extensions>
      </trkpt>
      <trkpt lat="24.5198470540344715118408203125" lon="118.1644829548895359039306640625">
        <ele>11.19999980926513671875</ele>
        <time>2025-08-11T12:36:09.000Z</time>
        <extensions>
          <ns3:TrackPointExtension>
            <ns3:hr>161</ns3:hr>
            <ns3:cad>88</ns3:cad>
          </ns3:TrackPointExtension>
        </extensions>
      </trkpt>
      <trkpt lat="24.51984059996902942657470703125" lon="118.1644631735980510711669921875">
        <ele>11.19999980926513671875</ele>
        <time>2025-08-11T12:36:10.000Z</time>
        <extensions>
          <ns3:TrackPointExtension>
            <ns3:hr>161</ns3:hr>
            <ns3:cad>88</ns3:cad>
          </ns3:TrackPointExtension>
        </extensions>
      </trkpt>
      <trkpt lat="24.51984043233096599578857421875" lon="118.16443207673728466033935546875">
        <ele>11.19999980926513671875</ele>
        <time>2025-08-11T12:36:11.000Z</time>
        <extensions>
          <ns3:TrackPointExtension>
            <ns3:hr>161</ns3:hr>
            <ns3:cad>88</ns3:cad>
          </ns3:TrackPointExtension>
        </extensions>
      </trkpt>
      <trkpt lat="24.519837163388729095458984375" lon="118.164410702884197235107421875">
        <ele>11.3999996185302734375</ele>
        <time>2025-08-11T12:36:12.000Z</time>
        <extensions>
          <ns3:TrackPointExtension>
            <ns3:hr>161</ns3:hr>
            <ns3:cad>88</ns3:cad>
          </ns3:TrackPointExtension>
        </extensions>
      </trkpt>
      <trkpt lat="24.51983607374131679534912109375" lon="118.1643833778798580169677734375">
        <ele>11.3999996185302734375</ele>
        <time>2025-08-11T12:36:13.000Z</time>
        <extensions>
          <ns3:TrackPointExtension>
            <ns3:hr>160</ns3:hr>
            <ns3:cad>88</ns3:cad>
          </ns3:TrackPointExtension>
        </extensions>
      </trkpt>
      <trkpt lat="24.51983146369457244873046875" lon="118.164361417293548583984375">
        <ele>11.3999996185302734375</ele>
        <time>2025-08-11T12:36:14.000Z</time>
        <extensions>
          <ns3:TrackPointExtension>
            <ns3:hr>160</ns3:hr>
            <ns3:cad>88</ns3:cad>
          </ns3:TrackPointExtension>
        </extensions>
      </trkpt>
      <trkpt lat="24.51982853002846240997314453125" lon="118.1643361039459705352783203125">
        <ele>11.19999980926513671875</ele>
        <time>2025-08-11T12:36:15.000Z</time>
        <extensions>
          <ns3:TrackPointExtension>
            <ns3:hr>160</ns3:hr>
            <ns3:cad>88</ns3:cad>
          </ns3:TrackPointExtension>
        </extensions>
      </trkpt>
      <trkpt lat="24.51982115395367145538330078125" lon="118.16430986858904361724853515625">
        <ele>11.19999980926513671875</ele>
        <time>2025-08-11T12:36:16.000Z</time>
        <extensions>
          <ns3:TrackPointExtension>
            <ns3:hr>160</ns3:hr>
            <ns3:cad>88</ns3:cad>
          </ns3:TrackPointExtension>
        </extensions>
      </trkpt>
      <trkpt lat="24.51981143094599246978759765625" lon="118.16428287886083126068115234375">
        <ele>11.19999980926513671875</ele>
        <time>2025-08-11T12:36:17.000Z</time>
        <extensions>
          <ns3:TrackPointExtension>
            <ns3:hr>160</ns3:hr>
            <ns3:cad>88</ns3:cad>
          </ns3:TrackPointExtension>
        </extensions>
      </trkpt>
      <trkpt lat="24.5198084972798824310302734375" lon="118.16425370983779430389404296875">
        <ele>11.19999980926513671875</ele>
        <time>2025-08-11T12:36:18.000Z</time>
        <extensions>
          <ns3:TrackPointExtension>
            <ns3:hr>160</ns3:hr>
            <ns3:cad>88</ns3:cad>
          </ns3:TrackPointExtension>
        </extensions>
      </trkpt>
      <trkpt lat="24.51980489306151866912841796875" lon="118.1642257981002330780029296875">
        <ele>11.19999980926513671875</ele>
        <time>2025-08-11T12:36:19.000Z</time>
        <extensions>
          <ns3:TrackPointExtension>
            <ns3:hr>161</ns3:hr>
            <ns3:cad>88</ns3:cad>
          </ns3:TrackPointExtension>
        </extensions>
      </trkpt>
      <trkpt lat="24.51980288140475749969482421875" lon="118.164194785058498382568359375">
        <ele>11.19999980926513671875</ele>
        <time>2025-08-11T12:36:20.000Z</time>
        <extensions>
          <ns3:TrackPointExtension>
            <ns3:hr>160</ns3:hr>
            <ns3:cad>89</ns3:cad>
          </ns3:TrackPointExtension>
        </extensions>
      </trkpt>
      <trkpt lat="24.5197974331676959991455078125" lon="118.1641669571399688720703125">
        <ele>11.19999980926513671875</ele>
        <time>2025-08-11T12:36:21.000Z</time>
        <extensions>
          <ns3:TrackPointExtension>
            <ns3:hr>160</ns3:hr>
            <ns3:cad>89</ns3:cad>
          </ns3:TrackPointExtension>
        </extensions>
      </trkpt>
      <trkpt lat="24.51979567296802997589111328125" lon="118.16413871012628078460693359375">
        <ele>11.19999980926513671875</ele>
        <time>2025-08-11T12:36:22.000Z</time>
        <extensions>
          <ns3:TrackPointExtension>
            <ns3:hr>160</ns3:hr>
            <ns3:cad>89</ns3:cad>
          </ns3:TrackPointExtension>
        </extensions>
      </trkpt>
      <trkpt lat="24.51978963799774646759033203125" lon="118.1641141511499881744384765625">
        <ele>11.19999980926513671875</ele>
        <time>2025-08-11T12:36:23.000Z</time>
        <extensions>
          <ns3:TrackPointExtension>
            <ns3:hr>161</ns3:hr>
            <ns3:cad>89</ns3:cad>
          </ns3:TrackPointExtension>
        </extensions>
      </trkpt>
      <trkpt lat="24.51978846453130245208740234375" lon="118.1640849821269512176513671875">
        <ele>11.19999980926513671875</ele>
        <time>2025-08-11T12:36:24.000Z</time>
        <extensions>
          <ns3:TrackPointExtension>
            <ns3:hr>160</ns3:hr>
            <ns3:cad>89</ns3:cad>
          </ns3:TrackPointExtension>
        </extensions>
      </trkpt>
      <trkpt lat="24.51978318393230438232421875" lon="118.16405941732227802276611328125">
        <ele>11.19999980926513671875</ele>
        <time>2025-08-11T12:36:25.000Z</time>
        <extensions>
          <ns3:TrackPointExtension>
            <ns3:hr>160</ns3:hr>
            <ns3:cad>89</ns3:cad>
          </ns3:TrackPointExtension>
        </extensions>
      </trkpt>
      <trkpt lat="24.51978343538939952850341796875" lon="118.1640293262898921966552734375">
        <ele>11.19999980926513671875</ele>
        <time>2025-08-11T12:36:26.000Z</time>
        <extensions>
          <ns3:TrackPointExtension>
            <ns3:hr>161</ns3:hr>
            <ns3:cad>89</ns3:cad>
          </ns3:TrackPointExtension>
        </extensions>
      </trkpt>
      <trkpt lat="24.51977916061878204345703125" lon="118.1640038453042507171630859375">
        <ele>11.19999980926513671875</ele>
        <time>2025-08-11T12:36:27.000Z</time>
        <extensions>
          <ns3:TrackPointExtension>
            <ns3:hr>161</ns3:hr>
            <ns3:cad>88</ns3:cad>
          </ns3:TrackPointExtension>
        </extensions>
      </trkpt>
      <trkpt lat="24.51977740041911602020263671875" lon="118.16397744230926036834716796875">
        <ele>11.19999980926513671875</ele>
        <time>2025-08-11T12:36:28.000Z</time>
        <extensions>
          <ns3:TrackPointExtension>
            <ns3:hr>161</ns3:hr>
            <ns3:cad>88</ns3:cad>
          </ns3:TrackPointExtension>
        </extensions>
      </trkpt>
      <trkpt lat="24.51977253891527652740478515625" lon="118.163954056799411773681640625">
        <ele>11.19999980926513671875</ele>
        <time>2025-08-11T12:36:29.000Z</time>
        <extensions>
          <ns3:TrackPointExtension>
            <ns3:hr>161</ns3:hr>
            <ns3:cad>88</ns3:cad>
          </ns3:TrackPointExtension>
        </extensions>
      </trkpt>
      <trkpt lat="24.51976851560175418853759765625" lon="118.163926899433135986328125">
        <ele>11.19999980926513671875</ele>
        <time>2025-08-11T12:36:30.000Z</time>
        <extensions>
          <ns3:TrackPointExtension>
            <ns3:hr>161</ns3:hr>
            <ns3:cad>88</ns3:cad>
          </ns3:TrackPointExtension>
        </extensions>
      </trkpt>
      <trkpt lat="24.51976214535534381866455078125" lon="118.16390753723680973052978515625">
        <ele>11.19999980926513671875</ele>
        <time>2025-08-11T12:36:31.000Z</time>
        <extensions>
          <ns3:TrackPointExtension>
            <ns3:hr>161</ns3:hr>
            <ns3:cad>89</ns3:cad>
          </ns3:TrackPointExtension>
        </extensions>
      </trkpt>
      <trkpt lat="24.51975896023213863372802734375" lon="118.1638772785663604736328125">
        <ele>11.19999980926513671875</ele>
        <time>2025-08-11T12:36:32.000Z</time>
        <extensions>
          <ns3:TrackPointExtension>
            <ns3:hr>161</ns3:hr>
            <ns3:cad>89</ns3:cad>
          </ns3:TrackPointExtension>
        </extensions>
      </trkpt>
      <trkpt lat="24.5197538472712039947509765625" lon="118.1638569943606853485107421875">
        <ele>11.19999980926513671875</ele>
        <time>2025-08-11T12:36:33.000Z</time>
        <extensions>
          <ns3:TrackPointExtension>
            <ns3:hr>161</ns3:hr>
            <ns3:cad>88</ns3:cad>
          </ns3:TrackPointExtension>
        </extensions>
      </trkpt>
      <trkpt lat="24.5197504945099353790283203125" lon="118.16383176483213901519775390625">
        <ele>11.19999980926513671875</ele>
        <time>2025-08-11T12:36:34.000Z</time>
        <extensions>
          <ns3:TrackPointExtension>
            <ns3:hr>161</ns3:hr>
            <ns3:cad>88</ns3:cad>
          </ns3:TrackPointExtension>
        </extensions>
      </trkpt>
      <trkpt lat="24.51974563300609588623046875" lon="118.1638087145984172821044921875">
        <ele>11.19999980926513671875</ele>
        <time>2025-08-11T12:36:35.000Z</time>
        <extensions>
          <ns3:TrackPointExtension>
            <ns3:hr>161</ns3:hr>
            <ns3:cad>88</ns3:cad>
          </ns3:TrackPointExtension>
        </extensions>
      </trkpt>
      <trkpt lat="24.51974697411060333251953125" lon="118.1637748517096042633056640625">
        <ele>11.19999980926513671875</ele>
        <time>2025-08-11T12:36:36.000Z</time>
        <extensions>
          <ns3:TrackPointExtension>
            <ns3:hr>161</ns3:hr>
            <ns3:cad>89</ns3:cad>
          </ns3:TrackPointExtension>
        </extensions>
      </trkpt>
      <trkpt lat="24.5197397656738758087158203125" lon="118.16375247202813625335693359375">
        <ele>11.19999980926513671875</ele>
        <time>2025-08-11T12:36:37.000Z</time>
        <extensions>
          <ns3:TrackPointExtension>
            <ns3:hr>162</ns3:hr>
            <ns3:cad>89</ns3:cad>
          </ns3:TrackPointExtension>
        </extensions>
      </trkpt>
      <trkpt lat="24.5197377540171146392822265625" lon="118.16371911205351352691650390625">
        <ele>11</ele>
        <time>2025-08-11T12:36:38.000Z</time>
        <extensions>
          <ns3:TrackPointExtension>
            <ns3:hr>162</ns3:hr>
            <ns3:cad>89</ns3:cad>
          </ns3:TrackPointExtension>
        </extensions>
      </trkpt>
      <trkpt lat="24.51973021030426025390625" lon="118.163695894181728363037109375">
        <ele>11</ele>
        <time>2025-08-11T12:36:39.000Z</time>
        <extensions>
          <ns3:TrackPointExtension>
            <ns3:hr>161</ns3:hr>
            <ns3:cad>89</ns3:cad>
          </ns3:TrackPointExtension>
        </extensions>
      </trkpt>
      <trkpt lat="24.51972945593297481536865234375" lon="118.163659013807773590087890625">
        <ele>11.19999980926513671875</ele>
        <time>2025-08-11T12:36:40.000Z</time>
        <extensions>
          <ns3:TrackPointExtension>
            <ns3:hr>161</ns3:hr>
            <ns3:cad>89</ns3:cad>
          </ns3:TrackPointExtension>
        </extensions>
      </trkpt>
      <trkpt lat="24.519726522266864776611328125" lon="118.16363294608891010284423828125">
        <ele>11</ele>
        <time>2025-08-11T12:36:41.000Z</time>
        <extensions>
          <ns3:TrackPointExtension>
            <ns3:hr>161</ns3:hr>
            <ns3:cad>89</ns3:cad>
          </ns3:TrackPointExtension>
        </extensions>
      </trkpt>
      <trkpt lat="24.51973222196102142333984375" lon="118.1635988317430019378662109375">
        <ele>11</ele>
        <time>2025-08-11T12:36:42.000Z</time>
        <extensions>
          <ns3:TrackPointExtension>
            <ns3:hr>161</ns3:hr>
            <ns3:cad>88</ns3:cad>
          </ns3:TrackPointExtension>
        </extensions>
      </trkpt>
      <trkpt lat="24.51973021030426025390625" lon="118.1635780446231365203857421875">
        <ele>11</ele>
        <time>2025-08-11T12:36:43.000Z</time>
        <extensions>
          <ns3:TrackPointExtension>
            <ns3:hr>161</ns3:hr>
            <ns3:cad>88</ns3:cad>
          </ns3:TrackPointExtension>
        </extensions>
      </trkpt>
      <trkpt lat="24.5197310484945774078369140625" lon="118.1635455228388309478759765625">
        <ele>11</ele>
        <time>2025-08-11T12:36:44.000Z</time>
        <extensions>
          <ns3:TrackPointExtension>
            <ns3:hr>161</ns3:hr>
            <ns3:cad>88</ns3:cad>
          </ns3:TrackPointExtension>
        </extensions>
      </trkpt>
      <trkpt lat="24.519726522266864776611328125" lon="118.163523562252521514892578125">
        <ele>11</ele>
        <time>2025-08-11T12:36:45.000Z</time>
        <extensions>
          <ns3:TrackPointExtension>
            <ns3:hr>161</ns3:hr>
            <ns3:cad>88</ns3:cad>
          </ns3:TrackPointExtension>
        </extensions>
      </trkpt>
      <trkpt lat="24.51971956528723239898681640625" lon="118.1634995900094509124755859375">
        <ele>11</ele>
        <time>2025-08-11T12:36:46.000Z</time>
        <extensions>
          <ns3:TrackPointExtension>
            <ns3:hr>160</ns3:hr>
            <ns3:cad>88</ns3:cad>
          </ns3:TrackPointExtension>
        </extensions>
      </trkpt>
      <trkpt lat="24.5197196491062641143798828125" lon="118.16347804851830005645751953125">
        <ele>11</ele>
        <time>2025-08-11T12:36:47.000Z</time>
        <extensions>
          <ns3:TrackPointExtension>
            <ns3:hr>161</ns3:hr>
            <ns3:cad>88</ns3:cad>
          </ns3:TrackPointExtension>
        </extensions>
      </trkpt>
      <trkpt lat="24.5197162963449954986572265625" lon="118.16345139406621456146240234375">
        <ele>11</ele>
        <time>2025-08-11T12:36:48.000Z</time>
        <extensions>
          <ns3:TrackPointExtension>
            <ns3:hr>161</ns3:hr>
            <ns3:cad>88</ns3:cad>
          </ns3:TrackPointExtension>
        </extensions>
      </trkpt>
      <trkpt lat="24.51971285976469516754150390625" lon="118.1634231470525264739990234375">
        <ele>11</ele>
        <time>2025-08-11T12:36:49.000Z</time>
        <extensions>
          <ns3:TrackPointExtension>
            <ns3:hr>161</ns3:hr>
            <ns3:cad>88</ns3:cad>
          </ns3:TrackPointExtension>
        </extensions>
      </trkpt>
      <trkpt lat="24.5197075791656970977783203125" lon="118.16339406184852123260498046875">
        <ele>11</ele>
        <time>2025-08-11T12:36:50.000Z</time>
        <extensions>
          <ns3:TrackPointExtension>
            <ns3:hr>160</ns3:hr>
            <ns3:cad>88</ns3:cad>
          </ns3:TrackPointExtension>
        </extensions>
      </trkpt>
      <trkpt lat="24.51970481313765048980712890625" lon="118.16336019895970821380615234375">
        <ele>10.80000019073486328125</ele>
        <time>2025-08-11T12:36:51.000Z</time>
        <extensions>
          <ns3:TrackPointExtension>
            <ns3:hr>161</ns3:hr>
            <ns3:cad>88</ns3:cad>
          </ns3:TrackPointExtension>
        </extensions>
      </trkpt>
      <trkpt lat="24.51969894580543041229248046875" lon="118.16333471797406673431396484375">
        <ele>10.80000019073486328125</ele>
        <time>2025-08-11T12:36:52.000Z</time>
        <extensions>
          <ns3:TrackPointExtension>
            <ns3:hr>161</ns3:hr>
            <ns3:cad>88</ns3:cad>
          </ns3:TrackPointExtension>
        </extensions>
      </trkpt>
      <trkpt lat="24.5196998678147792816162109375" lon="118.1633024476468563079833984375">
        <ele>10.6000003814697265625</ele>
        <time>2025-08-11T12:36:53.000Z</time>
        <extensions>
          <ns3:TrackPointExtension>
            <ns3:hr>161</ns3:hr>
            <ns3:cad>88</ns3:cad>
          </ns3:TrackPointExtension>
        </extensions>
      </trkpt>
      <trkpt lat="24.51969659887254238128662109375" lon="118.1632806546986103057861328125">
        <ele>10.6000003814697265625</ele>
        <time>2025-08-11T12:36:54.000Z</time>
        <extensions>
          <ns3:TrackPointExtension>
            <ns3:hr>161</ns3:hr>
            <ns3:cad>88</ns3:cad>
          </ns3:TrackPointExtension>
        </extensions>
      </trkpt>
      <trkpt lat="24.51969861052930355072021484375" lon="118.1632444448769092559814453125">
        <ele>10.6000003814697265625</ele>
        <time>2025-08-11T12:36:55.000Z</time>
        <extensions>
          <ns3:TrackPointExtension>
            <ns3:hr>161</ns3:hr>
            <ns3:cad>88</ns3:cad>
          </ns3:TrackPointExtension>
        </extensions>
      </trkpt>
      <trkpt lat="24.51969257555902004241943359375" lon="118.163218460977077484130859375">
        <ele>10.6000003814697265625</ele>
        <time>2025-08-11T12:36:56.000Z</time>
        <extensions>
          <ns3:TrackPointExtension>
            <ns3:hr>161</ns3:hr>
            <ns3:cad>88</ns3:cad>
          </ns3:TrackPointExtension>
        </extensions>
      </trkpt>
      <trkpt lat="24.51968871988356113433837890625" lon="118.1631810776889324188232421875">
        <ele>10.3999996185302734375</ele>
        <time>2025-08-11T12:36:57.000Z</time>
        <extensions>
          <ns3:TrackPointExtension>
            <ns3:hr>161</ns3:hr>
            <ns3:cad>88</ns3:cad>
          </ns3:TrackPointExtension>
        </extensions>
      </trkpt>
      <trkpt lat="24.5196832716464996337890625" lon="118.16315643489360809326171875">
        <ele>10.6000003814697265625</ele>
        <time>2025-08-11T12:36:58.000Z</time>
        <extensions>
          <ns3:TrackPointExtension>
            <ns3:hr>161</ns3:hr>
            <ns3:cad>88</ns3:cad>
          </ns3:TrackPointExtension>
        </extensions>
      </trkpt>
      <trkpt lat="24.51968067325651645660400390625" lon="118.1631267629563808441162109375">
        <ele>10.3999996185302734375</ele>
        <time>2025-08-11T12:36:59.000Z</time>
        <extensions>
          <ns3:TrackPointExtension>
            <ns3:hr>161</ns3:hr>
            <ns3:cad>88</ns3:cad>
          </ns3:TrackPointExtension>
        </extensions>
      </trkpt>
      <trkpt lat="24.51967882923781871795654296875" lon="118.163103796541690826416015625">
        <ele>10.3999996185302734375</ele>
        <time>2025-08-11T12:37:00.000Z</time>
        <extensions>
          <ns3:TrackPointExtension>
            <ns3:hr>161</ns3:hr>
            <ns3:cad>88</ns3:cad>
          </ns3:TrackPointExtension>
        </extensions>
      </trkpt>
      <trkpt lat="24.51967312954366207122802734375" lon="118.163077645003795623779296875">
        <ele>10.3999996185302734375</ele>
        <time>2025-08-11T12:37:01.000Z</time>
        <extensions>
          <ns3:TrackPointExtension>
            <ns3:hr>161</ns3:hr>
            <ns3:cad>88</ns3:cad>
          </ns3:TrackPointExtension>
        </extensions>
      </trkpt>
      <trkpt lat="24.51966759748756885528564453125" lon="118.1630550138652324676513671875">
        <ele>10.3999996185302734375</ele>
        <time>2025-08-11T12:37:02.000Z</time>
        <extensions>
          <ns3:TrackPointExtension>
            <ns3:hr>161</ns3:hr>
            <ns3:cad>88</ns3:cad>
          </ns3:TrackPointExtension>
        </extensions>
      </trkpt>
      <trkpt lat="24.519658125936985015869140625" lon="118.1630268506705760955810546875">
        <ele>10.3999996185302734375</ele>
        <time>2025-08-11T12:37:03.000Z</time>
        <extensions>
          <ns3:TrackPointExtension>
            <ns3:hr>161</ns3:hr>
            <ns3:cad>88</ns3:cad>
          </ns3:TrackPointExtension>
        </extensions>
      </trkpt>
      <trkpt lat="24.519651420414447784423828125" lon="118.16300346516072750091552734375">
        <ele>10.3999996185302734375</ele>
        <time>2025-08-11T12:37:04.000Z</time>
        <extensions>
          <ns3:TrackPointExtension>
            <ns3:hr>161</ns3:hr>
            <ns3:cad>88</ns3:cad>
          </ns3:TrackPointExtension>
        </extensions>
      </trkpt>
      <trkpt lat="24.51964278705418109893798828125" lon="118.16298385150730609893798828125">
        <ele>10.6000003814697265625</ele>
        <time>2025-08-11T12:37:05.000Z</time>
        <extensions>
          <ns3:TrackPointExtension>
            <ns3:hr>161</ns3:hr>
            <ns3:cad>88</ns3:cad>
          </ns3:TrackPointExtension>
        </extensions>
      </trkpt>
      <trkpt lat="24.5196381770074367523193359375" lon="118.1629572808742523193359375">
        <ele>10.6000003814697265625</ele>
        <time>2025-08-11T12:37:06.000Z</time>
        <extensions>
          <ns3:TrackPointExtension>
            <ns3:hr>160</ns3:hr>
            <ns3:cad>88</ns3:cad>
          </ns3:TrackPointExtension>
        </extensions>
      </trkpt>
      <trkpt lat="24.519628621637821197509765625" lon="118.162934817373752593994140625">
        <ele>10.6000003814697265625</ele>
        <time>2025-08-11T12:37:07.000Z</time>
        <extensions>
          <ns3:TrackPointExtension>
            <ns3:hr>161</ns3:hr>
            <ns3:cad>88</ns3:cad>
          </ns3:TrackPointExtension>
        </extensions>
      </trkpt>
      <trkpt lat="24.51962166465818881988525390625" lon="118.1629148684442043304443359375">
        <ele>10.6000003814697265625</ele>
        <time>2025-08-11T12:37:08.000Z</time>
        <extensions>
          <ns3:TrackPointExtension>
            <ns3:hr>160</ns3:hr>
            <ns3:cad>88</ns3:cad>
          </ns3:TrackPointExtension>
        </extensions>
      </trkpt>
      <trkpt lat="24.519609846174716949462890625" lon="118.1628964282572269439697265625">
        <ele>10.6000003814697265625</ele>
        <time>2025-08-11T12:37:09.000Z</time>
        <extensions>
          <ns3:TrackPointExtension>
            <ns3:hr>160</ns3:hr>
            <ns3:cad>88</ns3:cad>
          </ns3:TrackPointExtension>
        </extensions>
      </trkpt>
      <trkpt lat="24.51960272155702114105224609375" lon="118.1628846935927867889404296875">
        <ele>10.6000003814697265625</ele>
        <time>2025-08-11T12:37:10.000Z</time>
        <extensions>
          <ns3:TrackPointExtension>
            <ns3:hr>160</ns3:hr>
            <ns3:cad>88</ns3:cad>
          </ns3:TrackPointExtension>
        </extensions>
      </trkpt>
      <trkpt lat="24.51959467492997646331787109375" lon="118.16287036053836345672607421875">
        <ele>10.80000019073486328125</ele>
        <time>2025-08-11T12:37:11.000Z</time>
        <extensions>
          <ns3:TrackPointExtension>
            <ns3:hr>161</ns3:hr>
            <ns3:cad>88</ns3:cad>
          </ns3:TrackPointExtension>
        </extensions>
      </trkpt>
      <trkpt lat="24.519584365189075469970703125" lon="118.16285393200814723968505859375">
        <ele>10.80000019073486328125</ele>
        <time>2025-08-11T12:37:12.000Z</time>
        <extensions>
          <ns3:TrackPointExtension>
            <ns3:hr>160</ns3:hr>
            <ns3:cad>88</ns3:cad>
          </ns3:TrackPointExtension>
        </extensions>
      </trkpt>
      <trkpt lat="24.519571959972381591796875" lon="118.16283096559345722198486328125">
        <ele>10.80000019073486328125</ele>
        <time>2025-08-11T12:37:13.000Z</time>
        <extensions>
          <ns3:TrackPointExtension>
            <ns3:hr>160</ns3:hr>
            <ns3:cad>88</ns3:cad>
          </ns3:TrackPointExtension>
        </extensions>
      </trkpt>
      <trkpt lat="24.5195580460131168365478515625" lon="118.16280632279813289642333984375">
        <ele>10.80000019073486328125</ele>
        <time>2025-08-11T12:37:14.000Z</time>
        <extensions>
          <ns3:TrackPointExtension>
            <ns3:hr>161</ns3:hr>
            <ns3:cad>88</ns3:cad>
          </ns3:TrackPointExtension>
        </extensions>
      </trkpt>
      <trkpt lat="24.51954455114901065826416015625" lon="118.16278629004955291748046875">
        <ele>10.6000003814697265625</ele>
        <time>2025-08-11T12:37:15.000Z</time>
        <extensions>
          <ns3:TrackPointExtension>
            <ns3:hr>160</ns3:hr>
            <ns3:cad>88</ns3:cad>
          </ns3:TrackPointExtension>
        </extensions>
      </trkpt>
      <trkpt lat="24.51953365467488765716552734375" lon="118.162761144340038299560546875">
        <ele>10.6000003814697265625</ele>
        <time>2025-08-11T12:37:16.000Z</time>
        <extensions>
          <ns3:TrackPointExtension>
            <ns3:hr>160</ns3:hr>
            <ns3:cad>89</ns3:cad>
          </ns3:TrackPointExtension>
        </extensions>
      </trkpt>
      <trkpt lat="24.51952879317104816436767578125" lon="118.16273189149796962738037109375">
        <ele>10.3999996185302734375</ele>
        <time>2025-08-11T12:37:17.000Z</time>
        <extensions>
          <ns3:TrackPointExtension>
            <ns3:hr>160</ns3:hr>
            <ns3:cad>89</ns3:cad>
          </ns3:TrackPointExtension>
        </extensions>
      </trkpt>
      <trkpt lat="24.5195204950869083404541015625" lon="118.1627059914171695709228515625">
        <ele>10.3999996185302734375</ele>
        <time>2025-08-11T12:37:18.000Z</time>
        <extensions>
          <ns3:TrackPointExtension>
            <ns3:hr>161</ns3:hr>
            <ns3:cad>88</ns3:cad>
          </ns3:TrackPointExtension>
        </extensions>
      </trkpt>
      <trkpt lat="24.51952007599174976348876953125" lon="118.1626724638044834136962890625">
        <ele>10.3999996185302734375</ele>
        <time>2025-08-11T12:37:19.000Z</time>
        <extensions>
          <ns3:TrackPointExtension>
            <ns3:hr>160</ns3:hr>
            <ns3:cad>88</ns3:cad>
          </ns3:TrackPointExtension>
        </extensions>
      </trkpt>
      <trkpt lat="24.51951387338340282440185546875" lon="118.1626550294458866119384765625">
        <ele>10.6000003814697265625</ele>
        <time>2025-08-11T12:37:20.000Z</time>
        <extensions>
          <ns3:TrackPointExtension>
            <ns3:hr>160</ns3:hr>
            <ns3:cad>87</ns3:cad>
          </ns3:TrackPointExtension>
        </extensions>
      </trkpt>
      <trkpt lat="24.51951102353632450103759765625" lon="118.16263072192668914794921875">
        <ele>10.6000003814697265625</ele>
        <time>2025-08-11T12:37:21.000Z</time>
        <extensions>
          <ns3:TrackPointExtension>
            <ns3:hr>160</ns3:hr>
            <ns3:cad>87</ns3:cad>
          </ns3:TrackPointExtension>
        </extensions>
      </trkpt>
      <trkpt lat="24.51949912123382091522216796875" lon="118.16261286847293376922607421875">
        <ele>10.6000003814697265625</ele>
        <time>2025-08-11T12:37:22.000Z</time>
        <extensions>
          <ns3:TrackPointExtension>
            <ns3:hr>160</ns3:hr>
            <ns3:cad>88</ns3:cad>
          </ns3:TrackPointExtension>
        </extensions>
      </trkpt>
      <trkpt lat="24.51949325390160083770751953125" lon="118.1625795923173427581787109375">
        <ele>10.6000003814697265625</ele>
        <time>2025-08-11T12:37:23.000Z</time>
        <extensions>
          <ns3:TrackPointExtension>
            <ns3:hr>161</ns3:hr>
            <ns3:cad>88</ns3:cad>
          </ns3:TrackPointExtension>
        </extensions>
      </trkpt>
      <trkpt lat="24.5194832794368267059326171875" lon="118.162556625902652740478515625">
        <ele>10.80000019073486328125</ele>
        <time>2025-08-11T12:37:24.000Z</time>
        <extensions>
          <ns3:TrackPointExtension>
            <ns3:hr>160</ns3:hr>
            <ns3:cad>88</ns3:cad>
          </ns3:TrackPointExtension>
        </extensions>
      </trkpt>
      <trkpt lat="24.51947246678173542022705078125" lon="118.16252611577510833740234375">
        <ele>10.80000019073486328125</ele>
        <time>2025-08-11T12:37:25.000Z</time>
        <extensions>
          <ns3:TrackPointExtension>
            <ns3:hr>160</ns3:hr>
            <ns3:cad>88</ns3:cad>
          </ns3:TrackPointExtension>
        </extensions>
      </trkpt>
      <trkpt lat="24.51946827583014965057373046875" lon="118.16250465810298919677734375">
        <ele>10.80000019073486328125</ele>
        <time>2025-08-11T12:37:26.000Z</time>
        <extensions>
          <ns3:TrackPointExtension>
            <ns3:hr>160</ns3:hr>
            <ns3:cad>88</ns3:cad>
          </ns3:TrackPointExtension>
        </extensions>
      </trkpt>
      <trkpt lat="24.51946131885051727294921875" lon="118.16247691400349140167236328125">
        <ele>10.80000019073486328125</ele>
        <time>2025-08-11T12:37:27.000Z</time>
        <extensions>
          <ns3:TrackPointExtension>
            <ns3:hr>160</ns3:hr>
            <ns3:cad>87</ns3:cad>
          </ns3:TrackPointExtension>
        </extensions>
      </trkpt>
      <trkpt lat="24.5194611512124538421630859375" lon="118.1624521873891353607177734375">
        <ele>10.80000019073486328125</ele>
        <time>2025-08-11T12:37:28.000Z</time>
        <extensions>
          <ns3:TrackPointExtension>
            <ns3:hr>161</ns3:hr>
            <ns3:cad>87</ns3:cad>
          </ns3:TrackPointExtension>
        </extensions>
      </trkpt>
      <trkpt lat="24.5194601453840732574462890625" lon="118.16242762841284275054931640625">
        <ele>10.80000019073486328125</ele>
        <time>2025-08-11T12:37:29.000Z</time>
        <extensions>
          <ns3:TrackPointExtension>
            <ns3:hr>160</ns3:hr>
            <ns3:cad>87</ns3:cad>
          </ns3:TrackPointExtension>
        </extensions>
      </trkpt>
      <trkpt lat="24.51946525834500789642333984375" lon="118.16239812411367893218994140625">
        <ele>10.80000019073486328125</ele>
        <time>2025-08-11T12:37:30.000Z</time>
        <extensions>
          <ns3:TrackPointExtension>
            <ns3:hr>160</ns3:hr>
            <ns3:cad>87</ns3:cad>
          </ns3:TrackPointExtension>
        </extensions>
      </trkpt>
      <trkpt lat="24.51946609653532505035400390625" lon="118.162372894585132598876953125">
        <ele>10.80000019073486328125</ele>
        <time>2025-08-11T12:37:31.000Z</time>
        <extensions>
          <ns3:TrackPointExtension>
            <ns3:hr>160</ns3:hr>
            <ns3:cad>87</ns3:cad>
          </ns3:TrackPointExtension>
        </extensions>
      </trkpt>
      <trkpt lat="24.51947364024817943572998046875" lon="118.16233911551535129547119140625">
        <ele>10.80000019073486328125</ele>
        <time>2025-08-11T12:37:32.000Z</time>
        <extensions>
          <ns3:TrackPointExtension>
            <ns3:hr>160</ns3:hr>
            <ns3:cad>88</ns3:cad>
          </ns3:TrackPointExtension>
        </extensions>
      </trkpt>
      <trkpt lat="24.519473053514957427978515625" lon="118.1623130477964878082275390625">
        <ele>10.80000019073486328125</ele>
        <time>2025-08-11T12:37:33.000Z</time>
        <extensions>
          <ns3:TrackPointExtension>
            <ns3:hr>160</ns3:hr>
            <ns3:cad>88</ns3:cad>
          </ns3:TrackPointExtension>
        </extensions>
      </trkpt>
      <trkpt lat="24.51947850175201892852783203125" lon="118.162281028926372528076171875">
        <ele>10.80000019073486328125</ele>
        <time>2025-08-11T12:37:34.000Z</time>
        <extensions>
          <ns3:TrackPointExtension>
            <ns3:hr>159</ns3:hr>
            <ns3:cad>88</ns3:cad>
          </ns3:TrackPointExtension>
        </extensions>
      </trkpt>
      <trkpt lat="24.519475735723972320556640625" lon="118.16225496120750904083251953125">
        <ele>10.80000019073486328125</ele>
        <time>2025-08-11T12:37:35.000Z</time>
        <extensions>
          <ns3:TrackPointExtension>
            <ns3:hr>159</ns3:hr>
            <ns3:cad>88</ns3:cad>
          </ns3:TrackPointExtension>
        </extensions>
      </trkpt>
      <trkpt lat="24.519477747380733489990234375" lon="118.16222595982253551483154296875">
        <ele>10.80000019073486328125</ele>
        <time>2025-08-11T12:37:36.000Z</time>
        <extensions>
          <ns3:TrackPointExtension>
            <ns3:hr>159</ns3:hr>
            <ns3:cad>88</ns3:cad>
          </ns3:TrackPointExtension>
        </extensions>
      </trkpt>
      <trkpt lat="24.5194782502949237823486328125" lon="118.1622008979320526123046875">
        <ele>10.6000003814697265625</ele>
        <time>2025-08-11T12:37:37.000Z</time>
        <extensions>
          <ns3:TrackPointExtension>
            <ns3:hr>159</ns3:hr>
            <ns3:cad>88</ns3:cad>
          </ns3:TrackPointExtension>
        </extensions>
      </trkpt>
      <trkpt lat="24.5194782502949237823486328125" lon="118.16217483021318912506103515625">
        <ele>10.6000003814697265625</ele>
        <time>2025-08-11T12:37:38.000Z</time>
        <extensions>
          <ns3:TrackPointExtension>
            <ns3:hr>159</ns3:hr>
            <ns3:cad>88</ns3:cad>
          </ns3:TrackPointExtension>
        </extensions>
      </trkpt>
      <trkpt lat="24.5194780826568603515625" lon="118.16215035505592823028564453125">
        <ele>10.6000003814697265625</ele>
        <time>2025-08-11T12:37:39.000Z</time>
        <extensions>
          <ns3:TrackPointExtension>
            <ns3:hr>159</ns3:hr>
            <ns3:cad>88</ns3:cad>
          </ns3:TrackPointExtension>
        </extensions>
      </trkpt>
      <trkpt lat="24.51948336325585842132568359375" lon="118.16212420351803302764892578125">
        <ele>10.6000003814697265625</ele>
        <time>2025-08-11T12:37:40.000Z</time>
        <extensions>
          <ns3:TrackPointExtension>
            <ns3:hr>159</ns3:hr>
            <ns3:cad>88</ns3:cad>
          </ns3:TrackPointExtension>
        </extensions>
      </trkpt>
      <trkpt lat="24.519485794007778167724609375" lon="118.1621004827320575714111328125">
        <ele>10.6000003814697265625</ele>
        <time>2025-08-11T12:37:41.000Z</time>
        <extensions>
          <ns3:TrackPointExtension>
            <ns3:hr>159</ns3:hr>
            <ns3:cad>88</ns3:cad>
          </ns3:TrackPointExtension>
        </extensions>
      </trkpt>
      <trkpt lat="24.51948973350226879119873046875" lon="118.1620703078806400299072265625">
        <ele>10.6000003814697265625</ele>
        <time>2025-08-11T12:37:42.000Z</time>
        <extensions>
          <ns3:TrackPointExtension>
            <ns3:hr>159</ns3:hr>
            <ns3:cad>88</ns3:cad>
          </ns3:TrackPointExtension>
        </extensions>
      </trkpt>
      <trkpt lat="24.51949442736804485321044921875" lon="118.1620458327233791351318359375">
        <ele>10.3999996185302734375</ele>
        <time>2025-08-11T12:37:43.000Z</time>
        <extensions>
          <ns3:TrackPointExtension>
            <ns3:hr>158</ns3:hr>
            <ns3:cad>88</ns3:cad>
          </ns3:TrackPointExtension>
        </extensions>
      </trkpt>
      <trkpt lat="24.51949358917772769927978515625" lon="118.1620153225958347320556640625">
        <ele>10.6000003814697265625</ele>
        <time>2025-08-11T12:37:44.000Z</time>
        <extensions>
          <ns3:TrackPointExtension>
            <ns3:hr>159</ns3:hr>
            <ns3:cad>88</ns3:cad>
          </ns3:TrackPointExtension>
        </extensions>
      </trkpt>
      <trkpt lat="24.5194980315864086151123046875" lon="118.161990009248256683349609375">
        <ele>10.3999996185302734375</ele>
        <time>2025-08-11T12:37:45.000Z</time>
        <extensions>
          <ns3:TrackPointExtension>
            <ns3:hr>158</ns3:hr>
            <ns3:cad>88</ns3:cad>
          </ns3:TrackPointExtension>
        </extensions>
      </trkpt>
      <trkpt lat="24.519496858119964599609375" lon="118.16196276806294918060302734375">
        <ele>10.6000003814697265625</ele>
        <time>2025-08-11T12:37:46.000Z</time>
        <extensions>
          <ns3:TrackPointExtension>
            <ns3:hr>158</ns3:hr>
            <ns3:cad>88</ns3:cad>
          </ns3:TrackPointExtension>
        </extensions>
      </trkpt>
      <trkpt lat="24.51949677430093288421630859375" lon="118.16193401813507080078125">
        <ele>10.6000003814697265625</ele>
        <time>2025-08-11T12:37:47.000Z</time>
        <extensions>
          <ns3:TrackPointExtension>
            <ns3:hr>159</ns3:hr>
            <ns3:cad>88</ns3:cad>
          </ns3:TrackPointExtension>
        </extensions>
      </trkpt>
      <trkpt lat="24.51949124224483966827392578125" lon="118.161912225186824798583984375">
        <ele>10.6000003814697265625</ele>
        <time>2025-08-11T12:37:48.000Z</time>
        <extensions>
          <ns3:TrackPointExtension>
            <ns3:hr>159</ns3:hr>
            <ns3:cad>88</ns3:cad>
          </ns3:TrackPointExtension>
        </extensions>
      </trkpt>
      <trkpt lat="24.51948956586420536041259765625" lon="118.16188364289700984954833984375">
        <ele>10.6000003814697265625</ele>
        <time>2025-08-11T12:37:49.000Z</time>
        <extensions>
          <ns3:TrackPointExtension>
            <ns3:hr>158</ns3:hr>
            <ns3:cad>88</ns3:cad>
          </ns3:TrackPointExtension>
        </extensions>
      </trkpt>
      <trkpt lat="24.51948369853198528289794921875" lon="118.16186386160552501678466796875">
        <ele>10.80000019073486328125</ele>
        <time>2025-08-11T12:37:50.000Z</time>
        <extensions>
          <ns3:TrackPointExtension>
            <ns3:hr>158</ns3:hr>
            <ns3:cad>88</ns3:cad>
          </ns3:TrackPointExtension>
        </extensions>
      </trkpt>
      <trkpt lat="24.51948009431362152099609375" lon="118.161837793886661529541015625">
        <ele>10.80000019073486328125</ele>
        <time>2025-08-11T12:37:51.000Z</time>
        <extensions>
          <ns3:TrackPointExtension>
            <ns3:hr>158</ns3:hr>
            <ns3:cad>88</ns3:cad>
          </ns3:TrackPointExtension>
        </extensions>
      </trkpt>
      <trkpt lat="24.5194718800485134124755859375" lon="118.16181826405227184295654296875">
        <ele>10.80000019073486328125</ele>
        <time>2025-08-11T12:37:52.000Z</time>
        <extensions>
          <ns3:TrackPointExtension>
            <ns3:hr>158</ns3:hr>
            <ns3:cad>87</ns3:cad>
          </ns3:TrackPointExtension>
        </extensions>
      </trkpt>
      <trkpt lat="24.51946425251662731170654296875" lon="118.16179026849567890167236328125">
        <ele>10.80000019073486328125</ele>
        <time>2025-08-11T12:37:53.000Z</time>
        <extensions>
          <ns3:TrackPointExtension>
            <ns3:hr>158</ns3:hr>
            <ns3:cad>87</ns3:cad>
          </ns3:TrackPointExtension>
        </extensions>
      </trkpt>
      <trkpt lat="24.51945452950894832611083984375" lon="118.16176780499517917633056640625">
        <ele>10.80000019073486328125</ele>
        <time>2025-08-11T12:37:54.000Z</time>
        <extensions>
          <ns3:TrackPointExtension>
            <ns3:hr>158</ns3:hr>
            <ns3:cad>88</ns3:cad>
          </ns3:TrackPointExtension>
        </extensions>
      </trkpt>
      <trkpt lat="24.5194517634809017181396484375" lon="118.1617316789925098419189453125">
        <ele>10.6000003814697265625</ele>
        <time>2025-08-11T12:37:55.000Z</time>
        <extensions>
          <ns3:TrackPointExtension>
            <ns3:hr>158</ns3:hr>
            <ns3:cad>88</ns3:cad>
          </ns3:TrackPointExtension>
        </extensions>
      </trkpt>
      <trkpt lat="24.5194460637867450714111328125" lon="118.1617105565965175628662109375">
        <ele>10.6000003814697265625</ele>
        <time>2025-08-11T12:37:56.000Z</time>
        <extensions>
          <ns3:TrackPointExtension>
            <ns3:hr>158</ns3:hr>
            <ns3:cad>89</ns3:cad>
          </ns3:TrackPointExtension>
        </extensions>
      </trkpt>
      <trkpt lat="24.5194393582642078399658203125" lon="118.16167392767965793609619140625">
        <ele>10.6000003814697265625</ele>
        <time>2025-08-11T12:37:57.000Z</time>
        <extensions>
          <ns3:TrackPointExtension>
            <ns3:hr>158</ns3:hr>
            <ns3:cad>88</ns3:cad>
          </ns3:TrackPointExtension>
        </extensions>
      </trkpt>
      <trkpt lat="24.51943491585552692413330078125" lon="118.16164911724627017974853515625">
        <ele>10.80000019073486328125</ele>
        <time>2025-08-11T12:37:58.000Z</time>
        <extensions>
          <ns3:TrackPointExtension>
            <ns3:hr>158</ns3:hr>
            <ns3:cad>88</ns3:cad>
          </ns3:TrackPointExtension>
        </extensions>
      </trkpt>
      <trkpt lat="24.51942267827689647674560546875" lon="118.161613829433917999267578125">
        <ele>10.80000019073486328125</ele>
        <time>2025-08-11T12:37:59.000Z</time>
        <extensions>
          <ns3:TrackPointExtension>
            <ns3:hr>158</ns3:hr>
            <ns3:cad>88</ns3:cad>
          </ns3:TrackPointExtension>
        </extensions>
      </trkpt>
      <trkpt lat="24.51940901577472686767578125" lon="118.16158977337181568145751953125">
        <ele>10.80000019073486328125</ele>
        <time>2025-08-11T12:38:00.000Z</time>
        <extensions>
          <ns3:TrackPointExtension>
            <ns3:hr>158</ns3:hr>
            <ns3:cad>89</ns3:cad>
          </ns3:TrackPointExtension>
        </extensions>
      </trkpt>
      <trkpt lat="24.51939761638641357421875" lon="118.16155440174043178558349609375">
        <ele>10.80000019073486328125</ele>
        <time>2025-08-11T12:38:01.000Z</time>
        <extensions>
          <ns3:TrackPointExtension>
            <ns3:hr>158</ns3:hr>
            <ns3:cad>89</ns3:cad>
          </ns3:TrackPointExtension>
        </extensions>
      </trkpt>
      <trkpt lat="24.5193873904645442962646484375" lon="118.16153445281088352203369140625">
        <ele>10.6000003814697265625</ele>
        <time>2025-08-11T12:38:02.000Z</time>
        <extensions>
          <ns3:TrackPointExtension>
            <ns3:hr>158</ns3:hr>
            <ns3:cad>89</ns3:cad>
          </ns3:TrackPointExtension>
        </extensions>
      </trkpt>
      <trkpt lat="24.5193736441433429718017578125" lon="118.1615070439875125885009765625">
        <ele>10.6000003814697265625</ele>
        <time>2025-08-11T12:38:03.000Z</time>
        <extensions>
          <ns3:TrackPointExtension>
            <ns3:hr>158</ns3:hr>
            <ns3:cad>88</ns3:cad>
          </ns3:TrackPointExtension>
        </extensions>
      </trkpt>
      <trkpt lat="24.519362747669219970703125" lon="118.1614939682185649871826171875">
        <ele>10.6000003814697265625</ele>
        <time>2025-08-11T12:38:04.000Z</time>
        <extensions>
          <ns3:TrackPointExtension>
            <ns3:hr>158</ns3:hr>
            <ns3:cad>88</ns3:cad>
          </ns3:TrackPointExtension>
        </extensions>
      </trkpt>
      <trkpt lat="24.519349001348018646240234375" lon="118.16146706230938434600830078125">
        <ele>10.6000003814697265625</ele>
        <time>2025-08-11T12:38:05.000Z</time>
        <extensions>
          <ns3:TrackPointExtension>
            <ns3:hr>159</ns3:hr>
            <ns3:cad>88</ns3:cad>
          </ns3:TrackPointExtension>
        </extensions>
      </trkpt>
      <trkpt lat="24.519338272511959075927734375" lon="118.16144811920821666717529296875">
        <ele>10.80000019073486328125</ele>
        <time>2025-08-11T12:38:06.000Z</time>
        <extensions>
          <ns3:TrackPointExtension>
            <ns3:hr>159</ns3:hr>
            <ns3:cad>88</ns3:cad>
          </ns3:TrackPointExtension>
        </extensions>
      </trkpt>
      <trkpt lat="24.5193297229707241058349609375" lon="118.16141434013843536376953125">
        <ele>10.80000019073486328125</ele>
        <time>2025-08-11T12:38:07.000Z</time>
        <extensions>
          <ns3:TrackPointExtension>
            <ns3:hr>159</ns3:hr>
            <ns3:cad>88</ns3:cad>
          </ns3:TrackPointExtension>
        </extensions>
      </trkpt>
      <trkpt lat="24.5193210057914257049560546875" lon="118.161389194428920745849609375">
        <ele>10.80000019073486328125</ele>
        <time>2025-08-11T12:38:08.000Z</time>
        <extensions>
          <ns3:TrackPointExtension>
            <ns3:hr>159</ns3:hr>
            <ns3:cad>88</ns3:cad>
          </ns3:TrackPointExtension>
        </extensions>
      </trkpt>
      <trkpt lat="24.51930969022214412689208984375" lon="118.16135977394878864288330078125">
        <ele>10.80000019073486328125</ele>
        <time>2025-08-11T12:38:09.000Z</time>
        <extensions>
          <ns3:TrackPointExtension>
            <ns3:hr>159</ns3:hr>
            <ns3:cad>88</ns3:cad>
          </ns3:TrackPointExtension>
        </extensions>
      </trkpt>
      <trkpt lat="24.51929694972932338714599609375" lon="118.161338903009891510009765625">
        <ele>10.80000019073486328125</ele>
        <time>2025-08-11T12:38:10.000Z</time>
        <extensions>
          <ns3:TrackPointExtension>
            <ns3:hr>159</ns3:hr>
            <ns3:cad>88</ns3:cad>
          </ns3:TrackPointExtension>
        </extensions>
      </trkpt>
      <trkpt lat="24.5192824490368366241455078125" lon="118.16131434403359889984130859375">
        <ele>10.80000019073486328125</ele>
        <time>2025-08-11T12:38:11.000Z</time>
        <extensions>
          <ns3:TrackPointExtension>
            <ns3:hr>159</ns3:hr>
            <ns3:cad>89</ns3:cad>
          </ns3:TrackPointExtension>
        </extensions>
      </trkpt>
      <trkpt lat="24.519266523420810699462890625" lon="118.16129489801824092864990234375">
        <ele>10.80000019073486328125</ele>
        <time>2025-08-11T12:38:12.000Z</time>
        <extensions>
          <ns3:TrackPointExtension>
            <ns3:hr>159</ns3:hr>
            <ns3:cad>89</ns3:cad>
          </ns3:TrackPointExtension>
        </extensions>
      </trkpt>
      <trkpt lat="24.5192522741854190826416015625" lon="118.1612648069858551025390625">
        <ele>10.80000019073486328125</ele>
        <time>2025-08-11T12:38:13.000Z</time>
        <extensions>
          <ns3:TrackPointExtension>
            <ns3:hr>160</ns3:hr>
            <ns3:cad>89</ns3:cad>
          </ns3:TrackPointExtension>
        </extensions>
      </trkpt>
      <trkpt lat="24.51923877932131290435791015625" lon="118.16124795936048030853271484375">
        <ele>10.80000019073486328125</ele>
        <time>2025-08-11T12:38:14.000Z</time>
        <extensions>
          <ns3:TrackPointExtension>
            <ns3:hr>160</ns3:hr>
            <ns3:cad>89</ns3:cad>
          </ns3:TrackPointExtension>
        </extensions>
      </trkpt>
      <trkpt lat="24.5192246139049530029296875" lon="118.16121711395680904388427734375">
        <ele>10.80000019073486328125</ele>
        <time>2025-08-11T12:38:15.000Z</time>
        <extensions>
          <ns3:TrackPointExtension>
            <ns3:hr>160</ns3:hr>
            <ns3:cad>89</ns3:cad>
          </ns3:TrackPointExtension>
        </extensions>
      </trkpt>
      <trkpt lat="24.51920961029827594757080078125" lon="118.16119733266532421112060546875">
        <ele>10.80000019073486328125</ele>
        <time>2025-08-11T12:38:16.000Z</time>
        <extensions>
          <ns3:TrackPointExtension>
            <ns3:hr>160</ns3:hr>
            <ns3:cad>89</ns3:cad>
          </ns3:TrackPointExtension>
        </extensions>
      </trkpt>
      <trkpt lat="24.51919469051063060760498046875" lon="118.161172606050968170166015625">
        <ele>10.80000019073486328125</ele>
        <time>2025-08-11T12:38:17.000Z</time>
        <extensions>
          <ns3:TrackPointExtension>
            <ns3:hr>160</ns3:hr>
            <ns3:cad>89</ns3:cad>
          </ns3:TrackPointExtension>
        </extensions>
      </trkpt>
      <trkpt lat="24.51918245293200016021728515625" lon="118.1611513160169124603271484375">
        <ele>10.80000019073486328125</ele>
        <time>2025-08-11T12:38:18.000Z</time>
        <extensions>
          <ns3:TrackPointExtension>
            <ns3:hr>160</ns3:hr>
            <ns3:cad>89</ns3:cad>
          </ns3:TrackPointExtension>
        </extensions>
      </trkpt>
      <trkpt lat="24.51916786842048168182373046875" lon="118.16112658940255641937255859375">
        <ele>11</ele>
        <time>2025-08-11T12:38:19.000Z</time>
        <extensions>
          <ns3:TrackPointExtension>
            <ns3:hr>160</ns3:hr>
            <ns3:cad>89</ns3:cad>
          </ns3:TrackPointExtension>
        </extensions>
      </trkpt>
      <trkpt lat="24.5191567204892635345458984375" lon="118.1611038744449615478515625">
        <ele>11</ele>
        <time>2025-08-11T12:38:20.000Z</time>
        <extensions>
          <ns3:TrackPointExtension>
            <ns3:hr>160</ns3:hr>
            <ns3:cad>89</ns3:cad>
          </ns3:TrackPointExtension>
        </extensions>
      </trkpt>
      <trkpt lat="24.5191402919590473175048828125" lon="118.16108065657317638397216796875">
        <ele>10.80000019073486328125</ele>
        <time>2025-08-11T12:38:21.000Z</time>
        <extensions>
          <ns3:TrackPointExtension>
            <ns3:hr>160</ns3:hr>
            <ns3:cad>89</ns3:cad>
          </ns3:TrackPointExtension>
        </extensions>
      </trkpt>
      <trkpt lat="24.51912428252398967742919921875" lon="118.161060623824596405029296875">
        <ele>10.80000019073486328125</ele>
        <time>2025-08-11T12:38:22.000Z</time>
        <extensions>
          <ns3:TrackPointExtension>
            <ns3:hr>160</ns3:hr>
            <ns3:cad>89</ns3:cad>
          </ns3:TrackPointExtension>
        </extensions>
      </trkpt>
      <trkpt lat="24.51910852454602718353271484375" lon="118.1610393337905406951904296875">
        <ele>10.80000019073486328125</ele>
        <time>2025-08-11T12:38:23.000Z</time>
        <extensions>
          <ns3:TrackPointExtension>
            <ns3:hr>160</ns3:hr>
            <ns3:cad>89</ns3:cad>
          </ns3:TrackPointExtension>
        </extensions>
      </trkpt>
      <trkpt lat="24.51909444294869899749755859375" lon="118.16101661883294582366943359375">
        <ele>10.80000019073486328125</ele>
        <time>2025-08-11T12:38:24.000Z</time>
        <extensions>
          <ns3:TrackPointExtension>
            <ns3:hr>161</ns3:hr>
            <ns3:cad>89</ns3:cad>
          </ns3:TrackPointExtension>
        </extensions>
      </trkpt>
      <trkpt lat="24.51907751150429248809814453125" lon="118.1610001064836978912353515625">
        <ele>10.80000019073486328125</ele>
        <time>2025-08-11T12:38:25.000Z</time>
        <extensions>
          <ns3:TrackPointExtension>
            <ns3:hr>161</ns3:hr>
            <ns3:cad>88</ns3:cad>
          </ns3:TrackPointExtension>
        </extensions>
      </trkpt>
      <trkpt lat="24.5190609991550445556640625" lon="118.1609749607741832733154296875">
        <ele>10.80000019073486328125</ele>
        <time>2025-08-11T12:38:26.000Z</time>
        <extensions>
          <ns3:TrackPointExtension>
            <ns3:hr>161</ns3:hr>
            <ns3:cad>88</ns3:cad>
          </ns3:TrackPointExtension>
        </extensions>
      </trkpt>
      <trkpt lat="24.5190497674047946929931640625" lon="118.1609598733484745025634765625">
        <ele>11</ele>
        <time>2025-08-11T12:38:27.000Z</time>
        <extensions>
          <ns3:TrackPointExtension>
            <ns3:hr>161</ns3:hr>
            <ns3:cad>88</ns3:cad>
          </ns3:TrackPointExtension>
        </extensions>
      </trkpt>
      <trkpt lat="24.5190340094268321990966796875" lon="118.16093380562961101531982421875">
        <ele>11</ele>
        <time>2025-08-11T12:38:28.000Z</time>
        <extensions>
          <ns3:TrackPointExtension>
            <ns3:hr>161</ns3:hr>
            <ns3:cad>88</ns3:cad>
          </ns3:TrackPointExtension>
        </extensions>
      </trkpt>
      <trkpt lat="24.519019424915313720703125" lon="118.1609216518700122833251953125">
        <ele>11</ele>
        <time>2025-08-11T12:38:29.000Z</time>
        <extensions>
          <ns3:TrackPointExtension>
            <ns3:hr>161</ns3:hr>
            <ns3:cad>88</ns3:cad>
          </ns3:TrackPointExtension>
        </extensions>
      </trkpt>
      <trkpt lat="24.51900274492800235748291015625" lon="118.16089541651308536529541015625">
        <ele>10.80000019073486328125</ele>
        <time>2025-08-11T12:38:30.000Z</time>
        <extensions>
          <ns3:TrackPointExtension>
            <ns3:hr>161</ns3:hr>
            <ns3:cad>88</ns3:cad>
          </ns3:TrackPointExtension>
        </extensions>
      </trkpt>
      <trkpt lat="24.51898581348359584808349609375" lon="118.160879909992218017578125">
        <ele>11</ele>
        <time>2025-08-11T12:38:31.000Z</time>
        <extensions>
          <ns3:TrackPointExtension>
            <ns3:hr>162</ns3:hr>
            <ns3:cad>88</ns3:cad>
          </ns3:TrackPointExtension>
        </extensions>
      </trkpt>
      <trkpt lat="24.51896552927792072296142578125" lon="118.16085040569305419921875">
        <ele>10.80000019073486328125</ele>
        <time>2025-08-11T12:38:32.000Z</time>
        <extensions>
          <ns3:TrackPointExtension>
            <ns3:hr>161</ns3:hr>
            <ns3:cad>88</ns3:cad>
          </ns3:TrackPointExtension>
        </extensions>
      </trkpt>
      <trkpt lat="24.518949352204799652099609375" lon="118.1608385033905506134033203125">
        <ele>10.80000019073486328125</ele>
        <time>2025-08-11T12:38:33.000Z</time>
        <extensions>
          <ns3:TrackPointExtension>
            <ns3:hr>161</ns3:hr>
            <ns3:cad>88</ns3:cad>
          </ns3:TrackPointExtension>
        </extensions>
      </trkpt>
      <trkpt lat="24.5189263857901096343994140625" lon="118.16081226803362369537353515625">
        <ele>10.80000019073486328125</ele>
        <time>2025-08-11T12:38:34.000Z</time>
        <extensions>
          <ns3:TrackPointExtension>
            <ns3:hr>161</ns3:hr>
            <ns3:cad>88</ns3:cad>
          </ns3:TrackPointExtension>
        </extensions>
      </trkpt>
      <trkpt lat="24.5189116336405277252197265625" lon="118.1607959233224391937255859375">
        <ele>11</ele>
        <time>2025-08-11T12:38:35.000Z</time>
        <extensions>
          <ns3:TrackPointExtension>
            <ns3:hr>162</ns3:hr>
            <ns3:cad>88</ns3:cad>
          </ns3:TrackPointExtension>
        </extensions>
      </trkpt>
      <trkpt lat="24.51889025978744029998779296875" lon="118.1607741303741931915283203125">
        <ele>10.80000019073486328125</ele>
        <time>2025-08-11T12:38:36.000Z</time>
        <extensions>
          <ns3:TrackPointExtension>
            <ns3:hr>161</ns3:hr>
            <ns3:cad>88</ns3:cad>
          </ns3:TrackPointExtension>
        </extensions>
      </trkpt>
      <trkpt lat="24.51887886039912700653076171875" lon="118.16076113842427730560302734375">
        <ele>10.80000019073486328125</ele>
        <time>2025-08-11T12:38:37.000Z</time>
        <extensions>
          <ns3:TrackPointExtension>
            <ns3:hr>161</ns3:hr>
            <ns3:cad>88</ns3:cad>
          </ns3:TrackPointExtension>
        </extensions>
      </trkpt>
      <trkpt lat="24.51886259950697422027587890625" lon="118.16074051894247531890869140625">
        <ele>11</ele>
        <time>2025-08-11T12:38:38.000Z</time>
        <extensions>
          <ns3:TrackPointExtension>
            <ns3:hr>162</ns3:hr>
            <ns3:cad>88</ns3:cad>
          </ns3:TrackPointExtension>
        </extensions>
      </trkpt>
      <trkpt lat="24.51884801499545574188232421875" lon="118.16072341986000537872314453125">
        <ele>11</ele>
        <time>2025-08-11T12:38:39.000Z</time>
        <extensions>
          <ns3:TrackPointExtension>
            <ns3:hr>162</ns3:hr>
            <ns3:cad>88</ns3:cad>
          </ns3:TrackPointExtension>
        </extensions>
      </trkpt>
      <trkpt lat="24.51882806606590747833251953125" lon="118.16070548258721828460693359375">
        <ele>11</ele>
        <time>2025-08-11T12:38:40.000Z</time>
        <extensions>
          <ns3:TrackPointExtension>
            <ns3:hr>162</ns3:hr>
            <ns3:cad>87</ns3:cad>
          </ns3:TrackPointExtension>
        </extensions>
      </trkpt>
      <trkpt lat="24.51881247572600841522216796875" lon="118.16069106571376323699951171875">
        <ele>11</ele>
        <time>2025-08-11T12:38:41.000Z</time>
        <extensions>
          <ns3:TrackPointExtension>
            <ns3:hr>162</ns3:hr>
            <ns3:cad>87</ns3:cad>
          </ns3:TrackPointExtension>
        </extensions>
      </trkpt>
      <trkpt lat="24.51879252679646015167236328125" lon="118.16067597828805446624755859375">
        <ele>11</ele>
        <time>2025-08-11T12:38:42.000Z</time>
        <extensions>
          <ns3:TrackPointExtension>
            <ns3:hr>162</ns3:hr>
            <ns3:cad>89</ns3:cad>
          </ns3:TrackPointExtension>
        </extensions>
      </trkpt>
      <trkpt lat="24.5187728293240070343017578125" lon="118.16065770573914051055908203125">
        <ele>11</ele>
        <time>2025-08-11T12:38:43.000Z</time>
        <extensions>
          <ns3:TrackPointExtension>
            <ns3:hr>162</ns3:hr>
            <ns3:cad>89</ns3:cad>
          </ns3:TrackPointExtension>
        </extensions>
      </trkpt>
      <trkpt lat="24.5187543891370296478271484375" lon="118.160642199218273162841796875">
        <ele>11</ele>
        <time>2025-08-11T12:38:44.000Z</time>
        <extensions>
          <ns3:TrackPointExtension>
            <ns3:hr>162</ns3:hr>
            <ns3:cad>89</ns3:cad>
          </ns3:TrackPointExtension>
        </extensions>
      </trkpt>
      <trkpt lat="24.51873251236975193023681640625" lon="118.16062451340258121490478515625">
        <ele>11</ele>
        <time>2025-08-11T12:38:45.000Z</time>
        <extensions>
          <ns3:TrackPointExtension>
            <ns3:hr>162</ns3:hr>
            <ns3:cad>89</ns3:cad>
          </ns3:TrackPointExtension>
        </extensions>
      </trkpt>
      <trkpt lat="24.518716335296630859375" lon="118.1606103479862213134765625">
        <ele>11</ele>
        <time>2025-08-11T12:38:46.000Z</time>
        <extensions>
          <ns3:TrackPointExtension>
            <ns3:hr>161</ns3:hr>
            <ns3:cad>88</ns3:cad>
          </ns3:TrackPointExtension>
        </extensions>
      </trkpt>
      <trkpt lat="24.51869496144354343414306640625" lon="118.1605883873999118804931640625">
        <ele>11</ele>
        <time>2025-08-11T12:38:47.000Z</time>
        <extensions>
          <ns3:TrackPointExtension>
            <ns3:hr>162</ns3:hr>
            <ns3:cad>88</ns3:cad>
          </ns3:TrackPointExtension>
        </extensions>
      </trkpt>
      <trkpt lat="24.5186752639710903167724609375" lon="118.1605793349444866180419921875">
        <ele>11</ele>
        <time>2025-08-11T12:38:48.000Z</time>
        <extensions>
          <ns3:TrackPointExtension>
            <ns3:hr>162</ns3:hr>
            <ns3:cad>88</ns3:cad>
          </ns3:TrackPointExtension>
        </extensions>
      </trkpt>
      <trkpt lat="24.51865238137543201446533203125" lon="118.16055896691977977752685546875">
        <ele>11</ele>
        <time>2025-08-11T12:38:49.000Z</time>
        <extensions>
          <ns3:TrackPointExtension>
            <ns3:hr>162</ns3:hr>
            <ns3:cad>88</ns3:cad>
          </ns3:TrackPointExtension>
        </extensions>
      </trkpt>
      <trkpt lat="24.51863444410264492034912109375" lon="118.16054756753146648406982421875">
        <ele>11</ele>
        <time>2025-08-11T12:38:50.000Z</time>
        <extensions>
          <ns3:TrackPointExtension>
            <ns3:hr>162</ns3:hr>
            <ns3:cad>88</ns3:cad>
          </ns3:TrackPointExtension>
        </extensions>
      </trkpt>
      <trkpt lat="24.51861097477376461029052734375" lon="118.160531558096408843994140625">
        <ele>11</ele>
        <time>2025-08-11T12:38:51.000Z</time>
        <extensions>
          <ns3:TrackPointExtension>
            <ns3:hr>162</ns3:hr>
            <ns3:cad>88</ns3:cad>
          </ns3:TrackPointExtension>
        </extensions>
      </trkpt>
      <trkpt lat="24.51859370805323123931884765625" lon="118.1605186499655246734619140625">
        <ele>11</ele>
        <time>2025-08-11T12:38:52.000Z</time>
        <extensions>
          <ns3:TrackPointExtension>
            <ns3:hr>162</ns3:hr>
            <ns3:cad>88</ns3:cad>
          </ns3:TrackPointExtension>
        </extensions>
      </trkpt>
      <trkpt lat="24.518575184047222137451171875" lon="118.16050481982529163360595703125">
        <ele>11</ele>
        <time>2025-08-11T12:38:53.000Z</time>
        <extensions>
          <ns3:TrackPointExtension>
            <ns3:hr>162</ns3:hr>
            <ns3:cad>88</ns3:cad>
          </ns3:TrackPointExtension>
        </extensions>
      </trkpt>
      <trkpt lat="24.5185602642595767974853515625" lon="118.16049811430275440216064453125">
        <ele>11.19999980926513671875</ele>
        <time>2025-08-11T12:38:54.000Z</time>
        <extensions>
          <ns3:TrackPointExtension>
            <ns3:hr>162</ns3:hr>
            <ns3:cad>88</ns3:cad>
          </ns3:TrackPointExtension>
        </extensions>
      </trkpt>
      <trkpt lat="24.51853972859680652618408203125" lon="118.1604800932109355926513671875">
        <ele>11.19999980926513671875</ele>
        <time>2025-08-11T12:38:55.000Z</time>
        <extensions>
          <ns3:TrackPointExtension>
            <ns3:hr>162</ns3:hr>
            <ns3:cad>88</ns3:cad>
          </ns3:TrackPointExtension>
        </extensions>
      </trkpt>
      <trkpt lat="24.51851994730532169342041015625" lon="118.160465173423290252685546875">
        <ele>11.19999980926513671875</ele>
        <time>2025-08-11T12:38:56.000Z</time>
        <extensions>
          <ns3:TrackPointExtension>
            <ns3:hr>162</ns3:hr>
            <ns3:cad>88</ns3:cad>
          </ns3:TrackPointExtension>
        </extensions>
      </trkpt>
      <trkpt lat="24.518499076366424560546875" lon="118.16045654006302356719970703125">
        <ele>11.19999980926513671875</ele>
        <time>2025-08-11T12:38:57.000Z</time>
        <extensions>
          <ns3:TrackPointExtension>
            <ns3:hr>162</ns3:hr>
            <ns3:cad>88</ns3:cad>
          </ns3:TrackPointExtension>
        </extensions>
      </trkpt>
      <trkpt lat="24.5184811390936374664306640625" lon="118.16043927334249019622802734375">
        <ele>11.3999996185302734375</ele>
        <time>2025-08-11T12:38:58.000Z</time>
        <extensions>
          <ns3:TrackPointExtension>
            <ns3:hr>163</ns3:hr>
            <ns3:cad>87</ns3:cad>
          </ns3:TrackPointExtension>
        </extensions>
      </trkpt>
      <trkpt lat="24.5184600166976451873779296875" lon="118.1604334898293018341064453125">
        <ele>11.3999996185302734375</ele>
        <time>2025-08-11T12:38:59.000Z</time>
        <extensions>
          <ns3:TrackPointExtension>
            <ns3:hr>163</ns3:hr>
            <ns3:cad>87</ns3:cad>
          </ns3:TrackPointExtension>
        </extensions>
      </trkpt>
      <trkpt lat="24.51843545772135257720947265625" lon="118.16041815094649791717529296875">
        <ele>11.3999996185302734375</ele>
        <time>2025-08-11T12:39:00.000Z</time>
        <extensions>
          <ns3:TrackPointExtension>
            <ns3:hr>163</ns3:hr>
            <ns3:cad>87</ns3:cad>
          </ns3:TrackPointExtension>
        </extensions>
      </trkpt>
      <trkpt lat="24.5184120722115039825439453125" lon="118.16041387617588043212890625">
        <ele>11.3999996185302734375</ele>
        <time>2025-08-11T12:39:01.000Z</time>
        <extensions>
          <ns3:TrackPointExtension>
            <ns3:hr>163</ns3:hr>
            <ns3:cad>88</ns3:cad>
          </ns3:TrackPointExtension>
        </extensions>
      </trkpt>
      <trkpt lat="24.5183849148452281951904296875" lon="118.1603935919702053070068359375">
        <ele>11.19999980926513671875</ele>
        <time>2025-08-11T12:39:02.000Z</time>
        <extensions>
          <ns3:TrackPointExtension>
            <ns3:hr>163</ns3:hr>
            <ns3:cad>88</ns3:cad>
          </ns3:TrackPointExtension>
        </extensions>
      </trkpt>
      <trkpt lat="24.5183647982776165008544921875" lon="118.16038445569574832916259765625">
        <ele>11.19999980926513671875</ele>
        <time>2025-08-11T12:39:03.000Z</time>
        <extensions>
          <ns3:TrackPointExtension>
            <ns3:hr>162</ns3:hr>
            <ns3:cad>88</ns3:cad>
          </ns3:TrackPointExtension>
        </extensions>
      </trkpt>
      <trkpt lat="24.5183406583964824676513671875" lon="118.1603610701858997344970703125">
        <ele>11.19999980926513671875</ele>
        <time>2025-08-11T12:39:04.000Z</time>
        <extensions>
          <ns3:TrackPointExtension>
            <ns3:hr>162</ns3:hr>
            <ns3:cad>88</ns3:cad>
          </ns3:TrackPointExtension>
        </extensions>
      </trkpt>
      <trkpt lat="24.51832179911434650421142578125" lon="118.16035444848239421844482421875">
        <ele>11.19999980926513671875</ele>
        <time>2025-08-11T12:39:05.000Z</time>
        <extensions>
          <ns3:TrackPointExtension>
            <ns3:hr>162</ns3:hr>
            <ns3:cad>88</ns3:cad>
          </ns3:TrackPointExtension>
        </extensions>
      </trkpt>
      <trkpt lat="24.51829547993838787078857421875" lon="118.16033382900059223175048828125">
        <ele>11.19999980926513671875</ele>
        <time>2025-08-11T12:39:06.000Z</time>
        <extensions>
          <ns3:TrackPointExtension>
            <ns3:hr>163</ns3:hr>
            <ns3:cad>88</ns3:cad>
          </ns3:TrackPointExtension>
        </extensions>
      </trkpt>
      <trkpt lat="24.518277458846569061279296875" lon="118.16032469272613525390625">
        <ele>11.3999996185302734375</ele>
        <time>2025-08-11T12:39:07.000Z</time>
        <extensions>
          <ns3:TrackPointExtension>
            <ns3:hr>162</ns3:hr>
            <ns3:cad>88</ns3:cad>
          </ns3:TrackPointExtension>
        </extensions>
      </trkpt>
      <trkpt lat="24.51825164258480072021484375" lon="118.16031019203364849090576171875">
        <ele>11.3999996185302734375</ele>
        <time>2025-08-11T12:39:08.000Z</time>
        <extensions>
          <ns3:TrackPointExtension>
            <ns3:hr>162</ns3:hr>
            <ns3:cad>88</ns3:cad>
          </ns3:TrackPointExtension>
        </extensions>
      </trkpt>
      <trkpt lat="24.5182306878268718719482421875" lon="118.16029812209308147430419921875">
        <ele>11.19999980926513671875</ele>
        <time>2025-08-11T12:39:09.000Z</time>
        <extensions>
          <ns3:TrackPointExtension>
            <ns3:hr>163</ns3:hr>
            <ns3:cad>88</ns3:cad>
          </ns3:TrackPointExtension>
        </extensions>
      </trkpt>
      <trkpt lat="24.518210403621196746826171875" lon="118.1602871417999267578125">
        <ele>11.19999980926513671875</ele>
        <time>2025-08-11T12:39:10.000Z</time>
        <extensions>
          <ns3:TrackPointExtension>
            <ns3:hr>163</ns3:hr>
            <ns3:cad>88</ns3:cad>
          </ns3:TrackPointExtension>
        </extensions>
      </trkpt>
      <trkpt lat="24.518190957605838775634765625" lon="118.16027582623064517974853515625">
        <ele>11.3999996185302734375</ele>
        <time>2025-08-11T12:39:11.000Z</time>
        <extensions>
          <ns3:TrackPointExtension>
            <ns3:hr>163</ns3:hr>
            <ns3:cad>87</ns3:cad>
          </ns3:TrackPointExtension>
        </extensions>
      </trkpt>
      <trkpt lat="24.51817109249532222747802734375" lon="118.16027029417455196380615234375">
        <ele>11.3999996185302734375</ele>
        <time>2025-08-11T12:39:12.000Z</time>
        <extensions>
          <ns3:TrackPointExtension>
            <ns3:hr>162</ns3:hr>
            <ns3:cad>87</ns3:cad>
          </ns3:TrackPointExtension>
        </extensions>
      </trkpt>
      <trkpt lat="24.5181502215564250946044921875" lon="118.16025604493916034698486328125">
        <ele>11.3999996185302734375</ele>
        <time>2025-08-11T12:39:13.000Z</time>
        <extensions>
          <ns3:TrackPointExtension>
            <ns3:hr>163</ns3:hr>
            <ns3:cad>87</ns3:cad>
          </ns3:TrackPointExtension>
        </extensions>
      </trkpt>
      <trkpt lat="24.51812583021819591522216796875" lon="118.16025294363498687744140625">
        <ele>11.3999996185302734375</ele>
        <time>2025-08-11T12:39:14.000Z</time>
        <extensions>
          <ns3:TrackPointExtension>
            <ns3:hr>163</ns3:hr>
            <ns3:cad>88</ns3:cad>
          </ns3:TrackPointExtension>
        </extensions>
      </trkpt>
      <trkpt lat="24.5180965773761272430419921875" lon="118.1602393649518489837646484375">
        <ele>11.3999996185302734375</ele>
        <time>2025-08-11T12:39:15.000Z</time>
        <extensions>
          <ns3:TrackPointExtension>
            <ns3:hr>162</ns3:hr>
            <ns3:cad>87</ns3:cad>
          </ns3:TrackPointExtension>
        </extensions>
      </trkpt>
      <trkpt lat="24.51807864010334014892578125" lon="118.1602403707802295684814453125">
        <ele>11.3999996185302734375</ele>
        <time>2025-08-11T12:39:16.000Z</time>
        <extensions>
          <ns3:TrackPointExtension>
            <ns3:hr>163</ns3:hr>
            <ns3:cad>88</ns3:cad>
          </ns3:TrackPointExtension>
        </extensions>
      </trkpt>
      <trkpt lat="24.5180486328899860382080078125" lon="118.160230815410614013671875">
        <ele>11.3999996185302734375</ele>
        <time>2025-08-11T12:39:17.000Z</time>
        <extensions>
          <ns3:TrackPointExtension>
            <ns3:hr>163</ns3:hr>
            <ns3:cad>88</ns3:cad>
          </ns3:TrackPointExtension>
        </extensions>
      </trkpt>
      <trkpt lat="24.51803144998848438262939453125" lon="118.1602306477725505828857421875">
        <ele>11.3999996185302734375</ele>
        <time>2025-08-11T12:39:18.000Z</time>
        <extensions>
          <ns3:TrackPointExtension>
            <ns3:hr>162</ns3:hr>
            <ns3:cad>88</ns3:cad>
          </ns3:TrackPointExtension>
        </extensions>
      </trkpt>
      <trkpt lat="24.518002532422542572021484375" lon="118.160218410193920135498046875">
        <ele>11.3999996185302734375</ele>
        <time>2025-08-11T12:39:19.000Z</time>
        <extensions>
          <ns3:TrackPointExtension>
            <ns3:hr>163</ns3:hr>
            <ns3:cad>88</ns3:cad>
          </ns3:TrackPointExtension>
        </extensions>
      </trkpt>
      <trkpt lat="24.51798166148364543914794921875" lon="118.16021497361361980438232421875">
        <ele>11.3999996185302734375</ele>
        <time>2025-08-11T12:39:20.000Z</time>
        <extensions>
          <ns3:TrackPointExtension>
            <ns3:hr>163</ns3:hr>
            <ns3:cad>88</ns3:cad>
          </ns3:TrackPointExtension>
        </extensions>
      </trkpt>
      <trkpt lat="24.517956934869289398193359375" lon="118.16020424477756023406982421875">
        <ele>11.3999996185302734375</ele>
        <time>2025-08-11T12:39:21.000Z</time>
        <extensions>
          <ns3:TrackPointExtension>
            <ns3:hr>162</ns3:hr>
            <ns3:cad>88</ns3:cad>
          </ns3:TrackPointExtension>
        </extensions>
      </trkpt>
      <trkpt lat="24.51794042252004146575927734375" lon="118.1602028198540210723876953125">
        <ele>11.6000003814697265625</ele>
        <time>2025-08-11T12:39:22.000Z</time>
        <extensions>
          <ns3:TrackPointExtension>
            <ns3:hr>162</ns3:hr>
            <ns3:cad>88</ns3:cad>
          </ns3:TrackPointExtension>
        </extensions>
      </trkpt>
      <trkpt lat="24.5179103314876556396484375" lon="118.16019435413181781768798828125">
        <ele>11.6000003814697265625</ele>
        <time>2025-08-11T12:39:23.000Z</time>
        <extensions>
          <ns3:TrackPointExtension>
            <ns3:hr>162</ns3:hr>
            <ns3:cad>88</ns3:cad>
          </ns3:TrackPointExtension>
        </extensions>
      </trkpt>
      <trkpt lat="24.51788761653006076812744140625" lon="118.16018949262797832489013671875">
        <ele>11.6000003814697265625</ele>
        <time>2025-08-11T12:39:24.000Z</time>
        <extensions>
          <ns3:TrackPointExtension>
            <ns3:hr>162</ns3:hr>
            <ns3:cad>88</ns3:cad>
          </ns3:TrackPointExtension>
        </extensions>
      </trkpt>
      <trkpt lat="24.51785777695477008819580078125" lon="118.16018178127706050872802734375">
        <ele>11.3999996185302734375</ele>
        <time>2025-08-11T12:39:25.000Z</time>
        <extensions>
          <ns3:TrackPointExtension>
            <ns3:hr>163</ns3:hr>
            <ns3:cad>88</ns3:cad>
          </ns3:TrackPointExtension>
        </extensions>
      </trkpt>
      <trkpt lat="24.517835564911365509033203125" lon="118.16017406992614269256591796875">
        <ele>11.3999996185302734375</ele>
        <time>2025-08-11T12:39:26.000Z</time>
        <extensions>
          <ns3:TrackPointExtension>
            <ns3:hr>163</ns3:hr>
            <ns3:cad>88</ns3:cad>
          </ns3:TrackPointExtension>
        </extensions>
      </trkpt>
      <trkpt lat="24.5178112573921680450439453125" lon="118.1601677834987640380859375">
        <ele>11.3999996185302734375</ele>
        <time>2025-08-11T12:39:27.000Z</time>
        <extensions>
          <ns3:TrackPointExtension>
            <ns3:hr>163</ns3:hr>
            <ns3:cad>88</ns3:cad>
          </ns3:TrackPointExtension>
        </extensions>
      </trkpt>
      <trkpt lat="24.517787285149097442626953125" lon="118.16015847958624362945556640625">
        <ele>11.3999996185302734375</ele>
        <time>2025-08-11T12:39:28.000Z</time>
        <extensions>
          <ns3:TrackPointExtension>
            <ns3:hr>162</ns3:hr>
            <ns3:cad>88</ns3:cad>
          </ns3:TrackPointExtension>
        </extensions>
      </trkpt>
      <trkpt lat="24.517767839133739471435546875" lon="118.16014967858791351318359375">
        <ele>11.3999996185302734375</ele>
        <time>2025-08-11T12:39:29.000Z</time>
        <extensions>
          <ns3:TrackPointExtension>
            <ns3:hr>163</ns3:hr>
            <ns3:cad>88</ns3:cad>
          </ns3:TrackPointExtension>
        </extensions>
      </trkpt>
      <trkpt lat="24.51774881221354007720947265625" lon="118.16014154814183712005615234375">
        <ele>11.3999996185302734375</ele>
        <time>2025-08-11T12:39:30.000Z</time>
        <extensions>
          <ns3:TrackPointExtension>
            <ns3:hr>163</ns3:hr>
            <ns3:cad>88</ns3:cad>
          </ns3:TrackPointExtension>
        </extensions>
      </trkpt>
      <trkpt lat="24.517723582684993743896484375" lon="118.16013400442898273468017578125">
        <ele>11.3999996185302734375</ele>
        <time>2025-08-11T12:39:31.000Z</time>
        <extensions>
          <ns3:TrackPointExtension>
            <ns3:hr>162</ns3:hr>
            <ns3:cad>89</ns3:cad>
          </ns3:TrackPointExtension>
        </extensions>
      </trkpt>
      <trkpt lat="24.51769986189901828765869140625" lon="118.16012411378324031829833984375">
        <ele>11.3999996185302734375</ele>
        <time>2025-08-11T12:39:32.000Z</time>
        <extensions>
          <ns3:TrackPointExtension>
            <ns3:hr>163</ns3:hr>
            <ns3:cad>89</ns3:cad>
          </ns3:TrackPointExtension>
        </extensions>
      </trkpt>
      <trkpt lat="24.51767488382756710052490234375" lon="118.16011657007038593292236328125">
        <ele>11.3999996185302734375</ele>
        <time>2025-08-11T12:39:33.000Z</time>
        <extensions>
          <ns3:TrackPointExtension>
            <ns3:hr>163</ns3:hr>
            <ns3:cad>89</ns3:cad>
          </ns3:TrackPointExtension>
        </extensions>
      </trkpt>
      <trkpt lat="24.51764957047998905181884765625" lon="118.160106427967548370361328125">
        <ele>11.3999996185302734375</ele>
        <time>2025-08-11T12:39:34.000Z</time>
        <extensions>
          <ns3:TrackPointExtension>
            <ns3:hr>163</ns3:hr>
            <ns3:cad>89</ns3:cad>
          </ns3:TrackPointExtension>
        </extensions>
      </trkpt>
      <trkpt lat="24.5176295377314090728759765625" lon="118.16010382957756519317626953125">
        <ele>11.19999980926513671875</ele>
        <time>2025-08-11T12:39:35.000Z</time>
        <extensions>
          <ns3:TrackPointExtension>
            <ns3:hr>163</ns3:hr>
            <ns3:cad>89</ns3:cad>
          </ns3:TrackPointExtension>
        </extensions>
      </trkpt>
      <trkpt lat="24.51760414056479930877685546875" lon="118.16009377129375934600830078125">
        <ele>11.19999980926513671875</ele>
        <time>2025-08-11T12:39:36.000Z</time>
        <extensions>
          <ns3:TrackPointExtension>
            <ns3:hr>162</ns3:hr>
            <ns3:cad>89</ns3:cad>
          </ns3:TrackPointExtension>
        </extensions>
      </trkpt>
      <trkpt lat="24.51757698319852352142333984375" lon="118.1600878201425075531005859375">
        <ele>11.19999980926513671875</ele>
        <time>2025-08-11T12:39:37.000Z</time>
        <extensions>
          <ns3:TrackPointExtension>
            <ns3:hr>163</ns3:hr>
            <ns3:cad>89</ns3:cad>
          </ns3:TrackPointExtension>
        </extensions>
      </trkpt>
      <trkpt lat="24.5175500772893428802490234375" lon="118.1600744090974330902099609375">
        <ele>11.19999980926513671875</ele>
        <time>2025-08-11T12:39:38.000Z</time>
        <extensions>
          <ns3:TrackPointExtension>
            <ns3:hr>163</ns3:hr>
            <ns3:cad>88</ns3:cad>
          </ns3:TrackPointExtension>
        </extensions>
      </trkpt>
      <trkpt lat="24.517523087561130523681640625" lon="118.16006963141262531280517578125">
        <ele>11.19999980926513671875</ele>
        <time>2025-08-11T12:39:39.000Z</time>
        <extensions>
          <ns3:TrackPointExtension>
            <ns3:hr>163</ns3:hr>
            <ns3:cad>88</ns3:cad>
          </ns3:TrackPointExtension>
        </extensions>
      </trkpt>
      <trkpt lat="24.51749618165194988250732421875" lon="118.16006024368107318878173828125">
        <ele>11.19999980926513671875</ele>
        <time>2025-08-11T12:39:40.000Z</time>
        <extensions>
          <ns3:TrackPointExtension>
            <ns3:hr>163</ns3:hr>
            <ns3:cad>88</ns3:cad>
          </ns3:TrackPointExtension>
        </extensions>
      </trkpt>
      <trkpt lat="24.51747656799852848052978515625" lon="118.16005437634885311126708984375">
        <ele>11.3999996185302734375</ele>
        <time>2025-08-11T12:39:41.000Z</time>
        <extensions>
          <ns3:TrackPointExtension>
            <ns3:hr>163</ns3:hr>
            <ns3:cad>89</ns3:cad>
          </ns3:TrackPointExtension>
        </extensions>
      </trkpt>
      <trkpt lat="24.51745192520320415496826171875" lon="118.16004783846437931060791015625">
        <ele>11.3999996185302734375</ele>
        <time>2025-08-11T12:39:42.000Z</time>
        <extensions>
          <ns3:TrackPointExtension>
            <ns3:hr>162</ns3:hr>
            <ns3:cad>89</ns3:cad>
          </ns3:TrackPointExtension>
        </extensions>
      </trkpt>
      <trkpt lat="24.51743365265429019927978515625" lon="118.1600444018840789794921875">
        <ele>11.3999996185302734375</ele>
        <time>2025-08-11T12:39:43.000Z</time>
        <extensions>
          <ns3:TrackPointExtension>
            <ns3:hr>163</ns3:hr>
            <ns3:cad>89</ns3:cad>
          </ns3:TrackPointExtension>
        </extensions>
      </trkpt>
      <trkpt lat="24.5174055732786655426025390625" lon="118.16003224812448024749755859375">
        <ele>11.3999996185302734375</ele>
        <time>2025-08-11T12:39:44.000Z</time>
        <extensions>
          <ns3:TrackPointExtension>
            <ns3:hr>163</ns3:hr>
            <ns3:cad>89</ns3:cad>
          </ns3:TrackPointExtension>
        </extensions>
      </trkpt>
      <trkpt lat="24.5173857919871807098388671875" lon="118.16002654843032360076904296875">
        <ele>11.3999996185302734375</ele>
        <time>2025-08-11T12:39:45.000Z</time>
        <extensions>
          <ns3:TrackPointExtension>
            <ns3:hr>163</ns3:hr>
            <ns3:cad>88</ns3:cad>
          </ns3:TrackPointExtension>
        </extensions>
      </trkpt>
      <trkpt lat="24.51735922135412693023681640625" lon="118.16001464612782001495361328125">
        <ele>11.3999996185302734375</ele>
        <time>2025-08-11T12:39:46.000Z</time>
        <extensions>
          <ns3:TrackPointExtension>
            <ns3:hr>163</ns3:hr>
            <ns3:cad>88</ns3:cad>
          </ns3:TrackPointExtension>
        </extensions>
      </trkpt>
      <trkpt lat="24.51733927242457866668701171875" lon="118.16000743769109249114990234375">
        <ele>11.3999996185302734375</ele>
        <time>2025-08-11T12:39:47.000Z</time>
        <extensions>
          <ns3:TrackPointExtension>
            <ns3:hr>163</ns3:hr>
            <ns3:cad>88</ns3:cad>
          </ns3:TrackPointExtension>
        </extensions>
      </trkpt>
      <trkpt lat="24.5173147134482860565185546875" lon="118.15999989397823810577392578125">
        <ele>11.3999996185302734375</ele>
        <time>2025-08-11T12:39:48.000Z</time>
        <extensions>
          <ns3:TrackPointExtension>
            <ns3:hr>163</ns3:hr>
            <ns3:cad>88</ns3:cad>
          </ns3:TrackPointExtension>
        </extensions>
      </trkpt>
      <trkpt lat="24.517297446727752685546875" lon="118.159994445741176605224609375">
        <ele>11.3999996185302734375</ele>
        <time>2025-08-11T12:39:49.000Z</time>
        <extensions>
          <ns3:TrackPointExtension>
            <ns3:hr>163</ns3:hr>
            <ns3:cad>88</ns3:cad>
          </ns3:TrackPointExtension>
        </extensions>
      </trkpt>
      <trkpt lat="24.517275989055633544921875" lon="118.1599858961999416351318359375">
        <ele>11.3999996185302734375</ele>
        <time>2025-08-11T12:39:50.000Z</time>
        <extensions>
          <ns3:TrackPointExtension>
            <ns3:hr>163</ns3:hr>
            <ns3:cad>88</ns3:cad>
          </ns3:TrackPointExtension>
        </extensions>
      </trkpt>
      <trkpt lat="24.51725629158318042755126953125" lon="118.15998195670545101165771484375">
        <ele>11.3999996185302734375</ele>
        <time>2025-08-11T12:39:51.000Z</time>
        <extensions>
          <ns3:TrackPointExtension>
            <ns3:hr>163</ns3:hr>
            <ns3:cad>88</ns3:cad>
          </ns3:TrackPointExtension>
        </extensions>
      </trkpt>
      <trkpt lat="24.51722946949303150177001953125" lon="118.15997994504868984222412109375">
        <ele>11.3999996185302734375</ele>
        <time>2025-08-11T12:39:52.000Z</time>
        <extensions>
          <ns3:TrackPointExtension>
            <ns3:hr>163</ns3:hr>
            <ns3:cad>88</ns3:cad>
          </ns3:TrackPointExtension>
        </extensions>
      </trkpt>
      <trkpt lat="24.51720750890672206878662109375" lon="118.1599785201251506805419921875">
        <ele>11.3999996185302734375</ele>
        <time>2025-08-11T12:39:53.000Z</time>
        <extensions>
          <ns3:TrackPointExtension>
            <ns3:hr>163</ns3:hr>
            <ns3:cad>88</ns3:cad>
          </ns3:TrackPointExtension>
        </extensions>
      </trkpt>
      <trkpt lat="24.5171775855123996734619140625" lon="118.15997910685837268829345703125">
        <ele>11.3999996185302734375</ele>
        <time>2025-08-11T12:39:54.000Z</time>
        <extensions>
          <ns3:TrackPointExtension>
            <ns3:hr>164</ns3:hr>
            <ns3:cad>88</ns3:cad>
          </ns3:TrackPointExtension>
        </extensions>
      </trkpt>
      <trkpt lat="24.5171487517654895782470703125" lon="118.15997173078358173370361328125">
        <ele>11.3999996185302734375</ele>
        <time>2025-08-11T12:39:55.000Z</time>
        <extensions>
          <ns3:TrackPointExtension>
            <ns3:hr>163</ns3:hr>
            <ns3:cad>88</ns3:cad>
          </ns3:TrackPointExtension>
        </extensions>
      </trkpt>
      <trkpt lat="24.5171232707798480987548828125" lon="118.15997139550745487213134765625">
        <ele>11.3999996185302734375</ele>
        <time>2025-08-11T12:39:56.000Z</time>
        <extensions>
          <ns3:TrackPointExtension>
            <ns3:hr>163</ns3:hr>
            <ns3:cad>88</ns3:cad>
          </ns3:TrackPointExtension>
        </extensions>
      </trkpt>
      <trkpt lat="24.51709904707968235015869140625" lon="118.15996552817523479461669921875">
        <ele>11.3999996185302734375</ele>
        <time>2025-08-11T12:39:57.000Z</time>
        <extensions>
          <ns3:TrackPointExtension>
            <ns3:hr>163</ns3:hr>
            <ns3:cad>88</ns3:cad>
          </ns3:TrackPointExtension>
        </extensions>
      </trkpt>
      <trkpt lat="24.51707473956048488616943359375" lon="118.15996100194752216339111328125">
        <ele>11.3999996185302734375</ele>
        <time>2025-08-11T12:39:58.000Z</time>
        <extensions>
          <ns3:TrackPointExtension>
            <ns3:hr>163</ns3:hr>
            <ns3:cad>88</ns3:cad>
          </ns3:TrackPointExtension>
        </extensions>
      </trkpt>
      <trkpt lat="24.517048336565494537353515625" lon="118.15995077602565288543701171875">
        <ele>11.6000003814697265625</ele>
        <time>2025-08-11T12:39:59.000Z</time>
        <extensions>
          <ns3:TrackPointExtension>
            <ns3:hr>163</ns3:hr>
            <ns3:cad>88</ns3:cad>
          </ns3:TrackPointExtension>
        </extensions>
      </trkpt>
      <trkpt lat="24.51702193357050418853759765625" lon="118.1599500216543674468994140625">
        <ele>11.6000003814697265625</ele>
        <time>2025-08-11T12:40:00.000Z</time>
        <extensions>
          <ns3:TrackPointExtension>
            <ns3:hr>163</ns3:hr>
            <ns3:cad>88</ns3:cad>
          </ns3:TrackPointExtension>
        </extensions>
      </trkpt>
      <trkpt lat="24.51699628494679927825927734375" lon="118.1599409691989421844482421875">
        <ele>11.6000003814697265625</ele>
        <time>2025-08-11T12:40:01.000Z</time>
        <extensions>
          <ns3:TrackPointExtension>
            <ns3:hr>163</ns3:hr>
            <ns3:cad>88</ns3:cad>
          </ns3:TrackPointExtension>
        </extensions>
      </trkpt>
      <trkpt lat="24.51697264797985553741455078125" lon="118.15994172357022762298583984375">
        <ele>11.6000003814697265625</ele>
        <time>2025-08-11T12:40:02.000Z</time>
        <extensions>
          <ns3:TrackPointExtension>
            <ns3:hr>163</ns3:hr>
            <ns3:cad>88</ns3:cad>
          </ns3:TrackPointExtension>
        </extensions>
      </trkpt>
      <trkpt lat="24.51694247312843799591064453125" lon="118.1599344313144683837890625">
        <ele>11.6000003814697265625</ele>
        <time>2025-08-11T12:40:03.000Z</time>
        <extensions>
          <ns3:TrackPointExtension>
            <ns3:hr>162</ns3:hr>
            <ns3:cad>88</ns3:cad>
          </ns3:TrackPointExtension>
        </extensions>
      </trkpt>
      <trkpt lat="24.51691850088536739349365234375" lon="118.15993485040962696075439453125">
        <ele>11.6000003814697265625</ele>
        <time>2025-08-11T12:40:04.000Z</time>
        <extensions>
          <ns3:TrackPointExtension>
            <ns3:hr>163</ns3:hr>
            <ns3:cad>88</ns3:cad>
          </ns3:TrackPointExtension>
        </extensions>
      </trkpt>
      <trkpt lat="24.5168862305581569671630859375" lon="118.15992646850645542144775390625">
        <ele>11.6000003814697265625</ele>
        <time>2025-08-11T12:40:05.000Z</time>
        <extensions>
          <ns3:TrackPointExtension>
            <ns3:hr>163</ns3:hr>
            <ns3:cad>89</ns3:cad>
          </ns3:TrackPointExtension>
        </extensions>
      </trkpt>
      <trkpt lat="24.5168624259531497955322265625" lon="118.1599317491054534912109375">
        <ele>11.6000003814697265625</ele>
        <time>2025-08-11T12:40:06.000Z</time>
        <extensions>
          <ns3:TrackPointExtension>
            <ns3:hr>164</ns3:hr>
            <ns3:cad>89</ns3:cad>
          </ns3:TrackPointExtension>
        </extensions>
      </trkpt>
      <trkpt lat="24.51682948507368564605712890625" lon="118.159924708306789398193359375">
        <ele>11.6000003814697265625</ele>
        <time>2025-08-11T12:40:07.000Z</time>
        <extensions>
          <ns3:TrackPointExtension>
            <ns3:hr>164</ns3:hr>
            <ns3:cad>89</ns3:cad>
          </ns3:TrackPointExtension>
        </extensions>
      </trkpt>
      <trkpt lat="24.51680861413478851318359375" lon="118.159930072724819183349609375">
        <ele>11.6000003814697265625</ele>
        <time>2025-08-11T12:40:08.000Z</time>
        <extensions>
          <ns3:TrackPointExtension>
            <ns3:hr>164</ns3:hr>
            <ns3:cad>89</ns3:cad>
          </ns3:TrackPointExtension>
        </extensions>
      </trkpt>
      <trkpt lat="24.51677785255014896392822265625" lon="118.159924037754535675048828125">
        <ele>11.6000003814697265625</ele>
        <time>2025-08-11T12:40:09.000Z</time>
        <extensions>
          <ns3:TrackPointExtension>
            <ns3:hr>165</ns3:hr>
            <ns3:cad>89</ns3:cad>
          </ns3:TrackPointExtension>
        </extensions>
      </trkpt>
      <trkpt lat="24.51676125638186931610107421875" lon="118.159930072724819183349609375">
        <ele>11.6000003814697265625</ele>
        <time>2025-08-11T12:40:10.000Z</time>
        <extensions>
          <ns3:TrackPointExtension>
            <ns3:hr>164</ns3:hr>
            <ns3:cad>89</ns3:cad>
          </ns3:TrackPointExtension>
        </extensions>
      </trkpt>
      <trkpt lat="24.51673057861626148223876953125" lon="118.1599255464971065521240234375">
        <ele>11.6000003814697265625</ele>
        <time>2025-08-11T12:40:11.000Z</time>
        <extensions>
          <ns3:TrackPointExtension>
            <ns3:hr>164</ns3:hr>
            <ns3:cad>89</ns3:cad>
          </ns3:TrackPointExtension>
        </extensions>
      </trkpt>
      <trkpt lat="24.516712389886379241943359375" lon="118.1599345989525318145751953125">
        <ele>11.6000003814697265625</ele>
        <time>2025-08-11T12:40:12.000Z</time>
        <extensions>
          <ns3:TrackPointExtension>
            <ns3:hr>165</ns3:hr>
            <ns3:cad>89</ns3:cad>
          </ns3:TrackPointExtension>
        </extensions>
      </trkpt>
      <trkpt lat="24.516680203378200531005859375" lon="118.15992898307740688323974609375">
        <ele>11.3999996185302734375</ele>
        <time>2025-08-11T12:40:13.000Z</time>
        <extensions>
          <ns3:TrackPointExtension>
            <ns3:hr>164</ns3:hr>
            <ns3:cad>90</ns3:cad>
          </ns3:TrackPointExtension>
        </extensions>
      </trkpt>
      <trkpt lat="24.51666167937219142913818359375" lon="118.15993510186672210693359375">
        <ele>11.6000003814697265625</ele>
        <time>2025-08-11T12:40:14.000Z</time>
        <extensions>
          <ns3:TrackPointExtension>
            <ns3:hr>164</ns3:hr>
            <ns3:cad>90</ns3:cad>
          </ns3:TrackPointExtension>
        </extensions>
      </trkpt>
      <trkpt lat="24.51663200743496417999267578125" lon="118.15993401221930980682373046875">
        <ele>11.6000003814697265625</ele>
        <time>2025-08-11T12:40:15.000Z</time>
        <extensions>
          <ns3:TrackPointExtension>
            <ns3:hr>164</ns3:hr>
            <ns3:cad>89</ns3:cad>
          </ns3:TrackPointExtension>
        </extensions>
      </trkpt>
      <trkpt lat="24.5166139863431453704833984375" lon="118.15993585623800754547119140625">
        <ele>11.6000003814697265625</ele>
        <time>2025-08-11T12:40:16.000Z</time>
        <extensions>
          <ns3:TrackPointExtension>
            <ns3:hr>165</ns3:hr>
            <ns3:cad>88</ns3:cad>
          </ns3:TrackPointExtension>
        </extensions>
      </trkpt>
      <trkpt lat="24.5165874995291233062744140625" lon="118.1599325872957706451416015625">
        <ele>11.6000003814697265625</ele>
        <time>2025-08-11T12:40:17.000Z</time>
        <extensions>
          <ns3:TrackPointExtension>
            <ns3:hr>164</ns3:hr>
            <ns3:cad>88</ns3:cad>
          </ns3:TrackPointExtension>
        </extensions>
      </trkpt>
      <trkpt lat="24.51656579039990901947021484375" lon="118.15993619151413440704345703125">
        <ele>11.80000019073486328125</ele>
        <time>2025-08-11T12:40:18.000Z</time>
        <extensions>
          <ns3:TrackPointExtension>
            <ns3:hr>164</ns3:hr>
            <ns3:cad>88</ns3:cad>
          </ns3:TrackPointExtension>
        </extensions>
      </trkpt>
      <trkpt lat="24.51653829775750637054443359375" lon="118.159938119351863861083984375">
        <ele>11.80000019073486328125</ele>
        <time>2025-08-11T12:40:19.000Z</time>
        <extensions>
          <ns3:TrackPointExtension>
            <ns3:hr>164</ns3:hr>
            <ns3:cad>88</ns3:cad>
          </ns3:TrackPointExtension>
        </extensions>
      </trkpt>
      <trkpt lat="24.5165184326469898223876953125" lon="118.1599423103034496307373046875">
        <ele>11.80000019073486328125</ele>
        <time>2025-08-11T12:40:20.000Z</time>
        <extensions>
          <ns3:TrackPointExtension>
            <ns3:hr>165</ns3:hr>
            <ns3:cad>88</ns3:cad>
          </ns3:TrackPointExtension>
        </extensions>
      </trkpt>
      <trkpt lat="24.5164914429187774658203125" lon="118.1599453277885913848876953125">
        <ele>11.80000019073486328125</ele>
        <time>2025-08-11T12:40:21.000Z</time>
        <extensions>
          <ns3:TrackPointExtension>
            <ns3:hr>164</ns3:hr>
            <ns3:cad>88</ns3:cad>
          </ns3:TrackPointExtension>
        </extensions>
      </trkpt>
      <trkpt lat="24.51646822504699230194091796875" lon="118.15994943492114543914794921875">
        <ele>11.80000019073486328125</ele>
        <time>2025-08-11T12:40:22.000Z</time>
        <extensions>
          <ns3:TrackPointExtension>
            <ns3:hr>164</ns3:hr>
            <ns3:cad>89</ns3:cad>
          </ns3:TrackPointExtension>
        </extensions>
      </trkpt>
      <trkpt lat="24.51644425280392169952392578125" lon="118.15995295532047748565673828125">
        <ele>11.80000019073486328125</ele>
        <time>2025-08-11T12:40:23.000Z</time>
        <extensions>
          <ns3:TrackPointExtension>
            <ns3:hr>165</ns3:hr>
            <ns3:cad>89</ns3:cad>
          </ns3:TrackPointExtension>
        </extensions>
      </trkpt>
      <trkpt lat="24.5164195261895656585693359375" lon="118.1599560566246509552001953125">
        <ele>11.80000019073486328125</ele>
        <time>2025-08-11T12:40:24.000Z</time>
        <extensions>
          <ns3:TrackPointExtension>
            <ns3:hr>164</ns3:hr>
            <ns3:cad>89</ns3:cad>
          </ns3:TrackPointExtension>
        </extensions>
      </trkpt>
      <trkpt lat="24.51639664359390735626220703125" lon="118.15995966084301471710205078125">
        <ele>11.80000019073486328125</ele>
        <time>2025-08-11T12:40:25.000Z</time>
        <extensions>
          <ns3:TrackPointExtension>
            <ns3:hr>164</ns3:hr>
            <ns3:cad>88</ns3:cad>
          </ns3:TrackPointExtension>
        </extensions>
      </trkpt>
      <trkpt lat="24.5163685642182826995849609375" lon="118.15996192395687103271484375">
        <ele>11.80000019073486328125</ele>
        <time>2025-08-11T12:40:26.000Z</time>
        <extensions>
          <ns3:TrackPointExtension>
            <ns3:hr>165</ns3:hr>
            <ns3:cad>88</ns3:cad>
          </ns3:TrackPointExtension>
        </extensions>
      </trkpt>
      <trkpt lat="24.51634802855551242828369140625" lon="118.1599693000316619873046875">
        <ele>11.80000019073486328125</ele>
        <time>2025-08-11T12:40:27.000Z</time>
        <extensions>
          <ns3:TrackPointExtension>
            <ns3:hr>165</ns3:hr>
            <ns3:cad>88</ns3:cad>
          </ns3:TrackPointExtension>
        </extensions>
      </trkpt>
      <trkpt lat="24.5163176022469997406005859375" lon="118.15997290425002574920654296875">
        <ele>11.80000019073486328125</ele>
        <time>2025-08-11T12:40:28.000Z</time>
        <extensions>
          <ns3:TrackPointExtension>
            <ns3:hr>165</ns3:hr>
            <ns3:cad>88</ns3:cad>
          </ns3:TrackPointExtension>
        </extensions>
      </trkpt>
      <trkpt lat="24.5162964798510074615478515625" lon="118.1599812023341655731201171875">
        <ele>11.80000019073486328125</ele>
        <time>2025-08-11T12:40:29.000Z</time>
        <extensions>
          <ns3:TrackPointExtension>
            <ns3:hr>165</ns3:hr>
            <ns3:cad>88</ns3:cad>
          </ns3:TrackPointExtension>
        </extensions>
      </trkpt>
      <trkpt lat="24.51626655645668506622314453125" lon="118.15998396836221218109130859375">
        <ele>11.80000019073486328125</ele>
        <time>2025-08-11T12:40:30.000Z</time>
        <extensions>
          <ns3:TrackPointExtension>
            <ns3:hr>166</ns3:hr>
            <ns3:cad>88</ns3:cad>
          </ns3:TrackPointExtension>
        </extensions>
      </trkpt>
      <trkpt lat="24.5162478648126125335693359375" lon="118.15999201498925685882568359375">
        <ele>11.80000019073486328125</ele>
        <time>2025-08-11T12:40:31.000Z</time>
        <extensions>
          <ns3:TrackPointExtension>
            <ns3:hr>166</ns3:hr>
            <ns3:cad>88</ns3:cad>
          </ns3:TrackPointExtension>
        </extensions>
      </trkpt>
      <trkpt lat="24.51621877960860729217529296875" lon="118.1599969603121280670166015625">
        <ele>11.80000019073486328125</ele>
        <time>2025-08-11T12:40:32.000Z</time>
        <extensions>
          <ns3:TrackPointExtension>
            <ns3:hr>166</ns3:hr>
            <ns3:cad>88</ns3:cad>
          </ns3:TrackPointExtension>
        </extensions>
      </trkpt>
      <trkpt lat="24.51620402745902538299560546875" lon="118.1600090302526950836181640625">
        <ele>11.80000019073486328125</ele>
        <time>2025-08-11T12:40:33.000Z</time>
        <extensions>
          <ns3:TrackPointExtension>
            <ns3:hr>166</ns3:hr>
            <ns3:cad>88</ns3:cad>
          </ns3:TrackPointExtension>
        </extensions>
      </trkpt>
      <trkpt lat="24.51617603190243244171142578125" lon="118.16002269275486469268798828125">
        <ele>11.80000019073486328125</ele>
        <time>2025-08-11T12:40:34.000Z</time>
        <extensions>
          <ns3:TrackPointExtension>
            <ns3:hr>166</ns3:hr>
            <ns3:cad>88</ns3:cad>
          </ns3:TrackPointExtension>
        </extensions>
      </trkpt>
      <trkpt lat="24.5161633752286434173583984375" lon="118.16003560088574886322021484375">
        <ele>11.80000019073486328125</ele>
        <time>2025-08-11T12:40:35.000Z</time>
        <extensions>
          <ns3:TrackPointExtension>
            <ns3:hr>166</ns3:hr>
            <ns3:cad>88</ns3:cad>
          </ns3:TrackPointExtension>
        </extensions>
      </trkpt>
      <trkpt lat="24.51613864861428737640380859375" lon="118.16004951484501361846923828125">
        <ele>11.80000019073486328125</ele>
        <time>2025-08-11T12:40:36.000Z</time>
        <extensions>
          <ns3:TrackPointExtension>
            <ns3:hr>166</ns3:hr>
            <ns3:cad>88</ns3:cad>
          </ns3:TrackPointExtension>
        </extensions>
      </trkpt>
      <trkpt lat="24.5161207951605319976806640625" lon="118.16006183624267578125">
        <ele>11.80000019073486328125</ele>
        <time>2025-08-11T12:40:37.000Z</time>
        <extensions>
          <ns3:TrackPointExtension>
            <ns3:hr>166</ns3:hr>
            <ns3:cad>88</ns3:cad>
          </ns3:TrackPointExtension>
        </extensions>
      </trkpt>
      <trkpt lat="24.51609916985034942626953125" lon="118.16007499583065509796142578125">
        <ele>11.80000019073486328125</ele>
        <time>2025-08-11T12:40:38.000Z</time>
        <extensions>
          <ns3:TrackPointExtension>
            <ns3:hr>165</ns3:hr>
            <ns3:cad>88</ns3:cad>
          </ns3:TrackPointExtension>
        </extensions>
      </trkpt>
      <trkpt lat="24.51608114875853061676025390625" lon="118.1600868143141269683837890625">
        <ele>11.80000019073486328125</ele>
        <time>2025-08-11T12:40:39.000Z</time>
        <extensions>
          <ns3:TrackPointExtension>
            <ns3:hr>165</ns3:hr>
            <ns3:cad>88</ns3:cad>
          </ns3:TrackPointExtension>
        </extensions>
      </trkpt>
      <trkpt lat="24.5160631276667118072509765625" lon="118.16010131500661373138427734375">
        <ele>11.80000019073486328125</ele>
        <time>2025-08-11T12:40:40.000Z</time>
        <extensions>
          <ns3:TrackPointExtension>
            <ns3:hr>165</ns3:hr>
            <ns3:cad>88</ns3:cad>
          </ns3:TrackPointExtension>
        </extensions>
      </trkpt>
      <trkpt lat="24.51603873632848262786865234375" lon="118.16011221148073673248291015625">
        <ele>11.80000019073486328125</ele>
        <time>2025-08-11T12:40:41.000Z</time>
        <extensions>
          <ns3:TrackPointExtension>
            <ns3:hr>165</ns3:hr>
            <ns3:cad>88</ns3:cad>
          </ns3:TrackPointExtension>
        </extensions>
      </trkpt>
      <trkpt lat="24.51601644046604633331298828125" lon="118.16012176685035228729248046875">
        <ele>11.80000019073486328125</ele>
        <time>2025-08-11T12:40:42.000Z</time>
        <extensions>
          <ns3:TrackPointExtension>
            <ns3:hr>165</ns3:hr>
            <ns3:cad>88</ns3:cad>
          </ns3:TrackPointExtension>
        </extensions>
      </trkpt>
      <trkpt lat="24.51599196530878543853759765625" lon="118.160133920609951019287109375">
        <ele>11.80000019073486328125</ele>
        <time>2025-08-11T12:40:43.000Z</time>
        <extensions>
          <ns3:TrackPointExtension>
            <ns3:hr>165</ns3:hr>
            <ns3:cad>88</ns3:cad>
          </ns3:TrackPointExtension>
        </extensions>
      </trkpt>
      <trkpt lat="24.51597687788307666778564453125" lon="118.16014624200761318206787109375">
        <ele>11.80000019073486328125</ele>
        <time>2025-08-11T12:40:44.000Z</time>
        <extensions>
          <ns3:TrackPointExtension>
            <ns3:hr>165</ns3:hr>
            <ns3:cad>88</ns3:cad>
          </ns3:TrackPointExtension>
        </extensions>
      </trkpt>
      <trkpt lat="24.51595030725002288818359375" lon="118.1601562164723873138427734375">
        <ele>11.80000019073486328125</ele>
        <time>2025-08-11T12:40:45.000Z</time>
        <extensions>
          <ns3:TrackPointExtension>
            <ns3:hr>165</ns3:hr>
            <ns3:cad>88</ns3:cad>
          </ns3:TrackPointExtension>
        </extensions>
      </trkpt>
      <trkpt lat="24.515934884548187255859375" lon="118.16016367636620998382568359375">
        <ele>12</ele>
        <time>2025-08-11T12:40:46.000Z</time>
        <extensions>
          <ns3:TrackPointExtension>
            <ns3:hr>165</ns3:hr>
            <ns3:cad>88</ns3:cad>
          </ns3:TrackPointExtension>
        </extensions>
      </trkpt>
      <trkpt lat="24.5159058831632137298583984375" lon="118.16017356701195240020751953125">
        <ele>12</ele>
        <time>2025-08-11T12:40:47.000Z</time>
        <extensions>
          <ns3:TrackPointExtension>
            <ns3:hr>165</ns3:hr>
            <ns3:cad>88</ns3:cad>
          </ns3:TrackPointExtension>
        </extensions>
      </trkpt>
      <trkpt lat="24.51588970609009265899658203125" lon="118.16018111072480678558349609375">
        <ele>12</ele>
        <time>2025-08-11T12:40:48.000Z</time>
        <extensions>
          <ns3:TrackPointExtension>
            <ns3:hr>165</ns3:hr>
            <ns3:cad>88</ns3:cad>
          </ns3:TrackPointExtension>
        </extensions>
      </trkpt>
      <trkpt lat="24.5158636383712291717529296875" lon="118.16019393503665924072265625">
        <ele>12</ele>
        <time>2025-08-11T12:40:49.000Z</time>
        <extensions>
          <ns3:TrackPointExtension>
            <ns3:hr>165</ns3:hr>
            <ns3:cad>88</ns3:cad>
          </ns3:TrackPointExtension>
        </extensions>
      </trkpt>
      <trkpt lat="24.51584829948842525482177734375" lon="118.1602075137197971343994140625">
        <ele>12</ele>
        <time>2025-08-11T12:40:50.000Z</time>
        <extensions>
          <ns3:TrackPointExtension>
            <ns3:hr>165</ns3:hr>
            <ns3:cad>88</ns3:cad>
          </ns3:TrackPointExtension>
        </extensions>
      </trkpt>
      <trkpt lat="24.5158250816166400909423828125" lon="118.1602212600409984588623046875">
        <ele>12</ele>
        <time>2025-08-11T12:40:51.000Z</time>
        <extensions>
          <ns3:TrackPointExtension>
            <ns3:hr>165</ns3:hr>
            <ns3:cad>88</ns3:cad>
          </ns3:TrackPointExtension>
        </extensions>
      </trkpt>
      <trkpt lat="24.515808485448360443115234375" lon="118.16023349761962890625">
        <ele>12</ele>
        <time>2025-08-11T12:40:52.000Z</time>
        <extensions>
          <ns3:TrackPointExtension>
            <ns3:hr>165</ns3:hr>
            <ns3:cad>88</ns3:cad>
          </ns3:TrackPointExtension>
        </extensions>
      </trkpt>
      <trkpt lat="24.51578627340495586395263671875" lon="118.16024950705468654632568359375">
        <ele>12</ele>
        <time>2025-08-11T12:40:53.000Z</time>
        <extensions>
          <ns3:TrackPointExtension>
            <ns3:hr>164</ns3:hr>
            <ns3:cad>88</ns3:cad>
          </ns3:TrackPointExtension>
        </extensions>
      </trkpt>
      <trkpt lat="24.51576431281864643096923828125" lon="118.16025738604366779327392578125">
        <ele>12</ele>
        <time>2025-08-11T12:40:54.000Z</time>
        <extensions>
          <ns3:TrackPointExtension>
            <ns3:hr>165</ns3:hr>
            <ns3:cad>88</ns3:cad>
          </ns3:TrackPointExtension>
        </extensions>
      </trkpt>
      <trkpt lat="24.515747465193271636962890625" lon="118.16026845015585422515869140625">
        <ele>12</ele>
        <time>2025-08-11T12:40:55.000Z</time>
        <extensions>
          <ns3:TrackPointExtension>
            <ns3:hr>165</ns3:hr>
            <ns3:cad>88</ns3:cad>
          </ns3:TrackPointExtension>
        </extensions>
      </trkpt>
      <trkpt lat="24.5157275162637233734130859375" lon="118.16027901135385036468505859375">
        <ele>11.80000019073486328125</ele>
        <time>2025-08-11T12:40:56.000Z</time>
        <extensions>
          <ns3:TrackPointExtension>
            <ns3:hr>165</ns3:hr>
            <ns3:cad>88</ns3:cad>
          </ns3:TrackPointExtension>
        </extensions>
      </trkpt>
      <trkpt lat="24.5157040469348430633544921875" lon="118.16029393114149570465087890625">
        <ele>11.80000019073486328125</ele>
        <time>2025-08-11T12:40:57.000Z</time>
        <extensions>
          <ns3:TrackPointExtension>
            <ns3:hr>164</ns3:hr>
            <ns3:cad>88</ns3:cad>
          </ns3:TrackPointExtension>
        </extensions>
      </trkpt>
      <trkpt lat="24.5156789012253284454345703125" lon="118.1603087671101093292236328125">
        <ele>12</ele>
        <time>2025-08-11T12:40:58.000Z</time>
        <extensions>
          <ns3:TrackPointExtension>
            <ns3:hr>165</ns3:hr>
            <ns3:cad>88</ns3:cad>
          </ns3:TrackPointExtension>
        </extensions>
      </trkpt>
      <trkpt lat="24.51566305942833423614501953125" lon="118.1603255309164524078369140625">
        <ele>12</ele>
        <time>2025-08-11T12:40:59.000Z</time>
        <extensions>
          <ns3:TrackPointExtension>
            <ns3:hr>165</ns3:hr>
            <ns3:cad>88</ns3:cad>
          </ns3:TrackPointExtension>
        </extensions>
      </trkpt>
      <trkpt lat="24.51564093120396137237548828125" lon="118.1603402830660343170166015625">
        <ele>12</ele>
        <time>2025-08-11T12:41:00.000Z</time>
        <extensions>
          <ns3:TrackPointExtension>
            <ns3:hr>164</ns3:hr>
            <ns3:cad>88</ns3:cad>
          </ns3:TrackPointExtension>
        </extensions>
      </trkpt>
      <trkpt lat="24.5156286098062992095947265625" lon="118.16035763360559940338134765625">
        <ele>12</ele>
        <time>2025-08-11T12:41:01.000Z</time>
        <extensions>
          <ns3:TrackPointExtension>
            <ns3:hr>164</ns3:hr>
            <ns3:cad>88</ns3:cad>
          </ns3:TrackPointExtension>
        </extensions>
      </trkpt>
      <trkpt lat="24.5156111754477024078369140625" lon="118.16037506796419620513916015625">
        <ele>12</ele>
        <time>2025-08-11T12:41:02.000Z</time>
        <extensions>
          <ns3:TrackPointExtension>
            <ns3:hr>164</ns3:hr>
            <ns3:cad>88</ns3:cad>
          </ns3:TrackPointExtension>
        </extensions>
      </trkpt>
      <trkpt lat="24.5155987702310085296630859375" lon="118.16038814373314380645751953125">
        <ele>12</ele>
        <time>2025-08-11T12:41:03.000Z</time>
        <extensions>
          <ns3:TrackPointExtension>
            <ns3:hr>164</ns3:hr>
            <ns3:cad>88</ns3:cad>
          </ns3:TrackPointExtension>
        </extensions>
      </trkpt>
      <trkpt lat="24.51556943356990814208984375" lon="118.1604029797017574310302734375">
        <ele>12</ele>
        <time>2025-08-11T12:41:04.000Z</time>
        <extensions>
          <ns3:TrackPointExtension>
            <ns3:hr>165</ns3:hr>
            <ns3:cad>88</ns3:cad>
          </ns3:TrackPointExtension>
        </extensions>
      </trkpt>
      <trkpt lat="24.515554346144199371337890625" lon="118.16041530109941959381103515625">
        <ele>12</ele>
        <time>2025-08-11T12:41:05.000Z</time>
        <extensions>
          <ns3:TrackPointExtension>
            <ns3:hr>164</ns3:hr>
            <ns3:cad>88</ns3:cad>
          </ns3:TrackPointExtension>
        </extensions>
      </trkpt>
      <trkpt lat="24.5155347324907779693603515625" lon="118.16043541766703128814697265625">
        <ele>12</ele>
        <time>2025-08-11T12:41:06.000Z</time>
        <extensions>
          <ns3:TrackPointExtension>
            <ns3:hr>164</ns3:hr>
            <ns3:cad>88</ns3:cad>
          </ns3:TrackPointExtension>
        </extensions>
      </trkpt>
      <trkpt lat="24.5155189745128154754638671875" lon="118.16045410931110382080078125">
        <ele>12</ele>
        <time>2025-08-11T12:41:07.000Z</time>
        <extensions>
          <ns3:TrackPointExtension>
            <ns3:hr>164</ns3:hr>
            <ns3:cad>88</ns3:cad>
          </ns3:TrackPointExtension>
        </extensions>
      </trkpt>
      <trkpt lat="24.51550229452550411224365234375" lon="118.160477578639984130859375">
        <ele>12</ele>
        <time>2025-08-11T12:41:08.000Z</time>
        <extensions>
          <ns3:TrackPointExtension>
            <ns3:hr>165</ns3:hr>
            <ns3:cad>88</ns3:cad>
          </ns3:TrackPointExtension>
        </extensions>
      </trkpt>
      <trkpt lat="24.51549072749912738800048828125" lon="118.16049526445567607879638671875">
        <ele>12.19999980926513671875</ele>
        <time>2025-08-11T12:41:09.000Z</time>
        <extensions>
          <ns3:TrackPointExtension>
            <ns3:hr>164</ns3:hr>
            <ns3:cad>88</ns3:cad>
          </ns3:TrackPointExtension>
        </extensions>
      </trkpt>
      <trkpt lat="24.51547748409211635589599609375" lon="118.16051303409039974212646484375">
        <ele>12.19999980926513671875</ele>
        <time>2025-08-11T12:41:10.000Z</time>
        <extensions>
          <ns3:TrackPointExtension>
            <ns3:hr>164</ns3:hr>
            <ns3:cad>88</ns3:cad>
          </ns3:TrackPointExtension>
        </extensions>
      </trkpt>
      <trkpt lat="24.51546440832316875457763671875" lon="118.16053248010575771331787109375">
        <ele>12.19999980926513671875</ele>
        <time>2025-08-11T12:41:11.000Z</time>
        <extensions>
          <ns3:TrackPointExtension>
            <ns3:hr>164</ns3:hr>
            <ns3:cad>88</ns3:cad>
          </ns3:TrackPointExtension>
        </extensions>
      </trkpt>
      <trkpt lat="24.51544529758393764495849609375" lon="118.1605518423020839691162109375">
        <ele>12.19999980926513671875</ele>
        <time>2025-08-11T12:41:12.000Z</time>
        <extensions>
          <ns3:TrackPointExtension>
            <ns3:hr>164</ns3:hr>
            <ns3:cad>88</ns3:cad>
          </ns3:TrackPointExtension>
        </extensions>
      </trkpt>
      <trkpt lat="24.51543104834854602813720703125" lon="118.16057237796485424041748046875">
        <ele>12</ele>
        <time>2025-08-11T12:41:13.000Z</time>
        <extensions>
          <ns3:TrackPointExtension>
            <ns3:hr>164</ns3:hr>
            <ns3:cad>88</ns3:cad>
          </ns3:TrackPointExtension>
        </extensions>
      </trkpt>
      <trkpt lat="24.5154173858463764190673828125" lon="118.16059836186468601226806640625">
        <ele>12</ele>
        <time>2025-08-11T12:41:14.000Z</time>
        <extensions>
          <ns3:TrackPointExtension>
            <ns3:hr>164</ns3:hr>
            <ns3:cad>88</ns3:cad>
          </ns3:TrackPointExtension>
        </extensions>
      </trkpt>
      <trkpt lat="24.51539970003068447113037109375" lon="118.1606229208409786224365234375">
        <ele>12</ele>
        <time>2025-08-11T12:41:15.000Z</time>
        <extensions>
          <ns3:TrackPointExtension>
            <ns3:hr>165</ns3:hr>
            <ns3:cad>89</ns3:cad>
          </ns3:TrackPointExtension>
        </extensions>
      </trkpt>
      <trkpt lat="24.51538503170013427734375" lon="118.16064747981727123260498046875">
        <ele>12.19999980926513671875</ele>
        <time>2025-08-11T12:41:16.000Z</time>
        <extensions>
          <ns3:TrackPointExtension>
            <ns3:hr>164</ns3:hr>
            <ns3:cad>89</ns3:cad>
          </ns3:TrackPointExtension>
        </extensions>
      </trkpt>
      <trkpt lat="24.51537237502634525299072265625" lon="118.1606747210025787353515625">
        <ele>12.19999980926513671875</ele>
        <time>2025-08-11T12:41:17.000Z</time>
        <extensions>
          <ns3:TrackPointExtension>
            <ns3:hr>164</ns3:hr>
            <ns3:cad>88</ns3:cad>
          </ns3:TrackPointExtension>
        </extensions>
      </trkpt>
      <trkpt lat="24.515365920960903167724609375" lon="118.16069441847503185272216796875">
        <ele>12.19999980926513671875</ele>
        <time>2025-08-11T12:41:18.000Z</time>
        <extensions>
          <ns3:TrackPointExtension>
            <ns3:hr>164</ns3:hr>
            <ns3:cad>88</ns3:cad>
          </ns3:TrackPointExtension>
        </extensions>
      </trkpt>
      <trkpt lat="24.51535175554454326629638671875" lon="118.16071654669940471649169921875">
        <ele>12.19999980926513671875</ele>
        <time>2025-08-11T12:41:19.000Z</time>
        <extensions>
          <ns3:TrackPointExtension>
            <ns3:hr>164</ns3:hr>
            <ns3:cad>89</ns3:cad>
          </ns3:TrackPointExtension>
        </extensions>
      </trkpt>
      <trkpt lat="24.51534253545105457305908203125" lon="118.16073574125766754150390625">
        <ele>12.19999980926513671875</ele>
        <time>2025-08-11T12:41:20.000Z</time>
        <extensions>
          <ns3:TrackPointExtension>
            <ns3:hr>164</ns3:hr>
            <ns3:cad>89</ns3:cad>
          </ns3:TrackPointExtension>
        </extensions>
      </trkpt>
      <trkpt lat="24.5153305493295192718505859375" lon="118.16076063551008701324462890625">
        <ele>12.19999980926513671875</ele>
        <time>2025-08-11T12:41:21.000Z</time>
        <extensions>
          <ns3:TrackPointExtension>
            <ns3:hr>164</ns3:hr>
            <ns3:cad>89</ns3:cad>
          </ns3:TrackPointExtension>
        </extensions>
      </trkpt>
      <trkpt lat="24.51532426290214061737060546875" lon="118.16077941097319126129150390625">
        <ele>12.19999980926513671875</ele>
        <time>2025-08-11T12:41:22.000Z</time>
        <extensions>
          <ns3:TrackPointExtension>
            <ns3:hr>164</ns3:hr>
            <ns3:cad>89</ns3:cad>
          </ns3:TrackPointExtension>
        </extensions>
      </trkpt>
      <trkpt lat="24.5153151266276836395263671875" lon="118.16080422140657901763916015625">
        <ele>12.19999980926513671875</ele>
        <time>2025-08-11T12:41:23.000Z</time>
        <extensions>
          <ns3:TrackPointExtension>
            <ns3:hr>164</ns3:hr>
            <ns3:cad>88</ns3:cad>
          </ns3:TrackPointExtension>
        </extensions>
      </trkpt>
      <trkpt lat="24.515309594571590423583984375" lon="118.16082450561225414276123046875">
        <ele>12.19999980926513671875</ele>
        <time>2025-08-11T12:41:24.000Z</time>
        <extensions>
          <ns3:TrackPointExtension>
            <ns3:hr>164</ns3:hr>
            <ns3:cad>88</ns3:cad>
          </ns3:TrackPointExtension>
        </extensions>
      </trkpt>
      <trkpt lat="24.5152960158884525299072265625" lon="118.16085116006433963775634765625">
        <ele>12.19999980926513671875</ele>
        <time>2025-08-11T12:41:25.000Z</time>
        <extensions>
          <ns3:TrackPointExtension>
            <ns3:hr>164</ns3:hr>
            <ns3:cad>88</ns3:cad>
          </ns3:TrackPointExtension>
        </extensions>
      </trkpt>
      <trkpt lat="24.5152898132801055908203125" lon="118.1608750484883785247802734375">
        <ele>12</ele>
        <time>2025-08-11T12:41:26.000Z</time>
        <extensions>
          <ns3:TrackPointExtension>
            <ns3:hr>164</ns3:hr>
            <ns3:cad>88</ns3:cad>
          </ns3:TrackPointExtension>
        </extensions>
      </trkpt>
      <trkpt lat="24.51528050936758518218994140625" lon="118.16090480424463748931884765625">
        <ele>12</ele>
        <time>2025-08-11T12:41:27.000Z</time>
        <extensions>
          <ns3:TrackPointExtension>
            <ns3:hr>164</ns3:hr>
            <ns3:cad>88</ns3:cad>
          </ns3:TrackPointExtension>
        </extensions>
      </trkpt>
      <trkpt lat="24.5152765698730945587158203125" lon="118.16092894412577152252197265625">
        <ele>12</ele>
        <time>2025-08-11T12:41:28.000Z</time>
        <extensions>
          <ns3:TrackPointExtension>
            <ns3:hr>163</ns3:hr>
            <ns3:cad>88</ns3:cad>
          </ns3:TrackPointExtension>
        </extensions>
      </trkpt>
      <trkpt lat="24.5152685232460498809814453125" lon="118.160957358777523040771484375">
        <ele>12.19999980926513671875</ele>
        <time>2025-08-11T12:41:29.000Z</time>
        <extensions>
          <ns3:TrackPointExtension>
            <ns3:hr>163</ns3:hr>
            <ns3:cad>88</ns3:cad>
          </ns3:TrackPointExtension>
        </extensions>
      </trkpt>
      <trkpt lat="24.51525921933352947235107421875" lon="118.160984516143798828125">
        <ele>12.19999980926513671875</ele>
        <time>2025-08-11T12:41:30.000Z</time>
        <extensions>
          <ns3:TrackPointExtension>
            <ns3:hr>163</ns3:hr>
            <ns3:cad>88</ns3:cad>
          </ns3:TrackPointExtension>
        </extensions>
      </trkpt>
      <trkpt lat="24.51524815522134304046630859375" lon="118.16115290857851505279541015625">
        <ele>12</ele>
        <time>2025-08-11T12:41:55.000Z</time>
        <extensions>
          <ns3:TrackPointExtension>
            <ns3:hr>160</ns3:hr>
            <ns3:cad>53</ns3:cad>
          </ns3:TrackPointExtension>
        </extensions>
      </trkpt>
      <trkpt lat="24.51523893512785434722900390625" lon="118.16116715781390666961669921875">
        <ele>12</ele>
        <time>2025-08-11T12:41:56.000Z</time>
        <extensions>
          <ns3:TrackPointExtension>
            <ns3:hr>160</ns3:hr>
            <ns3:cad>53</ns3:cad>
          </ns3:TrackPointExtension>
        </extensions>
      </trkpt>
      <trkpt lat="24.51523189432919025421142578125" lon="118.16118224523961544036865234375">
        <ele>12.19999980926513671875</ele>
        <time>2025-08-11T12:41:57.000Z</time>
        <extensions>
          <ns3:TrackPointExtension>
            <ns3:hr>160</ns3:hr>
            <ns3:cad>0</ns3:cad>
          </ns3:TrackPointExtension>
        </extensions>
      </trkpt>
      <trkpt lat="24.51522284187376499176025390625" lon="118.16120319999754428863525390625">
        <ele>12.19999980926513671875</ele>
        <time>2025-08-11T12:41:58.000Z</time>
        <extensions>
          <ns3:TrackPointExtension>
            <ns3:hr>160</ns3:hr>
            <ns3:cad>0</ns3:cad>
          </ns3:TrackPointExtension>
        </extensions>
      </trkpt>
      <trkpt lat="24.51521697454154491424560546875" lon="118.16122750751674175262451171875">
        <ele>12</ele>
        <time>2025-08-11T12:41:59.000Z</time>
        <extensions>
          <ns3:TrackPointExtension>
            <ns3:hr>159</ns3:hr>
            <ns3:cad>0</ns3:cad>
          </ns3:TrackPointExtension>
        </extensions>
      </trkpt>
      <trkpt lat="24.51521135866641998291015625" lon="118.16125650890171527862548828125">
        <ele>12</ele>
        <time>2025-08-11T12:42:00.000Z</time>
        <extensions>
          <ns3:TrackPointExtension>
            <ns3:hr>159</ns3:hr>
            <ns3:cad>83</ns3:cad>
          </ns3:TrackPointExtension>
        </extensions>
      </trkpt>
      <trkpt lat="24.5152101851999759674072265625" lon="118.16128425300121307373046875">
        <ele>11.80000019073486328125</ele>
        <time>2025-08-11T12:42:01.000Z</time>
        <extensions>
          <ns3:TrackPointExtension>
            <ns3:hr>159</ns3:hr>
            <ns3:cad>87</ns3:cad>
          </ns3:TrackPointExtension>
        </extensions>
      </trkpt>
      <trkpt lat="24.5152093470096588134765625" lon="118.16131518222391605377197265625">
        <ele>11.80000019073486328125</ele>
        <time>2025-08-11T12:42:02.000Z</time>
        <extensions>
          <ns3:TrackPointExtension>
            <ns3:hr>159</ns3:hr>
            <ns3:cad>87</ns3:cad>
          </ns3:TrackPointExtension>
        </extensions>
      </trkpt>
      <trkpt lat="24.5152135379612445831298828125" lon="118.16133865155279636383056640625">
        <ele>11.80000019073486328125</ele>
        <time>2025-08-11T12:42:03.000Z</time>
        <extensions>
          <ns3:TrackPointExtension>
            <ns3:hr>159</ns3:hr>
            <ns3:cad>87</ns3:cad>
          </ns3:TrackPointExtension>
        </extensions>
      </trkpt>
      <trkpt lat="24.5152178965508937835693359375" lon="118.16136832349002361297607421875">
        <ele>12</ele>
        <time>2025-08-11T12:42:04.000Z</time>
        <extensions>
          <ns3:TrackPointExtension>
            <ns3:hr>159</ns3:hr>
            <ns3:cad>88</ns3:cad>
          </ns3:TrackPointExtension>
        </extensions>
      </trkpt>
      <trkpt lat="24.51522166840732097625732421875" lon="118.1613933853805065155029296875">
        <ele>12</ele>
        <time>2025-08-11T12:42:05.000Z</time>
        <extensions>
          <ns3:TrackPointExtension>
            <ns3:hr>158</ns3:hr>
            <ns3:cad>89</ns3:cad>
          </ns3:TrackPointExtension>
        </extensions>
      </trkpt>
      <trkpt lat="24.5152239315211772918701171875" lon="118.16141970455646514892578125">
        <ele>12</ele>
        <time>2025-08-11T12:42:06.000Z</time>
        <extensions>
          <ns3:TrackPointExtension>
            <ns3:hr>158</ns3:hr>
            <ns3:cad>89</ns3:cad>
          </ns3:TrackPointExtension>
        </extensions>
      </trkpt>
      <trkpt lat="24.51521798036992549896240234375" lon="118.1614389829337596893310546875">
        <ele>11.80000019073486328125</ele>
        <time>2025-08-11T12:42:07.000Z</time>
        <extensions>
          <ns3:TrackPointExtension>
            <ns3:hr>158</ns3:hr>
            <ns3:cad>89</ns3:cad>
          </ns3:TrackPointExtension>
        </extensions>
      </trkpt>
      <trkpt lat="24.51521496288478374481201171875" lon="118.16146471537649631500244140625">
        <ele>12</ele>
        <time>2025-08-11T12:42:08.000Z</time>
        <extensions>
          <ns3:TrackPointExtension>
            <ns3:hr>158</ns3:hr>
            <ns3:cad>89</ns3:cad>
          </ns3:TrackPointExtension>
        </extensions>
      </trkpt>
      <trkpt lat="24.515215046703815460205078125" lon="118.1614909507334232330322265625">
        <ele>12</ele>
        <time>2025-08-11T12:42:09.000Z</time>
        <extensions>
          <ns3:TrackPointExtension>
            <ns3:hr>158</ns3:hr>
            <ns3:cad>89</ns3:cad>
          </ns3:TrackPointExtension>
        </extensions>
      </trkpt>
      <trkpt lat="24.5152152143418788909912109375" lon="118.161513246595859527587890625">
        <ele>12</ele>
        <time>2025-08-11T12:42:10.000Z</time>
        <extensions>
          <ns3:TrackPointExtension>
            <ns3:hr>158</ns3:hr>
            <ns3:cad>89</ns3:cad>
          </ns3:TrackPointExtension>
        </extensions>
      </trkpt>
      <trkpt lat="24.5152168907225131988525390625" lon="118.16154149360954761505126953125">
        <ele>12</ele>
        <time>2025-08-11T12:42:11.000Z</time>
        <extensions>
          <ns3:TrackPointExtension>
            <ns3:hr>156</ns3:hr>
            <ns3:cad>89</ns3:cad>
          </ns3:TrackPointExtension>
        </extensions>
      </trkpt>
      <trkpt lat="24.51521881856024265289306640625" lon="118.161568902432918548583984375">
        <ele>12</ele>
        <time>2025-08-11T12:42:12.000Z</time>
        <extensions>
          <ns3:TrackPointExtension>
            <ns3:hr>155</ns3:hr>
            <ns3:cad>89</ns3:cad>
          </ns3:TrackPointExtension>
        </extensions>
      </trkpt>
      <trkpt lat="24.5152209140360355377197265625" lon="118.16160117276012897491455078125">
        <ele>12</ele>
        <time>2025-08-11T12:42:13.000Z</time>
        <extensions>
          <ns3:TrackPointExtension>
            <ns3:hr>154</ns3:hr>
            <ns3:cad>89</ns3:cad>
          </ns3:TrackPointExtension>
        </extensions>
      </trkpt>
      <trkpt lat="24.51522585935890674591064453125" lon="118.161631934344768524169921875">
        <ele>12</ele>
        <time>2025-08-11T12:42:14.000Z</time>
        <extensions>
          <ns3:TrackPointExtension>
            <ns3:hr>153</ns3:hr>
            <ns3:cad>89</ns3:cad>
          </ns3:TrackPointExtension>
        </extensions>
      </trkpt>
      <trkpt lat="24.51522837392985820770263671875" lon="118.16166738979518413543701171875">
        <ele>11.80000019073486328125</ele>
        <time>2025-08-11T12:42:15.000Z</time>
        <extensions>
          <ns3:TrackPointExtension>
            <ns3:hr>152</ns3:hr>
            <ns3:cad>89</ns3:cad>
          </ns3:TrackPointExtension>
        </extensions>
      </trkpt>
      <trkpt lat="24.51523415744304656982421875" lon="118.16169840283691883087158203125">
        <ele>11.80000019073486328125</ele>
        <time>2025-08-11T12:42:16.000Z</time>
        <extensions>
          <ns3:TrackPointExtension>
            <ns3:hr>152</ns3:hr>
            <ns3:cad>89</ns3:cad>
          </ns3:TrackPointExtension>
        </extensions>
      </trkpt>
      <trkpt lat="24.51523809693753719329833984375" lon="118.16173142753541469573974609375">
        <ele>11.80000019073486328125</ele>
        <time>2025-08-11T12:42:17.000Z</time>
        <extensions>
          <ns3:TrackPointExtension>
            <ns3:hr>152</ns3:hr>
            <ns3:cad>89</ns3:cad>
          </ns3:TrackPointExtension>
        </extensions>
      </trkpt>
      <trkpt lat="24.51524228788912296295166015625" lon="118.161760680377483367919921875">
        <ele>11.80000019073486328125</ele>
        <time>2025-08-11T12:42:18.000Z</time>
        <extensions>
          <ns3:TrackPointExtension>
            <ns3:hr>153</ns3:hr>
            <ns3:cad>89</ns3:cad>
          </ns3:TrackPointExtension>
        </extensions>
      </trkpt>
      <trkpt lat="24.515247233211994171142578125" lon="118.1617900170385837554931640625">
        <ele>11.80000019073486328125</ele>
        <time>2025-08-11T12:42:19.000Z</time>
        <extensions>
          <ns3:TrackPointExtension>
            <ns3:hr>153</ns3:hr>
            <ns3:cad>89</ns3:cad>
          </ns3:TrackPointExtension>
        </extensions>
      </trkpt>
      <trkpt lat="24.5152504183351993560791015625" lon="118.16182245500385761260986328125">
        <ele>11.80000019073486328125</ele>
        <time>2025-08-11T12:42:20.000Z</time>
        <extensions>
          <ns3:TrackPointExtension>
            <ns3:hr>153</ns3:hr>
            <ns3:cad>89</ns3:cad>
          </ns3:TrackPointExtension>
        </extensions>
      </trkpt>
      <trkpt lat="24.5152557827532291412353515625" lon="118.1618493609130382537841796875">
        <ele>12</ele>
        <time>2025-08-11T12:42:21.000Z</time>
        <extensions>
          <ns3:TrackPointExtension>
            <ns3:hr>153</ns3:hr>
            <ns3:cad>89</ns3:cad>
          </ns3:TrackPointExtension>
        </extensions>
      </trkpt>
      <trkpt lat="24.51526056043803691864013671875" lon="118.1618802063167095184326171875">
        <ele>12.19999980926513671875</ele>
        <time>2025-08-11T12:42:22.000Z</time>
        <extensions>
          <ns3:TrackPointExtension>
            <ns3:hr>153</ns3:hr>
            <ns3:cad>89</ns3:cad>
          </ns3:TrackPointExtension>
        </extensions>
      </trkpt>
      <trkpt lat="24.5152588002383708953857421875" lon="118.1619073636829853057861328125">
        <ele>12.19999980926513671875</ele>
        <time>2025-08-11T12:42:23.000Z</time>
        <extensions>
          <ns3:TrackPointExtension>
            <ns3:hr>153</ns3:hr>
            <ns3:cad>90</ns3:cad>
          </ns3:TrackPointExtension>
        </extensions>
      </trkpt>
      <trkpt lat="24.5152628235518932342529296875" lon="118.16193401813507080078125">
        <ele>12.19999980926513671875</ele>
        <time>2025-08-11T12:42:24.000Z</time>
        <extensions>
          <ns3:TrackPointExtension>
            <ns3:hr>153</ns3:hr>
            <ns3:cad>90</ns3:cad>
          </ns3:TrackPointExtension>
        </extensions>
      </trkpt>
      <trkpt lat="24.5152658410370349884033203125" lon="118.16196192987263202667236328125">
        <ele>12.19999980926513671875</ele>
        <time>2025-08-11T12:42:25.000Z</time>
        <extensions>
          <ns3:TrackPointExtension>
            <ns3:hr>153</ns3:hr>
            <ns3:cad>90</ns3:cad>
          </ns3:TrackPointExtension>
        </extensions>
      </trkpt>
      <trkpt lat="24.51526994816958904266357421875" lon="118.16198456101119518280029296875">
        <ele>12</ele>
        <time>2025-08-11T12:42:26.000Z</time>
        <extensions>
          <ns3:TrackPointExtension>
            <ns3:hr>154</ns3:hr>
            <ns3:cad>90</ns3:cad>
          </ns3:TrackPointExtension>
        </extensions>
      </trkpt>
      <trkpt lat="24.51527028344571590423583984375" lon="118.16201507113873958587646484375">
        <ele>12</ele>
        <time>2025-08-11T12:42:27.000Z</time>
        <extensions>
          <ns3:TrackPointExtension>
            <ns3:hr>154</ns3:hr>
            <ns3:cad>90</ns3:cad>
          </ns3:TrackPointExtension>
        </extensions>
      </trkpt>
      <trkpt lat="24.5152764022350311279296875" lon="118.16203929483890533447265625">
        <ele>12.19999980926513671875</ele>
        <time>2025-08-11T12:42:28.000Z</time>
        <extensions>
          <ns3:TrackPointExtension>
            <ns3:hr>154</ns3:hr>
            <ns3:cad>89</ns3:cad>
          </ns3:TrackPointExtension>
        </extensions>
      </trkpt>
      <trkpt lat="24.51528000645339488983154296875" lon="118.1620694696903228759765625">
        <ele>12.19999980926513671875</ele>
        <time>2025-08-11T12:42:29.000Z</time>
        <extensions>
          <ns3:TrackPointExtension>
            <ns3:hr>154</ns3:hr>
            <ns3:cad>89</ns3:cad>
          </ns3:TrackPointExtension>
        </extensions>
      </trkpt>
      <trkpt lat="24.51528537087142467498779296875" lon="118.16209495067596435546875">
        <ele>12.19999980926513671875</ele>
        <time>2025-08-11T12:42:30.000Z</time>
        <extensions>
          <ns3:TrackPointExtension>
            <ns3:hr>154</ns3:hr>
            <ns3:cad>89</ns3:cad>
          </ns3:TrackPointExtension>
        </extensions>
      </trkpt>
      <trkpt lat="24.51528687961399555206298828125" lon="118.16212554462254047393798828125">
        <ele>12.19999980926513671875</ele>
        <time>2025-08-11T12:42:31.000Z</time>
        <extensions>
          <ns3:TrackPointExtension>
            <ns3:hr>154</ns3:hr>
            <ns3:cad>89</ns3:cad>
          </ns3:TrackPointExtension>
        </extensions>
      </trkpt>
      <trkpt lat="24.51529274694621562957763671875" lon="118.1621539592742919921875">
        <ele>12.19999980926513671875</ele>
        <time>2025-08-11T12:42:32.000Z</time>
        <extensions>
          <ns3:TrackPointExtension>
            <ns3:hr>154</ns3:hr>
            <ns3:cad>89</ns3:cad>
          </ns3:TrackPointExtension>
        </extensions>
      </trkpt>
      <trkpt lat="24.51529710553586483001708984375" lon="118.162183463573455810546875">
        <ele>12.19999980926513671875</ele>
        <time>2025-08-11T12:42:33.000Z</time>
        <extensions>
          <ns3:TrackPointExtension>
            <ns3:hr>155</ns3:hr>
            <ns3:cad>89</ns3:cad>
          </ns3:TrackPointExtension>
        </extensions>
      </trkpt>
      <trkpt lat="24.51530246995389461517333984375" lon="118.16220559179782867431640625">
        <ele>12.19999980926513671875</ele>
        <time>2025-08-11T12:42:34.000Z</time>
        <extensions>
          <ns3:TrackPointExtension>
            <ns3:hr>154</ns3:hr>
            <ns3:cad>89</ns3:cad>
          </ns3:TrackPointExtension>
        </extensions>
      </trkpt>
      <trkpt lat="24.5153080858290195465087890625" lon="118.16223333589732646942138671875">
        <ele>12.19999980926513671875</ele>
        <time>2025-08-11T12:42:35.000Z</time>
        <extensions>
          <ns3:TrackPointExtension>
            <ns3:hr>155</ns3:hr>
            <ns3:cad>89</ns3:cad>
          </ns3:TrackPointExtension>
        </extensions>
      </trkpt>
      <trkpt lat="24.51531470753252506256103515625" lon="118.16225781105458736419677734375">
        <ele>12.19999980926513671875</ele>
        <time>2025-08-11T12:42:36.000Z</time>
        <extensions>
          <ns3:TrackPointExtension>
            <ns3:hr>155</ns3:hr>
            <ns3:cad>88</ns3:cad>
          </ns3:TrackPointExtension>
        </extensions>
      </trkpt>
      <trkpt lat="24.515318311750888824462890625" lon="118.162288405001163482666015625">
        <ele>12.19999980926513671875</ele>
        <time>2025-08-11T12:42:37.000Z</time>
        <extensions>
          <ns3:TrackPointExtension>
            <ns3:hr>155</ns3:hr>
            <ns3:cad>88</ns3:cad>
          </ns3:TrackPointExtension>
        </extensions>
      </trkpt>
      <trkpt lat="24.515325687825679779052734375" lon="118.16230894066393375396728515625">
        <ele>12.19999980926513671875</ele>
        <time>2025-08-11T12:42:38.000Z</time>
        <extensions>
          <ns3:TrackPointExtension>
            <ns3:hr>155</ns3:hr>
            <ns3:cad>88</ns3:cad>
          </ns3:TrackPointExtension>
        </extensions>
      </trkpt>
      <trkpt lat="24.51533029787242412567138671875" lon="118.162339031696319580078125">
        <ele>12.19999980926513671875</ele>
        <time>2025-08-11T12:42:39.000Z</time>
        <extensions>
          <ns3:TrackPointExtension>
            <ns3:hr>155</ns3:hr>
            <ns3:cad>88</ns3:cad>
          </ns3:TrackPointExtension>
        </extensions>
      </trkpt>
      <trkpt lat="24.51533608138561248779296875" lon="118.16235822625458240509033203125">
        <ele>12.19999980926513671875</ele>
        <time>2025-08-11T12:42:40.000Z</time>
        <extensions>
          <ns3:TrackPointExtension>
            <ns3:hr>155</ns3:hr>
            <ns3:cad>89</ns3:cad>
          </ns3:TrackPointExtension>
        </extensions>
      </trkpt>
      <trkpt lat="24.515341110527515411376953125" lon="118.16238722763955593109130859375">
        <ele>12.19999980926513671875</ele>
        <time>2025-08-11T12:42:41.000Z</time>
        <extensions>
          <ns3:TrackPointExtension>
            <ns3:hr>155</ns3:hr>
            <ns3:cad>89</ns3:cad>
          </ns3:TrackPointExtension>
        </extensions>
      </trkpt>
      <trkpt lat="24.51534706167876720428466796875" lon="118.1624154746532440185546875">
        <ele>12.19999980926513671875</ele>
        <time>2025-08-11T12:42:42.000Z</time>
        <extensions>
          <ns3:TrackPointExtension>
            <ns3:hr>156</ns3:hr>
            <ns3:cad>89</ns3:cad>
          </ns3:TrackPointExtension>
        </extensions>
      </trkpt>
      <trkpt lat="24.51535510830581188201904296875" lon="118.162448666989803314208984375">
        <ele>12.19999980926513671875</ele>
        <time>2025-08-11T12:42:43.000Z</time>
        <extensions>
          <ns3:TrackPointExtension>
            <ns3:hr>156</ns3:hr>
            <ns3:cad>89</ns3:cad>
          </ns3:TrackPointExtension>
        </extensions>
      </trkpt>
      <trkpt lat="24.5153644122183322906494140625" lon="118.1624736450612545013427734375">
        <ele>12.19999980926513671875</ele>
        <time>2025-08-11T12:42:44.000Z</time>
        <extensions>
          <ns3:TrackPointExtension>
            <ns3:hr>156</ns3:hr>
            <ns3:cad>89</ns3:cad>
          </ns3:TrackPointExtension>
        </extensions>
      </trkpt>
      <trkpt lat="24.51537103392183780670166015625" lon="118.16250658594071865081787109375">
        <ele>12.19999980926513671875</ele>
        <time>2025-08-11T12:42:45.000Z</time>
        <extensions>
          <ns3:TrackPointExtension>
            <ns3:hr>156</ns3:hr>
            <ns3:cad>89</ns3:cad>
          </ns3:TrackPointExtension>
        </extensions>
      </trkpt>
      <trkpt lat="24.5153774879872798919677734375" lon="118.16252904944121837615966796875">
        <ele>12.19999980926513671875</ele>
        <time>2025-08-11T12:42:46.000Z</time>
        <extensions>
          <ns3:TrackPointExtension>
            <ns3:hr>156</ns3:hr>
            <ns3:cad>89</ns3:cad>
          </ns3:TrackPointExtension>
        </extensions>
      </trkpt>
      <trkpt lat="24.51538167893886566162109375" lon="118.16256106831133365631103515625">
        <ele>12.3999996185302734375</ele>
        <time>2025-08-11T12:42:47.000Z</time>
        <extensions>
          <ns3:TrackPointExtension>
            <ns3:hr>156</ns3:hr>
            <ns3:cad>89</ns3:cad>
          </ns3:TrackPointExtension>
        </extensions>
      </trkpt>
      <trkpt lat="24.5153925754129886627197265625" lon="118.16258101724088191986083984375">
        <ele>12.19999980926513671875</ele>
        <time>2025-08-11T12:42:48.000Z</time>
        <extensions>
          <ns3:TrackPointExtension>
            <ns3:hr>156</ns3:hr>
            <ns3:cad>89</ns3:cad>
          </ns3:TrackPointExtension>
        </extensions>
      </trkpt>
      <trkpt lat="24.51540171168744564056396484375" lon="118.16261270083487033843994140625">
        <ele>12.19999980926513671875</ele>
        <time>2025-08-11T12:42:49.000Z</time>
        <extensions>
          <ns3:TrackPointExtension>
            <ns3:hr>156</ns3:hr>
            <ns3:cad>88</ns3:cad>
          </ns3:TrackPointExtension>
        </extensions>
      </trkpt>
      <trkpt lat="24.5154069922864437103271484375" lon="118.1626308895647525787353515625">
        <ele>12.19999980926513671875</ele>
        <time>2025-08-11T12:42:50.000Z</time>
        <extensions>
          <ns3:TrackPointExtension>
            <ns3:hr>156</ns3:hr>
            <ns3:cad>88</ns3:cad>
          </ns3:TrackPointExtension>
        </extensions>
      </trkpt>
      <trkpt lat="24.51541562564671039581298828125" lon="118.16266433335840702056884765625">
        <ele>12.19999980926513671875</ele>
        <time>2025-08-11T12:42:51.000Z</time>
        <extensions>
          <ns3:TrackPointExtension>
            <ns3:hr>156</ns3:hr>
            <ns3:cad>89</ns3:cad>
          </ns3:TrackPointExtension>
        </extensions>
      </trkpt>
      <trkpt lat="24.515425264835357666015625" lon="118.162681348621845245361328125">
        <ele>12.19999980926513671875</ele>
        <time>2025-08-11T12:42:52.000Z</time>
        <extensions>
          <ns3:TrackPointExtension>
            <ns3:hr>157</ns3:hr>
            <ns3:cad>89</ns3:cad>
          </ns3:TrackPointExtension>
        </extensions>
      </trkpt>
      <trkpt lat="24.51543557457625865936279296875" lon="118.162718228995800018310546875">
        <ele>12.19999980926513671875</ele>
        <time>2025-08-11T12:42:53.000Z</time>
        <extensions>
          <ns3:TrackPointExtension>
            <ns3:hr>157</ns3:hr>
            <ns3:cad>89</ns3:cad>
          </ns3:TrackPointExtension>
        </extensions>
      </trkpt>
      <trkpt lat="24.5154442079365253448486328125" lon="118.16274077631533145904541015625">
        <ele>12.19999980926513671875</ele>
        <time>2025-08-11T12:42:54.000Z</time>
        <extensions>
          <ns3:TrackPointExtension>
            <ns3:hr>157</ns3:hr>
            <ns3:cad>88</ns3:cad>
          </ns3:TrackPointExtension>
        </extensions>
      </trkpt>
      <trkpt lat="24.5154549367725849151611328125" lon="118.16277547739446163177490234375">
        <ele>12.19999980926513671875</ele>
        <time>2025-08-11T12:42:55.000Z</time>
        <extensions>
          <ns3:TrackPointExtension>
            <ns3:hr>157</ns3:hr>
            <ns3:cad>88</ns3:cad>
          </ns3:TrackPointExtension>
        </extensions>
      </trkpt>
      <trkpt lat="24.51546373777091503143310546875" lon="118.1627961806952953338623046875">
        <ele>12.19999980926513671875</ele>
        <time>2025-08-11T12:42:56.000Z</time>
        <extensions>
          <ns3:TrackPointExtension>
            <ns3:hr>157</ns3:hr>
            <ns3:cad>88</ns3:cad>
          </ns3:TrackPointExtension>
        </extensions>
      </trkpt>
      <trkpt lat="24.51547161675989627838134765625" lon="118.162828199565410614013671875">
        <ele>12.19999980926513671875</ele>
        <time>2025-08-11T12:42:57.000Z</time>
        <extensions>
          <ns3:TrackPointExtension>
            <ns3:hr>156</ns3:hr>
            <ns3:cad>88</ns3:cad>
          </ns3:TrackPointExtension>
        </extensions>
      </trkpt>
      <trkpt lat="24.51548066921532154083251953125" lon="118.1628424488008022308349609375">
        <ele>12.19999980926513671875</ele>
        <time>2025-08-11T12:42:58.000Z</time>
        <extensions>
          <ns3:TrackPointExtension>
            <ns3:hr>157</ns3:hr>
            <ns3:cad>88</ns3:cad>
          </ns3:TrackPointExtension>
        </extensions>
      </trkpt>
      <trkpt lat="24.5154931582510471343994140625" lon="118.16286742687225341796875">
        <ele>12.3999996185302734375</ele>
        <time>2025-08-11T12:42:59.000Z</time>
        <extensions>
          <ns3:TrackPointExtension>
            <ns3:hr>157</ns3:hr>
            <ns3:cad>88</ns3:cad>
          </ns3:TrackPointExtension>
        </extensions>
      </trkpt>
      <trkpt lat="24.515497349202632904052734375" lon="118.16288142465054988861083984375">
        <ele>12.3999996185302734375</ele>
        <time>2025-08-11T12:43:00.000Z</time>
        <extensions>
          <ns3:TrackPointExtension>
            <ns3:hr>157</ns3:hr>
            <ns3:cad>88</ns3:cad>
          </ns3:TrackPointExtension>
        </extensions>
      </trkpt>
      <trkpt lat="24.515506736934185028076171875" lon="118.16290539689362049102783203125">
        <ele>12.3999996185302734375</ele>
        <time>2025-08-11T12:43:01.000Z</time>
        <extensions>
          <ns3:TrackPointExtension>
            <ns3:hr>157</ns3:hr>
            <ns3:cad>88</ns3:cad>
          </ns3:TrackPointExtension>
        </extensions>
      </trkpt>
      <trkpt lat="24.5155172981321811676025390625" lon="118.16291947849094867706298828125">
        <ele>12.3999996185302734375</ele>
        <time>2025-08-11T12:43:02.000Z</time>
        <extensions>
          <ns3:TrackPointExtension>
            <ns3:hr>157</ns3:hr>
            <ns3:cad>88</ns3:cad>
          </ns3:TrackPointExtension>
        </extensions>
      </trkpt>
      <trkpt lat="24.51552760787308216094970703125" lon="118.1629437021911144256591796875">
        <ele>12.19999980926513671875</ele>
        <time>2025-08-11T12:43:03.000Z</time>
        <extensions>
          <ns3:TrackPointExtension>
            <ns3:hr>157</ns3:hr>
            <ns3:cad>89</ns3:cad>
          </ns3:TrackPointExtension>
        </extensions>
      </trkpt>
      <trkpt lat="24.51553883962333202362060546875" lon="118.1629698537290096282958984375">
        <ele>12.19999980926513671875</ele>
        <time>2025-08-11T12:43:04.000Z</time>
        <extensions>
          <ns3:TrackPointExtension>
            <ns3:hr>158</ns3:hr>
            <ns3:cad>89</ns3:cad>
          </ns3:TrackPointExtension>
        </extensions>
      </trkpt>
      <trkpt lat="24.5155514962971210479736328125" lon="118.1629923172295093536376953125">
        <ele>12.3999996185302734375</ele>
        <time>2025-08-11T12:43:05.000Z</time>
        <extensions>
          <ns3:TrackPointExtension>
            <ns3:hr>157</ns3:hr>
            <ns3:cad>89</ns3:cad>
          </ns3:TrackPointExtension>
        </extensions>
      </trkpt>
      <trkpt lat="24.51556616462767124176025390625" lon="118.16301017068326473236083984375">
        <ele>12.3999996185302734375</ele>
        <time>2025-08-11T12:43:06.000Z</time>
        <extensions>
          <ns3:TrackPointExtension>
            <ns3:hr>158</ns3:hr>
            <ns3:cad>89</ns3:cad>
          </ns3:TrackPointExtension>
        </extensions>
      </trkpt>
      <trkpt lat="24.5155810005962848663330078125" lon="118.16304135136306285858154296875">
        <ele>12.3999996185302734375</ele>
        <time>2025-08-11T12:43:07.000Z</time>
        <extensions>
          <ns3:TrackPointExtension>
            <ns3:hr>158</ns3:hr>
            <ns3:cad>89</ns3:cad>
          </ns3:TrackPointExtension>
        </extensions>
      </trkpt>
      <trkpt lat="24.51559332199394702911376953125" lon="118.163061551749706268310546875">
        <ele>12.3999996185302734375</ele>
        <time>2025-08-11T12:43:08.000Z</time>
        <extensions>
          <ns3:TrackPointExtension>
            <ns3:hr>158</ns3:hr>
            <ns3:cad>89</ns3:cad>
          </ns3:TrackPointExtension>
        </extensions>
      </trkpt>
      <trkpt lat="24.51560237444937229156494140625" lon="118.16308292560279369354248046875">
        <ele>12.3999996185302734375</ele>
        <time>2025-08-11T12:43:09.000Z</time>
        <extensions>
          <ns3:TrackPointExtension>
            <ns3:hr>158</ns3:hr>
            <ns3:cad>88</ns3:cad>
          </ns3:TrackPointExtension>
        </extensions>
      </trkpt>
      <trkpt lat="24.515612013638019561767578125" lon="118.1631063111126422882080078125">
        <ele>12.3999996185302734375</ele>
        <time>2025-08-11T12:43:10.000Z</time>
        <extensions>
          <ns3:TrackPointExtension>
            <ns3:hr>157</ns3:hr>
            <ns3:cad>88</ns3:cad>
          </ns3:TrackPointExtension>
        </extensions>
      </trkpt>
      <trkpt lat="24.51562416739761829376220703125" lon="118.163133971393108367919921875">
        <ele>12.3999996185302734375</ele>
        <time>2025-08-11T12:43:11.000Z</time>
        <extensions>
          <ns3:TrackPointExtension>
            <ns3:hr>157</ns3:hr>
            <ns3:cad>88</ns3:cad>
          </ns3:TrackPointExtension>
        </extensions>
      </trkpt>
      <trkpt lat="24.51563439331948757171630859375" lon="118.16315853036940097808837890625">
        <ele>12.3999996185302734375</ele>
        <time>2025-08-11T12:43:12.000Z</time>
        <extensions>
          <ns3:TrackPointExtension>
            <ns3:hr>157</ns3:hr>
            <ns3:cad>89</ns3:cad>
          </ns3:TrackPointExtension>
        </extensions>
      </trkpt>
      <trkpt lat="24.51564629562199115753173828125" lon="118.16318702884018421173095703125">
        <ele>12.3999996185302734375</ele>
        <time>2025-08-11T12:43:13.000Z</time>
        <extensions>
          <ns3:TrackPointExtension>
            <ns3:hr>158</ns3:hr>
            <ns3:cad>89</ns3:cad>
          </ns3:TrackPointExtension>
        </extensions>
      </trkpt>
      <trkpt lat="24.51565526425838470458984375" lon="118.1632072292268276214599609375">
        <ele>12.19999980926513671875</ele>
        <time>2025-08-11T12:43:14.000Z</time>
        <extensions>
          <ns3:TrackPointExtension>
            <ns3:hr>158</ns3:hr>
            <ns3:cad>89</ns3:cad>
          </ns3:TrackPointExtension>
        </extensions>
      </trkpt>
      <trkpt lat="24.51566842384636402130126953125" lon="118.1632340513169765472412109375">
        <ele>12.19999980926513671875</ele>
        <time>2025-08-11T12:43:15.000Z</time>
        <extensions>
          <ns3:TrackPointExtension>
            <ns3:hr>158</ns3:hr>
            <ns3:cad>89</ns3:cad>
          </ns3:TrackPointExtension>
        </extensions>
      </trkpt>
      <trkpt lat="24.5156789012253284454345703125" lon="118.16325056366622447967529296875">
        <ele>12.19999980926513671875</ele>
        <time>2025-08-11T12:43:16.000Z</time>
        <extensions>
          <ns3:TrackPointExtension>
            <ns3:hr>159</ns3:hr>
            <ns3:cad>89</ns3:cad>
          </ns3:TrackPointExtension>
        </extensions>
      </trkpt>
      <trkpt lat="24.51569189317524433135986328125" lon="118.16327654756605625152587890625">
        <ele>12.19999980926513671875</ele>
        <time>2025-08-11T12:43:17.000Z</time>
        <extensions>
          <ns3:TrackPointExtension>
            <ns3:hr>159</ns3:hr>
            <ns3:cad>89</ns3:cad>
          </ns3:TrackPointExtension>
        </extensions>
      </trkpt>
      <trkpt lat="24.51570714823901653289794921875" lon="118.1632979214191436767578125">
        <ele>12.19999980926513671875</ele>
        <time>2025-08-11T12:43:18.000Z</time>
        <extensions>
          <ns3:TrackPointExtension>
            <ns3:hr>160</ns3:hr>
            <ns3:cad>89</ns3:cad>
          </ns3:TrackPointExtension>
        </extensions>
      </trkpt>
      <trkpt lat="24.5157211460173130035400390625" lon="118.1633235700428485870361328125">
        <ele>12.19999980926513671875</ele>
        <time>2025-08-11T12:43:19.000Z</time>
        <extensions>
          <ns3:TrackPointExtension>
            <ns3:hr>160</ns3:hr>
            <ns3:cad>88</ns3:cad>
          </ns3:TrackPointExtension>
        </extensions>
      </trkpt>
      <trkpt lat="24.51573304831981658935546875" lon="118.16334796138107776641845703125">
        <ele>12.19999980926513671875</ele>
        <time>2025-08-11T12:43:20.000Z</time>
        <extensions>
          <ns3:TrackPointExtension>
            <ns3:hr>160</ns3:hr>
            <ns3:cad>88</ns3:cad>
          </ns3:TrackPointExtension>
        </extensions>
      </trkpt>
      <trkpt lat="24.51574654318392276763916015625" lon="118.16337545402348041534423828125">
        <ele>12.19999980926513671875</ele>
        <time>2025-08-11T12:43:21.000Z</time>
        <extensions>
          <ns3:TrackPointExtension>
            <ns3:hr>161</ns3:hr>
            <ns3:cad>88</ns3:cad>
          </ns3:TrackPointExtension>
        </extensions>
      </trkpt>
      <trkpt lat="24.51576096005737781524658203125" lon="118.16339573822915554046630859375">
        <ele>12.19999980926513671875</ele>
        <time>2025-08-11T12:43:22.000Z</time>
        <extensions>
          <ns3:TrackPointExtension>
            <ns3:hr>160</ns3:hr>
            <ns3:cad>89</ns3:cad>
          </ns3:TrackPointExtension>
        </extensions>
      </trkpt>
      <trkpt lat="24.51577319763600826263427734375" lon="118.16341954283416271209716796875">
        <ele>12.19999980926513671875</ele>
        <time>2025-08-11T12:43:23.000Z</time>
        <extensions>
          <ns3:TrackPointExtension>
            <ns3:hr>160</ns3:hr>
            <ns3:cad>89</ns3:cad>
          </ns3:TrackPointExtension>
        </extensions>
      </trkpt>
      <trkpt lat="24.515785016119480133056640625" lon="118.163447119295597076416015625">
        <ele>12.19999980926513671875</ele>
        <time>2025-08-11T12:43:24.000Z</time>
        <extensions>
          <ns3:TrackPointExtension>
            <ns3:hr>160</ns3:hr>
            <ns3:cad>88</ns3:cad>
          </ns3:TrackPointExtension>
        </extensions>
      </trkpt>
      <trkpt lat="24.5157928951084613800048828125" lon="118.1634690798819065093994140625">
        <ele>12.19999980926513671875</ele>
        <time>2025-08-11T12:43:25.000Z</time>
        <extensions>
          <ns3:TrackPointExtension>
            <ns3:hr>160</ns3:hr>
            <ns3:cad>88</ns3:cad>
          </ns3:TrackPointExtension>
        </extensions>
      </trkpt>
      <trkpt lat="24.51580555178225040435791015625" lon="118.16348961554467678070068359375">
        <ele>12.19999980926513671875</ele>
        <time>2025-08-11T12:43:26.000Z</time>
        <extensions>
          <ns3:TrackPointExtension>
            <ns3:hr>161</ns3:hr>
            <ns3:cad>88</ns3:cad>
          </ns3:TrackPointExtension>
        </extensions>
      </trkpt>
      <trkpt lat="24.5158163644373416900634765625" lon="118.163508810102939605712890625">
        <ele>12.19999980926513671875</ele>
        <time>2025-08-11T12:43:27.000Z</time>
        <extensions>
          <ns3:TrackPointExtension>
            <ns3:hr>160</ns3:hr>
            <ns3:cad>88</ns3:cad>
          </ns3:TrackPointExtension>
        </extensions>
      </trkpt>
      <trkpt lat="24.51583002693951129913330078125" lon="118.16353387199342250823974609375">
        <ele>12.19999980926513671875</ele>
        <time>2025-08-11T12:43:28.000Z</time>
        <extensions>
          <ns3:TrackPointExtension>
            <ns3:hr>160</ns3:hr>
            <ns3:cad>88</ns3:cad>
          </ns3:TrackPointExtension>
        </extensions>
      </trkpt>
      <trkpt lat="24.51584125868976116180419921875" lon="118.16355432383716106414794921875">
        <ele>12.19999980926513671875</ele>
        <time>2025-08-11T12:43:29.000Z</time>
        <extensions>
          <ns3:TrackPointExtension>
            <ns3:hr>160</ns3:hr>
            <ns3:cad>88</ns3:cad>
          </ns3:TrackPointExtension>
        </extensions>
      </trkpt>
      <trkpt lat="24.51585114933550357818603515625" lon="118.1635770387947559356689453125">
        <ele>12.19999980926513671875</ele>
        <time>2025-08-11T12:43:30.000Z</time>
        <extensions>
          <ns3:TrackPointExtension>
            <ns3:hr>160</ns3:hr>
            <ns3:cad>88</ns3:cad>
          </ns3:TrackPointExtension>
        </extensions>
      </trkpt>
      <trkpt lat="24.515866152942180633544921875" lon="118.16359589807689189910888671875">
        <ele>12.19999980926513671875</ele>
        <time>2025-08-11T12:43:31.000Z</time>
        <extensions>
          <ns3:TrackPointExtension>
            <ns3:hr>160</ns3:hr>
            <ns3:cad>88</ns3:cad>
          </ns3:TrackPointExtension>
        </extensions>
      </trkpt>
      <trkpt lat="24.51587897725403308868408203125" lon="118.163623474538326263427734375">
        <ele>12.19999980926513671875</ele>
        <time>2025-08-11T12:43:32.000Z</time>
        <extensions>
          <ns3:TrackPointExtension>
            <ns3:hr>160</ns3:hr>
            <ns3:cad>88</ns3:cad>
          </ns3:TrackPointExtension>
        </extensions>
      </trkpt>
      <trkpt lat="24.51589222066104412078857421875" lon="118.16364535130560398101806640625">
        <ele>12.19999980926513671875</ele>
        <time>2025-08-11T12:43:33.000Z</time>
        <extensions>
          <ns3:TrackPointExtension>
            <ns3:hr>160</ns3:hr>
            <ns3:cad>88</ns3:cad>
          </ns3:TrackPointExtension>
        </extensions>
      </trkpt>
      <trkpt lat="24.51590211130678653717041015625" lon="118.1636732630431652069091796875">
        <ele>12.19999980926513671875</ele>
        <time>2025-08-11T12:43:34.000Z</time>
        <extensions>
          <ns3:TrackPointExtension>
            <ns3:hr>160</ns3:hr>
            <ns3:cad>88</ns3:cad>
          </ns3:TrackPointExtension>
        </extensions>
      </trkpt>
      <trkpt lat="24.5159122534096240997314453125" lon="118.1636957265436649322509765625">
        <ele>12</ele>
        <time>2025-08-11T12:43:35.000Z</time>
        <extensions>
          <ns3:TrackPointExtension>
            <ns3:hr>160</ns3:hr>
            <ns3:cad>88</ns3:cad>
          </ns3:TrackPointExtension>
        </extensions>
      </trkpt>
      <trkpt lat="24.51592323370277881622314453125" lon="118.16372078843414783477783203125">
        <ele>12.19999980926513671875</ele>
        <time>2025-08-11T12:43:36.000Z</time>
        <extensions>
          <ns3:TrackPointExtension>
            <ns3:hr>160</ns3:hr>
            <ns3:cad>88</ns3:cad>
          </ns3:TrackPointExtension>
        </extensions>
      </trkpt>
      <trkpt lat="24.5159327052533626556396484375" lon="118.16374157555401325225830078125">
        <ele>12.19999980926513671875</ele>
        <time>2025-08-11T12:43:37.000Z</time>
        <extensions>
          <ns3:TrackPointExtension>
            <ns3:hr>160</ns3:hr>
            <ns3:cad>88</ns3:cad>
          </ns3:TrackPointExtension>
        </extensions>
      </trkpt>
      <trkpt lat="24.51594418846070766448974609375" lon="118.16376403905451297760009765625">
        <ele>12.19999980926513671875</ele>
        <time>2025-08-11T12:43:38.000Z</time>
        <extensions>
          <ns3:TrackPointExtension>
            <ns3:hr>161</ns3:hr>
            <ns3:cad>88</ns3:cad>
          </ns3:TrackPointExtension>
        </extensions>
      </trkpt>
      <trkpt lat="24.515955336391925811767578125" lon="118.163789771497249603271484375">
        <ele>12</ele>
        <time>2025-08-11T12:43:39.000Z</time>
        <extensions>
          <ns3:TrackPointExtension>
            <ns3:hr>161</ns3:hr>
            <ns3:cad>88</ns3:cad>
          </ns3:TrackPointExtension>
        </extensions>
      </trkpt>
      <trkpt lat="24.5159652270376682281494140625" lon="118.163817264139652252197265625">
        <ele>12.19999980926513671875</ele>
        <time>2025-08-11T12:43:40.000Z</time>
        <extensions>
          <ns3:TrackPointExtension>
            <ns3:hr>161</ns3:hr>
            <ns3:cad>88</ns3:cad>
          </ns3:TrackPointExtension>
        </extensions>
      </trkpt>
      <trkpt lat="24.5159783028066158294677734375" lon="118.16384517587721347808837890625">
        <ele>12.19999980926513671875</ele>
        <time>2025-08-11T12:43:41.000Z</time>
        <extensions>
          <ns3:TrackPointExtension>
            <ns3:hr>160</ns3:hr>
            <ns3:cad>88</ns3:cad>
          </ns3:TrackPointExtension>
        </extensions>
      </trkpt>
      <trkpt lat="24.51599263586103916168212890625" lon="118.1638657115399837493896484375">
        <ele>12.19999980926513671875</ele>
        <time>2025-08-11T12:43:42.000Z</time>
        <extensions>
          <ns3:TrackPointExtension>
            <ns3:hr>160</ns3:hr>
            <ns3:cad>88</ns3:cad>
          </ns3:TrackPointExtension>
        </extensions>
      </trkpt>
      <trkpt lat="24.51600939966738224029541015625" lon="118.163902424275875091552734375">
        <ele>12.19999980926513671875</ele>
        <time>2025-08-11T12:43:43.000Z</time>
        <extensions>
          <ns3:TrackPointExtension>
            <ns3:hr>160</ns3:hr>
            <ns3:cad>88</ns3:cad>
          </ns3:TrackPointExtension>
        </extensions>
      </trkpt>
      <trkpt lat="24.51602398417890071868896484375" lon="118.16392756998538970947265625">
        <ele>12.19999980926513671875</ele>
        <time>2025-08-11T12:43:44.000Z</time>
        <extensions>
          <ns3:TrackPointExtension>
            <ns3:hr>161</ns3:hr>
            <ns3:cad>88</ns3:cad>
          </ns3:TrackPointExtension>
        </extensions>
      </trkpt>
      <trkpt lat="24.51603722758591175079345703125" lon="118.16395162604749202728271484375">
        <ele>12.19999980926513671875</ele>
        <time>2025-08-11T12:43:45.000Z</time>
        <extensions>
          <ns3:TrackPointExtension>
            <ns3:hr>160</ns3:hr>
            <ns3:cad>88</ns3:cad>
          </ns3:TrackPointExtension>
        </extensions>
      </trkpt>
      <trkpt lat="24.51604896225035190582275390625" lon="118.16397291608154773712158203125">
        <ele>12.19999980926513671875</ele>
        <time>2025-08-11T12:43:46.000Z</time>
        <extensions>
          <ns3:TrackPointExtension>
            <ns3:hr>160</ns3:hr>
            <ns3:cad>88</ns3:cad>
          </ns3:TrackPointExtension>
        </extensions>
      </trkpt>
      <trkpt lat="24.51606019400060176849365234375" lon="118.1639991514384746551513671875">
        <ele>12.19999980926513671875</ele>
        <time>2025-08-11T12:43:47.000Z</time>
        <extensions>
          <ns3:TrackPointExtension>
            <ns3:hr>160</ns3:hr>
            <ns3:cad>88</ns3:cad>
          </ns3:TrackPointExtension>
        </extensions>
      </trkpt>
      <trkpt lat="24.5160755328834056854248046875" lon="118.16401767544448375701904296875">
        <ele>12</ele>
        <time>2025-08-11T12:43:48.000Z</time>
        <extensions>
          <ns3:TrackPointExtension>
            <ns3:hr>160</ns3:hr>
            <ns3:cad>88</ns3:cad>
          </ns3:TrackPointExtension>
        </extensions>
      </trkpt>
      <trkpt lat="24.516090117394924163818359375" lon="118.16403779201209545135498046875">
        <ele>12</ele>
        <time>2025-08-11T12:43:49.000Z</time>
        <extensions>
          <ns3:TrackPointExtension>
            <ns3:hr>160</ns3:hr>
            <ns3:cad>88</ns3:cad>
          </ns3:TrackPointExtension>
        </extensions>
      </trkpt>
      <trkpt lat="24.51610193587839603424072265625" lon="118.16405765712261199951171875">
        <ele>12</ele>
        <time>2025-08-11T12:43:50.000Z</time>
        <extensions>
          <ns3:TrackPointExtension>
            <ns3:hr>160</ns3:hr>
            <ns3:cad>88</ns3:cad>
          </ns3:TrackPointExtension>
        </extensions>
      </trkpt>
      <trkpt lat="24.51611551456153392791748046875" lon="118.1640859879553318023681640625">
        <ele>12</ele>
        <time>2025-08-11T12:43:51.000Z</time>
        <extensions>
          <ns3:TrackPointExtension>
            <ns3:hr>160</ns3:hr>
            <ns3:cad>89</ns3:cad>
          </ns3:TrackPointExtension>
        </extensions>
      </trkpt>
      <trkpt lat="24.5161285065114498138427734375" lon="118.16410467959940433502197265625">
        <ele>12</ele>
        <time>2025-08-11T12:43:52.000Z</time>
        <extensions>
          <ns3:TrackPointExtension>
            <ns3:hr>160</ns3:hr>
            <ns3:cad>89</ns3:cad>
          </ns3:TrackPointExtension>
        </extensions>
      </trkpt>
      <trkpt lat="24.51614468358457088470458984375" lon="118.16413141787052154541015625">
        <ele>12</ele>
        <time>2025-08-11T12:43:53.000Z</time>
        <extensions>
          <ns3:TrackPointExtension>
            <ns3:hr>160</ns3:hr>
            <ns3:cad>89</ns3:cad>
          </ns3:TrackPointExtension>
        </extensions>
      </trkpt>
      <trkpt lat="24.51615859754383563995361328125" lon="118.1641496904194355010986328125">
        <ele>12</ele>
        <time>2025-08-11T12:43:54.000Z</time>
        <extensions>
          <ns3:TrackPointExtension>
            <ns3:hr>160</ns3:hr>
            <ns3:cad>88</ns3:cad>
          </ns3:TrackPointExtension>
        </extensions>
      </trkpt>
      <trkpt lat="24.5161722600460052490234375" lon="118.16417274065315723419189453125">
        <ele>12</ele>
        <time>2025-08-11T12:43:55.000Z</time>
        <extensions>
          <ns3:TrackPointExtension>
            <ns3:hr>160</ns3:hr>
            <ns3:cad>88</ns3:cad>
          </ns3:TrackPointExtension>
        </extensions>
      </trkpt>
      <trkpt lat="24.5161875151097774505615234375" lon="118.16419118084013462066650390625">
        <ele>12</ele>
        <time>2025-08-11T12:43:56.000Z</time>
        <extensions>
          <ns3:TrackPointExtension>
            <ns3:hr>159</ns3:hr>
            <ns3:cad>88</ns3:cad>
          </ns3:TrackPointExtension>
        </extensions>
      </trkpt>
      <trkpt lat="24.51620553620159626007080078125" lon="118.1642281450331211090087890625">
        <ele>12</ele>
        <time>2025-08-11T12:43:57.000Z</time>
        <extensions>
          <ns3:TrackPointExtension>
            <ns3:hr>160</ns3:hr>
            <ns3:cad>88</ns3:cad>
          </ns3:TrackPointExtension>
        </extensions>
      </trkpt>
      <trkpt lat="24.516218192875385284423828125" lon="118.16424407064914703369140625">
        <ele>12</ele>
        <time>2025-08-11T12:43:58.000Z</time>
        <extensions>
          <ns3:TrackPointExtension>
            <ns3:hr>160</ns3:hr>
            <ns3:cad>88</ns3:cad>
          </ns3:TrackPointExtension>
        </extensions>
      </trkpt>
      <trkpt lat="24.51623436994850635528564453125" lon="118.16427625715732574462890625">
        <ele>12</ele>
        <time>2025-08-11T12:43:59.000Z</time>
        <extensions>
          <ns3:TrackPointExtension>
            <ns3:hr>160</ns3:hr>
            <ns3:cad>88</ns3:cad>
          </ns3:TrackPointExtension>
        </extensions>
      </trkpt>
      <trkpt lat="24.516247697174549102783203125" lon="118.16429100930690765380859375">
        <ele>12</ele>
        <time>2025-08-11T12:44:00.000Z</time>
        <extensions>
          <ns3:TrackPointExtension>
            <ns3:hr>160</ns3:hr>
            <ns3:cad>88</ns3:cad>
          </ns3:TrackPointExtension>
        </extensions>
      </trkpt>
      <trkpt lat="24.516263119876384735107421875" lon="118.16431405954062938690185546875">
        <ele>12</ele>
        <time>2025-08-11T12:44:01.000Z</time>
        <extensions>
          <ns3:TrackPointExtension>
            <ns3:hr>160</ns3:hr>
            <ns3:cad>88</ns3:cad>
          </ns3:TrackPointExtension>
        </extensions>
      </trkpt>
      <trkpt lat="24.51627275906503200531005859375" lon="118.16432931460440158843994140625">
        <ele>12</ele>
        <time>2025-08-11T12:44:02.000Z</time>
        <extensions>
          <ns3:TrackPointExtension>
            <ns3:hr>160</ns3:hr>
            <ns3:cad>88</ns3:cad>
          </ns3:TrackPointExtension>
        </extensions>
      </trkpt>
      <trkpt lat="24.5162847451865673065185546875" lon="118.16434741951525211334228515625">
        <ele>12</ele>
        <time>2025-08-11T12:44:03.000Z</time>
        <extensions>
          <ns3:TrackPointExtension>
            <ns3:hr>161</ns3:hr>
            <ns3:cad>88</ns3:cad>
          </ns3:TrackPointExtension>
        </extensions>
      </trkpt>
      <trkpt lat="24.5162954740226268768310546875" lon="118.16436611115932464599609375">
        <ele>12</ele>
        <time>2025-08-11T12:44:04.000Z</time>
        <extensions>
          <ns3:TrackPointExtension>
            <ns3:hr>161</ns3:hr>
            <ns3:cad>88</ns3:cad>
          </ns3:TrackPointExtension>
        </extensions>
      </trkpt>
      <trkpt lat="24.51631215400993824005126953125" lon="118.164389915764331817626953125">
        <ele>12</ele>
        <time>2025-08-11T12:44:05.000Z</time>
        <extensions>
          <ns3:TrackPointExtension>
            <ns3:hr>161</ns3:hr>
            <ns3:cad>89</ns3:cad>
          </ns3:TrackPointExtension>
        </extensions>
      </trkpt>
      <trkpt lat="24.5163273252546787261962890625" lon="118.1644135527312755584716796875">
        <ele>12.19999980926513671875</ele>
        <time>2025-08-11T12:44:06.000Z</time>
        <extensions>
          <ns3:TrackPointExtension>
            <ns3:hr>160</ns3:hr>
            <ns3:cad>89</ns3:cad>
          </ns3:TrackPointExtension>
        </extensions>
      </trkpt>
      <trkpt lat="24.516344256699085235595703125" lon="118.16443509422242641448974609375">
        <ele>12.19999980926513671875</ele>
        <time>2025-08-11T12:44:07.000Z</time>
        <extensions>
          <ns3:TrackPointExtension>
            <ns3:hr>161</ns3:hr>
            <ns3:cad>88</ns3:cad>
          </ns3:TrackPointExtension>
        </extensions>
      </trkpt>
      <trkpt lat="24.51635741628706455230712890625" lon="118.16445722244679927825927734375">
        <ele>12</ele>
        <time>2025-08-11T12:44:08.000Z</time>
        <extensions>
          <ns3:TrackPointExtension>
            <ns3:hr>161</ns3:hr>
            <ns3:cad>88</ns3:cad>
          </ns3:TrackPointExtension>
        </extensions>
      </trkpt>
      <trkpt lat="24.5163725875318050384521484375" lon="118.1644775904715061187744140625">
        <ele>12</ele>
        <time>2025-08-11T12:44:09.000Z</time>
        <extensions>
          <ns3:TrackPointExtension>
            <ns3:hr>161</ns3:hr>
            <ns3:cad>88</ns3:cad>
          </ns3:TrackPointExtension>
        </extensions>
      </trkpt>
      <trkpt lat="24.51638742350041866302490234375" lon="118.16450399346649646759033203125">
        <ele>12</ele>
        <time>2025-08-11T12:44:10.000Z</time>
        <extensions>
          <ns3:TrackPointExtension>
            <ns3:hr>161</ns3:hr>
            <ns3:cad>88</ns3:cad>
          </ns3:TrackPointExtension>
        </extensions>
      </trkpt>
      <trkpt lat="24.51640334911644458770751953125" lon="118.16452159546315670013427734375">
        <ele>12</ele>
        <time>2025-08-11T12:44:11.000Z</time>
        <extensions>
          <ns3:TrackPointExtension>
            <ns3:hr>161</ns3:hr>
            <ns3:cad>88</ns3:cad>
          </ns3:TrackPointExtension>
        </extensions>
      </trkpt>
      <trkpt lat="24.5164203643798828125" lon="118.16454984247684478759765625">
        <ele>12</ele>
        <time>2025-08-11T12:44:12.000Z</time>
        <extensions>
          <ns3:TrackPointExtension>
            <ns3:hr>161</ns3:hr>
            <ns3:cad>88</ns3:cad>
          </ns3:TrackPointExtension>
        </extensions>
      </trkpt>
      <trkpt lat="24.51643603853881359100341796875" lon="118.16456970758736133575439453125">
        <ele>12</ele>
        <time>2025-08-11T12:44:13.000Z</time>
        <extensions>
          <ns3:TrackPointExtension>
            <ns3:hr>161</ns3:hr>
            <ns3:cad>88</ns3:cad>
          </ns3:TrackPointExtension>
        </extensions>
      </trkpt>
      <trkpt lat="24.51645380817353725433349609375" lon="118.1645934283733367919921875">
        <ele>11.80000019073486328125</ele>
        <time>2025-08-11T12:44:14.000Z</time>
        <extensions>
          <ns3:TrackPointExtension>
            <ns3:hr>161</ns3:hr>
            <ns3:cad>88</ns3:cad>
          </ns3:TrackPointExtension>
        </extensions>
      </trkpt>
      <trkpt lat="24.51647124253213405609130859375" lon="118.16461144946515560150146484375">
        <ele>11.80000019073486328125</ele>
        <time>2025-08-11T12:44:15.000Z</time>
        <extensions>
          <ns3:TrackPointExtension>
            <ns3:hr>161</ns3:hr>
            <ns3:cad>88</ns3:cad>
          </ns3:TrackPointExtension>
        </extensions>
      </trkpt>
      <trkpt lat="24.516490437090396881103515625" lon="118.16463307477533817291259765625">
        <ele>11.80000019073486328125</ele>
        <time>2025-08-11T12:44:16.000Z</time>
        <extensions>
          <ns3:TrackPointExtension>
            <ns3:hr>161</ns3:hr>
            <ns3:cad>88</ns3:cad>
          </ns3:TrackPointExtension>
        </extensions>
      </trkpt>
      <trkpt lat="24.5165050216019153594970703125" lon="118.16464816220104694366455078125">
        <ele>11.80000019073486328125</ele>
        <time>2025-08-11T12:44:17.000Z</time>
        <extensions>
          <ns3:TrackPointExtension>
            <ns3:hr>161</ns3:hr>
            <ns3:cad>88</ns3:cad>
          </ns3:TrackPointExtension>
        </extensions>
      </trkpt>
      <trkpt lat="24.51652170158922672271728515625" lon="118.16466995514929294586181640625">
        <ele>11.80000019073486328125</ele>
        <time>2025-08-11T12:44:18.000Z</time>
        <extensions>
          <ns3:TrackPointExtension>
            <ns3:hr>162</ns3:hr>
            <ns3:cad>88</ns3:cad>
          </ns3:TrackPointExtension>
        </extensions>
      </trkpt>
      <trkpt lat="24.5165378786623477935791015625" lon="118.16468839533627033233642578125">
        <ele>11.80000019073486328125</ele>
        <time>2025-08-11T12:44:19.000Z</time>
        <extensions>
          <ns3:TrackPointExtension>
            <ns3:hr>161</ns3:hr>
            <ns3:cad>88</ns3:cad>
          </ns3:TrackPointExtension>
        </extensions>
      </trkpt>
      <trkpt lat="24.5165539719164371490478515625" lon="118.16470683552324771881103515625">
        <ele>11.80000019073486328125</ele>
        <time>2025-08-11T12:44:20.000Z</time>
        <extensions>
          <ns3:TrackPointExtension>
            <ns3:hr>161</ns3:hr>
            <ns3:cad>88</ns3:cad>
          </ns3:TrackPointExtension>
        </extensions>
      </trkpt>
      <trkpt lat="24.5165673829615116119384765625" lon="118.16473382525146007537841796875">
        <ele>11.80000019073486328125</ele>
        <time>2025-08-11T12:44:21.000Z</time>
        <extensions>
          <ns3:TrackPointExtension>
            <ns3:hr>162</ns3:hr>
            <ns3:cad>88</ns3:cad>
          </ns3:TrackPointExtension>
        </extensions>
      </trkpt>
      <trkpt lat="24.51658389531075954437255859375" lon="118.1647528521716594696044921875">
        <ele>11.80000019073486328125</ele>
        <time>2025-08-11T12:44:22.000Z</time>
        <extensions>
          <ns3:TrackPointExtension>
            <ns3:hr>162</ns3:hr>
            <ns3:cad>88</ns3:cad>
          </ns3:TrackPointExtension>
        </extensions>
      </trkpt>
      <trkpt lat="24.5166106335818767547607421875" lon="118.16477322019636631011962890625">
        <ele>11.80000019073486328125</ele>
        <time>2025-08-11T12:44:23.000Z</time>
        <extensions>
          <ns3:TrackPointExtension>
            <ns3:hr>162</ns3:hr>
            <ns3:cad>87</ns3:cad>
          </ns3:TrackPointExtension>
        </extensions>
      </trkpt>
      <trkpt lat="24.5166287384927272796630859375" lon="118.16479249857366085052490234375">
        <ele>11.6000003814697265625</ele>
        <time>2025-08-11T12:44:24.000Z</time>
        <extensions>
          <ns3:TrackPointExtension>
            <ns3:hr>161</ns3:hr>
            <ns3:cad>87</ns3:cad>
          </ns3:TrackPointExtension>
        </extensions>
      </trkpt>
      <trkpt lat="24.51664474792778491973876953125" lon="118.16480867564678192138671875">
        <ele>11.6000003814697265625</ele>
        <time>2025-08-11T12:44:25.000Z</time>
        <extensions>
          <ns3:TrackPointExtension>
            <ns3:hr>162</ns3:hr>
            <ns3:cad>87</ns3:cad>
          </ns3:TrackPointExtension>
        </extensions>
      </trkpt>
      <trkpt lat="24.51665706932544708251953125" lon="118.16482468508183956146240234375">
        <ele>11.6000003814697265625</ele>
        <time>2025-08-11T12:44:26.000Z</time>
        <extensions>
          <ns3:TrackPointExtension>
            <ns3:hr>162</ns3:hr>
            <ns3:cad>88</ns3:cad>
          </ns3:TrackPointExtension>
        </extensions>
      </trkpt>
      <trkpt lat="24.51667659915983676910400390625" lon="118.1648504175245761871337890625">
        <ele>11.6000003814697265625</ele>
        <time>2025-08-11T12:44:27.000Z</time>
        <extensions>
          <ns3:TrackPointExtension>
            <ns3:hr>161</ns3:hr>
            <ns3:cad>88</ns3:cad>
          </ns3:TrackPointExtension>
        </extensions>
      </trkpt>
      <trkpt lat="24.5166937820613384246826171875" lon="118.16487212665379047393798828125">
        <ele>11.6000003814697265625</ele>
        <time>2025-08-11T12:44:28.000Z</time>
        <extensions>
          <ns3:TrackPointExtension>
            <ns3:hr>162</ns3:hr>
            <ns3:cad>88</ns3:cad>
          </ns3:TrackPointExtension>
        </extensions>
      </trkpt>
      <trkpt lat="24.516706354916095733642578125" lon="118.16489676944911479949951171875">
        <ele>11.80000019073486328125</ele>
        <time>2025-08-11T12:44:29.000Z</time>
        <extensions>
          <ns3:TrackPointExtension>
            <ns3:hr>162</ns3:hr>
            <ns3:cad>88</ns3:cad>
          </ns3:TrackPointExtension>
        </extensions>
      </trkpt>
      <trkpt lat="24.51671984978020191192626953125" lon="118.16491940058767795562744140625">
        <ele>11.6000003814697265625</ele>
        <time>2025-08-11T12:44:30.000Z</time>
        <extensions>
          <ns3:TrackPointExtension>
            <ns3:hr>162</ns3:hr>
            <ns3:cad>89</ns3:cad>
          </ns3:TrackPointExtension>
        </extensions>
      </trkpt>
      <trkpt lat="24.51673024334013462066650390625" lon="118.16493951715528964996337890625">
        <ele>11.80000019073486328125</ele>
        <time>2025-08-11T12:44:31.000Z</time>
        <extensions>
          <ns3:TrackPointExtension>
            <ns3:hr>161</ns3:hr>
            <ns3:cad>90</ns3:cad>
          </ns3:TrackPointExtension>
        </extensions>
      </trkpt>
      <trkpt lat="24.51674348674714565277099609375" lon="118.164962567389011383056640625">
        <ele>11.80000019073486328125</ele>
        <time>2025-08-11T12:44:32.000Z</time>
        <extensions>
          <ns3:TrackPointExtension>
            <ns3:hr>162</ns3:hr>
            <ns3:cad>90</ns3:cad>
          </ns3:TrackPointExtension>
        </extensions>
      </trkpt>
      <trkpt lat="24.51675756834447383880615234375" lon="118.16498494707047939300537109375">
        <ele>11.6000003814697265625</ele>
        <time>2025-08-11T12:44:33.000Z</time>
        <extensions>
          <ns3:TrackPointExtension>
            <ns3:hr>162</ns3:hr>
            <ns3:cad>90</ns3:cad>
          </ns3:TrackPointExtension>
        </extensions>
      </trkpt>
      <trkpt lat="24.516772739589214324951171875" lon="118.1650073267519474029541015625">
        <ele>11.6000003814697265625</ele>
        <time>2025-08-11T12:44:34.000Z</time>
        <extensions>
          <ns3:TrackPointExtension>
            <ns3:hr>162</ns3:hr>
            <ns3:cad>90</ns3:cad>
          </ns3:TrackPointExtension>
        </extensions>
      </trkpt>
      <trkpt lat="24.51679025776684284210205078125" lon="118.16503800451755523681640625">
        <ele>11.80000019073486328125</ele>
        <time>2025-08-11T12:44:35.000Z</time>
        <extensions>
          <ns3:TrackPointExtension>
            <ns3:hr>162</ns3:hr>
            <ns3:cad>90</ns3:cad>
          </ns3:TrackPointExtension>
        </extensions>
      </trkpt>
      <trkpt lat="24.51680249534547328948974609375" lon="118.1650572828948497772216796875">
        <ele>11.80000019073486328125</ele>
        <time>2025-08-11T12:44:36.000Z</time>
        <extensions>
          <ns3:TrackPointExtension>
            <ns3:hr>162</ns3:hr>
            <ns3:cad>89</ns3:cad>
          </ns3:TrackPointExtension>
        </extensions>
      </trkpt>
      <trkpt lat="24.51680987142026424407958984375" lon="118.16507798619568347930908203125">
        <ele>11.80000019073486328125</ele>
        <time>2025-08-11T12:44:37.000Z</time>
        <extensions>
          <ns3:TrackPointExtension>
            <ns3:hr>162</ns3:hr>
            <ns3:cad>89</ns3:cad>
          </ns3:TrackPointExtension>
        </extensions>
      </trkpt>
      <trkpt lat="24.51681791804730892181396484375" lon="118.16510128788650035858154296875">
        <ele>11.80000019073486328125</ele>
        <time>2025-08-11T12:44:38.000Z</time>
        <extensions>
          <ns3:TrackPointExtension>
            <ns3:hr>162</ns3:hr>
            <ns3:cad>89</ns3:cad>
          </ns3:TrackPointExtension>
        </extensions>
      </trkpt>
      <trkpt lat="24.51682110317051410675048828125" lon="118.16513833589851856231689453125">
        <ele>11.6000003814697265625</ele>
        <time>2025-08-11T12:44:39.000Z</time>
        <extensions>
          <ns3:TrackPointExtension>
            <ns3:hr>162</ns3:hr>
            <ns3:cad>89</ns3:cad>
          </ns3:TrackPointExtension>
        </extensions>
      </trkpt>
      <trkpt lat="24.51683082617819309234619140625" lon="118.1651659123599529266357421875">
        <ele>11.6000003814697265625</ele>
        <time>2025-08-11T12:44:40.000Z</time>
        <extensions>
          <ns3:TrackPointExtension>
            <ns3:hr>162</ns3:hr>
            <ns3:cad>89</ns3:cad>
          </ns3:TrackPointExtension>
        </extensions>
      </trkpt>
      <trkpt lat="24.51684138737618923187255859375" lon="118.16520002670586109161376953125">
        <ele>11.6000003814697265625</ele>
        <time>2025-08-11T12:44:41.000Z</time>
        <extensions>
          <ns3:TrackPointExtension>
            <ns3:hr>162</ns3:hr>
            <ns3:cad>89</ns3:cad>
          </ns3:TrackPointExtension>
        </extensions>
      </trkpt>
      <trkpt lat="24.51685144565999507904052734375" lon="118.1652192212641239166259765625">
        <ele>11.6000003814697265625</ele>
        <time>2025-08-11T12:44:42.000Z</time>
        <extensions>
          <ns3:TrackPointExtension>
            <ns3:hr>162</ns3:hr>
            <ns3:cad>89</ns3:cad>
          </ns3:TrackPointExtension>
        </extensions>
      </trkpt>
      <trkpt lat="24.516853205859661102294921875" lon="118.16525015048682689666748046875">
        <ele>11.6000003814697265625</ele>
        <time>2025-08-11T12:44:43.000Z</time>
        <extensions>
          <ns3:TrackPointExtension>
            <ns3:hr>163</ns3:hr>
            <ns3:cad>89</ns3:cad>
          </ns3:TrackPointExtension>
        </extensions>
      </trkpt>
      <trkpt lat="24.5168577320873737335205078125" lon="118.16527261398732662200927734375">
        <ele>11.6000003814697265625</ele>
        <time>2025-08-11T12:44:44.000Z</time>
        <extensions>
          <ns3:TrackPointExtension>
            <ns3:hr>162</ns3:hr>
            <ns3:cad>89</ns3:cad>
          </ns3:TrackPointExtension>
        </extensions>
      </trkpt>
      <trkpt lat="24.516862928867340087890625" lon="118.165301866829395294189453125">
        <ele>11.6000003814697265625</ele>
        <time>2025-08-11T12:44:45.000Z</time>
        <extensions>
          <ns3:TrackPointExtension>
            <ns3:hr>163</ns3:hr>
            <ns3:cad>89</ns3:cad>
          </ns3:TrackPointExtension>
        </extensions>
      </trkpt>
      <trkpt lat="24.5168728195130825042724609375" lon="118.165321312844753265380859375">
        <ele>11.6000003814697265625</ele>
        <time>2025-08-11T12:44:46.000Z</time>
        <extensions>
          <ns3:TrackPointExtension>
            <ns3:hr>163</ns3:hr>
            <ns3:cad>88</ns3:cad>
          </ns3:TrackPointExtension>
        </extensions>
      </trkpt>
      <trkpt lat="24.516879357397556304931640625" lon="118.16535609774291515350341796875">
        <ele>11.6000003814697265625</ele>
        <time>2025-08-11T12:44:47.000Z</time>
        <extensions>
          <ns3:TrackPointExtension>
            <ns3:hr>163</ns3:hr>
            <ns3:cad>88</ns3:cad>
          </ns3:TrackPointExtension>
        </extensions>
      </trkpt>
      <trkpt lat="24.5168922655284404754638671875" lon="118.1653781421482563018798828125">
        <ele>11.6000003814697265625</ele>
        <time>2025-08-11T12:44:48.000Z</time>
        <extensions>
          <ns3:TrackPointExtension>
            <ns3:hr>163</ns3:hr>
            <ns3:cad>88</ns3:cad>
          </ns3:TrackPointExtension>
        </extensions>
      </trkpt>
      <trkpt lat="24.51690123416483402252197265625" lon="118.1654130108654499053955078125">
        <ele>11.6000003814697265625</ele>
        <time>2025-08-11T12:44:49.000Z</time>
        <extensions>
          <ns3:TrackPointExtension>
            <ns3:hr>163</ns3:hr>
            <ns3:cad>88</ns3:cad>
          </ns3:TrackPointExtension>
        </extensions>
      </trkpt>
      <trkpt lat="24.51690861023962497711181640625" lon="118.16543052904307842254638671875">
        <ele>11.6000003814697265625</ele>
        <time>2025-08-11T12:44:50.000Z</time>
        <extensions>
          <ns3:TrackPointExtension>
            <ns3:hr>162</ns3:hr>
            <ns3:cad>89</ns3:cad>
          </ns3:TrackPointExtension>
        </extensions>
      </trkpt>
      <trkpt lat="24.5169160701334476470947265625" lon="118.16546439193189144134521484375">
        <ele>11.6000003814697265625</ele>
        <time>2025-08-11T12:44:51.000Z</time>
        <extensions>
          <ns3:TrackPointExtension>
            <ns3:hr>163</ns3:hr>
            <ns3:cad>89</ns3:cad>
          </ns3:TrackPointExtension>
        </extensions>
      </trkpt>
      <trkpt lat="24.516926296055316925048828125" lon="118.16548551432788372039794921875">
        <ele>11.6000003814697265625</ele>
        <time>2025-08-11T12:44:52.000Z</time>
        <extensions>
          <ns3:TrackPointExtension>
            <ns3:hr>163</ns3:hr>
            <ns3:cad>89</ns3:cad>
          </ns3:TrackPointExtension>
        </extensions>
      </trkpt>
      <trkpt lat="24.51693073846399784088134765625" lon="118.16552222706377506256103515625">
        <ele>11.6000003814697265625</ele>
        <time>2025-08-11T12:44:53.000Z</time>
        <extensions>
          <ns3:TrackPointExtension>
            <ns3:hr>163</ns3:hr>
            <ns3:cad>89</ns3:cad>
          </ns3:TrackPointExtension>
        </extensions>
      </trkpt>
      <trkpt lat="24.51693643815815448760986328125" lon="118.1655434332787990570068359375">
        <ele>11.6000003814697265625</ele>
        <time>2025-08-11T12:44:54.000Z</time>
        <extensions>
          <ns3:TrackPointExtension>
            <ns3:hr>163</ns3:hr>
            <ns3:cad>89</ns3:cad>
          </ns3:TrackPointExtension>
        </extensions>
      </trkpt>
      <trkpt lat="24.51694071292877197265625" lon="118.16557251848280429840087890625">
        <ele>11.6000003814697265625</ele>
        <time>2025-08-11T12:44:55.000Z</time>
        <extensions>
          <ns3:TrackPointExtension>
            <ns3:hr>163</ns3:hr>
            <ns3:cad>89</ns3:cad>
          </ns3:TrackPointExtension>
        </extensions>
      </trkpt>
      <trkpt lat="24.516947753727436065673828125" lon="118.16559598781168460845947265625">
        <ele>11.6000003814697265625</ele>
        <time>2025-08-11T12:44:56.000Z</time>
        <extensions>
          <ns3:TrackPointExtension>
            <ns3:hr>163</ns3:hr>
            <ns3:cad>89</ns3:cad>
          </ns3:TrackPointExtension>
        </extensions>
      </trkpt>
      <trkpt lat="24.51695387251675128936767578125" lon="118.16562716849148273468017578125">
        <ele>11.6000003814697265625</ele>
        <time>2025-08-11T12:44:57.000Z</time>
        <extensions>
          <ns3:TrackPointExtension>
            <ns3:hr>163</ns3:hr>
            <ns3:cad>89</ns3:cad>
          </ns3:TrackPointExtension>
        </extensions>
      </trkpt>
      <trkpt lat="24.51696150004863739013671875" lon="118.1656515598297119140625">
        <ele>11.6000003814697265625</ele>
        <time>2025-08-11T12:44:58.000Z</time>
        <extensions>
          <ns3:TrackPointExtension>
            <ns3:hr>163</ns3:hr>
            <ns3:cad>89</ns3:cad>
          </ns3:TrackPointExtension>
        </extensions>
      </trkpt>
      <trkpt lat="24.51696284115314483642578125" lon="118.16568500362336635589599609375">
        <ele>11.6000003814697265625</ele>
        <time>2025-08-11T12:44:59.000Z</time>
        <extensions>
          <ns3:TrackPointExtension>
            <ns3:hr>164</ns3:hr>
            <ns3:cad>89</ns3:cad>
          </ns3:TrackPointExtension>
        </extensions>
      </trkpt>
      <trkpt lat="24.51697063632309436798095703125" lon="118.16570931114256381988525390625">
        <ele>11.80000019073486328125</ele>
        <time>2025-08-11T12:45:00.000Z</time>
        <extensions>
          <ns3:TrackPointExtension>
            <ns3:hr>163</ns3:hr>
            <ns3:cad>89</ns3:cad>
          </ns3:TrackPointExtension>
        </extensions>
      </trkpt>
      <trkpt lat="24.5169801078736782073974609375" lon="118.165740072727203369140625">
        <ele>11.6000003814697265625</ele>
        <time>2025-08-11T12:45:01.000Z</time>
        <extensions>
          <ns3:TrackPointExtension>
            <ns3:hr>163</ns3:hr>
            <ns3:cad>89</ns3:cad>
          </ns3:TrackPointExtension>
        </extensions>
      </trkpt>
      <trkpt lat="24.51699092052876949310302734375" lon="118.16576421260833740234375">
        <ele>11.6000003814697265625</ele>
        <time>2025-08-11T12:45:02.000Z</time>
        <extensions>
          <ns3:TrackPointExtension>
            <ns3:hr>163</ns3:hr>
            <ns3:cad>89</ns3:cad>
          </ns3:TrackPointExtension>
        </extensions>
      </trkpt>
      <trkpt lat="24.51699645258486270904541015625" lon="118.16580167971551418304443359375">
        <ele>11.6000003814697265625</ele>
        <time>2025-08-11T12:45:03.000Z</time>
        <extensions>
          <ns3:TrackPointExtension>
            <ns3:hr>163</ns3:hr>
            <ns3:cad>90</ns3:cad>
          </ns3:TrackPointExtension>
        </extensions>
      </trkpt>
      <trkpt lat="24.51700164936482906341552734375" lon="118.16582523286342620849609375">
        <ele>11.6000003814697265625</ele>
        <time>2025-08-11T12:45:04.000Z</time>
        <extensions>
          <ns3:TrackPointExtension>
            <ns3:hr>163</ns3:hr>
            <ns3:cad>90</ns3:cad>
          </ns3:TrackPointExtension>
        </extensions>
      </trkpt>
      <trkpt lat="24.51700265519320964813232421875" lon="118.1658595986664295196533203125">
        <ele>11.6000003814697265625</ele>
        <time>2025-08-11T12:45:05.000Z</time>
        <extensions>
          <ns3:TrackPointExtension>
            <ns3:hr>163</ns3:hr>
            <ns3:cad>90</ns3:cad>
          </ns3:TrackPointExtension>
        </extensions>
      </trkpt>
      <trkpt lat="24.5170092768967151641845703125" lon="118.1658844090998172760009765625">
        <ele>11.6000003814697265625</ele>
        <time>2025-08-11T12:45:06.000Z</time>
        <extensions>
          <ns3:TrackPointExtension>
            <ns3:hr>163</ns3:hr>
            <ns3:cad>90</ns3:cad>
          </ns3:TrackPointExtension>
        </extensions>
      </trkpt>
      <trkpt lat="24.51701380312442779541015625" lon="118.1659159250557422637939453125">
        <ele>11.80000019073486328125</ele>
        <time>2025-08-11T12:45:07.000Z</time>
        <extensions>
          <ns3:TrackPointExtension>
            <ns3:hr>164</ns3:hr>
            <ns3:cad>90</ns3:cad>
          </ns3:TrackPointExtension>
        </extensions>
      </trkpt>
      <trkpt lat="24.51702076010406017303466796875" lon="118.1659377180039882659912109375">
        <ele>11.80000019073486328125</ele>
        <time>2025-08-11T12:45:08.000Z</time>
        <extensions>
          <ns3:TrackPointExtension>
            <ns3:hr>163</ns3:hr>
            <ns3:cad>90</ns3:cad>
          </ns3:TrackPointExtension>
        </extensions>
      </trkpt>
      <trkpt lat="24.51702327467501163482666015625" lon="118.1659720838069915771484375">
        <ele>11.80000019073486328125</ele>
        <time>2025-08-11T12:45:09.000Z</time>
        <extensions>
          <ns3:TrackPointExtension>
            <ns3:hr>163</ns3:hr>
            <ns3:cad>91</ns3:cad>
          </ns3:TrackPointExtension>
        </extensions>
      </trkpt>
      <trkpt lat="24.51703366823494434356689453125" lon="118.1659943796694278717041015625">
        <ele>11.6000003814697265625</ele>
        <time>2025-08-11T12:45:10.000Z</time>
        <extensions>
          <ns3:TrackPointExtension>
            <ns3:hr>163</ns3:hr>
            <ns3:cad>91</ns3:cad>
          </ns3:TrackPointExtension>
        </extensions>
      </trkpt>
      <trkpt lat="24.51703769154846668243408203125" lon="118.1660282425582408905029296875">
        <ele>11.6000003814697265625</ele>
        <time>2025-08-11T12:45:11.000Z</time>
        <extensions>
          <ns3:TrackPointExtension>
            <ns3:hr>163</ns3:hr>
            <ns3:cad>91</ns3:cad>
          </ns3:TrackPointExtension>
        </extensions>
      </trkpt>
      <trkpt lat="24.51704774983227252960205078125" lon="118.166053555905818939208984375">
        <ele>11.6000003814697265625</ele>
        <time>2025-08-11T12:45:12.000Z</time>
        <extensions>
          <ns3:TrackPointExtension>
            <ns3:hr>164</ns3:hr>
            <ns3:cad>91</ns3:cad>
          </ns3:TrackPointExtension>
        </extensions>
      </trkpt>
      <trkpt lat="24.51705696992576122283935546875" lon="118.16608649678528308868408203125">
        <ele>11.6000003814697265625</ele>
        <time>2025-08-11T12:45:13.000Z</time>
        <extensions>
          <ns3:TrackPointExtension>
            <ns3:hr>163</ns3:hr>
            <ns3:cad>91</ns3:cad>
          </ns3:TrackPointExtension>
        </extensions>
      </trkpt>
      <trkpt lat="24.51706937514245510101318359375" lon="118.1661100499331951141357421875">
        <ele>11.6000003814697265625</ele>
        <time>2025-08-11T12:45:14.000Z</time>
        <extensions>
          <ns3:TrackPointExtension>
            <ns3:hr>163</ns3:hr>
            <ns3:cad>90</ns3:cad>
          </ns3:TrackPointExtension>
        </extensions>
      </trkpt>
      <trkpt lat="24.5170763321220874786376953125" lon="118.1661398895084857940673828125">
        <ele>11.6000003814697265625</ele>
        <time>2025-08-11T12:45:15.000Z</time>
        <extensions>
          <ns3:TrackPointExtension>
            <ns3:hr>164</ns3:hr>
            <ns3:cad>90</ns3:cad>
          </ns3:TrackPointExtension>
        </extensions>
      </trkpt>
      <trkpt lat="24.51708513312041759490966796875" lon="118.1661620177328586578369140625">
        <ele>11.3999996185302734375</ele>
        <time>2025-08-11T12:45:16.000Z</time>
        <extensions>
          <ns3:TrackPointExtension>
            <ns3:hr>164</ns3:hr>
            <ns3:cad>90</ns3:cad>
          </ns3:TrackPointExtension>
        </extensions>
      </trkpt>
      <trkpt lat="24.5170924253761768341064453125" lon="118.16618808545172214508056640625">
        <ele>11.3999996185302734375</ele>
        <time>2025-08-11T12:45:17.000Z</time>
        <extensions>
          <ns3:TrackPointExtension>
            <ns3:hr>164</ns3:hr>
            <ns3:cad>90</ns3:cad>
          </ns3:TrackPointExtension>
        </extensions>
      </trkpt>
      <trkpt lat="24.517100639641284942626953125" lon="118.16620686091482639312744140625">
        <ele>11.3999996185302734375</ele>
        <time>2025-08-11T12:45:18.000Z</time>
        <extensions>
          <ns3:TrackPointExtension>
            <ns3:hr>164</ns3:hr>
            <ns3:cad>90</ns3:cad>
          </ns3:TrackPointExtension>
        </extensions>
      </trkpt>
      <trkpt lat="24.517107345163822174072265625" lon="118.16623452119529247283935546875">
        <ele>11.3999996185302734375</ele>
        <time>2025-08-11T12:45:19.000Z</time>
        <extensions>
          <ns3:TrackPointExtension>
            <ns3:hr>164</ns3:hr>
            <ns3:cad>90</ns3:cad>
          </ns3:TrackPointExtension>
        </extensions>
      </trkpt>
      <trkpt lat="24.5171163976192474365234375" lon="118.16625396721065044403076171875">
        <ele>11.3999996185302734375</ele>
        <time>2025-08-11T12:45:20.000Z</time>
        <extensions>
          <ns3:TrackPointExtension>
            <ns3:hr>164</ns3:hr>
            <ns3:cad>90</ns3:cad>
          </ns3:TrackPointExtension>
        </extensions>
      </trkpt>
      <trkpt lat="24.5171236060559749603271484375" lon="118.1662847287952899932861328125">
        <ele>11.3999996185302734375</ele>
        <time>2025-08-11T12:45:21.000Z</time>
        <extensions>
          <ns3:TrackPointExtension>
            <ns3:hr>164</ns3:hr>
            <ns3:cad>90</ns3:cad>
          </ns3:TrackPointExtension>
        </extensions>
      </trkpt>
      <trkpt lat="24.51713190414011478424072265625" lon="118.16630811430513858795166015625">
        <ele>11.6000003814697265625</ele>
        <time>2025-08-11T12:45:22.000Z</time>
        <extensions>
          <ns3:TrackPointExtension>
            <ns3:hr>164</ns3:hr>
            <ns3:cad>90</ns3:cad>
          </ns3:TrackPointExtension>
        </extensions>
      </trkpt>
      <trkpt lat="24.51713844202458858489990234375" lon="118.16633929498493671417236328125">
        <ele>11.6000003814697265625</ele>
        <time>2025-08-11T12:45:23.000Z</time>
        <extensions>
          <ns3:TrackPointExtension>
            <ns3:hr>165</ns3:hr>
            <ns3:cad>90</ns3:cad>
          </ns3:TrackPointExtension>
        </extensions>
      </trkpt>
      <trkpt lat="24.51715084724128246307373046875" lon="118.16636167466640472412109375">
        <ele>11.6000003814697265625</ele>
        <time>2025-08-11T12:45:24.000Z</time>
        <extensions>
          <ns3:TrackPointExtension>
            <ns3:hr>165</ns3:hr>
            <ns3:cad>90</ns3:cad>
          </ns3:TrackPointExtension>
        </extensions>
      </trkpt>
      <trkpt lat="24.51715839095413684844970703125" lon="118.16638623364269733428955078125">
        <ele>11.6000003814697265625</ele>
        <time>2025-08-11T12:45:25.000Z</time>
        <extensions>
          <ns3:TrackPointExtension>
            <ns3:hr>165</ns3:hr>
            <ns3:cad>90</ns3:cad>
          </ns3:TrackPointExtension>
        </extensions>
      </trkpt>
      <trkpt lat="24.517165683209896087646484375" lon="118.166408278048038482666015625">
        <ele>11.6000003814697265625</ele>
        <time>2025-08-11T12:45:26.000Z</time>
        <extensions>
          <ns3:TrackPointExtension>
            <ns3:hr>165</ns3:hr>
            <ns3:cad>90</ns3:cad>
          </ns3:TrackPointExtension>
        </extensions>
      </trkpt>
      <trkpt lat="24.51717783696949481964111328125" lon="118.16643551923334598541259765625">
        <ele>11.6000003814697265625</ele>
        <time>2025-08-11T12:45:27.000Z</time>
        <extensions>
          <ns3:TrackPointExtension>
            <ns3:hr>165</ns3:hr>
            <ns3:cad>90</ns3:cad>
          </ns3:TrackPointExtension>
        </extensions>
      </trkpt>
      <trkpt lat="24.517189152538776397705078125" lon="118.166453540325164794921875">
        <ele>11.6000003814697265625</ele>
        <time>2025-08-11T12:45:28.000Z</time>
        <extensions>
          <ns3:TrackPointExtension>
            <ns3:hr>166</ns3:hr>
            <ns3:cad>89</ns3:cad>
          </ns3:TrackPointExtension>
        </extensions>
      </trkpt>
      <trkpt lat="24.51720449142158031463623046875" lon="118.1664825417101383209228515625">
        <ele>11.80000019073486328125</ele>
        <time>2025-08-11T12:45:29.000Z</time>
        <extensions>
          <ns3:TrackPointExtension>
            <ns3:hr>165</ns3:hr>
            <ns3:cad>89</ns3:cad>
          </ns3:TrackPointExtension>
        </extensions>
      </trkpt>
      <trkpt lat="24.51721354387700557708740234375" lon="118.16650190390646457672119140625">
        <ele>11.80000019073486328125</ele>
        <time>2025-08-11T12:45:30.000Z</time>
        <extensions>
          <ns3:TrackPointExtension>
            <ns3:hr>165</ns3:hr>
            <ns3:cad>89</ns3:cad>
          </ns3:TrackPointExtension>
        </extensions>
      </trkpt>
      <trkpt lat="24.5172255299985408782958984375" lon="118.16653576679527759552001953125">
        <ele>11.80000019073486328125</ele>
        <time>2025-08-11T12:45:31.000Z</time>
        <extensions>
          <ns3:TrackPointExtension>
            <ns3:hr>166</ns3:hr>
            <ns3:cad>89</ns3:cad>
          </ns3:TrackPointExtension>
        </extensions>
      </trkpt>
      <trkpt lat="24.51723164878785610198974609375" lon="118.166558481752872467041015625">
        <ele>11.80000019073486328125</ele>
        <time>2025-08-11T12:45:32.000Z</time>
        <extensions>
          <ns3:TrackPointExtension>
            <ns3:hr>166</ns3:hr>
            <ns3:cad>88</ns3:cad>
          </ns3:TrackPointExtension>
        </extensions>
      </trkpt>
      <trkpt lat="24.51724137179553508758544921875" lon="118.16659091971814632415771484375">
        <ele>11.80000019073486328125</ele>
        <time>2025-08-11T12:45:33.000Z</time>
        <extensions>
          <ns3:TrackPointExtension>
            <ns3:hr>166</ns3:hr>
            <ns3:cad>88</ns3:cad>
          </ns3:TrackPointExtension>
        </extensions>
      </trkpt>
      <trkpt lat="24.51724891550838947296142578125" lon="118.1666116230189800262451171875">
        <ele>11.80000019073486328125</ele>
        <time>2025-08-11T12:45:34.000Z</time>
        <extensions>
          <ns3:TrackPointExtension>
            <ns3:hr>165</ns3:hr>
            <ns3:cad>88</ns3:cad>
          </ns3:TrackPointExtension>
        </extensions>
      </trkpt>
      <trkpt lat="24.517260231077671051025390625" lon="118.166636936366558074951171875">
        <ele>11.80000019073486328125</ele>
        <time>2025-08-11T12:45:35.000Z</time>
        <extensions>
          <ns3:TrackPointExtension>
            <ns3:hr>166</ns3:hr>
            <ns3:cad>88</ns3:cad>
          </ns3:TrackPointExtension>
        </extensions>
      </trkpt>
      <trkpt lat="24.5172711275517940521240234375" lon="118.16665403544902801513671875">
        <ele>11.80000019073486328125</ele>
        <time>2025-08-11T12:45:36.000Z</time>
        <extensions>
          <ns3:TrackPointExtension>
            <ns3:hr>166</ns3:hr>
            <ns3:cad>88</ns3:cad>
          </ns3:TrackPointExtension>
        </extensions>
      </trkpt>
      <trkpt lat="24.51728613115847110748291015625" lon="118.16667842678725719451904296875">
        <ele>11.80000019073486328125</ele>
        <time>2025-08-11T12:45:37.000Z</time>
        <extensions>
          <ns3:TrackPointExtension>
            <ns3:hr>166</ns3:hr>
            <ns3:cad>88</ns3:cad>
          </ns3:TrackPointExtension>
        </extensions>
      </trkpt>
      <trkpt lat="24.51729954220354557037353515625" lon="118.166697956621646881103515625">
        <ele>11.80000019073486328125</ele>
        <time>2025-08-11T12:45:38.000Z</time>
        <extensions>
          <ns3:TrackPointExtension>
            <ns3:hr>165</ns3:hr>
            <ns3:cad>88</ns3:cad>
          </ns3:TrackPointExtension>
        </extensions>
      </trkpt>
      <trkpt lat="24.5173130370676517486572265625" lon="118.16671974956989288330078125">
        <ele>11.6000003814697265625</ele>
        <time>2025-08-11T12:45:39.000Z</time>
        <extensions>
          <ns3:TrackPointExtension>
            <ns3:hr>166</ns3:hr>
            <ns3:cad>88</ns3:cad>
          </ns3:TrackPointExtension>
        </extensions>
      </trkpt>
      <trkpt lat="24.51732871122658252716064453125" lon="118.16673584282398223876953125">
        <ele>11.6000003814697265625</ele>
        <time>2025-08-11T12:45:40.000Z</time>
        <extensions>
          <ns3:TrackPointExtension>
            <ns3:hr>166</ns3:hr>
            <ns3:cad>88</ns3:cad>
          </ns3:TrackPointExtension>
        </extensions>
      </trkpt>
      <trkpt lat="24.5173438824713230133056640625" lon="118.16675671376287937164306640625">
        <ele>11.80000019073486328125</ele>
        <time>2025-08-11T12:45:41.000Z</time>
        <extensions>
          <ns3:TrackPointExtension>
            <ns3:hr>166</ns3:hr>
            <ns3:cad>89</ns3:cad>
          </ns3:TrackPointExtension>
        </extensions>
      </trkpt>
      <trkpt lat="24.51736106537282466888427734375" lon="118.1667715497314929962158203125">
        <ele>11.6000003814697265625</ele>
        <time>2025-08-11T12:45:42.000Z</time>
        <extensions>
          <ns3:TrackPointExtension>
            <ns3:hr>167</ns3:hr>
            <ns3:cad>89</ns3:cad>
          </ns3:TrackPointExtension>
        </extensions>
      </trkpt>
      <trkpt lat="24.5173770748078823089599609375" lon="118.16679443232715129852294921875">
        <ele>11.6000003814697265625</ele>
        <time>2025-08-11T12:45:43.000Z</time>
        <extensions>
          <ns3:TrackPointExtension>
            <ns3:hr>167</ns3:hr>
            <ns3:cad>89</ns3:cad>
          </ns3:TrackPointExtension>
        </extensions>
      </trkpt>
      <trkpt lat="24.517393670976161956787109375" lon="118.166811279952526092529296875">
        <ele>11.6000003814697265625</ele>
        <time>2025-08-11T12:45:44.000Z</time>
        <extensions>
          <ns3:TrackPointExtension>
            <ns3:hr>167</ns3:hr>
            <ns3:cad>89</ns3:cad>
          </ns3:TrackPointExtension>
        </extensions>
      </trkpt>
      <trkpt lat="24.51741387136280536651611328125" lon="118.16682661883533000946044921875">
        <ele>11.6000003814697265625</ele>
        <time>2025-08-11T12:45:45.000Z</time>
        <extensions>
          <ns3:TrackPointExtension>
            <ns3:hr>167</ns3:hr>
            <ns3:cad>88</ns3:cad>
          </ns3:TrackPointExtension>
        </extensions>
      </trkpt>
      <trkpt lat="24.51743382029235363006591796875" lon="118.16684707067906856536865234375">
        <ele>11.6000003814697265625</ele>
        <time>2025-08-11T12:45:46.000Z</time>
        <extensions>
          <ns3:TrackPointExtension>
            <ns3:hr>167</ns3:hr>
            <ns3:cad>88</ns3:cad>
          </ns3:TrackPointExtension>
        </extensions>
      </trkpt>
      <trkpt lat="24.51745762489736080169677734375" lon="118.166869617998600006103515625">
        <ele>11.6000003814697265625</ele>
        <time>2025-08-11T12:45:47.000Z</time>
        <extensions>
          <ns3:TrackPointExtension>
            <ns3:hr>167</ns3:hr>
            <ns3:cad>88</ns3:cad>
          </ns3:TrackPointExtension>
        </extensions>
      </trkpt>
      <trkpt lat="24.5174793340265750885009765625" lon="118.1668945960700511932373046875">
        <ele>11.6000003814697265625</ele>
        <time>2025-08-11T12:45:48.000Z</time>
        <extensions>
          <ns3:TrackPointExtension>
            <ns3:hr>167</ns3:hr>
            <ns3:cad>88</ns3:cad>
          </ns3:TrackPointExtension>
        </extensions>
      </trkpt>
      <trkpt lat="24.5175039768218994140625" lon="118.1669130362570285797119140625">
        <ele>11.6000003814697265625</ele>
        <time>2025-08-11T12:45:49.000Z</time>
        <extensions>
          <ns3:TrackPointExtension>
            <ns3:hr>167</ns3:hr>
            <ns3:cad>88</ns3:cad>
          </ns3:TrackPointExtension>
        </extensions>
      </trkpt>
      <trkpt lat="24.5175239257514476776123046875" lon="118.16693893633782863616943359375">
        <ele>11.6000003814697265625</ele>
        <time>2025-08-11T12:45:50.000Z</time>
        <extensions>
          <ns3:TrackPointExtension>
            <ns3:hr>167</ns3:hr>
            <ns3:cad>88</ns3:cad>
          </ns3:TrackPointExtension>
        </extensions>
      </trkpt>
      <trkpt lat="24.5175450481474399566650390625" lon="118.166956119239330291748046875">
        <ele>11.6000003814697265625</ele>
        <time>2025-08-11T12:45:51.000Z</time>
        <extensions>
          <ns3:TrackPointExtension>
            <ns3:hr>167</ns3:hr>
            <ns3:cad>88</ns3:cad>
          </ns3:TrackPointExtension>
        </extensions>
      </trkpt>
      <trkpt lat="24.5175683498382568359375" lon="118.166978247463703155517578125">
        <ele>11.6000003814697265625</ele>
        <time>2025-08-11T12:45:52.000Z</time>
        <extensions>
          <ns3:TrackPointExtension>
            <ns3:hr>167</ns3:hr>
            <ns3:cad>88</ns3:cad>
          </ns3:TrackPointExtension>
        </extensions>
      </trkpt>
      <trkpt lat="24.5175862871110439300537109375" lon="118.16699190996587276458740234375">
        <ele>11.3999996185302734375</ele>
        <time>2025-08-11T12:45:53.000Z</time>
        <extensions>
          <ns3:TrackPointExtension>
            <ns3:hr>167</ns3:hr>
            <ns3:cad>88</ns3:cad>
          </ns3:TrackPointExtension>
        </extensions>
      </trkpt>
      <trkpt lat="24.51760925352573394775390625" lon="118.16701336763799190521240234375">
        <ele>11.6000003814697265625</ele>
        <time>2025-08-11T12:45:54.000Z</time>
        <extensions>
          <ns3:TrackPointExtension>
            <ns3:hr>167</ns3:hr>
            <ns3:cad>88</ns3:cad>
          </ns3:TrackPointExtension>
        </extensions>
      </trkpt>
      <trkpt lat="24.51763029210269451141357421875" lon="118.16702225245535373687744140625">
        <ele>11.6000003814697265625</ele>
        <time>2025-08-11T12:45:55.000Z</time>
        <extensions>
          <ns3:TrackPointExtension>
            <ns3:hr>167</ns3:hr>
            <ns3:cad>88</ns3:cad>
          </ns3:TrackPointExtension>
        </extensions>
      </trkpt>
      <trkpt lat="24.5176528394222259521484375" lon="118.1670401059091091156005859375">
        <ele>11.3999996185302734375</ele>
        <time>2025-08-11T12:45:56.000Z</time>
        <extensions>
          <ns3:TrackPointExtension>
            <ns3:hr>167</ns3:hr>
            <ns3:cad>89</ns3:cad>
          </ns3:TrackPointExtension>
        </extensions>
      </trkpt>
      <trkpt lat="24.5176731236279010772705078125" lon="118.1670561991631984710693359375">
        <ele>11.3999996185302734375</ele>
        <time>2025-08-11T12:45:57.000Z</time>
        <extensions>
          <ns3:TrackPointExtension>
            <ns3:hr>167</ns3:hr>
            <ns3:cad>89</ns3:cad>
          </ns3:TrackPointExtension>
        </extensions>
      </trkpt>
      <trkpt lat="24.517696090042591094970703125" lon="118.16706734709441661834716796875">
        <ele>11.3999996185302734375</ele>
        <time>2025-08-11T12:45:58.000Z</time>
        <extensions>
          <ns3:TrackPointExtension>
            <ns3:hr>167</ns3:hr>
            <ns3:cad>90</ns3:cad>
          </ns3:TrackPointExtension>
        </extensions>
      </trkpt>
      <trkpt lat="24.5177198946475982666015625" lon="118.1670905649662017822265625">
        <ele>11.19999980926513671875</ele>
        <time>2025-08-11T12:45:59.000Z</time>
        <extensions>
          <ns3:TrackPointExtension>
            <ns3:hr>168</ns3:hr>
            <ns3:cad>91</ns3:cad>
          </ns3:TrackPointExtension>
        </extensions>
      </trkpt>
      <trkpt lat="24.51773623935878276824951171875" lon="118.16710489802062511444091796875">
        <ele>11.19999980926513671875</ele>
        <time>2025-08-11T12:46:00.000Z</time>
        <extensions>
          <ns3:TrackPointExtension>
            <ns3:hr>168</ns3:hr>
            <ns3:cad>91</ns3:cad>
          </ns3:TrackPointExtension>
        </extensions>
      </trkpt>
      <trkpt lat="24.51776348054409027099609375" lon="118.16712476313114166259765625">
        <ele>11.3999996185302734375</ele>
        <time>2025-08-11T12:46:01.000Z</time>
        <extensions>
          <ns3:TrackPointExtension>
            <ns3:hr>168</ns3:hr>
            <ns3:cad>91</ns3:cad>
          </ns3:TrackPointExtension>
        </extensions>
      </trkpt>
      <trkpt lat="24.51778150163590908050537109375" lon="118.1671416945755481719970703125">
        <ele>11.3999996185302734375</ele>
        <time>2025-08-11T12:46:02.000Z</time>
        <extensions>
          <ns3:TrackPointExtension>
            <ns3:hr>168</ns3:hr>
            <ns3:cad>91</ns3:cad>
          </ns3:TrackPointExtension>
        </extensions>
      </trkpt>
      <trkpt lat="24.51779994182288646697998046875" lon="118.16715820692479610443115234375">
        <ele>11.3999996185302734375</ele>
        <time>2025-08-11T12:46:03.000Z</time>
        <extensions>
          <ns3:TrackPointExtension>
            <ns3:hr>168</ns3:hr>
            <ns3:cad>91</ns3:cad>
          </ns3:TrackPointExtension>
        </extensions>
      </trkpt>
      <trkpt lat="24.51781972311437129974365234375" lon="118.16717463545501232147216796875">
        <ele>11.3999996185302734375</ele>
        <time>2025-08-11T12:46:04.000Z</time>
        <extensions>
          <ns3:TrackPointExtension>
            <ns3:hr>169</ns3:hr>
            <ns3:cad>90</ns3:cad>
          </ns3:TrackPointExtension>
        </extensions>
      </trkpt>
      <trkpt lat="24.5178379118442535400390625" lon="118.16718913614749908447265625">
        <ele>11.3999996185302734375</ele>
        <time>2025-08-11T12:46:05.000Z</time>
        <extensions>
          <ns3:TrackPointExtension>
            <ns3:hr>169</ns3:hr>
            <ns3:cad>90</ns3:cad>
          </ns3:TrackPointExtension>
        </extensions>
      </trkpt>
      <trkpt lat="24.51785962097346782684326171875" lon="118.1672017090022563934326171875">
        <ele>11.3999996185302734375</ele>
        <time>2025-08-11T12:46:06.000Z</time>
        <extensions>
          <ns3:TrackPointExtension>
            <ns3:hr>169</ns3:hr>
            <ns3:cad>89</ns3:cad>
          </ns3:TrackPointExtension>
        </extensions>
      </trkpt>
      <trkpt lat="24.51788292266428470611572265625" lon="118.16721335984766483306884765625">
        <ele>11.3999996185302734375</ele>
        <time>2025-08-11T12:46:07.000Z</time>
        <extensions>
          <ns3:TrackPointExtension>
            <ns3:hr>168</ns3:hr>
            <ns3:cad>89</ns3:cad>
          </ns3:TrackPointExtension>
        </extensions>
      </trkpt>
      <trkpt lat="24.51790404506027698516845703125" lon="118.16722492687404155731201171875">
        <ele>11.3999996185302734375</ele>
        <time>2025-08-11T12:46:08.000Z</time>
        <extensions>
          <ns3:TrackPointExtension>
            <ns3:hr>169</ns3:hr>
            <ns3:cad>89</ns3:cad>
          </ns3:TrackPointExtension>
        </extensions>
      </trkpt>
      <trkpt lat="24.5179282687604427337646484375" lon="118.1672382541000843048095703125">
        <ele>11.3999996185302734375</ele>
        <time>2025-08-11T12:46:09.000Z</time>
        <extensions>
          <ns3:TrackPointExtension>
            <ns3:hr>169</ns3:hr>
            <ns3:cad>89</ns3:cad>
          </ns3:TrackPointExtension>
        </extensions>
      </trkpt>
      <trkpt lat="24.51794696040451526641845703125" lon="118.16725040785968303680419921875">
        <ele>11.19999980926513671875</ele>
        <time>2025-08-11T12:46:10.000Z</time>
        <extensions>
          <ns3:TrackPointExtension>
            <ns3:hr>168</ns3:hr>
            <ns3:cad>89</ns3:cad>
          </ns3:TrackPointExtension>
        </extensions>
      </trkpt>
      <trkpt lat="24.51796640641987323760986328125" lon="118.16726398654282093048095703125">
        <ele>11.3999996185302734375</ele>
        <time>2025-08-11T12:46:11.000Z</time>
        <extensions>
          <ns3:TrackPointExtension>
            <ns3:hr>169</ns3:hr>
            <ns3:cad>90</ns3:cad>
          </ns3:TrackPointExtension>
        </extensions>
      </trkpt>
      <trkpt lat="24.5179835893213748931884765625" lon="118.16728125326335430145263671875">
        <ele>11.3999996185302734375</ele>
        <time>2025-08-11T12:46:12.000Z</time>
        <extensions>
          <ns3:TrackPointExtension>
            <ns3:hr>169</ns3:hr>
            <ns3:cad>90</ns3:cad>
          </ns3:TrackPointExtension>
        </extensions>
      </trkpt>
      <trkpt lat="24.51800714246928691864013671875" lon="118.16730002872645854949951171875">
        <ele>11.19999980926513671875</ele>
        <time>2025-08-11T12:46:13.000Z</time>
        <extensions>
          <ns3:TrackPointExtension>
            <ns3:hr>168</ns3:hr>
            <ns3:cad>90</ns3:cad>
          </ns3:TrackPointExtension>
        </extensions>
      </trkpt>
      <trkpt lat="24.51803161762654781341552734375" lon="118.16731746308505535125732421875">
        <ele>11.3999996185302734375</ele>
        <time>2025-08-11T12:46:14.000Z</time>
        <extensions>
          <ns3:TrackPointExtension>
            <ns3:hr>168</ns3:hr>
            <ns3:cad>90</ns3:cad>
          </ns3:TrackPointExtension>
        </extensions>
      </trkpt>
      <trkpt lat="24.51805927790701389312744140625" lon="118.1673374958336353302001953125">
        <ele>11.3999996185302734375</ele>
        <time>2025-08-11T12:46:15.000Z</time>
        <extensions>
          <ns3:TrackPointExtension>
            <ns3:hr>167</ns3:hr>
            <ns3:cad>90</ns3:cad>
          </ns3:TrackPointExtension>
        </extensions>
      </trkpt>
      <trkpt lat="24.51808190904557704925537109375" lon="118.1673535890877246856689453125">
        <ele>11.3999996185302734375</ele>
        <time>2025-08-11T12:46:16.000Z</time>
        <extensions>
          <ns3:TrackPointExtension>
            <ns3:hr>167</ns3:hr>
            <ns3:cad>90</ns3:cad>
          </ns3:TrackPointExtension>
        </extensions>
      </trkpt>
      <trkpt lat="24.518106468021869659423828125" lon="118.16737060435116291046142578125">
        <ele>11.6000003814697265625</ele>
        <time>2025-08-11T12:46:17.000Z</time>
        <extensions>
          <ns3:TrackPointExtension>
            <ns3:hr>167</ns3:hr>
            <ns3:cad>89</ns3:cad>
          </ns3:TrackPointExtension>
        </extensions>
      </trkpt>
      <trkpt lat="24.5181277580559253692626953125" lon="118.16738854162395000457763671875">
        <ele>11.6000003814697265625</ele>
        <time>2025-08-11T12:46:18.000Z</time>
        <extensions>
          <ns3:TrackPointExtension>
            <ns3:hr>167</ns3:hr>
            <ns3:cad>89</ns3:cad>
          </ns3:TrackPointExtension>
        </extensions>
      </trkpt>
      <trkpt lat="24.51815064065158367156982421875" lon="118.1673998571932315826416015625">
        <ele>11.6000003814697265625</ele>
        <time>2025-08-11T12:46:19.000Z</time>
        <extensions>
          <ns3:TrackPointExtension>
            <ns3:hr>167</ns3:hr>
            <ns3:cad>89</ns3:cad>
          </ns3:TrackPointExtension>
        </extensions>
      </trkpt>
      <trkpt lat="24.5181736908853054046630859375" lon="118.16741419024765491485595703125">
        <ele>11.6000003814697265625</ele>
        <time>2025-08-11T12:46:20.000Z</time>
        <extensions>
          <ns3:TrackPointExtension>
            <ns3:hr>167</ns3:hr>
            <ns3:cad>89</ns3:cad>
          </ns3:TrackPointExtension>
        </extensions>
      </trkpt>
      <trkpt lat="24.518196992576122283935546875" lon="118.1674280203878879547119140625">
        <ele>11.6000003814697265625</ele>
        <time>2025-08-11T12:46:21.000Z</time>
        <extensions>
          <ns3:TrackPointExtension>
            <ns3:hr>168</ns3:hr>
            <ns3:cad>89</ns3:cad>
          </ns3:TrackPointExtension>
        </extensions>
      </trkpt>
      <trkpt lat="24.51821870170533657073974609375" lon="118.1674392521381378173828125">
        <ele>11.6000003814697265625</ele>
        <time>2025-08-11T12:46:22.000Z</time>
        <extensions>
          <ns3:TrackPointExtension>
            <ns3:hr>167</ns3:hr>
            <ns3:cad>89</ns3:cad>
          </ns3:TrackPointExtension>
        </extensions>
      </trkpt>
      <trkpt lat="24.5182410813868045806884765625" lon="118.167449645698070526123046875">
        <ele>11.6000003814697265625</ele>
        <time>2025-08-11T12:46:23.000Z</time>
        <extensions>
          <ns3:TrackPointExtension>
            <ns3:hr>167</ns3:hr>
            <ns3:cad>89</ns3:cad>
          </ns3:TrackPointExtension>
        </extensions>
      </trkpt>
      <trkpt lat="24.518264047801494598388671875" lon="118.16745945252478122711181640625">
        <ele>11.6000003814697265625</ele>
        <time>2025-08-11T12:46:24.000Z</time>
        <extensions>
          <ns3:TrackPointExtension>
            <ns3:hr>168</ns3:hr>
            <ns3:cad>89</ns3:cad>
          </ns3:TrackPointExtension>
        </extensions>
      </trkpt>
      <trkpt lat="24.5182903669774532318115234375" lon="118.16746884025633335113525390625">
        <ele>11.6000003814697265625</ele>
        <time>2025-08-11T12:46:25.000Z</time>
        <extensions>
          <ns3:TrackPointExtension>
            <ns3:hr>167</ns3:hr>
            <ns3:cad>89</ns3:cad>
          </ns3:TrackPointExtension>
        </extensions>
      </trkpt>
      <trkpt lat="24.51831467449665069580078125" lon="118.167478479444980621337890625">
        <ele>11.80000019073486328125</ele>
        <time>2025-08-11T12:46:26.000Z</time>
        <extensions>
          <ns3:TrackPointExtension>
            <ns3:hr>167</ns3:hr>
            <ns3:cad>89</ns3:cad>
          </ns3:TrackPointExtension>
        </extensions>
      </trkpt>
      <trkpt lat="24.51833906583487987518310546875" lon="118.16748694516718387603759765625">
        <ele>11.80000019073486328125</ele>
        <time>2025-08-11T12:46:27.000Z</time>
        <extensions>
          <ns3:TrackPointExtension>
            <ns3:hr>167</ns3:hr>
            <ns3:cad>89</ns3:cad>
          </ns3:TrackPointExtension>
        </extensions>
      </trkpt>
      <trkpt lat="24.5183622837066650390625" lon="118.16749717108905315399169921875">
        <ele>11.80000019073486328125</ele>
        <time>2025-08-11T12:46:28.000Z</time>
        <extensions>
          <ns3:TrackPointExtension>
            <ns3:hr>167</ns3:hr>
            <ns3:cad>89</ns3:cad>
          </ns3:TrackPointExtension>
        </extensions>
      </trkpt>
      <trkpt lat="24.5183912850916385650634765625" lon="118.16750320605933666229248046875">
        <ele>11.80000019073486328125</ele>
        <time>2025-08-11T12:46:29.000Z</time>
        <extensions>
          <ns3:TrackPointExtension>
            <ns3:hr>167</ns3:hr>
            <ns3:cad>89</ns3:cad>
          </ns3:TrackPointExtension>
        </extensions>
      </trkpt>
      <trkpt lat="24.51841525733470916748046875" lon="118.16751259379088878631591796875">
        <ele>11.80000019073486328125</ele>
        <time>2025-08-11T12:46:30.000Z</time>
        <extensions>
          <ns3:TrackPointExtension>
            <ns3:hr>168</ns3:hr>
            <ns3:cad>89</ns3:cad>
          </ns3:TrackPointExtension>
        </extensions>
      </trkpt>
      <trkpt lat="24.5184415765106678009033203125" lon="118.16752114333212375640869140625">
        <ele>11.80000019073486328125</ele>
        <time>2025-08-11T12:46:31.000Z</time>
        <extensions>
          <ns3:TrackPointExtension>
            <ns3:hr>167</ns3:hr>
            <ns3:cad>89</ns3:cad>
          </ns3:TrackPointExtension>
        </extensions>
      </trkpt>
      <trkpt lat="24.51846328563988208770751953125" lon="118.16753053106367588043212890625">
        <ele>11.80000019073486328125</ele>
        <time>2025-08-11T12:46:32.000Z</time>
        <extensions>
          <ns3:TrackPointExtension>
            <ns3:hr>167</ns3:hr>
            <ns3:cad>90</ns3:cad>
          </ns3:TrackPointExtension>
        </extensions>
      </trkpt>
      <trkpt lat="24.51848625205457210540771484375" lon="118.1675396673381328582763671875">
        <ele>11.80000019073486328125</ele>
        <time>2025-08-11T12:46:33.000Z</time>
        <extensions>
          <ns3:TrackPointExtension>
            <ns3:hr>168</ns3:hr>
            <ns3:cad>90</ns3:cad>
          </ns3:TrackPointExtension>
        </extensions>
      </trkpt>
      <trkpt lat="24.51851005665957927703857421875" lon="118.167548887431621551513671875">
        <ele>12</ele>
        <time>2025-08-11T12:46:34.000Z</time>
        <extensions>
          <ns3:TrackPointExtension>
            <ns3:hr>168</ns3:hr>
            <ns3:cad>90</ns3:cad>
          </ns3:TrackPointExtension>
        </extensions>
      </trkpt>
      <trkpt lat="24.518541991710662841796875" lon="118.16755785606801509857177734375">
        <ele>12</ele>
        <time>2025-08-11T12:46:35.000Z</time>
        <extensions>
          <ns3:TrackPointExtension>
            <ns3:hr>169</ns3:hr>
            <ns3:cad>89</ns3:cad>
          </ns3:TrackPointExtension>
        </extensions>
      </trkpt>
      <trkpt lat="24.518565125763416290283203125" lon="118.16756665706634521484375">
        <ele>12</ele>
        <time>2025-08-11T12:46:36.000Z</time>
        <extensions>
          <ns3:TrackPointExtension>
            <ns3:hr>169</ns3:hr>
            <ns3:cad>89</ns3:cad>
          </ns3:TrackPointExtension>
        </extensions>
      </trkpt>
      <trkpt lat="24.51859228312969207763671875" lon="118.16757545806467533111572265625">
        <ele>12</ele>
        <time>2025-08-11T12:46:37.000Z</time>
        <extensions>
          <ns3:TrackPointExtension>
            <ns3:hr>170</ns3:hr>
            <ns3:cad>89</ns3:cad>
          </ns3:TrackPointExtension>
        </extensions>
      </trkpt>
      <trkpt lat="24.518619440495967864990234375" lon="118.16758685745298862457275390625">
        <ele>12</ele>
        <time>2025-08-11T12:46:38.000Z</time>
        <extensions>
          <ns3:TrackPointExtension>
            <ns3:hr>170</ns3:hr>
            <ns3:cad>89</ns3:cad>
          </ns3:TrackPointExtension>
        </extensions>
      </trkpt>
      <trkpt lat="24.5186494477093219757080078125" lon="118.167594484984874725341796875">
        <ele>12</ele>
        <time>2025-08-11T12:46:39.000Z</time>
        <extensions>
          <ns3:TrackPointExtension>
            <ns3:hr>170</ns3:hr>
            <ns3:cad>89</ns3:cad>
          </ns3:TrackPointExtension>
        </extensions>
      </trkpt>
      <trkpt lat="24.5186792872846126556396484375" lon="118.16760328598320484161376953125">
        <ele>12</ele>
        <time>2025-08-11T12:46:40.000Z</time>
        <extensions>
          <ns3:TrackPointExtension>
            <ns3:hr>170</ns3:hr>
            <ns3:cad>89</ns3:cad>
          </ns3:TrackPointExtension>
        </extensions>
      </trkpt>
      <trkpt lat="24.518705941736698150634765625" lon="118.16761049441993236541748046875">
        <ele>12</ele>
        <time>2025-08-11T12:46:41.000Z</time>
        <extensions>
          <ns3:TrackPointExtension>
            <ns3:hr>170</ns3:hr>
            <ns3:cad>89</ns3:cad>
          </ns3:TrackPointExtension>
        </extensions>
      </trkpt>
      <trkpt lat="24.518733434379100799560546875" lon="118.16762038506567478179931640625">
        <ele>12</ele>
        <time>2025-08-11T12:46:42.000Z</time>
        <extensions>
          <ns3:TrackPointExtension>
            <ns3:hr>169</ns3:hr>
            <ns3:cad>89</ns3:cad>
          </ns3:TrackPointExtension>
        </extensions>
      </trkpt>
      <trkpt lat="24.51875648461282253265380859375" lon="118.16762122325599193572998046875">
        <ele>12</ele>
        <time>2025-08-11T12:46:43.000Z</time>
        <extensions>
          <ns3:TrackPointExtension>
            <ns3:hr>170</ns3:hr>
            <ns3:cad>89</ns3:cad>
          </ns3:TrackPointExtension>
        </extensions>
      </trkpt>
      <trkpt lat="24.51878062449395656585693359375" lon="118.16763161681592464447021484375">
        <ele>12.19999980926513671875</ele>
        <time>2025-08-11T12:46:44.000Z</time>
        <extensions>
          <ns3:TrackPointExtension>
            <ns3:hr>170</ns3:hr>
            <ns3:cad>89</ns3:cad>
          </ns3:TrackPointExtension>
        </extensions>
      </trkpt>
      <trkpt lat="24.51880308799445629119873046875" lon="118.16763178445398807525634765625">
        <ele>12.19999980926513671875</ele>
        <time>2025-08-11T12:46:45.000Z</time>
        <extensions>
          <ns3:TrackPointExtension>
            <ns3:hr>170</ns3:hr>
            <ns3:cad>89</ns3:cad>
          </ns3:TrackPointExtension>
        </extensions>
      </trkpt>
      <trkpt lat="24.518825970590114593505859375" lon="118.16764787770807743072509765625">
        <ele>12</ele>
        <time>2025-08-11T12:46:46.000Z</time>
        <extensions>
          <ns3:TrackPointExtension>
            <ns3:hr>170</ns3:hr>
            <ns3:cad>88</ns3:cad>
          </ns3:TrackPointExtension>
        </extensions>
      </trkpt>
      <trkpt lat="24.518844746053218841552734375" lon="118.167659528553485870361328125">
        <ele>12</ele>
        <time>2025-08-11T12:46:47.000Z</time>
        <extensions>
          <ns3:TrackPointExtension>
            <ns3:hr>171</ns3:hr>
            <ns3:cad>88</ns3:cad>
          </ns3:TrackPointExtension>
        </extensions>
      </trkpt>
      <trkpt lat="24.51886243186891078948974609375" lon="118.16768911667168140411376953125">
        <ele>12</ele>
        <time>2025-08-11T12:46:48.000Z</time>
        <extensions>
          <ns3:TrackPointExtension>
            <ns3:hr>171</ns3:hr>
            <ns3:cad>88</ns3:cad>
          </ns3:TrackPointExtension>
        </extensions>
      </trkpt>
      <trkpt lat="24.51888070441782474517822265625" lon="118.1677069701254367828369140625">
        <ele>12</ele>
        <time>2025-08-11T12:46:49.000Z</time>
        <extensions>
          <ns3:TrackPointExtension>
            <ns3:hr>171</ns3:hr>
            <ns3:cad>88</ns3:cad>
          </ns3:TrackPointExtension>
        </extensions>
      </trkpt>
      <trkpt lat="24.5188985578715801239013671875" lon="118.1677361391484737396240234375">
        <ele>12</ele>
        <time>2025-08-11T12:46:50.000Z</time>
        <extensions>
          <ns3:TrackPointExtension>
            <ns3:hr>170</ns3:hr>
            <ns3:cad>88</ns3:cad>
          </ns3:TrackPointExtension>
        </extensions>
      </trkpt>
      <trkpt lat="24.51891138218343257904052734375" lon="118.167752064764499664306640625">
        <ele>12</ele>
        <time>2025-08-11T12:46:51.000Z</time>
        <extensions>
          <ns3:TrackPointExtension>
            <ns3:hr>171</ns3:hr>
            <ns3:cad>88</ns3:cad>
          </ns3:TrackPointExtension>
        </extensions>
      </trkpt>
      <trkpt lat="24.51892445795238018035888671875" lon="118.167778216302394866943359375">
        <ele>12</ele>
        <time>2025-08-11T12:46:52.000Z</time>
        <extensions>
          <ns3:TrackPointExtension>
            <ns3:hr>171</ns3:hr>
            <ns3:cad>88</ns3:cad>
          </ns3:TrackPointExtension>
        </extensions>
      </trkpt>
      <trkpt lat="24.51893904246389865875244140625" lon="118.1677958182990550994873046875">
        <ele>12</ele>
        <time>2025-08-11T12:46:53.000Z</time>
        <extensions>
          <ns3:TrackPointExtension>
            <ns3:hr>171</ns3:hr>
            <ns3:cad>88</ns3:cad>
          </ns3:TrackPointExtension>
        </extensions>
      </trkpt>
      <trkpt lat="24.51895597390830516815185546875" lon="118.167816437780857086181640625">
        <ele>12</ele>
        <time>2025-08-11T12:46:54.000Z</time>
        <extensions>
          <ns3:TrackPointExtension>
            <ns3:hr>171</ns3:hr>
            <ns3:cad>88</ns3:cad>
          </ns3:TrackPointExtension>
        </extensions>
      </trkpt>
      <trkpt lat="24.518968798220157623291015625" lon="118.16783487796783447265625">
        <ele>11.80000019073486328125</ele>
        <time>2025-08-11T12:46:55.000Z</time>
        <extensions>
          <ns3:TrackPointExtension>
            <ns3:hr>171</ns3:hr>
            <ns3:cad>88</ns3:cad>
          </ns3:TrackPointExtension>
        </extensions>
      </trkpt>
      <trkpt lat="24.5189845561981201171875" lon="118.16786102950572967529296875">
        <ele>11.80000019073486328125</ele>
        <time>2025-08-11T12:46:56.000Z</time>
        <extensions>
          <ns3:TrackPointExtension>
            <ns3:hr>171</ns3:hr>
            <ns3:cad>88</ns3:cad>
          </ns3:TrackPointExtension>
        </extensions>
      </trkpt>
      <trkpt lat="24.51899855397641658782958984375" lon="118.16788089461624622344970703125">
        <ele>11.6000003814697265625</ele>
        <time>2025-08-11T12:46:57.000Z</time>
        <extensions>
          <ns3:TrackPointExtension>
            <ns3:hr>170</ns3:hr>
            <ns3:cad>88</ns3:cad>
          </ns3:TrackPointExtension>
        </extensions>
      </trkpt>
      <trkpt lat="24.51901682652533054351806640625" lon="118.16790536977350711822509765625">
        <ele>11.6000003814697265625</ele>
        <time>2025-08-11T12:46:58.000Z</time>
        <extensions>
          <ns3:TrackPointExtension>
            <ns3:hr>171</ns3:hr>
            <ns3:cad>88</ns3:cad>
          </ns3:TrackPointExtension>
        </extensions>
      </trkpt>
      <trkpt lat="24.51903040520846843719482421875" lon="118.167924396693706512451171875">
        <ele>11.6000003814697265625</ele>
        <time>2025-08-11T12:46:59.000Z</time>
        <extensions>
          <ns3:TrackPointExtension>
            <ns3:hr>171</ns3:hr>
            <ns3:cad>88</ns3:cad>
          </ns3:TrackPointExtension>
        </extensions>
      </trkpt>
      <trkpt lat="24.51905219815671443939208984375" lon="118.16794292069971561431884765625">
        <ele>11.6000003814697265625</ele>
        <time>2025-08-11T12:47:00.000Z</time>
        <extensions>
          <ns3:TrackPointExtension>
            <ns3:hr>171</ns3:hr>
            <ns3:cad>88</ns3:cad>
          </ns3:TrackPointExtension>
        </extensions>
      </trkpt>
      <trkpt lat="24.519073069095611572265625" lon="118.16796421073377132415771484375">
        <ele>11.6000003814697265625</ele>
        <time>2025-08-11T12:47:01.000Z</time>
        <extensions>
          <ns3:TrackPointExtension>
            <ns3:hr>170</ns3:hr>
            <ns3:cad>88</ns3:cad>
          </ns3:TrackPointExtension>
        </extensions>
      </trkpt>
      <trkpt lat="24.51909259893000125885009765625" lon="118.16798181273043155670166015625">
        <ele>11.6000003814697265625</ele>
        <time>2025-08-11T12:47:02.000Z</time>
        <extensions>
          <ns3:TrackPointExtension>
            <ns3:hr>170</ns3:hr>
            <ns3:cad>88</ns3:cad>
          </ns3:TrackPointExtension>
        </extensions>
      </trkpt>
      <trkpt lat="24.51910953037440776824951171875" lon="118.16800720989704132080078125">
        <ele>11.3999996185302734375</ele>
        <time>2025-08-11T12:47:03.000Z</time>
        <extensions>
          <ns3:TrackPointExtension>
            <ns3:hr>170</ns3:hr>
            <ns3:cad>88</ns3:cad>
          </ns3:TrackPointExtension>
        </extensions>
      </trkpt>
      <trkpt lat="24.51912394724786281585693359375" lon="118.1680268235504627227783203125">
        <ele>11.3999996185302734375</ele>
        <time>2025-08-11T12:47:04.000Z</time>
        <extensions>
          <ns3:TrackPointExtension>
            <ns3:hr>170</ns3:hr>
            <ns3:cad>88</ns3:cad>
          </ns3:TrackPointExtension>
        </extensions>
      </trkpt>
      <trkpt lat="24.51913752593100070953369140625" lon="118.16805674694478511810302734375">
        <ele>11.3999996185302734375</ele>
        <time>2025-08-11T12:47:05.000Z</time>
        <extensions>
          <ns3:TrackPointExtension>
            <ns3:hr>170</ns3:hr>
            <ns3:cad>88</ns3:cad>
          </ns3:TrackPointExtension>
        </extensions>
      </trkpt>
      <trkpt lat="24.5191537030041217803955078125" lon="118.168077953159809112548828125">
        <ele>11.3999996185302734375</ele>
        <time>2025-08-11T12:47:06.000Z</time>
        <extensions>
          <ns3:TrackPointExtension>
            <ns3:hr>170</ns3:hr>
            <ns3:cad>88</ns3:cad>
          </ns3:TrackPointExtension>
        </extensions>
      </trkpt>
      <trkpt lat="24.519158899784088134765625" lon="118.16811122931540012359619140625">
        <ele>11.19999980926513671875</ele>
        <time>2025-08-11T12:47:07.000Z</time>
        <extensions>
          <ns3:TrackPointExtension>
            <ns3:hr>169</ns3:hr>
            <ns3:cad>88</ns3:cad>
          </ns3:TrackPointExtension>
        </extensions>
      </trkpt>
      <trkpt lat="24.519164264202117919921875" lon="118.16813084296882152557373046875">
        <ele>11.19999980926513671875</ele>
        <time>2025-08-11T12:47:08.000Z</time>
        <extensions>
          <ns3:TrackPointExtension>
            <ns3:hr>170</ns3:hr>
            <ns3:cad>88</ns3:cad>
          </ns3:TrackPointExtension>
        </extensions>
      </trkpt>
      <trkpt lat="24.51917004771530628204345703125" lon="118.16816286183893680572509765625">
        <ele>11</ele>
        <time>2025-08-11T12:47:09.000Z</time>
        <extensions>
          <ns3:TrackPointExtension>
            <ns3:hr>169</ns3:hr>
            <ns3:cad>88</ns3:cad>
          </ns3:TrackPointExtension>
        </extensions>
      </trkpt>
      <trkpt lat="24.5191776752471923828125" lon="118.16818146966397762298583984375">
        <ele>11</ele>
        <time>2025-08-11T12:47:10.000Z</time>
        <extensions>
          <ns3:TrackPointExtension>
            <ns3:hr>169</ns3:hr>
            <ns3:cad>88</ns3:cad>
          </ns3:TrackPointExtension>
        </extensions>
      </trkpt>
      <trkpt lat="24.5191872306168079376220703125" lon="118.16821197979152202606201171875">
        <ele>11</ele>
        <time>2025-08-11T12:47:11.000Z</time>
        <extensions>
          <ns3:TrackPointExtension>
            <ns3:hr>169</ns3:hr>
            <ns3:cad>88</ns3:cad>
          </ns3:TrackPointExtension>
        </extensions>
      </trkpt>
      <trkpt lat="24.5191993005573749542236328125" lon="118.1682330183684825897216796875">
        <ele>11</ele>
        <time>2025-08-11T12:47:12.000Z</time>
        <extensions>
          <ns3:TrackPointExtension>
            <ns3:hr>170</ns3:hr>
            <ns3:cad>88</ns3:cad>
          </ns3:TrackPointExtension>
        </extensions>
      </trkpt>
      <trkpt lat="24.51921053230762481689453125" lon="118.1682626903057098388671875">
        <ele>11</ele>
        <time>2025-08-11T12:47:13.000Z</time>
        <extensions>
          <ns3:TrackPointExtension>
            <ns3:hr>169</ns3:hr>
            <ns3:cad>87</ns3:cad>
          </ns3:TrackPointExtension>
        </extensions>
      </trkpt>
      <trkpt lat="24.5192219316959381103515625" lon="118.16828775219619274139404296875">
        <ele>11</ele>
        <time>2025-08-11T12:47:14.000Z</time>
        <extensions>
          <ns3:TrackPointExtension>
            <ns3:hr>169</ns3:hr>
            <ns3:cad>87</ns3:cad>
          </ns3:TrackPointExtension>
        </extensions>
      </trkpt>
      <trkpt lat="24.51923425309360027313232421875" lon="118.168311305344104766845703125">
        <ele>11</ele>
        <time>2025-08-11T12:47:15.000Z</time>
        <extensions>
          <ns3:TrackPointExtension>
            <ns3:hr>170</ns3:hr>
            <ns3:cad>87</ns3:cad>
          </ns3:TrackPointExtension>
        </extensions>
      </trkpt>
      <trkpt lat="24.51924405992031097412109375" lon="118.16833469085395336151123046875">
        <ele>11</ele>
        <time>2025-08-11T12:47:16.000Z</time>
        <extensions>
          <ns3:TrackPointExtension>
            <ns3:hr>169</ns3:hr>
            <ns3:cad>87</ns3:cad>
          </ns3:TrackPointExtension>
        </extensions>
      </trkpt>
      <trkpt lat="24.51925789006054401397705078125" lon="118.16836553625762462615966796875">
        <ele>10.80000019073486328125</ele>
        <time>2025-08-11T12:47:17.000Z</time>
        <extensions>
          <ns3:TrackPointExtension>
            <ns3:hr>169</ns3:hr>
            <ns3:cad>87</ns3:cad>
          </ns3:TrackPointExtension>
        </extensions>
      </trkpt>
      <trkpt lat="24.5192683674395084381103515625" lon="118.1683872453868389129638671875">
        <ele>10.6000003814697265625</ele>
        <time>2025-08-11T12:47:18.000Z</time>
        <extensions>
          <ns3:TrackPointExtension>
            <ns3:hr>169</ns3:hr>
            <ns3:cad>87</ns3:cad>
          </ns3:TrackPointExtension>
        </extensions>
      </trkpt>
      <trkpt lat="24.5192841254174709320068359375" lon="118.168413229286670684814453125">
        <ele>10.6000003814697265625</ele>
        <time>2025-08-11T12:47:19.000Z</time>
        <extensions>
          <ns3:TrackPointExtension>
            <ns3:hr>169</ns3:hr>
            <ns3:cad>88</ns3:cad>
          </ns3:TrackPointExtension>
        </extensions>
      </trkpt>
      <trkpt lat="24.51929678209125995635986328125" lon="118.16843569278717041015625">
        <ele>10.6000003814697265625</ele>
        <time>2025-08-11T12:47:20.000Z</time>
        <extensions>
          <ns3:TrackPointExtension>
            <ns3:hr>170</ns3:hr>
            <ns3:cad>88</ns3:cad>
          </ns3:TrackPointExtension>
        </extensions>
      </trkpt>
      <trkpt lat="24.51930843293666839599609375" lon="118.1684569828212261199951171875">
        <ele>10.6000003814697265625</ele>
        <time>2025-08-11T12:47:21.000Z</time>
        <extensions>
          <ns3:TrackPointExtension>
            <ns3:hr>169</ns3:hr>
            <ns3:cad>88</ns3:cad>
          </ns3:TrackPointExtension>
        </extensions>
      </trkpt>
      <trkpt lat="24.51931555755436420440673828125" lon="118.16847986541688442230224609375">
        <ele>10.6000003814697265625</ele>
        <time>2025-08-11T12:47:22.000Z</time>
        <extensions>
          <ns3:TrackPointExtension>
            <ns3:hr>169</ns3:hr>
            <ns3:cad>89</ns3:cad>
          </ns3:TrackPointExtension>
        </extensions>
      </trkpt>
      <trkpt lat="24.51932477764785289764404296875" lon="118.16850199364125728607177734375">
        <ele>10.80000019073486328125</ele>
        <time>2025-08-11T12:47:23.000Z</time>
        <extensions>
          <ns3:TrackPointExtension>
            <ns3:hr>169</ns3:hr>
            <ns3:cad>89</ns3:cad>
          </ns3:TrackPointExtension>
        </extensions>
      </trkpt>
      <trkpt lat="24.51933265663683414459228515625" lon="118.16852848045527935028076171875">
        <ele>10.80000019073486328125</ele>
        <time>2025-08-11T12:47:24.000Z</time>
        <extensions>
          <ns3:TrackPointExtension>
            <ns3:hr>169</ns3:hr>
            <ns3:cad>89</ns3:cad>
          </ns3:TrackPointExtension>
        </extensions>
      </trkpt>
      <trkpt lat="24.51933684758841991424560546875" lon="118.1685515306890010833740234375">
        <ele>10.80000019073486328125</ele>
        <time>2025-08-11T12:47:25.000Z</time>
        <extensions>
          <ns3:TrackPointExtension>
            <ns3:hr>169</ns3:hr>
            <ns3:cad>88</ns3:cad>
          </ns3:TrackPointExtension>
        </extensions>
      </trkpt>
      <trkpt lat="24.5193424634635448455810546875" lon="118.1685806997120380401611328125">
        <ele>10.80000019073486328125</ele>
        <time>2025-08-11T12:47:26.000Z</time>
        <extensions>
          <ns3:TrackPointExtension>
            <ns3:hr>169</ns3:hr>
            <ns3:cad>88</ns3:cad>
          </ns3:TrackPointExtension>
        </extensions>
      </trkpt>
      <trkpt lat="24.51935444958508014678955078125" lon="118.16860358230769634246826171875">
        <ele>10.80000019073486328125</ele>
        <time>2025-08-11T12:47:27.000Z</time>
        <extensions>
          <ns3:TrackPointExtension>
            <ns3:hr>169</ns3:hr>
            <ns3:cad>88</ns3:cad>
          </ns3:TrackPointExtension>
        </extensions>
      </trkpt>
      <trkpt lat="24.519360065460205078125" lon="118.16863677464425563812255859375">
        <ele>10.80000019073486328125</ele>
        <time>2025-08-11T12:47:28.000Z</time>
        <extensions>
          <ns3:TrackPointExtension>
            <ns3:hr>169</ns3:hr>
            <ns3:cad>89</ns3:cad>
          </ns3:TrackPointExtension>
        </extensions>
      </trkpt>
      <trkpt lat="24.51936819590628147125244140625" lon="118.16866057924926280975341796875">
        <ele>11</ele>
        <time>2025-08-11T12:47:29.000Z</time>
        <extensions>
          <ns3:TrackPointExtension>
            <ns3:hr>169</ns3:hr>
            <ns3:cad>89</ns3:cad>
          </ns3:TrackPointExtension>
        </extensions>
      </trkpt>
      <trkpt lat="24.519375152885913848876953125" lon="118.1686970405280590057373046875">
        <ele>11</ele>
        <time>2025-08-11T12:47:30.000Z</time>
        <extensions>
          <ns3:TrackPointExtension>
            <ns3:hr>169</ns3:hr>
            <ns3:cad>88</ns3:cad>
          </ns3:TrackPointExtension>
        </extensions>
      </trkpt>
      <trkpt lat="24.51939024031162261962890625" lon="118.1687134690582752227783203125">
        <ele>11</ele>
        <time>2025-08-11T12:47:31.000Z</time>
        <extensions>
          <ns3:TrackPointExtension>
            <ns3:hr>169</ns3:hr>
            <ns3:cad>88</ns3:cad>
          </ns3:TrackPointExtension>
        </extensions>
      </trkpt>
      <trkpt lat="24.51939602382481098175048828125" lon="118.168747164309024810791015625">
        <ele>11.19999980926513671875</ele>
        <time>2025-08-11T12:47:32.000Z</time>
        <extensions>
          <ns3:TrackPointExtension>
            <ns3:hr>169</ns3:hr>
            <ns3:cad>88</ns3:cad>
          </ns3:TrackPointExtension>
        </extensions>
      </trkpt>
      <trkpt lat="24.519402645528316497802734375" lon="118.16876828670501708984375">
        <ele>11.19999980926513671875</ele>
        <time>2025-08-11T12:47:33.000Z</time>
        <extensions>
          <ns3:TrackPointExtension>
            <ns3:hr>169</ns3:hr>
            <ns3:cad>88</ns3:cad>
          </ns3:TrackPointExtension>
        </extensions>
      </trkpt>
      <trkpt lat="24.51940792612731456756591796875" lon="118.16879502497613430023193359375">
        <ele>11.19999980926513671875</ele>
        <time>2025-08-11T12:47:34.000Z</time>
        <extensions>
          <ns3:TrackPointExtension>
            <ns3:hr>169</ns3:hr>
            <ns3:cad>87</ns3:cad>
          </ns3:TrackPointExtension>
        </extensions>
      </trkpt>
      <trkpt lat="24.51941261999309062957763671875" lon="118.16881983540952205657958984375">
        <ele>11.19999980926513671875</ele>
        <time>2025-08-11T12:47:35.000Z</time>
        <extensions>
          <ns3:TrackPointExtension>
            <ns3:hr>169</ns3:hr>
            <ns3:cad>88</ns3:cad>
          </ns3:TrackPointExtension>
        </extensions>
      </trkpt>
      <trkpt lat="24.5194205828011035919189453125" lon="118.16884716041386127471923828125">
        <ele>11.19999980926513671875</ele>
        <time>2025-08-11T12:47:36.000Z</time>
        <extensions>
          <ns3:TrackPointExtension>
            <ns3:hr>169</ns3:hr>
            <ns3:cad>87</ns3:cad>
          </ns3:TrackPointExtension>
        </extensions>
      </trkpt>
      <trkpt lat="24.51942100189626216888427734375" lon="118.168877921998500823974609375">
        <ele>11.19999980926513671875</ele>
        <time>2025-08-11T12:47:37.000Z</time>
        <extensions>
          <ns3:TrackPointExtension>
            <ns3:hr>169</ns3:hr>
            <ns3:cad>87</ns3:cad>
          </ns3:TrackPointExtension>
        </extensions>
      </trkpt>
      <trkpt lat="24.519427455961704254150390625" lon="118.16890172660350799560546875">
        <ele>11.19999980926513671875</ele>
        <time>2025-08-11T12:47:38.000Z</time>
        <extensions>
          <ns3:TrackPointExtension>
            <ns3:hr>169</ns3:hr>
            <ns3:cad>87</ns3:cad>
          </ns3:TrackPointExtension>
        </extensions>
      </trkpt>
      <trkpt lat="24.51943055726587772369384765625" lon="118.1689303927123546600341796875">
        <ele>11.3999996185302734375</ele>
        <time>2025-08-11T12:47:39.000Z</time>
        <extensions>
          <ns3:TrackPointExtension>
            <ns3:hr>169</ns3:hr>
            <ns3:cad>88</ns3:cad>
          </ns3:TrackPointExtension>
        </extensions>
      </trkpt>
      <trkpt lat="24.51943608932197093963623046875" lon="118.16895444877445697784423828125">
        <ele>11.3999996185302734375</ele>
        <time>2025-08-11T12:47:40.000Z</time>
        <extensions>
          <ns3:TrackPointExtension>
            <ns3:hr>169</ns3:hr>
            <ns3:cad>88</ns3:cad>
          </ns3:TrackPointExtension>
        </extensions>
      </trkpt>
      <trkpt lat="24.51943986117839813232421875" lon="118.16898143850266933441162109375">
        <ele>11.3999996185302734375</ele>
        <time>2025-08-11T12:47:41.000Z</time>
        <extensions>
          <ns3:TrackPointExtension>
            <ns3:hr>168</ns3:hr>
            <ns3:cad>88</ns3:cad>
          </ns3:TrackPointExtension>
        </extensions>
      </trkpt>
      <trkpt lat="24.519446231424808502197265625" lon="118.1690083444118499755859375">
        <ele>11.3999996185302734375</ele>
        <time>2025-08-11T12:47:42.000Z</time>
        <extensions>
          <ns3:TrackPointExtension>
            <ns3:hr>168</ns3:hr>
            <ns3:cad>88</ns3:cad>
          </ns3:TrackPointExtension>
        </extensions>
      </trkpt>
      <trkpt lat="24.51944933272898197174072265625" lon="118.1690351665019989013671875">
        <ele>11.6000003814697265625</ele>
        <time>2025-08-11T12:47:43.000Z</time>
        <extensions>
          <ns3:TrackPointExtension>
            <ns3:hr>168</ns3:hr>
            <ns3:cad>88</ns3:cad>
          </ns3:TrackPointExtension>
        </extensions>
      </trkpt>
      <trkpt lat="24.51945553533732891082763671875" lon="118.169056959450244903564453125">
        <ele>11.3999996185302734375</ele>
        <time>2025-08-11T12:47:44.000Z</time>
        <extensions>
          <ns3:TrackPointExtension>
            <ns3:hr>168</ns3:hr>
            <ns3:cad>88</ns3:cad>
          </ns3:TrackPointExtension>
        </extensions>
      </trkpt>
      <trkpt lat="24.5194557867944240570068359375" lon="118.16908637993037700653076171875">
        <ele>11.3999996185302734375</ele>
        <time>2025-08-11T12:47:45.000Z</time>
        <extensions>
          <ns3:TrackPointExtension>
            <ns3:hr>168</ns3:hr>
            <ns3:cad>89</ns3:cad>
          </ns3:TrackPointExtension>
        </extensions>
      </trkpt>
      <trkpt lat="24.5194604806602001190185546875" lon="118.169108927249908447265625">
        <ele>11.3999996185302734375</ele>
        <time>2025-08-11T12:47:46.000Z</time>
        <extensions>
          <ns3:TrackPointExtension>
            <ns3:hr>168</ns3:hr>
            <ns3:cad>89</ns3:cad>
          </ns3:TrackPointExtension>
        </extensions>
      </trkpt>
      <trkpt lat="24.519459642469882965087890625" lon="118.16914019174873828887939453125">
        <ele>11.3999996185302734375</ele>
        <time>2025-08-11T12:47:47.000Z</time>
        <extensions>
          <ns3:TrackPointExtension>
            <ns3:hr>168</ns3:hr>
            <ns3:cad>89</ns3:cad>
          </ns3:TrackPointExtension>
        </extensions>
      </trkpt>
      <trkpt lat="24.519458971917629241943359375" lon="118.169163577258586883544921875">
        <ele>11.19999980926513671875</ele>
        <time>2025-08-11T12:47:48.000Z</time>
        <extensions>
          <ns3:TrackPointExtension>
            <ns3:hr>168</ns3:hr>
            <ns3:cad>89</ns3:cad>
          </ns3:TrackPointExtension>
        </extensions>
      </trkpt>
      <trkpt lat="24.5194547809660434722900390625" lon="118.1691945903003215789794921875">
        <ele>11.19999980926513671875</ele>
        <time>2025-08-11T12:47:49.000Z</time>
        <extensions>
          <ns3:TrackPointExtension>
            <ns3:hr>168</ns3:hr>
            <ns3:cad>89</ns3:cad>
          </ns3:TrackPointExtension>
        </extensions>
      </trkpt>
      <trkpt lat="24.51945335604250431060791015625" lon="118.16922049038112163543701171875">
        <ele>11.3999996185302734375</ele>
        <time>2025-08-11T12:47:50.000Z</time>
        <extensions>
          <ns3:TrackPointExtension>
            <ns3:hr>168</ns3:hr>
            <ns3:cad>89</ns3:cad>
          </ns3:TrackPointExtension>
        </extensions>
      </trkpt>
      <trkpt lat="24.5194561220705509185791015625" lon="118.169253766536712646484375">
        <ele>11.3999996185302734375</ele>
        <time>2025-08-11T12:47:51.000Z</time>
        <extensions>
          <ns3:TrackPointExtension>
            <ns3:hr>168</ns3:hr>
            <ns3:cad>89</ns3:cad>
          </ns3:TrackPointExtension>
        </extensions>
      </trkpt>
      <trkpt lat="24.51946190558373928070068359375" lon="118.16927497275173664093017578125">
        <ele>11.3999996185302734375</ele>
        <time>2025-08-11T12:47:52.000Z</time>
        <extensions>
          <ns3:TrackPointExtension>
            <ns3:hr>168</ns3:hr>
            <ns3:cad>89</ns3:cad>
          </ns3:TrackPointExtension>
        </extensions>
      </trkpt>
      <trkpt lat="24.5194661803543567657470703125" lon="118.1693059019744396209716796875">
        <ele>11.3999996185302734375</ele>
        <time>2025-08-11T12:47:53.000Z</time>
        <extensions>
          <ns3:TrackPointExtension>
            <ns3:hr>167</ns3:hr>
            <ns3:cad>89</ns3:cad>
          </ns3:TrackPointExtension>
        </extensions>
      </trkpt>
      <trkpt lat="24.51947095803916454315185546875" lon="118.16933155059814453125">
        <ele>11.3999996185302734375</ele>
        <time>2025-08-11T12:47:54.000Z</time>
        <extensions>
          <ns3:TrackPointExtension>
            <ns3:hr>168</ns3:hr>
            <ns3:cad>89</ns3:cad>
          </ns3:TrackPointExtension>
        </extensions>
      </trkpt>
      <trkpt lat="24.5194762386381626129150390625" lon="118.16936063580214977264404296875">
        <ele>11.3999996185302734375</ele>
        <time>2025-08-11T12:47:55.000Z</time>
        <extensions>
          <ns3:TrackPointExtension>
            <ns3:hr>168</ns3:hr>
            <ns3:cad>89</ns3:cad>
          </ns3:TrackPointExtension>
        </extensions>
      </trkpt>
      <trkpt lat="24.51948034577071666717529296875" lon="118.16938242875039577484130859375">
        <ele>11.3999996185302734375</ele>
        <time>2025-08-11T12:47:56.000Z</time>
        <extensions>
          <ns3:TrackPointExtension>
            <ns3:hr>168</ns3:hr>
            <ns3:cad>89</ns3:cad>
          </ns3:TrackPointExtension>
        </extensions>
      </trkpt>
      <trkpt lat="24.519485794007778167724609375" lon="118.1694131903350353240966796875">
        <ele>11.3999996185302734375</ele>
        <time>2025-08-11T12:47:57.000Z</time>
        <extensions>
          <ns3:TrackPointExtension>
            <ns3:hr>168</ns3:hr>
            <ns3:cad>89</ns3:cad>
          </ns3:TrackPointExtension>
        </extensions>
      </trkpt>
      <trkpt lat="24.51948604546487331390380859375" lon="118.1694346480071544647216796875">
        <ele>11.3999996185302734375</ele>
        <time>2025-08-11T12:47:58.000Z</time>
        <extensions>
          <ns3:TrackPointExtension>
            <ns3:hr>168</ns3:hr>
            <ns3:cad>89</ns3:cad>
          </ns3:TrackPointExtension>
        </extensions>
      </trkpt>
      <trkpt lat="24.5194886438548564910888671875" lon="118.16946255974471569061279296875">
        <ele>11.3999996185302734375</ele>
        <time>2025-08-11T12:47:59.000Z</time>
        <extensions>
          <ns3:TrackPointExtension>
            <ns3:hr>169</ns3:hr>
            <ns3:cad>89</ns3:cad>
          </ns3:TrackPointExtension>
        </extensions>
      </trkpt>
      <trkpt lat="24.51949140988290309906005859375" lon="118.16948552615940570831298828125">
        <ele>11.3999996185302734375</ele>
        <time>2025-08-11T12:48:00.000Z</time>
        <extensions>
          <ns3:TrackPointExtension>
            <ns3:hr>168</ns3:hr>
            <ns3:cad>88</ns3:cad>
          </ns3:TrackPointExtension>
        </extensions>
      </trkpt>
      <trkpt lat="24.51949610374867916107177734375" lon="118.16951184533536434173583984375">
        <ele>11.3999996185302734375</ele>
        <time>2025-08-11T12:48:01.000Z</time>
        <extensions>
          <ns3:TrackPointExtension>
            <ns3:hr>168</ns3:hr>
            <ns3:cad>88</ns3:cad>
          </ns3:TrackPointExtension>
        </extensions>
      </trkpt>
      <trkpt lat="24.5195064134895801544189453125" lon="118.169539086520671844482421875">
        <ele>11.3999996185302734375</ele>
        <time>2025-08-11T12:48:02.000Z</time>
        <extensions>
          <ns3:TrackPointExtension>
            <ns3:hr>169</ns3:hr>
            <ns3:cad>88</ns3:cad>
          </ns3:TrackPointExtension>
        </extensions>
      </trkpt>
      <trkpt lat="24.5195137895643711090087890625" lon="118.1695640645921230316162109375">
        <ele>11.3999996185302734375</ele>
        <time>2025-08-11T12:48:03.000Z</time>
        <extensions>
          <ns3:TrackPointExtension>
            <ns3:hr>168</ns3:hr>
            <ns3:cad>88</ns3:cad>
          </ns3:TrackPointExtension>
        </extensions>
      </trkpt>
      <trkpt lat="24.519513286650180816650390625" lon="118.16959264688193798065185546875">
        <ele>11.3999996185302734375</ele>
        <time>2025-08-11T12:48:04.000Z</time>
        <extensions>
          <ns3:TrackPointExtension>
            <ns3:hr>168</ns3:hr>
            <ns3:cad>88</ns3:cad>
          </ns3:TrackPointExtension>
        </extensions>
      </trkpt>
      <trkpt lat="24.51952074654400348663330078125" lon="118.1696173734962940216064453125">
        <ele>11.3999996185302734375</ele>
        <time>2025-08-11T12:48:05.000Z</time>
        <extensions>
          <ns3:TrackPointExtension>
            <ns3:hr>169</ns3:hr>
            <ns3:cad>88</ns3:cad>
          </ns3:TrackPointExtension>
        </extensions>
      </trkpt>
      <trkpt lat="24.51952192001044750213623046875" lon="118.16964897327125072479248046875">
        <ele>11.19999980926513671875</ele>
        <time>2025-08-11T12:48:06.000Z</time>
        <extensions>
          <ns3:TrackPointExtension>
            <ns3:hr>168</ns3:hr>
            <ns3:cad>88</ns3:cad>
          </ns3:TrackPointExtension>
        </extensions>
      </trkpt>
      <trkpt lat="24.5195248536765575408935546875" lon="118.16967294551432132720947265625">
        <ele>11.19999980926513671875</ele>
        <time>2025-08-11T12:48:07.000Z</time>
        <extensions>
          <ns3:TrackPointExtension>
            <ns3:hr>168</ns3:hr>
            <ns3:cad>88</ns3:cad>
          </ns3:TrackPointExtension>
        </extensions>
      </trkpt>
      <trkpt lat="24.5195282064378261566162109375" lon="118.16970278508961200714111328125">
        <ele>11.19999980926513671875</ele>
        <time>2025-08-11T12:48:08.000Z</time>
        <extensions>
          <ns3:TrackPointExtension>
            <ns3:hr>168</ns3:hr>
            <ns3:cad>88</ns3:cad>
          </ns3:TrackPointExtension>
        </extensions>
      </trkpt>
      <trkpt lat="24.519528709352016448974609375" lon="118.16972742788493633270263671875">
        <ele>11.3999996185302734375</ele>
        <time>2025-08-11T12:48:09.000Z</time>
        <extensions>
          <ns3:TrackPointExtension>
            <ns3:hr>169</ns3:hr>
            <ns3:cad>88</ns3:cad>
          </ns3:TrackPointExtension>
        </extensions>
      </trkpt>
      <trkpt lat="24.51953516341745853424072265625" lon="118.1697602011263370513916015625">
        <ele>11.3999996185302734375</ele>
        <time>2025-08-11T12:48:10.000Z</time>
        <extensions>
          <ns3:TrackPointExtension>
            <ns3:hr>168</ns3:hr>
            <ns3:cad>88</ns3:cad>
          </ns3:TrackPointExtension>
        </extensions>
      </trkpt>
      <trkpt lat="24.51954253949224948883056640625" lon="118.16978626884520053863525390625">
        <ele>11.19999980926513671875</ele>
        <time>2025-08-11T12:48:11.000Z</time>
        <extensions>
          <ns3:TrackPointExtension>
            <ns3:hr>168</ns3:hr>
            <ns3:cad>88</ns3:cad>
          </ns3:TrackPointExtension>
        </extensions>
      </trkpt>
      <trkpt lat="24.51954782009124755859375" lon="118.16982013173401355743408203125">
        <ele>11.19999980926513671875</ele>
        <time>2025-08-11T12:48:12.000Z</time>
        <extensions>
          <ns3:TrackPointExtension>
            <ns3:hr>168</ns3:hr>
            <ns3:cad>88</ns3:cad>
          </ns3:TrackPointExtension>
        </extensions>
      </trkpt>
      <trkpt lat="24.51955251395702362060546875" lon="118.169847540557384490966796875">
        <ele>11.19999980926513671875</ele>
        <time>2025-08-11T12:48:13.000Z</time>
        <extensions>
          <ns3:TrackPointExtension>
            <ns3:hr>169</ns3:hr>
            <ns3:cad>88</ns3:cad>
          </ns3:TrackPointExtension>
        </extensions>
      </trkpt>
      <trkpt lat="24.51955896802246570587158203125" lon="118.16988408565521240234375">
        <ele>11.19999980926513671875</ele>
        <time>2025-08-11T12:48:14.000Z</time>
        <extensions>
          <ns3:TrackPointExtension>
            <ns3:hr>168</ns3:hr>
            <ns3:cad>88</ns3:cad>
          </ns3:TrackPointExtension>
        </extensions>
      </trkpt>
      <trkpt lat="24.5195639133453369140625" lon="118.169906549155712127685546875">
        <ele>11.19999980926513671875</ele>
        <time>2025-08-11T12:48:15.000Z</time>
        <extensions>
          <ns3:TrackPointExtension>
            <ns3:hr>168</ns3:hr>
            <ns3:cad>88</ns3:cad>
          </ns3:TrackPointExtension>
        </extensions>
      </trkpt>
      <trkpt lat="24.5195717923343181610107421875" lon="118.1699342094361782073974609375">
        <ele>11.19999980926513671875</ele>
        <time>2025-08-11T12:48:16.000Z</time>
        <extensions>
          <ns3:TrackPointExtension>
            <ns3:hr>168</ns3:hr>
            <ns3:cad>88</ns3:cad>
          </ns3:TrackPointExtension>
        </extensions>
      </trkpt>
      <trkpt lat="24.51957539655268192291259765625" lon="118.16995717585086822509765625">
        <ele>11.19999980926513671875</ele>
        <time>2025-08-11T12:48:17.000Z</time>
        <extensions>
          <ns3:TrackPointExtension>
            <ns3:hr>169</ns3:hr>
            <ns3:cad>88</ns3:cad>
          </ns3:TrackPointExtension>
        </extensions>
      </trkpt>
      <trkpt lat="24.51958863995969295501708984375" lon="118.16998290829360485076904296875">
        <ele>11.19999980926513671875</ele>
        <time>2025-08-11T12:48:18.000Z</time>
        <extensions>
          <ns3:TrackPointExtension>
            <ns3:hr>168</ns3:hr>
            <ns3:cad>88</ns3:cad>
          </ns3:TrackPointExtension>
        </extensions>
      </trkpt>
      <trkpt lat="24.51959283091127872467041015625" lon="118.17000679671764373779296875">
        <ele>11.19999980926513671875</ele>
        <time>2025-08-11T12:48:19.000Z</time>
        <extensions>
          <ns3:TrackPointExtension>
            <ns3:hr>168</ns3:hr>
            <ns3:cad>88</ns3:cad>
          </ns3:TrackPointExtension>
        </extensions>
      </trkpt>
      <trkpt lat="24.5196006260812282562255859375" lon="118.17003102041780948638916015625">
        <ele>11.19999980926513671875</ele>
        <time>2025-08-11T12:48:20.000Z</time>
        <extensions>
          <ns3:TrackPointExtension>
            <ns3:hr>168</ns3:hr>
            <ns3:cad>88</ns3:cad>
          </ns3:TrackPointExtension>
        </extensions>
      </trkpt>
      <trkpt lat="24.5196106843650341033935546875" lon="118.17005239427089691162109375">
        <ele>11.19999980926513671875</ele>
        <time>2025-08-11T12:48:21.000Z</time>
        <extensions>
          <ns3:TrackPointExtension>
            <ns3:hr>168</ns3:hr>
            <ns3:cad>88</ns3:cad>
          </ns3:TrackPointExtension>
        </extensions>
      </trkpt>
      <trkpt lat="24.51962082646787166595458984375" lon="118.1700731813907623291015625">
        <ele>11.19999980926513671875</ele>
        <time>2025-08-11T12:48:22.000Z</time>
        <extensions>
          <ns3:TrackPointExtension>
            <ns3:hr>168</ns3:hr>
            <ns3:cad>88</ns3:cad>
          </ns3:TrackPointExtension>
        </extensions>
      </trkpt>
      <trkpt lat="24.51963306404650211334228515625" lon="118.17009086720645427703857421875">
        <ele>11.19999980926513671875</ele>
        <time>2025-08-11T12:48:23.000Z</time>
        <extensions>
          <ns3:TrackPointExtension>
            <ns3:hr>168</ns3:hr>
            <ns3:cad>88</ns3:cad>
          </ns3:TrackPointExtension>
        </extensions>
      </trkpt>
      <trkpt lat="24.51964479871094226837158203125" lon="118.17010830156505107879638671875">
        <ele>11.19999980926513671875</ele>
        <time>2025-08-11T12:48:24.000Z</time>
        <extensions>
          <ns3:TrackPointExtension>
            <ns3:hr>168</ns3:hr>
            <ns3:cad>88</ns3:cad>
          </ns3:TrackPointExtension>
        </extensions>
      </trkpt>
      <trkpt lat="24.5196562819182872772216796875" lon="118.1701249815523624420166015625">
        <ele>11.19999980926513671875</ele>
        <time>2025-08-11T12:48:25.000Z</time>
        <extensions>
          <ns3:TrackPointExtension>
            <ns3:hr>168</ns3:hr>
            <ns3:cad>88</ns3:cad>
          </ns3:TrackPointExtension>
        </extensions>
      </trkpt>
      <trkpt lat="24.51967111788690090179443359375" lon="118.1701410748064517974853515625">
        <ele>11.19999980926513671875</ele>
        <time>2025-08-11T12:48:26.000Z</time>
        <extensions>
          <ns3:TrackPointExtension>
            <ns3:hr>168</ns3:hr>
            <ns3:cad>88</ns3:cad>
          </ns3:TrackPointExtension>
        </extensions>
      </trkpt>
      <trkpt lat="24.51968821696937084197998046875" lon="118.17016479559242725372314453125">
        <ele>11.19999980926513671875</ele>
        <time>2025-08-11T12:48:27.000Z</time>
        <extensions>
          <ns3:TrackPointExtension>
            <ns3:hr>168</ns3:hr>
            <ns3:cad>88</ns3:cad>
          </ns3:TrackPointExtension>
        </extensions>
      </trkpt>
      <trkpt lat="24.51970900408923625946044921875" lon="118.17018675617873668670654296875">
        <ele>11.3999996185302734375</ele>
        <time>2025-08-11T12:48:28.000Z</time>
        <extensions>
          <ns3:TrackPointExtension>
            <ns3:hr>168</ns3:hr>
            <ns3:cad>88</ns3:cad>
          </ns3:TrackPointExtension>
        </extensions>
      </trkpt>
      <trkpt lat="24.51972509734332561492919921875" lon="118.17021206952631473541259765625">
        <ele>11.3999996185302734375</ele>
        <time>2025-08-11T12:48:29.000Z</time>
        <extensions>
          <ns3:TrackPointExtension>
            <ns3:hr>168</ns3:hr>
            <ns3:cad>88</ns3:cad>
          </ns3:TrackPointExtension>
        </extensions>
      </trkpt>
      <trkpt lat="24.51974605210125446319580078125" lon="118.17022849805653095245361328125">
        <ele>11.3999996185302734375</ele>
        <time>2025-08-11T12:48:30.000Z</time>
        <extensions>
          <ns3:TrackPointExtension>
            <ns3:hr>167</ns3:hr>
            <ns3:cad>88</ns3:cad>
          </ns3:TrackPointExtension>
        </extensions>
      </trkpt>
      <trkpt lat="24.5197685994207859039306640625" lon="118.17025548778474330902099609375">
        <ele>11.3999996185302734375</ele>
        <time>2025-08-11T12:48:31.000Z</time>
        <extensions>
          <ns3:TrackPointExtension>
            <ns3:hr>168</ns3:hr>
            <ns3:cad>88</ns3:cad>
          </ns3:TrackPointExtension>
        </extensions>
      </trkpt>
      <trkpt lat="24.519785530865192413330078125" lon="118.17026873119175434112548828125">
        <ele>11.3999996185302734375</ele>
        <time>2025-08-11T12:48:32.000Z</time>
        <extensions>
          <ns3:TrackPointExtension>
            <ns3:hr>168</ns3:hr>
            <ns3:cad>88</ns3:cad>
          </ns3:TrackPointExtension>
        </extensions>
      </trkpt>
      <trkpt lat="24.519805647432804107666015625" lon="118.170296140015125274658203125">
        <ele>11.3999996185302734375</ele>
        <time>2025-08-11T12:48:33.000Z</time>
        <extensions>
          <ns3:TrackPointExtension>
            <ns3:hr>167</ns3:hr>
            <ns3:cad>88</ns3:cad>
          </ns3:TrackPointExtension>
        </extensions>
      </trkpt>
      <trkpt lat="24.51982215978205204010009765625" lon="118.17031030543148517608642578125">
        <ele>11.3999996185302734375</ele>
        <time>2025-08-11T12:48:34.000Z</time>
        <extensions>
          <ns3:TrackPointExtension>
            <ns3:hr>167</ns3:hr>
            <ns3:cad>88</ns3:cad>
          </ns3:TrackPointExtension>
        </extensions>
      </trkpt>
      <trkpt lat="24.5198396779596805572509765625" lon="118.17033712752163410186767578125">
        <ele>11.3999996185302734375</ele>
        <time>2025-08-11T12:48:35.000Z</time>
        <extensions>
          <ns3:TrackPointExtension>
            <ns3:hr>167</ns3:hr>
            <ns3:cad>88</ns3:cad>
          </ns3:TrackPointExtension>
        </extensions>
      </trkpt>
      <trkpt lat="24.51985451392829418182373046875" lon="118.1703516282141208648681640625">
        <ele>11.3999996185302734375</ele>
        <time>2025-08-11T12:48:36.000Z</time>
        <extensions>
          <ns3:TrackPointExtension>
            <ns3:hr>167</ns3:hr>
            <ns3:cad>88</ns3:cad>
          </ns3:TrackPointExtension>
        </extensions>
      </trkpt>
      <trkpt lat="24.51987178064882755279541015625" lon="118.17037199623882770538330078125">
        <ele>11.6000003814697265625</ele>
        <time>2025-08-11T12:48:37.000Z</time>
        <extensions>
          <ns3:TrackPointExtension>
            <ns3:hr>167</ns3:hr>
            <ns3:cad>88</ns3:cad>
          </ns3:TrackPointExtension>
        </extensions>
      </trkpt>
      <trkpt lat="24.5198842696845531463623046875" lon="118.1703864969313144683837890625">
        <ele>11.6000003814697265625</ele>
        <time>2025-08-11T12:48:38.000Z</time>
        <extensions>
          <ns3:TrackPointExtension>
            <ns3:hr>167</ns3:hr>
            <ns3:cad>88</ns3:cad>
          </ns3:TrackPointExtension>
        </extensions>
      </trkpt>
      <trkpt lat="24.51990262605249881744384765625" lon="118.17041222937405109405517578125">
        <ele>11.3999996185302734375</ele>
        <time>2025-08-11T12:48:39.000Z</time>
        <extensions>
          <ns3:TrackPointExtension>
            <ns3:hr>167</ns3:hr>
            <ns3:cad>89</ns3:cad>
          </ns3:TrackPointExtension>
        </extensions>
      </trkpt>
      <trkpt lat="24.51992223970592021942138671875" lon="118.17042966373264789581298828125">
        <ele>11.3999996185302734375</ele>
        <time>2025-08-11T12:48:40.000Z</time>
        <extensions>
          <ns3:TrackPointExtension>
            <ns3:hr>167</ns3:hr>
            <ns3:cad>89</ns3:cad>
          </ns3:TrackPointExtension>
        </extensions>
      </trkpt>
      <trkpt lat="24.5199439488351345062255859375" lon="118.1704580783843994140625">
        <ele>11.3999996185302734375</ele>
        <time>2025-08-11T12:48:41.000Z</time>
        <extensions>
          <ns3:TrackPointExtension>
            <ns3:hr>167</ns3:hr>
            <ns3:cad>89</ns3:cad>
          </ns3:TrackPointExtension>
        </extensions>
      </trkpt>
      <trkpt lat="24.51996213756501674652099609375" lon="118.1704756803810596466064453125">
        <ele>11.3999996185302734375</ele>
        <time>2025-08-11T12:48:42.000Z</time>
        <extensions>
          <ns3:TrackPointExtension>
            <ns3:hr>167</ns3:hr>
            <ns3:cad>89</ns3:cad>
          </ns3:TrackPointExtension>
        </extensions>
      </trkpt>
      <trkpt lat="24.5199831761419773101806640625" lon="118.1704947911202907562255859375">
        <ele>11.3999996185302734375</ele>
        <time>2025-08-11T12:48:43.000Z</time>
        <extensions>
          <ns3:TrackPointExtension>
            <ns3:hr>167</ns3:hr>
            <ns3:cad>89</ns3:cad>
          </ns3:TrackPointExtension>
        </extensions>
      </trkpt>
      <trkpt lat="24.52000052668154239654541015625" lon="118.17051264457404613494873046875">
        <ele>11.3999996185302734375</ele>
        <time>2025-08-11T12:48:44.000Z</time>
        <extensions>
          <ns3:TrackPointExtension>
            <ns3:hr>167</ns3:hr>
            <ns3:cad>89</ns3:cad>
          </ns3:TrackPointExtension>
        </extensions>
      </trkpt>
      <trkpt lat="24.52001997269690036773681640625" lon="118.17053695209324359893798828125">
        <ele>11.3999996185302734375</ele>
        <time>2025-08-11T12:48:45.000Z</time>
        <extensions>
          <ns3:TrackPointExtension>
            <ns3:hr>167</ns3:hr>
            <ns3:cad>89</ns3:cad>
          </ns3:TrackPointExtension>
        </extensions>
      </trkpt>
      <trkpt lat="24.52003740705549716949462890625" lon="118.1705531291663646697998046875">
        <ele>11.3999996185302734375</ele>
        <time>2025-08-11T12:48:46.000Z</time>
        <extensions>
          <ns3:TrackPointExtension>
            <ns3:hr>167</ns3:hr>
            <ns3:cad>89</ns3:cad>
          </ns3:TrackPointExtension>
        </extensions>
      </trkpt>
      <trkpt lat="24.5200636424124240875244140625" lon="118.1705752573907375335693359375">
        <ele>11.6000003814697265625</ele>
        <time>2025-08-11T12:48:47.000Z</time>
        <extensions>
          <ns3:TrackPointExtension>
            <ns3:hr>167</ns3:hr>
            <ns3:cad>88</ns3:cad>
          </ns3:TrackPointExtension>
        </extensions>
      </trkpt>
      <trkpt lat="24.520087279379367828369140625" lon="118.17058707587420940399169921875">
        <ele>11.6000003814697265625</ele>
        <time>2025-08-11T12:48:48.000Z</time>
        <extensions>
          <ns3:TrackPointExtension>
            <ns3:hr>167</ns3:hr>
            <ns3:cad>88</ns3:cad>
          </ns3:TrackPointExtension>
        </extensions>
      </trkpt>
      <trkpt lat="24.5201139338314533233642578125" lon="118.17060635425150394439697265625">
        <ele>11.6000003814697265625</ele>
        <time>2025-08-11T12:48:49.000Z</time>
        <extensions>
          <ns3:TrackPointExtension>
            <ns3:hr>167</ns3:hr>
            <ns3:cad>89</ns3:cad>
          </ns3:TrackPointExtension>
        </extensions>
      </trkpt>
      <trkpt lat="24.52013631351292133331298828125" lon="118.1706203520298004150390625">
        <ele>11.6000003814697265625</ele>
        <time>2025-08-11T12:48:50.000Z</time>
        <extensions>
          <ns3:TrackPointExtension>
            <ns3:hr>166</ns3:hr>
            <ns3:cad>89</ns3:cad>
          </ns3:TrackPointExtension>
        </extensions>
      </trkpt>
      <trkpt lat="24.520165063440799713134765625" lon="118.1706349365413188934326171875">
        <ele>11.6000003814697265625</ele>
        <time>2025-08-11T12:48:51.000Z</time>
        <extensions>
          <ns3:TrackPointExtension>
            <ns3:hr>167</ns3:hr>
            <ns3:cad>90</ns3:cad>
          </ns3:TrackPointExtension>
        </extensions>
      </trkpt>
      <trkpt lat="24.5201876945793628692626953125" lon="118.1706433184444904327392578125">
        <ele>11.6000003814697265625</ele>
        <time>2025-08-11T12:48:52.000Z</time>
        <extensions>
          <ns3:TrackPointExtension>
            <ns3:hr>167</ns3:hr>
            <ns3:cad>90</ns3:cad>
          </ns3:TrackPointExtension>
        </extensions>
      </trkpt>
      <trkpt lat="24.52021778561174869537353515625" lon="118.17065513692796230316162109375">
        <ele>11.6000003814697265625</ele>
        <time>2025-08-11T12:48:53.000Z</time>
        <extensions>
          <ns3:TrackPointExtension>
            <ns3:hr>167</ns3:hr>
            <ns3:cad>90</ns3:cad>
          </ns3:TrackPointExtension>
        </extensions>
      </trkpt>
      <trkpt lat="24.5202403329312801361083984375" lon="118.1706604175269603729248046875">
        <ele>11.6000003814697265625</ele>
        <time>2025-08-11T12:48:54.000Z</time>
        <extensions>
          <ns3:TrackPointExtension>
            <ns3:hr>167</ns3:hr>
            <ns3:cad>90</ns3:cad>
          </ns3:TrackPointExtension>
        </extensions>
      </trkpt>
      <trkpt lat="24.52027075923979282379150390625" lon="118.1706632673740386962890625">
        <ele>11.6000003814697265625</ele>
        <time>2025-08-11T12:48:55.000Z</time>
        <extensions>
          <ns3:TrackPointExtension>
            <ns3:hr>167</ns3:hr>
            <ns3:cad>90</ns3:cad>
          </ns3:TrackPointExtension>
        </extensions>
      </trkpt>
      <trkpt lat="24.520294480025768280029296875" lon="118.17066435702145099639892578125">
        <ele>11.3999996185302734375</ele>
        <time>2025-08-11T12:48:56.000Z</time>
        <extensions>
          <ns3:TrackPointExtension>
            <ns3:hr>167</ns3:hr>
            <ns3:cad>90</ns3:cad>
          </ns3:TrackPointExtension>
        </extensions>
      </trkpt>
      <trkpt lat="24.52032574452459812164306640625" lon="118.17067357711493968963623046875">
        <ele>11.3999996185302734375</ele>
        <time>2025-08-11T12:48:57.000Z</time>
        <extensions>
          <ns3:TrackPointExtension>
            <ns3:hr>167</ns3:hr>
            <ns3:cad>91</ns3:cad>
          </ns3:TrackPointExtension>
        </extensions>
      </trkpt>
      <trkpt lat="24.520347118377685546875" lon="118.170679025352001190185546875">
        <ele>11.3999996185302734375</ele>
        <time>2025-08-11T12:48:58.000Z</time>
        <extensions>
          <ns3:TrackPointExtension>
            <ns3:hr>167</ns3:hr>
            <ns3:cad>91</ns3:cad>
          </ns3:TrackPointExtension>
        </extensions>
      </trkpt>
      <trkpt lat="24.5203720964491367340087890625" lon="118.17069076001644134521484375">
        <ele>11.3999996185302734375</ele>
        <time>2025-08-11T12:48:59.000Z</time>
        <extensions>
          <ns3:TrackPointExtension>
            <ns3:hr>167</ns3:hr>
            <ns3:cad>91</ns3:cad>
          </ns3:TrackPointExtension>
        </extensions>
      </trkpt>
      <trkpt lat="24.5203928835690021514892578125" lon="118.170700483024120330810546875">
        <ele>11.3999996185302734375</ele>
        <time>2025-08-11T12:49:00.000Z</time>
        <extensions>
          <ns3:TrackPointExtension>
            <ns3:hr>167</ns3:hr>
            <ns3:cad>90</ns3:cad>
          </ns3:TrackPointExtension>
        </extensions>
      </trkpt>
      <trkpt lat="24.5204222202301025390625" lon="118.17071582190692424774169921875">
        <ele>11.3999996185302734375</ele>
        <time>2025-08-11T12:49:01.000Z</time>
        <extensions>
          <ns3:TrackPointExtension>
            <ns3:hr>168</ns3:hr>
            <ns3:cad>90</ns3:cad>
          </ns3:TrackPointExtension>
        </extensions>
      </trkpt>
      <trkpt lat="24.5204458571970462799072265625" lon="118.170721270143985748291015625">
        <ele>11.3999996185302734375</ele>
        <time>2025-08-11T12:49:02.000Z</time>
        <extensions>
          <ns3:TrackPointExtension>
            <ns3:hr>167</ns3:hr>
            <ns3:cad>90</ns3:cad>
          </ns3:TrackPointExtension>
        </extensions>
      </trkpt>
      <trkpt lat="24.52047309838235378265380859375" lon="118.1707288138568401336669921875">
        <ele>11.19999980926513671875</ele>
        <time>2025-08-11T12:49:03.000Z</time>
        <extensions>
          <ns3:TrackPointExtension>
            <ns3:hr>167</ns3:hr>
            <ns3:cad>90</ns3:cad>
          </ns3:TrackPointExtension>
        </extensions>
      </trkpt>
      <trkpt lat="24.52049396932125091552734375" lon="118.17073191516101360321044921875">
        <ele>11.19999980926513671875</ele>
        <time>2025-08-11T12:49:04.000Z</time>
        <extensions>
          <ns3:TrackPointExtension>
            <ns3:hr>168</ns3:hr>
            <ns3:cad>90</ns3:cad>
          </ns3:TrackPointExtension>
        </extensions>
      </trkpt>
      <trkpt lat="24.52052573673427104949951171875" lon="118.170740716159343719482421875">
        <ele>11.19999980926513671875</ele>
        <time>2025-08-11T12:49:05.000Z</time>
        <extensions>
          <ns3:TrackPointExtension>
            <ns3:hr>168</ns3:hr>
            <ns3:cad>89</ns3:cad>
          </ns3:TrackPointExtension>
        </extensions>
      </trkpt>
      <trkpt lat="24.5205538161098957061767578125" lon="118.17074381746351718902587890625">
        <ele>11.19999980926513671875</ele>
        <time>2025-08-11T12:49:06.000Z</time>
        <extensions>
          <ns3:TrackPointExtension>
            <ns3:hr>168</ns3:hr>
            <ns3:cad>89</ns3:cad>
          </ns3:TrackPointExtension>
        </extensions>
      </trkpt>
      <trkpt lat="24.5205866731703281402587890625" lon="118.17074767313897609710693359375">
        <ele>11.19999980926513671875</ele>
        <time>2025-08-11T12:49:07.000Z</time>
        <extensions>
          <ns3:TrackPointExtension>
            <ns3:hr>168</ns3:hr>
            <ns3:cad>89</ns3:cad>
          </ns3:TrackPointExtension>
        </extensions>
      </trkpt>
      <trkpt lat="24.52061257325112819671630859375" lon="118.17074834369122982025146484375">
        <ele>11.19999980926513671875</ele>
        <time>2025-08-11T12:49:08.000Z</time>
        <extensions>
          <ns3:TrackPointExtension>
            <ns3:hr>168</ns3:hr>
            <ns3:cad>89</ns3:cad>
          </ns3:TrackPointExtension>
        </extensions>
      </trkpt>
      <trkpt lat="24.5206416584551334381103515625" lon="118.170750103890895843505859375">
        <ele>11.19999980926513671875</ele>
        <time>2025-08-11T12:49:09.000Z</time>
        <extensions>
          <ns3:TrackPointExtension>
            <ns3:hr>167</ns3:hr>
            <ns3:cad>88</ns3:cad>
          </ns3:TrackPointExtension>
        </extensions>
      </trkpt>
      <trkpt lat="24.52066940255463123321533203125" lon="118.1707489304244518280029296875">
        <ele>11.3999996185302734375</ele>
        <time>2025-08-11T12:49:10.000Z</time>
        <extensions>
          <ns3:TrackPointExtension>
            <ns3:hr>168</ns3:hr>
            <ns3:cad>88</ns3:cad>
          </ns3:TrackPointExtension>
        </extensions>
      </trkpt>
      <trkpt lat="24.52069488354027271270751953125" lon="118.17075236700475215911865234375">
        <ele>11.3999996185302734375</ele>
        <time>2025-08-11T12:49:11.000Z</time>
        <extensions>
          <ns3:TrackPointExtension>
            <ns3:hr>168</ns3:hr>
            <ns3:cad>88</ns3:cad>
          </ns3:TrackPointExtension>
        </extensions>
      </trkpt>
      <trkpt lat="24.52072002924978733062744140625" lon="118.1707599945366382598876953125">
        <ele>11.3999996185302734375</ele>
        <time>2025-08-11T12:49:12.000Z</time>
        <extensions>
          <ns3:TrackPointExtension>
            <ns3:hr>168</ns3:hr>
            <ns3:cad>88</ns3:cad>
          </ns3:TrackPointExtension>
        </extensions>
      </trkpt>
      <trkpt lat="24.52074500732123851776123046875" lon="118.17076292820274829864501953125">
        <ele>11.3999996185302734375</ele>
        <time>2025-08-11T12:49:13.000Z</time>
        <extensions>
          <ns3:TrackPointExtension>
            <ns3:hr>168</ns3:hr>
            <ns3:cad>88</ns3:cad>
          </ns3:TrackPointExtension>
        </extensions>
      </trkpt>
      <trkpt lat="24.52076981775462627410888671875" lon="118.1707720644772052764892578125">
        <ele>11.3999996185302734375</ele>
        <time>2025-08-11T12:49:14.000Z</time>
        <extensions>
          <ns3:TrackPointExtension>
            <ns3:hr>168</ns3:hr>
            <ns3:cad>88</ns3:cad>
          </ns3:TrackPointExtension>
        </extensions>
      </trkpt>
      <trkpt lat="24.52079211361706256866455078125" lon="118.17077198065817356109619140625">
        <ele>11.6000003814697265625</ele>
        <time>2025-08-11T12:49:15.000Z</time>
        <extensions>
          <ns3:TrackPointExtension>
            <ns3:hr>168</ns3:hr>
            <ns3:cad>88</ns3:cad>
          </ns3:TrackPointExtension>
        </extensions>
      </trkpt>
      <trkpt lat="24.520820192992687225341796875" lon="118.17077969200909137725830078125">
        <ele>11.3999996185302734375</ele>
        <time>2025-08-11T12:49:16.000Z</time>
        <extensions>
          <ns3:TrackPointExtension>
            <ns3:hr>168</ns3:hr>
            <ns3:cad>88</ns3:cad>
          </ns3:TrackPointExtension>
        </extensions>
      </trkpt>
      <trkpt lat="24.52084005810320377349853515625" lon="118.17078530788421630859375">
        <ele>11.3999996185302734375</ele>
        <time>2025-08-11T12:49:17.000Z</time>
        <extensions>
          <ns3:TrackPointExtension>
            <ns3:hr>168</ns3:hr>
            <ns3:cad>88</ns3:cad>
          </ns3:TrackPointExtension>
        </extensions>
      </trkpt>
      <trkpt lat="24.520864449441432952880859375" lon="118.170797042548656463623046875">
        <ele>11.3999996185302734375</ele>
        <time>2025-08-11T12:49:18.000Z</time>
        <extensions>
          <ns3:TrackPointExtension>
            <ns3:hr>168</ns3:hr>
            <ns3:cad>88</ns3:cad>
          </ns3:TrackPointExtension>
        </extensions>
      </trkpt>
      <trkpt lat="24.5208850689232349395751953125" lon="118.1708032451570034027099609375">
        <ele>11.3999996185302734375</ele>
        <time>2025-08-11T12:49:19.000Z</time>
        <extensions>
          <ns3:TrackPointExtension>
            <ns3:hr>168</ns3:hr>
            <ns3:cad>88</ns3:cad>
          </ns3:TrackPointExtension>
        </extensions>
      </trkpt>
      <trkpt lat="24.5209115557372570037841796875" lon="118.170815818011760711669921875">
        <ele>11.6000003814697265625</ele>
        <time>2025-08-11T12:49:20.000Z</time>
        <extensions>
          <ns3:TrackPointExtension>
            <ns3:hr>168</ns3:hr>
            <ns3:cad>88</ns3:cad>
          </ns3:TrackPointExtension>
        </extensions>
      </trkpt>
      <trkpt lat="24.52093343250453472137451171875" lon="118.17081858403980731964111328125">
        <ele>11.6000003814697265625</ele>
        <time>2025-08-11T12:49:21.000Z</time>
        <extensions>
          <ns3:TrackPointExtension>
            <ns3:hr>168</ns3:hr>
            <ns3:cad>89</ns3:cad>
          </ns3:TrackPointExtension>
        </extensions>
      </trkpt>
      <trkpt lat="24.52096109278500080108642578125" lon="118.17083216272294521331787109375">
        <ele>11.6000003814697265625</ele>
        <time>2025-08-11T12:49:22.000Z</time>
        <extensions>
          <ns3:TrackPointExtension>
            <ns3:hr>168</ns3:hr>
            <ns3:cad>89</ns3:cad>
          </ns3:TrackPointExtension>
        </extensions>
      </trkpt>
      <trkpt lat="24.520981796085834503173828125" lon="118.1708347611129283905029296875">
        <ele>11.6000003814697265625</ele>
        <time>2025-08-11T12:49:23.000Z</time>
        <extensions>
          <ns3:TrackPointExtension>
            <ns3:hr>168</ns3:hr>
            <ns3:cad>89</ns3:cad>
          </ns3:TrackPointExtension>
        </extensions>
      </trkpt>
      <trkpt lat="24.521009288728237152099609375" lon="118.1708451546728610992431640625">
        <ele>11.6000003814697265625</ele>
        <time>2025-08-11T12:49:24.000Z</time>
        <extensions>
          <ns3:TrackPointExtension>
            <ns3:hr>169</ns3:hr>
            <ns3:cad>89</ns3:cad>
          </ns3:TrackPointExtension>
        </extensions>
      </trkpt>
      <trkpt lat="24.521029405295848846435546875" lon="118.17084507085382938385009765625">
        <ele>11.3999996185302734375</ele>
        <time>2025-08-11T12:49:25.000Z</time>
        <extensions>
          <ns3:TrackPointExtension>
            <ns3:hr>169</ns3:hr>
            <ns3:cad>89</ns3:cad>
          </ns3:TrackPointExtension>
        </extensions>
      </trkpt>
      <trkpt lat="24.52105279080569744110107421875" lon="118.1708555482327938079833984375">
        <ele>11.3999996185302734375</ele>
        <time>2025-08-11T12:49:26.000Z</time>
        <extensions>
          <ns3:TrackPointExtension>
            <ns3:hr>169</ns3:hr>
            <ns3:cad>89</ns3:cad>
          </ns3:TrackPointExtension>
        </extensions>
      </trkpt>
      <trkpt lat="24.52107290737330913543701171875" lon="118.17085948772728443145751953125">
        <ele>11.6000003814697265625</ele>
        <time>2025-08-11T12:49:27.000Z</time>
        <extensions>
          <ns3:TrackPointExtension>
            <ns3:hr>169</ns3:hr>
            <ns3:cad>89</ns3:cad>
          </ns3:TrackPointExtension>
        </extensions>
      </trkpt>
      <trkpt lat="24.5210956223309040069580078125" lon="118.17087306641042232513427734375">
        <ele>11.6000003814697265625</ele>
        <time>2025-08-11T12:49:28.000Z</time>
        <extensions>
          <ns3:TrackPointExtension>
            <ns3:hr>168</ns3:hr>
            <ns3:cad>89</ns3:cad>
          </ns3:TrackPointExtension>
        </extensions>
      </trkpt>
      <trkpt lat="24.5211170800030231475830078125" lon="118.1708816997706890106201171875">
        <ele>11.6000003814697265625</ele>
        <time>2025-08-11T12:49:29.000Z</time>
        <extensions>
          <ns3:TrackPointExtension>
            <ns3:hr>169</ns3:hr>
            <ns3:cad>90</ns3:cad>
          </ns3:TrackPointExtension>
        </extensions>
      </trkpt>
      <trkpt lat="24.52114314772188663482666015625" lon="118.17089251242578029632568359375">
        <ele>11.6000003814697265625</ele>
        <time>2025-08-11T12:49:30.000Z</time>
        <extensions>
          <ns3:TrackPointExtension>
            <ns3:hr>169</ns3:hr>
            <ns3:cad>90</ns3:cad>
          </ns3:TrackPointExtension>
        </extensions>
      </trkpt>
      <trkpt lat="24.5211690478026866912841796875" lon="118.17090055905282497406005859375">
        <ele>11.6000003814697265625</ele>
        <time>2025-08-11T12:49:31.000Z</time>
        <extensions>
          <ns3:TrackPointExtension>
            <ns3:hr>169</ns3:hr>
            <ns3:cad>91</ns3:cad>
          </ns3:TrackPointExtension>
        </extensions>
      </trkpt>
      <trkpt lat="24.521205089986324310302734375" lon="118.1709207594394683837890625">
        <ele>11.6000003814697265625</ele>
        <time>2025-08-11T12:49:32.000Z</time>
        <extensions>
          <ns3:TrackPointExtension>
            <ns3:hr>169</ns3:hr>
            <ns3:cad>91</ns3:cad>
          </ns3:TrackPointExtension>
        </extensions>
      </trkpt>
      <trkpt lat="24.52122864313423633575439453125" lon="118.1709299795329570770263671875">
        <ele>11.6000003814697265625</ele>
        <time>2025-08-11T12:49:33.000Z</time>
        <extensions>
          <ns3:TrackPointExtension>
            <ns3:hr>169</ns3:hr>
            <ns3:cad>91</ns3:cad>
          </ns3:TrackPointExtension>
        </extensions>
      </trkpt>
      <trkpt lat="24.5212535373866558074951171875" lon="118.17093995399773120880126953125">
        <ele>11.6000003814697265625</ele>
        <time>2025-08-11T12:49:34.000Z</time>
        <extensions>
          <ns3:TrackPointExtension>
            <ns3:hr>169</ns3:hr>
            <ns3:cad>89</ns3:cad>
          </ns3:TrackPointExtension>
        </extensions>
      </trkpt>
      <trkpt lat="24.52127541415393352508544921875" lon="118.17094984464347362518310546875">
        <ele>11.6000003814697265625</ele>
        <time>2025-08-11T12:49:35.000Z</time>
        <extensions>
          <ns3:TrackPointExtension>
            <ns3:hr>169</ns3:hr>
            <ns3:cad>88</ns3:cad>
          </ns3:TrackPointExtension>
        </extensions>
      </trkpt>
      <trkpt lat="24.52129385434091091156005859375" lon="118.17096325568854808807373046875">
        <ele>11.6000003814697265625</ele>
        <time>2025-08-11T12:49:36.000Z</time>
        <extensions>
          <ns3:TrackPointExtension>
            <ns3:hr>169</ns3:hr>
            <ns3:cad>88</ns3:cad>
          </ns3:TrackPointExtension>
        </extensions>
      </trkpt>
      <trkpt lat="24.5213122107088565826416015625" lon="118.1709762476384639739990234375">
        <ele>11.6000003814697265625</ele>
        <time>2025-08-11T12:49:37.000Z</time>
        <extensions>
          <ns3:TrackPointExtension>
            <ns3:hr>169</ns3:hr>
            <ns3:cad>89</ns3:cad>
          </ns3:TrackPointExtension>
        </extensions>
      </trkpt>
      <trkpt lat="24.5213303156197071075439453125" lon="118.170990832149982452392578125">
        <ele>11.6000003814697265625</ele>
        <time>2025-08-11T12:49:38.000Z</time>
        <extensions>
          <ns3:TrackPointExtension>
            <ns3:hr>169</ns3:hr>
            <ns3:cad>89</ns3:cad>
          </ns3:TrackPointExtension>
        </extensions>
      </trkpt>
      <trkpt lat="24.52134816907346248626708984375" lon="118.17100734449923038482666015625">
        <ele>11.6000003814697265625</ele>
        <time>2025-08-11T12:49:39.000Z</time>
        <extensions>
          <ns3:TrackPointExtension>
            <ns3:hr>169</ns3:hr>
            <ns3:cad>89</ns3:cad>
          </ns3:TrackPointExtension>
        </extensions>
      </trkpt>
      <trkpt lat="24.5213762484490871429443359375" lon="118.171017654240131378173828125">
        <ele>11.6000003814697265625</ele>
        <time>2025-08-11T12:49:40.000Z</time>
        <extensions>
          <ns3:TrackPointExtension>
            <ns3:hr>169</ns3:hr>
            <ns3:cad>88</ns3:cad>
          </ns3:TrackPointExtension>
        </extensions>
      </trkpt>
      <trkpt lat="24.521393515169620513916015625" lon="118.171024024486541748046875">
        <ele>11.6000003814697265625</ele>
        <time>2025-08-11T12:49:41.000Z</time>
        <extensions>
          <ns3:TrackPointExtension>
            <ns3:hr>169</ns3:hr>
            <ns3:cad>88</ns3:cad>
          </ns3:TrackPointExtension>
        </extensions>
      </trkpt>
      <trkpt lat="24.52141472138464450836181640625" lon="118.17103299312293529510498046875">
        <ele>11.6000003814697265625</ele>
        <time>2025-08-11T12:49:42.000Z</time>
        <extensions>
          <ns3:TrackPointExtension>
            <ns3:hr>169</ns3:hr>
            <ns3:cad>88</ns3:cad>
          </ns3:TrackPointExtension>
        </extensions>
      </trkpt>
      <trkpt lat="24.52143584378063678741455078125" lon="118.171037100255489349365234375">
        <ele>11.6000003814697265625</ele>
        <time>2025-08-11T12:49:43.000Z</time>
        <extensions>
          <ns3:TrackPointExtension>
            <ns3:hr>169</ns3:hr>
            <ns3:cad>88</ns3:cad>
          </ns3:TrackPointExtension>
        </extensions>
      </trkpt>
      <trkpt lat="24.52145981602370738983154296875" lon="118.17104053683578968048095703125">
        <ele>11.6000003814697265625</ele>
        <time>2025-08-11T12:49:44.000Z</time>
        <extensions>
          <ns3:TrackPointExtension>
            <ns3:hr>169</ns3:hr>
            <ns3:cad>88</ns3:cad>
          </ns3:TrackPointExtension>
        </extensions>
      </trkpt>
      <trkpt lat="24.52148613519966602325439453125" lon="118.17104615271091461181640625">
        <ele>11.6000003814697265625</ele>
        <time>2025-08-11T12:49:45.000Z</time>
        <extensions>
          <ns3:TrackPointExtension>
            <ns3:hr>169</ns3:hr>
            <ns3:cad>88</ns3:cad>
          </ns3:TrackPointExtension>
        </extensions>
      </trkpt>
      <trkpt lat="24.521511532366275787353515625" lon="118.17104925401508808135986328125">
        <ele>11.6000003814697265625</ele>
        <time>2025-08-11T12:49:46.000Z</time>
        <extensions>
          <ns3:TrackPointExtension>
            <ns3:hr>169</ns3:hr>
            <ns3:cad>88</ns3:cad>
          </ns3:TrackPointExtension>
        </extensions>
      </trkpt>
      <trkpt lat="24.52153961174190044403076171875" lon="118.17105880938470363616943359375">
        <ele>11.3999996185302734375</ele>
        <time>2025-08-11T12:49:47.000Z</time>
        <extensions>
          <ns3:TrackPointExtension>
            <ns3:hr>168</ns3:hr>
            <ns3:cad>88</ns3:cad>
          </ns3:TrackPointExtension>
        </extensions>
      </trkpt>
      <trkpt lat="24.52156492508947849273681640625" lon="118.17106082104146480560302734375">
        <ele>11.3999996185302734375</ele>
        <time>2025-08-11T12:49:48.000Z</time>
        <extensions>
          <ns3:TrackPointExtension>
            <ns3:hr>169</ns3:hr>
            <ns3:cad>88</ns3:cad>
          </ns3:TrackPointExtension>
        </extensions>
      </trkpt>
      <trkpt lat="24.52159426175057888031005859375" lon="118.1710684485733509063720703125">
        <ele>11.3999996185302734375</ele>
        <time>2025-08-11T12:49:49.000Z</time>
        <extensions>
          <ns3:TrackPointExtension>
            <ns3:hr>169</ns3:hr>
            <ns3:cad>88</ns3:cad>
          </ns3:TrackPointExtension>
        </extensions>
      </trkpt>
      <trkpt lat="24.52162007801234722137451171875" lon="118.17106266506016254425048828125">
        <ele>11.19999980926513671875</ele>
        <time>2025-08-11T12:49:50.000Z</time>
        <extensions>
          <ns3:TrackPointExtension>
            <ns3:hr>169</ns3:hr>
            <ns3:cad>88</ns3:cad>
          </ns3:TrackPointExtension>
        </extensions>
      </trkpt>
      <trkpt lat="24.5216491632163524627685546875" lon="118.17106903530657291412353515625">
        <ele>11.3999996185302734375</ele>
        <time>2025-08-11T12:49:51.000Z</time>
        <extensions>
          <ns3:TrackPointExtension>
            <ns3:hr>168</ns3:hr>
            <ns3:cad>88</ns3:cad>
          </ns3:TrackPointExtension>
        </extensions>
      </trkpt>
      <trkpt lat="24.5216726325452327728271484375" lon="118.1710741482675075531005859375">
        <ele>11.3999996185302734375</ele>
        <time>2025-08-11T12:49:52.000Z</time>
        <extensions>
          <ns3:TrackPointExtension>
            <ns3:hr>169</ns3:hr>
            <ns3:cad>88</ns3:cad>
          </ns3:TrackPointExtension>
        </extensions>
      </trkpt>
      <trkpt lat="24.521695934236049652099609375" lon="118.1710821948945522308349609375">
        <ele>11.3999996185302734375</ele>
        <time>2025-08-11T12:49:53.000Z</time>
        <extensions>
          <ns3:TrackPointExtension>
            <ns3:hr>169</ns3:hr>
            <ns3:cad>88</ns3:cad>
          </ns3:TrackPointExtension>
        </extensions>
      </trkpt>
      <trkpt lat="24.5217190682888031005859375" lon="118.17108479328453540802001953125">
        <ele>11.3999996185302734375</ele>
        <time>2025-08-11T12:49:54.000Z</time>
        <extensions>
          <ns3:TrackPointExtension>
            <ns3:hr>169</ns3:hr>
            <ns3:cad>88</ns3:cad>
          </ns3:TrackPointExtension>
        </extensions>
      </trkpt>
      <trkpt lat="24.5217539370059967041015625" lon="118.17109384573996067047119140625">
        <ele>11.3999996185302734375</ele>
        <time>2025-08-11T12:49:55.000Z</time>
        <extensions>
          <ns3:TrackPointExtension>
            <ns3:hr>168</ns3:hr>
            <ns3:cad>88</ns3:cad>
          </ns3:TrackPointExtension>
        </extensions>
      </trkpt>
      <trkpt lat="24.52177581377327442169189453125" lon="118.17109351046383380889892578125">
        <ele>11.3999996185302734375</ele>
        <time>2025-08-11T12:49:56.000Z</time>
        <extensions>
          <ns3:TrackPointExtension>
            <ns3:hr>169</ns3:hr>
            <ns3:cad>88</ns3:cad>
          </ns3:TrackPointExtension>
        </extensions>
      </trkpt>
      <trkpt lat="24.521835409104824066162109375" lon="118.17109845578670501708984375">
        <ele>11.3999996185302734375</ele>
        <time>2025-08-11T12:49:57.000Z</time>
        <extensions>
          <ns3:TrackPointExtension>
            <ns3:hr>169</ns3:hr>
            <ns3:cad>88</ns3:cad>
          </ns3:TrackPointExtension>
        </extensions>
      </trkpt>
      <trkpt lat="24.52186457812786102294921875" lon="118.17110423929989337921142578125">
        <ele>11.3999996185302734375</ele>
        <time>2025-08-11T12:49:58.000Z</time>
        <extensions>
          <ns3:TrackPointExtension>
            <ns3:hr>169</ns3:hr>
            <ns3:cad>88</ns3:cad>
          </ns3:TrackPointExtension>
        </extensions>
      </trkpt>
      <trkpt lat="24.5218855328857898712158203125" lon="118.17110122181475162506103515625">
        <ele>11.3999996185302734375</ele>
        <time>2025-08-11T12:49:59.000Z</time>
        <extensions>
          <ns3:TrackPointExtension>
            <ns3:hr>168</ns3:hr>
            <ns3:cad>88</ns3:cad>
          </ns3:TrackPointExtension>
        </extensions>
      </trkpt>
      <trkpt lat="24.52191713266074657440185546875" lon="118.1711013056337833404541015625">
        <ele>11.3999996185302734375</ele>
        <time>2025-08-11T12:50:00.000Z</time>
        <extensions>
          <ns3:TrackPointExtension>
            <ns3:hr>169</ns3:hr>
            <ns3:cad>88</ns3:cad>
          </ns3:TrackPointExtension>
        </extensions>
      </trkpt>
      <trkpt lat="24.52194278128445148468017578125" lon="118.1711029820144176483154296875">
        <ele>11.3999996185302734375</ele>
        <time>2025-08-11T12:50:01.000Z</time>
        <extensions>
          <ns3:TrackPointExtension>
            <ns3:hr>169</ns3:hr>
            <ns3:cad>88</ns3:cad>
          </ns3:TrackPointExtension>
        </extensions>
      </trkpt>
    </trkseg>
  </trk>
</gpx>
