<?xml version="1.0" encoding="UTF-8"?>
<gpx creator="Garmin Connect" version="1.1"
  xsi:schemaLocation="http://www.topografix.com/GPX/1/1 http://www.topografix.com/GPX/11.xsd"
  xmlns:ns3="http://www.garmin.com/xmlschemas/TrackPointExtension/v1"
  xmlns="http://www.topografix.com/GPX/1/1"
  xmlns:xsi="http://www.w3.org/2001/XMLSchema-instance" xmlns:ns2="http://www.garmin.com/xmlschemas/GpxExtensions/v3">
  <metadata>
    <link href="connect.garmin.com">
      <text>Garmin Connect</text>
    </link>
    <time>2025-08-21T08:55:05.000Z</time>
  </metadata>
  <trk>
    <name>厦门市 徒步</name>
    <type>hiking</type>
    <trkseg>
      <trkpt lat="24.46999090723693370819091796875" lon="118.16075510345399379730224609375">
        <ele>58.59999847412109375</ele>
        <time>2025-08-21T08:55:18.000Z</time>
        <extensions>
          <ns3:TrackPointExtension>
            <ns3:hr>88</ns3:hr>
            <ns3:cad>53</ns3:cad>
          </ns3:TrackPointExtension>
        </extensions>
      </trkpt>
      <trkpt lat="24.46996517479419708251953125" lon="118.16078075207769870758056640625">
        <ele>58.799999237060546875</ele>
        <time>2025-08-21T08:55:19.000Z</time>
        <extensions>
          <ns3:TrackPointExtension>
            <ns3:hr>88</ns3:hr>
            <ns3:cad>52</ns3:cad>
          </ns3:TrackPointExtension>
        </extensions>
      </trkpt>
      <trkpt lat="24.4699160568416118621826171875" lon="118.16081377677619457244873046875">
        <ele>59</ele>
        <time>2025-08-21T08:55:20.000Z</time>
        <extensions>
          <ns3:TrackPointExtension>
            <ns3:hr>85</ns3:hr>
            <ns3:cad>52</ns3:cad>
          </ns3:TrackPointExtension>
        </extensions>
      </trkpt>
      <trkpt lat="24.4699170626699924468994140625" lon="118.1608059816062450408935546875">
        <ele>59.200000762939453125</ele>
        <time>2025-08-21T08:55:22.000Z</time>
        <extensions>
          <ns3:TrackPointExtension>
            <ns3:hr>84</ns3:hr>
            <ns3:cad>50</ns3:cad>
          </ns3:TrackPointExtension>
        </extensions>
      </trkpt>
      <trkpt lat="24.46991982869803905487060546875" lon="118.16077186726033687591552734375">
        <ele>59.40000152587890625</ele>
        <time>2025-08-21T08:55:24.000Z</time>
        <extensions>
          <ns3:TrackPointExtension>
            <ns3:hr>85</ns3:hr>
            <ns3:cad>50</ns3:cad>
          </ns3:TrackPointExtension>
        </extensions>
      </trkpt>
      <trkpt lat="24.4699122011661529541015625" lon="118.16075309179723262786865234375">
        <ele>59.799999237060546875</ele>
        <time>2025-08-21T08:55:27.000Z</time>
        <extensions>
          <ns3:TrackPointExtension>
            <ns3:hr>89</ns3:hr>
            <ns3:cad>50</ns3:cad>
          </ns3:TrackPointExtension>
        </extensions>
      </trkpt>
      <trkpt lat="24.46991748176515102386474609375" lon="118.16073515452444553375244140625">
        <ele>60.200000762939453125</ele>
        <time>2025-08-21T08:55:29.000Z</time>
        <extensions>
          <ns3:TrackPointExtension>
            <ns3:hr>92</ns3:hr>
            <ns3:cad>49</ns3:cad>
          </ns3:TrackPointExtension>
        </extensions>
      </trkpt>
      <trkpt lat="24.46992225944995880126953125" lon="118.1606961786746978759765625">
        <ele>60.59999847412109375</ele>
        <time>2025-08-21T08:55:33.000Z</time>
        <extensions>
          <ns3:TrackPointExtension>
            <ns3:hr>93</ns3:hr>
            <ns3:cad>0</ns3:cad>
          </ns3:TrackPointExtension>
        </extensions>
      </trkpt>
      <trkpt lat="24.46991764940321445465087890625" lon="118.160677067935466766357421875">
        <ele>61</ele>
        <time>2025-08-21T08:55:35.000Z</time>
        <extensions>
          <ns3:TrackPointExtension>
            <ns3:hr>92</ns3:hr>
            <ns3:cad>0</ns3:cad>
          </ns3:TrackPointExtension>
        </extensions>
      </trkpt>
      <trkpt lat="24.46990909986197948455810546875" lon="118.1606507487595081329345703125">
        <ele>61.59999847412109375</ele>
        <time>2025-08-21T08:55:39.000Z</time>
        <extensions>
          <ns3:TrackPointExtension>
            <ns3:hr>94</ns3:hr>
            <ns3:cad>0</ns3:cad>
          </ns3:TrackPointExtension>
        </extensions>
      </trkpt>
      <trkpt lat="24.469909854233264923095703125" lon="118.16062082536518573760986328125">
        <ele>62</ele>
        <time>2025-08-21T08:55:41.000Z</time>
        <extensions>
          <ns3:TrackPointExtension>
            <ns3:hr>95</ns3:hr>
            <ns3:cad>47</ns3:cad>
          </ns3:TrackPointExtension>
        </extensions>
      </trkpt>
      <trkpt lat="24.46988604962825775146484375" lon="118.160593248903751373291015625">
        <ele>63.200000762939453125</ele>
        <time>2025-08-21T08:55:47.000Z</time>
        <extensions>
          <ns3:TrackPointExtension>
            <ns3:hr>95</ns3:hr>
            <ns3:cad>0</ns3:cad>
          </ns3:TrackPointExtension>
        </extensions>
      </trkpt>
      <trkpt lat="24.46987758390605449676513671875" lon="118.16058419644832611083984375">
        <ele>63.40000152587890625</ele>
        <time>2025-08-21T08:55:49.000Z</time>
        <extensions>
          <ns3:TrackPointExtension>
            <ns3:hr>96</ns3:hr>
            <ns3:cad>43</ns3:cad>
          </ns3:TrackPointExtension>
        </extensions>
      </trkpt>
      <trkpt lat="24.46987875737249851226806640625" lon="118.16058151423931121826171875">
        <ele>63.59999847412109375</ele>
        <time>2025-08-21T08:55:51.000Z</time>
        <extensions>
          <ns3:TrackPointExtension>
            <ns3:hr>99</ns3:hr>
            <ns3:cad>0</ns3:cad>
          </ns3:TrackPointExtension>
        </extensions>
      </trkpt>
      <trkpt lat="24.46990071795880794525146484375" lon="118.1605719588696956634521484375">
        <ele>64.1999969482421875</ele>
        <time>2025-08-21T08:55:56.000Z</time>
        <extensions>
          <ns3:TrackPointExtension>
            <ns3:hr>100</ns3:hr>
            <ns3:cad>47</ns3:cad>
          </ns3:TrackPointExtension>
        </extensions>
      </trkpt>
      <trkpt lat="24.4699180684983730316162109375" lon="118.16055469214916229248046875">
        <ele>65.1999969482421875</ele>
        <time>2025-08-21T08:56:02.000Z</time>
        <extensions>
          <ns3:TrackPointExtension>
            <ns3:hr>103</ns3:hr>
            <ns3:cad>41</ns3:cad>
          </ns3:TrackPointExtension>
        </extensions>
      </trkpt>
      <trkpt lat="24.46992091834545135498046875" lon="118.16054840572178363800048828125">
        <ele>65.40000152587890625</ele>
        <time>2025-08-21T08:56:03.000Z</time>
        <extensions>
          <ns3:TrackPointExtension>
            <ns3:hr>107</ns3:hr>
            <ns3:cad>41</ns3:cad>
          </ns3:TrackPointExtension>
        </extensions>
      </trkpt>
      <trkpt lat="24.4699282944202423095703125" lon="118.16052661277353763580322265625">
        <ele>65.8000030517578125</ele>
        <time>2025-08-21T08:56:05.000Z</time>
        <extensions>
          <ns3:TrackPointExtension>
            <ns3:hr>111</ns3:hr>
            <ns3:cad>0</ns3:cad>
          </ns3:TrackPointExtension>
        </extensions>
      </trkpt>
      <trkpt lat="24.46993776597082614898681640625" lon="118.16049643792212009429931640625">
        <ele>66.1999969482421875</ele>
        <time>2025-08-21T08:56:10.000Z</time>
        <extensions>
          <ns3:TrackPointExtension>
            <ns3:hr>114</ns3:hr>
            <ns3:cad>44</ns3:cad>
          </ns3:TrackPointExtension>
        </extensions>
      </trkpt>
      <trkpt lat="24.4699428789317607879638671875" lon="118.1604908220469951629638671875">
        <ele>66.40000152587890625</ele>
        <time>2025-08-21T08:56:11.000Z</time>
        <extensions>
          <ns3:TrackPointExtension>
            <ns3:hr>114</ns3:hr>
            <ns3:cad>44</ns3:cad>
          </ns3:TrackPointExtension>
        </extensions>
      </trkpt>
      <trkpt lat="24.46994639933109283447265625" lon="118.16048570908606052398681640625">
        <ele>66.40000152587890625</ele>
        <time>2025-08-21T08:56:12.000Z</time>
        <extensions>
          <ns3:TrackPointExtension>
            <ns3:hr>115</ns3:hr>
            <ns3:cad>44</ns3:cad>
          </ns3:TrackPointExtension>
        </extensions>
      </trkpt>
      <trkpt lat="24.4699713774025440216064453125" lon="118.16045737825334072113037109375">
        <ele>67.40000152587890625</ele>
        <time>2025-08-21T08:56:18.000Z</time>
        <extensions>
          <ns3:TrackPointExtension>
            <ns3:hr>115</ns3:hr>
            <ns3:cad>47</ns3:cad>
          </ns3:TrackPointExtension>
        </extensions>
      </trkpt>
      <trkpt lat="24.469975568354129791259765625" lon="118.16045553423464298248291015625">
        <ele>67.59999847412109375</ele>
        <time>2025-08-21T08:56:19.000Z</time>
        <extensions>
          <ns3:TrackPointExtension>
            <ns3:hr>115</ns3:hr>
            <ns3:cad>47</ns3:cad>
          </ns3:TrackPointExtension>
        </extensions>
      </trkpt>
      <trkpt lat="24.4699904881417751312255859375" lon="118.16044480539858341217041015625">
        <ele>67.8000030517578125</ele>
        <time>2025-08-21T08:56:29.000Z</time>
        <extensions>
          <ns3:TrackPointExtension>
            <ns3:hr>116</ns3:hr>
            <ns3:cad>0</ns3:cad>
          </ns3:TrackPointExtension>
        </extensions>
      </trkpt>
      <trkpt lat="24.4699774123728275299072265625" lon="118.160450756549835205078125">
        <ele>68.1999969482421875</ele>
        <time>2025-08-21T08:56:32.000Z</time>
        <extensions>
          <ns3:TrackPointExtension>
            <ns3:hr>119</ns3:hr>
            <ns3:cad>73</ns3:cad>
          </ns3:TrackPointExtension>
        </extensions>
      </trkpt>
      <trkpt lat="24.46997456252574920654296875" lon="118.16044882871210575103759765625">
        <ele>68.40000152587890625</ele>
        <time>2025-08-21T08:56:33.000Z</time>
        <extensions>
          <ns3:TrackPointExtension>
            <ns3:hr>119</ns3:hr>
            <ns3:cad>73</ns3:cad>
          </ns3:TrackPointExtension>
        </extensions>
      </trkpt>
      <trkpt lat="24.4699583016335964202880859375" lon="118.16044011153280735015869140625">
        <ele>69</ele>
        <time>2025-08-21T08:56:37.000Z</time>
        <extensions>
          <ns3:TrackPointExtension>
            <ns3:hr>118</ns3:hr>
            <ns3:cad>0</ns3:cad>
          </ns3:TrackPointExtension>
        </extensions>
      </trkpt>
      <trkpt lat="24.46992804296314716339111328125" lon="118.1604214198887348175048828125">
        <ele>69.59999847412109375</ele>
        <time>2025-08-21T08:56:41.000Z</time>
        <extensions>
          <ns3:TrackPointExtension>
            <ns3:hr>118</ns3:hr>
            <ns3:cad>71</ns3:cad>
          </ns3:TrackPointExtension>
        </extensions>
      </trkpt>
      <trkpt lat="24.46991915814578533172607421875" lon="118.160418234765529632568359375">
        <ele>69.8000030517578125</ele>
        <time>2025-08-21T08:56:43.000Z</time>
        <extensions>
          <ns3:TrackPointExtension>
            <ns3:hr>118</ns3:hr>
            <ns3:cad>0</ns3:cad>
          </ns3:TrackPointExtension>
        </extensions>
      </trkpt>
      <trkpt lat="24.469901807606220245361328125" lon="118.16039820201694965362548828125">
        <ele>70.8000030517578125</ele>
        <time>2025-08-21T08:56:50.000Z</time>
        <extensions>
          <ns3:TrackPointExtension>
            <ns3:hr>117</ns3:hr>
            <ns3:cad>0</ns3:cad>
          </ns3:TrackPointExtension>
        </extensions>
      </trkpt>
      <trkpt lat="24.4698919169604778289794921875" lon="118.16038780845701694488525390625">
        <ele>71.1999969482421875</ele>
        <time>2025-08-21T08:56:52.000Z</time>
        <extensions>
          <ns3:TrackPointExtension>
            <ns3:hr>117</ns3:hr>
            <ns3:cad>0</ns3:cad>
          </ns3:TrackPointExtension>
        </extensions>
      </trkpt>
      <trkpt lat="24.4698848761618137359619140625" lon="118.16038378514349460601806640625">
        <ele>71.40000152587890625</ele>
        <time>2025-08-21T08:56:59.000Z</time>
        <extensions>
          <ns3:TrackPointExtension>
            <ns3:hr>117</ns3:hr>
            <ns3:cad>0</ns3:cad>
          </ns3:TrackPointExtension>
        </extensions>
      </trkpt>
      <trkpt lat="24.46987004019320011138916015625" lon="118.16038428805768489837646484375">
        <ele>71.8000030517578125</ele>
        <time>2025-08-21T08:57:03.000Z</time>
        <extensions>
          <ns3:TrackPointExtension>
            <ns3:hr>117</ns3:hr>
            <ns3:cad>44</ns3:cad>
          </ns3:TrackPointExtension>
        </extensions>
      </trkpt>
      <trkpt lat="24.469864927232265472412109375" lon="118.16038277931511402130126953125">
        <ele>72</ele>
        <time>2025-08-21T08:57:05.000Z</time>
        <extensions>
          <ns3:TrackPointExtension>
            <ns3:hr>114</ns3:hr>
            <ns3:cad>44</ns3:cad>
          </ns3:TrackPointExtension>
        </extensions>
      </trkpt>
      <trkpt lat="24.46986098773777484893798828125" lon="118.16038663499057292938232421875">
        <ele>72.1999969482421875</ele>
        <time>2025-08-21T08:57:07.000Z</time>
        <extensions>
          <ns3:TrackPointExtension>
            <ns3:hr>110</ns3:hr>
            <ns3:cad>0</ns3:cad>
          </ns3:TrackPointExtension>
        </extensions>
      </trkpt>
      <trkpt lat="24.4698585569858551025390625" lon="118.1603852100670337677001953125">
        <ele>72.40000152587890625</ele>
        <time>2025-08-21T08:57:08.000Z</time>
        <extensions>
          <ns3:TrackPointExtension>
            <ns3:hr>110</ns3:hr>
            <ns3:cad>0</ns3:cad>
          </ns3:TrackPointExtension>
        </extensions>
      </trkpt>
      <trkpt lat="24.46984154172241687774658203125" lon="118.16036651842296123504638671875">
        <ele>72.8000030517578125</ele>
        <time>2025-08-21T08:57:13.000Z</time>
        <extensions>
          <ns3:TrackPointExtension>
            <ns3:hr>108</ns3:hr>
            <ns3:cad>0</ns3:cad>
          </ns3:TrackPointExtension>
        </extensions>
      </trkpt>
      <trkpt lat="24.4698183238506317138671875" lon="118.1603154726326465606689453125">
        <ele>73.8000030517578125</ele>
        <time>2025-08-21T08:57:22.000Z</time>
        <extensions>
          <ns3:TrackPointExtension>
            <ns3:hr>110</ns3:hr>
            <ns3:cad>79</ns3:cad>
          </ns3:TrackPointExtension>
        </extensions>
      </trkpt>
      <trkpt lat="24.46981840766966342926025390625" lon="118.160314969718456268310546875">
        <ele>74</ele>
        <time>2025-08-21T08:57:23.000Z</time>
        <extensions>
          <ns3:TrackPointExtension>
            <ns3:hr>110</ns3:hr>
            <ns3:cad>79</ns3:cad>
          </ns3:TrackPointExtension>
        </extensions>
      </trkpt>
      <trkpt lat="24.4698023982346057891845703125" lon="118.16029854118824005126953125">
        <ele>74.59999847412109375</ele>
        <time>2025-08-21T08:57:31.000Z</time>
        <extensions>
          <ns3:TrackPointExtension>
            <ns3:hr>112</ns3:hr>
            <ns3:cad>0</ns3:cad>
          </ns3:TrackPointExtension>
        </extensions>
      </trkpt>
      <trkpt lat="24.46979594416916370391845703125" lon="118.16028823144733905792236328125">
        <ele>75.1999969482421875</ele>
        <time>2025-08-21T08:57:39.000Z</time>
        <extensions>
          <ns3:TrackPointExtension>
            <ns3:hr>110</ns3:hr>
            <ns3:cad>0</ns3:cad>
          </ns3:TrackPointExtension>
        </extensions>
      </trkpt>
      <trkpt lat="24.46979711763560771942138671875" lon="118.16025570966303348541259765625">
        <ele>76.40000152587890625</ele>
        <time>2025-08-21T08:57:45.000Z</time>
        <extensions>
          <ns3:TrackPointExtension>
            <ns3:hr>108</ns3:hr>
            <ns3:cad>41</ns3:cad>
          </ns3:TrackPointExtension>
        </extensions>
      </trkpt>
      <trkpt lat="24.4697980396449565887451171875" lon="118.160251937806606292724609375">
        <ele>76.59999847412109375</ele>
        <time>2025-08-21T08:57:46.000Z</time>
        <extensions>
          <ns3:TrackPointExtension>
            <ns3:hr>105</ns3:hr>
            <ns3:cad>41</ns3:cad>
          </ns3:TrackPointExtension>
        </extensions>
      </trkpt>
      <trkpt lat="24.46980063803493976593017578125" lon="118.16023123450577259063720703125">
        <ele>77.40000152587890625</ele>
        <time>2025-08-21T08:57:50.000Z</time>
        <extensions>
          <ns3:TrackPointExtension>
            <ns3:hr>103</ns3:hr>
            <ns3:cad>41</ns3:cad>
          </ns3:TrackPointExtension>
        </extensions>
      </trkpt>
      <trkpt lat="24.46979963220655918121337890625" lon="118.16022553481161594390869140625">
        <ele>78.1999969482421875</ele>
        <time>2025-08-21T08:57:54.000Z</time>
        <extensions>
          <ns3:TrackPointExtension>
            <ns3:hr>109</ns3:hr>
            <ns3:cad>0</ns3:cad>
          </ns3:TrackPointExtension>
        </extensions>
      </trkpt>
      <trkpt lat="24.4698003865778446197509765625" lon="118.16022234968841075897216796875">
        <ele>78.40000152587890625</ele>
        <time>2025-08-21T08:57:55.000Z</time>
        <extensions>
          <ns3:TrackPointExtension>
            <ns3:hr>110</ns3:hr>
            <ns3:cad>0</ns3:cad>
          </ns3:TrackPointExtension>
        </extensions>
      </trkpt>
      <trkpt lat="24.469801224768161773681640625" lon="118.16022100858390331268310546875">
        <ele>78.59999847412109375</ele>
        <time>2025-08-21T08:57:56.000Z</time>
        <extensions>
          <ns3:TrackPointExtension>
            <ns3:hr>110</ns3:hr>
            <ns3:cad>41</ns3:cad>
          </ns3:TrackPointExtension>
        </extensions>
      </trkpt>
      <trkpt lat="24.469811283051967620849609375" lon="118.16021899692714214324951171875">
        <ele>79</ele>
        <time>2025-08-21T08:57:59.000Z</time>
        <extensions>
          <ns3:TrackPointExtension>
            <ns3:hr>113</ns3:hr>
            <ns3:cad>0</ns3:cad>
          </ns3:TrackPointExtension>
        </extensions>
      </trkpt>
      <trkpt lat="24.46982695721089839935302734375" lon="118.16021815873682498931884765625">
        <ele>79.40000152587890625</ele>
        <time>2025-08-21T08:58:04.000Z</time>
        <extensions>
          <ns3:TrackPointExtension>
            <ns3:hr>114</ns3:hr>
            <ns3:cad>0</ns3:cad>
          </ns3:TrackPointExtension>
        </extensions>
      </trkpt>
      <trkpt lat="24.46983751840889453887939453125" lon="118.16020575352013111114501953125">
        <ele>79.59999847412109375</ele>
        <time>2025-08-21T08:58:12.000Z</time>
        <extensions>
          <ns3:TrackPointExtension>
            <ns3:hr>114</ns3:hr>
            <ns3:cad>0</ns3:cad>
          </ns3:TrackPointExtension>
        </extensions>
      </trkpt>
      <trkpt lat="24.46983617730438709259033203125" lon="118.16020357422530651092529296875">
        <ele>79.8000030517578125</ele>
        <time>2025-08-21T08:58:13.000Z</time>
        <extensions>
          <ns3:TrackPointExtension>
            <ns3:hr>114</ns3:hr>
            <ns3:cad>0</ns3:cad>
          </ns3:TrackPointExtension>
        </extensions>
      </trkpt>
      <trkpt lat="24.46985009126365184783935546875" lon="118.160186223685741424560546875">
        <ele>80.8000030517578125</ele>
        <time>2025-08-21T08:58:19.000Z</time>
        <extensions>
          <ns3:TrackPointExtension>
            <ns3:hr>113</ns3:hr>
            <ns3:cad>41</ns3:cad>
          </ns3:TrackPointExtension>
        </extensions>
      </trkpt>
      <trkpt lat="24.4698370993137359619140625" lon="118.16016979515552520751953125">
        <ele>81.8000030517578125</ele>
        <time>2025-08-21T08:58:24.000Z</time>
        <extensions>
          <ns3:TrackPointExtension>
            <ns3:hr>113</ns3:hr>
            <ns3:cad>79</ns3:cad>
          </ns3:TrackPointExtension>
        </extensions>
      </trkpt>
      <trkpt lat="24.46982176043093204498291015625" lon="118.1601599045097827911376953125">
        <ele>82.40000152587890625</ele>
        <time>2025-08-21T08:58:27.000Z</time>
        <extensions>
          <ns3:TrackPointExtension>
            <ns3:hr>113</ns3:hr>
            <ns3:cad>42</ns3:cad>
          </ns3:TrackPointExtension>
        </extensions>
      </trkpt>
      <trkpt lat="24.46981002576649188995361328125" lon="118.1601545400917530059814453125">
        <ele>83</ele>
        <time>2025-08-21T08:58:29.000Z</time>
        <extensions>
          <ns3:TrackPointExtension>
            <ns3:hr>113</ns3:hr>
            <ns3:cad>43</ns3:cad>
          </ns3:TrackPointExtension>
        </extensions>
      </trkpt>
      <trkpt lat="24.46979845874011516571044921875" lon="118.160134255886077880859375">
        <ele>84</ele>
        <time>2025-08-21T08:58:33.000Z</time>
        <extensions>
          <ns3:TrackPointExtension>
            <ns3:hr>114</ns3:hr>
            <ns3:cad>42</ns3:cad>
          </ns3:TrackPointExtension>
        </extensions>
      </trkpt>
      <trkpt lat="24.4697980396449565887451171875" lon="118.160130567848682403564453125">
        <ele>84.1999969482421875</ele>
        <time>2025-08-21T08:58:34.000Z</time>
        <extensions>
          <ns3:TrackPointExtension>
            <ns3:hr>114</ns3:hr>
            <ns3:cad>42</ns3:cad>
          </ns3:TrackPointExtension>
        </extensions>
      </trkpt>
      <trkpt lat="24.46981421671807765960693359375" lon="118.160104416310787200927734375">
        <ele>84.8000030517578125</ele>
        <time>2025-08-21T08:58:38.000Z</time>
        <extensions>
          <ns3:TrackPointExtension>
            <ns3:hr>117</ns3:hr>
            <ns3:cad>77</ns3:cad>
          </ns3:TrackPointExtension>
        </extensions>
      </trkpt>
      <trkpt lat="24.46981790475547313690185546875" lon="118.16010265611112117767333984375">
        <ele>85</ele>
        <time>2025-08-21T08:58:39.000Z</time>
        <extensions>
          <ns3:TrackPointExtension>
            <ns3:hr>120</ns3:hr>
            <ns3:cad>77</ns3:cad>
          </ns3:TrackPointExtension>
        </extensions>
      </trkpt>
      <trkpt lat="24.46981539018452167510986328125" lon="118.1600926816463470458984375">
        <ele>85.1999969482421875</ele>
        <time>2025-08-21T08:58:40.000Z</time>
        <extensions>
          <ns3:TrackPointExtension>
            <ns3:hr>124</ns3:hr>
            <ns3:cad>74</ns3:cad>
          </ns3:TrackPointExtension>
        </extensions>
      </trkpt>
      <trkpt lat="24.46981337852776050567626953125" lon="118.1600854732096195220947265625">
        <ele>85.1999969482421875</ele>
        <time>2025-08-21T08:58:41.000Z</time>
        <extensions>
          <ns3:TrackPointExtension>
            <ns3:hr>125</ns3:hr>
            <ns3:cad>71</ns3:cad>
          </ns3:TrackPointExtension>
        </extensions>
      </trkpt>
      <trkpt lat="24.46983265690505504608154296875" lon="118.160062842071056365966796875">
        <ele>86</ele>
        <time>2025-08-21T08:58:45.000Z</time>
        <extensions>
          <ns3:TrackPointExtension>
            <ns3:hr>126</ns3:hr>
            <ns3:cad>43</ns3:cad>
          </ns3:TrackPointExtension>
        </extensions>
      </trkpt>
      <trkpt lat="24.46983852423727512359619140625" lon="118.1600613333284854888916015625">
        <ele>86.1999969482421875</ele>
        <time>2025-08-21T08:58:46.000Z</time>
        <extensions>
          <ns3:TrackPointExtension>
            <ns3:hr>126</ns3:hr>
            <ns3:cad>43</ns3:cad>
          </ns3:TrackPointExtension>
        </extensions>
      </trkpt>
      <trkpt lat="24.46985143236815929412841796875" lon="118.1600613333284854888916015625">
        <ele>86.59999847412109375</ele>
        <time>2025-08-21T08:58:47.000Z</time>
        <extensions>
          <ns3:TrackPointExtension>
            <ns3:hr>126</ns3:hr>
            <ns3:cad>45</ns3:cad>
          </ns3:TrackPointExtension>
        </extensions>
      </trkpt>
      <trkpt lat="24.46987523697316646575927734375" lon="118.16004884429275989532470703125">
        <ele>87.1999969482421875</ele>
        <time>2025-08-21T08:58:50.000Z</time>
        <extensions>
          <ns3:TrackPointExtension>
            <ns3:hr>124</ns3:hr>
            <ns3:cad>0</ns3:cad>
          </ns3:TrackPointExtension>
        </extensions>
      </trkpt>
      <trkpt lat="24.46988864801824092864990234375" lon="118.16002319566905498504638671875">
        <ele>87.59999847412109375</ele>
        <time>2025-08-21T08:58:53.000Z</time>
        <extensions>
          <ns3:TrackPointExtension>
            <ns3:hr>123</ns3:hr>
            <ns3:cad>0</ns3:cad>
          </ns3:TrackPointExtension>
        </extensions>
      </trkpt>
      <trkpt lat="24.46988965384662151336669921875" lon="118.16000022925436496734619140625">
        <ele>87.8000030517578125</ele>
        <time>2025-08-21T08:58:56.000Z</time>
        <extensions>
          <ns3:TrackPointExtension>
            <ns3:hr>122</ns3:hr>
            <ns3:cad>43</ns3:cad>
          </ns3:TrackPointExtension>
        </extensions>
      </trkpt>
      <trkpt lat="24.4698707945644855499267578125" lon="118.15999754704535007476806640625">
        <ele>88.1999969482421875</ele>
        <time>2025-08-21T08:58:58.000Z</time>
        <extensions>
          <ns3:TrackPointExtension>
            <ns3:hr>121</ns3:hr>
            <ns3:cad>47</ns3:cad>
          </ns3:TrackPointExtension>
        </extensions>
      </trkpt>
      <trkpt lat="24.4698573835194110870361328125" lon="118.1599979661405086517333984375">
        <ele>88.40000152587890625</ele>
        <time>2025-08-21T08:58:59.000Z</time>
        <extensions>
          <ns3:TrackPointExtension>
            <ns3:hr>121</ns3:hr>
            <ns3:cad>47</ns3:cad>
          </ns3:TrackPointExtension>
        </extensions>
      </trkpt>
      <trkpt lat="24.4698272086679935455322265625" lon="118.15998606383800506591796875">
        <ele>88.8000030517578125</ele>
        <time>2025-08-21T08:59:02.000Z</time>
        <extensions>
          <ns3:TrackPointExtension>
            <ns3:hr>120</ns3:hr>
            <ns3:cad>46</ns3:cad>
          </ns3:TrackPointExtension>
        </extensions>
      </trkpt>
      <trkpt lat="24.4697943516075611114501953125" lon="118.159920014441013336181640625">
        <ele>89.59999847412109375</ele>
        <time>2025-08-21T08:59:11.000Z</time>
        <extensions>
          <ns3:TrackPointExtension>
            <ns3:hr>121</ns3:hr>
            <ns3:cad>0</ns3:cad>
          </ns3:TrackPointExtension>
        </extensions>
      </trkpt>
      <trkpt lat="24.4698453135788440704345703125" lon="118.15989755094051361083984375">
        <ele>90.8000030517578125</ele>
        <time>2025-08-21T08:59:17.000Z</time>
        <extensions>
          <ns3:TrackPointExtension>
            <ns3:hr>123</ns3:hr>
            <ns3:cad>0</ns3:cad>
          </ns3:TrackPointExtension>
        </extensions>
      </trkpt>
      <trkpt lat="24.469854868948459625244140625" lon="118.159895204007625579833984375">
        <ele>91</ele>
        <time>2025-08-21T08:59:18.000Z</time>
        <extensions>
          <ns3:TrackPointExtension>
            <ns3:hr>123</ns3:hr>
            <ns3:cad>0</ns3:cad>
          </ns3:TrackPointExtension>
        </extensions>
      </trkpt>
      <trkpt lat="24.4698976166546344757080078125" lon="118.1598853133618831634521484375">
        <ele>91.8000030517578125</ele>
        <time>2025-08-21T08:59:23.000Z</time>
        <extensions>
          <ns3:TrackPointExtension>
            <ns3:hr>120</ns3:hr>
            <ns3:cad>0</ns3:cad>
          </ns3:TrackPointExtension>
        </extensions>
      </trkpt>
      <trkpt lat="24.4699029810726642608642578125" lon="118.15988413989543914794921875">
        <ele>92</ele>
        <time>2025-08-21T08:59:24.000Z</time>
        <extensions>
          <ns3:TrackPointExtension>
            <ns3:hr>119</ns3:hr>
            <ns3:cad>0</ns3:cad>
          </ns3:TrackPointExtension>
        </extensions>
      </trkpt>
      <trkpt lat="24.46991463191807270050048828125" lon="118.15988120622932910919189453125">
        <ele>92.1999969482421875</ele>
        <time>2025-08-21T08:59:26.000Z</time>
        <extensions>
          <ns3:TrackPointExtension>
            <ns3:hr>119</ns3:hr>
            <ns3:cad>0</ns3:cad>
          </ns3:TrackPointExtension>
        </extensions>
      </trkpt>
      <trkpt lat="24.469946734607219696044921875" lon="118.15987500362098217010498046875">
        <ele>93</ele>
        <time>2025-08-21T08:59:31.000Z</time>
        <extensions>
          <ns3:TrackPointExtension>
            <ns3:hr>121</ns3:hr>
            <ns3:cad>0</ns3:cad>
          </ns3:TrackPointExtension>
        </extensions>
      </trkpt>
      <trkpt lat="24.4699593074619770050048828125" lon="118.15986595116555690765380859375">
        <ele>93</ele>
        <time>2025-08-21T08:59:34.000Z</time>
        <extensions>
          <ns3:TrackPointExtension>
            <ns3:hr>121</ns3:hr>
            <ns3:cad>0</ns3:cad>
          </ns3:TrackPointExtension>
        </extensions>
      </trkpt>
      <trkpt lat="24.470021836459636688232421875" lon="118.1598514504730701446533203125">
        <ele>93.8000030517578125</ele>
        <time>2025-08-21T08:59:41.000Z</time>
        <extensions>
          <ns3:TrackPointExtension>
            <ns3:hr>122</ns3:hr>
            <ns3:cad>54</ns3:cad>
          </ns3:TrackPointExtension>
        </extensions>
      </trkpt>
      <trkpt lat="24.4700374267995357513427734375" lon="118.15984952263534069061279296875">
        <ele>94</ele>
        <time>2025-08-21T08:59:43.000Z</time>
        <extensions>
          <ns3:TrackPointExtension>
            <ns3:hr>122</ns3:hr>
            <ns3:cad>54</ns3:cad>
          </ns3:TrackPointExtension>
        </extensions>
      </trkpt>
      <trkpt lat="24.470058716833591461181640625" lon="118.15983996726572513580322265625">
        <ele>94.59999847412109375</ele>
        <time>2025-08-21T08:59:48.000Z</time>
        <extensions>
          <ns3:TrackPointExtension>
            <ns3:hr>123</ns3:hr>
            <ns3:cad>47</ns3:cad>
          </ns3:TrackPointExtension>
        </extensions>
      </trkpt>
      <trkpt lat="24.470053017139434814453125" lon="118.1598239578306674957275390625">
        <ele>95</ele>
        <time>2025-08-21T08:59:50.000Z</time>
        <extensions>
          <ns3:TrackPointExtension>
            <ns3:hr>122</ns3:hr>
            <ns3:cad>47</ns3:cad>
          </ns3:TrackPointExtension>
        </extensions>
      </trkpt>
      <trkpt lat="24.4700424559414386749267578125" lon="118.159811384975910186767578125">
        <ele>95.59999847412109375</ele>
        <time>2025-08-21T08:59:53.000Z</time>
        <extensions>
          <ns3:TrackPointExtension>
            <ns3:hr>119</ns3:hr>
            <ns3:cad>78</ns3:cad>
          </ns3:TrackPointExtension>
        </extensions>
      </trkpt>
      <trkpt lat="24.47003248147666454315185546875" lon="118.15980434417724609375">
        <ele>96</ele>
        <time>2025-08-21T08:59:55.000Z</time>
        <extensions>
          <ns3:TrackPointExtension>
            <ns3:hr>120</ns3:hr>
            <ns3:cad>79</ns3:cad>
          </ns3:TrackPointExtension>
        </extensions>
      </trkpt>
      <trkpt lat="24.470025189220905303955078125" lon="118.1598021648824214935302734375">
        <ele>96.1999969482421875</ele>
        <time>2025-08-21T08:59:56.000Z</time>
        <extensions>
          <ns3:TrackPointExtension>
            <ns3:hr>120</ns3:hr>
            <ns3:cad>42</ns3:cad>
          </ns3:TrackPointExtension>
        </extensions>
      </trkpt>
      <trkpt lat="24.46999912150204181671142578125" lon="118.15978598780930042266845703125">
        <ele>96.8000030517578125</ele>
        <time>2025-08-21T09:00:00.000Z</time>
        <extensions>
          <ns3:TrackPointExtension>
            <ns3:hr>117</ns3:hr>
            <ns3:cad>43</ns3:cad>
          </ns3:TrackPointExtension>
        </extensions>
      </trkpt>
      <trkpt lat="24.47000046260654926300048828125" lon="118.15979135222733020782470703125">
        <ele>97.1999969482421875</ele>
        <time>2025-08-21T09:00:02.000Z</time>
        <extensions>
          <ns3:TrackPointExtension>
            <ns3:hr>113</ns3:hr>
            <ns3:cad>0</ns3:cad>
          </ns3:TrackPointExtension>
        </extensions>
      </trkpt>
      <trkpt lat="24.4700038991868495941162109375" lon="118.15975732170045375823974609375">
        <ele>97</ele>
        <time>2025-08-21T09:00:12.000Z</time>
        <extensions>
          <ns3:TrackPointExtension>
            <ns3:hr>114</ns3:hr>
            <ns3:cad>62</ns3:cad>
          </ns3:TrackPointExtension>
        </extensions>
      </trkpt>
      <trkpt lat="24.4700082577764987945556640625" lon="118.159745670855045318603515625">
        <ele>97</ele>
        <time>2025-08-21T09:00:13.000Z</time>
        <extensions>
          <ns3:TrackPointExtension>
            <ns3:hr>120</ns3:hr>
            <ns3:cad>62</ns3:cad>
          </ns3:TrackPointExtension>
        </extensions>
      </trkpt>
      <trkpt lat="24.47001588530838489532470703125" lon="118.15972857177257537841796875">
        <ele>97.40000152587890625</ele>
        <time>2025-08-21T09:00:15.000Z</time>
        <extensions>
          <ns3:TrackPointExtension>
            <ns3:hr>124</ns3:hr>
            <ns3:cad>62</ns3:cad>
          </ns3:TrackPointExtension>
        </extensions>
      </trkpt>
      <trkpt lat="24.47002929635345935821533203125" lon="118.15970619209110736846923828125">
        <ele>97.8000030517578125</ele>
        <time>2025-08-21T09:00:17.000Z</time>
        <extensions>
          <ns3:TrackPointExtension>
            <ns3:hr>127</ns3:hr>
            <ns3:cad>0</ns3:cad>
          </ns3:TrackPointExtension>
        </extensions>
      </trkpt>
      <trkpt lat="24.47004497051239013671875" lon="118.1596888415515422821044921875">
        <ele>98</ele>
        <time>2025-08-21T09:00:19.000Z</time>
        <extensions>
          <ns3:TrackPointExtension>
            <ns3:hr>128</ns3:hr>
            <ns3:cad>0</ns3:cad>
          </ns3:TrackPointExtension>
        </extensions>
      </trkpt>
      <trkpt lat="24.47005310095846652984619140625" lon="118.15968356095254421234130859375">
        <ele>98.1999969482421875</ele>
        <time>2025-08-21T09:00:20.000Z</time>
        <extensions>
          <ns3:TrackPointExtension>
            <ns3:hr>128</ns3:hr>
            <ns3:cad>51</ns3:cad>
          </ns3:TrackPointExtension>
        </extensions>
      </trkpt>
      <trkpt lat="24.47007657028734683990478515625" lon="118.15966830588877201080322265625">
        <ele>98.40000152587890625</ele>
        <time>2025-08-21T09:00:23.000Z</time>
        <extensions>
          <ns3:TrackPointExtension>
            <ns3:hr>125</ns3:hr>
            <ns3:cad>52</ns3:cad>
          </ns3:TrackPointExtension>
        </extensions>
      </trkpt>
      <trkpt lat="24.470087550580501556396484375" lon="118.15965908579528331756591796875">
        <ele>98.59999847412109375</ele>
        <time>2025-08-21T09:00:25.000Z</time>
        <extensions>
          <ns3:TrackPointExtension>
            <ns3:hr>122</ns3:hr>
            <ns3:cad>52</ns3:cad>
          </ns3:TrackPointExtension>
        </extensions>
      </trkpt>
      <trkpt lat="24.47009467519819736480712890625" lon="118.15965212881565093994140625">
        <ele>98.8000030517578125</ele>
        <time>2025-08-21T09:00:26.000Z</time>
        <extensions>
          <ns3:TrackPointExtension>
            <ns3:hr>122</ns3:hr>
            <ns3:cad>52</ns3:cad>
          </ns3:TrackPointExtension>
        </extensions>
      </trkpt>
      <trkpt lat="24.47010724805295467376708984375" lon="118.15963930450379848480224609375">
        <ele>99</ele>
        <time>2025-08-21T09:00:28.000Z</time>
        <extensions>
          <ns3:TrackPointExtension>
            <ns3:hr>119</ns3:hr>
            <ns3:cad>0</ns3:cad>
          </ns3:TrackPointExtension>
        </extensions>
      </trkpt>
      <trkpt lat="24.47011512704193592071533203125" lon="118.15962639637291431427001953125">
        <ele>99</ele>
        <time>2025-08-21T09:00:30.000Z</time>
        <extensions>
          <ns3:TrackPointExtension>
            <ns3:hr>116</ns3:hr>
            <ns3:cad>0</ns3:cad>
          </ns3:TrackPointExtension>
        </extensions>
      </trkpt>
      <trkpt lat="24.4701333157718181610107421875" lon="118.15961164422333240509033203125">
        <ele>99.40000152587890625</ele>
        <time>2025-08-21T09:00:33.000Z</time>
        <extensions>
          <ns3:TrackPointExtension>
            <ns3:hr>114</ns3:hr>
            <ns3:cad>0</ns3:cad>
          </ns3:TrackPointExtension>
        </extensions>
      </trkpt>
      <trkpt lat="24.47013289667665958404541015625" lon="118.15958582796156406402587890625">
        <ele>100.40000152587890625</ele>
        <time>2025-08-21T09:00:40.000Z</time>
        <extensions>
          <ns3:TrackPointExtension>
            <ns3:hr>114</ns3:hr>
            <ns3:cad>41</ns3:cad>
          </ns3:TrackPointExtension>
        </extensions>
      </trkpt>
      <trkpt lat="24.4701348245143890380859375" lon="118.1595738418400287628173828125">
        <ele>101</ele>
        <time>2025-08-21T09:00:43.000Z</time>
        <extensions>
          <ns3:TrackPointExtension>
            <ns3:hr>110</ns3:hr>
            <ns3:cad>42</ns3:cad>
          </ns3:TrackPointExtension>
        </extensions>
      </trkpt>
      <trkpt lat="24.47014010511338710784912109375" lon="118.15956252627074718475341796875">
        <ele>101.40000152587890625</ele>
        <time>2025-08-21T09:00:45.000Z</time>
        <extensions>
          <ns3:TrackPointExtension>
            <ns3:hr>106</ns3:hr>
            <ns3:cad>42</ns3:cad>
          </ns3:TrackPointExtension>
        </extensions>
      </trkpt>
      <trkpt lat="24.4701437093317508697509765625" lon="118.15955699421465396881103515625">
        <ele>101.40000152587890625</ele>
        <time>2025-08-21T09:00:46.000Z</time>
        <extensions>
          <ns3:TrackPointExtension>
            <ns3:hr>106</ns3:hr>
            <ns3:cad>42</ns3:cad>
          </ns3:TrackPointExtension>
        </extensions>
      </trkpt>
      <trkpt lat="24.470181763172149658203125" lon="118.15951575525104999542236328125">
        <ele>102.8000030517578125</ele>
        <time>2025-08-21T09:00:53.000Z</time>
        <extensions>
          <ns3:TrackPointExtension>
            <ns3:hr>107</ns3:hr>
            <ns3:cad>41</ns3:cad>
          </ns3:TrackPointExtension>
        </extensions>
      </trkpt>
      <trkpt lat="24.4701812602579593658447265625" lon="118.15951609052717685699462890625">
        <ele>103</ele>
        <time>2025-08-21T09:00:54.000Z</time>
        <extensions>
          <ns3:TrackPointExtension>
            <ns3:hr>107</ns3:hr>
            <ns3:cad>78</ns3:cad>
          </ns3:TrackPointExtension>
        </extensions>
      </trkpt>
      <trkpt lat="24.47020498104393482208251953125" lon="118.15949932672083377838134765625">
        <ele>103.8000030517578125</ele>
        <time>2025-08-21T09:00:59.000Z</time>
        <extensions>
          <ns3:TrackPointExtension>
            <ns3:hr>108</ns3:hr>
            <ns3:cad>75</ns3:cad>
          </ns3:TrackPointExtension>
        </extensions>
      </trkpt>
      <trkpt lat="24.4702258519828319549560546875" lon="118.1594823114573955535888671875">
        <ele>104.1999969482421875</ele>
        <time>2025-08-21T09:01:02.000Z</time>
        <extensions>
          <ns3:TrackPointExtension>
            <ns3:hr>111</ns3:hr>
            <ns3:cad>75</ns3:cad>
          </ns3:TrackPointExtension>
        </extensions>
      </trkpt>
      <trkpt lat="24.4702560268342494964599609375" lon="118.1594544835388660430908203125">
        <ele>104.8000030517578125</ele>
        <time>2025-08-21T09:01:06.000Z</time>
        <extensions>
          <ns3:TrackPointExtension>
            <ns3:hr>112</ns3:hr>
            <ns3:cad>46</ns3:cad>
          </ns3:TrackPointExtension>
        </extensions>
      </trkpt>
      <trkpt lat="24.47027589194476604461669921875" lon="118.159431852400302886962890625">
        <ele>105.40000152587890625</ele>
        <time>2025-08-21T09:01:10.000Z</time>
        <extensions>
          <ns3:TrackPointExtension>
            <ns3:hr>115</ns3:hr>
            <ns3:cad>46</ns3:cad>
          </ns3:TrackPointExtension>
        </extensions>
      </trkpt>
      <trkpt lat="24.4702764786779880523681640625" lon="118.15941919572651386260986328125">
        <ele>106</ele>
        <time>2025-08-21T09:01:13.000Z</time>
        <extensions>
          <ns3:TrackPointExtension>
            <ns3:hr>117</ns3:hr>
            <ns3:cad>44</ns3:cad>
          </ns3:TrackPointExtension>
        </extensions>
      </trkpt>
      <trkpt lat="24.47028125636279582977294921875" lon="118.15938952378928661346435546875">
        <ele>106.8000030517578125</ele>
        <time>2025-08-21T09:01:17.000Z</time>
        <extensions>
          <ns3:TrackPointExtension>
            <ns3:hr>120</ns3:hr>
            <ns3:cad>42</ns3:cad>
          </ns3:TrackPointExtension>
        </extensions>
      </trkpt>
      <trkpt lat="24.4702877104282379150390625" lon="118.159373514354228973388671875">
        <ele>107</ele>
        <time>2025-08-21T09:01:19.000Z</time>
        <extensions>
          <ns3:TrackPointExtension>
            <ns3:hr>121</ns3:hr>
            <ns3:cad>0</ns3:cad>
          </ns3:TrackPointExtension>
        </extensions>
      </trkpt>
      <trkpt lat="24.47030656971037387847900390625" lon="118.15934023819863796234130859375">
        <ele>107.40000152587890625</ele>
        <time>2025-08-21T09:01:23.000Z</time>
        <extensions>
          <ns3:TrackPointExtension>
            <ns3:hr>124</ns3:hr>
            <ns3:cad>48</ns3:cad>
          </ns3:TrackPointExtension>
        </extensions>
      </trkpt>
      <trkpt lat="24.47033255361020565032958984375" lon="118.159289024770259857177734375">
        <ele>108</ele>
        <time>2025-08-21T09:01:30.000Z</time>
        <extensions>
          <ns3:TrackPointExtension>
            <ns3:hr>121</ns3:hr>
            <ns3:cad>0</ns3:cad>
          </ns3:TrackPointExtension>
        </extensions>
      </trkpt>
      <trkpt lat="24.47033607400953769683837890625" lon="118.1592811457812786102294921875">
        <ele>108.1999969482421875</ele>
        <time>2025-08-21T09:01:31.000Z</time>
        <extensions>
          <ns3:TrackPointExtension>
            <ns3:hr>121</ns3:hr>
            <ns3:cad>0</ns3:cad>
          </ns3:TrackPointExtension>
        </extensions>
      </trkpt>
      <trkpt lat="24.47033976204693317413330078125" lon="118.159275613725185394287109375">
        <ele>108.1999969482421875</ele>
        <time>2025-08-21T09:01:32.000Z</time>
        <extensions>
          <ns3:TrackPointExtension>
            <ns3:hr>122</ns3:hr>
            <ns3:cad>43</ns3:cad>
          </ns3:TrackPointExtension>
        </extensions>
      </trkpt>
      <trkpt lat="24.47035811841487884521484375" lon="118.1592499651014804840087890625">
        <ele>109.1999969482421875</ele>
        <time>2025-08-21T09:01:37.000Z</time>
        <extensions>
          <ns3:TrackPointExtension>
            <ns3:hr>125</ns3:hr>
            <ns3:cad>42</ns3:cad>
          </ns3:TrackPointExtension>
        </extensions>
      </trkpt>
      <trkpt lat="24.470375888049602508544921875" lon="118.15923814661800861358642578125">
        <ele>110</ele>
        <time>2025-08-21T09:01:41.000Z</time>
        <extensions>
          <ns3:TrackPointExtension>
            <ns3:hr>127</ns3:hr>
            <ns3:cad>40</ns3:cad>
          </ns3:TrackPointExtension>
        </extensions>
      </trkpt>
      <trkpt lat="24.4703847728669643402099609375" lon="118.15922758542001247406005859375">
        <ele>110.40000152587890625</ele>
        <time>2025-08-21T09:01:43.000Z</time>
        <extensions>
          <ns3:TrackPointExtension>
            <ns3:hr>127</ns3:hr>
            <ns3:cad>41</ns3:cad>
          </ns3:TrackPointExtension>
        </extensions>
      </trkpt>
      <trkpt lat="24.47041972540318965911865234375" lon="118.1592060439288616180419921875">
        <ele>111.1999969482421875</ele>
        <time>2025-08-21T09:01:48.000Z</time>
        <extensions>
          <ns3:TrackPointExtension>
            <ns3:hr>124</ns3:hr>
            <ns3:cad>77</ns3:cad>
          </ns3:TrackPointExtension>
        </extensions>
      </trkpt>
      <trkpt lat="24.47042517364025115966796875" lon="118.1591979973018169403076171875">
        <ele>111.40000152587890625</ele>
        <time>2025-08-21T09:01:50.000Z</time>
        <extensions>
          <ns3:TrackPointExtension>
            <ns3:hr>122</ns3:hr>
            <ns3:cad>78</ns3:cad>
          </ns3:TrackPointExtension>
        </extensions>
      </trkpt>
      <trkpt lat="24.4704313762485980987548828125" lon="118.15917410887777805328369140625">
        <ele>112.59999847412109375</ele>
        <time>2025-08-21T09:01:56.000Z</time>
        <extensions>
          <ns3:TrackPointExtension>
            <ns3:hr>122</ns3:hr>
            <ns3:cad>80</ns3:cad>
          </ns3:TrackPointExtension>
        </extensions>
      </trkpt>
      <trkpt lat="24.47043053805828094482421875" lon="118.1591691635549068450927734375">
        <ele>112.8000030517578125</ele>
        <time>2025-08-21T09:01:57.000Z</time>
        <extensions>
          <ns3:TrackPointExtension>
            <ns3:hr>123</ns3:hr>
            <ns3:cad>80</ns3:cad>
          </ns3:TrackPointExtension>
        </extensions>
      </trkpt>
      <trkpt lat="24.47042659856379032135009765625" lon="118.1591554172337055206298828125">
        <ele>113.40000152587890625</ele>
        <time>2025-08-21T09:02:00.000Z</time>
        <extensions>
          <ns3:TrackPointExtension>
            <ns3:hr>126</ns3:hr>
            <ns3:cad>77</ns3:cad>
          </ns3:TrackPointExtension>
        </extensions>
      </trkpt>
      <trkpt lat="24.470419473946094512939453125" lon="118.159136474132537841796875">
        <ele>113.59999847412109375</ele>
        <time>2025-08-21T09:02:02.000Z</time>
        <extensions>
          <ns3:TrackPointExtension>
            <ns3:hr>127</ns3:hr>
            <ns3:cad>75</ns3:cad>
          </ns3:TrackPointExtension>
        </extensions>
      </trkpt>
      <trkpt lat="24.47040245868265628814697265625" lon="118.1590836681425571441650390625">
        <ele>114</ele>
        <time>2025-08-21T09:02:07.000Z</time>
        <extensions>
          <ns3:TrackPointExtension>
            <ns3:hr>130</ns3:hr>
            <ns3:cad>52</ns3:cad>
          </ns3:TrackPointExtension>
        </extensions>
      </trkpt>
      <trkpt lat="24.4703949987888336181640625" lon="118.15906564705073833465576171875">
        <ele>114.59999847412109375</ele>
        <time>2025-08-21T09:02:10.000Z</time>
        <extensions>
          <ns3:TrackPointExtension>
            <ns3:hr>131</ns3:hr>
            <ns3:cad>52</ns3:cad>
          </ns3:TrackPointExtension>
        </extensions>
      </trkpt>
      <trkpt lat="24.47039592079818248748779296875" lon="118.15906011499464511871337890625">
        <ele>114.8000030517578125</ele>
        <time>2025-08-21T09:02:11.000Z</time>
        <extensions>
          <ns3:TrackPointExtension>
            <ns3:hr>131</ns3:hr>
            <ns3:cad>52</ns3:cad>
          </ns3:TrackPointExtension>
        </extensions>
      </trkpt>
      <trkpt lat="24.47042425163090229034423828125" lon="118.15902574919164180755615234375">
        <ele>115.8000030517578125</ele>
        <time>2025-08-21T09:02:17.000Z</time>
        <extensions>
          <ns3:TrackPointExtension>
            <ns3:hr>130</ns3:hr>
            <ns3:cad>76</ns3:cad>
          </ns3:TrackPointExtension>
        </extensions>
      </trkpt>
      <trkpt lat="24.47043866850435733795166015625" lon="118.15901937894523143768310546875">
        <ele>116.1999969482421875</ele>
        <time>2025-08-21T09:02:19.000Z</time>
        <extensions>
          <ns3:TrackPointExtension>
            <ns3:hr>130</ns3:hr>
            <ns3:cad>76</ns3:cad>
          </ns3:TrackPointExtension>
        </extensions>
      </trkpt>
      <trkpt lat="24.47045358829200267791748046875" lon="118.15900035202503204345703125">
        <ele>117</ele>
        <time>2025-08-21T09:02:23.000Z</time>
        <extensions>
          <ns3:TrackPointExtension>
            <ns3:hr>130</ns3:hr>
            <ns3:cad>42</ns3:cad>
          </ns3:TrackPointExtension>
        </extensions>
      </trkpt>
      <trkpt lat="24.47045979090034961700439453125" lon="118.15898425877094268798828125">
        <ele>117.8000030517578125</ele>
        <time>2025-08-21T09:02:28.000Z</time>
        <extensions>
          <ns3:TrackPointExtension>
            <ns3:hr>130</ns3:hr>
            <ns3:cad>44</ns3:cad>
          </ns3:TrackPointExtension>
        </extensions>
      </trkpt>
      <trkpt lat="24.47046146728098392486572265625" lon="118.1589807383716106414794921875">
        <ele>118</ele>
        <time>2025-08-21T09:02:29.000Z</time>
        <extensions>
          <ns3:TrackPointExtension>
            <ns3:hr>130</ns3:hr>
            <ns3:cad>44</ns3:cad>
          </ns3:TrackPointExtension>
        </extensions>
      </trkpt>
      <trkpt lat="24.470471106469631195068359375" lon="118.15894310362637042999267578125">
        <ele>119.1999969482421875</ele>
        <time>2025-08-21T09:02:35.000Z</time>
        <extensions>
          <ns3:TrackPointExtension>
            <ns3:hr>132</ns3:hr>
            <ns3:cad>43</ns3:cad>
          </ns3:TrackPointExtension>
        </extensions>
      </trkpt>
      <trkpt lat="24.47047152556478977203369140625" lon="118.15892868675291538238525390625">
        <ele>119.40000152587890625</ele>
        <time>2025-08-21T09:02:37.000Z</time>
        <extensions>
          <ns3:TrackPointExtension>
            <ns3:hr>132</ns3:hr>
            <ns3:cad>42</ns3:cad>
          </ns3:TrackPointExtension>
        </extensions>
      </trkpt>
      <trkpt lat="24.47043648920953273773193359375" lon="118.158872611820697784423828125">
        <ele>118.8000030517578125</ele>
        <time>2025-08-21T09:02:46.000Z</time>
        <extensions>
          <ns3:TrackPointExtension>
            <ns3:hr>131</ns3:hr>
            <ns3:cad>0</ns3:cad>
          </ns3:TrackPointExtension>
        </extensions>
      </trkpt>
      <trkpt lat="24.47041670791804790496826171875" lon="118.1588851846754550933837890625">
        <ele>118.1999969482421875</ele>
        <time>2025-08-21T09:02:54.000Z</time>
        <extensions>
          <ns3:TrackPointExtension>
            <ns3:hr>128</ns3:hr>
            <ns3:cad>0</ns3:cad>
          </ns3:TrackPointExtension>
        </extensions>
      </trkpt>
      <trkpt lat="24.47041352279484272003173828125" lon="118.158885352313518524169921875">
        <ele>118</ele>
        <time>2025-08-21T09:02:55.000Z</time>
        <extensions>
          <ns3:TrackPointExtension>
            <ns3:hr>128</ns3:hr>
            <ns3:cad>0</ns3:cad>
          </ns3:TrackPointExtension>
        </extensions>
      </trkpt>
      <trkpt lat="24.4703955017030239105224609375" lon="118.158865906298160552978515625">
        <ele>117.59999847412109375</ele>
        <time>2025-08-21T09:02:59.000Z</time>
        <extensions>
          <ns3:TrackPointExtension>
            <ns3:hr>125</ns3:hr>
            <ns3:cad>41</ns3:cad>
          </ns3:TrackPointExtension>
        </extensions>
      </trkpt>
      <trkpt lat="24.47038653306663036346435546875" lon="118.15884553827345371246337890625">
        <ele>117.40000152587890625</ele>
        <time>2025-08-21T09:03:02.000Z</time>
        <extensions>
          <ns3:TrackPointExtension>
            <ns3:hr>121</ns3:hr>
            <ns3:cad>79</ns3:cad>
          </ns3:TrackPointExtension>
        </extensions>
      </trkpt>
      <trkpt lat="24.47038468904793262481689453125" lon="118.15883397124707698822021484375">
        <ele>117.40000152587890625</ele>
        <time>2025-08-21T09:03:04.000Z</time>
        <extensions>
          <ns3:TrackPointExtension>
            <ns3:hr>118</ns3:hr>
            <ns3:cad>0</ns3:cad>
          </ns3:TrackPointExtension>
        </extensions>
      </trkpt>
      <trkpt lat="24.47038686834275722503662109375" lon="118.1588342227041721343994140625">
        <ele>117.59999847412109375</ele>
        <time>2025-08-21T09:03:06.000Z</time>
        <extensions>
          <ns3:TrackPointExtension>
            <ns3:hr>115</ns3:hr>
            <ns3:cad>0</ns3:cad>
          </ns3:TrackPointExtension>
        </extensions>
      </trkpt>
      <trkpt lat="24.4703824259340763092041015625" lon="118.1588124297559261322021484375">
        <ele>117.59999847412109375</ele>
        <time>2025-08-21T09:03:10.000Z</time>
        <extensions>
          <ns3:TrackPointExtension>
            <ns3:hr>112</ns3:hr>
            <ns3:cad>59</ns3:cad>
          </ns3:TrackPointExtension>
        </extensions>
      </trkpt>
      <trkpt lat="24.47037111036479473114013671875" lon="118.15878845751285552978515625">
        <ele>117.1999969482421875</ele>
        <time>2025-08-21T09:03:12.000Z</time>
        <extensions>
          <ns3:TrackPointExtension>
            <ns3:hr>109</ns3:hr>
            <ns3:cad>64</ns3:cad>
          </ns3:TrackPointExtension>
        </extensions>
      </trkpt>
      <trkpt lat="24.470365829765796661376953125" lon="118.1587742082774639129638671875">
        <ele>117</ele>
        <time>2025-08-21T09:03:13.000Z</time>
        <extensions>
          <ns3:TrackPointExtension>
            <ns3:hr>108</ns3:hr>
            <ns3:cad>64</ns3:cad>
          </ns3:TrackPointExtension>
        </extensions>
      </trkpt>
      <trkpt lat="24.47034604847431182861328125" lon="118.15873858518898487091064453125">
        <ele>116.1999969482421875</ele>
        <time>2025-08-21T09:03:16.000Z</time>
        <extensions>
          <ns3:TrackPointExtension>
            <ns3:hr>105</ns3:hr>
            <ns3:cad>62</ns3:cad>
          </ns3:TrackPointExtension>
        </extensions>
      </trkpt>
      <trkpt lat="24.47033892385661602020263671875" lon="118.15873037092387676239013671875">
        <ele>116</ele>
        <time>2025-08-21T09:03:17.000Z</time>
        <extensions>
          <ns3:TrackPointExtension>
            <ns3:hr>103</ns3:hr>
            <ns3:cad>62</ns3:cad>
          </ns3:TrackPointExtension>
        </extensions>
      </trkpt>
      <trkpt lat="24.4703185558319091796875" lon="118.15871335566043853759765625">
        <ele>115.40000152587890625</ele>
        <time>2025-08-21T09:03:20.000Z</time>
        <extensions>
          <ns3:TrackPointExtension>
            <ns3:hr>99</ns3:hr>
            <ns3:cad>66</ns3:cad>
          </ns3:TrackPointExtension>
        </extensions>
      </trkpt>
      <trkpt lat="24.47031226940453052520751953125" lon="118.15870589576661586761474609375">
        <ele>115.40000152587890625</ele>
        <time>2025-08-21T09:03:21.000Z</time>
        <extensions>
          <ns3:TrackPointExtension>
            <ns3:hr>97</ns3:hr>
            <ns3:cad>62</ns3:cad>
          </ns3:TrackPointExtension>
        </extensions>
      </trkpt>
      <trkpt lat="24.47030304931104183197021484375" lon="118.15869449637830257415771484375">
        <ele>115.1999969482421875</ele>
        <time>2025-08-21T09:03:23.000Z</time>
        <extensions>
          <ns3:TrackPointExtension>
            <ns3:hr>93</ns3:hr>
            <ns3:cad>62</ns3:cad>
          </ns3:TrackPointExtension>
        </extensions>
      </trkpt>
      <trkpt lat="24.47029449976980686187744140625" lon="118.15867722965776920318603515625">
        <ele>115</ele>
        <time>2025-08-21T09:03:25.000Z</time>
        <extensions>
          <ns3:TrackPointExtension>
            <ns3:hr>90</ns3:hr>
            <ns3:cad>59</ns3:cad>
          </ns3:TrackPointExtension>
        </extensions>
      </trkpt>
      <trkpt lat="24.47029198519885540008544921875" lon="118.15866767428815364837646484375">
        <ele>114.8000030517578125</ele>
        <time>2025-08-21T09:03:26.000Z</time>
        <extensions>
          <ns3:TrackPointExtension>
            <ns3:hr>90</ns3:hr>
            <ns3:cad>59</ns3:cad>
          </ns3:TrackPointExtension>
        </extensions>
      </trkpt>
      <trkpt lat="24.47028762660920619964599609375" lon="118.15863548777997493743896484375">
        <ele>114.40000152587890625</ele>
        <time>2025-08-21T09:03:29.000Z</time>
        <extensions>
          <ns3:TrackPointExtension>
            <ns3:hr>89</ns3:hr>
            <ns3:cad>60</ns3:cad>
          </ns3:TrackPointExtension>
        </extensions>
      </trkpt>
      <trkpt lat="24.47027228772640228271484375" lon="118.15858804620802402496337890625">
        <ele>113.59999847412109375</ele>
        <time>2025-08-21T09:03:34.000Z</time>
        <extensions>
          <ns3:TrackPointExtension>
            <ns3:hr>88</ns3:hr>
            <ns3:cad>58</ns3:cad>
          </ns3:TrackPointExtension>
        </extensions>
      </trkpt>
      <trkpt lat="24.47026181034743785858154296875" lon="118.15853876061737537384033203125">
        <ele>112.40000152587890625</ele>
        <time>2025-08-21T09:03:39.000Z</time>
        <extensions>
          <ns3:TrackPointExtension>
            <ns3:hr>88</ns3:hr>
            <ns3:cad>59</ns3:cad>
          </ns3:TrackPointExtension>
        </extensions>
      </trkpt>
      <trkpt lat="24.47025141678750514984130859375" lon="118.15851629711687564849853515625">
        <ele>111.8000030517578125</ele>
        <time>2025-08-21T09:03:42.000Z</time>
        <extensions>
          <ns3:TrackPointExtension>
            <ns3:hr>84</ns3:hr>
            <ns3:cad>56</ns3:cad>
          </ns3:TrackPointExtension>
        </extensions>
      </trkpt>
      <trkpt lat="24.47024672292172908782958984375" lon="118.15850389190018177032470703125">
        <ele>111.40000152587890625</ele>
        <time>2025-08-21T09:03:44.000Z</time>
        <extensions>
          <ns3:TrackPointExtension>
            <ns3:hr>80</ns3:hr>
            <ns3:cad>0</ns3:cad>
          </ns3:TrackPointExtension>
        </extensions>
      </trkpt>
      <trkpt lat="24.47023582644760608673095703125" lon="118.15846667625010013580322265625">
        <ele>110.40000152587890625</ele>
        <time>2025-08-21T09:03:48.000Z</time>
        <extensions>
          <ns3:TrackPointExtension>
            <ns3:hr>80</ns3:hr>
            <ns3:cad>0</ns3:cad>
          </ns3:TrackPointExtension>
        </extensions>
      </trkpt>
      <trkpt lat="24.4702322222292423248291015625" lon="118.1584570370614528656005859375">
        <ele>110</ele>
        <time>2025-08-21T09:03:49.000Z</time>
        <extensions>
          <ns3:TrackPointExtension>
            <ns3:hr>81</ns3:hr>
            <ns3:cad>0</ns3:cad>
          </ns3:TrackPointExtension>
        </extensions>
      </trkpt>
      <trkpt lat="24.47022023610770702362060546875" lon="118.1584345735609531402587890625">
        <ele>109.8000030517578125</ele>
        <time>2025-08-21T09:03:52.000Z</time>
        <extensions>
          <ns3:TrackPointExtension>
            <ns3:hr>85</ns3:hr>
            <ns3:cad>58</ns3:cad>
          </ns3:TrackPointExtension>
        </extensions>
      </trkpt>
      <trkpt lat="24.47021705098450183868408203125" lon="118.158453516662120819091796875">
        <ele>110</ele>
        <time>2025-08-21T09:03:57.000Z</time>
        <extensions>
          <ns3:TrackPointExtension>
            <ns3:hr>84</ns3:hr>
            <ns3:cad>0</ns3:cad>
          </ns3:TrackPointExtension>
        </extensions>
      </trkpt>
      <trkpt lat="24.47020464576780796051025390625" lon="118.15838654525578022003173828125">
        <ele>109.59999847412109375</ele>
        <time>2025-08-21T09:04:06.000Z</time>
        <extensions>
          <ns3:TrackPointExtension>
            <ns3:hr>85</ns3:hr>
            <ns3:cad>54</ns3:cad>
          </ns3:TrackPointExtension>
        </extensions>
      </trkpt>
      <trkpt lat="24.47019986808300018310546875" lon="118.15833390690386295318603515625">
        <ele>109.1999969482421875</ele>
        <time>2025-08-21T09:04:12.000Z</time>
        <extensions>
          <ns3:TrackPointExtension>
            <ns3:hr>84</ns3:hr>
            <ns3:cad>56</ns3:cad>
          </ns3:TrackPointExtension>
        </extensions>
      </trkpt>
      <trkpt lat="24.4702045619487762451171875" lon="118.158308006823062896728515625">
        <ele>109.40000152587890625</ele>
        <time>2025-08-21T09:04:16.000Z</time>
        <extensions>
          <ns3:TrackPointExtension>
            <ns3:hr>83</ns3:hr>
            <ns3:cad>51</ns3:cad>
          </ns3:TrackPointExtension>
        </extensions>
      </trkpt>
      <trkpt lat="24.4702070765197277069091796875" lon="118.1582324020564556121826171875">
        <ele>110</ele>
        <time>2025-08-21T09:04:23.000Z</time>
        <extensions>
          <ns3:TrackPointExtension>
            <ns3:hr>82</ns3:hr>
            <ns3:cad>53</ns3:cad>
          </ns3:TrackPointExtension>
        </extensions>
      </trkpt>
      <trkpt lat="24.47020866908133029937744140625" lon="118.15818437375128269195556640625">
        <ele>110.1999969482421875</ele>
        <time>2025-08-21T09:04:28.000Z</time>
        <extensions>
          <ns3:TrackPointExtension>
            <ns3:hr>85</ns3:hr>
            <ns3:cad>51</ns3:cad>
          </ns3:TrackPointExtension>
        </extensions>
      </trkpt>
      <trkpt lat="24.47021151892840862274169921875" lon="118.1581683643162250518798828125">
        <ele>110.1999969482421875</ele>
        <time>2025-08-21T09:04:30.000Z</time>
        <extensions>
          <ns3:TrackPointExtension>
            <ns3:hr>88</ns3:hr>
            <ns3:cad>55</ns3:cad>
          </ns3:TrackPointExtension>
        </extensions>
      </trkpt>
      <trkpt lat="24.4702179729938507080078125" lon="118.15814011730253696441650390625">
        <ele>110.40000152587890625</ele>
        <time>2025-08-21T09:04:32.000Z</time>
        <extensions>
          <ns3:TrackPointExtension>
            <ns3:hr>89</ns3:hr>
            <ns3:cad>56</ns3:cad>
          </ns3:TrackPointExtension>
        </extensions>
      </trkpt>
      <trkpt lat="24.47022258304059505462646484375" lon="118.158132322132587432861328125">
        <ele>110.8000030517578125</ele>
        <time>2025-08-21T09:04:35.000Z</time>
        <extensions>
          <ns3:TrackPointExtension>
            <ns3:hr>91</ns3:hr>
            <ns3:cad>0</ns3:cad>
          </ns3:TrackPointExtension>
        </extensions>
      </trkpt>
      <trkpt lat="24.4702315516769886016845703125" lon="118.15811765380203723907470703125">
        <ele>111</ele>
        <time>2025-08-21T09:04:38.000Z</time>
        <extensions>
          <ns3:TrackPointExtension>
            <ns3:hr>94</ns3:hr>
            <ns3:cad>0</ns3:cad>
          </ns3:TrackPointExtension>
        </extensions>
      </trkpt>
      <trkpt lat="24.4702385924756526947021484375" lon="118.15809669904410839080810546875">
        <ele>111.40000152587890625</ele>
        <time>2025-08-21T09:04:42.000Z</time>
        <extensions>
          <ns3:TrackPointExtension>
            <ns3:hr>96</ns3:hr>
            <ns3:cad>71</ns3:cad>
          </ns3:TrackPointExtension>
        </extensions>
      </trkpt>
      <trkpt lat="24.47023968212306499481201171875" lon="118.15807138569653034210205078125">
        <ele>112</ele>
        <time>2025-08-21T09:04:45.000Z</time>
        <extensions>
          <ns3:TrackPointExtension>
            <ns3:hr>100</ns3:hr>
            <ns3:cad>0</ns3:cad>
          </ns3:TrackPointExtension>
        </extensions>
      </trkpt>
      <trkpt lat="24.47024412453174591064453125" lon="118.15805378369987010955810546875">
        <ele>112.40000152587890625</ele>
        <time>2025-08-21T09:04:47.000Z</time>
        <extensions>
          <ns3:TrackPointExtension>
            <ns3:hr>103</ns3:hr>
            <ns3:cad>0</ns3:cad>
          </ns3:TrackPointExtension>
        </extensions>
      </trkpt>
      <trkpt lat="24.4702456332743167877197265625" lon="118.158047832548618316650390625">
        <ele>112.59999847412109375</ele>
        <time>2025-08-21T09:04:48.000Z</time>
        <extensions>
          <ns3:TrackPointExtension>
            <ns3:hr>103</ns3:hr>
            <ns3:cad>0</ns3:cad>
          </ns3:TrackPointExtension>
        </extensions>
      </trkpt>
      <trkpt lat="24.47025041095912456512451171875" lon="118.1580332480370998382568359375">
        <ele>112.59999847412109375</ele>
        <time>2025-08-21T09:04:50.000Z</time>
        <extensions>
          <ns3:TrackPointExtension>
            <ns3:hr>103</ns3:hr>
            <ns3:cad>0</ns3:cad>
          </ns3:TrackPointExtension>
        </extensions>
      </trkpt>
      <trkpt lat="24.47024672292172908782958984375" lon="118.157977424561977386474609375">
        <ele>113.40000152587890625</ele>
        <time>2025-08-21T09:04:57.000Z</time>
        <extensions>
          <ns3:TrackPointExtension>
            <ns3:hr>106</ns3:hr>
            <ns3:cad>50</ns3:cad>
          </ns3:TrackPointExtension>
        </extensions>
      </trkpt>
      <trkpt lat="24.4702422805130481719970703125" lon="118.1579705514013767242431640625">
        <ele>113.59999847412109375</ele>
        <time>2025-08-21T09:04:58.000Z</time>
        <extensions>
          <ns3:TrackPointExtension>
            <ns3:hr>108</ns3:hr>
            <ns3:cad>0</ns3:cad>
          </ns3:TrackPointExtension>
        </extensions>
      </trkpt>
      <trkpt lat="24.4702335633337497711181640625" lon="118.15795454196631908416748046875">
        <ele>113.8000030517578125</ele>
        <time>2025-08-21T09:05:00.000Z</time>
        <extensions>
          <ns3:TrackPointExtension>
            <ns3:hr>111</ns3:hr>
            <ns3:cad>50</ns3:cad>
          </ns3:TrackPointExtension>
        </extensions>
      </trkpt>
      <trkpt lat="24.470214284956455230712890625" lon="118.15793023444712162017822265625">
        <ele>114.40000152587890625</ele>
        <time>2025-08-21T09:05:03.000Z</time>
        <extensions>
          <ns3:TrackPointExtension>
            <ns3:hr>114</ns3:hr>
            <ns3:cad>51</ns3:cad>
          </ns3:TrackPointExtension>
        </extensions>
      </trkpt>
      <trkpt lat="24.470207579433917999267578125" lon="118.15792554058134555816650390625">
        <ele>114.40000152587890625</ele>
        <time>2025-08-21T09:05:04.000Z</time>
        <extensions>
          <ns3:TrackPointExtension>
            <ns3:hr>114</ns3:hr>
            <ns3:cad>51</ns3:cad>
          </ns3:TrackPointExtension>
        </extensions>
      </trkpt>
      <trkpt lat="24.47019182145595550537109375" lon="118.157926462590694427490234375">
        <ele>114.59999847412109375</ele>
        <time>2025-08-21T09:05:06.000Z</time>
        <extensions>
          <ns3:TrackPointExtension>
            <ns3:hr>115</ns3:hr>
            <ns3:cad>0</ns3:cad>
          </ns3:TrackPointExtension>
        </extensions>
      </trkpt>
      <trkpt lat="24.47017572820186614990234375" lon="118.1579430587589740753173828125">
        <ele>115</ele>
        <time>2025-08-21T09:05:09.000Z</time>
        <extensions>
          <ns3:TrackPointExtension>
            <ns3:hr>118</ns3:hr>
            <ns3:cad>45</ns3:cad>
          </ns3:TrackPointExtension>
        </extensions>
      </trkpt>
      <trkpt lat="24.470171034336090087890625" lon="118.157944567501544952392578125">
        <ele>115.40000152587890625</ele>
        <time>2025-08-21T09:05:11.000Z</time>
        <extensions>
          <ns3:TrackPointExtension>
            <ns3:hr>119</ns3:hr>
            <ns3:cad>44</ns3:cad>
          </ns3:TrackPointExtension>
        </extensions>
      </trkpt>
      <trkpt lat="24.47016022168099880218505859375" lon="118.157942555844783782958984375">
        <ele>115.8000030517578125</ele>
        <time>2025-08-21T09:05:13.000Z</time>
        <extensions>
          <ns3:TrackPointExtension>
            <ns3:hr>122</ns3:hr>
            <ns3:cad>44</ns3:cad>
          </ns3:TrackPointExtension>
        </extensions>
      </trkpt>
      <trkpt lat="24.47012920863926410675048828125" lon="118.1579450704157352447509765625">
        <ele>116.8000030517578125</ele>
        <time>2025-08-21T09:05:18.000Z</time>
        <extensions>
          <ns3:TrackPointExtension>
            <ns3:hr>123</ns3:hr>
            <ns3:cad>49</ns3:cad>
          </ns3:TrackPointExtension>
        </extensions>
      </trkpt>
      <trkpt lat="24.4700883887708187103271484375" lon="118.15794716589152812957763671875">
        <ele>117.8000030517578125</ele>
        <time>2025-08-21T09:05:24.000Z</time>
        <extensions>
          <ns3:TrackPointExtension>
            <ns3:hr>123</ns3:hr>
            <ns3:cad>46</ns3:cad>
          </ns3:TrackPointExtension>
        </extensions>
      </trkpt>
      <trkpt lat="24.4700783304870128631591796875" lon="118.15795454196631908416748046875">
        <ele>118.40000152587890625</ele>
        <time>2025-08-21T09:05:26.000Z</time>
        <extensions>
          <ns3:TrackPointExtension>
            <ns3:hr>122</ns3:hr>
            <ns3:cad>45</ns3:cad>
          </ns3:TrackPointExtension>
        </extensions>
      </trkpt>
      <trkpt lat="24.47005569934844970703125" lon="118.1579574756324291229248046875">
        <ele>119</ele>
        <time>2025-08-21T09:05:29.000Z</time>
        <extensions>
          <ns3:TrackPointExtension>
            <ns3:hr>124</ns3:hr>
            <ns3:cad>45</ns3:cad>
          </ns3:TrackPointExtension>
        </extensions>
      </trkpt>
      <trkpt lat="24.47000901214778423309326171875" lon="118.15793216228485107421875">
        <ele>119.8000030517578125</ele>
        <time>2025-08-21T09:05:33.000Z</time>
        <extensions>
          <ns3:TrackPointExtension>
            <ns3:hr>127</ns3:hr>
            <ns3:cad>43</ns3:cad>
          </ns3:TrackPointExtension>
        </extensions>
      </trkpt>
      <trkpt lat="24.4700025580823421478271484375" lon="118.15792470239102840423583984375">
        <ele>119.8000030517578125</ele>
        <time>2025-08-21T09:05:34.000Z</time>
        <extensions>
          <ns3:TrackPointExtension>
            <ns3:hr>127</ns3:hr>
            <ns3:cad>46</ns3:cad>
          </ns3:TrackPointExtension>
        </extensions>
      </trkpt>
      <trkpt lat="24.46999845094978809356689453125" lon="118.157917745411396026611328125">
        <ele>120</ele>
        <time>2025-08-21T09:05:35.000Z</time>
        <extensions>
          <ns3:TrackPointExtension>
            <ns3:hr>127</ns3:hr>
            <ns3:cad>46</ns3:cad>
          </ns3:TrackPointExtension>
        </extensions>
      </trkpt>
      <trkpt lat="24.4699846208095550537109375" lon="118.157882876694202423095703125">
        <ele>120.40000152587890625</ele>
        <time>2025-08-21T09:05:39.000Z</time>
        <extensions>
          <ns3:TrackPointExtension>
            <ns3:hr>130</ns3:hr>
            <ns3:cad>0</ns3:cad>
          </ns3:TrackPointExtension>
        </extensions>
      </trkpt>
      <trkpt lat="24.4699760712683200836181640625" lon="118.15786309540271759033203125">
        <ele>120.8000030517578125</ele>
        <time>2025-08-21T09:05:42.000Z</time>
        <extensions>
          <ns3:TrackPointExtension>
            <ns3:hr>130</ns3:hr>
            <ns3:cad>53</ns3:cad>
          </ns3:TrackPointExtension>
        </extensions>
      </trkpt>
      <trkpt lat="24.4699712097644805908203125" lon="118.15785094164311885833740234375">
        <ele>121</ele>
        <time>2025-08-21T09:05:44.000Z</time>
        <extensions>
          <ns3:TrackPointExtension>
            <ns3:hr>131</ns3:hr>
            <ns3:cad>44</ns3:cad>
          </ns3:TrackPointExtension>
        </extensions>
      </trkpt>
      <trkpt lat="24.469961822032928466796875" lon="118.15781615674495697021484375">
        <ele>122.1999969482421875</ele>
        <time>2025-08-21T09:05:50.000Z</time>
        <extensions>
          <ns3:TrackPointExtension>
            <ns3:hr>131</ns3:hr>
            <ns3:cad>75</ns3:cad>
          </ns3:TrackPointExtension>
        </extensions>
      </trkpt>
      <trkpt lat="24.46996374987065792083740234375" lon="118.1577698886394500732421875">
        <ele>122</ele>
        <time>2025-08-21T09:05:54.000Z</time>
        <extensions>
          <ns3:TrackPointExtension>
            <ns3:hr>131</ns3:hr>
            <ns3:cad>0</ns3:cad>
          </ns3:TrackPointExtension>
        </extensions>
      </trkpt>
      <trkpt lat="24.4699814356863498687744140625" lon="118.15770350396633148193359375">
        <ele>122.1999969482421875</ele>
        <time>2025-08-21T09:06:04.000Z</time>
        <extensions>
          <ns3:TrackPointExtension>
            <ns3:hr>129</ns3:hr>
            <ns3:cad>0</ns3:cad>
          </ns3:TrackPointExtension>
        </extensions>
      </trkpt>
      <trkpt lat="24.4699968583881855010986328125" lon="118.1576563976705074310302734375">
        <ele>123.40000152587890625</ele>
        <time>2025-08-21T09:06:10.000Z</time>
        <extensions>
          <ns3:TrackPointExtension>
            <ns3:hr>128</ns3:hr>
            <ns3:cad>46</ns3:cad>
          </ns3:TrackPointExtension>
        </extensions>
      </trkpt>
      <trkpt lat="24.46999828331172466278076171875" lon="118.15762706100940704345703125">
        <ele>123.8000030517578125</ele>
        <time>2025-08-21T09:06:13.000Z</time>
        <extensions>
          <ns3:TrackPointExtension>
            <ns3:hr>129</ns3:hr>
            <ns3:cad>47</ns3:cad>
          </ns3:TrackPointExtension>
        </extensions>
      </trkpt>
      <trkpt lat="24.46998260915279388427734375" lon="118.157596550881862640380859375">
        <ele>124.40000152587890625</ele>
        <time>2025-08-21T09:06:17.000Z</time>
        <extensions>
          <ns3:TrackPointExtension>
            <ns3:hr>127</ns3:hr>
            <ns3:cad>44</ns3:cad>
          </ns3:TrackPointExtension>
        </extensions>
      </trkpt>
      <trkpt lat="24.46997129358351230621337890625" lon="118.1575848162174224853515625">
        <ele>124.1999969482421875</ele>
        <time>2025-08-21T09:06:19.000Z</time>
        <extensions>
          <ns3:TrackPointExtension>
            <ns3:hr>123</ns3:hr>
            <ns3:cad>0</ns3:cad>
          </ns3:TrackPointExtension>
        </extensions>
      </trkpt>
      <trkpt lat="24.46995620615780353546142578125" lon="118.15756260417401790618896484375">
        <ele>124</ele>
        <time>2025-08-21T09:06:22.000Z</time>
        <extensions>
          <ns3:TrackPointExtension>
            <ns3:hr>122</ns3:hr>
            <ns3:cad>0</ns3:cad>
          </ns3:TrackPointExtension>
        </extensions>
      </trkpt>
      <trkpt lat="24.469897784292697906494140625" lon="118.15746470354497432708740234375">
        <ele>123.40000152587890625</ele>
        <time>2025-08-21T09:06:31.000Z</time>
        <extensions>
          <ns3:TrackPointExtension>
            <ns3:hr>119</ns3:hr>
            <ns3:cad>0</ns3:cad>
          </ns3:TrackPointExtension>
        </extensions>
      </trkpt>
      <trkpt lat="24.46989082731306552886962890625" lon="118.15744441933929920196533203125">
        <ele>123.40000152587890625</ele>
        <time>2025-08-21T09:06:33.000Z</time>
        <extensions>
          <ns3:TrackPointExtension>
            <ns3:hr>116</ns3:hr>
            <ns3:cad>0</ns3:cad>
          </ns3:TrackPointExtension>
        </extensions>
      </trkpt>
      <trkpt lat="24.46988244540989398956298828125" lon="118.15742027945816516876220703125">
        <ele>123.40000152587890625</ele>
        <time>2025-08-21T09:06:35.000Z</time>
        <extensions>
          <ns3:TrackPointExtension>
            <ns3:hr>113</ns3:hr>
            <ns3:cad>55</ns3:cad>
          </ns3:TrackPointExtension>
        </extensions>
      </trkpt>
      <trkpt lat="24.46987104602158069610595703125" lon="118.15740217454731464385986328125">
        <ele>123.40000152587890625</ele>
        <time>2025-08-21T09:06:37.000Z</time>
        <extensions>
          <ns3:TrackPointExtension>
            <ns3:hr>113</ns3:hr>
            <ns3:cad>55</ns3:cad>
          </ns3:TrackPointExtension>
        </extensions>
      </trkpt>
      <trkpt lat="24.46986434049904346466064453125" lon="118.1573863327503204345703125">
        <ele>123.40000152587890625</ele>
        <time>2025-08-21T09:06:39.000Z</time>
        <extensions>
          <ns3:TrackPointExtension>
            <ns3:hr>110</ns3:hr>
            <ns3:cad>55</ns3:cad>
          </ns3:TrackPointExtension>
        </extensions>
      </trkpt>
      <trkpt lat="24.46984942071139812469482421875" lon="118.1573318503797054290771484375">
        <ele>123.40000152587890625</ele>
        <time>2025-08-21T09:06:44.000Z</time>
        <extensions>
          <ns3:TrackPointExtension>
            <ns3:hr>107</ns3:hr>
            <ns3:cad>55</ns3:cad>
          </ns3:TrackPointExtension>
        </extensions>
      </trkpt>
      <trkpt lat="24.4698476605117321014404296875" lon="118.15729673020541667938232421875">
        <ele>123.40000152587890625</ele>
        <time>2025-08-21T09:06:47.000Z</time>
        <extensions>
          <ns3:TrackPointExtension>
            <ns3:hr>106</ns3:hr>
            <ns3:cad>55</ns3:cad>
          </ns3:TrackPointExtension>
        </extensions>
      </trkpt>
      <trkpt lat="24.4698758237063884735107421875" lon="118.15724995918571949005126953125">
        <ele>124.40000152587890625</ele>
        <time>2025-08-21T09:06:54.000Z</time>
        <extensions>
          <ns3:TrackPointExtension>
            <ns3:hr>105</ns3:hr>
            <ns3:cad>0</ns3:cad>
          </ns3:TrackPointExtension>
        </extensions>
      </trkpt>
      <trkpt lat="24.46987976320087909698486328125" lon="118.1572430022060871124267578125">
        <ele>124.59999847412109375</ele>
        <time>2025-08-21T09:06:55.000Z</time>
        <extensions>
          <ns3:TrackPointExtension>
            <ns3:hr>105</ns3:hr>
            <ns3:cad>43</ns3:cad>
          </ns3:TrackPointExtension>
        </extensions>
      </trkpt>
      <trkpt lat="24.46992351673543453216552734375" lon="118.157142587006092071533203125">
        <ele>125</ele>
        <time>2025-08-21T09:07:04.000Z</time>
        <extensions>
          <ns3:TrackPointExtension>
            <ns3:hr>103</ns3:hr>
            <ns3:cad>0</ns3:cad>
          </ns3:TrackPointExtension>
        </extensions>
      </trkpt>
      <trkpt lat="24.469906501471996307373046875" lon="118.157107718288898468017578125">
        <ele>125.1999969482421875</ele>
        <time>2025-08-21T09:07:09.000Z</time>
        <extensions>
          <ns3:TrackPointExtension>
            <ns3:hr>101</ns3:hr>
            <ns3:cad>0</ns3:cad>
          </ns3:TrackPointExtension>
        </extensions>
      </trkpt>
      <trkpt lat="24.46987523697316646575927734375" lon="118.15707385540008544921875">
        <ele>125.40000152587890625</ele>
        <time>2025-08-21T09:07:15.000Z</time>
        <extensions>
          <ns3:TrackPointExtension>
            <ns3:hr>100</ns3:hr>
            <ns3:cad>0</ns3:cad>
          </ns3:TrackPointExtension>
        </extensions>
      </trkpt>
      <trkpt lat="24.46986995637416839599609375" lon="118.1570653058588504791259765625">
        <ele>125.40000152587890625</ele>
        <time>2025-08-21T09:07:16.000Z</time>
        <extensions>
          <ns3:TrackPointExtension>
            <ns3:hr>100</ns3:hr>
            <ns3:cad>0</ns3:cad>
          </ns3:TrackPointExtension>
        </extensions>
      </trkpt>
      <trkpt lat="24.46984439156949520111083984375" lon="118.15698198974132537841796875">
        <ele>125.59999847412109375</ele>
        <time>2025-08-21T09:07:22.000Z</time>
        <extensions>
          <ns3:TrackPointExtension>
            <ns3:hr>100</ns3:hr>
            <ns3:cad>0</ns3:cad>
          </ns3:TrackPointExtension>
        </extensions>
      </trkpt>
      <trkpt lat="24.46982301771640777587890625" lon="118.15695055760443210601806640625">
        <ele>126</ele>
        <time>2025-08-21T09:07:28.000Z</time>
        <extensions>
          <ns3:TrackPointExtension>
            <ns3:hr>99</ns3:hr>
            <ns3:cad>0</ns3:cad>
          </ns3:TrackPointExtension>
        </extensions>
      </trkpt>
      <trkpt lat="24.4698075950145721435546875" lon="118.156937062740325927734375">
        <ele>126.40000152587890625</ele>
        <time>2025-08-21T09:07:31.000Z</time>
        <extensions>
          <ns3:TrackPointExtension>
            <ns3:hr>98</ns3:hr>
            <ns3:cad>50</ns3:cad>
          </ns3:TrackPointExtension>
        </extensions>
      </trkpt>
      <trkpt lat="24.46979594416916370391845703125" lon="118.1569208018481731414794921875">
        <ele>126.8000030517578125</ele>
        <time>2025-08-21T09:07:33.000Z</time>
        <extensions>
          <ns3:TrackPointExtension>
            <ns3:hr>95</ns3:hr>
            <ns3:cad>45</ns3:cad>
          </ns3:TrackPointExtension>
        </extensions>
      </trkpt>
      <trkpt lat="24.46978001855313777923583984375" lon="118.156890459358692169189453125">
        <ele>127.59999847412109375</ele>
        <time>2025-08-21T09:07:37.000Z</time>
        <extensions>
          <ns3:TrackPointExtension>
            <ns3:hr>93</ns3:hr>
            <ns3:cad>42</ns3:cad>
          </ns3:TrackPointExtension>
        </extensions>
      </trkpt>
      <trkpt lat="24.46977901272475719451904296875" lon="118.15688283182680606842041015625">
        <ele>127.8000030517578125</ele>
        <time>2025-08-21T09:07:38.000Z</time>
        <extensions>
          <ns3:TrackPointExtension>
            <ns3:hr>93</ns3:hr>
            <ns3:cad>42</ns3:cad>
          </ns3:TrackPointExtension>
        </extensions>
      </trkpt>
      <trkpt lat="24.4697728939354419708251953125" lon="118.1568436883389949798583984375">
        <ele>128.600006103515625</ele>
        <time>2025-08-21T09:07:43.000Z</time>
        <extensions>
          <ns3:TrackPointExtension>
            <ns3:hr>94</ns3:hr>
            <ns3:cad>0</ns3:cad>
          </ns3:TrackPointExtension>
        </extensions>
      </trkpt>
      <trkpt lat="24.46976325474679470062255859375" lon="118.156824745237827301025390625">
        <ele>128.600006103515625</ele>
        <time>2025-08-21T09:07:45.000Z</time>
        <extensions>
          <ns3:TrackPointExtension>
            <ns3:hr>94</ns3:hr>
            <ns3:cad>52</ns3:cad>
          </ns3:TrackPointExtension>
        </extensions>
      </trkpt>
      <trkpt lat="24.46974523365497589111328125" lon="118.1567672453820705413818359375">
        <ele>127.8000030517578125</ele>
        <time>2025-08-21T09:07:51.000Z</time>
        <extensions>
          <ns3:TrackPointExtension>
            <ns3:hr>97</ns3:hr>
            <ns3:cad>0</ns3:cad>
          </ns3:TrackPointExtension>
        </extensions>
      </trkpt>
      <trkpt lat="24.4697477482259273529052734375" lon="118.156759701669216156005859375">
        <ele>127.59999847412109375</ele>
        <time>2025-08-21T09:07:52.000Z</time>
        <extensions>
          <ns3:TrackPointExtension>
            <ns3:hr>97</ns3:hr>
            <ns3:cad>0</ns3:cad>
          </ns3:TrackPointExtension>
        </extensions>
      </trkpt>
      <trkpt lat="24.469744898378849029541015625" lon="118.156718127429485321044921875">
        <ele>127.1999969482421875</ele>
        <time>2025-08-21T09:07:56.000Z</time>
        <extensions>
          <ns3:TrackPointExtension>
            <ns3:hr>100</ns3:hr>
            <ns3:cad>0</ns3:cad>
          </ns3:TrackPointExtension>
        </extensions>
      </trkpt>
      <trkpt lat="24.4697393663227558135986328125" lon="118.15670438110828399658203125">
        <ele>127</ele>
        <time>2025-08-21T09:07:58.000Z</time>
        <extensions>
          <ns3:TrackPointExtension>
            <ns3:hr>100</ns3:hr>
            <ns3:cad>0</ns3:cad>
          </ns3:TrackPointExtension>
        </extensions>
      </trkpt>
      <trkpt lat="24.4697056710720062255859375" lon="118.15666758455336093902587890625">
        <ele>127</ele>
        <time>2025-08-21T09:08:03.000Z</time>
        <extensions>
          <ns3:TrackPointExtension>
            <ns3:hr>103</ns3:hr>
            <ns3:cad>0</ns3:cad>
          </ns3:TrackPointExtension>
        </extensions>
      </trkpt>
      <trkpt lat="24.469691254198551177978515625" lon="118.15663606859743595123291015625">
        <ele>127.1999969482421875</ele>
        <time>2025-08-21T09:08:06.000Z</time>
        <extensions>
          <ns3:TrackPointExtension>
            <ns3:hr>108</ns3:hr>
            <ns3:cad>0</ns3:cad>
          </ns3:TrackPointExtension>
        </extensions>
      </trkpt>
      <trkpt lat="24.46968982927501201629638671875" lon="118.15662525594234466552734375">
        <ele>127.40000152587890625</ele>
        <time>2025-08-21T09:08:07.000Z</time>
        <extensions>
          <ns3:TrackPointExtension>
            <ns3:hr>108</ns3:hr>
            <ns3:cad>51</ns3:cad>
          </ns3:TrackPointExtension>
        </extensions>
      </trkpt>
      <trkpt lat="24.46969402022659778594970703125" lon="118.156587369740009307861328125">
        <ele>127.8000030517578125</ele>
        <time>2025-08-21T09:08:12.000Z</time>
        <extensions>
          <ns3:TrackPointExtension>
            <ns3:hr>105</ns3:hr>
            <ns3:cad>0</ns3:cad>
          </ns3:TrackPointExtension>
        </extensions>
      </trkpt>
      <trkpt lat="24.469709359109401702880859375" lon="118.15656482242047786712646484375">
        <ele>127.8000030517578125</ele>
        <time>2025-08-21T09:08:16.000Z</time>
        <extensions>
          <ns3:TrackPointExtension>
            <ns3:hr>103</ns3:hr>
            <ns3:cad>56</ns3:cad>
          </ns3:TrackPointExtension>
        </extensions>
      </trkpt>
      <trkpt lat="24.4697296433150768280029296875" lon="118.156490810215473175048828125">
        <ele>128.8000030517578125</ele>
        <time>2025-08-21T09:08:23.000Z</time>
        <extensions>
          <ns3:TrackPointExtension>
            <ns3:hr>101</ns3:hr>
            <ns3:cad>44</ns3:cad>
          </ns3:TrackPointExtension>
        </extensions>
      </trkpt>
      <trkpt lat="24.46972603909671306610107421875" lon="118.156475722789764404296875">
        <ele>129.1999969482421875</ele>
        <time>2025-08-21T09:08:25.000Z</time>
        <extensions>
          <ns3:TrackPointExtension>
            <ns3:hr>101</ns3:hr>
            <ns3:cad>44</ns3:cad>
          </ns3:TrackPointExtension>
        </extensions>
      </trkpt>
      <trkpt lat="24.46970927529036998748779296875" lon="118.15643926151096820831298828125">
        <ele>129.8000030517578125</ele>
        <time>2025-08-21T09:08:30.000Z</time>
        <extensions>
          <ns3:TrackPointExtension>
            <ns3:hr>100</ns3:hr>
            <ns3:cad>50</ns3:cad>
          </ns3:TrackPointExtension>
        </extensions>
      </trkpt>
      <trkpt lat="24.46970022283494472503662109375" lon="118.15642685629427433013916015625">
        <ele>130</ele>
        <time>2025-08-21T09:08:32.000Z</time>
        <extensions>
          <ns3:TrackPointExtension>
            <ns3:hr>101</ns3:hr>
            <ns3:cad>51</ns3:cad>
          </ns3:TrackPointExtension>
        </extensions>
      </trkpt>
      <trkpt lat="24.46963249705731868743896484375" lon="118.156343959271907806396484375">
        <ele>130.600006103515625</ele>
        <time>2025-08-21T09:08:41.000Z</time>
        <extensions>
          <ns3:TrackPointExtension>
            <ns3:hr>104</ns3:hr>
            <ns3:cad>0</ns3:cad>
          </ns3:TrackPointExtension>
        </extensions>
      </trkpt>
      <trkpt lat="24.4695995561778545379638671875" lon="118.15629006363451480865478515625">
        <ele>130.8000030517578125</ele>
        <time>2025-08-21T09:08:47.000Z</time>
        <extensions>
          <ns3:TrackPointExtension>
            <ns3:hr>105</ns3:hr>
            <ns3:cad>55</ns3:cad>
          </ns3:TrackPointExtension>
        </extensions>
      </trkpt>
      <trkpt lat="24.4695891626179218292236328125" lon="118.1562707014381885528564453125">
        <ele>131</ele>
        <time>2025-08-21T09:08:49.000Z</time>
        <extensions>
          <ns3:TrackPointExtension>
            <ns3:hr>108</ns3:hr>
            <ns3:cad>0</ns3:cad>
          </ns3:TrackPointExtension>
        </extensions>
      </trkpt>
      <trkpt lat="24.4695854745805263519287109375" lon="118.1562596373260021209716796875">
        <ele>131</ele>
        <time>2025-08-21T09:08:50.000Z</time>
        <extensions>
          <ns3:TrackPointExtension>
            <ns3:hr>110</ns3:hr>
            <ns3:cad>0</ns3:cad>
          </ns3:TrackPointExtension>
        </extensions>
      </trkpt>
      <trkpt lat="24.46957700885832309722900390625" lon="118.156218566000461578369140625">
        <ele>130.8000030517578125</ele>
        <time>2025-08-21T09:08:54.000Z</time>
        <extensions>
          <ns3:TrackPointExtension>
            <ns3:hr>113</ns3:hr>
            <ns3:cad>56</ns3:cad>
          </ns3:TrackPointExtension>
        </extensions>
      </trkpt>
      <trkpt lat="24.46957047097384929656982421875" lon="118.156154192984104156494140625">
        <ele>131</ele>
        <time>2025-08-21T09:09:00.000Z</time>
        <extensions>
          <ns3:TrackPointExtension>
            <ns3:hr>112</ns3:hr>
            <ns3:cad>57</ns3:cad>
          </ns3:TrackPointExtension>
        </extensions>
      </trkpt>
      <trkpt lat="24.469542391598224639892578125" lon="118.15611236728727817535400390625">
        <ele>131.8000030517578125</ele>
        <time>2025-08-21T09:09:07.000Z</time>
        <extensions>
          <ns3:TrackPointExtension>
            <ns3:hr>113</ns3:hr>
            <ns3:cad>44</ns3:cad>
          </ns3:TrackPointExtension>
        </extensions>
      </trkpt>
      <trkpt lat="24.469507522881031036376953125" lon="118.1561030633747577667236328125">
        <ele>132.8000030517578125</ele>
        <time>2025-08-21T09:09:14.000Z</time>
        <extensions>
          <ns3:TrackPointExtension>
            <ns3:hr>111</ns3:hr>
            <ns3:cad>48</ns3:cad>
          </ns3:TrackPointExtension>
        </extensions>
      </trkpt>
      <trkpt lat="24.46950240992009639739990234375" lon="118.1560987047851085662841796875">
        <ele>133</ele>
        <time>2025-08-21T09:09:15.000Z</time>
        <extensions>
          <ns3:TrackPointExtension>
            <ns3:hr>110</ns3:hr>
            <ns3:cad>48</ns3:cad>
          </ns3:TrackPointExtension>
        </extensions>
      </trkpt>
      <trkpt lat="24.4694751687347888946533203125" lon="118.15605930984020233154296875">
        <ele>134</ele>
        <time>2025-08-21T09:09:20.000Z</time>
        <extensions>
          <ns3:TrackPointExtension>
            <ns3:hr>108</ns3:hr>
            <ns3:cad>47</ns3:cad>
          </ns3:TrackPointExtension>
        </extensions>
      </trkpt>
      <trkpt lat="24.4694708101451396942138671875" lon="118.15603651106357574462890625">
        <ele>134.8000030517578125</ele>
        <time>2025-08-21T09:09:25.000Z</time>
        <extensions>
          <ns3:TrackPointExtension>
            <ns3:hr>108</ns3:hr>
            <ns3:cad>45</ns3:cad>
          </ns3:TrackPointExtension>
        </extensions>
      </trkpt>
      <trkpt lat="24.46946904994547367095947265625" lon="118.15602787770330905914306640625">
        <ele>135</ele>
        <time>2025-08-21T09:09:26.000Z</time>
        <extensions>
          <ns3:TrackPointExtension>
            <ns3:hr>108</ns3:hr>
            <ns3:cad>43</ns3:cad>
          </ns3:TrackPointExtension>
        </extensions>
      </trkpt>
      <trkpt lat="24.4694483466446399688720703125" lon="118.15595042891800403594970703125">
        <ele>135.600006103515625</ele>
        <time>2025-08-21T09:09:33.000Z</time>
        <extensions>
          <ns3:TrackPointExtension>
            <ns3:hr>111</ns3:hr>
            <ns3:cad>55</ns3:cad>
          </ns3:TrackPointExtension>
        </extensions>
      </trkpt>
      <trkpt lat="24.46944172494113445281982421875" lon="118.155922852456569671630859375">
        <ele>136.1999969482421875</ele>
        <time>2025-08-21T09:09:37.000Z</time>
        <extensions>
          <ns3:TrackPointExtension>
            <ns3:hr>112</ns3:hr>
            <ns3:cad>52</ns3:cad>
          </ns3:TrackPointExtension>
        </extensions>
      </trkpt>
      <trkpt lat="24.46942144073545932769775390625" lon="118.15588764846324920654296875">
        <ele>137.1999969482421875</ele>
        <time>2025-08-21T09:09:42.000Z</time>
        <extensions>
          <ns3:TrackPointExtension>
            <ns3:hr>114</ns3:hr>
            <ns3:cad>47</ns3:cad>
          </ns3:TrackPointExtension>
        </extensions>
      </trkpt>
      <trkpt lat="24.4694138132035732269287109375" lon="118.1558817811310291290283203125">
        <ele>137.399993896484375</ele>
        <time>2025-08-21T09:09:43.000Z</time>
        <extensions>
          <ns3:TrackPointExtension>
            <ns3:hr>114</ns3:hr>
            <ns3:cad>47</ns3:cad>
          </ns3:TrackPointExtension>
        </extensions>
      </trkpt>
      <trkpt lat="24.4694134779274463653564453125" lon="118.1558130495250225067138671875">
        <ele>138.399993896484375</ele>
        <time>2025-08-21T09:09:51.000Z</time>
        <extensions>
          <ns3:TrackPointExtension>
            <ns3:hr>116</ns3:hr>
            <ns3:cad>52</ns3:cad>
          </ns3:TrackPointExtension>
        </extensions>
      </trkpt>
      <trkpt lat="24.46942009963095188140869140625" lon="118.15580056048929691314697265625">
        <ele>138.399993896484375</ele>
        <time>2025-08-21T09:09:52.000Z</time>
        <extensions>
          <ns3:TrackPointExtension>
            <ns3:hr>116</ns3:hr>
            <ns3:cad>55</ns3:cad>
          </ns3:TrackPointExtension>
        </extensions>
      </trkpt>
      <trkpt lat="24.46944876573979854583740234375" lon="118.15577566623687744140625">
        <ele>139.600006103515625</ele>
        <time>2025-08-21T09:09:57.000Z</time>
        <extensions>
          <ns3:TrackPointExtension>
            <ns3:hr>116</ns3:hr>
            <ns3:cad>50</ns3:cad>
          </ns3:TrackPointExtension>
        </extensions>
      </trkpt>
      <trkpt lat="24.46944750845432281494140625" lon="118.15575613640248775482177734375">
        <ele>140.399993896484375</ele>
        <time>2025-08-21T09:10:01.000Z</time>
        <extensions>
          <ns3:TrackPointExtension>
            <ns3:hr>118</ns3:hr>
            <ns3:cad>0</ns3:cad>
          </ns3:TrackPointExtension>
        </extensions>
      </trkpt>
      <trkpt lat="24.469439126551151275634765625" lon="118.155752532184123992919921875">
        <ele>140.600006103515625</ele>
        <time>2025-08-21T09:10:02.000Z</time>
        <extensions>
          <ns3:TrackPointExtension>
            <ns3:hr>118</ns3:hr>
            <ns3:cad>0</ns3:cad>
          </ns3:TrackPointExtension>
        </extensions>
      </trkpt>
      <trkpt lat="24.4694164954125881195068359375" lon="118.15573518164455890655517578125">
        <ele>141.8000030517578125</ele>
        <time>2025-08-21T09:10:07.000Z</time>
        <extensions>
          <ns3:TrackPointExtension>
            <ns3:hr>121</ns3:hr>
            <ns3:cad>0</ns3:cad>
          </ns3:TrackPointExtension>
        </extensions>
      </trkpt>
      <trkpt lat="24.46940702386200428009033203125" lon="118.15573216415941715240478515625">
        <ele>142.1999969482421875</ele>
        <time>2025-08-21T09:10:10.000Z</time>
        <extensions>
          <ns3:TrackPointExtension>
            <ns3:hr>121</ns3:hr>
            <ns3:cad>76</ns3:cad>
          </ns3:TrackPointExtension>
        </extensions>
      </trkpt>
      <trkpt lat="24.4693977199494838714599609375" lon="118.1557215191423892974853515625">
        <ele>142.600006103515625</ele>
        <time>2025-08-21T09:10:12.000Z</time>
        <extensions>
          <ns3:TrackPointExtension>
            <ns3:hr>124</ns3:hr>
            <ns3:cad>46</ns3:cad>
          </ns3:TrackPointExtension>
        </extensions>
      </trkpt>
      <trkpt lat="24.4693913497030735015869140625" lon="118.1557101197540760040283203125">
        <ele>143</ele>
        <time>2025-08-21T09:10:14.000Z</time>
        <extensions>
          <ns3:TrackPointExtension>
            <ns3:hr>125</ns3:hr>
            <ns3:cad>45</ns3:cad>
          </ns3:TrackPointExtension>
        </extensions>
      </trkpt>
      <trkpt lat="24.4693779386579990386962890625" lon="118.1556722335517406463623046875">
        <ele>143.600006103515625</ele>
        <time>2025-08-21T09:10:19.000Z</time>
        <extensions>
          <ns3:TrackPointExtension>
            <ns3:hr>126</ns3:hr>
            <ns3:cad>0</ns3:cad>
          </ns3:TrackPointExtension>
        </extensions>
      </trkpt>
      <trkpt lat="24.4693702273070812225341796875" lon="118.15567600540816783905029296875">
        <ele>144</ele>
        <time>2025-08-21T09:10:22.000Z</time>
        <extensions>
          <ns3:TrackPointExtension>
            <ns3:hr>129</ns3:hr>
            <ns3:cad>79</ns3:cad>
          </ns3:TrackPointExtension>
        </extensions>
      </trkpt>
      <trkpt lat="24.46937911212444305419921875" lon="118.15567173063755035400390625">
        <ele>144</ele>
        <time>2025-08-21T09:10:30.000Z</time>
        <extensions>
          <ns3:TrackPointExtension>
            <ns3:hr>132</ns3:hr>
            <ns3:cad>0</ns3:cad>
          </ns3:TrackPointExtension>
        </extensions>
      </trkpt>
      <trkpt lat="24.46939059533178806304931640625" lon="118.15566712059080600738525390625">
        <ele>143.8000030517578125</ele>
        <time>2025-08-21T09:10:33.000Z</time>
        <extensions>
          <ns3:TrackPointExtension>
            <ns3:hr>135</ns3:hr>
            <ns3:cad>0</ns3:cad>
          </ns3:TrackPointExtension>
        </extensions>
      </trkpt>
      <trkpt lat="24.46939176879823207855224609375" lon="118.15569276921451091766357421875">
        <ele>143.600006103515625</ele>
        <time>2025-08-21T09:10:38.000Z</time>
        <extensions>
          <ns3:TrackPointExtension>
            <ns3:hr>133</ns3:hr>
            <ns3:cad>0</ns3:cad>
          </ns3:TrackPointExtension>
        </extensions>
      </trkpt>
      <trkpt lat="24.46935790590941905975341796875" lon="118.15568916499614715576171875">
        <ele>143.1999969482421875</ele>
        <time>2025-08-21T09:10:43.000Z</time>
        <extensions>
          <ns3:TrackPointExtension>
            <ns3:hr>130</ns3:hr>
            <ns3:cad>0</ns3:cad>
          </ns3:TrackPointExtension>
        </extensions>
      </trkpt>
      <trkpt lat="24.46935019455850124359130859375" lon="118.15569595433771610260009765625">
        <ele>143</ele>
        <time>2025-08-21T09:10:44.000Z</time>
        <extensions>
          <ns3:TrackPointExtension>
            <ns3:hr>129</ns3:hr>
            <ns3:cad>51</ns3:cad>
          </ns3:TrackPointExtension>
        </extensions>
      </trkpt>
      <trkpt lat="24.469343237578868865966796875" lon="118.155700229108333587646484375">
        <ele>142.8000030517578125</ele>
        <time>2025-08-21T09:10:45.000Z</time>
        <extensions>
          <ns3:TrackPointExtension>
            <ns3:hr>128</ns3:hr>
            <ns3:cad>53</ns3:cad>
          </ns3:TrackPointExtension>
        </extensions>
      </trkpt>
      <trkpt lat="24.469323121011257171630859375" lon="118.15571757964789867401123046875">
        <ele>141.8000030517578125</ele>
        <time>2025-08-21T09:10:50.000Z</time>
        <extensions>
          <ns3:TrackPointExtension>
            <ns3:hr>127</ns3:hr>
            <ns3:cad>53</ns3:cad>
          </ns3:TrackPointExtension>
        </extensions>
      </trkpt>
      <trkpt lat="24.46931197308003902435302734375" lon="118.15571992658078670501708984375">
        <ele>141.399993896484375</ele>
        <time>2025-08-21T09:10:52.000Z</time>
        <extensions>
          <ns3:TrackPointExtension>
            <ns3:hr>125</ns3:hr>
            <ns3:cad>0</ns3:cad>
          </ns3:TrackPointExtension>
        </extensions>
      </trkpt>
      <trkpt lat="24.46928263641893863677978515625" lon="118.15572646446526050567626953125">
        <ele>140.8000030517578125</ele>
        <time>2025-08-21T09:10:56.000Z</time>
        <extensions>
          <ns3:TrackPointExtension>
            <ns3:hr>125</ns3:hr>
            <ns3:cad>0</ns3:cad>
          </ns3:TrackPointExtension>
        </extensions>
      </trkpt>
      <trkpt lat="24.4692666269838809967041015625" lon="118.155724704265594482421875">
        <ele>140.1999969482421875</ele>
        <time>2025-08-21T09:10:59.000Z</time>
        <extensions>
          <ns3:TrackPointExtension>
            <ns3:hr>122</ns3:hr>
            <ns3:cad>51</ns3:cad>
          </ns3:TrackPointExtension>
        </extensions>
      </trkpt>
      <trkpt lat="24.4692589156329631805419921875" lon="118.1557245366275310516357421875">
        <ele>139.8000030517578125</ele>
        <time>2025-08-21T09:11:00.000Z</time>
        <extensions>
          <ns3:TrackPointExtension>
            <ns3:hr>118</ns3:hr>
            <ns3:cad>54</ns3:cad>
          </ns3:TrackPointExtension>
        </extensions>
      </trkpt>
      <trkpt lat="24.46925044991075992584228515625" lon="118.1557252071797847747802734375">
        <ele>139.600006103515625</ele>
        <time>2025-08-21T09:11:01.000Z</time>
        <extensions>
          <ns3:TrackPointExtension>
            <ns3:hr>116</ns3:hr>
            <ns3:cad>55</ns3:cad>
          </ns3:TrackPointExtension>
        </extensions>
      </trkpt>
      <trkpt lat="24.46923720650374889373779296875" lon="118.15572830848395824432373046875">
        <ele>139.1999969482421875</ele>
        <time>2025-08-21T09:11:03.000Z</time>
        <extensions>
          <ns3:TrackPointExtension>
            <ns3:hr>112</ns3:hr>
            <ns3:cad>55</ns3:cad>
          </ns3:TrackPointExtension>
        </extensions>
      </trkpt>
      <trkpt lat="24.46920837275683879852294921875" lon="118.15572378225624561309814453125">
        <ele>138.600006103515625</ele>
        <time>2025-08-21T09:11:06.000Z</time>
        <extensions>
          <ns3:TrackPointExtension>
            <ns3:hr>110</ns3:hr>
            <ns3:cad>53</ns3:cad>
          </ns3:TrackPointExtension>
        </extensions>
      </trkpt>
      <trkpt lat="24.4691938720643520355224609375" lon="118.1557154841721057891845703125">
        <ele>138.399993896484375</ele>
        <time>2025-08-21T09:11:08.000Z</time>
        <extensions>
          <ns3:TrackPointExtension>
            <ns3:hr>110</ns3:hr>
            <ns3:cad>0</ns3:cad>
          </ns3:TrackPointExtension>
        </extensions>
      </trkpt>
      <trkpt lat="24.46914752013981342315673828125" lon="118.15566745586693286895751953125">
        <ele>138.600006103515625</ele>
        <time>2025-08-21T09:11:15.000Z</time>
        <extensions>
          <ns3:TrackPointExtension>
            <ns3:hr>109</ns3:hr>
            <ns3:cad>53</ns3:cad>
          </ns3:TrackPointExtension>
        </extensions>
      </trkpt>
      <trkpt lat="24.46907845325767993927001953125" lon="118.15559704788029193878173828125">
        <ele>138.600006103515625</ele>
        <time>2025-08-21T09:11:24.000Z</time>
        <extensions>
          <ns3:TrackPointExtension>
            <ns3:hr>109</ns3:hr>
            <ns3:cad>0</ns3:cad>
          </ns3:TrackPointExtension>
        </extensions>
      </trkpt>
      <trkpt lat="24.4690265692770481109619140625" lon="118.1555294059216976165771484375">
        <ele>137.399993896484375</ele>
        <time>2025-08-21T09:11:31.000Z</time>
        <extensions>
          <ns3:TrackPointExtension>
            <ns3:hr>109</ns3:hr>
            <ns3:cad>54</ns3:cad>
          </ns3:TrackPointExtension>
        </extensions>
      </trkpt>
      <trkpt lat="24.46901709772646427154541015625" lon="118.15552094019949436187744140625">
        <ele>137</ele>
        <time>2025-08-21T09:11:32.000Z</time>
        <extensions>
          <ns3:TrackPointExtension>
            <ns3:hr>109</ns3:hr>
            <ns3:cad>54</ns3:cad>
          </ns3:TrackPointExtension>
        </extensions>
      </trkpt>
      <trkpt lat="24.468971081078052520751953125" lon="118.15549629740417003631591796875">
        <ele>136.1999969482421875</ele>
        <time>2025-08-21T09:11:37.000Z</time>
        <extensions>
          <ns3:TrackPointExtension>
            <ns3:hr>109</ns3:hr>
            <ns3:cad>52</ns3:cad>
          </ns3:TrackPointExtension>
        </extensions>
      </trkpt>
      <trkpt lat="24.46896462701261043548583984375" lon="118.1554898433387279510498046875">
        <ele>136</ele>
        <time>2025-08-21T09:11:39.000Z</time>
        <extensions>
          <ns3:TrackPointExtension>
            <ns3:hr>111</ns3:hr>
            <ns3:cad>52</ns3:cad>
          </ns3:TrackPointExtension>
        </extensions>
      </trkpt>
      <trkpt lat="24.46890662424266338348388671875" lon="118.155467212200164794921875">
        <ele>135.600006103515625</ele>
        <time>2025-08-21T09:11:45.000Z</time>
        <extensions>
          <ns3:TrackPointExtension>
            <ns3:hr>112</ns3:hr>
            <ns3:cad>59</ns3:cad>
          </ns3:TrackPointExtension>
        </extensions>
      </trkpt>
      <trkpt lat="24.46889069862663745880126953125" lon="118.15544030629098415374755859375">
        <ele>136</ele>
        <time>2025-08-21T09:11:48.000Z</time>
        <extensions>
          <ns3:TrackPointExtension>
            <ns3:hr>112</ns3:hr>
            <ns3:cad>53</ns3:cad>
          </ns3:TrackPointExtension>
        </extensions>
      </trkpt>
      <trkpt lat="24.46886085905134677886962890625" lon="118.15542362630367279052734375">
        <ele>136.1999969482421875</ele>
        <time>2025-08-21T09:11:51.000Z</time>
        <extensions>
          <ns3:TrackPointExtension>
            <ns3:hr>111</ns3:hr>
            <ns3:cad>51</ns3:cad>
          </ns3:TrackPointExtension>
        </extensions>
      </trkpt>
      <trkpt lat="24.46883018128573894500732421875" lon="118.15541516058146953582763671875">
        <ele>136</ele>
        <time>2025-08-21T09:11:55.000Z</time>
        <extensions>
          <ns3:TrackPointExtension>
            <ns3:hr>114</ns3:hr>
            <ns3:cad>51</ns3:cad>
          </ns3:TrackPointExtension>
        </extensions>
      </trkpt>
      <trkpt lat="24.4688093103468418121337890625" lon="118.15540350973606109619140625">
        <ele>135.399993896484375</ele>
        <time>2025-08-21T09:12:00.000Z</time>
        <extensions>
          <ns3:TrackPointExtension>
            <ns3:hr>114</ns3:hr>
            <ns3:cad>57</ns3:cad>
          </ns3:TrackPointExtension>
        </extensions>
      </trkpt>
      <trkpt lat="24.4687995873391628265380859375" lon="118.155397810041904449462890625">
        <ele>135</ele>
        <time>2025-08-21T09:12:01.000Z</time>
        <extensions>
          <ns3:TrackPointExtension>
            <ns3:hr>113</ns3:hr>
            <ns3:cad>56</ns3:cad>
          </ns3:TrackPointExtension>
        </extensions>
      </trkpt>
      <trkpt lat="24.468737728893756866455078125" lon="118.1553835608065128326416015625">
        <ele>134</ele>
        <time>2025-08-21T09:12:06.000Z</time>
        <extensions>
          <ns3:TrackPointExtension>
            <ns3:hr>113</ns3:hr>
            <ns3:cad>56</ns3:cad>
          </ns3:TrackPointExtension>
        </extensions>
      </trkpt>
      <trkpt lat="24.4686944782733917236328125" lon="118.1554070301353931427001953125">
        <ele>134.1999969482421875</ele>
        <time>2025-08-21T09:12:13.000Z</time>
        <extensions>
          <ns3:TrackPointExtension>
            <ns3:hr>112</ns3:hr>
            <ns3:cad>0</ns3:cad>
          </ns3:TrackPointExtension>
        </extensions>
      </trkpt>
      <trkpt lat="24.46868400089442729949951171875" lon="118.15541096962988376617431640625">
        <ele>134</ele>
        <time>2025-08-21T09:12:14.000Z</time>
        <extensions>
          <ns3:TrackPointExtension>
            <ns3:hr>113</ns3:hr>
            <ns3:cad>57</ns3:cad>
          </ns3:TrackPointExtension>
        </extensions>
      </trkpt>
      <trkpt lat="24.4686467014253139495849609375" lon="118.15542773343622684478759765625">
        <ele>132.8000030517578125</ele>
        <time>2025-08-21T09:12:19.000Z</time>
        <extensions>
          <ns3:TrackPointExtension>
            <ns3:hr>111</ns3:hr>
            <ns3:cad>52</ns3:cad>
          </ns3:TrackPointExtension>
        </extensions>
      </trkpt>
      <trkpt lat="24.46860956959426403045654296875" lon="118.15545103512704372406005859375">
        <ele>132</ele>
        <time>2025-08-21T09:12:22.000Z</time>
        <extensions>
          <ns3:TrackPointExtension>
            <ns3:hr>111</ns3:hr>
            <ns3:cad>50</ns3:cad>
          </ns3:TrackPointExtension>
        </extensions>
      </trkpt>
      <trkpt lat="24.4685990922152996063232421875" lon="118.15546226687729358673095703125">
        <ele>131.8000030517578125</ele>
        <time>2025-08-21T09:12:23.000Z</time>
        <extensions>
          <ns3:TrackPointExtension>
            <ns3:hr>111</ns3:hr>
            <ns3:cad>51</ns3:cad>
          </ns3:TrackPointExtension>
        </extensions>
      </trkpt>
      <trkpt lat="24.468556679785251617431640625" lon="118.15549881197512149810791015625">
        <ele>130.600006103515625</ele>
        <time>2025-08-21T09:12:28.000Z</time>
        <extensions>
          <ns3:TrackPointExtension>
            <ns3:hr>112</ns3:hr>
            <ns3:cad>50</ns3:cad>
          </ns3:TrackPointExtension>
        </extensions>
      </trkpt>
      <trkpt lat="24.46854871697723865509033203125" lon="118.15550266765058040618896484375">
        <ele>130.399993896484375</ele>
        <time>2025-08-21T09:12:29.000Z</time>
        <extensions>
          <ns3:TrackPointExtension>
            <ns3:hr>112</ns3:hr>
            <ns3:cad>50</ns3:cad>
          </ns3:TrackPointExtension>
        </extensions>
      </trkpt>
      <trkpt lat="24.4685213081538677215576171875" lon="118.15552060492336750030517578125">
        <ele>129.399993896484375</ele>
        <time>2025-08-21T09:12:33.000Z</time>
        <extensions>
          <ns3:TrackPointExtension>
            <ns3:hr>113</ns3:hr>
            <ns3:cad>53</ns3:cad>
          </ns3:TrackPointExtension>
        </extensions>
      </trkpt>
      <trkpt lat="24.468471519649028778076171875" lon="118.1555235385894775390625">
        <ele>128.399993896484375</ele>
        <time>2025-08-21T09:12:38.000Z</time>
        <extensions>
          <ns3:TrackPointExtension>
            <ns3:hr>112</ns3:hr>
            <ns3:cad>55</ns3:cad>
          </ns3:TrackPointExtension>
        </extensions>
      </trkpt>
      <trkpt lat="24.46840505115687847137451171875" lon="118.15550434403121471405029296875">
        <ele>127.59999847412109375</ele>
        <time>2025-08-21T09:12:46.000Z</time>
        <extensions>
          <ns3:TrackPointExtension>
            <ns3:hr>112</ns3:hr>
            <ns3:cad>55</ns3:cad>
          </ns3:TrackPointExtension>
        </extensions>
      </trkpt>
      <trkpt lat="24.46839876472949981689453125" lon="118.155503757297992706298828125">
        <ele>127.40000152587890625</ele>
        <time>2025-08-21T09:12:47.000Z</time>
        <extensions>
          <ns3:TrackPointExtension>
            <ns3:hr>112</ns3:hr>
            <ns3:cad>55</ns3:cad>
          </ns3:TrackPointExtension>
        </extensions>
      </trkpt>
      <trkpt lat="24.46839348413050174713134765625" lon="118.155509792268276214599609375">
        <ele>126.40000152587890625</ele>
        <time>2025-08-21T09:12:53.000Z</time>
        <extensions>
          <ns3:TrackPointExtension>
            <ns3:hr>112</ns3:hr>
            <ns3:cad>0</ns3:cad>
          </ns3:TrackPointExtension>
        </extensions>
      </trkpt>
      <trkpt lat="24.468386359512805938720703125" lon="118.15551004372537136077880859375">
        <ele>126.40000152587890625</ele>
        <time>2025-08-21T09:12:54.000Z</time>
        <extensions>
          <ns3:TrackPointExtension>
            <ns3:hr>111</ns3:hr>
            <ns3:cad>50</ns3:cad>
          </ns3:TrackPointExtension>
        </extensions>
      </trkpt>
      <trkpt lat="24.4683442823588848114013671875" lon="118.155533261597156524658203125">
        <ele>125.8000030517578125</ele>
        <time>2025-08-21T09:12:59.000Z</time>
        <extensions>
          <ns3:TrackPointExtension>
            <ns3:hr>104</ns3:hr>
            <ns3:cad>0</ns3:cad>
          </ns3:TrackPointExtension>
        </extensions>
      </trkpt>
      <trkpt lat="24.4683399237692356109619140625" lon="118.15553267486393451690673828125">
        <ele>125.8000030517578125</ele>
        <time>2025-08-21T09:13:00.000Z</time>
        <extensions>
          <ns3:TrackPointExtension>
            <ns3:hr>101</ns3:hr>
            <ns3:cad>0</ns3:cad>
          </ns3:TrackPointExtension>
        </extensions>
      </trkpt>
      <trkpt lat="24.46833581663668155670166015625" lon="118.15552965737879276275634765625">
        <ele>126</ele>
        <time>2025-08-21T09:13:01.000Z</time>
        <extensions>
          <ns3:TrackPointExtension>
            <ns3:hr>97</ns3:hr>
            <ns3:cad>0</ns3:cad>
          </ns3:TrackPointExtension>
        </extensions>
      </trkpt>
      <trkpt lat="24.4683298654854297637939453125" lon="118.155528567731380462646484375">
        <ele>125.8000030517578125</ele>
        <time>2025-08-21T09:13:02.000Z</time>
        <extensions>
          <ns3:TrackPointExtension>
            <ns3:hr>93</ns3:hr>
            <ns3:cad>0</ns3:cad>
          </ns3:TrackPointExtension>
        </extensions>
      </trkpt>
      <trkpt lat="24.4683109223842620849609375" lon="118.155521191656589508056640625">
        <ele>125.8000030517578125</ele>
        <time>2025-08-21T09:13:04.000Z</time>
        <extensions>
          <ns3:TrackPointExtension>
            <ns3:hr>90</ns3:hr>
            <ns3:cad>0</ns3:cad>
          </ns3:TrackPointExtension>
        </extensions>
      </trkpt>
      <trkpt lat="24.46827060543000698089599609375" lon="118.15551624633371829986572265625">
        <ele>125.40000152587890625</ele>
        <time>2025-08-21T09:13:08.000Z</time>
        <extensions>
          <ns3:TrackPointExtension>
            <ns3:hr>88</ns3:hr>
            <ns3:cad>52</ns3:cad>
          </ns3:TrackPointExtension>
        </extensions>
      </trkpt>
      <trkpt lat="24.46824378333985805511474609375" lon="118.15553837455809116363525390625">
        <ele>125.59999847412109375</ele>
        <time>2025-08-21T09:13:14.000Z</time>
        <extensions>
          <ns3:TrackPointExtension>
            <ns3:hr>85</ns3:hr>
            <ns3:cad>53</ns3:cad>
          </ns3:TrackPointExtension>
        </extensions>
      </trkpt>
      <trkpt lat="24.46824009530246257781982421875" lon="118.15554675646126270294189453125">
        <ele>125.59999847412109375</ele>
        <time>2025-08-21T09:13:15.000Z</time>
        <extensions>
          <ns3:TrackPointExtension>
            <ns3:hr>85</ns3:hr>
            <ns3:cad>53</ns3:cad>
          </ns3:TrackPointExtension>
        </extensions>
      </trkpt>
      <trkpt lat="24.4682371616363525390625" lon="118.1555558927357196807861328125">
        <ele>125.40000152587890625</ele>
        <time>2025-08-21T09:13:16.000Z</time>
        <extensions>
          <ns3:TrackPointExtension>
            <ns3:hr>85</ns3:hr>
            <ns3:cad>53</ns3:cad>
          </ns3:TrackPointExtension>
        </extensions>
      </trkpt>
      <trkpt lat="24.46820656768977642059326171875" lon="118.15560241229832172393798828125">
        <ele>124.8000030517578125</ele>
        <time>2025-08-21T09:13:20.000Z</time>
        <extensions>
          <ns3:TrackPointExtension>
            <ns3:hr>84</ns3:hr>
            <ns3:cad>0</ns3:cad>
          </ns3:TrackPointExtension>
        </extensions>
      </trkpt>
      <trkpt lat="24.4681776501238346099853515625" lon="118.155612386763095855712890625">
        <ele>124.1999969482421875</ele>
        <time>2025-08-21T09:13:25.000Z</time>
        <extensions>
          <ns3:TrackPointExtension>
            <ns3:hr>84</ns3:hr>
            <ns3:cad>0</ns3:cad>
          </ns3:TrackPointExtension>
        </extensions>
      </trkpt>
      <trkpt lat="24.46815426461398601531982421875" lon="118.155633173882961273193359375">
        <ele>123.40000152587890625</ele>
        <time>2025-08-21T09:13:29.000Z</time>
        <extensions>
          <ns3:TrackPointExtension>
            <ns3:hr>85</ns3:hr>
            <ns3:cad>54</ns3:cad>
          </ns3:TrackPointExtension>
        </extensions>
      </trkpt>
      <trkpt lat="24.46814537979662418365478515625" lon="118.15564624965190887451171875">
        <ele>123</ele>
        <time>2025-08-21T09:13:31.000Z</time>
        <extensions>
          <ns3:TrackPointExtension>
            <ns3:hr>85</ns3:hr>
            <ns3:cad>53</ns3:cad>
          </ns3:TrackPointExtension>
        </extensions>
      </trkpt>
      <trkpt lat="24.46811000816524028778076171875" lon="118.1557037495076656341552734375">
        <ele>122</ele>
        <time>2025-08-21T09:13:38.000Z</time>
        <extensions>
          <ns3:TrackPointExtension>
            <ns3:hr>86</ns3:hr>
            <ns3:cad>56</ns3:cad>
          </ns3:TrackPointExtension>
        </extensions>
      </trkpt>
      <trkpt lat="24.46810129098594188690185546875" lon="118.155709616839885711669921875">
        <ele>122</ele>
        <time>2025-08-21T09:13:39.000Z</time>
        <extensions>
          <ns3:TrackPointExtension>
            <ns3:hr>87</ns3:hr>
            <ns3:cad>56</ns3:cad>
          </ns3:TrackPointExtension>
        </extensions>
      </trkpt>
      <trkpt lat="24.46808628737926483154296875" lon="118.15570081584155559539794921875">
        <ele>121.8000030517578125</ele>
        <time>2025-08-21T09:13:42.000Z</time>
        <extensions>
          <ns3:TrackPointExtension>
            <ns3:hr>88</ns3:hr>
            <ns3:cad>0</ns3:cad>
          </ns3:TrackPointExtension>
        </extensions>
      </trkpt>
      <trkpt lat="24.468076229095458984375" lon="118.1556856445968151092529296875">
        <ele>122.1999969482421875</ele>
        <time>2025-08-21T09:13:45.000Z</time>
        <extensions>
          <ns3:TrackPointExtension>
            <ns3:hr>88</ns3:hr>
            <ns3:cad>0</ns3:cad>
          </ns3:TrackPointExtension>
        </extensions>
      </trkpt>
      <trkpt lat="24.46806692518293857574462890625" lon="118.15566360019147396087646484375">
        <ele>123.1999969482421875</ele>
        <time>2025-08-21T09:13:49.000Z</time>
        <extensions>
          <ns3:TrackPointExtension>
            <ns3:hr>89</ns3:hr>
            <ns3:cad>41</ns3:cad>
          </ns3:TrackPointExtension>
        </extensions>
      </trkpt>
      <trkpt lat="24.46807086467742919921875" lon="118.15562671981751918792724609375">
        <ele>124.40000152587890625</ele>
        <time>2025-08-21T09:13:55.000Z</time>
        <extensions>
          <ns3:TrackPointExtension>
            <ns3:hr>89</ns3:hr>
            <ns3:cad>0</ns3:cad>
          </ns3:TrackPointExtension>
        </extensions>
      </trkpt>
      <trkpt lat="24.468045718967914581298828125" lon="118.15562236122786998748779296875">
        <ele>125.59999847412109375</ele>
        <time>2025-08-21T09:14:00.000Z</time>
        <extensions>
          <ns3:TrackPointExtension>
            <ns3:hr>90</ns3:hr>
            <ns3:cad>41</ns3:cad>
          </ns3:TrackPointExtension>
        </extensions>
      </trkpt>
      <trkpt lat="24.4680364988744258880615234375" lon="118.15561817027628421783447265625">
        <ele>126.1999969482421875</ele>
        <time>2025-08-21T09:14:02.000Z</time>
        <extensions>
          <ns3:TrackPointExtension>
            <ns3:hr>94</ns3:hr>
            <ns3:cad>44</ns3:cad>
          </ns3:TrackPointExtension>
        </extensions>
      </trkpt>
      <trkpt lat="24.468033649027347564697265625" lon="118.15560610033571720123291015625">
        <ele>126.8000030517578125</ele>
        <time>2025-08-21T09:14:05.000Z</time>
        <extensions>
          <ns3:TrackPointExtension>
            <ns3:hr>94</ns3:hr>
            <ns3:cad>44</ns3:cad>
          </ns3:TrackPointExtension>
        </extensions>
      </trkpt>
      <trkpt lat="24.4680240936577320098876953125" lon="118.15559704788029193878173828125">
        <ele>127.8000030517578125</ele>
        <time>2025-08-21T09:14:10.000Z</time>
        <extensions>
          <ns3:TrackPointExtension>
            <ns3:hr>97</ns3:hr>
            <ns3:cad>74</ns3:cad>
          </ns3:TrackPointExtension>
        </extensions>
      </trkpt>
      <trkpt lat="24.4680257700383663177490234375" lon="118.1555947847664356231689453125">
        <ele>128</ele>
        <time>2025-08-21T09:14:11.000Z</time>
        <extensions>
          <ns3:TrackPointExtension>
            <ns3:hr>98</ns3:hr>
            <ns3:cad>78</ns3:cad>
          </ns3:TrackPointExtension>
        </extensions>
      </trkpt>
      <trkpt lat="24.4680227525532245635986328125" lon="118.15559126436710357666015625">
        <ele>128.399993896484375</ele>
        <time>2025-08-21T09:14:13.000Z</time>
        <extensions>
          <ns3:TrackPointExtension>
            <ns3:hr>101</ns3:hr>
            <ns3:cad>78</ns3:cad>
          </ns3:TrackPointExtension>
        </extensions>
      </trkpt>
      <trkpt lat="24.4680086709558963775634765625" lon="118.15558145754039287567138671875">
        <ele>129</ele>
        <time>2025-08-21T09:14:16.000Z</time>
        <extensions>
          <ns3:TrackPointExtension>
            <ns3:hr>104</ns3:hr>
            <ns3:cad>78</ns3:cad>
          </ns3:TrackPointExtension>
        </extensions>
      </trkpt>
      <trkpt lat="24.468005485832691192626953125" lon="118.155580870807170867919921875">
        <ele>129.399993896484375</ele>
        <time>2025-08-21T09:14:17.000Z</time>
        <extensions>
          <ns3:TrackPointExtension>
            <ns3:hr>107</ns3:hr>
            <ns3:cad>78</ns3:cad>
          </ns3:TrackPointExtension>
        </extensions>
      </trkpt>
      <trkpt lat="24.46800372563302516937255859375" lon="118.15558254718780517578125">
        <ele>129.600006103515625</ele>
        <time>2025-08-21T09:14:18.000Z</time>
        <extensions>
          <ns3:TrackPointExtension>
            <ns3:hr>110</ns3:hr>
            <ns3:cad>43</ns3:cad>
          </ns3:TrackPointExtension>
        </extensions>
      </trkpt>
      <trkpt lat="24.46800020523369312286376953125" lon="118.15558187663555145263671875">
        <ele>129.8000030517578125</ele>
        <time>2025-08-21T09:14:19.000Z</time>
        <extensions>
          <ns3:TrackPointExtension>
            <ns3:hr>114</ns3:hr>
            <ns3:cad>43</ns3:cad>
          </ns3:TrackPointExtension>
        </extensions>
      </trkpt>
      <trkpt lat="24.4680002890527248382568359375" lon="118.15558397211134433746337890625">
        <ele>130</ele>
        <time>2025-08-21T09:14:20.000Z</time>
        <extensions>
          <ns3:TrackPointExtension>
            <ns3:hr>118</ns3:hr>
            <ns3:cad>43</ns3:cad>
          </ns3:TrackPointExtension>
        </extensions>
      </trkpt>
      <trkpt lat="24.46799685247242450714111328125" lon="118.155586235225200653076171875">
        <ele>130.1999969482421875</ele>
        <time>2025-08-21T09:14:21.000Z</time>
        <extensions>
          <ns3:TrackPointExtension>
            <ns3:hr>122</ns3:hr>
            <ns3:cad>42</ns3:cad>
          </ns3:TrackPointExtension>
        </extensions>
      </trkpt>
      <trkpt lat="24.46797857992351055145263671875" lon="118.15558715723454952239990234375">
        <ele>131</ele>
        <time>2025-08-21T09:14:24.000Z</time>
        <extensions>
          <ns3:TrackPointExtension>
            <ns3:hr>125</ns3:hr>
            <ns3:cad>41</ns3:cad>
          </ns3:TrackPointExtension>
        </extensions>
      </trkpt>
      <trkpt lat="24.4679453037679195404052734375" lon="118.15559084527194499969482421875">
        <ele>131.399993896484375</ele>
        <time>2025-08-21T09:14:27.000Z</time>
        <extensions>
          <ns3:TrackPointExtension>
            <ns3:hr>126</ns3:hr>
            <ns3:cad>40</ns3:cad>
          </ns3:TrackPointExtension>
        </extensions>
      </trkpt>
      <trkpt lat="24.4679406099021434783935546875" lon="118.1555917672812938690185546875">
        <ele>131.600006103515625</ele>
        <time>2025-08-21T09:14:28.000Z</time>
        <extensions>
          <ns3:TrackPointExtension>
            <ns3:hr>127</ns3:hr>
            <ns3:cad>40</ns3:cad>
          </ns3:TrackPointExtension>
        </extensions>
      </trkpt>
      <trkpt lat="24.4679220020771026611328125" lon="118.15558866597712039947509765625">
        <ele>132.399993896484375</ele>
        <time>2025-08-21T09:14:32.000Z</time>
        <extensions>
          <ns3:TrackPointExtension>
            <ns3:hr>130</ns3:hr>
            <ns3:cad>40</ns3:cad>
          </ns3:TrackPointExtension>
        </extensions>
      </trkpt>
      <trkpt lat="24.46791253052651882171630859375" lon="118.15558631904423236846923828125">
        <ele>132.600006103515625</ele>
        <time>2025-08-21T09:14:33.000Z</time>
        <extensions>
          <ns3:TrackPointExtension>
            <ns3:hr>132</ns3:hr>
            <ns3:cad>73</ns3:cad>
          </ns3:TrackPointExtension>
        </extensions>
      </trkpt>
      <trkpt lat="24.46788973174989223480224609375" lon="118.1555907614529132843017578125">
        <ele>133.600006103515625</ele>
        <time>2025-08-21T09:14:37.000Z</time>
        <extensions>
          <ns3:TrackPointExtension>
            <ns3:hr>135</ns3:hr>
            <ns3:cad>77</ns3:cad>
          </ns3:TrackPointExtension>
        </extensions>
      </trkpt>
      <trkpt lat="24.4678812660276889801025390625" lon="118.15559084527194499969482421875">
        <ele>133.8000030517578125</ele>
        <time>2025-08-21T09:14:38.000Z</time>
        <extensions>
          <ns3:TrackPointExtension>
            <ns3:hr>136</ns3:hr>
            <ns3:cad>77</ns3:cad>
          </ns3:TrackPointExtension>
        </extensions>
      </trkpt>
      <trkpt lat="24.46783323772251605987548828125" lon="118.155587576329708099365234375">
        <ele>134.8000030517578125</ele>
        <time>2025-08-21T09:14:44.000Z</time>
        <extensions>
          <ns3:TrackPointExtension>
            <ns3:hr>136</ns3:hr>
            <ns3:cad>76</ns3:cad>
          </ns3:TrackPointExtension>
        </extensions>
      </trkpt>
      <trkpt lat="24.46782418526709079742431640625" lon="118.155587576329708099365234375">
        <ele>135</ele>
        <time>2025-08-21T09:14:45.000Z</time>
        <extensions>
          <ns3:TrackPointExtension>
            <ns3:hr>136</ns3:hr>
            <ns3:cad>76</ns3:cad>
          </ns3:TrackPointExtension>
        </extensions>
      </trkpt>
      <trkpt lat="24.4677733071148395538330078125" lon="118.15557383000850677490234375">
        <ele>136</ele>
        <time>2025-08-21T09:14:50.000Z</time>
        <extensions>
          <ns3:TrackPointExtension>
            <ns3:hr>137</ns3:hr>
            <ns3:cad>0</ns3:cad>
          </ns3:TrackPointExtension>
        </extensions>
      </trkpt>
      <trkpt lat="24.46773315779864788055419921875" lon="118.15556385554373264312744140625">
        <ele>136.399993896484375</ele>
        <time>2025-08-21T09:14:54.000Z</time>
        <extensions>
          <ns3:TrackPointExtension>
            <ns3:hr>138</ns3:hr>
            <ns3:cad>44</ns3:cad>
          </ns3:TrackPointExtension>
        </extensions>
      </trkpt>
      <trkpt lat="24.46773634292185306549072265625" lon="118.1555367819964885711669921875">
        <ele>137</ele>
        <time>2025-08-21T09:14:58.000Z</time>
        <extensions>
          <ns3:TrackPointExtension>
            <ns3:hr>138</ns3:hr>
            <ns3:cad>41</ns3:cad>
          </ns3:TrackPointExtension>
        </extensions>
      </trkpt>
      <trkpt lat="24.4677414558827877044677734375" lon="118.1555156596004962921142578125">
        <ele>137.399993896484375</ele>
        <time>2025-08-21T09:15:00.000Z</time>
        <extensions>
          <ns3:TrackPointExtension>
            <ns3:hr>137</ns3:hr>
            <ns3:cad>41</ns3:cad>
          </ns3:TrackPointExtension>
        </extensions>
      </trkpt>
      <trkpt lat="24.46774941869080066680908203125" lon="118.15549227409064769744873046875">
        <ele>138.1999969482421875</ele>
        <time>2025-08-21T09:15:03.000Z</time>
        <extensions>
          <ns3:TrackPointExtension>
            <ns3:hr>137</ns3:hr>
            <ns3:cad>43</ns3:cad>
          </ns3:TrackPointExtension>
        </extensions>
      </trkpt>
      <trkpt lat="24.46773667819797992706298828125" lon="118.15547383390367031097412109375">
        <ele>139</ele>
        <time>2025-08-21T09:15:08.000Z</time>
        <extensions>
          <ns3:TrackPointExtension>
            <ns3:hr>134</ns3:hr>
            <ns3:cad>74</ns3:cad>
          </ns3:TrackPointExtension>
        </extensions>
      </trkpt>
      <trkpt lat="24.467733912169933319091796875" lon="118.15547182224690914154052734375">
        <ele>139.1999969482421875</ele>
        <time>2025-08-21T09:15:09.000Z</time>
        <extensions>
          <ns3:TrackPointExtension>
            <ns3:hr>134</ns3:hr>
            <ns3:cad>74</ns3:cad>
          </ns3:TrackPointExtension>
        </extensions>
      </trkpt>
      <trkpt lat="24.46773030795156955718994140625" lon="118.15547081641852855682373046875">
        <ele>139.600006103515625</ele>
        <time>2025-08-21T09:15:10.000Z</time>
        <extensions>
          <ns3:TrackPointExtension>
            <ns3:hr>134</ns3:hr>
            <ns3:cad>74</ns3:cad>
          </ns3:TrackPointExtension>
        </extensions>
      </trkpt>
      <trkpt lat="24.46772393770515918731689453125" lon="118.15546712838113307952880859375">
        <ele>139.8000030517578125</ele>
        <time>2025-08-21T09:15:11.000Z</time>
        <extensions>
          <ns3:TrackPointExtension>
            <ns3:hr>134</ns3:hr>
            <ns3:cad>74</ns3:cad>
          </ns3:TrackPointExtension>
        </extensions>
      </trkpt>
      <trkpt lat="24.46770683862268924713134765625" lon="118.15545455552637577056884765625">
        <ele>140.399993896484375</ele>
        <time>2025-08-21T09:15:14.000Z</time>
        <extensions>
          <ns3:TrackPointExtension>
            <ns3:hr>135</ns3:hr>
            <ns3:cad>71</ns3:cad>
          </ns3:TrackPointExtension>
        </extensions>
      </trkpt>
      <trkpt lat="24.467677585780620574951171875" lon="118.15545178949832916259765625">
        <ele>141.1999969482421875</ele>
        <time>2025-08-21T09:15:18.000Z</time>
        <extensions>
          <ns3:TrackPointExtension>
            <ns3:hr>134</ns3:hr>
            <ns3:cad>0</ns3:cad>
          </ns3:TrackPointExtension>
        </extensions>
      </trkpt>
      <trkpt lat="24.46763106621801853179931640625" lon="118.155422620475292205810546875">
        <ele>141.399993896484375</ele>
        <time>2025-08-21T09:15:25.000Z</time>
        <extensions>
          <ns3:TrackPointExtension>
            <ns3:hr>134</ns3:hr>
            <ns3:cad>0</ns3:cad>
          </ns3:TrackPointExtension>
        </extensions>
      </trkpt>
      <trkpt lat="24.46757842786610126495361328125" lon="118.15535564906895160675048828125">
        <ele>141.399993896484375</ele>
        <time>2025-08-21T09:15:34.000Z</time>
        <extensions>
          <ns3:TrackPointExtension>
            <ns3:hr>134</ns3:hr>
            <ns3:cad>0</ns3:cad>
          </ns3:TrackPointExtension>
        </extensions>
      </trkpt>
      <trkpt lat="24.467579685151576995849609375" lon="118.1553463451564311981201171875">
        <ele>141.8000030517578125</ele>
        <time>2025-08-21T09:15:42.000Z</time>
        <extensions>
          <ns3:TrackPointExtension>
            <ns3:hr>129</ns3:hr>
            <ns3:cad>0</ns3:cad>
          </ns3:TrackPointExtension>
        </extensions>
      </trkpt>
      <trkpt lat="24.46757289581000804901123046875" lon="118.1553282402455806732177734375">
        <ele>141.600006103515625</ele>
        <time>2025-08-21T09:15:50.000Z</time>
        <extensions>
          <ns3:TrackPointExtension>
            <ns3:hr>130</ns3:hr>
            <ns3:cad>0</ns3:cad>
          </ns3:TrackPointExtension>
        </extensions>
      </trkpt>
      <trkpt lat="24.46754674427211284637451171875" lon="118.15530024468898773193359375">
        <ele>142.1999969482421875</ele>
        <time>2025-08-21T09:15:57.000Z</time>
        <extensions>
          <ns3:TrackPointExtension>
            <ns3:hr>131</ns3:hr>
            <ns3:cad>0</ns3:cad>
          </ns3:TrackPointExtension>
        </extensions>
      </trkpt>
      <trkpt lat="24.4675409607589244842529296875" lon="118.15530736930668354034423828125">
        <ele>142.399993896484375</ele>
        <time>2025-08-21T09:16:01.000Z</time>
        <extensions>
          <ns3:TrackPointExtension>
            <ns3:hr>128</ns3:hr>
            <ns3:cad>0</ns3:cad>
          </ns3:TrackPointExtension>
        </extensions>
      </trkpt>
      <trkpt lat="24.46752444840967655181884765625" lon="118.15529278479516506195068359375">
        <ele>143</ele>
        <time>2025-08-21T09:16:04.000Z</time>
        <extensions>
          <ns3:TrackPointExtension>
            <ns3:hr>130</ns3:hr>
            <ns3:cad>0</ns3:cad>
          </ns3:TrackPointExtension>
        </extensions>
      </trkpt>
      <trkpt lat="24.46746535599231719970703125" lon="118.15531290136277675628662109375">
        <ele>142.600006103515625</ele>
        <time>2025-08-21T09:16:12.000Z</time>
        <extensions>
          <ns3:TrackPointExtension>
            <ns3:hr>129</ns3:hr>
            <ns3:cad>55</ns3:cad>
          </ns3:TrackPointExtension>
        </extensions>
      </trkpt>
      <trkpt lat="24.46743258275091648101806640625" lon="118.1553527154028415679931640625">
        <ele>143</ele>
        <time>2025-08-21T09:16:17.000Z</time>
        <extensions>
          <ns3:TrackPointExtension>
            <ns3:hr>125</ns3:hr>
            <ns3:cad>0</ns3:cad>
          </ns3:TrackPointExtension>
        </extensions>
      </trkpt>
      <trkpt lat="24.46742269210517406463623046875" lon="118.155357576906681060791015625">
        <ele>143.1999969482421875</ele>
        <time>2025-08-21T09:16:18.000Z</time>
        <extensions>
          <ns3:TrackPointExtension>
            <ns3:hr>122</ns3:hr>
            <ns3:cad>0</ns3:cad>
          </ns3:TrackPointExtension>
        </extensions>
      </trkpt>
      <trkpt lat="24.46740458719432353973388671875" lon="118.15536553971469402313232421875">
        <ele>143.399993896484375</ele>
        <time>2025-08-21T09:16:20.000Z</time>
        <extensions>
          <ns3:TrackPointExtension>
            <ns3:hr>118</ns3:hr>
            <ns3:cad>45</ns3:cad>
          </ns3:TrackPointExtension>
        </extensions>
      </trkpt>
      <trkpt lat="24.46739603765308856964111328125" lon="118.15536595880985260009765625">
        <ele>143.600006103515625</ele>
        <time>2025-08-21T09:16:21.000Z</time>
        <extensions>
          <ns3:TrackPointExtension>
            <ns3:hr>117</ns3:hr>
            <ns3:cad>45</ns3:cad>
          </ns3:TrackPointExtension>
        </extensions>
      </trkpt>
      <trkpt lat="24.46739117614924907684326171875" lon="118.15536403097212314605712890625">
        <ele>143.600006103515625</ele>
        <time>2025-08-21T09:16:22.000Z</time>
        <extensions>
          <ns3:TrackPointExtension>
            <ns3:hr>117</ns3:hr>
            <ns3:cad>45</ns3:cad>
          </ns3:TrackPointExtension>
        </extensions>
      </trkpt>
      <trkpt lat="24.46735848672688007354736328125" lon="118.15533905290067195892333984375">
        <ele>144.600006103515625</ele>
        <time>2025-08-21T09:16:31.000Z</time>
        <extensions>
          <ns3:TrackPointExtension>
            <ns3:hr>114</ns3:hr>
            <ns3:cad>0</ns3:cad>
          </ns3:TrackPointExtension>
        </extensions>
      </trkpt>
      <trkpt lat="24.46735949255526065826416015625" lon="118.1553349457681179046630859375">
        <ele>144.8000030517578125</ele>
        <time>2025-08-21T09:16:32.000Z</time>
        <extensions>
          <ns3:TrackPointExtension>
            <ns3:hr>112</ns3:hr>
            <ns3:cad>0</ns3:cad>
          </ns3:TrackPointExtension>
        </extensions>
      </trkpt>
      <trkpt lat="24.467367120087146759033203125" lon="118.155306614935398101806640625">
        <ele>145.600006103515625</ele>
        <time>2025-08-21T09:16:36.000Z</time>
        <extensions>
          <ns3:TrackPointExtension>
            <ns3:hr>109</ns3:hr>
            <ns3:cad>0</ns3:cad>
          </ns3:TrackPointExtension>
        </extensions>
      </trkpt>
      <trkpt lat="24.4673682935535907745361328125" lon="118.155298568308353424072265625">
        <ele>145.8000030517578125</ele>
        <time>2025-08-21T09:16:37.000Z</time>
        <extensions>
          <ns3:TrackPointExtension>
            <ns3:hr>108</ns3:hr>
            <ns3:cad>70</ns3:cad>
          </ns3:TrackPointExtension>
        </extensions>
      </trkpt>
      <trkpt lat="24.4673659466207027435302734375" lon="118.1552870012819766998291015625">
        <ele>146.1999969482421875</ele>
        <time>2025-08-21T09:16:39.000Z</time>
        <extensions>
          <ns3:TrackPointExtension>
            <ns3:hr>109</ns3:hr>
            <ns3:cad>70</ns3:cad>
          </ns3:TrackPointExtension>
        </extensions>
      </trkpt>
      <trkpt lat="24.46737005375325679779052734375" lon="118.1552638672292232513427734375">
        <ele>147</ele>
        <time>2025-08-21T09:16:43.000Z</time>
        <extensions>
          <ns3:TrackPointExtension>
            <ns3:hr>110</ns3:hr>
            <ns3:cad>74</ns3:cad>
          </ns3:TrackPointExtension>
        </extensions>
      </trkpt>
      <trkpt lat="24.4673746638000011444091796875" lon="118.15524551086127758026123046875">
        <ele>147.8000030517578125</ele>
        <time>2025-08-21T09:16:46.000Z</time>
        <extensions>
          <ns3:TrackPointExtension>
            <ns3:hr>110</ns3:hr>
            <ns3:cad>0</ns3:cad>
          </ns3:TrackPointExtension>
        </extensions>
      </trkpt>
      <trkpt lat="24.467382542788982391357421875" lon="118.1552266515791416168212890625">
        <ele>148.1999969482421875</ele>
        <time>2025-08-21T09:16:49.000Z</time>
        <extensions>
          <ns3:TrackPointExtension>
            <ns3:hr>114</ns3:hr>
            <ns3:cad>0</ns3:cad>
          </ns3:TrackPointExtension>
        </extensions>
      </trkpt>
      <trkpt lat="24.46738623082637786865234375" lon="118.155198991298675537109375">
        <ele>148.600006103515625</ele>
        <time>2025-08-21T09:16:53.000Z</time>
        <extensions>
          <ns3:TrackPointExtension>
            <ns3:hr>115</ns3:hr>
            <ns3:cad>0</ns3:cad>
          </ns3:TrackPointExtension>
        </extensions>
      </trkpt>
      <trkpt lat="24.46738564409315586090087890625" lon="118.15518465824425220489501953125">
        <ele>149.399993896484375</ele>
        <time>2025-08-21T09:16:56.000Z</time>
        <extensions>
          <ns3:TrackPointExtension>
            <ns3:hr>115</ns3:hr>
            <ns3:cad>59</ns3:cad>
          </ns3:TrackPointExtension>
        </extensions>
      </trkpt>
      <trkpt lat="24.4673820398747920989990234375" lon="118.15517091192305088043212890625">
        <ele>150</ele>
        <time>2025-08-21T09:16:59.000Z</time>
        <extensions>
          <ns3:TrackPointExtension>
            <ns3:hr>116</ns3:hr>
            <ns3:cad>0</ns3:cad>
          </ns3:TrackPointExtension>
        </extensions>
      </trkpt>
      <trkpt lat="24.46738296188414096832275390625" lon="118.155161105096340179443359375">
        <ele>150.600006103515625</ele>
        <time>2025-08-21T09:17:02.000Z</time>
        <extensions>
          <ns3:TrackPointExtension>
            <ns3:hr>117</ns3:hr>
            <ns3:cad>72</ns3:cad>
          </ns3:TrackPointExtension>
        </extensions>
      </trkpt>
      <trkpt lat="24.4674204289913177490234375" lon="118.1551240570843219757080078125">
        <ele>151</ele>
        <time>2025-08-21T09:17:08.000Z</time>
        <extensions>
          <ns3:TrackPointExtension>
            <ns3:hr>117</ns3:hr>
            <ns3:cad>0</ns3:cad>
          </ns3:TrackPointExtension>
        </extensions>
      </trkpt>
      <trkpt lat="24.46741548366844654083251953125" lon="118.155118189752101898193359375">
        <ele>151.600006103515625</ele>
        <time>2025-08-21T09:17:13.000Z</time>
        <extensions>
          <ns3:TrackPointExtension>
            <ns3:hr>119</ns3:hr>
            <ns3:cad>75</ns3:cad>
          </ns3:TrackPointExtension>
        </extensions>
      </trkpt>
      <trkpt lat="24.46740626357495784759521484375" lon="118.15512455999851226806640625">
        <ele>152</ele>
        <time>2025-08-21T09:17:15.000Z</time>
        <extensions>
          <ns3:TrackPointExtension>
            <ns3:hr>119</ns3:hr>
            <ns3:cad>75</ns3:cad>
          </ns3:TrackPointExtension>
        </extensions>
      </trkpt>
      <trkpt lat="24.4673874042928218841552734375" lon="118.1551277451217174530029296875">
        <ele>152.399993896484375</ele>
        <time>2025-08-21T09:17:18.000Z</time>
        <extensions>
          <ns3:TrackPointExtension>
            <ns3:hr>122</ns3:hr>
            <ns3:cad>70</ns3:cad>
          </ns3:TrackPointExtension>
        </extensions>
      </trkpt>
      <trkpt lat="24.467384554445743560791015625" lon="118.155127577483654022216796875">
        <ele>152.600006103515625</ele>
        <time>2025-08-21T09:17:19.000Z</time>
        <extensions>
          <ns3:TrackPointExtension>
            <ns3:hr>123</ns3:hr>
            <ns3:cad>70</ns3:cad>
          </ns3:TrackPointExtension>
        </extensions>
      </trkpt>
      <trkpt lat="24.46736100129783153533935546875" lon="118.15512682311236858367919921875">
        <ele>153.600006103515625</ele>
        <time>2025-08-21T09:17:23.000Z</time>
        <extensions>
          <ns3:TrackPointExtension>
            <ns3:hr>124</ns3:hr>
            <ns3:cad>0</ns3:cad>
          </ns3:TrackPointExtension>
        </extensions>
      </trkpt>
      <trkpt lat="24.467360414564609527587890625" lon="118.15512715838849544525146484375">
        <ele>153.8000030517578125</ele>
        <time>2025-08-21T09:17:24.000Z</time>
        <extensions>
          <ns3:TrackPointExtension>
            <ns3:hr>125</ns3:hr>
            <ns3:cad>0</ns3:cad>
          </ns3:TrackPointExtension>
        </extensions>
      </trkpt>
      <trkpt lat="24.46734054945409297943115234375" lon="118.15509228967130184173583984375">
        <ele>154.8000030517578125</ele>
        <time>2025-08-21T09:17:32.000Z</time>
        <extensions>
          <ns3:TrackPointExtension>
            <ns3:hr>129</ns3:hr>
            <ns3:cad>65</ns3:cad>
          </ns3:TrackPointExtension>
        </extensions>
      </trkpt>
      <trkpt lat="24.46734130382537841796875" lon="118.155088685452938079833984375">
        <ele>155</ele>
        <time>2025-08-21T09:17:33.000Z</time>
        <extensions>
          <ns3:TrackPointExtension>
            <ns3:hr>130</ns3:hr>
            <ns3:cad>64</ns3:cad>
          </ns3:TrackPointExtension>
        </extensions>
      </trkpt>
      <trkpt lat="24.467350356280803680419921875" lon="118.155068568885326385498046875">
        <ele>155.399993896484375</ele>
        <time>2025-08-21T09:17:36.000Z</time>
        <extensions>
          <ns3:TrackPointExtension>
            <ns3:hr>133</ns3:hr>
            <ns3:cad>64</ns3:cad>
          </ns3:TrackPointExtension>
        </extensions>
      </trkpt>
      <trkpt lat="24.4673528708517551422119140625" lon="118.1550554931163787841796875">
        <ele>155.8000030517578125</ele>
        <time>2025-08-21T09:17:39.000Z</time>
        <extensions>
          <ns3:TrackPointExtension>
            <ns3:hr>134</ns3:hr>
            <ns3:cad>78</ns3:cad>
          </ns3:TrackPointExtension>
        </extensions>
      </trkpt>
      <trkpt lat="24.46735404431819915771484375" lon="118.15504677593708038330078125">
        <ele>156</ele>
        <time>2025-08-21T09:17:40.000Z</time>
        <extensions>
          <ns3:TrackPointExtension>
            <ns3:hr>134</ns3:hr>
            <ns3:cad>78</ns3:cad>
          </ns3:TrackPointExtension>
        </extensions>
      </trkpt>
      <trkpt lat="24.4673347659409046173095703125" lon="118.15501995384693145751953125">
        <ele>157.1999969482421875</ele>
        <time>2025-08-21T09:17:46.000Z</time>
        <extensions>
          <ns3:TrackPointExtension>
            <ns3:hr>133</ns3:hr>
            <ns3:cad>65</ns3:cad>
          </ns3:TrackPointExtension>
        </extensions>
      </trkpt>
      <trkpt lat="24.46733300574123859405517578125" lon="118.15502355806529521942138671875">
        <ele>157.399993896484375</ele>
        <time>2025-08-21T09:17:47.000Z</time>
        <extensions>
          <ns3:TrackPointExtension>
            <ns3:hr>133</ns3:hr>
            <ns3:cad>75</ns3:cad>
          </ns3:TrackPointExtension>
        </extensions>
      </trkpt>
      <trkpt lat="24.467320851981639862060546875" lon="118.1550298444926738739013671875">
        <ele>158.1999969482421875</ele>
        <time>2025-08-21T09:17:51.000Z</time>
        <extensions>
          <ns3:TrackPointExtension>
            <ns3:hr>137</ns3:hr>
            <ns3:cad>0</ns3:cad>
          </ns3:TrackPointExtension>
        </extensions>
      </trkpt>
      <trkpt lat="24.46729629300534725189208984375" lon="118.15503478981554508209228515625">
        <ele>158.600006103515625</ele>
        <time>2025-08-21T09:17:54.000Z</time>
        <extensions>
          <ns3:TrackPointExtension>
            <ns3:hr>139</ns3:hr>
            <ns3:cad>62</ns3:cad>
          </ns3:TrackPointExtension>
        </extensions>
      </trkpt>
      <trkpt lat="24.467269890010356903076171875" lon="118.15504141151905059814453125">
        <ele>159.1999969482421875</ele>
        <time>2025-08-21T09:17:57.000Z</time>
        <extensions>
          <ns3:TrackPointExtension>
            <ns3:hr>140</ns3:hr>
            <ns3:cad>71</ns3:cad>
          </ns3:TrackPointExtension>
        </extensions>
      </trkpt>
      <trkpt lat="24.4672650285065174102783203125" lon="118.15504350699484348297119140625">
        <ele>159.600006103515625</ele>
        <time>2025-08-21T09:17:59.000Z</time>
        <extensions>
          <ns3:TrackPointExtension>
            <ns3:hr>141</ns3:hr>
            <ns3:cad>73</ns3:cad>
          </ns3:TrackPointExtension>
        </extensions>
      </trkpt>
      <trkpt lat="24.46723460219800472259521484375" lon="118.1550590135157108306884765625">
        <ele>160.1999969482421875</ele>
        <time>2025-08-21T09:18:04.000Z</time>
        <extensions>
          <ns3:TrackPointExtension>
            <ns3:hr>138</ns3:hr>
            <ns3:cad>0</ns3:cad>
          </ns3:TrackPointExtension>
        </extensions>
      </trkpt>
      <trkpt lat="24.4672268070280551910400390625" lon="118.1550640426576137542724609375">
        <ele>160.399993896484375</ele>
        <time>2025-08-21T09:18:05.000Z</time>
        <extensions>
          <ns3:TrackPointExtension>
            <ns3:hr>138</ns3:hr>
            <ns3:cad>0</ns3:cad>
          </ns3:TrackPointExtension>
        </extensions>
      </trkpt>
      <trkpt lat="24.4672204367816448211669921875" lon="118.15506848506629467010498046875">
        <ele>160.399993896484375</ele>
        <time>2025-08-21T09:18:06.000Z</time>
        <extensions>
          <ns3:TrackPointExtension>
            <ns3:hr>138</ns3:hr>
            <ns3:cad>48</ns3:cad>
          </ns3:TrackPointExtension>
        </extensions>
      </trkpt>
      <trkpt lat="24.46719872765243053436279296875" lon="118.155105113983154296875">
        <ele>161.1999969482421875</ele>
        <time>2025-08-21T09:18:13.000Z</time>
        <extensions>
          <ns3:TrackPointExtension>
            <ns3:hr>139</ns3:hr>
            <ns3:cad>0</ns3:cad>
          </ns3:TrackPointExtension>
        </extensions>
      </trkpt>
      <trkpt lat="24.467196129262447357177734375" lon="118.155110143125057220458984375">
        <ele>161.399993896484375</ele>
        <time>2025-08-21T09:18:14.000Z</time>
        <extensions>
          <ns3:TrackPointExtension>
            <ns3:hr>139</ns3:hr>
            <ns3:cad>0</ns3:cad>
          </ns3:TrackPointExtension>
        </extensions>
      </trkpt>
      <trkpt lat="24.4671547226607799530029296875" lon="118.15513285808265209197998046875">
        <ele>162.1999969482421875</ele>
        <time>2025-08-21T09:18:20.000Z</time>
        <extensions>
          <ns3:TrackPointExtension>
            <ns3:hr>135</ns3:hr>
            <ns3:cad>44</ns3:cad>
          </ns3:TrackPointExtension>
        </extensions>
      </trkpt>
      <trkpt lat="24.46714458055794239044189453125" lon="118.15513101406395435333251953125">
        <ele>162.399993896484375</ele>
        <time>2025-08-21T09:18:21.000Z</time>
        <extensions>
          <ns3:TrackPointExtension>
            <ns3:hr>134</ns3:hr>
            <ns3:cad>44</ns3:cad>
          </ns3:TrackPointExtension>
        </extensions>
      </trkpt>
      <trkpt lat="24.4671292416751384735107421875" lon="118.15512112341821193695068359375">
        <ele>163</ele>
        <time>2025-08-21T09:18:24.000Z</time>
        <extensions>
          <ns3:TrackPointExtension>
            <ns3:hr>131</ns3:hr>
            <ns3:cad>44</ns3:cad>
          </ns3:TrackPointExtension>
        </extensions>
      </trkpt>
      <trkpt lat="24.467125721275806427001953125" lon="118.15511056222021579742431640625">
        <ele>163.600006103515625</ele>
        <time>2025-08-21T09:18:26.000Z</time>
        <extensions>
          <ns3:TrackPointExtension>
            <ns3:hr>130</ns3:hr>
            <ns3:cad>42</ns3:cad>
          </ns3:TrackPointExtension>
        </extensions>
      </trkpt>
      <trkpt lat="24.46712278760969638824462890625" lon="118.15510553307831287384033203125">
        <ele>163.8000030517578125</ele>
        <time>2025-08-21T09:18:27.000Z</time>
        <extensions>
          <ns3:TrackPointExtension>
            <ns3:hr>130</ns3:hr>
            <ns3:cad>41</ns3:cad>
          </ns3:TrackPointExtension>
        </extensions>
      </trkpt>
      <trkpt lat="24.46711842902004718780517578125" lon="118.155075944960117340087890625">
        <ele>164.600006103515625</ele>
        <time>2025-08-21T09:18:31.000Z</time>
        <extensions>
          <ns3:TrackPointExtension>
            <ns3:hr>131</ns3:hr>
            <ns3:cad>71</ns3:cad>
          </ns3:TrackPointExtension>
        </extensions>
      </trkpt>
      <trkpt lat="24.46711205877363681793212890625" lon="118.15506211481988430023193359375">
        <ele>165.1999969482421875</ele>
        <time>2025-08-21T09:18:34.000Z</time>
        <extensions>
          <ns3:TrackPointExtension>
            <ns3:hr>130</ns3:hr>
            <ns3:cad>71</ns3:cad>
          </ns3:TrackPointExtension>
        </extensions>
      </trkpt>
      <trkpt lat="24.4671061076223850250244140625" lon="118.1550489552319049835205078125">
        <ele>165.600006103515625</ele>
        <time>2025-08-21T09:18:36.000Z</time>
        <extensions>
          <ns3:TrackPointExtension>
            <ns3:hr>130</ns3:hr>
            <ns3:cad>0</ns3:cad>
          </ns3:TrackPointExtension>
        </extensions>
      </trkpt>
      <trkpt lat="24.467102587223052978515625" lon="118.15503160469233989715576171875">
        <ele>166.1999969482421875</ele>
        <time>2025-08-21T09:18:39.000Z</time>
        <extensions>
          <ns3:TrackPointExtension>
            <ns3:hr>134</ns3:hr>
            <ns3:cad>0</ns3:cad>
          </ns3:TrackPointExtension>
        </extensions>
      </trkpt>
      <trkpt lat="24.4671040959656238555908203125" lon="118.15501593053340911865234375">
        <ele>166.1999969482421875</ele>
        <time>2025-08-21T09:18:40.000Z</time>
        <extensions>
          <ns3:TrackPointExtension>
            <ns3:hr>135</ns3:hr>
            <ns3:cad>0</ns3:cad>
          </ns3:TrackPointExtension>
        </extensions>
      </trkpt>
      <trkpt lat="24.4671449996531009674072265625" lon="118.154965303838253021240234375">
        <ele>166.8000030517578125</ele>
        <time>2025-08-21T09:18:47.000Z</time>
        <extensions>
          <ns3:TrackPointExtension>
            <ns3:hr>135</ns3:hr>
            <ns3:cad>0</ns3:cad>
          </ns3:TrackPointExtension>
        </extensions>
      </trkpt>
      <trkpt lat="24.46715824306011199951171875" lon="118.15495549701154232025146484375">
        <ele>167</ele>
        <time>2025-08-21T09:18:49.000Z</time>
        <extensions>
          <ns3:TrackPointExtension>
            <ns3:hr>135</ns3:hr>
            <ns3:cad>48</ns3:cad>
          </ns3:TrackPointExtension>
        </extensions>
      </trkpt>
      <trkpt lat="24.46718162856996059417724609375" lon="118.1549081392586231231689453125">
        <ele>167.8000030517578125</ele>
        <time>2025-08-21T09:18:55.000Z</time>
        <extensions>
          <ns3:TrackPointExtension>
            <ns3:hr>136</ns3:hr>
            <ns3:cad>55</ns3:cad>
          </ns3:TrackPointExtension>
        </extensions>
      </trkpt>
      <trkpt lat="24.46717525832355022430419921875" lon="118.1548917107284069061279296875">
        <ele>168.1999969482421875</ele>
        <time>2025-08-21T09:18:57.000Z</time>
        <extensions>
          <ns3:TrackPointExtension>
            <ns3:hr>135</ns3:hr>
            <ns3:cad>55</ns3:cad>
          </ns3:TrackPointExtension>
        </extensions>
      </trkpt>
      <trkpt lat="24.467166960239410400390625" lon="118.15486815758049488067626953125">
        <ele>168.600006103515625</ele>
        <time>2025-08-21T09:18:59.000Z</time>
        <extensions>
          <ns3:TrackPointExtension>
            <ns3:hr>132</ns3:hr>
            <ns3:cad>55</ns3:cad>
          </ns3:TrackPointExtension>
        </extensions>
      </trkpt>
      <trkpt lat="24.46716503240168094635009765625" lon="118.154861368238925933837890625">
        <ele>168.8000030517578125</ele>
        <time>2025-08-21T09:19:00.000Z</time>
        <extensions>
          <ns3:TrackPointExtension>
            <ns3:hr>131</ns3:hr>
            <ns3:cad>55</ns3:cad>
          </ns3:TrackPointExtension>
        </extensions>
      </trkpt>
      <trkpt lat="24.46716503240168094635009765625" lon="118.15486128441989421844482421875">
        <ele>169.1999969482421875</ele>
        <time>2025-08-21T09:19:02.000Z</time>
        <extensions>
          <ns3:TrackPointExtension>
            <ns3:hr>128</ns3:hr>
            <ns3:cad>79</ns3:cad>
          </ns3:TrackPointExtension>
        </extensions>
      </trkpt>
      <trkpt lat="24.46716134436428546905517578125" lon="118.15487938933074474334716796875">
        <ele>170</ele>
        <time>2025-08-21T09:19:06.000Z</time>
        <extensions>
          <ns3:TrackPointExtension>
            <ns3:hr>128</ns3:hr>
            <ns3:cad>41</ns3:cad>
          </ns3:TrackPointExtension>
        </extensions>
      </trkpt>
      <trkpt lat="24.4671522080898284912109375" lon="118.1548896990716457366943359375">
        <ele>170.399993896484375</ele>
        <time>2025-08-21T09:19:08.000Z</time>
        <extensions>
          <ns3:TrackPointExtension>
            <ns3:hr>129</ns3:hr>
            <ns3:cad>42</ns3:cad>
          </ns3:TrackPointExtension>
        </extensions>
      </trkpt>
      <trkpt lat="24.46711993776261806488037109375" lon="118.1549044512212276458740234375">
        <ele>171</ele>
        <time>2025-08-21T09:19:13.000Z</time>
        <extensions>
          <ns3:TrackPointExtension>
            <ns3:hr>129</ns3:hr>
            <ns3:cad>45</ns3:cad>
          </ns3:TrackPointExtension>
        </extensions>
      </trkpt>
      <trkpt lat="24.46709764190018177032470703125" lon="118.154922388494014739990234375">
        <ele>171.600006103515625</ele>
        <time>2025-08-21T09:19:17.000Z</time>
        <extensions>
          <ns3:TrackPointExtension>
            <ns3:hr>129</ns3:hr>
            <ns3:cad>45</ns3:cad>
          </ns3:TrackPointExtension>
        </extensions>
      </trkpt>
      <trkpt lat="24.4670759327709674835205078125" lon="118.1549455225467681884765625">
        <ele>172</ele>
        <time>2025-08-21T09:19:21.000Z</time>
        <extensions>
          <ns3:TrackPointExtension>
            <ns3:hr>128</ns3:hr>
            <ns3:cad>0</ns3:cad>
          </ns3:TrackPointExtension>
        </extensions>
      </trkpt>
      <trkpt lat="24.467049948871135711669921875" lon="118.15496387891471385955810546875">
        <ele>173</ele>
        <time>2025-08-21T09:19:27.000Z</time>
        <extensions>
          <ns3:TrackPointExtension>
            <ns3:hr>127</ns3:hr>
            <ns3:cad>73</ns3:cad>
          </ns3:TrackPointExtension>
        </extensions>
      </trkpt>
      <trkpt lat="24.46704282425343990325927734375" lon="118.15496371127665042877197265625">
        <ele>173</ele>
        <time>2025-08-21T09:19:28.000Z</time>
        <extensions>
          <ns3:TrackPointExtension>
            <ns3:hr>128</ns3:hr>
            <ns3:cad>70</ns3:cad>
          </ns3:TrackPointExtension>
        </extensions>
      </trkpt>
      <trkpt lat="24.46702589280903339385986328125" lon="118.1549406610429286956787109375">
        <ele>174.1999969482421875</ele>
        <time>2025-08-21T09:19:35.000Z</time>
        <extensions>
          <ns3:TrackPointExtension>
            <ns3:hr>128</ns3:hr>
            <ns3:cad>66</ns3:cad>
          </ns3:TrackPointExtension>
        </extensions>
      </trkpt>
      <trkpt lat="24.46702589280903339385986328125" lon="118.15493412315845489501953125">
        <ele>174.399993896484375</ele>
        <time>2025-08-21T09:19:36.000Z</time>
        <extensions>
          <ns3:TrackPointExtension>
            <ns3:hr>129</ns3:hr>
            <ns3:cad>65</ns3:cad>
          </ns3:TrackPointExtension>
        </extensions>
      </trkpt>
      <trkpt lat="24.4670340232551097869873046875" lon="118.15489078871905803680419921875">
        <ele>175.1999969482421875</ele>
        <time>2025-08-21T09:19:42.000Z</time>
        <extensions>
          <ns3:TrackPointExtension>
            <ns3:hr>131</ns3:hr>
            <ns3:cad>63</ns3:cad>
          </ns3:TrackPointExtension>
        </extensions>
      </trkpt>
      <trkpt lat="24.46703494526445865631103515625" lon="118.15487670712172985076904296875">
        <ele>175.600006103515625</ele>
        <time>2025-08-21T09:19:44.000Z</time>
        <extensions>
          <ns3:TrackPointExtension>
            <ns3:hr>131</ns3:hr>
            <ns3:cad>63</ns3:cad>
          </ns3:TrackPointExtension>
        </extensions>
      </trkpt>
      <trkpt lat="24.467029161751270294189453125" lon="118.154866397380828857421875">
        <ele>176.399993896484375</ele>
        <time>2025-08-21T09:19:49.000Z</time>
        <extensions>
          <ns3:TrackPointExtension>
            <ns3:hr>131</ns3:hr>
            <ns3:cad>75</ns3:cad>
          </ns3:TrackPointExtension>
        </extensions>
      </trkpt>
      <trkpt lat="24.467008374631404876708984375" lon="118.15487251617014408111572265625">
        <ele>177.1999969482421875</ele>
        <time>2025-08-21T09:19:53.000Z</time>
        <extensions>
          <ns3:TrackPointExtension>
            <ns3:hr>131</ns3:hr>
            <ns3:cad>77</ns3:cad>
          </ns3:TrackPointExtension>
        </extensions>
      </trkpt>
      <trkpt lat="24.46700393222272396087646484375" lon="118.15487368963658809661865234375">
        <ele>177.399993896484375</ele>
        <time>2025-08-21T09:19:54.000Z</time>
        <extensions>
          <ns3:TrackPointExtension>
            <ns3:hr>131</ns3:hr>
            <ns3:cad>77</ns3:cad>
          </ns3:TrackPointExtension>
        </extensions>
      </trkpt>
      <trkpt lat="24.46695514954626560211181640625" lon="118.15488123334944248199462890625">
        <ele>178.399993896484375</ele>
        <time>2025-08-21T09:20:00.000Z</time>
        <extensions>
          <ns3:TrackPointExtension>
            <ns3:hr>133</ns3:hr>
            <ns3:cad>74</ns3:cad>
          </ns3:TrackPointExtension>
        </extensions>
      </trkpt>
      <trkpt lat="24.46691877208650112152099609375" lon="118.154879473149776458740234375">
        <ele>179</ele>
        <time>2025-08-21T09:20:03.000Z</time>
        <extensions>
          <ns3:TrackPointExtension>
            <ns3:hr>135</ns3:hr>
            <ns3:cad>74</ns3:cad>
          </ns3:TrackPointExtension>
        </extensions>
      </trkpt>
      <trkpt lat="24.46688306517899036407470703125" lon="118.1548739410936832427978515625">
        <ele>179.600006103515625</ele>
        <time>2025-08-21T09:20:07.000Z</time>
        <extensions>
          <ns3:TrackPointExtension>
            <ns3:hr>135</ns3:hr>
            <ns3:cad>0</ns3:cad>
          </ns3:TrackPointExtension>
        </extensions>
      </trkpt>
      <trkpt lat="24.4668462686240673065185546875" lon="118.15488240681588649749755859375">
        <ele>180.1999969482421875</ele>
        <time>2025-08-21T09:20:12.000Z</time>
        <extensions>
          <ns3:TrackPointExtension>
            <ns3:hr>135</ns3:hr>
            <ns3:cad>44</ns3:cad>
          </ns3:TrackPointExtension>
        </extensions>
      </trkpt>
      <trkpt lat="24.46683025918900966644287109375" lon="118.15489162690937519073486328125">
        <ele>180.600006103515625</ele>
        <time>2025-08-21T09:20:16.000Z</time>
        <extensions>
          <ns3:TrackPointExtension>
            <ns3:hr>136</ns3:hr>
            <ns3:cad>0</ns3:cad>
          </ns3:TrackPointExtension>
        </extensions>
      </trkpt>
      <trkpt lat="24.46679136715829372406005859375" lon="118.1548865139484405517578125">
        <ele>181</ele>
        <time>2025-08-21T09:20:21.000Z</time>
        <extensions>
          <ns3:TrackPointExtension>
            <ns3:hr>136</ns3:hr>
            <ns3:cad>53</ns3:cad>
          </ns3:TrackPointExtension>
        </extensions>
      </trkpt>
      <trkpt lat="24.46677426807582378387451171875" lon="118.1548757851123809814453125">
        <ele>181.8000030517578125</ele>
        <time>2025-08-21T09:20:25.000Z</time>
        <extensions>
          <ns3:TrackPointExtension>
            <ns3:hr>133</ns3:hr>
            <ns3:cad>43</ns3:cad>
          </ns3:TrackPointExtension>
        </extensions>
      </trkpt>
      <trkpt lat="24.4667456857860088348388671875" lon="118.15486379899084568023681640625">
        <ele>182.600006103515625</ele>
        <time>2025-08-21T09:20:29.000Z</time>
        <extensions>
          <ns3:TrackPointExtension>
            <ns3:hr>132</ns3:hr>
            <ns3:cad>0</ns3:cad>
          </ns3:TrackPointExtension>
        </extensions>
      </trkpt>
      <trkpt lat="24.4667391479015350341796875" lon="118.1548623740673065185546875">
        <ele>182.8000030517578125</ele>
        <time>2025-08-21T09:20:30.000Z</time>
        <extensions>
          <ns3:TrackPointExtension>
            <ns3:hr>131</ns3:hr>
            <ns3:cad>0</ns3:cad>
          </ns3:TrackPointExtension>
        </extensions>
      </trkpt>
      <trkpt lat="24.46671299636363983154296875" lon="118.15486975014209747314453125">
        <ele>183.1999969482421875</ele>
        <time>2025-08-21T09:20:36.000Z</time>
        <extensions>
          <ns3:TrackPointExtension>
            <ns3:hr>129</ns3:hr>
            <ns3:cad>0</ns3:cad>
          </ns3:TrackPointExtension>
        </extensions>
      </trkpt>
      <trkpt lat="24.4667399860918521881103515625" lon="118.1548930518329143524169921875">
        <ele>188</ele>
        <time>2025-08-21T10:00:22.000Z</time>
        <extensions>
          <ns3:TrackPointExtension>
            <ns3:hr>86</ns3:hr>
            <ns3:cad>0</ns3:cad>
          </ns3:TrackPointExtension>
        </extensions>
      </trkpt>
      <trkpt lat="24.46673638187348842620849609375" lon="118.1548933871090412139892578125">
        <ele>188</ele>
        <time>2025-08-21T10:00:23.000Z</time>
        <extensions>
          <ns3:TrackPointExtension>
            <ns3:hr>86</ns3:hr>
            <ns3:cad>0</ns3:cad>
          </ns3:TrackPointExtension>
        </extensions>
      </trkpt>
      <trkpt lat="24.46671676822006702423095703125" lon="118.15488718450069427490234375">
        <ele>188</ele>
        <time>2025-08-21T10:00:27.000Z</time>
        <extensions>
          <ns3:TrackPointExtension>
            <ns3:hr>87</ns3:hr>
            <ns3:cad>0</ns3:cad>
          </ns3:TrackPointExtension>
        </extensions>
      </trkpt>
      <trkpt lat="24.46670469827950000762939453125" lon="118.1548328697681427001953125">
        <ele>187.600006103515625</ele>
        <time>2025-08-21T10:00:36.000Z</time>
        <extensions>
          <ns3:TrackPointExtension>
            <ns3:hr>87</ns3:hr>
            <ns3:cad>0</ns3:cad>
          </ns3:TrackPointExtension>
        </extensions>
      </trkpt>
      <trkpt lat="24.46669111959636211395263671875" lon="118.15481032244861125946044921875">
        <ele>187.1999969482421875</ele>
        <time>2025-08-21T10:00:39.000Z</time>
        <extensions>
          <ns3:TrackPointExtension>
            <ns3:hr>84</ns3:hr>
            <ns3:cad>64</ns3:cad>
          </ns3:TrackPointExtension>
        </extensions>
      </trkpt>
      <trkpt lat="24.466696567833423614501953125" lon="118.15479355864226818084716796875">
        <ele>187.600006103515625</ele>
        <time>2025-08-21T10:00:42.000Z</time>
        <extensions>
          <ns3:TrackPointExtension>
            <ns3:hr>83</ns3:hr>
            <ns3:cad>64</ns3:cad>
          </ns3:TrackPointExtension>
        </extensions>
      </trkpt>
      <trkpt lat="24.466730095446109771728515625" lon="118.15475483424961566925048828125">
        <ele>189.1999969482421875</ele>
        <time>2025-08-21T10:00:50.000Z</time>
        <extensions>
          <ns3:TrackPointExtension>
            <ns3:hr>83</ns3:hr>
            <ns3:cad>0</ns3:cad>
          </ns3:TrackPointExtension>
        </extensions>
      </trkpt>
      <trkpt lat="24.466748870909214019775390625" lon="118.154746703803539276123046875">
        <ele>190.399993896484375</ele>
        <time>2025-08-21T10:00:54.000Z</time>
        <extensions>
          <ns3:TrackPointExtension>
            <ns3:hr>84</ns3:hr>
            <ns3:cad>0</ns3:cad>
          </ns3:TrackPointExtension>
        </extensions>
      </trkpt>
      <trkpt lat="24.46676353923976421356201171875" lon="118.15472130663692951202392578125">
        <ele>191.600006103515625</ele>
        <time>2025-08-21T10:00:59.000Z</time>
        <extensions>
          <ns3:TrackPointExtension>
            <ns3:hr>85</ns3:hr>
            <ns3:cad>73</ns3:cad>
          </ns3:TrackPointExtension>
        </extensions>
      </trkpt>
      <trkpt lat="24.46677594445645809173583984375" lon="118.15470018424093723297119140625">
        <ele>192</ele>
        <time>2025-08-21T10:01:03.000Z</time>
        <extensions>
          <ns3:TrackPointExtension>
            <ns3:hr>88</ns3:hr>
            <ns3:cad>76</ns3:cad>
          </ns3:TrackPointExtension>
        </extensions>
      </trkpt>
      <trkpt lat="24.466777034103870391845703125" lon="118.1546952389180660247802734375">
        <ele>192.1999969482421875</ele>
        <time>2025-08-21T10:01:04.000Z</time>
        <extensions>
          <ns3:TrackPointExtension>
            <ns3:hr>92</ns3:hr>
            <ns3:cad>76</ns3:cad>
          </ns3:TrackPointExtension>
        </extensions>
      </trkpt>
      <trkpt lat="24.466779716312885284423828125" lon="118.15468132495880126953125">
        <ele>192.399993896484375</ele>
        <time>2025-08-21T10:01:06.000Z</time>
        <extensions>
          <ns3:TrackPointExtension>
            <ns3:hr>95</ns3:hr>
            <ns3:cad>76</ns3:cad>
          </ns3:TrackPointExtension>
        </extensions>
      </trkpt>
      <trkpt lat="24.466780722141265869140625" lon="118.1546700932085514068603515625">
        <ele>192.8000030517578125</ele>
        <time>2025-08-21T10:01:08.000Z</time>
        <extensions>
          <ns3:TrackPointExtension>
            <ns3:hr>98</ns3:hr>
            <ns3:cad>64</ns3:cad>
          </ns3:TrackPointExtension>
        </extensions>
      </trkpt>
      <trkpt lat="24.46678248234093189239501953125" lon="118.1546483002603054046630859375">
        <ele>193.399993896484375</ele>
        <time>2025-08-21T10:01:11.000Z</time>
        <extensions>
          <ns3:TrackPointExtension>
            <ns3:hr>101</ns3:hr>
            <ns3:cad>0</ns3:cad>
          </ns3:TrackPointExtension>
        </extensions>
      </trkpt>
      <trkpt lat="24.46678399108350276947021484375" lon="118.1546426005661487579345703125">
        <ele>194</ele>
        <time>2025-08-21T10:01:13.000Z</time>
        <extensions>
          <ns3:TrackPointExtension>
            <ns3:hr>103</ns3:hr>
            <ns3:cad>0</ns3:cad>
          </ns3:TrackPointExtension>
        </extensions>
      </trkpt>
      <trkpt lat="24.46677845902740955352783203125" lon="118.15462223254144191741943359375">
        <ele>194.600006103515625</ele>
        <time>2025-08-21T10:01:16.000Z</time>
        <extensions>
          <ns3:TrackPointExtension>
            <ns3:hr>106</ns3:hr>
            <ns3:cad>57</ns3:cad>
          </ns3:TrackPointExtension>
        </extensions>
      </trkpt>
      <trkpt lat="24.4667748548090457916259765625" lon="118.15461955033242702484130859375">
        <ele>194.600006103515625</ele>
        <time>2025-08-21T10:01:17.000Z</time>
        <extensions>
          <ns3:TrackPointExtension>
            <ns3:hr>107</ns3:hr>
            <ns3:cad>57</ns3:cad>
          </ns3:TrackPointExtension>
        </extensions>
      </trkpt>
      <trkpt lat="24.46675264276564121246337890625" lon="118.1546182930469512939453125">
        <ele>195</ele>
        <time>2025-08-21T10:01:22.000Z</time>
        <extensions>
          <ns3:TrackPointExtension>
            <ns3:hr>109</ns3:hr>
            <ns3:cad>0</ns3:cad>
          </ns3:TrackPointExtension>
        </extensions>
      </trkpt>
      <trkpt lat="24.4667269103229045867919921875" lon="118.15461871214210987091064453125">
        <ele>195.399993896484375</ele>
        <time>2025-08-21T10:01:26.000Z</time>
        <extensions>
          <ns3:TrackPointExtension>
            <ns3:hr>110</ns3:hr>
            <ns3:cad>0</ns3:cad>
          </ns3:TrackPointExtension>
        </extensions>
      </trkpt>
      <trkpt lat="24.46669916622340679168701171875" lon="118.15460882149636745452880859375">
        <ele>195.8000030517578125</ele>
        <time>2025-08-21T10:01:29.000Z</time>
        <extensions>
          <ns3:TrackPointExtension>
            <ns3:hr>107</ns3:hr>
            <ns3:cad>74</ns3:cad>
          </ns3:TrackPointExtension>
        </extensions>
      </trkpt>
      <trkpt lat="24.46669514290988445281982421875" lon="118.15460664220154285430908203125">
        <ele>196.1999969482421875</ele>
        <time>2025-08-21T10:01:30.000Z</time>
        <extensions>
          <ns3:TrackPointExtension>
            <ns3:hr>107</ns3:hr>
            <ns3:cad>79</ns3:cad>
          </ns3:TrackPointExtension>
        </extensions>
      </trkpt>
      <trkpt lat="24.4666930474340915679931640625" lon="118.154595829546451568603515625">
        <ele>196.8000030517578125</ele>
        <time>2025-08-21T10:01:33.000Z</time>
        <extensions>
          <ns3:TrackPointExtension>
            <ns3:hr>105</ns3:hr>
            <ns3:cad>71</ns3:cad>
          </ns3:TrackPointExtension>
        </extensions>
      </trkpt>
      <trkpt lat="24.46669782511889934539794921875" lon="118.15458275377750396728515625">
        <ele>197.1999969482421875</ele>
        <time>2025-08-21T10:01:35.000Z</time>
        <extensions>
          <ns3:TrackPointExtension>
            <ns3:hr>107</ns3:hr>
            <ns3:cad>71</ns3:cad>
          </ns3:TrackPointExtension>
        </extensions>
      </trkpt>
      <trkpt lat="24.46670117788016796112060546875" lon="118.15457110293209552764892578125">
        <ele>197.8000030517578125</ele>
        <time>2025-08-21T10:01:37.000Z</time>
        <extensions>
          <ns3:TrackPointExtension>
            <ns3:hr>114</ns3:hr>
            <ns3:cad>61</ns3:cad>
          </ns3:TrackPointExtension>
        </extensions>
      </trkpt>
      <trkpt lat="24.4667017646133899688720703125" lon="118.154566995799541473388671875">
        <ele>198</ele>
        <time>2025-08-21T10:01:38.000Z</time>
        <extensions>
          <ns3:TrackPointExtension>
            <ns3:hr>117</ns3:hr>
            <ns3:cad>61</ns3:cad>
          </ns3:TrackPointExtension>
        </extensions>
      </trkpt>
      <trkpt lat="24.4667031057178974151611328125" lon="118.154560625553131103515625">
        <ele>198.1999969482421875</ele>
        <time>2025-08-21T10:01:39.000Z</time>
        <extensions>
          <ns3:TrackPointExtension>
            <ns3:hr>118</ns3:hr>
            <ns3:cad>61</ns3:cad>
          </ns3:TrackPointExtension>
        </extensions>
      </trkpt>
      <trkpt lat="24.46670402772724628448486328125" lon="118.1545539200305938720703125">
        <ele>198.399993896484375</ele>
        <time>2025-08-21T10:01:40.000Z</time>
        <extensions>
          <ns3:TrackPointExtension>
            <ns3:hr>121</ns3:hr>
            <ns3:cad>0</ns3:cad>
          </ns3:TrackPointExtension>
        </extensions>
      </trkpt>
      <trkpt lat="24.466704614460468292236328125" lon="118.154550231993198394775390625">
        <ele>198.600006103515625</ele>
        <time>2025-08-21T10:01:41.000Z</time>
        <extensions>
          <ns3:TrackPointExtension>
            <ns3:hr>122</ns3:hr>
            <ns3:cad>0</ns3:cad>
          </ns3:TrackPointExtension>
        </extensions>
      </trkpt>
      <trkpt lat="24.466705955564975738525390625" lon="118.15453690476715564727783203125">
        <ele>199.1999969482421875</ele>
        <time>2025-08-21T10:01:45.000Z</time>
        <extensions>
          <ns3:TrackPointExtension>
            <ns3:hr>125</ns3:hr>
            <ns3:cad>0</ns3:cad>
          </ns3:TrackPointExtension>
        </extensions>
      </trkpt>
      <trkpt lat="24.466705955564975738525390625" lon="118.15453506074845790863037109375">
        <ele>199.1999969482421875</ele>
        <time>2025-08-21T10:01:48.000Z</time>
        <extensions>
          <ns3:TrackPointExtension>
            <ns3:hr>129</ns3:hr>
            <ns3:cad>0</ns3:cad>
          </ns3:TrackPointExtension>
        </extensions>
      </trkpt>
      <trkpt lat="24.4667061232030391693115234375" lon="118.154526762664318084716796875">
        <ele>199.399993896484375</ele>
        <time>2025-08-21T10:01:50.000Z</time>
        <extensions>
          <ns3:TrackPointExtension>
            <ns3:hr>129</ns3:hr>
            <ns3:cad>0</ns3:cad>
          </ns3:TrackPointExtension>
        </extensions>
      </trkpt>
      <trkpt lat="24.4667128287255764007568359375" lon="118.15451796166598796844482421875">
        <ele>200</ele>
        <time>2025-08-21T10:01:58.000Z</time>
        <extensions>
          <ns3:TrackPointExtension>
            <ns3:hr>129</ns3:hr>
            <ns3:cad>0</ns3:cad>
          </ns3:TrackPointExtension>
        </extensions>
      </trkpt>
      <trkpt lat="24.4667000882327556610107421875" lon="118.1545309536159038543701171875">
        <ele>200.399993896484375</ele>
        <time>2025-08-21T10:02:04.000Z</time>
        <extensions>
          <ns3:TrackPointExtension>
            <ns3:hr>130</ns3:hr>
            <ns3:cad>77</ns3:cad>
          </ns3:TrackPointExtension>
        </extensions>
      </trkpt>
      <trkpt lat="24.46669690310955047607421875" lon="118.154530785977840423583984375">
        <ele>200.399993896484375</ele>
        <time>2025-08-21T10:02:05.000Z</time>
        <extensions>
          <ns3:TrackPointExtension>
            <ns3:hr>130</ns3:hr>
            <ns3:cad>0</ns3:cad>
          </ns3:TrackPointExtension>
        </extensions>
      </trkpt>
      <trkpt lat="24.466693885624408721923828125" lon="118.15453053452074527740478515625">
        <ele>200.399993896484375</ele>
        <time>2025-08-21T10:02:07.000Z</time>
        <extensions>
          <ns3:TrackPointExtension>
            <ns3:hr>127</ns3:hr>
            <ns3:cad>0</ns3:cad>
          </ns3:TrackPointExtension>
        </extensions>
      </trkpt>
      <trkpt lat="24.46669179014861583709716796875" lon="118.15453112125396728515625">
        <ele>200.399993896484375</ele>
        <time>2025-08-21T10:02:10.000Z</time>
        <extensions>
          <ns3:TrackPointExtension>
            <ns3:hr>124</ns3:hr>
            <ns3:cad>0</ns3:cad>
          </ns3:TrackPointExtension>
        </extensions>
      </trkpt>
      <trkpt lat="24.46669179014861583709716796875" lon="118.15453112125396728515625">
        <ele>200.399993896484375</ele>
        <time>2025-08-21T10:02:11.000Z</time>
        <extensions>
          <ns3:TrackPointExtension>
            <ns3:hr>118</ns3:hr>
            <ns3:cad>0</ns3:cad>
          </ns3:TrackPointExtension>
        </extensions>
      </trkpt>
      <trkpt lat="24.46669179014861583709716796875" lon="118.15453112125396728515625">
        <ele>200.399993896484375</ele>
        <time>2025-08-21T10:02:12.000Z</time>
        <extensions>
          <ns3:TrackPointExtension>
            <ns3:hr>115</ns3:hr>
            <ns3:cad>0</ns3:cad>
          </ns3:TrackPointExtension>
        </extensions>
      </trkpt>
      <trkpt lat="24.46669179014861583709716796875" lon="118.15453112125396728515625">
        <ele>200.1999969482421875</ele>
        <time>2025-08-21T10:02:16.000Z</time>
        <extensions>
          <ns3:TrackPointExtension>
            <ns3:hr>118</ns3:hr>
            <ns3:cad>0</ns3:cad>
          </ns3:TrackPointExtension>
        </extensions>
      </trkpt>
      <trkpt lat="24.46669179014861583709716796875" lon="118.15453112125396728515625">
        <ele>200.1999969482421875</ele>
        <time>2025-08-21T10:02:17.000Z</time>
        <extensions>
          <ns3:TrackPointExtension>
            <ns3:hr>121</ns3:hr>
            <ns3:cad>0</ns3:cad>
          </ns3:TrackPointExtension>
        </extensions>
      </trkpt>
      <trkpt lat="24.46669179014861583709716796875" lon="118.15453112125396728515625">
        <ele>200.399993896484375</ele>
        <time>2025-08-21T10:02:23.000Z</time>
        <extensions>
          <ns3:TrackPointExtension>
            <ns3:hr>118</ns3:hr>
            <ns3:cad>0</ns3:cad>
          </ns3:TrackPointExtension>
        </extensions>
      </trkpt>
      <trkpt lat="24.46669179014861583709716796875" lon="118.15453112125396728515625">
        <ele>200.399993896484375</ele>
        <time>2025-08-21T10:02:27.000Z</time>
        <extensions>
          <ns3:TrackPointExtension>
            <ns3:hr>116</ns3:hr>
            <ns3:cad>0</ns3:cad>
          </ns3:TrackPointExtension>
        </extensions>
      </trkpt>
      <trkpt lat="24.4666896946728229522705078125" lon="118.15452148206532001495361328125">
        <ele>200.399993896484375</ele>
        <time>2025-08-21T10:02:31.000Z</time>
        <extensions>
          <ns3:TrackPointExtension>
            <ns3:hr>113</ns3:hr>
            <ns3:cad>0</ns3:cad>
          </ns3:TrackPointExtension>
        </extensions>
      </trkpt>
      <trkpt lat="24.4666876830160617828369140625" lon="118.15451896749436855316162109375">
        <ele>200.399993896484375</ele>
        <time>2025-08-21T10:02:33.000Z</time>
        <extensions>
          <ns3:TrackPointExtension>
            <ns3:hr>107</ns3:hr>
            <ns3:cad>0</ns3:cad>
          </ns3:TrackPointExtension>
        </extensions>
      </trkpt>
      <trkpt lat="24.4666883535683155059814453125" lon="118.1545165367424488067626953125">
        <ele>200.399993896484375</ele>
        <time>2025-08-21T10:02:34.000Z</time>
        <extensions>
          <ns3:TrackPointExtension>
            <ns3:hr>103</ns3:hr>
            <ns3:cad>0</ns3:cad>
          </ns3:TrackPointExtension>
        </extensions>
      </trkpt>
      <trkpt lat="24.46669665165245532989501953125" lon="118.1545163691043853759765625">
        <ele>200.399993896484375</ele>
        <time>2025-08-21T10:02:37.000Z</time>
        <extensions>
          <ns3:TrackPointExtension>
            <ns3:hr>100</ns3:hr>
            <ns3:cad>0</ns3:cad>
          </ns3:TrackPointExtension>
        </extensions>
      </trkpt>
      <trkpt lat="24.4666989147663116455078125" lon="118.154514692723751068115234375">
        <ele>200.399993896484375</ele>
        <time>2025-08-21T10:02:38.000Z</time>
        <extensions>
          <ns3:TrackPointExtension>
            <ns3:hr>99</ns3:hr>
            <ns3:cad>0</ns3:cad>
          </ns3:TrackPointExtension>
        </extensions>
      </trkpt>
      <trkpt lat="24.46670369245111942291259765625" lon="118.1545111723244190216064453125">
        <ele>200.399993896484375</ele>
        <time>2025-08-21T10:02:41.000Z</time>
        <extensions>
          <ns3:TrackPointExtension>
            <ns3:hr>96</ns3:hr>
            <ns3:cad>0</ns3:cad>
          </ns3:TrackPointExtension>
        </extensions>
      </trkpt>
      <trkpt lat="24.466700591146945953369140625" lon="118.1545111723244190216064453125">
        <ele>200.399993896484375</ele>
        <time>2025-08-21T10:02:42.000Z</time>
        <extensions>
          <ns3:TrackPointExtension>
            <ns3:hr>93</ns3:hr>
            <ns3:cad>0</ns3:cad>
          </ns3:TrackPointExtension>
        </extensions>
      </trkpt>
      <trkpt lat="24.46669556200504302978515625" lon="118.1545136868953704833984375">
        <ele>200.600006103515625</ele>
        <time>2025-08-21T10:02:43.000Z</time>
        <extensions>
          <ns3:TrackPointExtension>
            <ns3:hr>90</ns3:hr>
            <ns3:cad>0</ns3:cad>
          </ns3:TrackPointExtension>
        </extensions>
      </trkpt>
      <trkpt lat="24.46669011376798152923583984375" lon="118.1545150279998779296875">
        <ele>200.600006103515625</ele>
        <time>2025-08-21T10:02:44.000Z</time>
        <extensions>
          <ns3:TrackPointExtension>
            <ns3:hr>85</ns3:hr>
            <ns3:cad>0</ns3:cad>
          </ns3:TrackPointExtension>
        </extensions>
      </trkpt>
      <trkpt lat="24.4666896946728229522705078125" lon="118.15451410599052906036376953125">
        <ele>200.8000030517578125</ele>
        <time>2025-08-21T10:02:45.000Z</time>
        <extensions>
          <ns3:TrackPointExtension>
            <ns3:hr>82</ns3:hr>
            <ns3:cad>0</ns3:cad>
          </ns3:TrackPointExtension>
        </extensions>
      </trkpt>
      <trkpt lat="24.4666896946728229522705078125" lon="118.15451410599052906036376953125">
        <ele>200.8000030517578125</ele>
        <time>2025-08-21T10:02:46.000Z</time>
        <extensions>
          <ns3:TrackPointExtension>
            <ns3:hr>82</ns3:hr>
            <ns3:cad>0</ns3:cad>
          </ns3:TrackPointExtension>
        </extensions>
      </trkpt>
      <trkpt lat="24.4666896946728229522705078125" lon="118.15451410599052906036376953125">
        <ele>200.600006103515625</ele>
        <time>2025-08-21T10:02:49.000Z</time>
        <extensions>
          <ns3:TrackPointExtension>
            <ns3:hr>81</ns3:hr>
            <ns3:cad>0</ns3:cad>
          </ns3:TrackPointExtension>
        </extensions>
      </trkpt>
      <trkpt lat="24.4666896946728229522705078125" lon="118.15451410599052906036376953125">
        <ele>200</ele>
        <time>2025-08-21T10:03:05.000Z</time>
        <extensions>
          <ns3:TrackPointExtension>
            <ns3:hr>80</ns3:hr>
            <ns3:cad>0</ns3:cad>
          </ns3:TrackPointExtension>
        </extensions>
      </trkpt>
      <trkpt lat="24.46668080985546112060546875" lon="118.1545145250856876373291015625">
        <ele>199.8000030517578125</ele>
        <time>2025-08-21T10:03:09.000Z</time>
        <extensions>
          <ns3:TrackPointExtension>
            <ns3:hr>76</ns3:hr>
            <ns3:cad>0</ns3:cad>
          </ns3:TrackPointExtension>
        </extensions>
      </trkpt>
      <trkpt lat="24.4666799716651439666748046875" lon="118.15451435744762420654296875">
        <ele>199.8000030517578125</ele>
        <time>2025-08-21T10:03:10.000Z</time>
        <extensions>
          <ns3:TrackPointExtension>
            <ns3:hr>73</ns3:hr>
            <ns3:cad>0</ns3:cad>
          </ns3:TrackPointExtension>
        </extensions>
      </trkpt>
      <trkpt lat="24.46666949428617954254150390625" lon="118.1545296125113964080810546875">
        <ele>200</ele>
        <time>2025-08-21T10:03:15.000Z</time>
        <extensions>
          <ns3:TrackPointExtension>
            <ns3:hr>71</ns3:hr>
            <ns3:cad>0</ns3:cad>
          </ns3:TrackPointExtension>
        </extensions>
      </trkpt>
      <trkpt lat="24.46667016483843326568603515625" lon="118.15453439019620418548583984375">
        <ele>200.1999969482421875</ele>
        <time>2025-08-21T10:03:21.000Z</time>
        <extensions>
          <ns3:TrackPointExtension>
            <ns3:hr>72</ns3:hr>
            <ns3:cad>0</ns3:cad>
          </ns3:TrackPointExtension>
        </extensions>
      </trkpt>
      <trkpt lat="24.466659687459468841552734375" lon="118.15453975461423397064208984375">
        <ele>200</ele>
        <time>2025-08-21T10:03:32.000Z</time>
        <extensions>
          <ns3:TrackPointExtension>
            <ns3:hr>68</ns3:hr>
            <ns3:cad>0</ns3:cad>
          </ns3:TrackPointExtension>
        </extensions>
      </trkpt>
      <trkpt lat="24.46665625087916851043701171875" lon="118.154537491500377655029296875">
        <ele>199.8000030517578125</ele>
        <time>2025-08-21T10:03:44.000Z</time>
        <extensions>
          <ns3:TrackPointExtension>
            <ns3:hr>66</ns3:hr>
            <ns3:cad>0</ns3:cad>
          </ns3:TrackPointExtension>
        </extensions>
      </trkpt>
      <trkpt lat="24.4666407443583011627197265625" lon="118.1545416824519634246826171875">
        <ele>199.600006103515625</ele>
        <time>2025-08-21T10:03:54.000Z</time>
        <extensions>
          <ns3:TrackPointExtension>
            <ns3:hr>63</ns3:hr>
            <ns3:cad>0</ns3:cad>
          </ns3:TrackPointExtension>
        </extensions>
      </trkpt>
      <trkpt lat="24.4666705839335918426513671875" lon="118.15453221090137958526611328125">
        <ele>199.600006103515625</ele>
        <time>2025-08-21T10:03:58.000Z</time>
        <extensions>
          <ns3:TrackPointExtension>
            <ns3:hr>63</ns3:hr>
            <ns3:cad>0</ns3:cad>
          </ns3:TrackPointExtension>
        </extensions>
      </trkpt>
      <trkpt lat="24.46668072603642940521240234375" lon="118.15449549816548824310302734375">
        <ele>199.399993896484375</ele>
        <time>2025-08-21T10:04:03.000Z</time>
        <extensions>
          <ns3:TrackPointExtension>
            <ns3:hr>62</ns3:hr>
            <ns3:cad>59</ns3:cad>
          </ns3:TrackPointExtension>
        </extensions>
      </trkpt>
      <trkpt lat="24.46667469106614589691162109375" lon="118.15449248068034648895263671875">
        <ele>199.1999969482421875</ele>
        <time>2025-08-21T10:04:04.000Z</time>
        <extensions>
          <ns3:TrackPointExtension>
            <ns3:hr>63</ns3:hr>
            <ns3:cad>59</ns3:cad>
          </ns3:TrackPointExtension>
        </extensions>
      </trkpt>
      <trkpt lat="24.466669075191020965576171875" lon="118.1544893793761730194091796875">
        <ele>199</ele>
        <time>2025-08-21T10:04:05.000Z</time>
        <extensions>
          <ns3:TrackPointExtension>
            <ns3:hr>62</ns3:hr>
            <ns3:cad>59</ns3:cad>
          </ns3:TrackPointExtension>
        </extensions>
      </trkpt>
      <trkpt lat="24.466638229787349700927734375" lon="118.15447856672108173370361328125">
        <ele>198</ele>
        <time>2025-08-21T10:04:09.000Z</time>
        <extensions>
          <ns3:TrackPointExtension>
            <ns3:hr>62</ns3:hr>
            <ns3:cad>51</ns3:cad>
          </ns3:TrackPointExtension>
        </extensions>
      </trkpt>
      <trkpt lat="24.4666021876037120819091796875" lon="118.1544699333608150482177734375">
        <ele>197.8000030517578125</ele>
        <time>2025-08-21T10:04:14.000Z</time>
        <extensions>
          <ns3:TrackPointExtension>
            <ns3:hr>62</ns3:hr>
            <ns3:cad>0</ns3:cad>
          </ns3:TrackPointExtension>
        </extensions>
      </trkpt>
      <trkpt lat="24.4665921293199062347412109375" lon="118.15445845015347003936767578125">
        <ele>198</ele>
        <time>2025-08-21T10:04:16.000Z</time>
        <extensions>
          <ns3:TrackPointExtension>
            <ns3:hr>59</ns3:hr>
            <ns3:cad>0</ns3:cad>
          </ns3:TrackPointExtension>
        </extensions>
      </trkpt>
      <trkpt lat="24.46658785454928874969482421875" lon="118.1544466316699981689453125">
        <ele>198.1999969482421875</ele>
        <time>2025-08-21T10:04:17.000Z</time>
        <extensions>
          <ns3:TrackPointExtension>
            <ns3:hr>59</ns3:hr>
            <ns3:cad>0</ns3:cad>
          </ns3:TrackPointExtension>
        </extensions>
      </trkpt>
      <trkpt lat="24.46658693253993988037109375" lon="118.15441402606666088104248046875">
        <ele>199</ele>
        <time>2025-08-21T10:04:21.000Z</time>
        <extensions>
          <ns3:TrackPointExtension>
            <ns3:hr>61</ns3:hr>
            <ns3:cad>0</ns3:cad>
          </ns3:TrackPointExtension>
        </extensions>
      </trkpt>
      <trkpt lat="24.46658936329185962677001953125" lon="118.15440832637250423431396484375">
        <ele>199.1999969482421875</ele>
        <time>2025-08-21T10:04:22.000Z</time>
        <extensions>
          <ns3:TrackPointExtension>
            <ns3:hr>62</ns3:hr>
            <ns3:cad>44</ns3:cad>
          </ns3:TrackPointExtension>
        </extensions>
      </trkpt>
      <trkpt lat="24.46659171022474765777587890625" lon="118.1544015370309352874755859375">
        <ele>199.399993896484375</ele>
        <time>2025-08-21T10:04:23.000Z</time>
        <extensions>
          <ns3:TrackPointExtension>
            <ns3:hr>65</ns3:hr>
            <ns3:cad>71</ns3:cad>
          </ns3:TrackPointExtension>
        </extensions>
      </trkpt>
      <trkpt lat="24.46659724228084087371826171875" lon="118.15438535995781421661376953125">
        <ele>199.8000030517578125</ele>
        <time>2025-08-21T10:04:25.000Z</time>
        <extensions>
          <ns3:TrackPointExtension>
            <ns3:hr>70</ns3:hr>
            <ns3:cad>74</ns3:cad>
          </ns3:TrackPointExtension>
        </extensions>
      </trkpt>
      <trkpt lat="24.46660294197499752044677734375" lon="118.15437664277851581573486328125">
        <ele>200.1999969482421875</ele>
        <time>2025-08-21T10:04:27.000Z</time>
        <extensions>
          <ns3:TrackPointExtension>
            <ns3:hr>72</ns3:hr>
            <ns3:cad>73</ns3:cad>
          </ns3:TrackPointExtension>
        </extensions>
      </trkpt>
      <trkpt lat="24.466608725488185882568359375" lon="118.15436281263828277587890625">
        <ele>200.8000030517578125</ele>
        <time>2025-08-21T10:04:29.000Z</time>
        <extensions>
          <ns3:TrackPointExtension>
            <ns3:hr>73</ns3:hr>
            <ns3:cad>73</ns3:cad>
          </ns3:TrackPointExtension>
        </extensions>
      </trkpt>
      <trkpt lat="24.46662842296063899993896484375" lon="118.1543311290442943572998046875">
        <ele>201.399993896484375</ele>
        <time>2025-08-21T10:04:32.000Z</time>
        <extensions>
          <ns3:TrackPointExtension>
            <ns3:hr>76</ns3:hr>
            <ns3:cad>73</ns3:cad>
          </ns3:TrackPointExtension>
        </extensions>
      </trkpt>
      <trkpt lat="24.46663714013993740081787109375" lon="118.1543163768947124481201171875">
        <ele>201.600006103515625</ele>
        <time>2025-08-21T10:04:34.000Z</time>
        <extensions>
          <ns3:TrackPointExtension>
            <ns3:hr>79</ns3:hr>
            <ns3:cad>49</ns3:cad>
          </ns3:TrackPointExtension>
        </extensions>
      </trkpt>
      <trkpt lat="24.466640911996364593505859375" lon="118.1543053127825260162353515625">
        <ele>202</ele>
        <time>2025-08-21T10:04:36.000Z</time>
        <extensions>
          <ns3:TrackPointExtension>
            <ns3:hr>83</ns3:hr>
            <ns3:cad>47</ns3:cad>
          </ns3:TrackPointExtension>
        </extensions>
      </trkpt>
      <trkpt lat="24.466642923653125762939453125" lon="118.15429533831775188446044921875">
        <ele>202.1999969482421875</ele>
        <time>2025-08-21T10:04:38.000Z</time>
        <extensions>
          <ns3:TrackPointExtension>
            <ns3:hr>86</ns3:hr>
            <ns3:cad>47</ns3:cad>
          </ns3:TrackPointExtension>
        </extensions>
      </trkpt>
      <trkpt lat="24.4666425883769989013671875" lon="118.154291398823261260986328125">
        <ele>202.399993896484375</ele>
        <time>2025-08-21T10:04:39.000Z</time>
        <extensions>
          <ns3:TrackPointExtension>
            <ns3:hr>87</ns3:hr>
            <ns3:cad>47</ns3:cad>
          </ns3:TrackPointExtension>
        </extensions>
      </trkpt>
      <trkpt lat="24.4666417501866817474365234375" lon="118.15426533110439777374267578125">
        <ele>203.399993896484375</ele>
        <time>2025-08-21T10:04:44.000Z</time>
        <extensions>
          <ns3:TrackPointExtension>
            <ns3:hr>90</ns3:hr>
            <ns3:cad>68</ns3:cad>
          </ns3:TrackPointExtension>
        </extensions>
      </trkpt>
      <trkpt lat="24.46663998998701572418212890625" lon="118.1542560271918773651123046875">
        <ele>203.600006103515625</ele>
        <time>2025-08-21T10:04:45.000Z</time>
        <extensions>
          <ns3:TrackPointExtension>
            <ns3:hr>90</ns3:hr>
            <ns3:cad>68</ns3:cad>
          </ns3:TrackPointExtension>
        </extensions>
      </trkpt>
      <trkpt lat="24.46662180125713348388671875" lon="118.15423096530139446258544921875">
        <ele>204.399993896484375</ele>
        <time>2025-08-21T10:04:49.000Z</time>
        <extensions>
          <ns3:TrackPointExtension>
            <ns3:hr>91</ns3:hr>
            <ns3:cad>75</ns3:cad>
          </ns3:TrackPointExtension>
        </extensions>
      </trkpt>
      <trkpt lat="24.466612748801708221435546875" lon="118.1542211584746837615966796875">
        <ele>204.600006103515625</ele>
        <time>2025-08-21T10:04:51.000Z</time>
        <extensions>
          <ns3:TrackPointExtension>
            <ns3:hr>91</ns3:hr>
            <ns3:cad>75</ns3:cad>
          </ns3:TrackPointExtension>
        </extensions>
      </trkpt>
      <trkpt lat="24.46659975685179233551025390625" lon="118.15416634082794189453125">
        <ele>205.8000030517578125</ele>
        <time>2025-08-21T10:05:00.000Z</time>
        <extensions>
          <ns3:TrackPointExtension>
            <ns3:hr>93</ns3:hr>
            <ns3:cad>48</ns3:cad>
          </ns3:TrackPointExtension>
        </extensions>
      </trkpt>
      <trkpt lat="24.4666011817753314971923828125" lon="118.154158629477024078369140625">
        <ele>206</ele>
        <time>2025-08-21T10:05:01.000Z</time>
        <extensions>
          <ns3:TrackPointExtension>
            <ns3:hr>93</ns3:hr>
            <ns3:cad>48</ns3:cad>
          </ns3:TrackPointExtension>
        </extensions>
      </trkpt>
      <trkpt lat="24.46661182679235935211181640625" lon="118.1540872156620025634765625">
        <ele>206.8000030517578125</ele>
        <time>2025-08-21T10:05:05.000Z</time>
        <extensions>
          <ns3:TrackPointExtension>
            <ns3:hr>95</ns3:hr>
            <ns3:cad>44</ns3:cad>
          </ns3:TrackPointExtension>
        </extensions>
      </trkpt>
      <trkpt lat="24.46661249734461307525634765625" lon="118.15407707355916500091552734375">
        <ele>207.1999969482421875</ele>
        <time>2025-08-21T10:05:07.000Z</time>
        <extensions>
          <ns3:TrackPointExtension>
            <ns3:hr>100</ns3:hr>
            <ns3:cad>44</ns3:cad>
          </ns3:TrackPointExtension>
        </extensions>
      </trkpt>
      <trkpt lat="24.46661869995296001434326171875" lon="118.15407187677919864654541015625">
        <ele>207.600006103515625</ele>
        <time>2025-08-21T10:05:09.000Z</time>
        <extensions>
          <ns3:TrackPointExtension>
            <ns3:hr>101</ns3:hr>
            <ns3:cad>78</ns3:cad>
          </ns3:TrackPointExtension>
        </extensions>
      </trkpt>
      <trkpt lat="24.466626159846782684326171875" lon="118.15405704081058502197265625">
        <ele>208</ele>
        <time>2025-08-21T10:05:11.000Z</time>
        <extensions>
          <ns3:TrackPointExtension>
            <ns3:hr>102</ns3:hr>
            <ns3:cad>78</ns3:cad>
          </ns3:TrackPointExtension>
        </extensions>
      </trkpt>
      <trkpt lat="24.4666611962020397186279296875" lon="118.15403600223362445831298828125">
        <ele>208.600006103515625</ele>
        <time>2025-08-21T10:05:17.000Z</time>
        <extensions>
          <ns3:TrackPointExtension>
            <ns3:hr>105</ns3:hr>
            <ns3:cad>0</ns3:cad>
          </ns3:TrackPointExtension>
        </extensions>
      </trkpt>
      <trkpt lat="24.466679133474826812744140625" lon="118.15402694977819919586181640625">
        <ele>209</ele>
        <time>2025-08-21T10:05:19.000Z</time>
        <extensions>
          <ns3:TrackPointExtension>
            <ns3:hr>109</ns3:hr>
            <ns3:cad>0</ns3:cad>
          </ns3:TrackPointExtension>
        </extensions>
      </trkpt>
      <trkpt lat="24.4666883535683155059814453125" lon="118.15402225591242313385009765625">
        <ele>209.1999969482421875</ele>
        <time>2025-08-21T10:05:20.000Z</time>
        <extensions>
          <ns3:TrackPointExtension>
            <ns3:hr>109</ns3:hr>
            <ns3:cad>0</ns3:cad>
          </ns3:TrackPointExtension>
        </extensions>
      </trkpt>
      <trkpt lat="24.46674057282507419586181640625" lon="118.15399677492678165435791015625">
        <ele>210</ele>
        <time>2025-08-21T10:05:26.000Z</time>
        <extensions>
          <ns3:TrackPointExtension>
            <ns3:hr>109</ns3:hr>
            <ns3:cad>0</ns3:cad>
          </ns3:TrackPointExtension>
        </extensions>
      </trkpt>
      <trkpt lat="24.4667480327188968658447265625" lon="118.15398395061492919921875">
        <ele>210.600006103515625</ele>
        <time>2025-08-21T10:05:29.000Z</time>
        <extensions>
          <ns3:TrackPointExtension>
            <ns3:hr>108</ns3:hr>
            <ns3:cad>0</ns3:cad>
          </ns3:TrackPointExtension>
        </extensions>
      </trkpt>
      <trkpt lat="24.46678365580737590789794921875" lon="118.1539489142596721649169921875">
        <ele>211.399993896484375</ele>
        <time>2025-08-21T10:05:36.000Z</time>
        <extensions>
          <ns3:TrackPointExtension>
            <ns3:hr>107</ns3:hr>
            <ns3:cad>59</ns3:cad>
          </ns3:TrackPointExtension>
        </extensions>
      </trkpt>
      <trkpt lat="24.4667902775108814239501953125" lon="118.153944723308086395263671875">
        <ele>212</ele>
        <time>2025-08-21T10:05:38.000Z</time>
        <extensions>
          <ns3:TrackPointExtension>
            <ns3:hr>107</ns3:hr>
            <ns3:cad>0</ns3:cad>
          </ns3:TrackPointExtension>
        </extensions>
      </trkpt>
      <trkpt lat="24.46679824031889438629150390625" lon="118.153936006128787994384765625">
        <ele>212.399993896484375</ele>
        <time>2025-08-21T10:05:40.000Z</time>
        <extensions>
          <ns3:TrackPointExtension>
            <ns3:hr>112</ns3:hr>
            <ns3:cad>0</ns3:cad>
          </ns3:TrackPointExtension>
        </extensions>
      </trkpt>
      <trkpt lat="24.4668016768991947174072265625" lon="118.15393307246267795562744140625">
        <ele>212.600006103515625</ele>
        <time>2025-08-21T10:05:41.000Z</time>
        <extensions>
          <ns3:TrackPointExtension>
            <ns3:hr>119</ns3:hr>
            <ns3:cad>41</ns3:cad>
          </ns3:TrackPointExtension>
        </extensions>
      </trkpt>
      <trkpt lat="24.466811232268810272216796875" lon="118.15390222705900669097900390625">
        <ele>213</ele>
        <time>2025-08-21T10:05:45.000Z</time>
        <extensions>
          <ns3:TrackPointExtension>
            <ns3:hr>121</ns3:hr>
            <ns3:cad>75</ns3:cad>
          </ns3:TrackPointExtension>
        </extensions>
      </trkpt>
      <trkpt lat="24.466811232268810272216796875" lon="118.1538624130189418792724609375">
        <ele>213.600006103515625</ele>
        <time>2025-08-21T10:05:49.000Z</time>
        <extensions>
          <ns3:TrackPointExtension>
            <ns3:hr>123</ns3:hr>
            <ns3:cad>48</ns3:cad>
          </ns3:TrackPointExtension>
        </extensions>
      </trkpt>
      <trkpt lat="24.46681165136396884918212890625" lon="118.15383768640458583831787109375">
        <ele>214.600006103515625</ele>
        <time>2025-08-21T10:05:53.000Z</time>
        <extensions>
          <ns3:TrackPointExtension>
            <ns3:hr>122</ns3:hr>
            <ns3:cad>45</ns3:cad>
          </ns3:TrackPointExtension>
        </extensions>
      </trkpt>
      <trkpt lat="24.46681986562907695770263671875" lon="118.15380223095417022705078125">
        <ele>215.8000030517578125</ele>
        <time>2025-08-21T10:05:58.000Z</time>
        <extensions>
          <ns3:TrackPointExtension>
            <ns3:hr>121</ns3:hr>
            <ns3:cad>42</ns3:cad>
          </ns3:TrackPointExtension>
        </extensions>
      </trkpt>
      <trkpt lat="24.46680729277431964874267578125" lon="118.1537896580994129180908203125">
        <ele>216.1999969482421875</ele>
        <time>2025-08-21T10:06:01.000Z</time>
        <extensions>
          <ns3:TrackPointExtension>
            <ns3:hr>121</ns3:hr>
            <ns3:cad>0</ns3:cad>
          </ns3:TrackPointExtension>
        </extensions>
      </trkpt>
      <trkpt lat="24.46677309460937976837158203125" lon="118.15375663340091705322265625">
        <ele>217</ele>
        <time>2025-08-21T10:06:05.000Z</time>
        <extensions>
          <ns3:TrackPointExtension>
            <ns3:hr>119</ns3:hr>
            <ns3:cad>42</ns3:cad>
          </ns3:TrackPointExtension>
        </extensions>
      </trkpt>
      <trkpt lat="24.46674291975796222686767578125" lon="118.15373324789106845855712890625">
        <ele>217.600006103515625</ele>
        <time>2025-08-21T10:06:09.000Z</time>
        <extensions>
          <ns3:TrackPointExtension>
            <ns3:hr>121</ns3:hr>
            <ns3:cad>0</ns3:cad>
          </ns3:TrackPointExtension>
        </extensions>
      </trkpt>
      <trkpt lat="24.46673956699669361114501953125" lon="118.15372536890208721160888671875">
        <ele>218</ele>
        <time>2025-08-21T10:06:11.000Z</time>
        <extensions>
          <ns3:TrackPointExtension>
            <ns3:hr>122</ns3:hr>
            <ns3:cad>79</ns3:cad>
          </ns3:TrackPointExtension>
        </extensions>
      </trkpt>
      <trkpt lat="24.466725401580333709716796875" lon="118.1537182442843914031982421875">
        <ele>218.8000030517578125</ele>
        <time>2025-08-21T10:06:17.000Z</time>
        <extensions>
          <ns3:TrackPointExtension>
            <ns3:hr>123</ns3:hr>
            <ns3:cad>79</ns3:cad>
          </ns3:TrackPointExtension>
        </extensions>
      </trkpt>
      <trkpt lat="24.46672045625746250152587890625" lon="118.15370525233447551727294921875">
        <ele>219</ele>
        <time>2025-08-21T10:06:19.000Z</time>
        <extensions>
          <ns3:TrackPointExtension>
            <ns3:hr>122</ns3:hr>
            <ns3:cad>0</ns3:cad>
          </ns3:TrackPointExtension>
        </extensions>
      </trkpt>
      <trkpt lat="24.46672297082841396331787109375" lon="118.15366853959858417510986328125">
        <ele>219.600006103515625</ele>
        <time>2025-08-21T10:06:23.000Z</time>
        <extensions>
          <ns3:TrackPointExtension>
            <ns3:hr>125</ns3:hr>
            <ns3:cad>49</ns3:cad>
          </ns3:TrackPointExtension>
        </extensions>
      </trkpt>
      <trkpt lat="24.466721378266811370849609375" lon="118.1536575593054294586181640625">
        <ele>219.8000030517578125</ele>
        <time>2025-08-21T10:06:24.000Z</time>
        <extensions>
          <ns3:TrackPointExtension>
            <ns3:hr>126</ns3:hr>
            <ns3:cad>68</ns3:cad>
          </ns3:TrackPointExtension>
        </extensions>
      </trkpt>
      <trkpt lat="24.46672238409519195556640625" lon="118.15364389680325984954833984375">
        <ele>220</ele>
        <time>2025-08-21T10:06:25.000Z</time>
        <extensions>
          <ns3:TrackPointExtension>
            <ns3:hr>126</ns3:hr>
            <ns3:cad>68</ns3:cad>
          </ns3:TrackPointExtension>
        </extensions>
      </trkpt>
      <trkpt lat="24.46672732941806316375732421875" lon="118.15363618545234203338623046875">
        <ele>221.1999969482421875</ele>
        <time>2025-08-21T10:06:29.000Z</time>
        <extensions>
          <ns3:TrackPointExtension>
            <ns3:hr>126</ns3:hr>
            <ns3:cad>69</ns3:cad>
          </ns3:TrackPointExtension>
        </extensions>
      </trkpt>
      <trkpt lat="24.466737806797027587890625" lon="118.15360399894416332244873046875">
        <ele>222.399993896484375</ele>
        <time>2025-08-21T10:06:33.000Z</time>
        <extensions>
          <ns3:TrackPointExtension>
            <ns3:hr>125</ns3:hr>
            <ns3:cad>0</ns3:cad>
          </ns3:TrackPointExtension>
        </extensions>
      </trkpt>
      <trkpt lat="24.46674191392958164215087890625" lon="118.153593353927135467529296875">
        <ele>222.8000030517578125</ele>
        <time>2025-08-21T10:06:35.000Z</time>
        <extensions>
          <ns3:TrackPointExtension>
            <ns3:hr>124</ns3:hr>
            <ns3:cad>0</ns3:cad>
          </ns3:TrackPointExtension>
        </extensions>
      </trkpt>
      <trkpt lat="24.46676261723041534423828125" lon="118.15358270891010761260986328125">
        <ele>223.1999969482421875</ele>
        <time>2025-08-21T10:06:40.000Z</time>
        <extensions>
          <ns3:TrackPointExtension>
            <ns3:hr>131</ns3:hr>
            <ns3:cad>0</ns3:cad>
          </ns3:TrackPointExtension>
        </extensions>
      </trkpt>
      <trkpt lat="24.46676990948617458343505859375" lon="118.15357265062630176544189453125">
        <ele>223.399993896484375</ele>
        <time>2025-08-21T10:06:42.000Z</time>
        <extensions>
          <ns3:TrackPointExtension>
            <ns3:hr>133</ns3:hr>
            <ns3:cad>0</ns3:cad>
          </ns3:TrackPointExtension>
        </extensions>
      </trkpt>
      <trkpt lat="24.46677845902740955352783203125" lon="118.15353107638657093048095703125">
        <ele>224.399993896484375</ele>
        <time>2025-08-21T10:06:48.000Z</time>
        <extensions>
          <ns3:TrackPointExtension>
            <ns3:hr>132</ns3:hr>
            <ns3:cad>0</ns3:cad>
          </ns3:TrackPointExtension>
        </extensions>
      </trkpt>
      <trkpt lat="24.46679882705211639404296875" lon="118.153516910970211029052734375">
        <ele>224.8000030517578125</ele>
        <time>2025-08-21T10:06:50.000Z</time>
        <extensions>
          <ns3:TrackPointExtension>
            <ns3:hr>131</ns3:hr>
            <ns3:cad>0</ns3:cad>
          </ns3:TrackPointExtension>
        </extensions>
      </trkpt>
      <trkpt lat="24.466813914477825164794921875" lon="118.15351079218089580535888671875">
        <ele>225.1999969482421875</ele>
        <time>2025-08-21T10:06:53.000Z</time>
        <extensions>
          <ns3:TrackPointExtension>
            <ns3:hr>127</ns3:hr>
            <ns3:cad>0</ns3:cad>
          </ns3:TrackPointExtension>
        </extensions>
      </trkpt>
      <trkpt lat="24.4668264873325824737548828125" lon="118.15349855460226535797119140625">
        <ele>225.600006103515625</ele>
        <time>2025-08-21T10:06:57.000Z</time>
        <extensions>
          <ns3:TrackPointExtension>
            <ns3:hr>125</ns3:hr>
            <ns3:cad>0</ns3:cad>
          </ns3:TrackPointExtension>
        </extensions>
      </trkpt>
      <trkpt lat="24.46682338602840900421142578125" lon="118.15349243581295013427734375">
        <ele>225.8000030517578125</ele>
        <time>2025-08-21T10:06:58.000Z</time>
        <extensions>
          <ns3:TrackPointExtension>
            <ns3:hr>125</ns3:hr>
            <ns3:cad>0</ns3:cad>
          </ns3:TrackPointExtension>
        </extensions>
      </trkpt>
      <trkpt lat="24.466813914477825164794921875" lon="118.1534818746149539947509765625">
        <ele>226.8000030517578125</ele>
        <time>2025-08-21T10:07:01.000Z</time>
        <extensions>
          <ns3:TrackPointExtension>
            <ns3:hr>125</ns3:hr>
            <ns3:cad>75</ns3:cad>
          </ns3:TrackPointExtension>
        </extensions>
      </trkpt>
      <trkpt lat="24.46680645458400249481201171875" lon="118.15347223542630672454833984375">
        <ele>227.399993896484375</ele>
        <time>2025-08-21T10:07:04.000Z</time>
        <extensions>
          <ns3:TrackPointExtension>
            <ns3:hr>125</ns3:hr>
            <ns3:cad>80</ns3:cad>
          </ns3:TrackPointExtension>
        </extensions>
      </trkpt>
      <trkpt lat="24.46680109016597270965576171875" lon="118.1534624285995960235595703125">
        <ele>227.600006103515625</ele>
        <time>2025-08-21T10:07:06.000Z</time>
        <extensions>
          <ns3:TrackPointExtension>
            <ns3:hr>122</ns3:hr>
            <ns3:cad>42</ns3:cad>
          </ns3:TrackPointExtension>
        </extensions>
      </trkpt>
      <trkpt lat="24.46679488755762577056884765625" lon="118.15345010720193386077880859375">
        <ele>228</ele>
        <time>2025-08-21T10:07:08.000Z</time>
        <extensions>
          <ns3:TrackPointExtension>
            <ns3:hr>122</ns3:hr>
            <ns3:cad>42</ns3:cad>
          </ns3:TrackPointExtension>
        </extensions>
      </trkpt>
      <trkpt lat="24.4668003357946872711181640625" lon="118.1534369476139545440673828125">
        <ele>228.399993896484375</ele>
        <time>2025-08-21T10:07:11.000Z</time>
        <extensions>
          <ns3:TrackPointExtension>
            <ns3:hr>123</ns3:hr>
            <ns3:cad>0</ns3:cad>
          </ns3:TrackPointExtension>
        </extensions>
      </trkpt>
      <trkpt lat="24.4668382219970226287841796875" lon="118.15343317575752735137939453125">
        <ele>229</ele>
        <time>2025-08-21T10:07:18.000Z</time>
        <extensions>
          <ns3:TrackPointExtension>
            <ns3:hr>125</ns3:hr>
            <ns3:cad>0</ns3:cad>
          </ns3:TrackPointExtension>
        </extensions>
      </trkpt>
      <trkpt lat="24.466859512031078338623046875" lon="118.15343200229108333587646484375">
        <ele>229.600006103515625</ele>
        <time>2025-08-21T10:07:21.000Z</time>
        <extensions>
          <ns3:TrackPointExtension>
            <ns3:hr>126</ns3:hr>
            <ns3:cad>0</ns3:cad>
          </ns3:TrackPointExtension>
        </extensions>
      </trkpt>
      <trkpt lat="24.46689194999635219573974609375" lon="118.153421021997928619384765625">
        <ele>230.1999969482421875</ele>
        <time>2025-08-21T10:07:27.000Z</time>
        <extensions>
          <ns3:TrackPointExtension>
            <ns3:hr>125</ns3:hr>
            <ns3:cad>0</ns3:cad>
          </ns3:TrackPointExtension>
        </extensions>
      </trkpt>
      <trkpt lat="24.46690452285110950469970703125" lon="118.15340987406671047210693359375">
        <ele>230.8000030517578125</ele>
        <time>2025-08-21T10:07:30.000Z</time>
        <extensions>
          <ns3:TrackPointExtension>
            <ns3:hr>120</ns3:hr>
            <ns3:cad>44</ns3:cad>
          </ns3:TrackPointExtension>
        </extensions>
      </trkpt>
      <trkpt lat="24.46691550314426422119140625" lon="118.153403587639331817626953125">
        <ele>231.1999969482421875</ele>
        <time>2025-08-21T10:07:33.000Z</time>
        <extensions>
          <ns3:TrackPointExtension>
            <ns3:hr>119</ns3:hr>
            <ns3:cad>69</ns3:cad>
          </ns3:TrackPointExtension>
        </extensions>
      </trkpt>
      <trkpt lat="24.46693553589284420013427734375" lon="118.15339185297489166259765625">
        <ele>231.8000030517578125</ele>
        <time>2025-08-21T10:07:38.000Z</time>
        <extensions>
          <ns3:TrackPointExtension>
            <ns3:hr>119</ns3:hr>
            <ns3:cad>70</ns3:cad>
          </ns3:TrackPointExtension>
        </extensions>
      </trkpt>
      <trkpt lat="24.46696554310619831085205078125" lon="118.15337852574884891510009765625">
        <ele>232.1999969482421875</ele>
        <time>2025-08-21T10:07:42.000Z</time>
        <extensions>
          <ns3:TrackPointExtension>
            <ns3:hr>119</ns3:hr>
            <ns3:cad>0</ns3:cad>
          </ns3:TrackPointExtension>
        </extensions>
      </trkpt>
      <trkpt lat="24.46697509847581386566162109375" lon="118.15335430204868316650390625">
        <ele>232.8000030517578125</ele>
        <time>2025-08-21T10:07:46.000Z</time>
        <extensions>
          <ns3:TrackPointExtension>
            <ns3:hr>117</ns3:hr>
            <ns3:cad>0</ns3:cad>
          </ns3:TrackPointExtension>
        </extensions>
      </trkpt>
      <trkpt lat="24.466968476772308349609375" lon="118.15334985964000225067138671875">
        <ele>233.399993896484375</ele>
        <time>2025-08-21T10:07:48.000Z</time>
        <extensions>
          <ns3:TrackPointExtension>
            <ns3:hr>117</ns3:hr>
            <ns3:cad>71</ns3:cad>
          </ns3:TrackPointExtension>
        </extensions>
      </trkpt>
      <trkpt lat="24.46697794832289218902587890625" lon="118.15333242528140544891357421875">
        <ele>234.399993896484375</ele>
        <time>2025-08-21T10:07:52.000Z</time>
        <extensions>
          <ns3:TrackPointExtension>
            <ns3:hr>116</ns3:hr>
            <ns3:cad>78</ns3:cad>
          </ns3:TrackPointExtension>
        </extensions>
      </trkpt>
      <trkpt lat="24.4669991545379161834716796875" lon="118.1533078663051128387451171875">
        <ele>235.399993896484375</ele>
        <time>2025-08-21T10:07:57.000Z</time>
        <extensions>
          <ns3:TrackPointExtension>
            <ns3:hr>116</ns3:hr>
            <ns3:cad>76</ns3:cad>
          </ns3:TrackPointExtension>
        </extensions>
      </trkpt>
      <trkpt lat="24.467009045183658599853515625" lon="118.15331004559993743896484375">
        <ele>236.399993896484375</ele>
        <time>2025-08-21T10:08:02.000Z</time>
        <extensions>
          <ns3:TrackPointExtension>
            <ns3:hr>118</ns3:hr>
            <ns3:cad>75</ns3:cad>
          </ns3:TrackPointExtension>
        </extensions>
      </trkpt>
      <trkpt lat="24.4670155830681324005126953125" lon="118.1533085368573665618896484375">
        <ele>236.600006103515625</ele>
        <time>2025-08-21T10:08:03.000Z</time>
        <extensions>
          <ns3:TrackPointExtension>
            <ns3:hr>118</ns3:hr>
            <ns3:cad>75</ns3:cad>
          </ns3:TrackPointExtension>
        </extensions>
      </trkpt>
      <trkpt lat="24.4670306704938411712646484375" lon="118.15330141223967075347900390625">
        <ele>237.399993896484375</ele>
        <time>2025-08-21T10:08:06.000Z</time>
        <extensions>
          <ns3:TrackPointExtension>
            <ns3:hr>121</ns3:hr>
            <ns3:cad>75</ns3:cad>
          </ns3:TrackPointExtension>
        </extensions>
      </trkpt>
      <trkpt lat="24.4670387171208858489990234375" lon="118.15329722128808498382568359375">
        <ele>237.600006103515625</ele>
        <time>2025-08-21T10:08:07.000Z</time>
        <extensions>
          <ns3:TrackPointExtension>
            <ns3:hr>121</ns3:hr>
            <ns3:cad>0</ns3:cad>
          </ns3:TrackPointExtension>
        </extensions>
      </trkpt>
      <trkpt lat="24.46704517118632793426513671875" lon="118.1532904319465160369873046875">
        <ele>237.8000030517578125</ele>
        <time>2025-08-21T10:08:09.000Z</time>
        <extensions>
          <ns3:TrackPointExtension>
            <ns3:hr>123</ns3:hr>
            <ns3:cad>0</ns3:cad>
          </ns3:TrackPointExtension>
        </extensions>
      </trkpt>
      <trkpt lat="24.467060677707195281982421875" lon="118.1532686389982700347900390625">
        <ele>238.1999969482421875</ele>
        <time>2025-08-21T10:08:19.000Z</time>
        <extensions>
          <ns3:TrackPointExtension>
            <ns3:hr>125</ns3:hr>
            <ns3:cad>0</ns3:cad>
          </ns3:TrackPointExtension>
        </extensions>
      </trkpt>
      <trkpt lat="24.46703276596963405609130859375" lon="118.15331717021763324737548828125">
        <ele>237.399993896484375</ele>
        <time>2025-08-21T10:08:25.000Z</time>
        <extensions>
          <ns3:TrackPointExtension>
            <ns3:hr>124</ns3:hr>
            <ns3:cad>50</ns3:cad>
          </ns3:TrackPointExtension>
        </extensions>
      </trkpt>
      <trkpt lat="24.46700938045978546142578125" lon="118.153323121368885040283203125">
        <ele>236.399993896484375</ele>
        <time>2025-08-21T10:08:29.000Z</time>
        <extensions>
          <ns3:TrackPointExtension>
            <ns3:hr>123</ns3:hr>
            <ns3:cad>52</ns3:cad>
          </ns3:TrackPointExtension>
        </extensions>
      </trkpt>
      <trkpt lat="24.46701030246913433074951171875" lon="118.15331985242664813995361328125">
        <ele>236</ele>
        <time>2025-08-21T10:08:31.000Z</time>
        <extensions>
          <ns3:TrackPointExtension>
            <ns3:hr>121</ns3:hr>
            <ns3:cad>57</ns3:cad>
          </ns3:TrackPointExtension>
        </extensions>
      </trkpt>
      <trkpt lat="24.46702304296195507049560546875" lon="118.15331197343766689300537109375">
        <ele>236.399993896484375</ele>
        <time>2025-08-21T10:08:34.000Z</time>
        <extensions>
          <ns3:TrackPointExtension>
            <ns3:hr>118</ns3:hr>
            <ns3:cad>0</ns3:cad>
          </ns3:TrackPointExtension>
        </extensions>
      </trkpt>
      <trkpt lat="24.46703377179801464080810546875" lon="118.15329730510711669921875">
        <ele>237</ele>
        <time>2025-08-21T10:08:37.000Z</time>
        <extensions>
          <ns3:TrackPointExtension>
            <ns3:hr>114</ns3:hr>
            <ns3:cad>41</ns3:cad>
          </ns3:TrackPointExtension>
        </extensions>
      </trkpt>
      <trkpt lat="24.46704148314893245697021484375" lon="118.15328330732882022857666015625">
        <ele>237.399993896484375</ele>
        <time>2025-08-21T10:08:39.000Z</time>
        <extensions>
          <ns3:TrackPointExtension>
            <ns3:hr>111</ns3:hr>
            <ns3:cad>0</ns3:cad>
          </ns3:TrackPointExtension>
        </extensions>
      </trkpt>
      <trkpt lat="24.467043913900852203369140625" lon="118.153278529644012451171875">
        <ele>237.600006103515625</ele>
        <time>2025-08-21T10:08:40.000Z</time>
        <extensions>
          <ns3:TrackPointExtension>
            <ns3:hr>110</ns3:hr>
            <ns3:cad>0</ns3:cad>
          </ns3:TrackPointExtension>
        </extensions>
      </trkpt>
      <trkpt lat="24.46704617701470851898193359375" lon="118.15327274613082408905029296875">
        <ele>237.600006103515625</ele>
        <time>2025-08-21T10:08:42.000Z</time>
        <extensions>
          <ns3:TrackPointExtension>
            <ns3:hr>109</ns3:hr>
            <ns3:cad>0</ns3:cad>
          </ns3:TrackPointExtension>
        </extensions>
      </trkpt>
      <trkpt lat="24.4670641981065273284912109375" lon="118.15323586575686931610107421875">
        <ele>238.600006103515625</ele>
        <time>2025-08-21T10:08:49.000Z</time>
        <extensions>
          <ns3:TrackPointExtension>
            <ns3:hr>109</ns3:hr>
            <ns3:cad>75</ns3:cad>
          </ns3:TrackPointExtension>
        </extensions>
      </trkpt>
      <trkpt lat="24.4670786149799823760986328125" lon="118.1532243825495243072509765625">
        <ele>239.1999969482421875</ele>
        <time>2025-08-21T10:08:52.000Z</time>
        <extensions>
          <ns3:TrackPointExtension>
            <ns3:hr>108</ns3:hr>
            <ns3:cad>0</ns3:cad>
          </ns3:TrackPointExtension>
        </extensions>
      </trkpt>
      <trkpt lat="24.467114992439746856689453125" lon="118.15321080386638641357421875">
        <ele>239.600006103515625</ele>
        <time>2025-08-21T10:08:56.000Z</time>
        <extensions>
          <ns3:TrackPointExtension>
            <ns3:hr>107</ns3:hr>
            <ns3:cad>0</ns3:cad>
          </ns3:TrackPointExtension>
        </extensions>
      </trkpt>
      <trkpt lat="24.46715011261403560638427734375" lon="118.1532217003405094146728515625">
        <ele>240.1999969482421875</ele>
        <time>2025-08-21T10:09:01.000Z</time>
        <extensions>
          <ns3:TrackPointExtension>
            <ns3:hr>108</ns3:hr>
            <ns3:cad>75</ns3:cad>
          </ns3:TrackPointExtension>
        </extensions>
      </trkpt>
      <trkpt lat="24.4671835564076900482177734375" lon="118.1532367877662181854248046875">
        <ele>240.8000030517578125</ele>
        <time>2025-08-21T10:09:06.000Z</time>
        <extensions>
          <ns3:TrackPointExtension>
            <ns3:hr>107</ns3:hr>
            <ns3:cad>0</ns3:cad>
          </ns3:TrackPointExtension>
        </extensions>
      </trkpt>
      <trkpt lat="24.46720073930919170379638671875" lon="118.15323670394718647003173828125">
        <ele>241.1999969482421875</ele>
        <time>2025-08-21T10:09:09.000Z</time>
        <extensions>
          <ns3:TrackPointExtension>
            <ns3:hr>107</ns3:hr>
            <ns3:cad>0</ns3:cad>
          </ns3:TrackPointExtension>
        </extensions>
      </trkpt>
      <trkpt lat="24.467217586934566497802734375" lon="118.15322714857757091522216796875">
        <ele>241.8000030517578125</ele>
        <time>2025-08-21T10:09:13.000Z</time>
        <extensions>
          <ns3:TrackPointExtension>
            <ns3:hr>108</ns3:hr>
            <ns3:cad>0</ns3:cad>
          </ns3:TrackPointExtension>
        </extensions>
      </trkpt>
      <trkpt lat="24.46723577566444873809814453125" lon="118.15321574918925762176513671875">
        <ele>242.399993896484375</ele>
        <time>2025-08-21T10:09:16.000Z</time>
        <extensions>
          <ns3:TrackPointExtension>
            <ns3:hr>111</ns3:hr>
            <ns3:cad>0</ns3:cad>
          </ns3:TrackPointExtension>
        </extensions>
      </trkpt>
      <trkpt lat="24.467243067920207977294921875" lon="118.15321122296154499053955078125">
        <ele>242.399993896484375</ele>
        <time>2025-08-21T10:09:17.000Z</time>
        <extensions>
          <ns3:TrackPointExtension>
            <ns3:hr>113</ns3:hr>
            <ns3:cad>0</ns3:cad>
          </ns3:TrackPointExtension>
        </extensions>
      </trkpt>
      <trkpt lat="24.4672864861786365509033203125" lon="118.15317861735820770263671875">
        <ele>242.8000030517578125</ele>
        <time>2025-08-21T10:09:24.000Z</time>
        <extensions>
          <ns3:TrackPointExtension>
            <ns3:hr>114</ns3:hr>
            <ns3:cad>0</ns3:cad>
          </ns3:TrackPointExtension>
        </extensions>
      </trkpt>
      <trkpt lat="24.46729009039700031280517578125" lon="118.15317316912114620208740234375">
        <ele>243</ele>
        <time>2025-08-21T10:09:25.000Z</time>
        <extensions>
          <ns3:TrackPointExtension>
            <ns3:hr>114</ns3:hr>
            <ns3:cad>0</ns3:cad>
          </ns3:TrackPointExtension>
        </extensions>
      </trkpt>
      <trkpt lat="24.46729914285242557525634765625" lon="118.15313461236655712127685546875">
        <ele>244.1999969482421875</ele>
        <time>2025-08-21T10:09:31.000Z</time>
        <extensions>
          <ns3:TrackPointExtension>
            <ns3:hr>115</ns3:hr>
            <ns3:cad>0</ns3:cad>
          </ns3:TrackPointExtension>
        </extensions>
      </trkpt>
      <trkpt lat="24.46734775789082050323486328125" lon="118.1531144119799137115478515625">
        <ele>245.1999969482421875</ele>
        <time>2025-08-21T10:09:40.000Z</time>
        <extensions>
          <ns3:TrackPointExtension>
            <ns3:hr>115</ns3:hr>
            <ns3:cad>0</ns3:cad>
          </ns3:TrackPointExtension>
        </extensions>
      </trkpt>
      <trkpt lat="24.46736837737262248992919921875" lon="118.15311164595186710357666015625">
        <ele>246</ele>
        <time>2025-08-21T10:09:43.000Z</time>
        <extensions>
          <ns3:TrackPointExtension>
            <ns3:hr>111</ns3:hr>
            <ns3:cad>68</ns3:cad>
          </ns3:TrackPointExtension>
        </extensions>
      </trkpt>
      <trkpt lat="24.467375166714191436767578125" lon="118.1531087122857570648193359375">
        <ele>246.1999969482421875</ele>
        <time>2025-08-21T10:09:44.000Z</time>
        <extensions>
          <ns3:TrackPointExtension>
            <ns3:hr>110</ns3:hr>
            <ns3:cad>68</ns3:cad>
          </ns3:TrackPointExtension>
        </extensions>
      </trkpt>
      <trkpt lat="24.46740509010851383209228515625" lon="118.15309437923133373260498046875">
        <ele>246.8000030517578125</ele>
        <time>2025-08-21T10:09:48.000Z</time>
        <extensions>
          <ns3:TrackPointExtension>
            <ns3:hr>108</ns3:hr>
            <ns3:cad>61</ns3:cad>
          </ns3:TrackPointExtension>
        </extensions>
      </trkpt>
      <trkpt lat="24.46743073873221874237060546875" lon="118.15307627432048320770263671875">
        <ele>247.399993896484375</ele>
        <time>2025-08-21T10:09:51.000Z</time>
        <extensions>
          <ns3:TrackPointExtension>
            <ns3:hr>109</ns3:hr>
            <ns3:cad>50</ns3:cad>
          </ns3:TrackPointExtension>
        </extensions>
      </trkpt>
      <trkpt lat="24.46746611036360263824462890625" lon="118.153054900467395782470703125">
        <ele>247.399993896484375</ele>
        <time>2025-08-21T10:09:55.000Z</time>
        <extensions>
          <ns3:TrackPointExtension>
            <ns3:hr>110</ns3:hr>
            <ns3:cad>44</ns3:cad>
          </ns3:TrackPointExtension>
        </extensions>
      </trkpt>
      <trkpt lat="24.4674869813024997711181640625" lon="118.15303034149110317230224609375">
        <ele>248.8000030517578125</ele>
        <time>2025-08-21T10:10:00.000Z</time>
        <extensions>
          <ns3:TrackPointExtension>
            <ns3:hr>112</ns3:hr>
            <ns3:cad>42</ns3:cad>
          </ns3:TrackPointExtension>
        </extensions>
      </trkpt>
      <trkpt lat="24.46747876703739166259765625" lon="118.153013996779918670654296875">
        <ele>249.600006103515625</ele>
        <time>2025-08-21T10:10:03.000Z</time>
        <extensions>
          <ns3:TrackPointExtension>
            <ns3:hr>113</ns3:hr>
            <ns3:cad>45</ns3:cad>
          </ns3:TrackPointExtension>
        </extensions>
      </trkpt>
      <trkpt lat="24.4674740731716156005859375" lon="118.15301408059895038604736328125">
        <ele>249.8000030517578125</ele>
        <time>2025-08-21T10:10:04.000Z</time>
        <extensions>
          <ns3:TrackPointExtension>
            <ns3:hr>113</ns3:hr>
            <ns3:cad>45</ns3:cad>
          </ns3:TrackPointExtension>
        </extensions>
      </trkpt>
      <trkpt lat="24.46745730936527252197265625" lon="118.1529987417161464691162109375">
        <ele>250.399993896484375</ele>
        <time>2025-08-21T10:10:09.000Z</time>
        <extensions>
          <ns3:TrackPointExtension>
            <ns3:hr>114</ns3:hr>
            <ns3:cad>43</ns3:cad>
          </ns3:TrackPointExtension>
        </extensions>
      </trkpt>
      <trkpt lat="24.46745328605175018310546875" lon="118.15299396403133869171142578125">
        <ele>250.600006103515625</ele>
        <time>2025-08-21T10:10:11.000Z</time>
        <extensions>
          <ns3:TrackPointExtension>
            <ns3:hr>118</ns3:hr>
            <ns3:cad>64</ns3:cad>
          </ns3:TrackPointExtension>
        </extensions>
      </trkpt>
      <trkpt lat="24.4674521125853061676025390625" lon="118.15298826433718204498291015625">
        <ele>250.8000030517578125</ele>
        <time>2025-08-21T10:10:13.000Z</time>
        <extensions>
          <ns3:TrackPointExtension>
            <ns3:hr>118</ns3:hr>
            <ns3:cad>69</ns3:cad>
          </ns3:TrackPointExtension>
        </extensions>
      </trkpt>
      <trkpt lat="24.46745253168046474456787109375" lon="118.15295959822833538055419921875">
        <ele>251.8000030517578125</ele>
        <time>2025-08-21T10:10:17.000Z</time>
        <extensions>
          <ns3:TrackPointExtension>
            <ns3:hr>116</ns3:hr>
            <ns3:cad>62</ns3:cad>
          </ns3:TrackPointExtension>
        </extensions>
      </trkpt>
      <trkpt lat="24.46745202876627445220947265625" lon="118.15294702537357807159423828125">
        <ele>252.1999969482421875</ele>
        <time>2025-08-21T10:10:18.000Z</time>
        <extensions>
          <ns3:TrackPointExtension>
            <ns3:hr>116</ns3:hr>
            <ns3:cad>62</ns3:cad>
          </ns3:TrackPointExtension>
        </extensions>
      </trkpt>
      <trkpt lat="24.46745588444173336029052734375" lon="118.1529035232961177825927734375">
        <ele>252.600006103515625</ele>
        <time>2025-08-21T10:10:24.000Z</time>
        <extensions>
          <ns3:TrackPointExtension>
            <ns3:hr>120</ns3:hr>
            <ns3:cad>62</ns3:cad>
          </ns3:TrackPointExtension>
        </extensions>
      </trkpt>
      <trkpt lat="24.46746359579265117645263671875" lon="118.15288868732750415802001953125">
        <ele>253.1999969482421875</ele>
        <time>2025-08-21T10:10:26.000Z</time>
        <extensions>
          <ns3:TrackPointExtension>
            <ns3:hr>121</ns3:hr>
            <ns3:cad>0</ns3:cad>
          </ns3:TrackPointExtension>
        </extensions>
      </trkpt>
      <trkpt lat="24.46747968904674053192138671875" lon="118.15287393517792224884033203125">
        <ele>254.1999969482421875</ele>
        <time>2025-08-21T10:10:30.000Z</time>
        <extensions>
          <ns3:TrackPointExtension>
            <ns3:hr>122</ns3:hr>
            <ns3:cad>74</ns3:cad>
          </ns3:TrackPointExtension>
        </extensions>
      </trkpt>
      <trkpt lat="24.46748387999832630157470703125" lon="118.1528699956834316253662109375">
        <ele>254.1999969482421875</ele>
        <time>2025-08-21T10:10:31.000Z</time>
        <extensions>
          <ns3:TrackPointExtension>
            <ns3:hr>122</ns3:hr>
            <ns3:cad>74</ns3:cad>
          </ns3:TrackPointExtension>
        </extensions>
      </trkpt>
      <trkpt lat="24.46748974733054637908935546875" lon="118.15286605618894100189208984375">
        <ele>254.399993896484375</ele>
        <time>2025-08-21T10:10:32.000Z</time>
        <extensions>
          <ns3:TrackPointExtension>
            <ns3:hr>122</ns3:hr>
            <ns3:cad>74</ns3:cad>
          </ns3:TrackPointExtension>
        </extensions>
      </trkpt>
      <trkpt lat="24.4675319083034992218017578125" lon="118.15283386968076229095458984375">
        <ele>255</ele>
        <time>2025-08-21T10:10:40.000Z</time>
        <extensions>
          <ns3:TrackPointExtension>
            <ns3:hr>123</ns3:hr>
            <ns3:cad>0</ns3:cad>
          </ns3:TrackPointExtension>
        </extensions>
      </trkpt>
      <trkpt lat="24.4675392843782901763916015625" lon="118.15281358547508716583251953125">
        <ele>255.1999969482421875</ele>
        <time>2025-08-21T10:10:43.000Z</time>
        <extensions>
          <ns3:TrackPointExtension>
            <ns3:hr>126</ns3:hr>
            <ns3:cad>0</ns3:cad>
          </ns3:TrackPointExtension>
        </extensions>
      </trkpt>
      <trkpt lat="24.46754875592887401580810546875" lon="118.1527932174503803253173828125">
        <ele>255.399993896484375</ele>
        <time>2025-08-21T10:10:46.000Z</time>
        <extensions>
          <ns3:TrackPointExtension>
            <ns3:hr>127</ns3:hr>
            <ns3:cad>0</ns3:cad>
          </ns3:TrackPointExtension>
        </extensions>
      </trkpt>
      <trkpt lat="24.46755881421267986297607421875" lon="118.15278458409011363983154296875">
        <ele>255.399993896484375</ele>
        <time>2025-08-21T10:10:47.000Z</time>
        <extensions>
          <ns3:TrackPointExtension>
            <ns3:hr>127</ns3:hr>
            <ns3:cad>54</ns3:cad>
          </ns3:TrackPointExtension>
        </extensions>
      </trkpt>
      <trkpt lat="24.4675895757973194122314453125" lon="118.15274552442133426666259765625">
        <ele>255.600006103515625</ele>
        <time>2025-08-21T10:10:52.000Z</time>
        <extensions>
          <ns3:TrackPointExtension>
            <ns3:hr>124</ns3:hr>
            <ns3:cad>0</ns3:cad>
          </ns3:TrackPointExtension>
        </extensions>
      </trkpt>
      <trkpt lat="24.46759276092052459716796875" lon="118.15273630432784557342529296875">
        <ele>256</ele>
        <time>2025-08-21T10:10:54.000Z</time>
        <extensions>
          <ns3:TrackPointExtension>
            <ns3:hr>122</ns3:hr>
            <ns3:cad>48</ns3:cad>
          </ns3:TrackPointExtension>
        </extensions>
      </trkpt>
      <trkpt lat="24.467599801719188690185546875" lon="118.15272540785372257232666015625">
        <ele>256.399993896484375</ele>
        <time>2025-08-21T10:10:56.000Z</time>
        <extensions>
          <ns3:TrackPointExtension>
            <ns3:hr>120</ns3:hr>
            <ns3:cad>48</ns3:cad>
          </ns3:TrackPointExtension>
        </extensions>
      </trkpt>
      <trkpt lat="24.46761564351618289947509765625" lon="118.15271325409412384033203125">
        <ele>257.20001220703125</ele>
        <time>2025-08-21T10:10:59.000Z</time>
        <extensions>
          <ns3:TrackPointExtension>
            <ns3:hr>117</ns3:hr>
            <ns3:cad>0</ns3:cad>
          </ns3:TrackPointExtension>
        </extensions>
      </trkpt>
      <trkpt lat="24.46762335486710071563720703125" lon="118.15270562656223773956298828125">
        <ele>257.20001220703125</ele>
        <time>2025-08-21T10:11:01.000Z</time>
        <extensions>
          <ns3:TrackPointExtension>
            <ns3:hr>117</ns3:hr>
            <ns3:cad>0</ns3:cad>
          </ns3:TrackPointExtension>
        </extensions>
      </trkpt>
      <trkpt lat="24.4676670245826244354248046875" lon="118.152658939361572265625">
        <ele>257.20001220703125</ele>
        <time>2025-08-21T10:11:08.000Z</time>
        <extensions>
          <ns3:TrackPointExtension>
            <ns3:hr>117</ns3:hr>
            <ns3:cad>0</ns3:cad>
          </ns3:TrackPointExtension>
        </extensions>
      </trkpt>
      <trkpt lat="24.46769074536859989166259765625" lon="118.15264594741165637969970703125">
        <ele>257.399993896484375</ele>
        <time>2025-08-21T10:11:11.000Z</time>
        <extensions>
          <ns3:TrackPointExtension>
            <ns3:hr>118</ns3:hr>
            <ns3:cad>0</ns3:cad>
          </ns3:TrackPointExtension>
        </extensions>
      </trkpt>
      <trkpt lat="24.4677290506660938262939453125" lon="118.1526299379765987396240234375">
        <ele>258</ele>
        <time>2025-08-21T10:11:15.000Z</time>
        <extensions>
          <ns3:TrackPointExtension>
            <ns3:hr>119</ns3:hr>
            <ns3:cad>48</ns3:cad>
          </ns3:TrackPointExtension>
        </extensions>
      </trkpt>
      <trkpt lat="24.46775981225073337554931640625" lon="118.15261376090347766876220703125">
        <ele>258.600006103515625</ele>
        <time>2025-08-21T10:11:20.000Z</time>
        <extensions>
          <ns3:TrackPointExtension>
            <ns3:hr>119</ns3:hr>
            <ns3:cad>56</ns3:cad>
          </ns3:TrackPointExtension>
        </extensions>
      </trkpt>
      <trkpt lat="24.4677887298166751861572265625" lon="118.15260336734354496002197265625">
        <ele>258.79998779296875</ele>
        <time>2025-08-21T10:11:23.000Z</time>
        <extensions>
          <ns3:TrackPointExtension>
            <ns3:hr>119</ns3:hr>
            <ns3:cad>0</ns3:cad>
          </ns3:TrackPointExtension>
        </extensions>
      </trkpt>
      <trkpt lat="24.46784698404371738433837890625" lon="118.15258107148110866546630859375">
        <ele>259.20001220703125</ele>
        <time>2025-08-21T10:11:30.000Z</time>
        <extensions>
          <ns3:TrackPointExtension>
            <ns3:hr>119</ns3:hr>
            <ns3:cad>0</ns3:cad>
          </ns3:TrackPointExtension>
        </extensions>
      </trkpt>
      <trkpt lat="24.46786123327910900115966796875" lon="118.152575455605983734130859375">
        <ele>259.79998779296875</ele>
        <time>2025-08-21T10:11:32.000Z</time>
        <extensions>
          <ns3:TrackPointExtension>
            <ns3:hr>118</ns3:hr>
            <ns3:cad>0</ns3:cad>
          </ns3:TrackPointExtension>
        </extensions>
      </trkpt>
      <trkpt lat="24.46789794601500034332275390625" lon="118.15255810506641864776611328125">
        <ele>260</ele>
        <time>2025-08-21T10:11:37.000Z</time>
        <extensions>
          <ns3:TrackPointExtension>
            <ns3:hr>118</ns3:hr>
            <ns3:cad>0</ns3:cad>
          </ns3:TrackPointExtension>
        </extensions>
      </trkpt>
      <trkpt lat="24.46794756688177585601806640625" lon="118.15253312699496746063232421875">
        <ele>260.399993896484375</ele>
        <time>2025-08-21T10:11:45.000Z</time>
        <extensions>
          <ns3:TrackPointExtension>
            <ns3:hr>117</ns3:hr>
            <ns3:cad>0</ns3:cad>
          </ns3:TrackPointExtension>
        </extensions>
      </trkpt>
      <trkpt lat="24.4679791666567325592041015625" lon="118.1525196321308612823486328125">
        <ele>260</ele>
        <time>2025-08-21T10:11:49.000Z</time>
        <extensions>
          <ns3:TrackPointExtension>
            <ns3:hr>115</ns3:hr>
            <ns3:cad>58</ns3:cad>
          </ns3:TrackPointExtension>
        </extensions>
      </trkpt>
      <trkpt lat="24.46800724603235721588134765625" lon="118.152499683201313018798828125">
        <ele>259.20001220703125</ele>
        <time>2025-08-21T10:11:52.000Z</time>
        <extensions>
          <ns3:TrackPointExtension>
            <ns3:hr>113</ns3:hr>
            <ns3:cad>57</ns3:cad>
          </ns3:TrackPointExtension>
        </extensions>
      </trkpt>
      <trkpt lat="24.46801311336457729339599609375" lon="118.15249222330749034881591796875">
        <ele>259.20001220703125</ele>
        <time>2025-08-21T10:11:53.000Z</time>
        <extensions>
          <ns3:TrackPointExtension>
            <ns3:hr>113</ns3:hr>
            <ns3:cad>57</ns3:cad>
          </ns3:TrackPointExtension>
        </extensions>
      </trkpt>
      <trkpt lat="24.46806457825005054473876953125" lon="118.152453415095806121826171875">
        <ele>259.399993896484375</ele>
        <time>2025-08-21T10:11:59.000Z</time>
        <extensions>
          <ns3:TrackPointExtension>
            <ns3:hr>110</ns3:hr>
            <ns3:cad>0</ns3:cad>
          </ns3:TrackPointExtension>
        </extensions>
      </trkpt>
      <trkpt lat="24.46806860156357288360595703125" lon="118.152452073991298675537109375">
        <ele>259.600006103515625</ele>
        <time>2025-08-21T10:12:00.000Z</time>
        <extensions>
          <ns3:TrackPointExtension>
            <ns3:hr>104</ns3:hr>
            <ns3:cad>0</ns3:cad>
          </ns3:TrackPointExtension>
        </extensions>
      </trkpt>
      <trkpt lat="24.468073546886444091796875" lon="118.15244595520198345184326171875">
        <ele>259.600006103515625</ele>
        <time>2025-08-21T10:12:01.000Z</time>
        <extensions>
          <ns3:TrackPointExtension>
            <ns3:hr>99</ns3:hr>
            <ns3:cad>0</ns3:cad>
          </ns3:TrackPointExtension>
        </extensions>
      </trkpt>
      <trkpt lat="24.46808922104537487030029296875" lon="118.152438662946224212646484375">
        <ele>259.79998779296875</ele>
        <time>2025-08-21T10:12:03.000Z</time>
        <extensions>
          <ns3:TrackPointExtension>
            <ns3:hr>95</ns3:hr>
            <ns3:cad>51</ns3:cad>
          </ns3:TrackPointExtension>
        </extensions>
      </trkpt>
      <trkpt lat="24.46811176836490631103515625" lon="118.15242089331150054931640625">
        <ele>260</ele>
        <time>2025-08-21T10:12:06.000Z</time>
        <extensions>
          <ns3:TrackPointExtension>
            <ns3:hr>93</ns3:hr>
            <ns3:cad>0</ns3:cad>
          </ns3:TrackPointExtension>
        </extensions>
      </trkpt>
      <trkpt lat="24.4681783206760883331298828125" lon="118.1523845158517360687255859375">
        <ele>260.399993896484375</ele>
        <time>2025-08-21T10:12:13.000Z</time>
        <extensions>
          <ns3:TrackPointExtension>
            <ns3:hr>93</ns3:hr>
            <ns3:cad>0</ns3:cad>
          </ns3:TrackPointExtension>
        </extensions>
      </trkpt>
      <trkpt lat="24.46824185550212860107421875" lon="118.15233170986175537109375">
        <ele>260.20001220703125</ele>
        <time>2025-08-21T10:12:21.000Z</time>
        <extensions>
          <ns3:TrackPointExtension>
            <ns3:hr>91</ns3:hr>
            <ns3:cad>0</ns3:cad>
          </ns3:TrackPointExtension>
        </extensions>
      </trkpt>
      <trkpt lat="24.46829893626272678375244140625" lon="118.1522758863866329193115234375">
        <ele>259.399993896484375</ele>
        <time>2025-08-21T10:12:30.000Z</time>
        <extensions>
          <ns3:TrackPointExtension>
            <ns3:hr>90</ns3:hr>
            <ns3:cad>56</ns3:cad>
          </ns3:TrackPointExtension>
        </extensions>
      </trkpt>
      <trkpt lat="24.4683576934039592742919921875" lon="118.152280747890472412109375">
        <ele>258.79998779296875</ele>
        <time>2025-08-21T10:12:36.000Z</time>
        <extensions>
          <ns3:TrackPointExtension>
            <ns3:hr>90</ns3:hr>
            <ns3:cad>0</ns3:cad>
          </ns3:TrackPointExtension>
        </extensions>
      </trkpt>
      <trkpt lat="24.4683707691729068756103515625" lon="118.1522815860807895660400390625">
        <ele>258.600006103515625</ele>
        <time>2025-08-21T10:12:37.000Z</time>
        <extensions>
          <ns3:TrackPointExtension>
            <ns3:hr>90</ns3:hr>
            <ns3:cad>0</ns3:cad>
          </ns3:TrackPointExtension>
        </extensions>
      </trkpt>
      <trkpt lat="24.4684190489351749420166015625" lon="118.15224629826843738555908203125">
        <ele>258.79998779296875</ele>
        <time>2025-08-21T10:12:46.000Z</time>
        <extensions>
          <ns3:TrackPointExtension>
            <ns3:hr>88</ns3:hr>
            <ns3:cad>59</ns3:cad>
          </ns3:TrackPointExtension>
        </extensions>
      </trkpt>
      <trkpt lat="24.468438662588596343994140625" lon="118.15222148783504962921142578125">
        <ele>259.399993896484375</ele>
        <time>2025-08-21T10:12:51.000Z</time>
        <extensions>
          <ns3:TrackPointExtension>
            <ns3:hr>88</ns3:hr>
            <ns3:cad>55</ns3:cad>
          </ns3:TrackPointExtension>
        </extensions>
      </trkpt>
      <trkpt lat="24.46843363344669342041015625" lon="118.15221930854022502899169921875">
        <ele>259.79998779296875</ele>
        <time>2025-08-21T10:12:52.000Z</time>
        <extensions>
          <ns3:TrackPointExtension>
            <ns3:hr>88</ns3:hr>
            <ns3:cad>0</ns3:cad>
          </ns3:TrackPointExtension>
        </extensions>
      </trkpt>
      <trkpt lat="24.468425922095775604248046875" lon="118.15220388583838939666748046875">
        <ele>260.20001220703125</ele>
        <time>2025-08-21T10:12:54.000Z</time>
        <extensions>
          <ns3:TrackPointExtension>
            <ns3:hr>88</ns3:hr>
            <ns3:cad>44</ns3:cad>
          </ns3:TrackPointExtension>
        </extensions>
      </trkpt>
      <trkpt lat="24.46843204088509082794189453125" lon="118.15218477509915828704833984375">
        <ele>260.20001220703125</ele>
        <time>2025-08-21T10:12:56.000Z</time>
        <extensions>
          <ns3:TrackPointExtension>
            <ns3:hr>88</ns3:hr>
            <ns3:cad>68</ns3:cad>
          </ns3:TrackPointExtension>
        </extensions>
      </trkpt>
      <trkpt lat="24.4684509001672267913818359375" lon="118.15214035101234912872314453125">
        <ele>259.79998779296875</ele>
        <time>2025-08-21T10:13:00.000Z</time>
        <extensions>
          <ns3:TrackPointExtension>
            <ns3:hr>89</ns3:hr>
            <ns3:cad>41</ns3:cad>
          </ns3:TrackPointExtension>
        </extensions>
      </trkpt>
      <trkpt lat="24.46847529150545597076416015625" lon="118.152111433446407318115234375">
        <ele>259.79998779296875</ele>
        <time>2025-08-21T10:13:04.000Z</time>
        <extensions>
          <ns3:TrackPointExtension>
            <ns3:hr>92</ns3:hr>
            <ns3:cad>0</ns3:cad>
          </ns3:TrackPointExtension>
        </extensions>
      </trkpt>
      <trkpt lat="24.46850144304335117340087890625" lon="118.152105398476123809814453125">
        <ele>259.79998779296875</ele>
        <time>2025-08-21T10:13:06.000Z</time>
        <extensions>
          <ns3:TrackPointExtension>
            <ns3:hr>95</ns3:hr>
            <ns3:cad>0</ns3:cad>
          </ns3:TrackPointExtension>
        </extensions>
      </trkpt>
      <trkpt lat="24.46851351298391819000244140625" lon="118.15210849978029727935791015625">
        <ele>260</ele>
        <time>2025-08-21T10:13:07.000Z</time>
        <extensions>
          <ns3:TrackPointExtension>
            <ns3:hr>95</ns3:hr>
            <ns3:cad>0</ns3:cad>
          </ns3:TrackPointExtension>
        </extensions>
      </trkpt>
      <trkpt lat="24.46856397204101085662841796875" lon="118.15212157554924488067626953125">
        <ele>260</ele>
        <time>2025-08-21T10:13:14.000Z</time>
        <extensions>
          <ns3:TrackPointExtension>
            <ns3:hr>95</ns3:hr>
            <ns3:cad>0</ns3:cad>
          </ns3:TrackPointExtension>
        </extensions>
      </trkpt>
      <trkpt lat="24.4685816578567028045654296875" lon="118.15210447646677494049072265625">
        <ele>260</ele>
        <time>2025-08-21T10:13:17.000Z</time>
        <extensions>
          <ns3:TrackPointExtension>
            <ns3:hr>94</ns3:hr>
            <ns3:cad>62</ns3:cad>
          </ns3:TrackPointExtension>
        </extensions>
      </trkpt>
      <trkpt lat="24.4685803167521953582763671875" lon="118.1521008722484111785888671875">
        <ele>260.600006103515625</ele>
        <time>2025-08-21T10:13:19.000Z</time>
        <extensions>
          <ns3:TrackPointExtension>
            <ns3:hr>94</ns3:hr>
            <ns3:cad>0</ns3:cad>
          </ns3:TrackPointExtension>
        </extensions>
      </trkpt>
      <trkpt lat="24.46846238337457180023193359375" lon="118.1521292030811309814453125">
        <ele>258.399993896484375</ele>
        <time>2025-08-21T10:22:39.000Z</time>
        <extensions>
          <ns3:TrackPointExtension>
            <ns3:hr>70</ns3:hr>
            <ns3:cad>0</ns3:cad>
          </ns3:TrackPointExtension>
        </extensions>
      </trkpt>
      <trkpt lat="24.4684582762420177459716796875" lon="118.15212392248213291168212890625">
        <ele>258.399993896484375</ele>
        <time>2025-08-21T10:22:40.000Z</time>
        <extensions>
          <ns3:TrackPointExtension>
            <ns3:hr>70</ns3:hr>
            <ns3:cad>52</ns3:cad>
          </ns3:TrackPointExtension>
        </extensions>
      </trkpt>
      <trkpt lat="24.46844863705337047576904296875" lon="118.1521035544574260711669921875">
        <ele>258.20001220703125</ele>
        <time>2025-08-21T10:22:43.000Z</time>
        <extensions>
          <ns3:TrackPointExtension>
            <ns3:hr>70</ns3:hr>
            <ns3:cad>0</ns3:cad>
          </ns3:TrackPointExtension>
        </extensions>
      </trkpt>
      <trkpt lat="24.468433298170566558837890625" lon="118.152080588042736053466796875">
        <ele>258</ele>
        <time>2025-08-21T10:22:46.000Z</time>
        <extensions>
          <ns3:TrackPointExtension>
            <ns3:hr>74</ns3:hr>
            <ns3:cad>0</ns3:cad>
          </ns3:TrackPointExtension>
        </extensions>
      </trkpt>
      <trkpt lat="24.4684284366667270660400390625" lon="118.1520592980086803436279296875">
        <ele>258</ele>
        <time>2025-08-21T10:22:49.000Z</time>
        <extensions>
          <ns3:TrackPointExtension>
            <ns3:hr>76</ns3:hr>
            <ns3:cad>57</ns3:cad>
          </ns3:TrackPointExtension>
        </extensions>
      </trkpt>
      <trkpt lat="24.46843975223600864410400390625" lon="118.15203725360333919525146484375">
        <ele>257.399993896484375</ele>
        <time>2025-08-21T10:22:53.000Z</time>
        <extensions>
          <ns3:TrackPointExtension>
            <ns3:hr>78</ns3:hr>
            <ns3:cad>57</ns3:cad>
          </ns3:TrackPointExtension>
        </extensions>
      </trkpt>
      <trkpt lat="24.46844478137791156768798828125" lon="118.1520304642617702484130859375">
        <ele>256.79998779296875</ele>
        <time>2025-08-21T10:22:55.000Z</time>
        <extensions>
          <ns3:TrackPointExtension>
            <ns3:hr>81</ns3:hr>
            <ns3:cad>0</ns3:cad>
          </ns3:TrackPointExtension>
        </extensions>
      </trkpt>
      <trkpt lat="24.4684760458767414093017578125" lon="118.15197941847145557403564453125">
        <ele>256.20001220703125</ele>
        <time>2025-08-21T10:22:59.000Z</time>
        <extensions>
          <ns3:TrackPointExtension>
            <ns3:hr>82</ns3:hr>
            <ns3:cad>62</ns3:cad>
          </ns3:TrackPointExtension>
        </extensions>
      </trkpt>
      <trkpt lat="24.46848032064735889434814453125" lon="118.1519727967679500579833984375">
        <ele>255.8000030517578125</ele>
        <time>2025-08-21T10:23:00.000Z</time>
        <extensions>
          <ns3:TrackPointExtension>
            <ns3:hr>83</ns3:hr>
            <ns3:cad>0</ns3:cad>
          </ns3:TrackPointExtension>
        </extensions>
      </trkpt>
      <trkpt lat="24.46848903782665729522705078125" lon="118.15197237767279148101806640625">
        <ele>255.1999969482421875</ele>
        <time>2025-08-21T10:23:02.000Z</time>
        <extensions>
          <ns3:TrackPointExtension>
            <ns3:hr>83</ns3:hr>
            <ns3:cad>0</ns3:cad>
          </ns3:TrackPointExtension>
        </extensions>
      </trkpt>
      <trkpt lat="24.46850781328976154327392578125" lon="118.151977993547916412353515625">
        <ele>254.399993896484375</ele>
        <time>2025-08-21T10:23:06.000Z</time>
        <extensions>
          <ns3:TrackPointExtension>
            <ns3:hr>82</ns3:hr>
            <ns3:cad>0</ns3:cad>
          </ns3:TrackPointExtension>
        </extensions>
      </trkpt>
      <trkpt lat="24.46850898675620555877685546875" lon="118.15197589807212352752685546875">
        <ele>254</ele>
        <time>2025-08-21T10:23:07.000Z</time>
        <extensions>
          <ns3:TrackPointExtension>
            <ns3:hr>83</ns3:hr>
            <ns3:cad>51</ns3:cad>
          </ns3:TrackPointExtension>
        </extensions>
      </trkpt>
      <trkpt lat="24.468529857695102691650390625" lon="118.15196625888347625732421875">
        <ele>252.8000030517578125</ele>
        <time>2025-08-21T10:23:11.000Z</time>
        <extensions>
          <ns3:TrackPointExtension>
            <ns3:hr>82</ns3:hr>
            <ns3:cad>54</ns3:cad>
          </ns3:TrackPointExtension>
        </extensions>
      </trkpt>
      <trkpt lat="24.46854335255920886993408203125" lon="118.1519717909395694732666015625">
        <ele>252.399993896484375</ele>
        <time>2025-08-21T10:23:14.000Z</time>
        <extensions>
          <ns3:TrackPointExtension>
            <ns3:hr>79</ns3:hr>
            <ns3:cad>56</ns3:cad>
          </ns3:TrackPointExtension>
        </extensions>
      </trkpt>
      <trkpt lat="24.46854972280561923980712890625" lon="118.1519761495292186737060546875">
        <ele>252</ele>
        <time>2025-08-21T10:23:16.000Z</time>
        <extensions>
          <ns3:TrackPointExtension>
            <ns3:hr>76</ns3:hr>
            <ns3:cad>54</ns3:cad>
          </ns3:TrackPointExtension>
        </extensions>
      </trkpt>
      <trkpt lat="24.46855274029076099395751953125" lon="118.15198092721402645111083984375">
        <ele>251.8000030517578125</ele>
        <time>2025-08-21T10:23:17.000Z</time>
        <extensions>
          <ns3:TrackPointExtension>
            <ns3:hr>76</ns3:hr>
            <ns3:cad>54</ns3:cad>
          </ns3:TrackPointExtension>
        </extensions>
      </trkpt>
      <trkpt lat="24.4685679115355014801025390625" lon="118.151980005204677581787109375">
        <ele>250.8000030517578125</ele>
        <time>2025-08-21T10:23:21.000Z</time>
        <extensions>
          <ns3:TrackPointExtension>
            <ns3:hr>75</ns3:hr>
            <ns3:cad>57</ns3:cad>
          </ns3:TrackPointExtension>
        </extensions>
      </trkpt>
      <trkpt lat="24.4685719348490238189697265625" lon="118.15197187475860118865966796875">
        <ele>250</ele>
        <time>2025-08-21T10:23:24.000Z</time>
        <extensions>
          <ns3:TrackPointExtension>
            <ns3:hr>74</ns3:hr>
            <ns3:cad>60</ns3:cad>
          </ns3:TrackPointExtension>
        </extensions>
      </trkpt>
      <trkpt lat="24.46857218630611896514892578125" lon="118.15196684561669826507568359375">
        <ele>249.600006103515625</ele>
        <time>2025-08-21T10:23:26.000Z</time>
        <extensions>
          <ns3:TrackPointExtension>
            <ns3:hr>73</ns3:hr>
            <ns3:cad>60</ns3:cad>
          </ns3:TrackPointExtension>
        </extensions>
      </trkpt>
      <trkpt lat="24.46855190210044384002685546875" lon="118.15194790251553058624267578125">
        <ele>249</ele>
        <time>2025-08-21T10:23:31.000Z</time>
        <extensions>
          <ns3:TrackPointExtension>
            <ns3:hr>72</ns3:hr>
            <ns3:cad>0</ns3:cad>
          </ns3:TrackPointExtension>
        </extensions>
      </trkpt>
      <trkpt lat="24.46855274029076099395751953125" lon="118.151945136487483978271484375">
        <ele>248.600006103515625</ele>
        <time>2025-08-21T10:23:33.000Z</time>
        <extensions>
          <ns3:TrackPointExtension>
            <ns3:hr>73</ns3:hr>
            <ns3:cad>0</ns3:cad>
          </ns3:TrackPointExtension>
        </extensions>
      </trkpt>
      <trkpt lat="24.46855969727039337158203125" lon="118.15191529691219329833984375">
        <ele>247.600006103515625</ele>
        <time>2025-08-21T10:23:36.000Z</time>
        <extensions>
          <ns3:TrackPointExtension>
            <ns3:hr>75</ns3:hr>
            <ns3:cad>0</ns3:cad>
          </ns3:TrackPointExtension>
        </extensions>
      </trkpt>
      <trkpt lat="24.4685642234981060028076171875" lon="118.151909597218036651611328125">
        <ele>247.1999969482421875</ele>
        <time>2025-08-21T10:23:37.000Z</time>
        <extensions>
          <ns3:TrackPointExtension>
            <ns3:hr>76</ns3:hr>
            <ns3:cad>0</ns3:cad>
          </ns3:TrackPointExtension>
        </extensions>
      </trkpt>
      <trkpt lat="24.46857436560094356536865234375" lon="118.15189526416361331939697265625">
        <ele>246.1999969482421875</ele>
        <time>2025-08-21T10:23:39.000Z</time>
        <extensions>
          <ns3:TrackPointExtension>
            <ns3:hr>74</ns3:hr>
            <ns3:cad>68</ns3:cad>
          </ns3:TrackPointExtension>
        </extensions>
      </trkpt>
      <trkpt lat="24.4685793109238147735595703125" lon="118.1518782489001750946044921875">
        <ele>245.600006103515625</ele>
        <time>2025-08-21T10:23:41.000Z</time>
        <extensions>
          <ns3:TrackPointExtension>
            <ns3:hr>71</ns3:hr>
            <ns3:cad>68</ns3:cad>
          </ns3:TrackPointExtension>
        </extensions>
      </trkpt>
      <trkpt lat="24.468584842979907989501953125" lon="118.15186894498765468597412109375">
        <ele>245.1999969482421875</ele>
        <time>2025-08-21T10:23:43.000Z</time>
        <extensions>
          <ns3:TrackPointExtension>
            <ns3:hr>68</ns3:hr>
            <ns3:cad>0</ns3:cad>
          </ns3:TrackPointExtension>
        </extensions>
      </trkpt>
      <trkpt lat="24.46860051713883876800537109375" lon="118.15185469575226306915283203125">
        <ele>244.8000030517578125</ele>
        <time>2025-08-21T10:23:44.000Z</time>
        <extensions>
          <ns3:TrackPointExtension>
            <ns3:hr>68</ns3:hr>
            <ns3:cad>0</ns3:cad>
          </ns3:TrackPointExtension>
        </extensions>
      </trkpt>
      <trkpt lat="24.46862633340060710906982421875" lon="118.1518296338617801666259765625">
        <ele>244</ele>
        <time>2025-08-21T10:23:47.000Z</time>
        <extensions>
          <ns3:TrackPointExtension>
            <ns3:hr>68</ns3:hr>
            <ns3:cad>0</ns3:cad>
          </ns3:TrackPointExtension>
        </extensions>
      </trkpt>
      <trkpt lat="24.468651898205280303955078125" lon="118.15177858807146549224853515625">
        <ele>242.600006103515625</ele>
        <time>2025-08-21T10:23:52.000Z</time>
        <extensions>
          <ns3:TrackPointExtension>
            <ns3:hr>68</ns3:hr>
            <ns3:cad>59</ns3:cad>
          </ns3:TrackPointExtension>
        </extensions>
      </trkpt>
      <trkpt lat="24.46865617297589778900146484375" lon="118.1517112813889980316162109375">
        <ele>242.1999969482421875</ele>
        <time>2025-08-21T10:24:01.000Z</time>
        <extensions>
          <ns3:TrackPointExtension>
            <ns3:hr>69</ns3:hr>
            <ns3:cad>0</ns3:cad>
          </ns3:TrackPointExtension>
        </extensions>
      </trkpt>
      <trkpt lat="24.46865432895720005035400390625" lon="118.15170600078999996185302734375">
        <ele>241.8000030517578125</ele>
        <time>2025-08-21T10:24:09.000Z</time>
        <extensions>
          <ns3:TrackPointExtension>
            <ns3:hr>72</ns3:hr>
            <ns3:cad>0</ns3:cad>
          </ns3:TrackPointExtension>
        </extensions>
      </trkpt>
      <trkpt lat="24.46865701116621494293212890625" lon="118.15170097164809703826904296875">
        <ele>242</ele>
        <time>2025-08-21T10:24:10.000Z</time>
        <extensions>
          <ns3:TrackPointExtension>
            <ns3:hr>72</ns3:hr>
            <ns3:cad>0</ns3:cad>
          </ns3:TrackPointExtension>
        </extensions>
      </trkpt>
      <trkpt lat="24.46866564452648162841796875" lon="118.1516935117542743682861328125">
        <ele>241.600006103515625</ele>
        <time>2025-08-21T10:24:13.000Z</time>
        <extensions>
          <ns3:TrackPointExtension>
            <ns3:hr>73</ns3:hr>
            <ns3:cad>0</ns3:cad>
          </ns3:TrackPointExtension>
        </extensions>
      </trkpt>
      <trkpt lat="24.46868752129375934600830078125" lon="118.15168152563273906707763671875">
        <ele>240.600006103515625</ele>
        <time>2025-08-21T10:24:16.000Z</time>
        <extensions>
          <ns3:TrackPointExtension>
            <ns3:hr>74</ns3:hr>
            <ns3:cad>68</ns3:cad>
          </ns3:TrackPointExtension>
        </extensions>
      </trkpt>
      <trkpt lat="24.4687026925384998321533203125" lon="118.15166979096829891204833984375">
        <ele>240</ele>
        <time>2025-08-21T10:24:18.000Z</time>
        <extensions>
          <ns3:TrackPointExtension>
            <ns3:hr>74</ns3:hr>
            <ns3:cad>70</ns3:cad>
          </ns3:TrackPointExtension>
        </extensions>
      </trkpt>
      <trkpt lat="24.4687211327254772186279296875" lon="118.15165788866579532623291015625">
        <ele>239.1999969482421875</ele>
        <time>2025-08-21T10:24:20.000Z</time>
        <extensions>
          <ns3:TrackPointExtension>
            <ns3:hr>75</ns3:hr>
            <ns3:cad>60</ns3:cad>
          </ns3:TrackPointExtension>
        </extensions>
      </trkpt>
      <trkpt lat="24.4687409140169620513916015625" lon="118.15164783038198947906494140625">
        <ele>238.600006103515625</ele>
        <time>2025-08-21T10:24:25.000Z</time>
        <extensions>
          <ns3:TrackPointExtension>
            <ns3:hr>76</ns3:hr>
            <ns3:cad>60</ns3:cad>
          </ns3:TrackPointExtension>
        </extensions>
      </trkpt>
      <trkpt lat="24.46874611079692840576171875" lon="118.15164707601070404052734375">
        <ele>238</ele>
        <time>2025-08-21T10:24:27.000Z</time>
        <extensions>
          <ns3:TrackPointExtension>
            <ns3:hr>80</ns3:hr>
            <ns3:cad>47</ns3:cad>
          </ns3:TrackPointExtension>
        </extensions>
      </trkpt>
      <trkpt lat="24.4687637127935886383056640625" lon="118.1516375206410884857177734375">
        <ele>237</ele>
        <time>2025-08-21T10:24:30.000Z</time>
        <extensions>
          <ns3:TrackPointExtension>
            <ns3:hr>80</ns3:hr>
            <ns3:cad>49</ns3:cad>
          </ns3:TrackPointExtension>
        </extensions>
      </trkpt>
      <trkpt lat="24.468770585954189300537109375" lon="118.15163391642272472381591796875">
        <ele>236.8000030517578125</ele>
        <time>2025-08-21T10:24:32.000Z</time>
        <extensions>
          <ns3:TrackPointExtension>
            <ns3:hr>79</ns3:hr>
            <ns3:cad>0</ns3:cad>
          </ns3:TrackPointExtension>
        </extensions>
      </trkpt>
      <trkpt lat="24.46879229508340358734130859375" lon="118.15161262638866901397705078125">
        <ele>235.8000030517578125</ele>
        <time>2025-08-21T10:24:38.000Z</time>
        <extensions>
          <ns3:TrackPointExtension>
            <ns3:hr>77</ns3:hr>
            <ns3:cad>0</ns3:cad>
          </ns3:TrackPointExtension>
        </extensions>
      </trkpt>
      <trkpt lat="24.46881090290844440460205078125" lon="118.15159611403942108154296875">
        <ele>234.399993896484375</ele>
        <time>2025-08-21T10:24:44.000Z</time>
        <extensions>
          <ns3:TrackPointExtension>
            <ns3:hr>78</ns3:hr>
            <ns3:cad>0</ns3:cad>
          </ns3:TrackPointExtension>
        </extensions>
      </trkpt>
      <trkpt lat="24.46880872361361980438232421875" lon="118.151592426002025604248046875">
        <ele>234</ele>
        <time>2025-08-21T10:24:46.000Z</time>
        <extensions>
          <ns3:TrackPointExtension>
            <ns3:hr>78</ns3:hr>
            <ns3:cad>17</ns3:cad>
          </ns3:TrackPointExtension>
        </extensions>
      </trkpt>
      <trkpt lat="24.46881257928907871246337890625" lon="118.151583038270473480224609375">
        <ele>233.1999969482421875</ele>
        <time>2025-08-21T10:24:49.000Z</time>
        <extensions>
          <ns3:TrackPointExtension>
            <ns3:hr>78</ns3:hr>
            <ns3:cad>17</ns3:cad>
          </ns3:TrackPointExtension>
        </extensions>
      </trkpt>
      <trkpt lat="24.4688052870333194732666015625" lon="118.15154607407748699188232421875">
        <ele>232.600006103515625</ele>
        <time>2025-08-21T10:24:57.000Z</time>
        <extensions>
          <ns3:TrackPointExtension>
            <ns3:hr>78</ns3:hr>
            <ns3:cad>0</ns3:cad>
          </ns3:TrackPointExtension>
        </extensions>
      </trkpt>
      <trkpt lat="24.46881207637488842010498046875" lon="118.151529394090175628662109375">
        <ele>232.1999969482421875</ele>
        <time>2025-08-21T10:25:00.000Z</time>
        <extensions>
          <ns3:TrackPointExtension>
            <ns3:hr>78</ns3:hr>
            <ns3:cad>0</ns3:cad>
          </ns3:TrackPointExtension>
        </extensions>
      </trkpt>
      <trkpt lat="24.4688264094293117523193359375" lon="118.151509277522563934326171875">
        <ele>231.399993896484375</ele>
        <time>2025-08-21T10:25:04.000Z</time>
        <extensions>
          <ns3:TrackPointExtension>
            <ns3:hr>78</ns3:hr>
            <ns3:cad>18</ns3:cad>
          </ns3:TrackPointExtension>
        </extensions>
      </trkpt>
      <trkpt lat="24.46883219294250011444091796875" lon="118.15148974768817424774169921875">
        <ele>231.1999969482421875</ele>
        <time>2025-08-21T10:25:07.000Z</time>
        <extensions>
          <ns3:TrackPointExtension>
            <ns3:hr>76</ns3:hr>
            <ns3:cad>56</ns3:cad>
          </ns3:TrackPointExtension>
        </extensions>
      </trkpt>
      <trkpt lat="24.4688554108142852783203125" lon="118.15147432498633861541748046875">
        <ele>230</ele>
        <time>2025-08-21T10:25:11.000Z</time>
        <extensions>
          <ns3:TrackPointExtension>
            <ns3:hr>74</ns3:hr>
            <ns3:cad>56</ns3:cad>
          </ns3:TrackPointExtension>
        </extensions>
      </trkpt>
      <trkpt lat="24.4688743539154529571533203125" lon="118.15147751010954380035400390625">
        <ele>229.1999969482421875</ele>
        <time>2025-08-21T10:25:13.000Z</time>
        <extensions>
          <ns3:TrackPointExtension>
            <ns3:hr>73</ns3:hr>
            <ns3:cad>56</ns3:cad>
          </ns3:TrackPointExtension>
        </extensions>
      </trkpt>
      <trkpt lat="24.46887980215251445770263671875" lon="118.15148354507982730865478515625">
        <ele>229</ele>
        <time>2025-08-21T10:25:14.000Z</time>
        <extensions>
          <ns3:TrackPointExtension>
            <ns3:hr>73</ns3:hr>
            <ns3:cad>56</ns3:cad>
          </ns3:TrackPointExtension>
        </extensions>
      </trkpt>
      <trkpt lat="24.468906708061695098876953125" lon="118.1514856405556201934814453125">
        <ele>227.600006103515625</ele>
        <time>2025-08-21T10:25:20.000Z</time>
        <extensions>
          <ns3:TrackPointExtension>
            <ns3:hr>73</ns3:hr>
            <ns3:cad>55</ns3:cad>
          </ns3:TrackPointExtension>
        </extensions>
      </trkpt>
      <trkpt lat="24.4689115695655345916748046875" lon="118.1514849700033664703369140625">
        <ele>227.399993896484375</ele>
        <time>2025-08-21T10:25:21.000Z</time>
        <extensions>
          <ns3:TrackPointExtension>
            <ns3:hr>73</ns3:hr>
            <ns3:cad>55</ns3:cad>
          </ns3:TrackPointExtension>
        </extensions>
      </trkpt>
      <trkpt lat="24.4689303450286388397216796875" lon="118.15148136578500270843505859375">
        <ele>226.8000030517578125</ele>
        <time>2025-08-21T10:25:24.000Z</time>
        <extensions>
          <ns3:TrackPointExtension>
            <ns3:hr>77</ns3:hr>
            <ns3:cad>55</ns3:cad>
          </ns3:TrackPointExtension>
        </extensions>
      </trkpt>
      <trkpt lat="24.468938224017620086669921875" lon="118.15148287452757358551025390625">
        <ele>226.600006103515625</ele>
        <time>2025-08-21T10:25:25.000Z</time>
        <extensions>
          <ns3:TrackPointExtension>
            <ns3:hr>78</ns3:hr>
            <ns3:cad>55</ns3:cad>
          </ns3:TrackPointExtension>
        </extensions>
      </trkpt>
      <trkpt lat="24.4689585082232952117919921875" lon="118.15148069523274898529052734375">
        <ele>225.600006103515625</ele>
        <time>2025-08-21T10:25:28.000Z</time>
        <extensions>
          <ns3:TrackPointExtension>
            <ns3:hr>79</ns3:hr>
            <ns3:cad>49</ns3:cad>
          </ns3:TrackPointExtension>
        </extensions>
      </trkpt>
      <trkpt lat="24.46897007524967193603515625" lon="118.1514789350330829620361328125">
        <ele>225</ele>
        <time>2025-08-21T10:25:30.000Z</time>
        <extensions>
          <ns3:TrackPointExtension>
            <ns3:hr>80</ns3:hr>
            <ns3:cad>45</ns3:cad>
          </ns3:TrackPointExtension>
        </extensions>
      </trkpt>
      <trkpt lat="24.4689893536269664764404296875" lon="118.15147449262440204620361328125">
        <ele>224.399993896484375</ele>
        <time>2025-08-21T10:25:33.000Z</time>
        <extensions>
          <ns3:TrackPointExtension>
            <ns3:hr>80</ns3:hr>
            <ns3:cad>0</ns3:cad>
          </ns3:TrackPointExtension>
        </extensions>
      </trkpt>
      <trkpt lat="24.469015337526798248291015625" lon="118.15145923756062984466552734375">
        <ele>223.1999969482421875</ele>
        <time>2025-08-21T10:25:38.000Z</time>
        <extensions>
          <ns3:TrackPointExtension>
            <ns3:hr>81</ns3:hr>
            <ns3:cad>0</ns3:cad>
          </ns3:TrackPointExtension>
        </extensions>
      </trkpt>
      <trkpt lat="24.469033442437648773193359375" lon="118.15146493725478649139404296875">
        <ele>222.1999969482421875</ele>
        <time>2025-08-21T10:25:42.000Z</time>
        <extensions>
          <ns3:TrackPointExtension>
            <ns3:hr>80</ns3:hr>
            <ns3:cad>0</ns3:cad>
          </ns3:TrackPointExtension>
        </extensions>
      </trkpt>
      <trkpt lat="24.46905883960425853729248046875" lon="118.15147030167281627655029296875">
        <ele>221.600006103515625</ele>
        <time>2025-08-21T10:25:46.000Z</time>
        <extensions>
          <ns3:TrackPointExtension>
            <ns3:hr>79</ns3:hr>
            <ns3:cad>56</ns3:cad>
          </ns3:TrackPointExtension>
        </extensions>
      </trkpt>
      <trkpt lat="24.469076357781887054443359375" lon="118.15146745182573795318603515625">
        <ele>221.1999969482421875</ele>
        <time>2025-08-21T10:25:49.000Z</time>
        <extensions>
          <ns3:TrackPointExtension>
            <ns3:hr>78</ns3:hr>
            <ns3:cad>56</ns3:cad>
          </ns3:TrackPointExtension>
        </extensions>
      </trkpt>
      <trkpt lat="24.46910192258656024932861328125" lon="118.15145261585712432861328125">
        <ele>220.600006103515625</ele>
        <time>2025-08-21T10:25:55.000Z</time>
        <extensions>
          <ns3:TrackPointExtension>
            <ns3:hr>77</ns3:hr>
            <ns3:cad>53</ns3:cad>
          </ns3:TrackPointExtension>
        </extensions>
      </trkpt>
      <trkpt lat="24.4691154174506664276123046875" lon="118.15144599415361881256103515625">
        <ele>219.8000030517578125</ele>
        <time>2025-08-21T10:25:58.000Z</time>
        <extensions>
          <ns3:TrackPointExtension>
            <ns3:hr>76</ns3:hr>
            <ns3:cad>51</ns3:cad>
          </ns3:TrackPointExtension>
        </extensions>
      </trkpt>
      <trkpt lat="24.46912991814315319061279296875" lon="118.1514356844127178192138671875">
        <ele>218.8000030517578125</ele>
        <time>2025-08-21T10:26:02.000Z</time>
        <extensions>
          <ns3:TrackPointExtension>
            <ns3:hr>73</ns3:hr>
            <ns3:cad>0</ns3:cad>
          </ns3:TrackPointExtension>
        </extensions>
      </trkpt>
      <trkpt lat="24.46913997642695903778076171875" lon="118.15143115818500518798828125">
        <ele>217.600006103515625</ele>
        <time>2025-08-21T10:26:05.000Z</time>
        <extensions>
          <ns3:TrackPointExtension>
            <ns3:hr>73</ns3:hr>
            <ns3:cad>58</ns3:cad>
          </ns3:TrackPointExtension>
        </extensions>
      </trkpt>
      <trkpt lat="24.469150118529796600341796875" lon="118.1514195911586284637451171875">
        <ele>216.600006103515625</ele>
        <time>2025-08-21T10:26:09.000Z</time>
        <extensions>
          <ns3:TrackPointExtension>
            <ns3:hr>71</ns3:hr>
            <ns3:cad>52</ns3:cad>
          </ns3:TrackPointExtension>
        </extensions>
      </trkpt>
      <trkpt lat="24.4691680558025836944580078125" lon="118.15141900442540645599365234375">
        <ele>216</ele>
        <time>2025-08-21T10:26:12.000Z</time>
        <extensions>
          <ns3:TrackPointExtension>
            <ns3:hr>71</ns3:hr>
            <ns3:cad>50</ns3:cad>
          </ns3:TrackPointExtension>
        </extensions>
      </trkpt>
      <trkpt lat="24.4691799581050872802734375" lon="118.1514212675392627716064453125">
        <ele>215.399993896484375</ele>
        <time>2025-08-21T10:26:14.000Z</time>
        <extensions>
          <ns3:TrackPointExtension>
            <ns3:hr>71</ns3:hr>
            <ns3:cad>50</ns3:cad>
          </ns3:TrackPointExtension>
        </extensions>
      </trkpt>
      <trkpt lat="24.46919579990208148956298828125" lon="118.1514343433082103729248046875">
        <ele>214.1999969482421875</ele>
        <time>2025-08-21T10:26:19.000Z</time>
        <extensions>
          <ns3:TrackPointExtension>
            <ns3:hr>69</ns3:hr>
            <ns3:cad>53</ns3:cad>
          </ns3:TrackPointExtension>
        </extensions>
      </trkpt>
      <trkpt lat="24.46919940412044525146484375" lon="118.15144130028784275054931640625">
        <ele>213.8000030517578125</ele>
        <time>2025-08-21T10:26:21.000Z</time>
        <extensions>
          <ns3:TrackPointExtension>
            <ns3:hr>70</ns3:hr>
            <ns3:cad>54</ns3:cad>
          </ns3:TrackPointExtension>
        </extensions>
      </trkpt>
      <trkpt lat="24.4692148268222808837890625" lon="118.15145798027515411376953125">
        <ele>213</ele>
        <time>2025-08-21T10:26:24.000Z</time>
        <extensions>
          <ns3:TrackPointExtension>
            <ns3:hr>71</ns3:hr>
            <ns3:cad>56</ns3:cad>
          </ns3:TrackPointExtension>
        </extensions>
      </trkpt>
      <trkpt lat="24.46922614239156246185302734375" lon="118.1514668650925159454345703125">
        <ele>212.399993896484375</ele>
        <time>2025-08-21T10:26:26.000Z</time>
        <extensions>
          <ns3:TrackPointExtension>
            <ns3:hr>75</ns3:hr>
            <ns3:cad>53</ns3:cad>
          </ns3:TrackPointExtension>
        </extensions>
      </trkpt>
      <trkpt lat="24.46923033334314823150634765625" lon="118.15146996639668941497802734375">
        <ele>212.1999969482421875</ele>
        <time>2025-08-21T10:26:27.000Z</time>
        <extensions>
          <ns3:TrackPointExtension>
            <ns3:hr>80</ns3:hr>
            <ns3:cad>51</ns3:cad>
          </ns3:TrackPointExtension>
        </extensions>
      </trkpt>
      <trkpt lat="24.46923695504665374755859375" lon="118.151469714939594268798828125">
        <ele>212</ele>
        <time>2025-08-21T10:26:28.000Z</time>
        <extensions>
          <ns3:TrackPointExtension>
            <ns3:hr>81</ns3:hr>
            <ns3:cad>51</ns3:cad>
          </ns3:TrackPointExtension>
        </extensions>
      </trkpt>
      <trkpt lat="24.4692518748342990875244140625" lon="118.15146946348249912261962890625">
        <ele>211</ele>
        <time>2025-08-21T10:26:31.000Z</time>
        <extensions>
          <ns3:TrackPointExtension>
            <ns3:hr>81</ns3:hr>
            <ns3:cad>54</ns3:cad>
          </ns3:TrackPointExtension>
        </extensions>
      </trkpt>
      <trkpt lat="24.46925816126167774200439453125" lon="118.151469044387340545654296875">
        <ele>210.8000030517578125</ele>
        <time>2025-08-21T10:26:32.000Z</time>
        <extensions>
          <ns3:TrackPointExtension>
            <ns3:hr>82</ns3:hr>
            <ns3:cad>54</ns3:cad>
          </ns3:TrackPointExtension>
        </extensions>
      </trkpt>
      <trkpt lat="24.4692818820476531982421875" lon="118.1514705531299114227294921875">
        <ele>209.600006103515625</ele>
        <time>2025-08-21T10:26:36.000Z</time>
        <extensions>
          <ns3:TrackPointExtension>
            <ns3:hr>83</ns3:hr>
            <ns3:cad>53</ns3:cad>
          </ns3:TrackPointExtension>
        </extensions>
      </trkpt>
      <trkpt lat="24.4693139009177684783935546875" lon="118.15147365443408489227294921875">
        <ele>208.600006103515625</ele>
        <time>2025-08-21T10:26:40.000Z</time>
        <extensions>
          <ns3:TrackPointExtension>
            <ns3:hr>82</ns3:hr>
            <ns3:cad>53</ns3:cad>
          </ns3:TrackPointExtension>
        </extensions>
      </trkpt>
      <trkpt lat="24.4693212769925594329833984375" lon="118.15147616900503635406494140625">
        <ele>208.399993896484375</ele>
        <time>2025-08-21T10:26:41.000Z</time>
        <extensions>
          <ns3:TrackPointExtension>
            <ns3:hr>81</ns3:hr>
            <ns3:cad>54</ns3:cad>
          </ns3:TrackPointExtension>
        </extensions>
      </trkpt>
      <trkpt lat="24.46934483014047145843505859375" lon="118.15147566609084606170654296875">
        <ele>207.1999969482421875</ele>
        <time>2025-08-21T10:26:47.000Z</time>
        <extensions>
          <ns3:TrackPointExtension>
            <ns3:hr>80</ns3:hr>
            <ns3:cad>50</ns3:cad>
          </ns3:TrackPointExtension>
        </extensions>
      </trkpt>
      <trkpt lat="24.46934935636818408966064453125" lon="118.15147516317665576934814453125">
        <ele>207</ele>
        <time>2025-08-21T10:26:48.000Z</time>
        <extensions>
          <ns3:TrackPointExtension>
            <ns3:hr>81</ns3:hr>
            <ns3:cad>50</ns3:cad>
          </ns3:TrackPointExtension>
        </extensions>
      </trkpt>
      <trkpt lat="24.4693625159561634063720703125" lon="118.15147348679602146148681640625">
        <ele>206.1999969482421875</ele>
        <time>2025-08-21T10:26:51.000Z</time>
        <extensions>
          <ns3:TrackPointExtension>
            <ns3:hr>81</ns3:hr>
            <ns3:cad>53</ns3:cad>
          </ns3:TrackPointExtension>
        </extensions>
      </trkpt>
      <trkpt lat="24.46937416680157184600830078125" lon="118.15147273242473602294921875">
        <ele>205</ele>
        <time>2025-08-21T10:26:55.000Z</time>
        <extensions>
          <ns3:TrackPointExtension>
            <ns3:hr>81</ns3:hr>
            <ns3:cad>50</ns3:cad>
          </ns3:TrackPointExtension>
        </extensions>
      </trkpt>
      <trkpt lat="24.469382464885711669921875" lon="118.1514739058911800384521484375">
        <ele>204.1999969482421875</ele>
        <time>2025-08-21T10:26:57.000Z</time>
        <extensions>
          <ns3:TrackPointExtension>
            <ns3:hr>80</ns3:hr>
            <ns3:cad>49</ns3:cad>
          </ns3:TrackPointExtension>
        </extensions>
      </trkpt>
      <trkpt lat="24.469389505684375762939453125" lon="118.15147533081471920013427734375">
        <ele>203.8000030517578125</ele>
        <time>2025-08-21T10:26:59.000Z</time>
        <extensions>
          <ns3:TrackPointExtension>
            <ns3:hr>80</ns3:hr>
            <ns3:cad>50</ns3:cad>
          </ns3:TrackPointExtension>
        </extensions>
      </trkpt>
      <trkpt lat="24.46940367110073566436767578125" lon="118.15147046931087970733642578125">
        <ele>202.8000030517578125</ele>
        <time>2025-08-21T10:27:03.000Z</time>
        <extensions>
          <ns3:TrackPointExtension>
            <ns3:hr>80</ns3:hr>
            <ns3:cad>49</ns3:cad>
          </ns3:TrackPointExtension>
        </extensions>
      </trkpt>
      <trkpt lat="24.46942345239222049713134765625" lon="118.15146409906446933746337890625">
        <ele>201.600006103515625</ele>
        <time>2025-08-21T10:27:06.000Z</time>
        <extensions>
          <ns3:TrackPointExtension>
            <ns3:hr>79</ns3:hr>
            <ns3:cad>49</ns3:cad>
          </ns3:TrackPointExtension>
        </extensions>
      </trkpt>
      <trkpt lat="24.469443149864673614501953125" lon="118.15145194530487060546875">
        <ele>200.399993896484375</ele>
        <time>2025-08-21T10:27:10.000Z</time>
        <extensions>
          <ns3:TrackPointExtension>
            <ns3:hr>80</ns3:hr>
            <ns3:cad>53</ns3:cad>
          </ns3:TrackPointExtension>
        </extensions>
      </trkpt>
      <trkpt lat="24.469464607536792755126953125" lon="118.15144733525812625885009765625">
        <ele>199.1999969482421875</ele>
        <time>2025-08-21T10:27:15.000Z</time>
        <extensions>
          <ns3:TrackPointExtension>
            <ns3:hr>79</ns3:hr>
            <ns3:cad>54</ns3:cad>
          </ns3:TrackPointExtension>
        </extensions>
      </trkpt>
      <trkpt lat="24.469471313059329986572265625" lon="118.151446916162967681884765625">
        <ele>198.8000030517578125</ele>
        <time>2025-08-21T10:27:16.000Z</time>
        <extensions>
          <ns3:TrackPointExtension>
            <ns3:hr>78</ns3:hr>
            <ns3:cad>55</ns3:cad>
          </ns3:TrackPointExtension>
        </extensions>
      </trkpt>
      <trkpt lat="24.46948011405766010284423828125" lon="118.15144884400069713592529296875">
        <ele>198</ele>
        <time>2025-08-21T10:27:18.000Z</time>
        <extensions>
          <ns3:TrackPointExtension>
            <ns3:hr>78</ns3:hr>
            <ns3:cad>55</ns3:cad>
          </ns3:TrackPointExtension>
        </extensions>
      </trkpt>
      <trkpt lat="24.46950475685298442840576171875" lon="118.151465356349945068359375">
        <ele>196.8000030517578125</ele>
        <time>2025-08-21T10:27:23.000Z</time>
        <extensions>
          <ns3:TrackPointExtension>
            <ns3:hr>78</ns3:hr>
            <ns3:cad>52</ns3:cad>
          </ns3:TrackPointExtension>
        </extensions>
      </trkpt>
      <trkpt lat="24.4695076905190944671630859375" lon="118.151465021073818206787109375">
        <ele>196.399993896484375</ele>
        <time>2025-08-21T10:27:25.000Z</time>
        <extensions>
          <ns3:TrackPointExtension>
            <ns3:hr>79</ns3:hr>
            <ns3:cad>53</ns3:cad>
          </ns3:TrackPointExtension>
        </extensions>
      </trkpt>
      <trkpt lat="24.46950676850974559783935546875" lon="118.15146225504577159881591796875">
        <ele>195.8000030517578125</ele>
        <time>2025-08-21T10:27:27.000Z</time>
        <extensions>
          <ns3:TrackPointExtension>
            <ns3:hr>79</ns3:hr>
            <ns3:cad>0</ns3:cad>
          </ns3:TrackPointExtension>
        </extensions>
      </trkpt>
      <trkpt lat="24.4695006497204303741455078125" lon="118.15142772160470485687255859375">
        <ele>195.600006103515625</ele>
        <time>2025-08-21T10:27:35.000Z</time>
        <extensions>
          <ns3:TrackPointExtension>
            <ns3:hr>78</ns3:hr>
            <ns3:cad>0</ns3:cad>
          </ns3:TrackPointExtension>
        </extensions>
      </trkpt>
      <trkpt lat="24.46951179765164852142333984375" lon="118.15142923034727573394775390625">
        <ele>195.600006103515625</ele>
        <time>2025-08-21T10:27:40.000Z</time>
        <extensions>
          <ns3:TrackPointExtension>
            <ns3:hr>82</ns3:hr>
            <ns3:cad>0</ns3:cad>
          </ns3:TrackPointExtension>
        </extensions>
      </trkpt>
      <trkpt lat="24.4695304892957210540771484375" lon="118.1514398753643035888671875">
        <ele>195.600006103515625</ele>
        <time>2025-08-21T10:27:45.000Z</time>
        <extensions>
          <ns3:TrackPointExtension>
            <ns3:hr>84</ns3:hr>
            <ns3:cad>0</ns3:cad>
          </ns3:TrackPointExtension>
        </extensions>
      </trkpt>
      <trkpt lat="24.4695445708930492401123046875" lon="118.151450939476490020751953125">
        <ele>194.8000030517578125</ele>
        <time>2025-08-21T10:27:50.000Z</time>
        <extensions>
          <ns3:TrackPointExtension>
            <ns3:hr>85</ns3:hr>
            <ns3:cad>0</ns3:cad>
          </ns3:TrackPointExtension>
        </extensions>
      </trkpt>
      <trkpt lat="24.46957047097384929656982421875" lon="118.15144934691488742828369140625">
        <ele>193.8000030517578125</ele>
        <time>2025-08-21T10:27:53.000Z</time>
        <extensions>
          <ns3:TrackPointExtension>
            <ns3:hr>86</ns3:hr>
            <ns3:cad>58</ns3:cad>
          </ns3:TrackPointExtension>
        </extensions>
      </trkpt>
      <trkpt lat="24.4695754162967205047607421875" lon="118.15144716762006282806396484375">
        <ele>193.399993896484375</ele>
        <time>2025-08-21T10:27:54.000Z</time>
        <extensions>
          <ns3:TrackPointExtension>
            <ns3:hr>86</ns3:hr>
            <ns3:cad>60</ns3:cad>
          </ns3:TrackPointExtension>
        </extensions>
      </trkpt>
      <trkpt lat="24.46961556561291217803955078125" lon="118.15145085565745830535888671875">
        <ele>192.399993896484375</ele>
        <time>2025-08-21T10:27:58.000Z</time>
        <extensions>
          <ns3:TrackPointExtension>
            <ns3:hr>86</ns3:hr>
            <ns3:cad>59</ns3:cad>
          </ns3:TrackPointExtension>
        </extensions>
      </trkpt>
      <trkpt lat="24.46965135633945465087890625" lon="118.151458986103534698486328125">
        <ele>191.399993896484375</ele>
        <time>2025-08-21T10:28:01.000Z</time>
        <extensions>
          <ns3:TrackPointExtension>
            <ns3:hr>85</ns3:hr>
            <ns3:cad>54</ns3:cad>
          </ns3:TrackPointExtension>
        </extensions>
      </trkpt>
      <trkpt lat="24.4696568883955478668212890625" lon="118.15145906992256641387939453125">
        <ele>191.1999969482421875</ele>
        <time>2025-08-21T10:28:02.000Z</time>
        <extensions>
          <ns3:TrackPointExtension>
            <ns3:hr>85</ns3:hr>
            <ns3:cad>54</ns3:cad>
          </ns3:TrackPointExtension>
        </extensions>
      </trkpt>
      <trkpt lat="24.46966334246098995208740234375" lon="118.15145739354193210601806640625">
        <ele>190.399993896484375</ele>
        <time>2025-08-21T10:28:06.000Z</time>
        <extensions>
          <ns3:TrackPointExtension>
            <ns3:hr>86</ns3:hr>
            <ns3:cad>57</ns3:cad>
          </ns3:TrackPointExtension>
        </extensions>
      </trkpt>
      <trkpt lat="24.46967323310673236846923828125" lon="118.151459991931915283203125">
        <ele>190</ele>
        <time>2025-08-21T10:28:08.000Z</time>
        <extensions>
          <ns3:TrackPointExtension>
            <ns3:hr>86</ns3:hr>
            <ns3:cad>55</ns3:cad>
          </ns3:TrackPointExtension>
        </extensions>
      </trkpt>
      <trkpt lat="24.469679184257984161376953125" lon="118.15147583372890949249267578125">
        <ele>189</ele>
        <time>2025-08-21T10:28:12.000Z</time>
        <extensions>
          <ns3:TrackPointExtension>
            <ns3:hr>87</ns3:hr>
            <ns3:cad>52</ns3:cad>
          </ns3:TrackPointExtension>
        </extensions>
      </trkpt>
      <trkpt lat="24.46968086063861846923828125" lon="118.1514832936227321624755859375">
        <ele>188.399993896484375</ele>
        <time>2025-08-21T10:28:14.000Z</time>
        <extensions>
          <ns3:TrackPointExtension>
            <ns3:hr>88</ns3:hr>
            <ns3:cad>51</ns3:cad>
          </ns3:TrackPointExtension>
        </extensions>
      </trkpt>
      <trkpt lat="24.469691924750804901123046875" lon="118.15149460919201374053955078125">
        <ele>188</ele>
        <time>2025-08-21T10:28:16.000Z</time>
        <extensions>
          <ns3:TrackPointExtension>
            <ns3:hr>89</ns3:hr>
            <ns3:cad>51</ns3:cad>
          </ns3:TrackPointExtension>
        </extensions>
      </trkpt>
      <trkpt lat="24.46970097720623016357421875" lon="118.151517994701862335205078125">
        <ele>186.600006103515625</ele>
        <time>2025-08-21T10:28:21.000Z</time>
        <extensions>
          <ns3:TrackPointExtension>
            <ns3:hr>90</ns3:hr>
            <ns3:cad>49</ns3:cad>
          </ns3:TrackPointExtension>
        </extensions>
      </trkpt>
      <trkpt lat="24.46970659308135509490966796875" lon="118.15152947790920734405517578125">
        <ele>186.1999969482421875</ele>
        <time>2025-08-21T10:28:23.000Z</time>
        <extensions>
          <ns3:TrackPointExtension>
            <ns3:hr>89</ns3:hr>
            <ns3:cad>48</ns3:cad>
          </ns3:TrackPointExtension>
        </extensions>
      </trkpt>
      <trkpt lat="24.46971430443227291107177734375" lon="118.1515364348888397216796875">
        <ele>185.600006103515625</ele>
        <time>2025-08-21T10:28:25.000Z</time>
        <extensions>
          <ns3:TrackPointExtension>
            <ns3:hr>90</ns3:hr>
            <ns3:cad>50</ns3:cad>
          </ns3:TrackPointExtension>
        </extensions>
      </trkpt>
      <trkpt lat="24.46972788311541080474853515625" lon="118.15154154784977436065673828125">
        <ele>184.399993896484375</ele>
        <time>2025-08-21T10:28:29.000Z</time>
        <extensions>
          <ns3:TrackPointExtension>
            <ns3:hr>91</ns3:hr>
            <ns3:cad>51</ns3:cad>
          </ns3:TrackPointExtension>
        </extensions>
      </trkpt>
      <trkpt lat="24.4697276316583156585693359375" lon="118.15154406242072582244873046875">
        <ele>183.8000030517578125</ele>
        <time>2025-08-21T10:28:31.000Z</time>
        <extensions>
          <ns3:TrackPointExtension>
            <ns3:hr>91</ns3:hr>
            <ns3:cad>50</ns3:cad>
          </ns3:TrackPointExtension>
        </extensions>
      </trkpt>
      <trkpt lat="24.46971866302192211151123046875" lon="118.15154674462974071502685546875">
        <ele>183.1999969482421875</ele>
        <time>2025-08-21T10:28:33.000Z</time>
        <extensions>
          <ns3:TrackPointExtension>
            <ns3:hr>91</ns3:hr>
            <ns3:cad>51</ns3:cad>
          </ns3:TrackPointExtension>
        </extensions>
      </trkpt>
      <trkpt lat="24.469714052975177764892578125" lon="118.1515728123486042022705078125">
        <ele>182.1999969482421875</ele>
        <time>2025-08-21T10:28:38.000Z</time>
        <extensions>
          <ns3:TrackPointExtension>
            <ns3:hr>92</ns3:hr>
            <ns3:cad>53</ns3:cad>
          </ns3:TrackPointExtension>
        </extensions>
      </trkpt>
      <trkpt lat="24.46971380151808261871337890625" lon="118.15158161334693431854248046875">
        <ele>182</ele>
        <time>2025-08-21T10:28:39.000Z</time>
        <extensions>
          <ns3:TrackPointExtension>
            <ns3:hr>92</ns3:hr>
            <ns3:cad>50</ns3:cad>
          </ns3:TrackPointExtension>
        </extensions>
      </trkpt>
      <trkpt lat="24.46972570382058620452880859375" lon="118.15157524310052394866943359375">
        <ele>181</ele>
        <time>2025-08-21T10:28:43.000Z</time>
        <extensions>
          <ns3:TrackPointExtension>
            <ns3:hr>91</ns3:hr>
            <ns3:cad>51</ns3:cad>
          </ns3:TrackPointExtension>
        </extensions>
      </trkpt>
      <trkpt lat="24.4697391986846923828125" lon="118.1515765003859996795654296875">
        <ele>180</ele>
        <time>2025-08-21T10:28:47.000Z</time>
        <extensions>
          <ns3:TrackPointExtension>
            <ns3:hr>90</ns3:hr>
            <ns3:cad>50</ns3:cad>
          </ns3:TrackPointExtension>
        </extensions>
      </trkpt>
      <trkpt lat="24.46974389255046844482421875" lon="118.1515798531472682952880859375">
        <ele>179.600006103515625</ele>
        <time>2025-08-21T10:28:48.000Z</time>
        <extensions>
          <ns3:TrackPointExtension>
            <ns3:hr>89</ns3:hr>
            <ns3:cad>50</ns3:cad>
          </ns3:TrackPointExtension>
        </extensions>
      </trkpt>
      <trkpt lat="24.4697480835020542144775390625" lon="118.1515858881175518035888671875">
        <ele>178.600006103515625</ele>
        <time>2025-08-21T10:28:52.000Z</time>
        <extensions>
          <ns3:TrackPointExtension>
            <ns3:hr>89</ns3:hr>
            <ns3:cad>53</ns3:cad>
          </ns3:TrackPointExtension>
        </extensions>
      </trkpt>
      <trkpt lat="24.4697618298232555389404296875" lon="118.15158597193658351898193359375">
        <ele>177.8000030517578125</ele>
        <time>2025-08-21T10:28:55.000Z</time>
        <extensions>
          <ns3:TrackPointExtension>
            <ns3:hr>88</ns3:hr>
            <ns3:cad>53</ns3:cad>
          </ns3:TrackPointExtension>
        </extensions>
      </trkpt>
      <trkpt lat="24.4697821140289306640625" lon="118.15159343183040618896484375">
        <ele>177.399993896484375</ele>
        <time>2025-08-21T10:28:57.000Z</time>
        <extensions>
          <ns3:TrackPointExtension>
            <ns3:hr>88</ns3:hr>
            <ns3:cad>53</ns3:cad>
          </ns3:TrackPointExtension>
        </extensions>
      </trkpt>
      <trkpt lat="24.4698610715568065643310546875" lon="118.15160172991454601287841796875">
        <ele>176.8000030517578125</ele>
        <time>2025-08-21T10:29:01.000Z</time>
        <extensions>
          <ns3:TrackPointExtension>
            <ns3:hr>88</ns3:hr>
            <ns3:cad>62</ns3:cad>
          </ns3:TrackPointExtension>
        </extensions>
      </trkpt>
      <trkpt lat="24.469895772635936737060546875" lon="118.1516073457896709442138671875">
        <ele>176.1999969482421875</ele>
        <time>2025-08-21T10:29:05.000Z</time>
        <extensions>
          <ns3:TrackPointExtension>
            <ns3:hr>88</ns3:hr>
            <ns3:cad>54</ns3:cad>
          </ns3:TrackPointExtension>
        </extensions>
      </trkpt>
      <trkpt lat="24.46990155614912509918212890625" lon="118.15162234939634799957275390625">
        <ele>175.1999969482421875</ele>
        <time>2025-08-21T10:29:08.000Z</time>
        <extensions>
          <ns3:TrackPointExtension>
            <ns3:hr>88</ns3:hr>
            <ns3:cad>55</ns3:cad>
          </ns3:TrackPointExtension>
        </extensions>
      </trkpt>
      <trkpt lat="24.46990541182458400726318359375" lon="118.15162721090018749237060546875">
        <ele>174.8000030517578125</ele>
        <time>2025-08-21T10:29:09.000Z</time>
        <extensions>
          <ns3:TrackPointExtension>
            <ns3:hr>87</ns3:hr>
            <ns3:cad>55</ns3:cad>
          </ns3:TrackPointExtension>
        </extensions>
      </trkpt>
      <trkpt lat="24.469933994114398956298828125" lon="118.1516383588314056396484375">
        <ele>173.600006103515625</ele>
        <time>2025-08-21T10:29:13.000Z</time>
        <extensions>
          <ns3:TrackPointExtension>
            <ns3:hr>86</ns3:hr>
            <ns3:cad>56</ns3:cad>
          </ns3:TrackPointExtension>
        </extensions>
      </trkpt>
      <trkpt lat="24.46999442763626575469970703125" lon="118.15160474739968776702880859375">
        <ele>172.600006103515625</ele>
        <time>2025-08-21T10:29:19.000Z</time>
        <extensions>
          <ns3:TrackPointExtension>
            <ns3:hr>87</ns3:hr>
            <ns3:cad>0</ns3:cad>
          </ns3:TrackPointExtension>
        </extensions>
      </trkpt>
      <trkpt lat="24.46999576874077320098876953125" lon="118.15160013735294342041015625">
        <ele>172.399993896484375</ele>
        <time>2025-08-21T10:29:20.000Z</time>
        <extensions>
          <ns3:TrackPointExtension>
            <ns3:hr>86</ns3:hr>
            <ns3:cad>0</ns3:cad>
          </ns3:TrackPointExtension>
        </extensions>
      </trkpt>
      <trkpt lat="24.46999593637883663177490234375" lon="118.15159753896296024322509765625">
        <ele>171.399993896484375</ele>
        <time>2025-08-21T10:29:23.000Z</time>
        <extensions>
          <ns3:TrackPointExtension>
            <ns3:hr>86</ns3:hr>
            <ns3:cad>53</ns3:cad>
          </ns3:TrackPointExtension>
        </extensions>
      </trkpt>
      <trkpt lat="24.4700012169778347015380859375" lon="118.15159921534359455108642578125">
        <ele>171.1999969482421875</ele>
        <time>2025-08-21T10:29:24.000Z</time>
        <extensions>
          <ns3:TrackPointExtension>
            <ns3:hr>86</ns3:hr>
            <ns3:cad>53</ns3:cad>
          </ns3:TrackPointExtension>
        </extensions>
      </trkpt>
      <trkpt lat="24.47002208791673183441162109375" lon="118.15158647485077381134033203125">
        <ele>170.1999969482421875</ele>
        <time>2025-08-21T10:29:27.000Z</time>
        <extensions>
          <ns3:TrackPointExtension>
            <ns3:hr>87</ns3:hr>
            <ns3:cad>53</ns3:cad>
          </ns3:TrackPointExtension>
        </extensions>
      </trkpt>
      <trkpt lat="24.4700337387621402740478515625" lon="118.151579014956951141357421875">
        <ele>169</ele>
        <time>2025-08-21T10:29:31.000Z</time>
        <extensions>
          <ns3:TrackPointExtension>
            <ns3:hr>86</ns3:hr>
            <ns3:cad>53</ns3:cad>
          </ns3:TrackPointExtension>
        </extensions>
      </trkpt>
      <trkpt lat="24.47005377151072025299072265625" lon="118.151577003300189971923828125">
        <ele>168.1999969482421875</ele>
        <time>2025-08-21T10:29:34.000Z</time>
        <extensions>
          <ns3:TrackPointExtension>
            <ns3:hr>86</ns3:hr>
            <ns3:cad>52</ns3:cad>
          </ns3:TrackPointExtension>
        </extensions>
      </trkpt>
      <trkpt lat="24.470062069594860076904296875" lon="118.15157239325344562530517578125">
        <ele>168</ele>
        <time>2025-08-21T10:29:35.000Z</time>
        <extensions>
          <ns3:TrackPointExtension>
            <ns3:hr>86</ns3:hr>
            <ns3:cad>52</ns3:cad>
          </ns3:TrackPointExtension>
        </extensions>
      </trkpt>
      <trkpt lat="24.470083527266979217529296875" lon="118.1515583954751491546630859375">
        <ele>166.8000030517578125</ele>
        <time>2025-08-21T10:29:39.000Z</time>
        <extensions>
          <ns3:TrackPointExtension>
            <ns3:hr>84</ns3:hr>
            <ns3:cad>57</ns3:cad>
          </ns3:TrackPointExtension>
        </extensions>
      </trkpt>
      <trkpt lat="24.470096938312053680419921875" lon="118.1515573896467685699462890625">
        <ele>166.1999969482421875</ele>
        <time>2025-08-21T10:29:42.000Z</time>
        <extensions>
          <ns3:TrackPointExtension>
            <ns3:hr>83</ns3:hr>
            <ns3:cad>63</ns3:cad>
          </ns3:TrackPointExtension>
        </extensions>
      </trkpt>
      <trkpt lat="24.4700967706739902496337890625" lon="118.1515543721616268157958984375">
        <ele>165.600006103515625</ele>
        <time>2025-08-21T10:29:44.000Z</time>
        <extensions>
          <ns3:TrackPointExtension>
            <ns3:hr>83</ns3:hr>
            <ns3:cad>63</ns3:cad>
          </ns3:TrackPointExtension>
        </extensions>
      </trkpt>
      <trkpt lat="24.47010976262390613555908203125" lon="118.15154741518199443817138671875">
        <ele>164.600006103515625</ele>
        <time>2025-08-21T10:29:48.000Z</time>
        <extensions>
          <ns3:TrackPointExtension>
            <ns3:hr>82</ns3:hr>
            <ns3:cad>51</ns3:cad>
          </ns3:TrackPointExtension>
        </extensions>
      </trkpt>
      <trkpt lat="24.470115043222904205322265625" lon="118.1515459902584552764892578125">
        <ele>163.600006103515625</ele>
        <time>2025-08-21T10:29:52.000Z</time>
        <extensions>
          <ns3:TrackPointExtension>
            <ns3:hr>82</ns3:hr>
            <ns3:cad>57</ns3:cad>
          </ns3:TrackPointExtension>
        </extensions>
      </trkpt>
      <trkpt lat="24.47011361829936504364013671875" lon="118.15154674462974071502685546875">
        <ele>163.399993896484375</ele>
        <time>2025-08-21T10:29:53.000Z</time>
        <extensions>
          <ns3:TrackPointExtension>
            <ns3:hr>82</ns3:hr>
            <ns3:cad>57</ns3:cad>
          </ns3:TrackPointExtension>
        </extensions>
      </trkpt>
      <trkpt lat="24.47012065909802913665771484375" lon="118.15151154063642024993896484375">
        <ele>162.399993896484375</ele>
        <time>2025-08-21T10:29:58.000Z</time>
        <extensions>
          <ns3:TrackPointExtension>
            <ns3:hr>83</ns3:hr>
            <ns3:cad>57</ns3:cad>
          </ns3:TrackPointExtension>
        </extensions>
      </trkpt>
      <trkpt lat="24.470122419297695159912109375" lon="118.15150215290486812591552734375">
        <ele>162.1999969482421875</ele>
        <time>2025-08-21T10:29:59.000Z</time>
        <extensions>
          <ns3:TrackPointExtension>
            <ns3:hr>82</ns3:hr>
            <ns3:cad>57</ns3:cad>
          </ns3:TrackPointExtension>
        </extensions>
      </trkpt>
      <trkpt lat="24.4700997881591320037841796875" lon="118.1514192558825016021728515625">
        <ele>162.600006103515625</ele>
        <time>2025-08-21T10:30:08.000Z</time>
        <extensions>
          <ns3:TrackPointExtension>
            <ns3:hr>82</ns3:hr>
            <ns3:cad>0</ns3:cad>
          </ns3:TrackPointExtension>
        </extensions>
      </trkpt>
      <trkpt lat="24.47009886614978313446044921875" lon="118.1513927690684795379638671875">
        <ele>163.399993896484375</ele>
        <time>2025-08-21T10:30:12.000Z</time>
        <extensions>
          <ns3:TrackPointExtension>
            <ns3:hr>83</ns3:hr>
            <ns3:cad>74</ns3:cad>
          </ns3:TrackPointExtension>
        </extensions>
      </trkpt>
      <trkpt lat="24.4700954295694828033447265625" lon="118.15136686898767948150634765625">
        <ele>164.600006103515625</ele>
        <time>2025-08-21T10:30:16.000Z</time>
        <extensions>
          <ns3:TrackPointExtension>
            <ns3:hr>85</ns3:hr>
            <ns3:cad>70</ns3:cad>
          </ns3:TrackPointExtension>
        </extensions>
      </trkpt>
      <trkpt lat="24.47009316645562648773193359375" lon="118.1513585709035396575927734375">
        <ele>164.8000030517578125</ele>
        <time>2025-08-21T10:30:17.000Z</time>
        <extensions>
          <ns3:TrackPointExtension>
            <ns3:hr>86</ns3:hr>
            <ns3:cad>70</ns3:cad>
          </ns3:TrackPointExtension>
        </extensions>
      </trkpt>
      <trkpt lat="24.4700974412262439727783203125" lon="118.1513327546417713165283203125">
        <ele>165.1999969482421875</ele>
        <time>2025-08-21T10:30:20.000Z</time>
        <extensions>
          <ns3:TrackPointExtension>
            <ns3:hr>89</ns3:hr>
            <ns3:cad>0</ns3:cad>
          </ns3:TrackPointExtension>
        </extensions>
      </trkpt>
      <trkpt lat="24.4700967706739902496337890625" lon="118.15131691284477710723876953125">
        <ele>165.1999969482421875</ele>
        <time>2025-08-21T10:30:22.000Z</time>
        <extensions>
          <ns3:TrackPointExtension>
            <ns3:hr>94</ns3:hr>
            <ns3:cad>0</ns3:cad>
          </ns3:TrackPointExtension>
        </extensions>
      </trkpt>
      <trkpt lat="24.4700972735881805419921875" lon="118.15129696391522884368896484375">
        <ele>165.600006103515625</ele>
        <time>2025-08-21T10:30:24.000Z</time>
        <extensions>
          <ns3:TrackPointExtension>
            <ns3:hr>98</ns3:hr>
            <ns3:cad>0</ns3:cad>
          </ns3:TrackPointExtension>
        </extensions>
      </trkpt>
      <trkpt lat="24.4700999557971954345703125" lon="118.1512864865362644195556640625">
        <ele>166</ele>
        <time>2025-08-21T10:30:25.000Z</time>
        <extensions>
          <ns3:TrackPointExtension>
            <ns3:hr>100</ns3:hr>
            <ns3:cad>0</ns3:cad>
          </ns3:TrackPointExtension>
        </extensions>
      </trkpt>
      <trkpt lat="24.47010238654911518096923828125" lon="118.15127500332891941070556640625">
        <ele>166.1999969482421875</ele>
        <time>2025-08-21T10:30:27.000Z</time>
        <extensions>
          <ns3:TrackPointExtension>
            <ns3:hr>103</ns3:hr>
            <ns3:cad>0</ns3:cad>
          </ns3:TrackPointExtension>
        </extensions>
      </trkpt>
      <trkpt lat="24.4701118580996990203857421875" lon="118.15126460976898670196533203125">
        <ele>166.399993896484375</ele>
        <time>2025-08-21T10:30:30.000Z</time>
        <extensions>
          <ns3:TrackPointExtension>
            <ns3:hr>106</ns3:hr>
            <ns3:cad>77</ns3:cad>
          </ns3:TrackPointExtension>
        </extensions>
      </trkpt>
      <trkpt lat="24.4701118580996990203857421875" lon="118.15126595087349414825439453125">
        <ele>166.1999969482421875</ele>
        <time>2025-08-21T10:30:32.000Z</time>
        <extensions>
          <ns3:TrackPointExtension>
            <ns3:hr>108</ns3:hr>
            <ns3:cad>77</ns3:cad>
          </ns3:TrackPointExtension>
        </extensions>
      </trkpt>
      <trkpt lat="24.47015720419585704803466796875" lon="118.15124382264912128448486328125">
        <ele>164.600006103515625</ele>
        <time>2025-08-21T10:30:39.000Z</time>
        <extensions>
          <ns3:TrackPointExtension>
            <ns3:hr>108</ns3:hr>
            <ns3:cad>0</ns3:cad>
          </ns3:TrackPointExtension>
        </extensions>
      </trkpt>
      <trkpt lat="24.4701819308102130889892578125" lon="118.15131372772157192230224609375">
        <ele>164.8000030517578125</ele>
        <time>2025-08-21T10:30:45.000Z</time>
        <extensions>
          <ns3:TrackPointExtension>
            <ns3:hr>110</ns3:hr>
            <ns3:cad>55</ns3:cad>
          </ns3:TrackPointExtension>
        </extensions>
      </trkpt>
      <trkpt lat="24.47020766325294971466064453125" lon="118.15131808631122112274169921875">
        <ele>164.1999969482421875</ele>
        <time>2025-08-21T10:30:48.000Z</time>
        <extensions>
          <ns3:TrackPointExtension>
            <ns3:hr>110</ns3:hr>
            <ns3:cad>54</ns3:cad>
          </ns3:TrackPointExtension>
        </extensions>
      </trkpt>
      <trkpt lat="24.47023180313408374786376953125" lon="118.15131984651088714599609375">
        <ele>163.399993896484375</ele>
        <time>2025-08-21T10:30:50.000Z</time>
        <extensions>
          <ns3:TrackPointExtension>
            <ns3:hr>109</ns3:hr>
            <ns3:cad>54</ns3:cad>
          </ns3:TrackPointExtension>
        </extensions>
      </trkpt>
      <trkpt lat="24.47024018503725528717041015625" lon="118.15132026560604572296142578125">
        <ele>163.1999969482421875</ele>
        <time>2025-08-21T10:30:51.000Z</time>
        <extensions>
          <ns3:TrackPointExtension>
            <ns3:hr>108</ns3:hr>
            <ns3:cad>55</ns3:cad>
          </ns3:TrackPointExtension>
        </extensions>
      </trkpt>
      <trkpt lat="24.47027555666863918304443359375" lon="118.151309788227081298828125">
        <ele>162.399993896484375</ele>
        <time>2025-08-21T10:30:56.000Z</time>
        <extensions>
          <ns3:TrackPointExtension>
            <ns3:hr>107</ns3:hr>
            <ns3:cad>0</ns3:cad>
          </ns3:TrackPointExtension>
        </extensions>
      </trkpt>
      <trkpt lat="24.47027957998216152191162109375" lon="118.15130953676998615264892578125">
        <ele>162.399993896484375</ele>
        <time>2025-08-21T10:30:57.000Z</time>
        <extensions>
          <ns3:TrackPointExtension>
            <ns3:hr>106</ns3:hr>
            <ns3:cad>0</ns3:cad>
          </ns3:TrackPointExtension>
        </extensions>
      </trkpt>
      <trkpt lat="24.47031520307064056396484375" lon="118.15130350179970264434814453125">
        <ele>161.8000030517578125</ele>
        <time>2025-08-21T10:31:03.000Z</time>
        <extensions>
          <ns3:TrackPointExtension>
            <ns3:hr>104</ns3:hr>
            <ns3:cad>53</ns3:cad>
          </ns3:TrackPointExtension>
        </extensions>
      </trkpt>
      <trkpt lat="24.47033263742923736572265625" lon="118.15130819566547870635986328125">
        <ele>161.1999969482421875</ele>
        <time>2025-08-21T10:31:05.000Z</time>
        <extensions>
          <ns3:TrackPointExtension>
            <ns3:hr>103</ns3:hr>
            <ns3:cad>0</ns3:cad>
          </ns3:TrackPointExtension>
        </extensions>
      </trkpt>
      <trkpt lat="24.47032366879284381866455078125" lon="118.15133250318467617034912109375">
        <ele>160.1999969482421875</ele>
        <time>2025-08-21T10:31:09.000Z</time>
        <extensions>
          <ns3:TrackPointExtension>
            <ns3:hr>101</ns3:hr>
            <ns3:cad>49</ns3:cad>
          </ns3:TrackPointExtension>
        </extensions>
      </trkpt>
      <trkpt lat="24.4703321345150470733642578125" lon="118.15135831944644451141357421875">
        <ele>159</ele>
        <time>2025-08-21T10:31:14.000Z</time>
        <extensions>
          <ns3:TrackPointExtension>
            <ns3:hr>99</ns3:hr>
            <ns3:cad>47</ns3:cad>
          </ns3:TrackPointExtension>
        </extensions>
      </trkpt>
      <trkpt lat="24.47036080062389373779296875" lon="118.15137885510921478271484375">
        <ele>158.1999969482421875</ele>
        <time>2025-08-21T10:31:17.000Z</time>
        <extensions>
          <ns3:TrackPointExtension>
            <ns3:hr>96</ns3:hr>
            <ns3:cad>53</ns3:cad>
          </ns3:TrackPointExtension>
        </extensions>
      </trkpt>
      <trkpt lat="24.47036859579384326934814453125" lon="118.15138396807014942169189453125">
        <ele>157.8000030517578125</ele>
        <time>2025-08-21T10:31:18.000Z</time>
        <extensions>
          <ns3:TrackPointExtension>
            <ns3:hr>95</ns3:hr>
            <ns3:cad>56</ns3:cad>
          </ns3:TrackPointExtension>
        </extensions>
      </trkpt>
      <trkpt lat="24.4703931547701358795166015625" lon="118.1513941101729869842529296875">
        <ele>156.600006103515625</ele>
        <time>2025-08-21T10:31:21.000Z</time>
        <extensions>
          <ns3:TrackPointExtension>
            <ns3:hr>91</ns3:hr>
            <ns3:cad>59</ns3:cad>
          </ns3:TrackPointExtension>
        </extensions>
      </trkpt>
      <trkpt lat="24.4704307056963443756103515625" lon="118.15137491561472415924072265625">
        <ele>156</ele>
        <time>2025-08-21T10:31:24.000Z</time>
        <extensions>
          <ns3:TrackPointExtension>
            <ns3:hr>89</ns3:hr>
            <ns3:cad>68</ns3:cad>
          </ns3:TrackPointExtension>
        </extensions>
      </trkpt>
      <trkpt lat="24.470487534999847412109375" lon="118.1513042561709880828857421875">
        <ele>155.600006103515625</ele>
        <time>2025-08-21T10:31:30.000Z</time>
        <extensions>
          <ns3:TrackPointExtension>
            <ns3:hr>88</ns3:hr>
            <ns3:cad>62</ns3:cad>
          </ns3:TrackPointExtension>
        </extensions>
      </trkpt>
      <trkpt lat="24.47051829658448696136474609375" lon="118.15127961337566375732421875">
        <ele>155.600006103515625</ele>
        <time>2025-08-21T10:31:33.000Z</time>
        <extensions>
          <ns3:TrackPointExtension>
            <ns3:hr>87</ns3:hr>
            <ns3:cad>59</ns3:cad>
          </ns3:TrackPointExtension>
        </extensions>
      </trkpt>
      <trkpt lat="24.47056221775710582733154296875" lon="118.1512735784053802490234375">
        <ele>154.600006103515625</ele>
        <time>2025-08-21T10:31:37.000Z</time>
        <extensions>
          <ns3:TrackPointExtension>
            <ns3:hr>87</ns3:hr>
            <ns3:cad>62</ns3:cad>
          </ns3:TrackPointExtension>
        </extensions>
      </trkpt>
      <trkpt lat="24.4705973379313945770263671875" lon="118.15127131529152393341064453125">
        <ele>153.600006103515625</ele>
        <time>2025-08-21T10:31:40.000Z</time>
        <extensions>
          <ns3:TrackPointExtension>
            <ns3:hr>87</ns3:hr>
            <ns3:cad>64</ns3:cad>
          </ns3:TrackPointExtension>
        </extensions>
      </trkpt>
      <trkpt lat="24.47060999460518360137939453125" lon="118.1512720696628093719482421875">
        <ele>153.399993896484375</ele>
        <time>2025-08-21T10:31:41.000Z</time>
        <extensions>
          <ns3:TrackPointExtension>
            <ns3:hr>86</ns3:hr>
            <ns3:cad>64</ns3:cad>
          </ns3:TrackPointExtension>
        </extensions>
      </trkpt>
      <trkpt lat="24.47065240703523159027099609375" lon="118.1512628495693206787109375">
        <ele>152.1999969482421875</ele>
        <time>2025-08-21T10:31:47.000Z</time>
        <extensions>
          <ns3:TrackPointExtension>
            <ns3:hr>84</ns3:hr>
            <ns3:cad>59</ns3:cad>
          </ns3:TrackPointExtension>
        </extensions>
      </trkpt>
      <trkpt lat="24.47066699154675006866455078125" lon="118.15125153400003910064697265625">
        <ele>151</ele>
        <time>2025-08-21T10:31:50.000Z</time>
        <extensions>
          <ns3:TrackPointExtension>
            <ns3:hr>84</ns3:hr>
            <ns3:cad>59</ns3:cad>
          </ns3:TrackPointExtension>
        </extensions>
      </trkpt>
      <trkpt lat="24.47068392299115657806396484375" lon="118.151215575635433197021484375">
        <ele>149.8000030517578125</ele>
        <time>2025-08-21T10:31:55.000Z</time>
        <extensions>
          <ns3:TrackPointExtension>
            <ns3:hr>83</ns3:hr>
            <ns3:cad>62</ns3:cad>
          </ns3:TrackPointExtension>
        </extensions>
      </trkpt>
      <trkpt lat="24.47068543173372745513916015625" lon="118.15121599473059177398681640625">
        <ele>149.399993896484375</ele>
        <time>2025-08-21T10:31:57.000Z</time>
        <extensions>
          <ns3:TrackPointExtension>
            <ns3:hr>84</ns3:hr>
            <ns3:cad>64</ns3:cad>
          </ns3:TrackPointExtension>
        </extensions>
      </trkpt>
      <trkpt lat="24.47069616056978702545166015625" lon="118.151209540665149688720703125">
        <ele>148.600006103515625</ele>
        <time>2025-08-21T10:31:59.000Z</time>
        <extensions>
          <ns3:TrackPointExtension>
            <ns3:hr>84</ns3:hr>
            <ns3:cad>62</ns3:cad>
          </ns3:TrackPointExtension>
        </extensions>
      </trkpt>
      <trkpt lat="24.47071460075676441192626953125" lon="118.15120811574161052703857421875">
        <ele>147.399993896484375</ele>
        <time>2025-08-21T10:32:02.000Z</time>
        <extensions>
          <ns3:TrackPointExtension>
            <ns3:hr>85</ns3:hr>
            <ns3:cad>59</ns3:cad>
          </ns3:TrackPointExtension>
        </extensions>
      </trkpt>
      <trkpt lat="24.47072918526828289031982421875" lon="118.1512066908180713653564453125">
        <ele>146.600006103515625</ele>
        <time>2025-08-21T10:32:05.000Z</time>
        <extensions>
          <ns3:TrackPointExtension>
            <ns3:hr>85</ns3:hr>
            <ns3:cad>59</ns3:cad>
          </ns3:TrackPointExtension>
        </extensions>
      </trkpt>
      <trkpt lat="24.4707428477704524993896484375" lon="118.1512036733329296112060546875">
        <ele>146.1999969482421875</ele>
        <time>2025-08-21T10:32:07.000Z</time>
        <extensions>
          <ns3:TrackPointExtension>
            <ns3:hr>85</ns3:hr>
            <ns3:cad>55</ns3:cad>
          </ns3:TrackPointExtension>
        </extensions>
      </trkpt>
      <trkpt lat="24.4707767106592655181884765625" lon="118.1511838920414447784423828125">
        <ele>145.600006103515625</ele>
        <time>2025-08-21T10:32:12.000Z</time>
        <extensions>
          <ns3:TrackPointExtension>
            <ns3:hr>84</ns3:hr>
            <ns3:cad>59</ns3:cad>
          </ns3:TrackPointExtension>
        </extensions>
      </trkpt>
      <trkpt lat="24.47078366763889789581298828125" lon="118.1511734984815120697021484375">
        <ele>145.1999969482421875</ele>
        <time>2025-08-21T10:32:14.000Z</time>
        <extensions>
          <ns3:TrackPointExtension>
            <ns3:hr>84</ns3:hr>
            <ns3:cad>59</ns3:cad>
          </ns3:TrackPointExtension>
        </extensions>
      </trkpt>
      <trkpt lat="24.47080629877746105194091796875" lon="118.1511610932648181915283203125">
        <ele>143.8000030517578125</ele>
        <time>2025-08-21T10:32:18.000Z</time>
        <extensions>
          <ns3:TrackPointExtension>
            <ns3:hr>83</ns3:hr>
            <ns3:cad>59</ns3:cad>
          </ns3:TrackPointExtension>
        </extensions>
      </trkpt>
      <trkpt lat="24.4708112441003322601318359375" lon="118.15115681849420070648193359375">
        <ele>143.600006103515625</ele>
        <time>2025-08-21T10:32:19.000Z</time>
        <extensions>
          <ns3:TrackPointExtension>
            <ns3:hr>83</ns3:hr>
            <ns3:cad>59</ns3:cad>
          </ns3:TrackPointExtension>
        </extensions>
      </trkpt>
      <trkpt lat="24.4708095677196979522705078125" lon="118.1511460058391094207763671875">
        <ele>142.8000030517578125</ele>
        <time>2025-08-21T10:32:22.000Z</time>
        <extensions>
          <ns3:TrackPointExtension>
            <ns3:hr>83</ns3:hr>
            <ns3:cad>57</ns3:cad>
          </ns3:TrackPointExtension>
        </extensions>
      </trkpt>
      <trkpt lat="24.4707978330552577972412109375" lon="118.1511040963232517242431640625">
        <ele>141.399993896484375</ele>
        <time>2025-08-21T10:32:26.000Z</time>
        <extensions>
          <ns3:TrackPointExtension>
            <ns3:hr>84</ns3:hr>
            <ns3:cad>57</ns3:cad>
          </ns3:TrackPointExtension>
        </extensions>
      </trkpt>
      <trkpt lat="24.47077696211636066436767578125" lon="118.1510509550571441650390625">
        <ele>140.399993896484375</ele>
        <time>2025-08-21T10:32:31.000Z</time>
        <extensions>
          <ns3:TrackPointExtension>
            <ns3:hr>84</ns3:hr>
            <ns3:cad>63</ns3:cad>
          </ns3:TrackPointExtension>
        </extensions>
      </trkpt>
      <trkpt lat="24.47075617499649524688720703125" lon="118.15102254040539264678955078125">
        <ele>140.399993896484375</ele>
        <time>2025-08-21T10:32:35.000Z</time>
        <extensions>
          <ns3:TrackPointExtension>
            <ns3:hr>84</ns3:hr>
            <ns3:cad>64</ns3:cad>
          </ns3:TrackPointExtension>
        </extensions>
      </trkpt>
      <trkpt lat="24.47075952775776386260986328125" lon="118.15100611187517642974853515625">
        <ele>140</ele>
        <time>2025-08-21T10:32:37.000Z</time>
        <extensions>
          <ns3:TrackPointExtension>
            <ns3:hr>84</ns3:hr>
            <ns3:cad>61</ns3:cad>
          </ns3:TrackPointExtension>
        </extensions>
      </trkpt>
      <trkpt lat="24.4707656465470790863037109375" lon="118.1510001607239246368408203125">
        <ele>139.8000030517578125</ele>
        <time>2025-08-21T10:32:38.000Z</time>
        <extensions>
          <ns3:TrackPointExtension>
            <ns3:hr>83</ns3:hr>
            <ns3:cad>61</ns3:cad>
          </ns3:TrackPointExtension>
        </extensions>
      </trkpt>
      <trkpt lat="24.47078215889632701873779296875" lon="118.15097996033728122711181640625">
        <ele>139.1999969482421875</ele>
        <time>2025-08-21T10:32:41.000Z</time>
        <extensions>
          <ns3:TrackPointExtension>
            <ns3:hr>81</ns3:hr>
            <ns3:cad>62</ns3:cad>
          </ns3:TrackPointExtension>
        </extensions>
      </trkpt>
      <trkpt lat="24.47079657576978206634521484375" lon="118.15095816738903522491455078125">
        <ele>138</ele>
        <time>2025-08-21T10:32:45.000Z</time>
        <extensions>
          <ns3:TrackPointExtension>
            <ns3:hr>81</ns3:hr>
            <ns3:cad>66</ns3:cad>
          </ns3:TrackPointExtension>
        </extensions>
      </trkpt>
      <trkpt lat="24.47080093435943126678466796875" lon="118.15095062367618083953857421875">
        <ele>137.8000030517578125</ele>
        <time>2025-08-21T10:32:46.000Z</time>
        <extensions>
          <ns3:TrackPointExtension>
            <ns3:hr>82</ns3:hr>
            <ns3:cad>66</ns3:cad>
          </ns3:TrackPointExtension>
        </extensions>
      </trkpt>
      <trkpt lat="24.470815099775791168212890625" lon="118.1509441696107387542724609375">
        <ele>136.8000030517578125</ele>
        <time>2025-08-21T10:32:49.000Z</time>
        <extensions>
          <ns3:TrackPointExtension>
            <ns3:hr>82</ns3:hr>
            <ns3:cad>58</ns3:cad>
          </ns3:TrackPointExtension>
        </extensions>
      </trkpt>
      <trkpt lat="24.470852315425872802734375" lon="118.15094844438135623931884765625">
        <ele>136.1999969482421875</ele>
        <time>2025-08-21T10:32:53.000Z</time>
        <extensions>
          <ns3:TrackPointExtension>
            <ns3:hr>82</ns3:hr>
            <ns3:cad>56</ns3:cad>
          </ns3:TrackPointExtension>
        </extensions>
      </trkpt>
      <trkpt lat="24.47088408283889293670654296875" lon="118.15095414407551288604736328125">
        <ele>135.8000030517578125</ele>
        <time>2025-08-21T10:32:56.000Z</time>
        <extensions>
          <ns3:TrackPointExtension>
            <ns3:hr>82</ns3:hr>
            <ns3:cad>60</ns3:cad>
          </ns3:TrackPointExtension>
        </extensions>
      </trkpt>
      <trkpt lat="24.47094996459782123565673828125" lon="118.15094743855297565460205078125">
        <ele>136</ele>
        <time>2025-08-21T10:33:03.000Z</time>
        <extensions>
          <ns3:TrackPointExtension>
            <ns3:hr>82</ns3:hr>
            <ns3:cad>56</ns3:cad>
          </ns3:TrackPointExtension>
        </extensions>
      </trkpt>
      <trkpt lat="24.47103344835340976715087890625" lon="118.1509002484381198883056640625">
        <ele>135.600006103515625</ele>
        <time>2025-08-21T10:33:13.000Z</time>
        <extensions>
          <ns3:TrackPointExtension>
            <ns3:hr>83</ns3:hr>
            <ns3:cad>58</ns3:cad>
          </ns3:TrackPointExtension>
        </extensions>
      </trkpt>
      <trkpt lat="24.47103579528629779815673828125" lon="118.15089195035398006439208984375">
        <ele>135.8000030517578125</ele>
        <time>2025-08-21T10:33:15.000Z</time>
        <extensions>
          <ns3:TrackPointExtension>
            <ns3:hr>86</ns3:hr>
            <ns3:cad>60</ns3:cad>
          </ns3:TrackPointExtension>
        </extensions>
      </trkpt>
      <trkpt lat="24.4710670597851276397705078125" lon="118.1508479453623294830322265625">
        <ele>136.399993896484375</ele>
        <time>2025-08-21T10:33:22.000Z</time>
        <extensions>
          <ns3:TrackPointExtension>
            <ns3:hr>88</ns3:hr>
            <ns3:cad>56</ns3:cad>
          </ns3:TrackPointExtension>
        </extensions>
      </trkpt>
      <trkpt lat="24.4710682332515716552734375" lon="118.15080896951258182525634765625">
        <ele>134.8000030517578125</ele>
        <time>2025-08-21T10:33:30.000Z</time>
        <extensions>
          <ns3:TrackPointExtension>
            <ns3:hr>90</ns3:hr>
            <ns3:cad>57</ns3:cad>
          </ns3:TrackPointExtension>
        </extensions>
      </trkpt>
      <trkpt lat="24.4710687361657619476318359375" lon="118.1508016772568225860595703125">
        <ele>134</ele>
        <time>2025-08-21T10:33:32.000Z</time>
        <extensions>
          <ns3:TrackPointExtension>
            <ns3:hr>89</ns3:hr>
            <ns3:cad>57</ns3:cad>
          </ns3:TrackPointExtension>
        </extensions>
      </trkpt>
      <trkpt lat="24.47106965817511081695556640625" lon="118.150796480476856231689453125">
        <ele>133.600006103515625</ele>
        <time>2025-08-21T10:33:33.000Z</time>
        <extensions>
          <ns3:TrackPointExtension>
            <ns3:hr>90</ns3:hr>
            <ns3:cad>57</ns3:cad>
          </ns3:TrackPointExtension>
        </extensions>
      </trkpt>
      <trkpt lat="24.47108139283955097198486328125" lon="118.1507698260247707366943359375">
        <ele>132.1999969482421875</ele>
        <time>2025-08-21T10:33:37.000Z</time>
        <extensions>
          <ns3:TrackPointExtension>
            <ns3:hr>90</ns3:hr>
            <ns3:cad>61</ns3:cad>
          </ns3:TrackPointExtension>
        </extensions>
      </trkpt>
      <trkpt lat="24.47110972367227077484130859375" lon="118.1507523916661739349365234375">
        <ele>131.1999969482421875</ele>
        <time>2025-08-21T10:33:41.000Z</time>
        <extensions>
          <ns3:TrackPointExtension>
            <ns3:hr>89</ns3:hr>
            <ns3:cad>59</ns3:cad>
          </ns3:TrackPointExtension>
        </extensions>
      </trkpt>
      <trkpt lat="24.4711119867861270904541015625" lon="118.15072330646216869354248046875">
        <ele>129.8000030517578125</ele>
        <time>2025-08-21T10:33:46.000Z</time>
        <extensions>
          <ns3:TrackPointExtension>
            <ns3:hr>88</ns3:hr>
            <ns3:cad>56</ns3:cad>
          </ns3:TrackPointExtension>
        </extensions>
      </trkpt>
      <trkpt lat="24.47110536508262157440185546875" lon="118.15070637501776218414306640625">
        <ele>129</ele>
        <time>2025-08-21T10:33:48.000Z</time>
        <extensions>
          <ns3:TrackPointExtension>
            <ns3:hr>88</ns3:hr>
            <ns3:cad>56</ns3:cad>
          </ns3:TrackPointExtension>
        </extensions>
      </trkpt>
      <trkpt lat="24.47110083885490894317626953125" lon="118.15069715492427349090576171875">
        <ele>128.399993896484375</ele>
        <time>2025-08-21T10:33:49.000Z</time>
        <extensions>
          <ns3:TrackPointExtension>
            <ns3:hr>88</ns3:hr>
            <ns3:cad>56</ns3:cad>
          </ns3:TrackPointExtension>
        </extensions>
      </trkpt>
      <trkpt lat="24.4710891880095005035400390625" lon="118.15066161565482616424560546875">
        <ele>127.40000152587890625</ele>
        <time>2025-08-21T10:33:52.000Z</time>
        <extensions>
          <ns3:TrackPointExtension>
            <ns3:hr>89</ns3:hr>
            <ns3:cad>60</ns3:cad>
          </ns3:TrackPointExtension>
        </extensions>
      </trkpt>
      <trkpt lat="24.4710999168455600738525390625" lon="118.1506370566785335540771484375">
        <ele>127</ele>
        <time>2025-08-21T10:33:55.000Z</time>
        <extensions>
          <ns3:TrackPointExtension>
            <ns3:hr>92</ns3:hr>
            <ns3:cad>60</ns3:cad>
          </ns3:TrackPointExtension>
        </extensions>
      </trkpt>
      <trkpt lat="24.47110553272068500518798828125" lon="118.15062205307185649871826171875">
        <ele>126.59999847412109375</ele>
        <time>2025-08-21T10:33:57.000Z</time>
        <extensions>
          <ns3:TrackPointExtension>
            <ns3:hr>92</ns3:hr>
            <ns3:cad>60</ns3:cad>
          </ns3:TrackPointExtension>
        </extensions>
      </trkpt>
      <trkpt lat="24.47110603563487529754638671875" lon="118.1506142579019069671630859375">
        <ele>126.40000152587890625</ele>
        <time>2025-08-21T10:33:58.000Z</time>
        <extensions>
          <ns3:TrackPointExtension>
            <ns3:hr>92</ns3:hr>
            <ns3:cad>60</ns3:cad>
          </ns3:TrackPointExtension>
        </extensions>
      </trkpt>
      <trkpt lat="24.4711066223680973052978515625" lon="118.15055851824581623077392578125">
        <ele>125.8000030517578125</ele>
        <time>2025-08-21T10:34:03.000Z</time>
        <extensions>
          <ns3:TrackPointExtension>
            <ns3:hr>91</ns3:hr>
            <ns3:cad>61</ns3:cad>
          </ns3:TrackPointExtension>
        </extensions>
      </trkpt>
      <trkpt lat="24.47110712528228759765625" lon="118.15052951686084270477294921875">
        <ele>125.1999969482421875</ele>
        <time>2025-08-21T10:34:06.000Z</time>
        <extensions>
          <ns3:TrackPointExtension>
            <ns3:hr>91</ns3:hr>
            <ns3:cad>59</ns3:cad>
          </ns3:TrackPointExtension>
        </extensions>
      </trkpt>
      <trkpt lat="24.4711022637784481048583984375" lon="118.15048576332628726959228515625">
        <ele>124.1999969482421875</ele>
        <time>2025-08-21T10:34:10.000Z</time>
        <extensions>
          <ns3:TrackPointExtension>
            <ns3:hr>91</ns3:hr>
            <ns3:cad>62</ns3:cad>
          </ns3:TrackPointExtension>
        </extensions>
      </trkpt>
      <trkpt lat="24.471099078655242919921875" lon="118.1504684127867221832275390625">
        <ele>124.1999969482421875</ele>
        <time>2025-08-21T10:34:11.000Z</time>
        <extensions>
          <ns3:TrackPointExtension>
            <ns3:hr>90</ns3:hr>
            <ns3:cad>62</ns3:cad>
          </ns3:TrackPointExtension>
        </extensions>
      </trkpt>
      <trkpt lat="24.471125565469264984130859375" lon="118.15042558126151561737060546875">
        <ele>123.40000152587890625</ele>
        <time>2025-08-21T10:34:15.000Z</time>
        <extensions>
          <ns3:TrackPointExtension>
            <ns3:hr>93</ns3:hr>
            <ns3:cad>68</ns3:cad>
          </ns3:TrackPointExtension>
        </extensions>
      </trkpt>
      <trkpt lat="24.47113587521016597747802734375" lon="118.1504233181476593017578125">
        <ele>123.1999969482421875</ele>
        <time>2025-08-21T10:34:16.000Z</time>
        <extensions>
          <ns3:TrackPointExtension>
            <ns3:hr>94</ns3:hr>
            <ns3:cad>68</ns3:cad>
          </ns3:TrackPointExtension>
        </extensions>
      </trkpt>
      <trkpt lat="24.47115532122552394866943359375" lon="118.15042155794799327850341796875">
        <ele>123</ele>
        <time>2025-08-21T10:34:18.000Z</time>
        <extensions>
          <ns3:TrackPointExtension>
            <ns3:hr>94</ns3:hr>
            <ns3:cad>66</ns3:cad>
          </ns3:TrackPointExtension>
        </extensions>
      </trkpt>
      <trkpt lat="24.47121634148061275482177734375" lon="118.1504147686064243316650390625">
        <ele>121.8000030517578125</ele>
        <time>2025-08-21T10:34:23.000Z</time>
        <extensions>
          <ns3:TrackPointExtension>
            <ns3:hr>94</ns3:hr>
            <ns3:cad>57</ns3:cad>
          </ns3:TrackPointExtension>
        </extensions>
      </trkpt>
      <trkpt lat="24.47122790850698947906494140625" lon="118.15041434951126575469970703125">
        <ele>121.59999847412109375</ele>
        <time>2025-08-21T10:34:24.000Z</time>
        <extensions>
          <ns3:TrackPointExtension>
            <ns3:hr>94</ns3:hr>
            <ns3:cad>57</ns3:cad>
          </ns3:TrackPointExtension>
        </extensions>
      </trkpt>
      <trkpt lat="24.47125523351132869720458984375" lon="118.15039674751460552215576171875">
        <ele>120.59999847412109375</ele>
        <time>2025-08-21T10:34:28.000Z</time>
        <extensions>
          <ns3:TrackPointExtension>
            <ns3:hr>91</ns3:hr>
            <ns3:cad>54</ns3:cad>
          </ns3:TrackPointExtension>
        </extensions>
      </trkpt>
      <trkpt lat="24.47127032093703746795654296875" lon="118.1503862701356410980224609375">
        <ele>120</ele>
        <time>2025-08-21T10:34:30.000Z</time>
        <extensions>
          <ns3:TrackPointExtension>
            <ns3:hr>87</ns3:hr>
            <ns3:cad>56</ns3:cad>
          </ns3:TrackPointExtension>
        </extensions>
      </trkpt>
      <trkpt lat="24.47128624655306339263916015625" lon="118.15037344582378864288330078125">
        <ele>119.59999847412109375</ele>
        <time>2025-08-21T10:34:32.000Z</time>
        <extensions>
          <ns3:TrackPointExtension>
            <ns3:hr>84</ns3:hr>
            <ns3:cad>57</ns3:cad>
          </ns3:TrackPointExtension>
        </extensions>
      </trkpt>
      <trkpt lat="24.47132312692701816558837890625" lon="118.15034695900976657867431640625">
        <ele>118.59999847412109375</ele>
        <time>2025-08-21T10:34:37.000Z</time>
        <extensions>
          <ns3:TrackPointExtension>
            <ns3:hr>82</ns3:hr>
            <ns3:cad>61</ns3:cad>
          </ns3:TrackPointExtension>
        </extensions>
      </trkpt>
      <trkpt lat="24.471329748630523681640625" lon="118.15034218132495880126953125">
        <ele>118.40000152587890625</ele>
        <time>2025-08-21T10:34:38.000Z</time>
        <extensions>
          <ns3:TrackPointExtension>
            <ns3:hr>82</ns3:hr>
            <ns3:cad>61</ns3:cad>
          </ns3:TrackPointExtension>
        </extensions>
      </trkpt>
      <trkpt lat="24.471341483294963836669921875" lon="118.15032608807086944580078125">
        <ele>117.59999847412109375</ele>
        <time>2025-08-21T10:34:40.000Z</time>
        <extensions>
          <ns3:TrackPointExtension>
            <ns3:hr>82</ns3:hr>
            <ns3:cad>59</ns3:cad>
          </ns3:TrackPointExtension>
        </extensions>
      </trkpt>
      <trkpt lat="24.47134827263653278350830078125" lon="118.15030957572162151336669921875">
        <ele>117.1999969482421875</ele>
        <time>2025-08-21T10:34:42.000Z</time>
        <extensions>
          <ns3:TrackPointExtension>
            <ns3:hr>82</ns3:hr>
            <ns3:cad>59</ns3:cad>
          </ns3:TrackPointExtension>
        </extensions>
      </trkpt>
      <trkpt lat="24.471350200474262237548828125" lon="118.15028778277337551116943359375">
        <ele>117</ele>
        <time>2025-08-21T10:34:44.000Z</time>
        <extensions>
          <ns3:TrackPointExtension>
            <ns3:hr>84</ns3:hr>
            <ns3:cad>56</ns3:cad>
          </ns3:TrackPointExtension>
        </extensions>
      </trkpt>
      <trkpt lat="24.4713632762432098388671875" lon="118.15026707947254180908203125">
        <ele>117</ele>
        <time>2025-08-21T10:34:46.000Z</time>
        <extensions>
          <ns3:TrackPointExtension>
            <ns3:hr>85</ns3:hr>
            <ns3:cad>56</ns3:cad>
          </ns3:TrackPointExtension>
        </extensions>
      </trkpt>
      <trkpt lat="24.471372663974761962890625" lon="118.1502310372889041900634765625">
        <ele>116.59999847412109375</ele>
        <time>2025-08-21T10:34:50.000Z</time>
        <extensions>
          <ns3:TrackPointExtension>
            <ns3:hr>85</ns3:hr>
            <ns3:cad>55</ns3:cad>
          </ns3:TrackPointExtension>
        </extensions>
      </trkpt>
      <trkpt lat="24.47137459181249141693115234375" lon="118.15021318383514881134033203125">
        <ele>116.1999969482421875</ele>
        <time>2025-08-21T10:34:52.000Z</time>
        <extensions>
          <ns3:TrackPointExtension>
            <ns3:hr>84</ns3:hr>
            <ns3:cad>56</ns3:cad>
          </ns3:TrackPointExtension>
        </extensions>
      </trkpt>
      <trkpt lat="24.4713771902024745941162109375" lon="118.15018250606954097747802734375">
        <ele>115.40000152587890625</ele>
        <time>2025-08-21T10:34:56.000Z</time>
        <extensions>
          <ns3:TrackPointExtension>
            <ns3:hr>84</ns3:hr>
            <ns3:cad>56</ns3:cad>
          </ns3:TrackPointExtension>
        </extensions>
      </trkpt>
      <trkpt lat="24.47137610055506229400634765625" lon="118.1501733697950839996337890625">
        <ele>115</ele>
        <time>2025-08-21T10:34:57.000Z</time>
        <extensions>
          <ns3:TrackPointExtension>
            <ns3:hr>84</ns3:hr>
            <ns3:cad>57</ns3:cad>
          </ns3:TrackPointExtension>
        </extensions>
      </trkpt>
      <trkpt lat="24.471393786370754241943359375" lon="118.15015618689358234405517578125">
        <ele>114.40000152587890625</ele>
        <time>2025-08-21T10:35:00.000Z</time>
        <extensions>
          <ns3:TrackPointExtension>
            <ns3:hr>83</ns3:hr>
            <ns3:cad>57</ns3:cad>
          </ns3:TrackPointExtension>
        </extensions>
      </trkpt>
      <trkpt lat="24.471407197415828704833984375" lon="118.1501532532274723052978515625">
        <ele>114</ele>
        <time>2025-08-21T10:35:01.000Z</time>
        <extensions>
          <ns3:TrackPointExtension>
            <ns3:hr>84</ns3:hr>
            <ns3:cad>57</ns3:cad>
          </ns3:TrackPointExtension>
        </extensions>
      </trkpt>
      <trkpt lat="24.4714174233376979827880859375" lon="118.1501577794551849365234375">
        <ele>113.8000030517578125</ele>
        <time>2025-08-21T10:35:02.000Z</time>
        <extensions>
          <ns3:TrackPointExtension>
            <ns3:hr>84</ns3:hr>
            <ns3:cad>57</ns3:cad>
          </ns3:TrackPointExtension>
        </extensions>
      </trkpt>
      <trkpt lat="24.47142370976507663726806640625" lon="118.150166161358356475830078125">
        <ele>113.59999847412109375</ele>
        <time>2025-08-21T10:35:03.000Z</time>
        <extensions>
          <ns3:TrackPointExtension>
            <ns3:hr>84</ns3:hr>
            <ns3:cad>57</ns3:cad>
          </ns3:TrackPointExtension>
        </extensions>
      </trkpt>
      <trkpt lat="24.471451453864574432373046875" lon="118.15018468536436557769775390625">
        <ele>112.8000030517578125</ele>
        <time>2025-08-21T10:35:06.000Z</time>
        <extensions>
          <ns3:TrackPointExtension>
            <ns3:hr>83</ns3:hr>
            <ns3:cad>55</ns3:cad>
          </ns3:TrackPointExtension>
        </extensions>
      </trkpt>
      <trkpt lat="24.47146830148994922637939453125" lon="118.150174207985401153564453125">
        <ele>112.1999969482421875</ele>
        <time>2025-08-21T10:35:09.000Z</time>
        <extensions>
          <ns3:TrackPointExtension>
            <ns3:hr>83</ns3:hr>
            <ns3:cad>55</ns3:cad>
          </ns3:TrackPointExtension>
        </extensions>
      </trkpt>
      <trkpt lat="24.4714737497270107269287109375" lon="118.15016792155802249908447265625">
        <ele>112</ele>
        <time>2025-08-21T10:35:10.000Z</time>
        <extensions>
          <ns3:TrackPointExtension>
            <ns3:hr>84</ns3:hr>
            <ns3:cad>55</ns3:cad>
          </ns3:TrackPointExtension>
        </extensions>
      </trkpt>
      <trkpt lat="24.47148104198276996612548828125" lon="118.150161802768707275390625">
        <ele>111.8000030517578125</ele>
        <time>2025-08-21T10:35:11.000Z</time>
        <extensions>
          <ns3:TrackPointExtension>
            <ns3:hr>84</ns3:hr>
            <ns3:cad>57</ns3:cad>
          </ns3:TrackPointExtension>
        </extensions>
      </trkpt>
      <trkpt lat="24.47151104919612407684326171875" lon="118.150135986506938934326171875">
        <ele>110.59999847412109375</ele>
        <time>2025-08-21T10:35:15.000Z</time>
        <extensions>
          <ns3:TrackPointExtension>
            <ns3:hr>84</ns3:hr>
            <ns3:cad>53</ns3:cad>
          </ns3:TrackPointExtension>
        </extensions>
      </trkpt>
      <trkpt lat="24.4715376198291778564453125" lon="118.1501180492341518402099609375">
        <ele>109.8000030517578125</ele>
        <time>2025-08-21T10:35:18.000Z</time>
        <extensions>
          <ns3:TrackPointExtension>
            <ns3:hr>84</ns3:hr>
            <ns3:cad>53</ns3:cad>
          </ns3:TrackPointExtension>
        </extensions>
      </trkpt>
      <trkpt lat="24.471544660627841949462890625" lon="118.1501150317490100860595703125">
        <ele>109.40000152587890625</ele>
        <time>2025-08-21T10:35:19.000Z</time>
        <extensions>
          <ns3:TrackPointExtension>
            <ns3:hr>85</ns3:hr>
            <ns3:cad>53</ns3:cad>
          </ns3:TrackPointExtension>
        </extensions>
      </trkpt>
      <trkpt lat="24.471576847136020660400390625" lon="118.15009566955268383026123046875">
        <ele>108.40000152587890625</ele>
        <time>2025-08-21T10:35:23.000Z</time>
        <extensions>
          <ns3:TrackPointExtension>
            <ns3:hr>84</ns3:hr>
            <ns3:cad>54</ns3:cad>
          </ns3:TrackPointExtension>
        </extensions>
      </trkpt>
      <trkpt lat="24.471592605113983154296875" lon="118.15009147860109806060791015625">
        <ele>107.59999847412109375</ele>
        <time>2025-08-21T10:35:26.000Z</time>
        <extensions>
          <ns3:TrackPointExtension>
            <ns3:hr>84</ns3:hr>
            <ns3:cad>57</ns3:cad>
          </ns3:TrackPointExtension>
        </extensions>
      </trkpt>
      <trkpt lat="24.47159604169428348541259765625" lon="118.15009265206754207611083984375">
        <ele>107.40000152587890625</ele>
        <time>2025-08-21T10:35:27.000Z</time>
        <extensions>
          <ns3:TrackPointExtension>
            <ns3:hr>84</ns3:hr>
            <ns3:cad>57</ns3:cad>
          </ns3:TrackPointExtension>
        </extensions>
      </trkpt>
      <trkpt lat="24.47163526900112628936767578125" lon="118.1501140259206295013427734375">
        <ele>106.1999969482421875</ele>
        <time>2025-08-21T10:35:32.000Z</time>
        <extensions>
          <ns3:TrackPointExtension>
            <ns3:hr>85</ns3:hr>
            <ns3:cad>57</ns3:cad>
          </ns3:TrackPointExtension>
        </extensions>
      </trkpt>
      <trkpt lat="24.4716457463800907135009765625" lon="118.1501247547566890716552734375">
        <ele>106</ele>
        <time>2025-08-21T10:35:34.000Z</time>
        <extensions>
          <ns3:TrackPointExtension>
            <ns3:hr>86</ns3:hr>
            <ns3:cad>59</ns3:cad>
          </ns3:TrackPointExtension>
        </extensions>
      </trkpt>
      <trkpt lat="24.47165790013968944549560546875" lon="118.1501338072121143341064453125">
        <ele>105.8000030517578125</ele>
        <time>2025-08-21T10:35:36.000Z</time>
        <extensions>
          <ns3:TrackPointExtension>
            <ns3:hr>90</ns3:hr>
            <ns3:cad>57</ns3:cad>
          </ns3:TrackPointExtension>
        </extensions>
      </trkpt>
      <trkpt lat="24.4716645218431949615478515625" lon="118.1501363217830657958984375">
        <ele>105.59999847412109375</ele>
        <time>2025-08-21T10:35:37.000Z</time>
        <extensions>
          <ns3:TrackPointExtension>
            <ns3:hr>94</ns3:hr>
            <ns3:cad>57</ns3:cad>
          </ns3:TrackPointExtension>
        </extensions>
      </trkpt>
      <trkpt lat="24.47168120183050632476806640625" lon="118.1501455418765544891357421875">
        <ele>105</ele>
        <time>2025-08-21T10:35:39.000Z</time>
        <extensions>
          <ns3:TrackPointExtension>
            <ns3:hr>96</ns3:hr>
            <ns3:cad>57</ns3:cad>
          </ns3:TrackPointExtension>
        </extensions>
      </trkpt>
      <trkpt lat="24.471706263720989227294921875" lon="118.15014881081879138946533203125">
        <ele>104.1999969482421875</ele>
        <time>2025-08-21T10:35:42.000Z</time>
        <extensions>
          <ns3:TrackPointExtension>
            <ns3:hr>97</ns3:hr>
            <ns3:cad>57</ns3:cad>
          </ns3:TrackPointExtension>
        </extensions>
      </trkpt>
      <trkpt lat="24.4717133045196533203125" lon="118.15015099011361598968505859375">
        <ele>103.8000030517578125</ele>
        <time>2025-08-21T10:35:43.000Z</time>
        <extensions>
          <ns3:TrackPointExtension>
            <ns3:hr>97</ns3:hr>
            <ns3:cad>57</ns3:cad>
          </ns3:TrackPointExtension>
        </extensions>
      </trkpt>
      <trkpt lat="24.471731074154376983642578125" lon="118.150160126388072967529296875">
        <ele>103</ele>
        <time>2025-08-21T10:35:46.000Z</time>
        <extensions>
          <ns3:TrackPointExtension>
            <ns3:hr>94</ns3:hr>
            <ns3:cad>59</ns3:cad>
          </ns3:TrackPointExtension>
        </extensions>
      </trkpt>
      <trkpt lat="24.47173719294369220733642578125" lon="118.15016708336770534515380859375">
        <ele>102.8000030517578125</ele>
        <time>2025-08-21T10:35:47.000Z</time>
        <extensions>
          <ns3:TrackPointExtension>
            <ns3:hr>93</ns3:hr>
            <ns3:cad>59</ns3:cad>
          </ns3:TrackPointExtension>
        </extensions>
      </trkpt>
      <trkpt lat="24.4717562198638916015625" lon="118.150184266269207000732421875">
        <ele>102.1999969482421875</ele>
        <time>2025-08-21T10:35:50.000Z</time>
        <extensions>
          <ns3:TrackPointExtension>
            <ns3:hr>92</ns3:hr>
            <ns3:cad>57</ns3:cad>
          </ns3:TrackPointExtension>
        </extensions>
      </trkpt>
      <trkpt lat="24.471775330603122711181640625" lon="118.15019600093364715576171875">
        <ele>101.59999847412109375</ele>
        <time>2025-08-21T10:35:53.000Z</time>
        <extensions>
          <ns3:TrackPointExtension>
            <ns3:hr>92</ns3:hr>
            <ns3:cad>61</ns3:cad>
          </ns3:TrackPointExtension>
        </extensions>
      </trkpt>
      <trkpt lat="24.4717848859727382659912109375" lon="118.1501988507807254791259765625">
        <ele>100.40000152587890625</ele>
        <time>2025-08-21T10:35:56.000Z</time>
        <extensions>
          <ns3:TrackPointExtension>
            <ns3:hr>91</ns3:hr>
            <ns3:cad>61</ns3:cad>
          </ns3:TrackPointExtension>
        </extensions>
      </trkpt>
      <trkpt lat="24.47178346104919910430908203125" lon="118.15020983107388019561767578125">
        <ele>99.59999847412109375</ele>
        <time>2025-08-21T10:35:59.000Z</time>
        <extensions>
          <ns3:TrackPointExtension>
            <ns3:hr>92</ns3:hr>
            <ns3:cad>60</ns3:cad>
          </ns3:TrackPointExtension>
        </extensions>
      </trkpt>
      <trkpt lat="24.4717822037637233734130859375" lon="118.1502139382064342498779296875">
        <ele>99.40000152587890625</ele>
        <time>2025-08-21T10:36:00.000Z</time>
        <extensions>
          <ns3:TrackPointExtension>
            <ns3:hr>92</ns3:hr>
            <ns3:cad>60</ns3:cad>
          </ns3:TrackPointExtension>
        </extensions>
      </trkpt>
      <trkpt lat="24.471792094409465789794921875" lon="118.15022709779441356658935546875">
        <ele>98.1999969482421875</ele>
        <time>2025-08-21T10:36:04.000Z</time>
        <extensions>
          <ns3:TrackPointExtension>
            <ns3:hr>93</ns3:hr>
            <ns3:cad>57</ns3:cad>
          </ns3:TrackPointExtension>
        </extensions>
      </trkpt>
      <trkpt lat="24.47181749157607555389404296875" lon="118.15023447386920452117919921875">
        <ele>97</ele>
        <time>2025-08-21T10:36:08.000Z</time>
        <extensions>
          <ns3:TrackPointExtension>
            <ns3:hr>94</ns3:hr>
            <ns3:cad>56</ns3:cad>
          </ns3:TrackPointExtension>
        </extensions>
      </trkpt>
      <trkpt lat="24.4718482531607151031494140625" lon="118.15023891627788543701171875">
        <ele>96.1999969482421875</ele>
        <time>2025-08-21T10:36:11.000Z</time>
        <extensions>
          <ns3:TrackPointExtension>
            <ns3:hr>91</ns3:hr>
            <ns3:cad>57</ns3:cad>
          </ns3:TrackPointExtension>
        </extensions>
      </trkpt>
      <trkpt lat="24.4718626700341701507568359375" lon="118.1502353958785533905029296875">
        <ele>96</ele>
        <time>2025-08-21T10:36:12.000Z</time>
        <extensions>
          <ns3:TrackPointExtension>
            <ns3:hr>90</ns3:hr>
            <ns3:cad>57</ns3:cad>
          </ns3:TrackPointExtension>
        </extensions>
      </trkpt>
      <trkpt lat="24.47189502418041229248046875" lon="118.1502270139753818511962890625">
        <ele>95.1999969482421875</ele>
        <time>2025-08-21T10:36:16.000Z</time>
        <extensions>
          <ns3:TrackPointExtension>
            <ns3:hr>89</ns3:hr>
            <ns3:cad>58</ns3:cad>
          </ns3:TrackPointExtension>
        </extensions>
      </trkpt>
      <trkpt lat="24.47189996950328350067138671875" lon="118.150225840508937835693359375">
        <ele>95</ele>
        <time>2025-08-21T10:36:17.000Z</time>
        <extensions>
          <ns3:TrackPointExtension>
            <ns3:hr>90</ns3:hr>
            <ns3:cad>59</ns3:cad>
          </ns3:TrackPointExtension>
        </extensions>
      </trkpt>
      <trkpt lat="24.47192327119410037994384765625" lon="118.1502226553857326507568359375">
        <ele>93.8000030517578125</ele>
        <time>2025-08-21T10:36:21.000Z</time>
        <extensions>
          <ns3:TrackPointExtension>
            <ns3:hr>89</ns3:hr>
            <ns3:cad>61</ns3:cad>
          </ns3:TrackPointExtension>
        </extensions>
      </trkpt>
      <trkpt lat="24.4719485007226467132568359375" lon="118.15021553076803684234619140625">
        <ele>93</ele>
        <time>2025-08-21T10:36:24.000Z</time>
        <extensions>
          <ns3:TrackPointExtension>
            <ns3:hr>88</ns3:hr>
            <ns3:cad>61</ns3:cad>
          </ns3:TrackPointExtension>
        </extensions>
      </trkpt>
      <trkpt lat="24.47195663116872310638427734375" lon="118.15021586604416370391845703125">
        <ele>92.8000030517578125</ele>
        <time>2025-08-21T10:36:25.000Z</time>
        <extensions>
          <ns3:TrackPointExtension>
            <ns3:hr>88</ns3:hr>
            <ns3:cad>61</ns3:cad>
          </ns3:TrackPointExtension>
        </extensions>
      </trkpt>
      <trkpt lat="24.47200139053165912628173828125" lon="118.15021955408155918121337890625">
        <ele>91.40000152587890625</ele>
        <time>2025-08-21T10:36:30.000Z</time>
        <extensions>
          <ns3:TrackPointExtension>
            <ns3:hr>88</ns3:hr>
            <ns3:cad>58</ns3:cad>
          </ns3:TrackPointExtension>
        </extensions>
      </trkpt>
      <trkpt lat="24.4720177352428436279296875" lon="118.15023782663047313690185546875">
        <ele>90.40000152587890625</ele>
        <time>2025-08-21T10:36:33.000Z</time>
        <extensions>
          <ns3:TrackPointExtension>
            <ns3:hr>87</ns3:hr>
            <ns3:cad>57</ns3:cad>
          </ns3:TrackPointExtension>
        </extensions>
      </trkpt>
      <trkpt lat="24.47202670387923717498779296875" lon="118.15024453215301036834716796875">
        <ele>90</ele>
        <time>2025-08-21T10:36:34.000Z</time>
        <extensions>
          <ns3:TrackPointExtension>
            <ns3:hr>87</ns3:hr>
            <ns3:cad>59</ns3:cad>
          </ns3:TrackPointExtension>
        </extensions>
      </trkpt>
      <trkpt lat="24.47203508578240871429443359375" lon="118.15025576390326023101806640625">
        <ele>89.1999969482421875</ele>
        <time>2025-08-21T10:36:37.000Z</time>
        <extensions>
          <ns3:TrackPointExtension>
            <ns3:hr>87</ns3:hr>
            <ns3:cad>60</ns3:cad>
          </ns3:TrackPointExtension>
        </extensions>
      </trkpt>
      <trkpt lat="24.47207481600344181060791015625" lon="118.15025274641811847686767578125">
        <ele>88.1999969482421875</ele>
        <time>2025-08-21T10:36:42.000Z</time>
        <extensions>
          <ns3:TrackPointExtension>
            <ns3:hr>86</ns3:hr>
            <ns3:cad>55</ns3:cad>
          </ns3:TrackPointExtension>
        </extensions>
      </trkpt>
      <trkpt lat="24.4720879755914211273193359375" lon="118.15024939365684986114501953125">
        <ele>88.1999969482421875</ele>
        <time>2025-08-21T10:36:43.000Z</time>
        <extensions>
          <ns3:TrackPointExtension>
            <ns3:hr>86</ns3:hr>
            <ns3:cad>55</ns3:cad>
          </ns3:TrackPointExtension>
        </extensions>
      </trkpt>
      <trkpt lat="24.47216433472931385040283203125" lon="118.15020044334232807159423828125">
        <ele>87</ele>
        <time>2025-08-21T10:36:50.000Z</time>
        <extensions>
          <ns3:TrackPointExtension>
            <ns3:hr>88</ns3:hr>
            <ns3:cad>65</ns3:cad>
          </ns3:TrackPointExtension>
        </extensions>
      </trkpt>
      <trkpt lat="24.47221420705318450927734375" lon="118.15015652216970920562744140625">
        <ele>87.1999969482421875</ele>
        <time>2025-08-21T10:36:57.000Z</time>
        <extensions>
          <ns3:TrackPointExtension>
            <ns3:hr>87</ns3:hr>
            <ns3:cad>63</ns3:cad>
          </ns3:TrackPointExtension>
        </extensions>
      </trkpt>
      <trkpt lat="24.472284615039825439453125" lon="118.15009868703782558441162109375">
        <ele>87.59999847412109375</ele>
        <time>2025-08-21T10:37:05.000Z</time>
        <extensions>
          <ns3:TrackPointExtension>
            <ns3:hr>87</ns3:hr>
            <ns3:cad>53</ns3:cad>
          </ns3:TrackPointExtension>
        </extensions>
      </trkpt>
      <trkpt lat="24.47232761420309543609619140625" lon="118.150060884654521942138671875">
        <ele>87.1999969482421875</ele>
        <time>2025-08-21T10:37:12.000Z</time>
        <extensions>
          <ns3:TrackPointExtension>
            <ns3:hr>86</ns3:hr>
            <ns3:cad>0</ns3:cad>
          </ns3:TrackPointExtension>
        </extensions>
      </trkpt>
      <trkpt lat="24.47233222424983978271484375" lon="118.1499812565743923187255859375">
        <ele>87.1999969482421875</ele>
        <time>2025-08-21T10:37:21.000Z</time>
        <extensions>
          <ns3:TrackPointExtension>
            <ns3:hr>89</ns3:hr>
            <ns3:cad>0</ns3:cad>
          </ns3:TrackPointExtension>
        </extensions>
      </trkpt>
      <trkpt lat="24.47235359810292720794677734375" lon="118.1499430350959300994873046875">
        <ele>85.8000030517578125</ele>
        <time>2025-08-21T10:37:26.000Z</time>
        <extensions>
          <ns3:TrackPointExtension>
            <ns3:hr>89</ns3:hr>
            <ns3:cad>55</ns3:cad>
          </ns3:TrackPointExtension>
        </extensions>
      </trkpt>
      <trkpt lat="24.47235829196870326995849609375" lon="118.14993959851562976837158203125">
        <ele>85.1999969482421875</ele>
        <time>2025-08-21T10:37:28.000Z</time>
        <extensions>
          <ns3:TrackPointExtension>
            <ns3:hr>90</ns3:hr>
            <ns3:cad>57</ns3:cad>
          </ns3:TrackPointExtension>
        </extensions>
      </trkpt>
      <trkpt lat="24.47236734442412853240966796875" lon="118.14993054606020450592041015625">
        <ele>84.8000030517578125</ele>
        <time>2025-08-21T10:37:30.000Z</time>
        <extensions>
          <ns3:TrackPointExtension>
            <ns3:hr>90</ns3:hr>
            <ns3:cad>57</ns3:cad>
          </ns3:TrackPointExtension>
        </extensions>
      </trkpt>
      <trkpt lat="24.472394920885562896728515625" lon="118.14991428516805171966552734375">
        <ele>83.59999847412109375</ele>
        <time>2025-08-21T10:37:34.000Z</time>
        <extensions>
          <ns3:TrackPointExtension>
            <ns3:hr>91</ns3:hr>
            <ns3:cad>48</ns3:cad>
          </ns3:TrackPointExtension>
        </extensions>
      </trkpt>
      <trkpt lat="24.47243423201143741607666015625" lon="118.1499051488935947418212890625">
        <ele>83.1999969482421875</ele>
        <time>2025-08-21T10:37:37.000Z</time>
        <extensions>
          <ns3:TrackPointExtension>
            <ns3:hr>92</ns3:hr>
            <ns3:cad>54</ns3:cad>
          </ns3:TrackPointExtension>
        </extensions>
      </trkpt>
      <trkpt lat="24.472549818456172943115234375" lon="118.149875141680240631103515625">
        <ele>83.40000152587890625</ele>
        <time>2025-08-21T10:37:47.000Z</time>
        <extensions>
          <ns3:TrackPointExtension>
            <ns3:hr>91</ns3:hr>
            <ns3:cad>58</ns3:cad>
          </ns3:TrackPointExtension>
        </extensions>
      </trkpt>
      <trkpt lat="24.4726227410137653350830078125" lon="118.14985544420778751373291015625">
        <ele>83.59999847412109375</ele>
        <time>2025-08-21T10:37:55.000Z</time>
        <extensions>
          <ns3:TrackPointExtension>
            <ns3:hr>88</ns3:hr>
            <ns3:cad>57</ns3:cad>
          </ns3:TrackPointExtension>
        </extensions>
      </trkpt>
      <trkpt lat="24.47263204492628574371337890625" lon="118.1498572044074535369873046875">
        <ele>83.8000030517578125</ele>
        <time>2025-08-21T10:37:56.000Z</time>
        <extensions>
          <ns3:TrackPointExtension>
            <ns3:hr>88</ns3:hr>
            <ns3:cad>57</ns3:cad>
          </ns3:TrackPointExtension>
        </extensions>
      </trkpt>
      <trkpt lat="24.47267881594598293304443359375" lon="118.14983113668859004974365234375">
        <ele>83.1999969482421875</ele>
        <time>2025-08-21T10:38:02.000Z</time>
        <extensions>
          <ns3:TrackPointExtension>
            <ns3:hr>85</ns3:hr>
            <ns3:cad>57</ns3:cad>
          </ns3:TrackPointExtension>
        </extensions>
      </trkpt>
      <trkpt lat="24.4727025367319583892822265625" lon="118.1498059071600437164306640625">
        <ele>83.1999969482421875</ele>
        <time>2025-08-21T10:38:05.000Z</time>
        <extensions>
          <ns3:TrackPointExtension>
            <ns3:hr>84</ns3:hr>
            <ns3:cad>0</ns3:cad>
          </ns3:TrackPointExtension>
        </extensions>
      </trkpt>
      <trkpt lat="24.4727692566812038421630859375" lon="118.149765171110630035400390625">
        <ele>82.59999847412109375</ele>
        <time>2025-08-21T10:38:11.000Z</time>
        <extensions>
          <ns3:TrackPointExtension>
            <ns3:hr>85</ns3:hr>
            <ns3:cad>57</ns3:cad>
          </ns3:TrackPointExtension>
        </extensions>
      </trkpt>
      <trkpt lat="24.47280588559806346893310546875" lon="118.1497532688081264495849609375">
        <ele>82.40000152587890625</ele>
        <time>2025-08-21T10:38:14.000Z</time>
        <extensions>
          <ns3:TrackPointExtension>
            <ns3:hr>85</ns3:hr>
            <ns3:cad>58</ns3:cad>
          </ns3:TrackPointExtension>
        </extensions>
      </trkpt>
      <trkpt lat="24.472860954701900482177734375" lon="118.14977766014635562896728515625">
        <ele>81.59999847412109375</ele>
        <time>2025-08-21T10:38:22.000Z</time>
        <extensions>
          <ns3:TrackPointExtension>
            <ns3:hr>84</ns3:hr>
            <ns3:cad>55</ns3:cad>
          </ns3:TrackPointExtension>
        </extensions>
      </trkpt>
      <trkpt lat="24.47286556474864482879638671875" lon="118.14977363683283329010009765625">
        <ele>81.40000152587890625</ele>
        <time>2025-08-21T10:38:23.000Z</time>
        <extensions>
          <ns3:TrackPointExtension>
            <ns3:hr>85</ns3:hr>
            <ns3:cad>55</ns3:cad>
          </ns3:TrackPointExtension>
        </extensions>
      </trkpt>
      <trkpt lat="24.47287528775632381439208984375" lon="118.14975754357874393463134765625">
        <ele>81</ele>
        <time>2025-08-21T10:38:25.000Z</time>
        <extensions>
          <ns3:TrackPointExtension>
            <ns3:hr>85</ns3:hr>
            <ns3:cad>60</ns3:cad>
          </ns3:TrackPointExtension>
        </extensions>
      </trkpt>
      <trkpt lat="24.47290345095098018646240234375" lon="118.149728290736675262451171875">
        <ele>80.1999969482421875</ele>
        <time>2025-08-21T10:38:29.000Z</time>
        <extensions>
          <ns3:TrackPointExtension>
            <ns3:hr>86</ns3:hr>
            <ns3:cad>0</ns3:cad>
          </ns3:TrackPointExtension>
        </extensions>
      </trkpt>
      <trkpt lat="24.47296254336833953857421875" lon="118.14969819970428943634033203125">
        <ele>79.1999969482421875</ele>
        <time>2025-08-21T10:38:36.000Z</time>
        <extensions>
          <ns3:TrackPointExtension>
            <ns3:hr>86</ns3:hr>
            <ns3:cad>57</ns3:cad>
          </ns3:TrackPointExtension>
        </extensions>
      </trkpt>
      <trkpt lat="24.47298173792660236358642578125" lon="118.14968747086822986602783203125">
        <ele>79</ele>
        <time>2025-08-21T10:38:38.000Z</time>
        <extensions>
          <ns3:TrackPointExtension>
            <ns3:hr>87</ns3:hr>
            <ns3:cad>59</ns3:cad>
          </ns3:TrackPointExtension>
        </extensions>
      </trkpt>
      <trkpt lat="24.47300336323678493499755859375" lon="118.1496580503880977630615234375">
        <ele>78.1999969482421875</ele>
        <time>2025-08-21T10:38:42.000Z</time>
        <extensions>
          <ns3:TrackPointExtension>
            <ns3:hr>87</ns3:hr>
            <ns3:cad>62</ns3:cad>
          </ns3:TrackPointExtension>
        </extensions>
      </trkpt>
      <trkpt lat="24.4730250723659992218017578125" lon="118.1496241874992847442626953125">
        <ele>77.1999969482421875</ele>
        <time>2025-08-21T10:38:47.000Z</time>
        <extensions>
          <ns3:TrackPointExtension>
            <ns3:hr>88</ns3:hr>
            <ns3:cad>61</ns3:cad>
          </ns3:TrackPointExtension>
        </extensions>
      </trkpt>
      <trkpt lat="24.4730331189930438995361328125" lon="118.14961320720613002777099609375">
        <ele>77</ele>
        <time>2025-08-21T10:38:48.000Z</time>
        <extensions>
          <ns3:TrackPointExtension>
            <ns3:hr>87</ns3:hr>
            <ns3:cad>61</ns3:cad>
          </ns3:TrackPointExtension>
        </extensions>
      </trkpt>
      <trkpt lat="24.47305918671190738677978515625" lon="118.14956794492900371551513671875">
        <ele>75.8000030517578125</ele>
        <time>2025-08-21T10:38:54.000Z</time>
        <extensions>
          <ns3:TrackPointExtension>
            <ns3:hr>85</ns3:hr>
            <ns3:cad>57</ns3:cad>
          </ns3:TrackPointExtension>
        </extensions>
      </trkpt>
      <trkpt lat="24.4730642996728420257568359375" lon="118.14956123940646648406982421875">
        <ele>75.59999847412109375</ele>
        <time>2025-08-21T10:38:55.000Z</time>
        <extensions>
          <ns3:TrackPointExtension>
            <ns3:hr>85</ns3:hr>
            <ns3:cad>58</ns3:cad>
          </ns3:TrackPointExtension>
        </extensions>
      </trkpt>
      <trkpt lat="24.47309531271457672119140625" lon="118.14953148365020751953125">
        <ele>74.8000030517578125</ele>
        <time>2025-08-21T10:38:58.000Z</time>
        <extensions>
          <ns3:TrackPointExtension>
            <ns3:hr>84</ns3:hr>
            <ns3:cad>58</ns3:cad>
          </ns3:TrackPointExtension>
        </extensions>
      </trkpt>
      <trkpt lat="24.473136551678180694580078125" lon="118.14951932989060878753662109375">
        <ele>74.1999969482421875</ele>
        <time>2025-08-21T10:39:01.000Z</time>
        <extensions>
          <ns3:TrackPointExtension>
            <ns3:hr>83</ns3:hr>
            <ns3:cad>55</ns3:cad>
          </ns3:TrackPointExtension>
        </extensions>
      </trkpt>
      <trkpt lat="24.473210312426090240478515625" lon="118.1495420448482036590576171875">
        <ele>75</ele>
        <time>2025-08-21T10:39:09.000Z</time>
        <extensions>
          <ns3:TrackPointExtension>
            <ns3:hr>84</ns3:hr>
            <ns3:cad>50</ns3:cad>
          </ns3:TrackPointExtension>
        </extensions>
      </trkpt>
      <trkpt lat="24.47329756803810596466064453125" lon="118.14954816363751888275146484375">
        <ele>74.59999847412109375</ele>
        <time>2025-08-21T10:39:17.000Z</time>
        <extensions>
          <ns3:TrackPointExtension>
            <ns3:hr>86</ns3:hr>
            <ns3:cad>53</ns3:cad>
          </ns3:TrackPointExtension>
        </extensions>
      </trkpt>
      <trkpt lat="24.47334383614361286163330078125" lon="118.14956392161548137664794921875">
        <ele>73.40000152587890625</ele>
        <time>2025-08-21T10:39:23.000Z</time>
        <extensions>
          <ns3:TrackPointExtension>
            <ns3:hr>88</ns3:hr>
            <ns3:cad>56</ns3:cad>
          </ns3:TrackPointExtension>
        </extensions>
      </trkpt>
      <trkpt lat="24.4733655452728271484375" lon="118.14957506954669952392578125">
        <ele>72.8000030517578125</ele>
        <time>2025-08-21T10:39:25.000Z</time>
        <extensions>
          <ns3:TrackPointExtension>
            <ns3:hr>89</ns3:hr>
            <ns3:cad>58</ns3:cad>
          </ns3:TrackPointExtension>
        </extensions>
      </trkpt>
      <trkpt lat="24.4733787886798381805419921875" lon="118.14958286471664905548095703125">
        <ele>72.40000152587890625</ele>
        <time>2025-08-21T10:39:27.000Z</time>
        <extensions>
          <ns3:TrackPointExtension>
            <ns3:hr>91</ns3:hr>
            <ns3:cad>58</ns3:cad>
          </ns3:TrackPointExtension>
        </extensions>
      </trkpt>
      <trkpt lat="24.47340552695095539093017578125" lon="118.14959879033267498016357421875">
        <ele>71.1999969482421875</ele>
        <time>2025-08-21T10:39:32.000Z</time>
        <extensions>
          <ns3:TrackPointExtension>
            <ns3:hr>93</ns3:hr>
            <ns3:cad>51</ns3:cad>
          </ns3:TrackPointExtension>
        </extensions>
      </trkpt>
      <trkpt lat="24.4734351150691509246826171875" lon="118.1496023945510387420654296875">
        <ele>70</ele>
        <time>2025-08-21T10:39:37.000Z</time>
        <extensions>
          <ns3:TrackPointExtension>
            <ns3:hr>93</ns3:hr>
            <ns3:cad>55</ns3:cad>
          </ns3:TrackPointExtension>
        </extensions>
      </trkpt>
      <trkpt lat="24.47346671484410762786865234375" lon="118.1496080942451953887939453125">
        <ele>69</ele>
        <time>2025-08-21T10:39:41.000Z</time>
        <extensions>
          <ns3:TrackPointExtension>
            <ns3:hr>93</ns3:hr>
            <ns3:cad>58</ns3:cad>
          </ns3:TrackPointExtension>
        </extensions>
      </trkpt>
      <trkpt lat="24.47351348586380481719970703125" lon="118.14961605705320835113525390625">
        <ele>67.8000030517578125</ele>
        <time>2025-08-21T10:39:45.000Z</time>
        <extensions>
          <ns3:TrackPointExtension>
            <ns3:hr>94</ns3:hr>
            <ns3:cad>58</ns3:cad>
          </ns3:TrackPointExtension>
        </extensions>
      </trkpt>
      <trkpt lat="24.47354801930487155914306640625" lon="118.14961153082549571990966796875">
        <ele>67.40000152587890625</ele>
        <time>2025-08-21T10:39:49.000Z</time>
        <extensions>
          <ns3:TrackPointExtension>
            <ns3:hr>90</ns3:hr>
            <ns3:cad>0</ns3:cad>
          </ns3:TrackPointExtension>
        </extensions>
      </trkpt>
      <trkpt lat="24.4735588319599628448486328125" lon="118.149610944092273712158203125">
        <ele>67.40000152587890625</ele>
        <time>2025-08-21T10:39:51.000Z</time>
        <extensions>
          <ns3:TrackPointExtension>
            <ns3:hr>87</ns3:hr>
            <ns3:cad>62</ns3:cad>
          </ns3:TrackPointExtension>
        </extensions>
      </trkpt>
      <trkpt lat="24.47358087636530399322509765625" lon="118.1496137939393520355224609375">
        <ele>66.59999847412109375</ele>
        <time>2025-08-21T10:39:54.000Z</time>
        <extensions>
          <ns3:TrackPointExtension>
            <ns3:hr>87</ns3:hr>
            <ns3:cad>57</ns3:cad>
          </ns3:TrackPointExtension>
        </extensions>
      </trkpt>
      <trkpt lat="24.473611302673816680908203125" lon="118.1495960243046283721923828125">
        <ele>65.59999847412109375</ele>
        <time>2025-08-21T10:39:58.000Z</time>
        <extensions>
          <ns3:TrackPointExtension>
            <ns3:hr>87</ns3:hr>
            <ns3:cad>59</ns3:cad>
          </ns3:TrackPointExtension>
        </extensions>
      </trkpt>
      <trkpt lat="24.47361021302640438079833984375" lon="118.1495903246104717254638671875">
        <ele>65.40000152587890625</ele>
        <time>2025-08-21T10:39:59.000Z</time>
        <extensions>
          <ns3:TrackPointExtension>
            <ns3:hr>87</ns3:hr>
            <ns3:cad>60</ns3:cad>
          </ns3:TrackPointExtension>
        </extensions>
      </trkpt>
      <trkpt lat="24.4736071117222309112548828125" lon="118.14958470873534679412841796875">
        <ele>65.1999969482421875</ele>
        <time>2025-08-21T10:40:00.000Z</time>
        <extensions>
          <ns3:TrackPointExtension>
            <ns3:hr>87</ns3:hr>
            <ns3:cad>60</ns3:cad>
          </ns3:TrackPointExtension>
        </extensions>
      </trkpt>
      <trkpt lat="24.4735960476100444793701171875" lon="118.14952854998409748077392578125">
        <ele>64.40000152587890625</ele>
        <time>2025-08-21T10:40:06.000Z</time>
        <extensions>
          <ns3:TrackPointExtension>
            <ns3:hr>87</ns3:hr>
            <ns3:cad>0</ns3:cad>
          </ns3:TrackPointExtension>
        </extensions>
      </trkpt>
      <trkpt lat="24.47360183112323284149169921875" lon="118.14950206317007541656494140625">
        <ele>64</ele>
        <time>2025-08-21T10:40:08.000Z</time>
        <extensions>
          <ns3:TrackPointExtension>
            <ns3:hr>86</ns3:hr>
            <ns3:cad>0</ns3:cad>
          </ns3:TrackPointExtension>
        </extensions>
      </trkpt>
      <trkpt lat="24.473611973226070404052734375" lon="118.1494588963687419891357421875">
        <ele>63.200000762939453125</ele>
        <time>2025-08-21T10:40:12.000Z</time>
        <extensions>
          <ns3:TrackPointExtension>
            <ns3:hr>86</ns3:hr>
            <ns3:cad>57</ns3:cad>
          </ns3:TrackPointExtension>
        </extensions>
      </trkpt>
      <trkpt lat="24.473634101450443267822265625" lon="118.1493958644568920135498046875">
        <ele>62.200000762939453125</ele>
        <time>2025-08-21T10:40:18.000Z</time>
        <extensions>
          <ns3:TrackPointExtension>
            <ns3:hr>86</ns3:hr>
            <ns3:cad>56</ns3:cad>
          </ns3:TrackPointExtension>
        </extensions>
      </trkpt>
      <trkpt lat="24.473640806972980499267578125" lon="118.14938304014503955841064453125">
        <ele>62</ele>
        <time>2025-08-21T10:40:19.000Z</time>
        <extensions>
          <ns3:TrackPointExtension>
            <ns3:hr>86</ns3:hr>
            <ns3:cad>56</ns3:cad>
          </ns3:TrackPointExtension>
        </extensions>
      </trkpt>
      <trkpt lat="24.473644159734249114990234375" lon="118.149367868900299072265625">
        <ele>61</ele>
        <time>2025-08-21T10:40:23.000Z</time>
        <extensions>
          <ns3:TrackPointExtension>
            <ns3:hr>86</ns3:hr>
            <ns3:cad>51</ns3:cad>
          </ns3:TrackPointExtension>
        </extensions>
      </trkpt>
      <trkpt lat="24.47363837622106075286865234375" lon="118.149364180862903594970703125">
        <ele>60.40000152587890625</ele>
        <time>2025-08-21T10:40:25.000Z</time>
        <extensions>
          <ns3:TrackPointExtension>
            <ns3:hr>86</ns3:hr>
            <ns3:cad>52</ns3:cad>
          </ns3:TrackPointExtension>
        </extensions>
      </trkpt>
      <trkpt lat="24.47363980114459991455078125" lon="118.14935940317809581756591796875">
        <ele>60</ele>
        <time>2025-08-21T10:40:26.000Z</time>
        <extensions>
          <ns3:TrackPointExtension>
            <ns3:hr>85</ns3:hr>
            <ns3:cad>53</ns3:cad>
          </ns3:TrackPointExtension>
        </extensions>
      </trkpt>
      <trkpt lat="24.473638124763965606689453125" lon="118.149350769817829132080078125">
        <ele>59.799999237060546875</ele>
        <time>2025-08-21T10:40:27.000Z</time>
        <extensions>
          <ns3:TrackPointExtension>
            <ns3:hr>86</ns3:hr>
            <ns3:cad>53</ns3:cad>
          </ns3:TrackPointExtension>
        </extensions>
      </trkpt>
      <trkpt lat="24.4736268930137157440185546875" lon="118.14932872541248798370361328125">
        <ele>58.59999847412109375</ele>
        <time>2025-08-21T10:40:31.000Z</time>
        <extensions>
          <ns3:TrackPointExtension>
            <ns3:hr>87</ns3:hr>
            <ns3:cad>54</ns3:cad>
          </ns3:TrackPointExtension>
        </extensions>
      </trkpt>
      <trkpt lat="24.473625384271144866943359375" lon="118.14932067878544330596923828125">
        <ele>58</ele>
        <time>2025-08-21T10:40:33.000Z</time>
        <extensions>
          <ns3:TrackPointExtension>
            <ns3:hr>89</ns3:hr>
            <ns3:cad>55</ns3:cad>
          </ns3:TrackPointExtension>
        </extensions>
      </trkpt>
      <trkpt lat="24.47362697683274745941162109375" lon="118.14931062050163745880126953125">
        <ele>57.40000152587890625</ele>
        <time>2025-08-21T10:40:35.000Z</time>
        <extensions>
          <ns3:TrackPointExtension>
            <ns3:hr>90</ns3:hr>
            <ns3:cad>51</ns3:cad>
          </ns3:TrackPointExtension>
        </extensions>
      </trkpt>
      <trkpt lat="24.47365111671388149261474609375" lon="118.1492711417376995086669921875">
        <ele>56.200000762939453125</ele>
        <time>2025-08-21T10:40:39.000Z</time>
        <extensions>
          <ns3:TrackPointExtension>
            <ns3:hr>91</ns3:hr>
            <ns3:cad>55</ns3:cad>
          </ns3:TrackPointExtension>
        </extensions>
      </trkpt>
      <trkpt lat="24.47366117499768733978271484375" lon="118.1492647714912891387939453125">
        <ele>56</ele>
        <time>2025-08-21T10:40:40.000Z</time>
        <extensions>
          <ns3:TrackPointExtension>
            <ns3:hr>91</ns3:hr>
            <ns3:cad>55</ns3:cad>
          </ns3:TrackPointExtension>
        </extensions>
      </trkpt>
      <trkpt lat="24.47371532209217548370361328125" lon="118.1492429785430431365966796875">
        <ele>55.200000762939453125</ele>
        <time>2025-08-21T10:40:44.000Z</time>
        <extensions>
          <ns3:TrackPointExtension>
            <ns3:hr>90</ns3:hr>
            <ns3:cad>61</ns3:cad>
          </ns3:TrackPointExtension>
        </extensions>
      </trkpt>
      <trkpt lat="24.4737472571432590484619140625" lon="118.149252869188785552978515625">
        <ele>55</ele>
        <time>2025-08-21T10:40:47.000Z</time>
        <extensions>
          <ns3:TrackPointExtension>
            <ns3:hr>90</ns3:hr>
            <ns3:cad>62</ns3:cad>
          </ns3:TrackPointExtension>
        </extensions>
      </trkpt>
      <trkpt lat="24.47377860546112060546875" lon="118.1492714770138263702392578125">
        <ele>54</ele>
        <time>2025-08-21T10:40:52.000Z</time>
        <extensions>
          <ns3:TrackPointExtension>
            <ns3:hr>93</ns3:hr>
            <ns3:cad>55</ns3:cad>
          </ns3:TrackPointExtension>
        </extensions>
      </trkpt>
      <trkpt lat="24.4738025777041912078857421875" lon="118.1492860615253448486328125">
        <ele>53.40000152587890625</ele>
        <time>2025-08-21T10:40:54.000Z</time>
        <extensions>
          <ns3:TrackPointExtension>
            <ns3:hr>93</ns3:hr>
            <ns3:cad>55</ns3:cad>
          </ns3:TrackPointExtension>
        </extensions>
      </trkpt>
      <trkpt lat="24.4738220237195491790771484375" lon="118.14930475316941738128662109375">
        <ele>53</ele>
        <time>2025-08-21T10:40:56.000Z</time>
        <extensions>
          <ns3:TrackPointExtension>
            <ns3:hr>92</ns3:hr>
            <ns3:cad>55</ns3:cad>
          </ns3:TrackPointExtension>
        </extensions>
      </trkpt>
      <trkpt lat="24.47387005202472209930419921875" lon="118.14934280700981616973876953125">
        <ele>53.200000762939453125</ele>
        <time>2025-08-21T10:41:02.000Z</time>
        <extensions>
          <ns3:TrackPointExtension>
            <ns3:hr>93</ns3:hr>
            <ns3:cad>63</ns3:cad>
          </ns3:TrackPointExtension>
        </extensions>
      </trkpt>
      <trkpt lat="24.47388715110719203948974609375" lon="118.14937314949929714202880859375">
        <ele>54.200000762939453125</ele>
        <time>2025-08-21T10:41:08.000Z</time>
        <extensions>
          <ns3:TrackPointExtension>
            <ns3:hr>93</ns3:hr>
            <ns3:cad>48</ns3:cad>
          </ns3:TrackPointExtension>
        </extensions>
      </trkpt>
      <trkpt lat="24.47392570786178112030029296875" lon="118.1494290567934513092041015625">
        <ele>55.200000762939453125</ele>
        <time>2025-08-21T10:41:15.000Z</time>
        <extensions>
          <ns3:TrackPointExtension>
            <ns3:hr>92</ns3:hr>
            <ns3:cad>53</ns3:cad>
          </ns3:TrackPointExtension>
        </extensions>
      </trkpt>
      <trkpt lat="24.4739242829382419586181640625" lon="118.14945864491164684295654296875">
        <ele>55.200000762939453125</ele>
        <time>2025-08-21T10:41:19.000Z</time>
        <extensions>
          <ns3:TrackPointExtension>
            <ns3:hr>93</ns3:hr>
            <ns3:cad>48</ns3:cad>
          </ns3:TrackPointExtension>
        </extensions>
      </trkpt>
      <trkpt lat="24.4739301502704620361328125" lon="118.14948127605020999908447265625">
        <ele>55.59999847412109375</ele>
        <time>2025-08-21T10:41:21.000Z</time>
        <extensions>
          <ns3:TrackPointExtension>
            <ns3:hr>93</ns3:hr>
            <ns3:cad>48</ns3:cad>
          </ns3:TrackPointExtension>
        </extensions>
      </trkpt>
      <trkpt lat="24.4739514403045177459716796875" lon="118.1495044939219951629638671875">
        <ele>55.40000152587890625</ele>
        <time>2025-08-21T10:41:26.000Z</time>
        <extensions>
          <ns3:TrackPointExtension>
            <ns3:hr>96</ns3:hr>
            <ns3:cad>55</ns3:cad>
          </ns3:TrackPointExtension>
        </extensions>
      </trkpt>
      <trkpt lat="24.47395638562738895416259765625" lon="118.1495152227580547332763671875">
        <ele>55</ele>
        <time>2025-08-21T10:41:28.000Z</time>
        <extensions>
          <ns3:TrackPointExtension>
            <ns3:hr>97</ns3:hr>
            <ns3:cad>54</ns3:cad>
          </ns3:TrackPointExtension>
        </extensions>
      </trkpt>
      <trkpt lat="24.4739878177642822265625" lon="118.14953139983117580413818359375">
        <ele>54.200000762939453125</ele>
        <time>2025-08-21T10:41:33.000Z</time>
        <extensions>
          <ns3:TrackPointExtension>
            <ns3:hr>95</ns3:hr>
            <ns3:cad>57</ns3:cad>
          </ns3:TrackPointExtension>
        </extensions>
      </trkpt>
      <trkpt lat="24.47403819300234317779541015625" lon="118.1495668552815914154052734375">
        <ele>53.40000152587890625</ele>
        <time>2025-08-21T10:41:38.000Z</time>
        <extensions>
          <ns3:TrackPointExtension>
            <ns3:hr>96</ns3:hr>
            <ns3:cad>60</ns3:cad>
          </ns3:TrackPointExtension>
        </extensions>
      </trkpt>
      <trkpt lat="24.47404875420033931732177734375" lon="118.14957766793668270111083984375">
        <ele>53.200000762939453125</ele>
        <time>2025-08-21T10:41:39.000Z</time>
        <extensions>
          <ns3:TrackPointExtension>
            <ns3:hr>97</ns3:hr>
            <ns3:cad>0</ns3:cad>
          </ns3:TrackPointExtension>
        </extensions>
      </trkpt>
      <trkpt lat="24.4740630872547626495361328125" lon="118.14959795214235782623291015625">
        <ele>52.799999237060546875</ele>
        <time>2025-08-21T10:41:41.000Z</time>
        <extensions>
          <ns3:TrackPointExtension>
            <ns3:hr>100</ns3:hr>
            <ns3:cad>59</ns3:cad>
          </ns3:TrackPointExtension>
        </extensions>
      </trkpt>
      <trkpt lat="24.474092759191989898681640625" lon="118.1496235169470310211181640625">
        <ele>52.799999237060546875</ele>
        <time>2025-08-21T10:41:45.000Z</time>
        <extensions>
          <ns3:TrackPointExtension>
            <ns3:hr>103</ns3:hr>
            <ns3:cad>62</ns3:cad>
          </ns3:TrackPointExtension>
        </extensions>
      </trkpt>
      <trkpt lat="24.474110193550586700439453125" lon="118.14963567070662975311279296875">
        <ele>52.799999237060546875</ele>
        <time>2025-08-21T10:41:47.000Z</time>
        <extensions>
          <ns3:TrackPointExtension>
            <ns3:hr>103</ns3:hr>
            <ns3:cad>58</ns3:cad>
          </ns3:TrackPointExtension>
        </extensions>
      </trkpt>
      <trkpt lat="24.47417548857629299163818359375" lon="118.1496848724782466888427734375">
        <ele>52.40000152587890625</ele>
        <time>2025-08-21T10:41:53.000Z</time>
        <extensions>
          <ns3:TrackPointExtension>
            <ns3:hr>103</ns3:hr>
            <ns3:cad>61</ns3:cad>
          </ns3:TrackPointExtension>
        </extensions>
      </trkpt>
      <trkpt lat="24.4742305576801300048828125" lon="118.14972368068993091583251953125">
        <ele>52.59999847412109375</ele>
        <time>2025-08-21T10:41:58.000Z</time>
        <extensions>
          <ns3:TrackPointExtension>
            <ns3:hr>100</ns3:hr>
            <ns3:cad>59</ns3:cad>
          </ns3:TrackPointExtension>
        </extensions>
      </trkpt>
      <trkpt lat="24.47426182217895984649658203125" lon="118.14974647946655750274658203125">
        <ele>52.40000152587890625</ele>
        <time>2025-08-21T10:42:01.000Z</time>
        <extensions>
          <ns3:TrackPointExtension>
            <ns3:hr>98</ns3:hr>
            <ns3:cad>57</ns3:cad>
          </ns3:TrackPointExtension>
        </extensions>
      </trkpt>
      <trkpt lat="24.474283866584300994873046875" lon="118.1497636623680591583251953125">
        <ele>52.200000762939453125</ele>
        <time>2025-08-21T10:42:03.000Z</time>
        <extensions>
          <ns3:TrackPointExtension>
            <ns3:hr>98</ns3:hr>
            <ns3:cad>59</ns3:cad>
          </ns3:TrackPointExtension>
        </extensions>
      </trkpt>
      <trkpt lat="24.47432099841535091400146484375" lon="118.14979693852365016937255859375">
        <ele>51.40000152587890625</ele>
        <time>2025-08-21T10:42:07.000Z</time>
        <extensions>
          <ns3:TrackPointExtension>
            <ns3:hr>98</ns3:hr>
            <ns3:cad>62</ns3:cad>
          </ns3:TrackPointExtension>
        </extensions>
      </trkpt>
      <trkpt lat="24.47433357127010822296142578125" lon="118.14984924159944057464599609375">
        <ele>51.59999847412109375</ele>
        <time>2025-08-21T10:42:12.000Z</time>
        <extensions>
          <ns3:TrackPointExtension>
            <ns3:hr>95</ns3:hr>
            <ns3:cad>65</ns3:cad>
          </ns3:TrackPointExtension>
        </extensions>
      </trkpt>
      <trkpt lat="24.4743339903652667999267578125" lon="118.149858377873897552490234375">
        <ele>51.40000152587890625</ele>
        <time>2025-08-21T10:42:13.000Z</time>
        <extensions>
          <ns3:TrackPointExtension>
            <ns3:hr>93</ns3:hr>
            <ns3:cad>65</ns3:cad>
          </ns3:TrackPointExtension>
        </extensions>
      </trkpt>
      <trkpt lat="24.47433273307979106903076171875" lon="118.1498857028782367706298828125">
        <ele>51.200000762939453125</ele>
        <time>2025-08-21T10:42:15.000Z</time>
        <extensions>
          <ns3:TrackPointExtension>
            <ns3:hr>90</ns3:hr>
            <ns3:cad>59</ns3:cad>
          </ns3:TrackPointExtension>
        </extensions>
      </trkpt>
      <trkpt lat="24.4743339903652667999267578125" lon="118.14990288577973842620849609375">
        <ele>51</ele>
        <time>2025-08-21T10:42:16.000Z</time>
        <extensions>
          <ns3:TrackPointExtension>
            <ns3:hr>89</ns3:hr>
            <ns3:cad>59</ns3:cad>
          </ns3:TrackPointExtension>
        </extensions>
      </trkpt>
      <trkpt lat="24.4743376784026622772216796875" lon="118.14995569176971912384033203125">
        <ele>50.40000152587890625</ele>
        <time>2025-08-21T10:42:21.000Z</time>
        <extensions>
          <ns3:TrackPointExtension>
            <ns3:hr>90</ns3:hr>
            <ns3:cad>62</ns3:cad>
          </ns3:TrackPointExtension>
        </extensions>
      </trkpt>
      <trkpt lat="24.47433692403137683868408203125" lon="118.14996407367289066314697265625">
        <ele>50.40000152587890625</ele>
        <time>2025-08-21T10:42:22.000Z</time>
        <extensions>
          <ns3:TrackPointExtension>
            <ns3:hr>93</ns3:hr>
            <ns3:cad>62</ns3:cad>
          </ns3:TrackPointExtension>
        </extensions>
      </trkpt>
      <trkpt lat="24.4743378460407257080078125" lon="118.1500050611793994903564453125">
        <ele>49.799999237060546875</ele>
        <time>2025-08-21T10:42:27.000Z</time>
        <extensions>
          <ns3:TrackPointExtension>
            <ns3:hr>94</ns3:hr>
            <ns3:cad>56</ns3:cad>
          </ns3:TrackPointExtension>
        </extensions>
      </trkpt>
      <trkpt lat="24.474338851869106292724609375" lon="118.15001956187188625335693359375">
        <ele>49.40000152587890625</ele>
        <time>2025-08-21T10:42:29.000Z</time>
        <extensions>
          <ns3:TrackPointExtension>
            <ns3:hr>94</ns3:hr>
            <ns3:cad>56</ns3:cad>
          </ns3:TrackPointExtension>
        </extensions>
      </trkpt>
      <trkpt lat="24.47436039336025714874267578125" lon="118.1500585377216339111328125">
        <ele>49.200000762939453125</ele>
        <time>2025-08-21T10:42:32.000Z</time>
        <extensions>
          <ns3:TrackPointExtension>
            <ns3:hr>94</ns3:hr>
            <ns3:cad>56</ns3:cad>
          </ns3:TrackPointExtension>
        </extensions>
      </trkpt>
      <trkpt lat="24.4743966870009899139404296875" lon="118.150083683431148529052734375">
        <ele>49</ele>
        <time>2025-08-21T10:42:35.000Z</time>
        <extensions>
          <ns3:TrackPointExtension>
            <ns3:hr>94</ns3:hr>
            <ns3:cad>58</ns3:cad>
          </ns3:TrackPointExtension>
        </extensions>
      </trkpt>
      <trkpt lat="24.4744050689041614532470703125" lon="118.150089047849178314208984375">
        <ele>48.799999237060546875</ele>
        <time>2025-08-21T10:42:36.000Z</time>
        <extensions>
          <ns3:TrackPointExtension>
            <ns3:hr>94</ns3:hr>
            <ns3:cad>58</ns3:cad>
          </ns3:TrackPointExtension>
        </extensions>
      </trkpt>
      <trkpt lat="24.4744325615465641021728515625" lon="118.1501210667192935943603515625">
        <ele>47.59999847412109375</ele>
        <time>2025-08-21T10:42:41.000Z</time>
        <extensions>
          <ns3:TrackPointExtension>
            <ns3:hr>94</ns3:hr>
            <ns3:cad>61</ns3:cad>
          </ns3:TrackPointExtension>
        </extensions>
      </trkpt>
      <trkpt lat="24.47444220073521137237548828125" lon="118.150128610432147979736328125">
        <ele>47.40000152587890625</ele>
        <time>2025-08-21T10:42:42.000Z</time>
        <extensions>
          <ns3:TrackPointExtension>
            <ns3:hr>94</ns3:hr>
            <ns3:cad>63</ns3:cad>
          </ns3:TrackPointExtension>
        </extensions>
      </trkpt>
      <trkpt lat="24.47447237558662891387939453125" lon="118.15014160238206386566162109375">
        <ele>46.40000152587890625</ele>
        <time>2025-08-21T10:42:45.000Z</time>
        <extensions>
          <ns3:TrackPointExtension>
            <ns3:hr>93</ns3:hr>
            <ns3:cad>65</ns3:cad>
          </ns3:TrackPointExtension>
        </extensions>
      </trkpt>
      <trkpt lat="24.474529288709163665771484375" lon="118.150132633745670318603515625">
        <ele>46</ele>
        <time>2025-08-21T10:42:50.000Z</time>
        <extensions>
          <ns3:TrackPointExtension>
            <ns3:hr>91</ns3:hr>
            <ns3:cad>62</ns3:cad>
          </ns3:TrackPointExtension>
        </extensions>
      </trkpt>
      <trkpt lat="24.47454898618161678314208984375" lon="118.150160796940326690673828125">
        <ele>45.40000152587890625</ele>
        <time>2025-08-21T10:42:53.000Z</time>
        <extensions>
          <ns3:TrackPointExtension>
            <ns3:hr>90</ns3:hr>
            <ns3:cad>57</ns3:cad>
          </ns3:TrackPointExtension>
        </extensions>
      </trkpt>
      <trkpt lat="24.47454563342034816741943359375" lon="118.150179572403430938720703125">
        <ele>44.799999237060546875</ele>
        <time>2025-08-21T10:42:55.000Z</time>
        <extensions>
          <ns3:TrackPointExtension>
            <ns3:hr>90</ns3:hr>
            <ns3:cad>60</ns3:cad>
          </ns3:TrackPointExtension>
        </extensions>
      </trkpt>
      <trkpt lat="24.47454479523003101348876953125" lon="118.15018787048757076263427734375">
        <ele>44.40000152587890625</ele>
        <time>2025-08-21T10:42:56.000Z</time>
        <extensions>
          <ns3:TrackPointExtension>
            <ns3:hr>90</ns3:hr>
            <ns3:cad>60</ns3:cad>
          </ns3:TrackPointExtension>
        </extensions>
      </trkpt>
      <trkpt lat="24.47453591041266918182373046875" lon="118.15020807087421417236328125">
        <ele>43.40000152587890625</ele>
        <time>2025-08-21T10:42:59.000Z</time>
        <extensions>
          <ns3:TrackPointExtension>
            <ns3:hr>90</ns3:hr>
            <ns3:cad>64</ns3:cad>
          </ns3:TrackPointExtension>
        </extensions>
      </trkpt>
      <trkpt lat="24.47453591041266918182373046875" lon="118.1502209790050983428955078125">
        <ele>42.200000762939453125</ele>
        <time>2025-08-21T10:43:02.000Z</time>
        <extensions>
          <ns3:TrackPointExtension>
            <ns3:hr>89</ns3:hr>
            <ns3:cad>64</ns3:cad>
          </ns3:TrackPointExtension>
        </extensions>
      </trkpt>
      <trkpt lat="24.47454077191650867462158203125" lon="118.15021536312997341156005859375">
        <ele>41.799999237060546875</ele>
        <time>2025-08-21T10:43:04.000Z</time>
        <extensions>
          <ns3:TrackPointExtension>
            <ns3:hr>90</ns3:hr>
            <ns3:cad>59</ns3:cad>
          </ns3:TrackPointExtension>
        </extensions>
      </trkpt>
      <trkpt lat="24.474548399448394775390625" lon="118.15021033398807048797607421875">
        <ele>41.59999847412109375</ele>
        <time>2025-08-21T10:43:06.000Z</time>
        <extensions>
          <ns3:TrackPointExtension>
            <ns3:hr>89</ns3:hr>
            <ns3:cad>59</ns3:cad>
          </ns3:TrackPointExtension>
        </extensions>
      </trkpt>
      <trkpt lat="24.474556446075439453125" lon="118.15025408752262592315673828125">
        <ele>41.40000152587890625</ele>
        <time>2025-08-21T10:43:11.000Z</time>
        <extensions>
          <ns3:TrackPointExtension>
            <ns3:hr>89</ns3:hr>
            <ns3:cad>0</ns3:cad>
          </ns3:TrackPointExtension>
        </extensions>
      </trkpt>
      <trkpt lat="24.4745542667806148529052734375" lon="118.150298595428466796875">
        <ele>41.200000762939453125</ele>
        <time>2025-08-21T10:43:14.000Z</time>
        <extensions>
          <ns3:TrackPointExtension>
            <ns3:hr>89</ns3:hr>
            <ns3:cad>0</ns3:cad>
          </ns3:TrackPointExtension>
        </extensions>
      </trkpt>
      <trkpt lat="24.4745539315044879913330078125" lon="118.15035584382712841033935546875">
        <ele>40.59999847412109375</ele>
        <time>2025-08-21T10:43:19.000Z</time>
        <extensions>
          <ns3:TrackPointExtension>
            <ns3:hr>89</ns3:hr>
            <ns3:cad>60</ns3:cad>
          </ns3:TrackPointExtension>
        </extensions>
      </trkpt>
      <trkpt lat="24.47454345412552356719970703125" lon="118.15043228678405284881591796875">
        <ele>40.40000152587890625</ele>
        <time>2025-08-21T10:43:26.000Z</time>
        <extensions>
          <ns3:TrackPointExtension>
            <ns3:hr>88</ns3:hr>
            <ns3:cad>0</ns3:cad>
          </ns3:TrackPointExtension>
        </extensions>
      </trkpt>
      <trkpt lat="24.4745425321161746978759765625" lon="118.15047872252762317657470703125">
        <ele>40.200000762939453125</ele>
        <time>2025-08-21T10:43:31.000Z</time>
        <extensions>
          <ns3:TrackPointExtension>
            <ns3:hr>88</ns3:hr>
            <ns3:cad>0</ns3:cad>
          </ns3:TrackPointExtension>
        </extensions>
      </trkpt>
      <trkpt lat="24.4745401851832866668701171875" lon="118.1505176983773708343505859375">
        <ele>39.799999237060546875</ele>
        <time>2025-08-21T10:43:34.000Z</time>
        <extensions>
          <ns3:TrackPointExtension>
            <ns3:hr>87</ns3:hr>
            <ns3:cad>58</ns3:cad>
          </ns3:TrackPointExtension>
        </extensions>
      </trkpt>
      <trkpt lat="24.47454102337360382080078125" lon="118.150535635650157928466796875">
        <ele>40</ele>
        <time>2025-08-21T10:43:36.000Z</time>
        <extensions>
          <ns3:TrackPointExtension>
            <ns3:hr>83</ns3:hr>
            <ns3:cad>59</ns3:cad>
          </ns3:TrackPointExtension>
        </extensions>
      </trkpt>
      <trkpt lat="24.4745418615639209747314453125" lon="118.150545023381710052490234375">
        <ele>40</ele>
        <time>2025-08-21T10:43:37.000Z</time>
        <extensions>
          <ns3:TrackPointExtension>
            <ns3:hr>79</ns3:hr>
            <ns3:cad>59</ns3:cad>
          </ns3:TrackPointExtension>
        </extensions>
      </trkpt>
      <trkpt lat="24.474538005888462066650390625" lon="118.15060595981776714324951171875">
        <ele>40.200000762939453125</ele>
        <time>2025-08-21T10:43:42.000Z</time>
        <extensions>
          <ns3:TrackPointExtension>
            <ns3:hr>77</ns3:hr>
            <ns3:cad>0</ns3:cad>
          </ns3:TrackPointExtension>
        </extensions>
      </trkpt>
      <trkpt lat="24.47451663203537464141845703125" lon="118.1506834924221038818359375">
        <ele>40.200000762939453125</ele>
        <time>2025-08-21T10:43:48.000Z</time>
        <extensions>
          <ns3:TrackPointExtension>
            <ns3:hr>78</ns3:hr>
            <ns3:cad>57</ns3:cad>
          </ns3:TrackPointExtension>
        </extensions>
      </trkpt>
      <trkpt lat="24.47448813356459140777587890625" lon="118.150780387222766876220703125">
        <ele>40</ele>
        <time>2025-08-21T10:43:58.000Z</time>
        <extensions>
          <ns3:TrackPointExtension>
            <ns3:hr>80</ns3:hr>
            <ns3:cad>0</ns3:cad>
          </ns3:TrackPointExtension>
        </extensions>
      </trkpt>
      <trkpt lat="24.47448662482202053070068359375" lon="118.1508610211312770843505859375">
        <ele>39.799999237060546875</ele>
        <time>2025-08-21T10:44:07.000Z</time>
        <extensions>
          <ns3:TrackPointExtension>
            <ns3:hr>80</ns3:hr>
            <ns3:cad>0</ns3:cad>
          </ns3:TrackPointExtension>
        </extensions>
      </trkpt>
      <trkpt lat="24.47449676692485809326171875" lon="118.150977194309234619140625">
        <ele>39.799999237060546875</ele>
        <time>2025-08-21T10:44:15.000Z</time>
        <extensions>
          <ns3:TrackPointExtension>
            <ns3:hr>83</ns3:hr>
            <ns3:cad>55</ns3:cad>
          </ns3:TrackPointExtension>
        </extensions>
      </trkpt>
      <trkpt lat="24.47449718602001667022705078125" lon="118.15099035389721393585205078125">
        <ele>39.59999847412109375</ele>
        <time>2025-08-21T10:44:16.000Z</time>
        <extensions>
          <ns3:TrackPointExtension>
            <ns3:hr>83</ns3:hr>
            <ns3:cad>55</ns3:cad>
          </ns3:TrackPointExtension>
        </extensions>
      </trkpt>
      <trkpt lat="24.47447170503437519073486328125" lon="118.15108942799270153045654296875">
        <ele>39.59999847412109375</ele>
        <time>2025-08-21T10:44:24.000Z</time>
        <extensions>
          <ns3:TrackPointExtension>
            <ns3:hr>84</ns3:hr>
            <ns3:cad>59</ns3:cad>
          </ns3:TrackPointExtension>
        </extensions>
      </trkpt>
      <trkpt lat="24.47446323931217193603515625" lon="118.15115715377032756805419921875">
        <ele>39.59999847412109375</ele>
        <time>2025-08-21T10:44:30.000Z</time>
        <extensions>
          <ns3:TrackPointExtension>
            <ns3:hr>85</ns3:hr>
            <ns3:cad>0</ns3:cad>
          </ns3:TrackPointExtension>
        </extensions>
      </trkpt>
      <trkpt lat="24.47446902282536029815673828125" lon="118.15120987594127655029296875">
        <ele>39.40000152587890625</ele>
        <time>2025-08-21T10:44:37.000Z</time>
        <extensions>
          <ns3:TrackPointExtension>
            <ns3:hr>85</ns3:hr>
            <ns3:cad>0</ns3:cad>
          </ns3:TrackPointExtension>
        </extensions>
      </trkpt>
      <trkpt lat="24.4744639098644256591796875" lon="118.15127148292958736419677734375">
        <ele>39.40000152587890625</ele>
        <time>2025-08-21T10:44:43.000Z</time>
        <extensions>
          <ns3:TrackPointExtension>
            <ns3:hr>87</ns3:hr>
            <ns3:cad>44</ns3:cad>
          </ns3:TrackPointExtension>
        </extensions>
      </trkpt>
      <trkpt lat="24.4744627363979816436767578125" lon="118.15136418677866458892822265625">
        <ele>39.200000762939453125</ele>
        <time>2025-08-21T10:44:50.000Z</time>
        <extensions>
          <ns3:TrackPointExtension>
            <ns3:hr>87</ns3:hr>
            <ns3:cad>61</ns3:cad>
          </ns3:TrackPointExtension>
        </extensions>
      </trkpt>
      <trkpt lat="24.47443415410816669464111328125" lon="118.15143476240336894989013671875">
        <ele>39.40000152587890625</ele>
        <time>2025-08-21T10:44:57.000Z</time>
        <extensions>
          <ns3:TrackPointExtension>
            <ns3:hr>88</ns3:hr>
            <ns3:cad>57</ns3:cad>
          </ns3:TrackPointExtension>
        </extensions>
      </trkpt>
      <trkpt lat="24.47442443110048770904541015625" lon="118.1515003927052021026611328125">
        <ele>39.200000762939453125</ele>
        <time>2025-08-21T10:45:02.000Z</time>
        <extensions>
          <ns3:TrackPointExtension>
            <ns3:hr>91</ns3:hr>
            <ns3:cad>69</ns3:cad>
          </ns3:TrackPointExtension>
        </extensions>
      </trkpt>
      <trkpt lat="24.4744241796433925628662109375" lon="118.151526041328907012939453125">
        <ele>39</ele>
        <time>2025-08-21T10:45:04.000Z</time>
        <extensions>
          <ns3:TrackPointExtension>
            <ns3:hr>94</ns3:hr>
            <ns3:cad>69</ns3:cad>
          </ns3:TrackPointExtension>
        </extensions>
      </trkpt>
      <trkpt lat="24.4744248501956462860107421875" lon="118.1515543721616268157958984375">
        <ele>39</ele>
        <time>2025-08-21T10:45:07.000Z</time>
        <extensions>
          <ns3:TrackPointExtension>
            <ns3:hr>94</ns3:hr>
            <ns3:cad>69</ns3:cad>
          </ns3:TrackPointExtension>
        </extensions>
      </trkpt>
      <trkpt lat="24.47442208416759967803955078125" lon="118.15157893113791942596435546875">
        <ele>39.200000762939453125</ele>
        <time>2025-08-21T10:45:10.000Z</time>
        <extensions>
          <ns3:TrackPointExtension>
            <ns3:hr>91</ns3:hr>
            <ns3:cad>0</ns3:cad>
          </ns3:TrackPointExtension>
        </extensions>
      </trkpt>
      <trkpt lat="24.474417977035045623779296875" lon="118.15159720368683338165283203125">
        <ele>39.200000762939453125</ele>
        <time>2025-08-21T10:45:13.000Z</time>
        <extensions>
          <ns3:TrackPointExtension>
            <ns3:hr>90</ns3:hr>
            <ns3:cad>0</ns3:cad>
          </ns3:TrackPointExtension>
        </extensions>
      </trkpt>
      <trkpt lat="24.47437078692018985748291015625" lon="118.1516920030117034912109375">
        <ele>38.799999237060546875</ele>
        <time>2025-08-21T10:45:21.000Z</time>
        <extensions>
          <ns3:TrackPointExtension>
            <ns3:hr>87</ns3:hr>
            <ns3:cad>0</ns3:cad>
          </ns3:TrackPointExtension>
        </extensions>
      </trkpt>
      <trkpt lat="24.47436911053955554962158203125" lon="118.15177984535694122314453125">
        <ele>38.59999847412109375</ele>
        <time>2025-08-21T10:45:29.000Z</time>
        <extensions>
          <ns3:TrackPointExtension>
            <ns3:hr>87</ns3:hr>
            <ns3:cad>0</ns3:cad>
          </ns3:TrackPointExtension>
        </extensions>
      </trkpt>
      <trkpt lat="24.47436944581568241119384765625" lon="118.151800967752933502197265625">
        <ele>38.799999237060546875</ele>
        <time>2025-08-21T10:45:31.000Z</time>
        <extensions>
          <ns3:TrackPointExtension>
            <ns3:hr>84</ns3:hr>
            <ns3:cad>55</ns3:cad>
          </ns3:TrackPointExtension>
        </extensions>
      </trkpt>
      <trkpt lat="24.474403224885463714599609375" lon="118.1518494151532649993896484375">
        <ele>38.799999237060546875</ele>
        <time>2025-08-21T10:45:36.000Z</time>
        <extensions>
          <ns3:TrackPointExtension>
            <ns3:hr>82</ns3:hr>
            <ns3:cad>0</ns3:cad>
          </ns3:TrackPointExtension>
        </extensions>
      </trkpt>
      <trkpt lat="24.47448109276592731475830078125" lon="118.15190582536160945892333984375">
        <ele>38.40000152587890625</ele>
        <time>2025-08-21T10:45:43.000Z</time>
        <extensions>
          <ns3:TrackPointExtension>
            <ns3:hr>82</ns3:hr>
            <ns3:cad>0</ns3:cad>
          </ns3:TrackPointExtension>
        </extensions>
      </trkpt>
      <trkpt lat="24.47454261593520641326904296875" lon="118.15199316479265689849853515625">
        <ele>38.40000152587890625</ele>
        <time>2025-08-21T10:45:52.000Z</time>
        <extensions>
          <ns3:TrackPointExtension>
            <ns3:hr>83</ns3:hr>
            <ns3:cad>57</ns3:cad>
          </ns3:TrackPointExtension>
        </extensions>
      </trkpt>
      <trkpt lat="24.4746152870357036590576171875" lon="118.1520733796060085296630859375">
        <ele>38.40000152587890625</ele>
        <time>2025-08-21T10:46:03.000Z</time>
        <extensions>
          <ns3:TrackPointExtension>
            <ns3:hr>81</ns3:hr>
            <ns3:cad>59</ns3:cad>
          </ns3:TrackPointExtension>
        </extensions>
      </trkpt>
      <trkpt lat="24.47465107776224613189697265625" lon="118.1520981900393962860107421875">
        <ele>38</ele>
        <time>2025-08-21T10:46:07.000Z</time>
        <extensions>
          <ns3:TrackPointExtension>
            <ns3:hr>81</ns3:hr>
            <ns3:cad>57</ns3:cad>
          </ns3:TrackPointExtension>
        </extensions>
      </trkpt>
      <trkpt lat="24.4747054763138294219970703125" lon="118.15215208567678928375244140625">
        <ele>37.799999237060546875</ele>
        <time>2025-08-21T10:46:13.000Z</time>
        <extensions>
          <ns3:TrackPointExtension>
            <ns3:hr>84</ns3:hr>
            <ns3:cad>59</ns3:cad>
          </ns3:TrackPointExtension>
        </extensions>
      </trkpt>
      <trkpt lat="24.47472014464437961578369140625" lon="118.1521508283913135528564453125">
        <ele>37.799999237060546875</ele>
        <time>2025-08-21T10:46:15.000Z</time>
        <extensions>
          <ns3:TrackPointExtension>
            <ns3:hr>87</ns3:hr>
            <ns3:cad>59</ns3:cad>
          </ns3:TrackPointExtension>
        </extensions>
      </trkpt>
      <trkpt lat="24.4747758843004703521728515625" lon="118.15214571543037891387939453125">
        <ele>37.40000152587890625</ele>
        <time>2025-08-21T10:46:20.000Z</time>
        <extensions>
          <ns3:TrackPointExtension>
            <ns3:hr>87</ns3:hr>
            <ns3:cad>59</ns3:cad>
          </ns3:TrackPointExtension>
        </extensions>
      </trkpt>
      <trkpt lat="24.47486129589378833770751953125" lon="118.15210707485675811767578125">
        <ele>37.40000152587890625</ele>
        <time>2025-08-21T10:46:27.000Z</time>
        <extensions>
          <ns3:TrackPointExtension>
            <ns3:hr>88</ns3:hr>
            <ns3:cad>59</ns3:cad>
          </ns3:TrackPointExtension>
        </extensions>
      </trkpt>
      <trkpt lat="24.47492030449211597442626953125" lon="118.15217622555792331695556640625">
        <ele>37</ele>
        <time>2025-08-21T10:46:36.000Z</time>
        <extensions>
          <ns3:TrackPointExtension>
            <ns3:hr>87</ns3:hr>
            <ns3:cad>56</ns3:cad>
          </ns3:TrackPointExtension>
        </extensions>
      </trkpt>
      <trkpt lat="24.47492592036724090576171875" lon="118.1521853618323802947998046875">
        <ele>37</ele>
        <time>2025-08-21T10:46:37.000Z</time>
        <extensions>
          <ns3:TrackPointExtension>
            <ns3:hr>87</ns3:hr>
            <ns3:cad>56</ns3:cad>
          </ns3:TrackPointExtension>
        </extensions>
      </trkpt>
      <trkpt lat="24.4749840907752513885498046875" lon="118.15222240984439849853515625">
        <ele>37</ele>
        <time>2025-08-21T10:46:43.000Z</time>
        <extensions>
          <ns3:TrackPointExtension>
            <ns3:hr>88</ns3:hr>
            <ns3:cad>0</ns3:cad>
          </ns3:TrackPointExtension>
        </extensions>
      </trkpt>
      <trkpt lat="24.47505776770412921905517578125" lon="118.1522450409829616546630859375">
        <ele>36.799999237060546875</ele>
        <time>2025-08-21T10:46:50.000Z</time>
        <extensions>
          <ns3:TrackPointExtension>
            <ns3:hr>88</ns3:hr>
            <ns3:cad>59</ns3:cad>
          </ns3:TrackPointExtension>
        </extensions>
      </trkpt>
      <trkpt lat="24.47512130253016948699951171875" lon="118.15226926468312740325927734375">
        <ele>36.59999847412109375</ele>
        <time>2025-08-21T10:46:57.000Z</time>
        <extensions>
          <ns3:TrackPointExtension>
            <ns3:hr>88</ns3:hr>
            <ns3:cad>57</ns3:cad>
          </ns3:TrackPointExtension>
        </extensions>
      </trkpt>
      <trkpt lat="24.475177042186260223388671875" lon="118.1523070670664310455322265625">
        <ele>36.40000152587890625</ele>
        <time>2025-08-21T10:47:05.000Z</time>
        <extensions>
          <ns3:TrackPointExtension>
            <ns3:hr>89</ns3:hr>
            <ns3:cad>0</ns3:cad>
          </ns3:TrackPointExtension>
        </extensions>
      </trkpt>
      <trkpt lat="24.47523261420428752899169921875" lon="118.1523439474403858184814453125">
        <ele>36.200000762939453125</ele>
        <time>2025-08-21T10:47:12.000Z</time>
        <extensions>
          <ns3:TrackPointExtension>
            <ns3:hr>84</ns3:hr>
            <ns3:cad>0</ns3:cad>
          </ns3:TrackPointExtension>
        </extensions>
      </trkpt>
      <trkpt lat="24.4752449356019496917724609375" lon="118.15235023386776447296142578125">
        <ele>36.200000762939453125</ele>
        <time>2025-08-21T10:47:13.000Z</time>
        <extensions>
          <ns3:TrackPointExtension>
            <ns3:hr>82</ns3:hr>
            <ns3:cad>0</ns3:cad>
          </ns3:TrackPointExtension>
        </extensions>
      </trkpt>
      <trkpt lat="24.47526748292148113250732421875" lon="118.15236381255090236663818359375">
        <ele>36.200000762939453125</ele>
        <time>2025-08-21T10:47:16.000Z</time>
        <extensions>
          <ns3:TrackPointExtension>
            <ns3:hr>79</ns3:hr>
            <ns3:cad>0</ns3:cad>
          </ns3:TrackPointExtension>
        </extensions>
      </trkpt>
      <trkpt lat="24.4753042794764041900634765625" lon="118.15237856470048427581787109375">
        <ele>36.200000762939453125</ele>
        <time>2025-08-21T10:47:20.000Z</time>
        <extensions>
          <ns3:TrackPointExtension>
            <ns3:hr>78</ns3:hr>
            <ns3:cad>0</ns3:cad>
          </ns3:TrackPointExtension>
        </extensions>
      </trkpt>
      <trkpt lat="24.4753646291792392730712890625" lon="118.1523969210684299468994140625">
        <ele>36.200000762939453125</ele>
        <time>2025-08-21T10:47:29.000Z</time>
        <extensions>
          <ns3:TrackPointExtension>
            <ns3:hr>79</ns3:hr>
            <ns3:cad>0</ns3:cad>
          </ns3:TrackPointExtension>
        </extensions>
      </trkpt>
      <trkpt lat="24.47544668801128864288330078125" lon="118.1524455361068248748779296875">
        <ele>36</ele>
        <time>2025-08-21T10:47:39.000Z</time>
        <extensions>
          <ns3:TrackPointExtension>
            <ns3:hr>78</ns3:hr>
            <ns3:cad>57</ns3:cad>
          </ns3:TrackPointExtension>
        </extensions>
      </trkpt>
      <trkpt lat="24.475512318313121795654296875" lon="118.15246037207543849945068359375">
        <ele>36</ele>
        <time>2025-08-21T10:47:45.000Z</time>
        <extensions>
          <ns3:TrackPointExtension>
            <ns3:hr>78</ns3:hr>
            <ns3:cad>56</ns3:cad>
          </ns3:TrackPointExtension>
        </extensions>
      </trkpt>
      <trkpt lat="24.475550539791584014892578125" lon="118.15245299600064754486083984375">
        <ele>35.799999237060546875</ele>
        <time>2025-08-21T10:47:48.000Z</time>
        <extensions>
          <ns3:TrackPointExtension>
            <ns3:hr>79</ns3:hr>
            <ns3:cad>58</ns3:cad>
          </ns3:TrackPointExtension>
        </extensions>
      </trkpt>
      <trkpt lat="24.47558683343231678009033203125" lon="118.15243137069046497344970703125">
        <ele>35.799999237060546875</ele>
        <time>2025-08-21T10:47:49.000Z</time>
        <extensions>
          <ns3:TrackPointExtension>
            <ns3:hr>79</ns3:hr>
            <ns3:cad>57</ns3:cad>
          </ns3:TrackPointExtension>
        </extensions>
      </trkpt>
      <trkpt lat="24.475647099316120147705078125" lon="118.15242223441600799560546875">
        <ele>35.799999237060546875</ele>
        <time>2025-08-21T10:47:53.000Z</time>
        <extensions>
          <ns3:TrackPointExtension>
            <ns3:hr>80</ns3:hr>
            <ns3:cad>56</ns3:cad>
          </ns3:TrackPointExtension>
        </extensions>
      </trkpt>
      <trkpt lat="24.47571692056953907012939453125" lon="118.15244846977293491363525390625">
        <ele>35.59999847412109375</ele>
        <time>2025-08-21T10:48:00.000Z</time>
        <extensions>
          <ns3:TrackPointExtension>
            <ns3:hr>83</ns3:hr>
            <ns3:cad>58</ns3:cad>
          </ns3:TrackPointExtension>
        </extensions>
      </trkpt>
      <trkpt lat="24.4757300801575183868408203125" lon="118.15245442092418670654296875">
        <ele>35.59999847412109375</ele>
        <time>2025-08-21T10:48:01.000Z</time>
        <extensions>
          <ns3:TrackPointExtension>
            <ns3:hr>83</ns3:hr>
            <ns3:cad>58</ns3:cad>
          </ns3:TrackPointExtension>
        </extensions>
      </trkpt>
      <trkpt lat="24.47582052089273929595947265625" lon="118.15248660743236541748046875">
        <ele>35.200000762939453125</ele>
        <time>2025-08-21T10:48:10.000Z</time>
        <extensions>
          <ns3:TrackPointExtension>
            <ns3:hr>83</ns3:hr>
            <ns3:cad>57</ns3:cad>
          </ns3:TrackPointExtension>
        </extensions>
      </trkpt>
      <trkpt lat="24.47589864023029804229736328125" lon="118.1525156088173389434814453125">
        <ele>35</ele>
        <time>2025-08-21T10:48:18.000Z</time>
        <extensions>
          <ns3:TrackPointExtension>
            <ns3:hr>83</ns3:hr>
            <ns3:cad>59</ns3:cad>
          </ns3:TrackPointExtension>
        </extensions>
      </trkpt>
      <trkpt lat="24.47593401186168193817138671875" lon="118.15253916196525096893310546875">
        <ele>35</ele>
        <time>2025-08-21T10:48:22.000Z</time>
        <extensions>
          <ns3:TrackPointExtension>
            <ns3:hr>84</ns3:hr>
            <ns3:cad>59</ns3:cad>
          </ns3:TrackPointExtension>
        </extensions>
      </trkpt>
      <trkpt lat="24.47595815174281597137451171875" lon="118.152563385665416717529296875">
        <ele>34.799999237060546875</ele>
        <time>2025-08-21T10:48:25.000Z</time>
        <extensions>
          <ns3:TrackPointExtension>
            <ns3:hr>84</ns3:hr>
            <ns3:cad>59</ns3:cad>
          </ns3:TrackPointExtension>
        </extensions>
      </trkpt>
      <trkpt lat="24.4760398752987384796142578125" lon="118.15259615890681743621826171875">
        <ele>34.799999237060546875</ele>
        <time>2025-08-21T10:48:32.000Z</time>
        <extensions>
          <ns3:TrackPointExtension>
            <ns3:hr>83</ns3:hr>
            <ns3:cad>57</ns3:cad>
          </ns3:TrackPointExtension>
        </extensions>
      </trkpt>
      <trkpt lat="24.476127885282039642333984375" lon="118.152602948248386383056640625">
        <ele>34.799999237060546875</ele>
        <time>2025-08-21T10:48:40.000Z</time>
        <extensions>
          <ns3:TrackPointExtension>
            <ns3:hr>83</ns3:hr>
            <ns3:cad>58</ns3:cad>
          </ns3:TrackPointExtension>
        </extensions>
      </trkpt>
      <trkpt lat="24.47616350837051868438720703125" lon="118.15259213559329509735107421875">
        <ele>34.59999847412109375</ele>
        <time>2025-08-21T10:48:49.000Z</time>
        <extensions>
          <ns3:TrackPointExtension>
            <ns3:hr>81</ns3:hr>
            <ns3:cad>56</ns3:cad>
          </ns3:TrackPointExtension>
        </extensions>
      </trkpt>
      <trkpt lat="24.47619100101292133331298828125" lon="118.15260454080998897552490234375">
        <ele>34.40000152587890625</ele>
        <time>2025-08-21T10:48:56.000Z</time>
        <extensions>
          <ns3:TrackPointExtension>
            <ns3:hr>81</ns3:hr>
            <ns3:cad>59</ns3:cad>
          </ns3:TrackPointExtension>
        </extensions>
      </trkpt>
      <trkpt lat="24.47627096436917781829833984375" lon="118.1526171974837779998779296875">
        <ele>34.200000762939453125</ele>
        <time>2025-08-21T10:49:03.000Z</time>
        <extensions>
          <ns3:TrackPointExtension>
            <ns3:hr>81</ns3:hr>
            <ns3:cad>57</ns3:cad>
          </ns3:TrackPointExtension>
        </extensions>
      </trkpt>
      <trkpt lat="24.4763422943651676177978515625" lon="118.1525850109755992889404296875">
        <ele>34.40000152587890625</ele>
        <time>2025-08-21T10:49:09.000Z</time>
        <extensions>
          <ns3:TrackPointExtension>
            <ns3:hr>80</ns3:hr>
            <ns3:cad>58</ns3:cad>
          </ns3:TrackPointExtension>
        </extensions>
      </trkpt>
      <trkpt lat="24.47634941898286342620849609375" lon="118.15256414003670215606689453125">
        <ele>34.59999847412109375</ele>
        <time>2025-08-21T10:49:17.000Z</time>
        <extensions>
          <ns3:TrackPointExtension>
            <ns3:hr>79</ns3:hr>
            <ns3:cad>58</ns3:cad>
          </ns3:TrackPointExtension>
        </extensions>
      </trkpt>
      <trkpt lat="24.476369284093379974365234375" lon="118.15250563435256481170654296875">
        <ele>34.59999847412109375</ele>
        <time>2025-08-21T10:49:23.000Z</time>
        <extensions>
          <ns3:TrackPointExtension>
            <ns3:hr>81</ns3:hr>
            <ns3:cad>57</ns3:cad>
          </ns3:TrackPointExtension>
        </extensions>
      </trkpt>
      <trkpt lat="24.4764549471437931060791015625" lon="118.152409493923187255859375">
        <ele>34.40000152587890625</ele>
        <time>2025-08-21T10:49:32.000Z</time>
        <extensions>
          <ns3:TrackPointExtension>
            <ns3:hr>80</ns3:hr>
            <ns3:cad>57</ns3:cad>
          </ns3:TrackPointExtension>
        </extensions>
      </trkpt>
      <trkpt lat="24.47654136456549167633056640625" lon="118.1523721106350421905517578125">
        <ele>34.40000152587890625</ele>
        <time>2025-08-21T10:49:40.000Z</time>
        <extensions>
          <ns3:TrackPointExtension>
            <ns3:hr>82</ns3:hr>
            <ns3:cad>55</ns3:cad>
          </ns3:TrackPointExtension>
        </extensions>
      </trkpt>
      <trkpt lat="24.4766504131257534027099609375" lon="118.152397759258747100830078125">
        <ele>34.59999847412109375</ele>
        <time>2025-08-21T10:49:49.000Z</time>
        <extensions>
          <ns3:TrackPointExtension>
            <ns3:hr>82</ns3:hr>
            <ns3:cad>57</ns3:cad>
          </ns3:TrackPointExtension>
        </extensions>
      </trkpt>
      <trkpt lat="24.476715959608554840087890625" lon="118.15240656025707721710205078125">
        <ele>34.40000152587890625</ele>
        <time>2025-08-21T10:49:55.000Z</time>
        <extensions>
          <ns3:TrackPointExtension>
            <ns3:hr>83</ns3:hr>
            <ns3:cad>51</ns3:cad>
          </ns3:TrackPointExtension>
        </extensions>
      </trkpt>
      <trkpt lat="24.47676046751439571380615234375" lon="118.152417205274105072021484375">
        <ele>34.40000152587890625</ele>
        <time>2025-08-21T10:50:02.000Z</time>
        <extensions>
          <ns3:TrackPointExtension>
            <ns3:hr>84</ns3:hr>
            <ns3:cad>0</ns3:cad>
          </ns3:TrackPointExtension>
        </extensions>
      </trkpt>
      <trkpt lat="24.47684898041188716888427734375" lon="118.1524448655545711517333984375">
        <ele>34.40000152587890625</ele>
        <time>2025-08-21T10:50:11.000Z</time>
        <extensions>
          <ns3:TrackPointExtension>
            <ns3:hr>84</ns3:hr>
            <ns3:cad>0</ns3:cad>
          </ns3:TrackPointExtension>
        </extensions>
      </trkpt>
      <trkpt lat="24.47688703425228595733642578125" lon="118.15245266072452068328857421875">
        <ele>34.40000152587890625</ele>
        <time>2025-08-21T10:50:16.000Z</time>
        <extensions>
          <ns3:TrackPointExtension>
            <ns3:hr>83</ns3:hr>
            <ns3:cad>0</ns3:cad>
          </ns3:TrackPointExtension>
        </extensions>
      </trkpt>
      <trkpt lat="24.47695006616413593292236328125" lon="118.1524693407118320465087890625">
        <ele>34.40000152587890625</ele>
        <time>2025-08-21T10:50:22.000Z</time>
        <extensions>
          <ns3:TrackPointExtension>
            <ns3:hr>80</ns3:hr>
            <ns3:cad>0</ns3:cad>
          </ns3:TrackPointExtension>
        </extensions>
      </trkpt>
      <trkpt lat="24.4769923947751522064208984375" lon="118.15248065628111362457275390625">
        <ele>34.40000152587890625</ele>
        <time>2025-08-21T10:50:25.000Z</time>
        <extensions>
          <ns3:TrackPointExtension>
            <ns3:hr>79</ns3:hr>
            <ns3:cad>0</ns3:cad>
          </ns3:TrackPointExtension>
        </extensions>
      </trkpt>
      <trkpt lat="24.4770168699324131011962890625" lon="118.15246959216892719268798828125">
        <ele>34.200000762939453125</ele>
        <time>2025-08-21T10:50:29.000Z</time>
        <extensions>
          <ns3:TrackPointExtension>
            <ns3:hr>79</ns3:hr>
            <ns3:cad>55</ns3:cad>
          </ns3:TrackPointExtension>
        </extensions>
      </trkpt>
      <trkpt lat="24.4770289398729801177978515625" lon="118.1524522416293621063232421875">
        <ele>34.200000762939453125</ele>
        <time>2025-08-21T10:50:31.000Z</time>
        <extensions>
          <ns3:TrackPointExtension>
            <ns3:hr>79</ns3:hr>
            <ns3:cad>56</ns3:cad>
          </ns3:TrackPointExtension>
        </extensions>
      </trkpt>
      <trkpt lat="24.47707093320786952972412109375" lon="118.1524559296667575836181640625">
        <ele>33.799999237060546875</ele>
        <time>2025-08-21T10:50:35.000Z</time>
        <extensions>
          <ns3:TrackPointExtension>
            <ns3:hr>79</ns3:hr>
            <ns3:cad>0</ns3:cad>
          </ns3:TrackPointExtension>
        </extensions>
      </trkpt>
      <trkpt lat="24.47709222324192523956298828125" lon="118.15245668403804302215576171875">
        <ele>33.799999237060546875</ele>
        <time>2025-08-21T10:50:37.000Z</time>
        <extensions>
          <ns3:TrackPointExtension>
            <ns3:hr>78</ns3:hr>
            <ns3:cad>0</ns3:cad>
          </ns3:TrackPointExtension>
        </extensions>
      </trkpt>
      <trkpt lat="24.47716866619884967803955078125" lon="118.15246154554188251495361328125">
        <ele>33.59999847412109375</ele>
        <time>2025-08-21T10:50:47.000Z</time>
        <extensions>
          <ns3:TrackPointExtension>
            <ns3:hr>80</ns3:hr>
            <ns3:cad>0</ns3:cad>
          </ns3:TrackPointExtension>
        </extensions>
      </trkpt>
      <trkpt lat="24.47727260179817676544189453125" lon="118.152492977678775787353515625">
        <ele>33.40000152587890625</ele>
        <time>2025-08-21T10:50:56.000Z</time>
        <extensions>
          <ns3:TrackPointExtension>
            <ns3:hr>81</ns3:hr>
            <ns3:cad>57</ns3:cad>
          </ns3:TrackPointExtension>
        </extensions>
      </trkpt>
      <trkpt lat="24.477336220443248748779296875" lon="118.15251233987510204315185546875">
        <ele>33.40000152587890625</ele>
        <time>2025-08-21T10:51:03.000Z</time>
        <extensions>
          <ns3:TrackPointExtension>
            <ns3:hr>83</ns3:hr>
            <ns3:cad>0</ns3:cad>
          </ns3:TrackPointExtension>
        </extensions>
      </trkpt>
      <trkpt lat="24.47742247022688388824462890625" lon="118.15254435874521732330322265625">
        <ele>33.40000152587890625</ele>
        <time>2025-08-21T10:51:11.000Z</time>
        <extensions>
          <ns3:TrackPointExtension>
            <ns3:hr>84</ns3:hr>
            <ns3:cad>55</ns3:cad>
          </ns3:TrackPointExtension>
        </extensions>
      </trkpt>
      <trkpt lat="24.4775583408772945404052734375" lon="118.152550645172595977783203125">
        <ele>33.799999237060546875</ele>
        <time>2025-08-21T10:51:22.000Z</time>
        <extensions>
          <ns3:TrackPointExtension>
            <ns3:hr>84</ns3:hr>
            <ns3:cad>58</ns3:cad>
          </ns3:TrackPointExtension>
        </extensions>
      </trkpt>
      <trkpt lat="24.47759077884256839752197265625" lon="118.1525528244674205780029296875">
        <ele>33.799999237060546875</ele>
        <time>2025-08-21T10:51:25.000Z</time>
        <extensions>
          <ns3:TrackPointExtension>
            <ns3:hr>87</ns3:hr>
            <ns3:cad>58</ns3:cad>
          </ns3:TrackPointExtension>
        </extensions>
      </trkpt>
      <trkpt lat="24.4776455126702785491943359375" lon="118.1525679118931293487548828125">
        <ele>33.59999847412109375</ele>
        <time>2025-08-21T10:51:31.000Z</time>
        <extensions>
          <ns3:TrackPointExtension>
            <ns3:hr>85</ns3:hr>
            <ns3:cad>57</ns3:cad>
          </ns3:TrackPointExtension>
        </extensions>
      </trkpt>
      <trkpt lat="24.4777229614555835723876953125" lon="118.15259515307843685150146484375">
        <ele>33.40000152587890625</ele>
        <time>2025-08-21T10:51:39.000Z</time>
        <extensions>
          <ns3:TrackPointExtension>
            <ns3:hr>88</ns3:hr>
            <ns3:cad>57</ns3:cad>
          </ns3:TrackPointExtension>
        </extensions>
      </trkpt>
      <trkpt lat="24.47776906192302703857421875" lon="118.1526158563792705535888671875">
        <ele>33.40000152587890625</ele>
        <time>2025-08-21T10:51:44.000Z</time>
        <extensions>
          <ns3:TrackPointExtension>
            <ns3:hr>87</ns3:hr>
            <ns3:cad>0</ns3:cad>
          </ns3:TrackPointExtension>
        </extensions>
      </trkpt>
      <trkpt lat="24.47784726507961750030517578125" lon="118.152656257152557373046875">
        <ele>33.59999847412109375</ele>
        <time>2025-08-21T10:51:52.000Z</time>
        <extensions>
          <ns3:TrackPointExtension>
            <ns3:hr>87</ns3:hr>
            <ns3:cad>56</ns3:cad>
          </ns3:TrackPointExtension>
        </extensions>
      </trkpt>
      <trkpt lat="24.4779147394001483917236328125" lon="118.15265365876257419586181640625">
        <ele>33.40000152587890625</ele>
        <time>2025-08-21T10:51:59.000Z</time>
        <extensions>
          <ns3:TrackPointExtension>
            <ns3:hr>87</ns3:hr>
            <ns3:cad>0</ns3:cad>
          </ns3:TrackPointExtension>
        </extensions>
      </trkpt>
      <trkpt lat="24.47797114960849285125732421875" lon="118.15266170538961887359619140625">
        <ele>33.59999847412109375</ele>
        <time>2025-08-21T10:52:04.000Z</time>
        <extensions>
          <ns3:TrackPointExtension>
            <ns3:hr>84</ns3:hr>
            <ns3:cad>57</ns3:cad>
          </ns3:TrackPointExtension>
        </extensions>
      </trkpt>
      <trkpt lat="24.47800015099346637725830078125" lon="118.1526748649775981903076171875">
        <ele>33.40000152587890625</ele>
        <time>2025-08-21T10:52:07.000Z</time>
        <extensions>
          <ns3:TrackPointExtension>
            <ns3:hr>81</ns3:hr>
            <ns3:cad>57</ns3:cad>
          </ns3:TrackPointExtension>
        </extensions>
      </trkpt>
      <trkpt lat="24.47801037691533565521240234375" lon="118.1526805646717548370361328125">
        <ele>33.59999847412109375</ele>
        <time>2025-08-21T10:52:08.000Z</time>
        <extensions>
          <ns3:TrackPointExtension>
            <ns3:hr>81</ns3:hr>
            <ns3:cad>58</ns3:cad>
          </ns3:TrackPointExtension>
        </extensions>
      </trkpt>
      <trkpt lat="24.478109367191791534423828125" lon="118.15274401567876338958740234375">
        <ele>33.59999847412109375</ele>
        <time>2025-08-21T10:52:17.000Z</time>
        <extensions>
          <ns3:TrackPointExtension>
            <ns3:hr>79</ns3:hr>
            <ns3:cad>58</ns3:cad>
          </ns3:TrackPointExtension>
        </extensions>
      </trkpt>
      <trkpt lat="24.4782010652124881744384765625" lon="118.15275390632450580596923828125">
        <ele>33.200000762939453125</ele>
        <time>2025-08-21T10:52:25.000Z</time>
        <extensions>
          <ns3:TrackPointExtension>
            <ns3:hr>82</ns3:hr>
            <ns3:cad>0</ns3:cad>
          </ns3:TrackPointExtension>
        </extensions>
      </trkpt>
      <trkpt lat="24.47826166637241840362548828125" lon="118.15284208394587039947509765625">
        <ele>33.40000152587890625</ele>
        <time>2025-08-21T10:52:34.000Z</time>
        <extensions>
          <ns3:TrackPointExtension>
            <ns3:hr>83</ns3:hr>
            <ns3:cad>0</ns3:cad>
          </ns3:TrackPointExtension>
        </extensions>
      </trkpt>
      <trkpt lat="24.47833626531064510345458984375" lon="118.15288097597658634185791015625">
        <ele>33.40000152587890625</ele>
        <time>2025-08-21T10:52:42.000Z</time>
        <extensions>
          <ns3:TrackPointExtension>
            <ns3:hr>84</ns3:hr>
            <ns3:cad>56</ns3:cad>
          </ns3:TrackPointExtension>
        </extensions>
      </trkpt>
      <trkpt lat="24.47845461778342723846435546875" lon="118.15289254300296306610107421875">
        <ele>33.40000152587890625</ele>
        <time>2025-08-21T10:52:52.000Z</time>
        <extensions>
          <ns3:TrackPointExtension>
            <ns3:hr>85</ns3:hr>
            <ns3:cad>57</ns3:cad>
          </ns3:TrackPointExtension>
        </extensions>
      </trkpt>
      <trkpt lat="24.47852469049394130706787109375" lon="118.1529025174677371978759765625">
        <ele>33.200000762939453125</ele>
        <time>2025-08-21T10:52:59.000Z</time>
        <extensions>
          <ns3:TrackPointExtension>
            <ns3:hr>85</ns3:hr>
            <ns3:cad>59</ns3:cad>
          </ns3:TrackPointExtension>
        </extensions>
      </trkpt>
      <trkpt lat="24.47857372462749481201171875" lon="118.153000585734844207763671875">
        <ele>33.200000762939453125</ele>
        <time>2025-08-21T10:53:09.000Z</time>
        <extensions>
          <ns3:TrackPointExtension>
            <ns3:hr>84</ns3:hr>
            <ns3:cad>0</ns3:cad>
          </ns3:TrackPointExtension>
        </extensions>
      </trkpt>
      <trkpt lat="24.47858235798776149749755859375" lon="118.15313176251947879791259765625">
        <ele>33</ele>
        <time>2025-08-21T10:53:18.000Z</time>
        <extensions>
          <ns3:TrackPointExtension>
            <ns3:hr>81</ns3:hr>
            <ns3:cad>0</ns3:cad>
          </ns3:TrackPointExtension>
        </extensions>
      </trkpt>
      <trkpt lat="24.47858151979744434356689453125" lon="118.15314198844134807586669921875">
        <ele>33</ele>
        <time>2025-08-21T10:53:19.000Z</time>
        <extensions>
          <ns3:TrackPointExtension>
            <ns3:hr>81</ns3:hr>
            <ns3:cad>0</ns3:cad>
          </ns3:TrackPointExtension>
        </extensions>
      </trkpt>
      <trkpt lat="24.47856366634368896484375" lon="118.1532745063304901123046875">
        <ele>33.200000762939453125</ele>
        <time>2025-08-21T10:53:32.000Z</time>
        <extensions>
          <ns3:TrackPointExtension>
            <ns3:hr>82</ns3:hr>
            <ns3:cad>57</ns3:cad>
          </ns3:TrackPointExtension>
        </extensions>
      </trkpt>
      <trkpt lat="24.47856626473367214202880859375" lon="118.1533977203071117401123046875">
        <ele>33.40000152587890625</ele>
        <time>2025-08-21T10:53:44.000Z</time>
        <extensions>
          <ns3:TrackPointExtension>
            <ns3:hr>81</ns3:hr>
            <ns3:cad>57</ns3:cad>
          </ns3:TrackPointExtension>
        </extensions>
      </trkpt>
      <trkpt lat="24.47860146872699260711669921875" lon="118.1534879095852375030517578125">
        <ele>33.200000762939453125</ele>
        <time>2025-08-21T10:53:51.000Z</time>
        <extensions>
          <ns3:TrackPointExtension>
            <ns3:hr>80</ns3:hr>
            <ns3:cad>58</ns3:cad>
          </ns3:TrackPointExtension>
        </extensions>
      </trkpt>
      <trkpt lat="24.4786441326141357421875" lon="118.15360399894416332244873046875">
        <ele>33.200000762939453125</ele>
        <time>2025-08-21T10:54:03.000Z</time>
        <extensions>
          <ns3:TrackPointExtension>
            <ns3:hr>81</ns3:hr>
            <ns3:cad>57</ns3:cad>
          </ns3:TrackPointExtension>
        </extensions>
      </trkpt>
      <trkpt lat="24.4786164723336696624755859375" lon="118.15369452349841594696044921875">
        <ele>33</ele>
        <time>2025-08-21T10:54:10.000Z</time>
        <extensions>
          <ns3:TrackPointExtension>
            <ns3:hr>81</ns3:hr>
            <ns3:cad>57</ns3:cad>
          </ns3:TrackPointExtension>
        </extensions>
      </trkpt>
      <trkpt lat="24.4786090962588787078857421875" lon="118.153773732483386993408203125">
        <ele>32.799999237060546875</ele>
        <time>2025-08-21T10:54:15.000Z</time>
        <extensions>
          <ns3:TrackPointExtension>
            <ns3:hr>82</ns3:hr>
            <ns3:cad>57</ns3:cad>
          </ns3:TrackPointExtension>
        </extensions>
      </trkpt>
      <trkpt lat="24.478617645800113677978515625" lon="118.15380466170608997344970703125">
        <ele>32.59999847412109375</ele>
        <time>2025-08-21T10:54:18.000Z</time>
        <extensions>
          <ns3:TrackPointExtension>
            <ns3:hr>82</ns3:hr>
            <ns3:cad>57</ns3:cad>
          </ns3:TrackPointExtension>
        </extensions>
      </trkpt>
      <trkpt lat="24.47867003269493579864501953125" lon="118.1538791768252849578857421875">
        <ele>32.40000152587890625</ele>
        <time>2025-08-21T10:54:26.000Z</time>
        <extensions>
          <ns3:TrackPointExtension>
            <ns3:hr>82</ns3:hr>
            <ns3:cad>56</ns3:cad>
          </ns3:TrackPointExtension>
        </extensions>
      </trkpt>
      <trkpt lat="24.47870322503149509429931640625" lon="118.15395520068705081939697265625">
        <ele>32.40000152587890625</ele>
        <time>2025-08-21T10:54:34.000Z</time>
        <extensions>
          <ns3:TrackPointExtension>
            <ns3:hr>85</ns3:hr>
            <ns3:cad>59</ns3:cad>
          </ns3:TrackPointExtension>
        </extensions>
      </trkpt>
      <trkpt lat="24.4787036441266536712646484375" lon="118.15403767861425876617431640625">
        <ele>32</ele>
        <time>2025-08-21T10:54:44.000Z</time>
        <extensions>
          <ns3:TrackPointExtension>
            <ns3:hr>87</ns3:hr>
            <ns3:cad>0</ns3:cad>
          </ns3:TrackPointExtension>
        </extensions>
      </trkpt>
      <trkpt lat="24.47870406322181224822998046875" lon="118.1540826894342899322509765625">
        <ele>31.799999237060546875</ele>
        <time>2025-08-21T10:54:47.000Z</time>
        <extensions>
          <ns3:TrackPointExtension>
            <ns3:hr>86</ns3:hr>
            <ns3:cad>56</ns3:cad>
          </ns3:TrackPointExtension>
        </extensions>
      </trkpt>
      <trkpt lat="24.47870020754635334014892578125" lon="118.15413692034780979156494140625">
        <ele>32</ele>
        <time>2025-08-21T10:54:52.000Z</time>
        <extensions>
          <ns3:TrackPointExtension>
            <ns3:hr>85</ns3:hr>
            <ns3:cad>0</ns3:cad>
          </ns3:TrackPointExtension>
        </extensions>
      </trkpt>
      <trkpt lat="24.478694088757038116455078125" lon="118.15417950041592121124267578125">
        <ele>33</ele>
        <time>2025-08-21T10:54:57.000Z</time>
        <extensions>
          <ns3:TrackPointExtension>
            <ns3:hr>85</ns3:hr>
            <ns3:cad>44</ns3:cad>
          </ns3:TrackPointExtension>
        </extensions>
      </trkpt>
      <trkpt lat="24.47869886644184589385986328125" lon="118.15419877879321575164794921875">
        <ele>34</ele>
        <time>2025-08-21T10:55:01.000Z</time>
        <extensions>
          <ns3:TrackPointExtension>
            <ns3:hr>85</ns3:hr>
            <ns3:cad>0</ns3:cad>
          </ns3:TrackPointExtension>
        </extensions>
      </trkpt>
      <trkpt lat="24.4786969386041164398193359375" lon="118.15420992672443389892578125">
        <ele>34.200000762939453125</ele>
        <time>2025-08-21T10:55:02.000Z</time>
        <extensions>
          <ns3:TrackPointExtension>
            <ns3:hr>86</ns3:hr>
            <ns3:cad>0</ns3:cad>
          </ns3:TrackPointExtension>
        </extensions>
      </trkpt>
      <trkpt lat="24.4786902330815792083740234375" lon="118.15424722619354724884033203125">
        <ele>35</ele>
        <time>2025-08-21T10:55:07.000Z</time>
        <extensions>
          <ns3:TrackPointExtension>
            <ns3:hr>89</ns3:hr>
            <ns3:cad>0</ns3:cad>
          </ns3:TrackPointExtension>
        </extensions>
      </trkpt>
      <trkpt lat="24.478689394891262054443359375" lon="118.15425376407802104949951171875">
        <ele>35.200000762939453125</ele>
        <time>2025-08-21T10:55:08.000Z</time>
        <extensions>
          <ns3:TrackPointExtension>
            <ns3:hr>89</ns3:hr>
            <ns3:cad>0</ns3:cad>
          </ns3:TrackPointExtension>
        </extensions>
      </trkpt>
      <trkpt lat="24.47868109680712223052978515625" lon="118.1542737968266010284423828125">
        <ele>36</ele>
        <time>2025-08-21T10:55:11.000Z</time>
        <extensions>
          <ns3:TrackPointExtension>
            <ns3:hr>91</ns3:hr>
            <ns3:cad>0</ns3:cad>
          </ns3:TrackPointExtension>
        </extensions>
      </trkpt>
      <trkpt lat="24.47867573238909244537353515625" lon="118.15429751761257648468017578125">
        <ele>36.40000152587890625</ele>
        <time>2025-08-21T10:55:13.000Z</time>
        <extensions>
          <ns3:TrackPointExtension>
            <ns3:hr>93</ns3:hr>
            <ns3:cad>43</ns3:cad>
          </ns3:TrackPointExtension>
        </extensions>
      </trkpt>
      <trkpt lat="24.47866701520979404449462890625" lon="118.15432417206466197967529296875">
        <ele>37.40000152587890625</ele>
        <time>2025-08-21T10:55:17.000Z</time>
        <extensions>
          <ns3:TrackPointExtension>
            <ns3:hr>96</ns3:hr>
            <ns3:cad>43</ns3:cad>
          </ns3:TrackPointExtension>
        </extensions>
      </trkpt>
      <trkpt lat="24.47866567410528659820556640625" lon="118.15433255396783351898193359375">
        <ele>37.799999237060546875</ele>
        <time>2025-08-21T10:55:18.000Z</time>
        <extensions>
          <ns3:TrackPointExtension>
            <ns3:hr>97</ns3:hr>
            <ns3:cad>43</ns3:cad>
          </ns3:TrackPointExtension>
        </extensions>
      </trkpt>
      <trkpt lat="24.4786660932004451751708984375" lon="118.15433800220489501953125">
        <ele>38</ele>
        <time>2025-08-21T10:55:19.000Z</time>
        <extensions>
          <ns3:TrackPointExtension>
            <ns3:hr>97</ns3:hr>
            <ns3:cad>40</ns3:cad>
          </ns3:TrackPointExtension>
        </extensions>
      </trkpt>
      <trkpt lat="24.4786711223423480987548828125" lon="118.1543613038957118988037109375">
        <ele>38.40000152587890625</ele>
        <time>2025-08-21T10:55:23.000Z</time>
        <extensions>
          <ns3:TrackPointExtension>
            <ns3:hr>100</ns3:hr>
            <ns3:cad>0</ns3:cad>
          </ns3:TrackPointExtension>
        </extensions>
      </trkpt>
      <trkpt lat="24.4786788336932659149169921875" lon="118.15438292920589447021484375">
        <ele>38.59999847412109375</ele>
        <time>2025-08-21T10:55:26.000Z</time>
        <extensions>
          <ns3:TrackPointExtension>
            <ns3:hr>103</ns3:hr>
            <ns3:cad>0</ns3:cad>
          </ns3:TrackPointExtension>
        </extensions>
      </trkpt>
      <trkpt lat="24.4786828570067882537841796875" lon="118.1543851085007190704345703125">
        <ele>38.59999847412109375</ele>
        <time>2025-08-21T10:55:27.000Z</time>
        <extensions>
          <ns3:TrackPointExtension>
            <ns3:hr>104</ns3:hr>
            <ns3:cad>53</ns3:cad>
          </ns3:TrackPointExtension>
        </extensions>
      </trkpt>
      <trkpt lat="24.47870121337473392486572265625" lon="118.15439474768936634063720703125">
        <ele>38.59999847412109375</ele>
        <time>2025-08-21T10:55:30.000Z</time>
        <extensions>
          <ns3:TrackPointExtension>
            <ns3:hr>107</ns3:hr>
            <ns3:cad>55</ns3:cad>
          </ns3:TrackPointExtension>
        </extensions>
      </trkpt>
      <trkpt lat="24.47874044068157672882080078125" lon="118.15441050566732883453369140625">
        <ele>38.799999237060546875</ele>
        <time>2025-08-21T10:55:35.000Z</time>
        <extensions>
          <ns3:TrackPointExtension>
            <ns3:hr>110</ns3:hr>
            <ns3:cad>58</ns3:cad>
          </ns3:TrackPointExtension>
        </extensions>
      </trkpt>
      <trkpt lat="24.4787795841693878173828125" lon="118.154418468475341796875">
        <ele>38.59999847412109375</ele>
        <time>2025-08-21T10:55:44.000Z</time>
        <extensions>
          <ns3:TrackPointExtension>
            <ns3:hr>107</ns3:hr>
            <ns3:cad>59</ns3:cad>
          </ns3:TrackPointExtension>
        </extensions>
      </trkpt>
      <trkpt lat="24.47876826860010623931884765625" lon="118.15440966747701168060302734375">
        <ele>38.799999237060546875</ele>
        <time>2025-08-21T10:55:51.000Z</time>
        <extensions>
          <ns3:TrackPointExtension>
            <ns3:hr>106</ns3:hr>
            <ns3:cad>59</ns3:cad>
          </ns3:TrackPointExtension>
        </extensions>
      </trkpt>
      <trkpt lat="24.47891981340944766998291015625" lon="118.1544186361134052276611328125">
        <ele>38.799999237060546875</ele>
        <time>2025-08-21T10:55:55.000Z</time>
        <extensions>
          <ns3:TrackPointExtension>
            <ns3:hr>105</ns3:hr>
            <ns3:cad>0</ns3:cad>
          </ns3:TrackPointExtension>
        </extensions>
      </trkpt>
      <trkpt lat="24.4789805822074413299560546875" lon="118.15445224754512310028076171875">
        <ele>38.799999237060546875</ele>
        <time>2025-08-21T10:55:57.000Z</time>
        <extensions>
          <ns3:TrackPointExtension>
            <ns3:hr>105</ns3:hr>
            <ns3:cad>0</ns3:cad>
          </ns3:TrackPointExtension>
        </extensions>
      </trkpt>
      <trkpt lat="24.479002542793750762939453125" lon="118.15447521395981311798095703125">
        <ele>38.799999237060546875</ele>
        <time>2025-08-21T10:55:58.000Z</time>
        <extensions>
          <ns3:TrackPointExtension>
            <ns3:hr>104</ns3:hr>
            <ns3:cad>0</ns3:cad>
          </ns3:TrackPointExtension>
        </extensions>
      </trkpt>
      <trkpt lat="24.4790228269994258880615234375" lon="118.1544950790703296661376953125">
        <ele>38.799999237060546875</ele>
        <time>2025-08-21T10:56:00.000Z</time>
        <extensions>
          <ns3:TrackPointExtension>
            <ns3:hr>104</ns3:hr>
            <ns3:cad>0</ns3:cad>
          </ns3:TrackPointExtension>
        </extensions>
      </trkpt>
      <trkpt lat="24.4790412671864032745361328125" lon="118.15452718175947666168212890625">
        <ele>38.799999237060546875</ele>
        <time>2025-08-21T10:56:02.000Z</time>
        <extensions>
          <ns3:TrackPointExtension>
            <ns3:hr>104</ns3:hr>
            <ns3:cad>0</ns3:cad>
          </ns3:TrackPointExtension>
        </extensions>
      </trkpt>
      <trkpt lat="24.47906565852463245391845703125" lon="118.15451310016214847564697265625">
        <ele>38.59999847412109375</ele>
        <time>2025-08-21T10:56:05.000Z</time>
        <extensions>
          <ns3:TrackPointExtension>
            <ns3:hr>102</ns3:hr>
            <ns3:cad>0</ns3:cad>
          </ns3:TrackPointExtension>
        </extensions>
      </trkpt>
      <trkpt lat="24.4790892116725444793701171875" lon="118.154499270021915435791015625">
        <ele>38.59999847412109375</ele>
        <time>2025-08-21T10:56:07.000Z</time>
        <extensions>
          <ns3:TrackPointExtension>
            <ns3:hr>101</ns3:hr>
            <ns3:cad>0</ns3:cad>
          </ns3:TrackPointExtension>
        </extensions>
      </trkpt>
      <trkpt lat="24.47908678092062473297119140625" lon="118.154483847320079803466796875">
        <ele>38.799999237060546875</ele>
        <time>2025-08-21T10:56:09.000Z</time>
        <extensions>
          <ns3:TrackPointExtension>
            <ns3:hr>101</ns3:hr>
            <ns3:cad>0</ns3:cad>
          </ns3:TrackPointExtension>
        </extensions>
      </trkpt>
      <trkpt lat="24.479087702929973602294921875" lon="118.1544568575918674468994140625">
        <ele>38.799999237060546875</ele>
        <time>2025-08-21T10:56:11.000Z</time>
        <extensions>
          <ns3:TrackPointExtension>
            <ns3:hr>100</ns3:hr>
            <ns3:cad>0</ns3:cad>
          </ns3:TrackPointExtension>
        </extensions>
      </trkpt>
      <trkpt lat="24.47909273207187652587890625" lon="118.1544199772179126739501953125">
        <ele>38</ele>
        <time>2025-08-21T10:56:16.000Z</time>
        <extensions>
          <ns3:TrackPointExtension>
            <ns3:hr>100</ns3:hr>
            <ns3:cad>68</ns3:cad>
          </ns3:TrackPointExtension>
        </extensions>
      </trkpt>
      <trkpt lat="24.47909147478640079498291015625" lon="118.15441587008535861968994140625">
        <ele>37.59999847412109375</ele>
        <time>2025-08-21T10:56:17.000Z</time>
        <extensions>
          <ns3:TrackPointExtension>
            <ns3:hr>100</ns3:hr>
            <ns3:cad>71</ns3:cad>
          </ns3:TrackPointExtension>
        </extensions>
      </trkpt>
      <trkpt lat="24.479094408452510833740234375" lon="118.15437748096883296966552734375">
        <ele>36.40000152587890625</ele>
        <time>2025-08-21T10:56:21.000Z</time>
        <extensions>
          <ns3:TrackPointExtension>
            <ns3:hr>99</ns3:hr>
            <ns3:cad>72</ns3:cad>
          </ns3:TrackPointExtension>
        </extensions>
      </trkpt>
      <trkpt lat="24.47909130714833736419677734375" lon="118.154369853436946868896484375">
        <ele>36.200000762939453125</ele>
        <time>2025-08-21T10:56:22.000Z</time>
        <extensions>
          <ns3:TrackPointExtension>
            <ns3:hr>99</ns3:hr>
            <ns3:cad>72</ns3:cad>
          </ns3:TrackPointExtension>
        </extensions>
      </trkpt>
      <trkpt lat="24.47910010814666748046875" lon="118.1543532572686672210693359375">
        <ele>35.40000152587890625</ele>
        <time>2025-08-21T10:56:26.000Z</time>
        <extensions>
          <ns3:TrackPointExtension>
            <ns3:hr>98</ns3:hr>
            <ns3:cad>65</ns3:cad>
          </ns3:TrackPointExtension>
        </extensions>
      </trkpt>
      <trkpt lat="24.47911678813397884368896484375" lon="118.154312185943126678466796875">
        <ele>34.59999847412109375</ele>
        <time>2025-08-21T10:56:29.000Z</time>
        <extensions>
          <ns3:TrackPointExtension>
            <ns3:hr>98</ns3:hr>
            <ns3:cad>70</ns3:cad>
          </ns3:TrackPointExtension>
        </extensions>
      </trkpt>
      <trkpt lat="24.47911930270493030548095703125" lon="118.15430556423962116241455078125">
        <ele>34.200000762939453125</ele>
        <time>2025-08-21T10:56:30.000Z</time>
        <extensions>
          <ns3:TrackPointExtension>
            <ns3:hr>97</ns3:hr>
            <ns3:cad>70</ns3:cad>
          </ns3:TrackPointExtension>
        </extensions>
      </trkpt>
      <trkpt lat="24.4791475497186183929443359375" lon="118.1542664207518100738525390625">
        <ele>33.200000762939453125</ele>
        <time>2025-08-21T10:56:36.000Z</time>
        <extensions>
          <ns3:TrackPointExtension>
            <ns3:hr>97</ns3:hr>
            <ns3:cad>64</ns3:cad>
          </ns3:TrackPointExtension>
        </extensions>
      </trkpt>
      <trkpt lat="24.47916188277304172515869140625" lon="118.15425896085798740386962890625">
        <ele>32.200000762939453125</ele>
        <time>2025-08-21T10:56:40.000Z</time>
        <extensions>
          <ns3:TrackPointExtension>
            <ns3:hr>97</ns3:hr>
            <ns3:cad>62</ns3:cad>
          </ns3:TrackPointExtension>
        </extensions>
      </trkpt>
      <trkpt lat="24.47916054166853427886962890625" lon="118.15427362918853759765625">
        <ele>31.799999237060546875</ele>
        <time>2025-08-21T10:56:42.000Z</time>
        <extensions>
          <ns3:TrackPointExtension>
            <ns3:hr>97</ns3:hr>
            <ns3:cad>61</ns3:cad>
          </ns3:TrackPointExtension>
        </extensions>
      </trkpt>
      <trkpt lat="24.47914662770926952362060546875" lon="118.15433540381491184234619140625">
        <ele>31.799999237060546875</ele>
        <time>2025-08-21T10:56:48.000Z</time>
        <extensions>
          <ns3:TrackPointExtension>
            <ns3:hr>97</ns3:hr>
            <ns3:cad>59</ns3:cad>
          </ns3:TrackPointExtension>
        </extensions>
      </trkpt>
      <trkpt lat="24.479134976863861083984375" lon="118.1543634831905364990234375">
        <ele>31.799999237060546875</ele>
        <time>2025-08-21T10:56:50.000Z</time>
        <extensions>
          <ns3:TrackPointExtension>
            <ns3:hr>96</ns3:hr>
            <ns3:cad>59</ns3:cad>
          </ns3:TrackPointExtension>
        </extensions>
      </trkpt>
      <trkpt lat="24.479109160602092742919921875" lon="118.154459707438945770263671875">
        <ele>31.799999237060546875</ele>
        <time>2025-08-21T10:56:56.000Z</time>
        <extensions>
          <ns3:TrackPointExtension>
            <ns3:hr>96</ns3:hr>
            <ns3:cad>57</ns3:cad>
          </ns3:TrackPointExtension>
        </extensions>
      </trkpt>
      <trkpt lat="24.47909415699541568756103515625" lon="118.15454578958451747894287109375">
        <ele>31.6000003814697265625</ele>
        <time>2025-08-21T10:57:04.000Z</time>
        <extensions>
          <ns3:TrackPointExtension>
            <ns3:hr>95</ns3:hr>
            <ns3:cad>57</ns3:cad>
          </ns3:TrackPointExtension>
        </extensions>
      </trkpt>
      <trkpt lat="24.47911008261144161224365234375" lon="118.15460018813610076904296875">
        <ele>31.6000003814697265625</ele>
        <time>2025-08-21T10:57:10.000Z</time>
        <extensions>
          <ns3:TrackPointExtension>
            <ns3:hr>94</ns3:hr>
            <ns3:cad>57</ns3:cad>
          </ns3:TrackPointExtension>
        </extensions>
      </trkpt>
      <trkpt lat="24.47911418974399566650390625" lon="118.1546040438115596771240234375">
        <ele>31.6000003814697265625</ele>
        <time>2025-08-21T10:57:11.000Z</time>
        <extensions>
          <ns3:TrackPointExtension>
            <ns3:hr>94</ns3:hr>
            <ns3:cad>57</ns3:cad>
          </ns3:TrackPointExtension>
        </extensions>
      </trkpt>
      <trkpt lat="24.47911192663013935089111328125" lon="118.1546050496399402618408203125">
        <ele>31.6000003814697265625</ele>
        <time>2025-08-21T10:57:13.000Z</time>
        <extensions>
          <ns3:TrackPointExtension>
            <ns3:hr>93</ns3:hr>
            <ns3:cad>57</ns3:cad>
          </ns3:TrackPointExtension>
        </extensions>
      </trkpt>
      <trkpt lat="24.47910203598439693450927734375" lon="118.15460043959319591522216796875">
        <ele>31.799999237060546875</ele>
        <time>2025-08-21T10:57:15.000Z</time>
        <extensions>
          <ns3:TrackPointExtension>
            <ns3:hr>93</ns3:hr>
            <ns3:cad>57</ns3:cad>
          </ns3:TrackPointExtension>
        </extensions>
      </trkpt>
      <trkpt lat="24.47909633629024028778076171875" lon="118.15459909848868846893310546875">
        <ele>31.799999237060546875</ele>
        <time>2025-08-21T10:57:17.000Z</time>
        <extensions>
          <ns3:TrackPointExtension>
            <ns3:hr>92</ns3:hr>
            <ns3:cad>0</ns3:cad>
          </ns3:TrackPointExtension>
        </extensions>
      </trkpt>
      <trkpt lat="24.479070268571376800537109375" lon="118.15458551980555057525634765625">
        <ele>31.3999996185302734375</ele>
        <time>2025-08-21T10:57:25.000Z</time>
        <extensions>
          <ns3:TrackPointExtension>
            <ns3:hr>89</ns3:hr>
            <ns3:cad>0</ns3:cad>
          </ns3:TrackPointExtension>
        </extensions>
      </trkpt>
      <trkpt lat="24.479070939123630523681640625" lon="118.15458619035780429840087890625">
        <ele>31.3999996185302734375</ele>
        <time>2025-08-21T10:57:27.000Z</time>
        <extensions>
          <ns3:TrackPointExtension>
            <ns3:hr>85</ns3:hr>
            <ns3:cad>0</ns3:cad>
          </ns3:TrackPointExtension>
        </extensions>
      </trkpt>
      <trkpt lat="24.47907035239040851593017578125" lon="118.1545882858335971832275390625">
        <ele>31.6000003814697265625</ele>
        <time>2025-08-21T10:57:28.000Z</time>
        <extensions>
          <ns3:TrackPointExtension>
            <ns3:hr>82</ns3:hr>
            <ns3:cad>0</ns3:cad>
          </ns3:TrackPointExtension>
        </extensions>
      </trkpt>
      <trkpt lat="24.47906817309558391571044921875" lon="118.15458719618618488311767578125">
        <ele>31.6000003814697265625</ele>
        <time>2025-08-21T10:57:29.000Z</time>
        <extensions>
          <ns3:TrackPointExtension>
            <ns3:hr>78</ns3:hr>
            <ns3:cad>0</ns3:cad>
          </ns3:TrackPointExtension>
        </extensions>
      </trkpt>
      <trkpt lat="24.47906247340142726898193359375" lon="118.154579065740108489990234375">
        <ele>31.3999996185302734375</ele>
        <time>2025-08-21T10:57:31.000Z</time>
        <extensions>
          <ns3:TrackPointExtension>
            <ns3:hr>75</ns3:hr>
            <ns3:cad>0</ns3:cad>
          </ns3:TrackPointExtension>
        </extensions>
      </trkpt>
      <trkpt lat="24.47906984947621822357177734375" lon="118.1545752100646495819091796875">
        <ele>31.3999996185302734375</ele>
        <time>2025-08-21T10:57:35.000Z</time>
        <extensions>
          <ns3:TrackPointExtension>
            <ns3:hr>76</ns3:hr>
            <ns3:cad>0</ns3:cad>
          </ns3:TrackPointExtension>
        </extensions>
      </trkpt>
      <trkpt lat="24.4790868647396564483642578125" lon="118.15467503853142261505126953125">
        <ele>31.3999996185302734375</ele>
        <time>2025-08-21T10:57:42.000Z</time>
        <extensions>
          <ns3:TrackPointExtension>
            <ns3:hr>75</ns3:hr>
            <ns3:cad>0</ns3:cad>
          </ns3:TrackPointExtension>
        </extensions>
      </trkpt>
      <trkpt lat="24.4790804944932460784912109375" lon="118.15472625195980072021484375">
        <ele>31.200000762939453125</ele>
        <time>2025-08-21T10:57:46.000Z</time>
        <extensions>
          <ns3:TrackPointExtension>
            <ns3:hr>75</ns3:hr>
            <ns3:cad>0</ns3:cad>
          </ns3:TrackPointExtension>
        </extensions>
      </trkpt>
      <trkpt lat="24.479066915810108184814453125" lon="118.15477847121655941009521484375">
        <ele>31</ele>
        <time>2025-08-21T10:57:51.000Z</time>
        <extensions>
          <ns3:TrackPointExtension>
            <ns3:hr>76</ns3:hr>
            <ns3:cad>61</ns3:cad>
          </ns3:TrackPointExtension>
        </extensions>
      </trkpt>
      <trkpt lat="24.47904252447187900543212890625" lon="118.154841251671314239501953125">
        <ele>31.3999996185302734375</ele>
        <time>2025-08-21T10:57:58.000Z</time>
        <extensions>
          <ns3:TrackPointExtension>
            <ns3:hr>79</ns3:hr>
            <ns3:cad>60</ns3:cad>
          </ns3:TrackPointExtension>
        </extensions>
      </trkpt>
      <trkpt lat="24.47903917171061038970947265625" lon="118.1549238972365856170654296875">
        <ele>31.3999996185302734375</ele>
        <time>2025-08-21T10:58:05.000Z</time>
        <extensions>
          <ns3:TrackPointExtension>
            <ns3:hr>79</ns3:hr>
            <ns3:cad>62</ns3:cad>
          </ns3:TrackPointExtension>
        </extensions>
      </trkpt>
      <trkpt lat="24.47902408428490161895751953125" lon="118.154989778995513916015625">
        <ele>31.200000762939453125</ele>
        <time>2025-08-21T10:58:12.000Z</time>
        <extensions>
          <ns3:TrackPointExtension>
            <ns3:hr>77</ns3:hr>
            <ns3:cad>61</ns3:cad>
          </ns3:TrackPointExtension>
        </extensions>
      </trkpt>
      <trkpt lat="24.4790248386561870574951171875" lon="118.15500947646796703338623046875">
        <ele>31.200000762939453125</ele>
        <time>2025-08-21T10:58:14.000Z</time>
        <extensions>
          <ns3:TrackPointExtension>
            <ns3:hr>74</ns3:hr>
            <ns3:cad>61</ns3:cad>
          </ns3:TrackPointExtension>
        </extensions>
      </trkpt>
      <trkpt lat="24.4790131039917469024658203125" lon="118.1550741009414196014404296875">
        <ele>31.200000762939453125</ele>
        <time>2025-08-21T10:58:20.000Z</time>
        <extensions>
          <ns3:TrackPointExtension>
            <ns3:hr>73</ns3:hr>
            <ns3:cad>59</ns3:cad>
          </ns3:TrackPointExtension>
        </extensions>
      </trkpt>
      <trkpt lat="24.4790305383503437042236328125" lon="118.1550831533968448638916015625">
        <ele>31</ele>
        <time>2025-08-21T10:58:22.000Z</time>
        <extensions>
          <ns3:TrackPointExtension>
            <ns3:hr>73</ns3:hr>
            <ns3:cad>58</ns3:cad>
          </ns3:TrackPointExtension>
        </extensions>
      </trkpt>
      <trkpt lat="24.479096420109272003173828125" lon="118.15508692525327205657958984375">
        <ele>31</ele>
        <time>2025-08-21T10:58:27.000Z</time>
        <extensions>
          <ns3:TrackPointExtension>
            <ns3:hr>72</ns3:hr>
            <ns3:cad>60</ns3:cad>
          </ns3:TrackPointExtension>
        </extensions>
      </trkpt>
      <trkpt lat="24.47915065102279186248779296875" lon="118.15509379841387271881103515625">
        <ele>31.3999996185302734375</ele>
        <time>2025-08-21T10:58:35.000Z</time>
        <extensions>
          <ns3:TrackPointExtension>
            <ns3:hr>73</ns3:hr>
            <ns3:cad>60</ns3:cad>
          </ns3:TrackPointExtension>
        </extensions>
      </trkpt>
      <trkpt lat="24.4791857711970806121826171875" lon="118.1550999172031879425048828125">
        <ele>31.200000762939453125</ele>
        <time>2025-08-21T10:58:38.000Z</time>
        <extensions>
          <ns3:TrackPointExtension>
            <ns3:hr>76</ns3:hr>
            <ns3:cad>60</ns3:cad>
          </ns3:TrackPointExtension>
        </extensions>
      </trkpt>
      <trkpt lat="24.4792001880705356597900390625" lon="118.15510083921253681182861328125">
        <ele>31.3999996185302734375</ele>
        <time>2025-08-21T10:58:39.000Z</time>
        <extensions>
          <ns3:TrackPointExtension>
            <ns3:hr>81</ns3:hr>
            <ns3:cad>60</ns3:cad>
          </ns3:TrackPointExtension>
        </extensions>
      </trkpt>
      <trkpt lat="24.47924050502479076385498046875" lon="118.15510704182088375091552734375">
        <ele>31.3999996185302734375</ele>
        <time>2025-08-21T10:58:42.000Z</time>
        <extensions>
          <ns3:TrackPointExtension>
            <ns3:hr>82</ns3:hr>
            <ns3:cad>60</ns3:cad>
          </ns3:TrackPointExtension>
        </extensions>
      </trkpt>
      <trkpt lat="24.479329101741313934326171875" lon="118.15512866713106632232666015625">
        <ele>31.200000762939453125</ele>
        <time>2025-08-21T10:58:49.000Z</time>
        <extensions>
          <ns3:TrackPointExtension>
            <ns3:hr>81</ns3:hr>
            <ns3:cad>59</ns3:cad>
          </ns3:TrackPointExtension>
        </extensions>
      </trkpt>
      <trkpt lat="24.47941719554364681243896484375" lon="118.15517443232238292694091796875">
        <ele>31.200000762939453125</ele>
        <time>2025-08-21T10:58:58.000Z</time>
        <extensions>
          <ns3:TrackPointExtension>
            <ns3:hr>81</ns3:hr>
            <ns3:cad>59</ns3:cad>
          </ns3:TrackPointExtension>
        </extensions>
      </trkpt>
      <trkpt lat="24.47951224632561206817626953125" lon="118.155185915529727935791015625">
        <ele>31.200000762939453125</ele>
        <time>2025-08-21T10:59:06.000Z</time>
        <extensions>
          <ns3:TrackPointExtension>
            <ns3:hr>82</ns3:hr>
            <ns3:cad>59</ns3:cad>
          </ns3:TrackPointExtension>
        </extensions>
      </trkpt>
      <trkpt lat="24.47957997210323810577392578125" lon="118.15518298186361789703369140625">
        <ele>31.200000762939453125</ele>
        <time>2025-08-21T10:59:12.000Z</time>
        <extensions>
          <ns3:TrackPointExtension>
            <ns3:hr>82</ns3:hr>
            <ns3:cad>57</ns3:cad>
          </ns3:TrackPointExtension>
        </extensions>
      </trkpt>
      <trkpt lat="24.4796538166701793670654296875" lon="118.15519236959517002105712890625">
        <ele>31.3999996185302734375</ele>
        <time>2025-08-21T10:59:18.000Z</time>
        <extensions>
          <ns3:TrackPointExtension>
            <ns3:hr>83</ns3:hr>
            <ns3:cad>60</ns3:cad>
          </ns3:TrackPointExtension>
        </extensions>
      </trkpt>
      <trkpt lat="24.4797460176050662994384765625" lon="118.15523277036845684051513671875">
        <ele>31.3999996185302734375</ele>
        <time>2025-08-21T10:59:26.000Z</time>
        <extensions>
          <ns3:TrackPointExtension>
            <ns3:hr>82</ns3:hr>
            <ns3:cad>59</ns3:cad>
          </ns3:TrackPointExtension>
        </extensions>
      </trkpt>
      <trkpt lat="24.479768984019756317138671875" lon="118.1552447564899921417236328125">
        <ele>31.3999996185302734375</ele>
        <time>2025-08-21T10:59:29.000Z</time>
        <extensions>
          <ns3:TrackPointExtension>
            <ns3:hr>79</ns3:hr>
            <ns3:cad>60</ns3:cad>
          </ns3:TrackPointExtension>
        </extensions>
      </trkpt>
      <trkpt lat="24.4798073731362819671630859375" lon="118.1552440859377384185791015625">
        <ele>31.3999996185302734375</ele>
        <time>2025-08-21T10:59:33.000Z</time>
        <extensions>
          <ns3:TrackPointExtension>
            <ns3:hr>80</ns3:hr>
            <ns3:cad>59</ns3:cad>
          </ns3:TrackPointExtension>
        </extensions>
      </trkpt>
      <trkpt lat="24.47984098456799983978271484375" lon="118.15524115227162837982177734375">
        <ele>31.3999996185302734375</ele>
        <time>2025-08-21T10:59:36.000Z</time>
        <extensions>
          <ns3:TrackPointExtension>
            <ns3:hr>83</ns3:hr>
            <ns3:cad>59</ns3:cad>
          </ns3:TrackPointExtension>
        </extensions>
      </trkpt>
      <trkpt lat="24.4798680581152439117431640625" lon="118.155250959098339080810546875">
        <ele>31.3999996185302734375</ele>
        <time>2025-08-21T10:59:41.000Z</time>
        <extensions>
          <ns3:TrackPointExtension>
            <ns3:hr>82</ns3:hr>
            <ns3:cad>59</ns3:cad>
          </ns3:TrackPointExtension>
        </extensions>
      </trkpt>
      <trkpt lat="24.47996553964912891387939453125" lon="118.15528415143489837646484375">
        <ele>31.6000003814697265625</ele>
        <time>2025-08-21T10:59:50.000Z</time>
        <extensions>
          <ns3:TrackPointExtension>
            <ns3:hr>81</ns3:hr>
            <ns3:cad>58</ns3:cad>
          </ns3:TrackPointExtension>
        </extensions>
      </trkpt>
      <trkpt lat="24.4800413958728313446044921875" lon="118.15528415143489837646484375">
        <ele>31.6000003814697265625</ele>
        <time>2025-08-21T10:59:57.000Z</time>
        <extensions>
          <ns3:TrackPointExtension>
            <ns3:hr>84</ns3:hr>
            <ns3:cad>57</ns3:cad>
          </ns3:TrackPointExtension>
        </extensions>
      </trkpt>
      <trkpt lat="24.48006570339202880859375" lon="118.15529094077646732330322265625">
        <ele>31.6000003814697265625</ele>
        <time>2025-08-21T10:59:59.000Z</time>
        <extensions>
          <ns3:TrackPointExtension>
            <ns3:hr>85</ns3:hr>
            <ns3:cad>57</ns3:cad>
          </ns3:TrackPointExtension>
        </extensions>
      </trkpt>
      <trkpt lat="24.48008514940738677978515625" lon="118.15529596991837024688720703125">
        <ele>31.6000003814697265625</ele>
        <time>2025-08-21T11:00:00.000Z</time>
        <extensions>
          <ns3:TrackPointExtension>
            <ns3:hr>82</ns3:hr>
            <ns3:cad>58</ns3:cad>
          </ns3:TrackPointExtension>
        </extensions>
      </trkpt>
      <trkpt lat="24.48010937310755252838134765625" lon="118.15530887804925441741943359375">
        <ele>31.3999996185302734375</ele>
        <time>2025-08-21T11:00:02.000Z</time>
        <extensions>
          <ns3:TrackPointExtension>
            <ns3:hr>79</ns3:hr>
            <ns3:cad>59</ns3:cad>
          </ns3:TrackPointExtension>
        </extensions>
      </trkpt>
      <trkpt lat="24.48017894290387630462646484375" lon="118.15535615198314189910888671875">
        <ele>31.3999996185302734375</ele>
        <time>2025-08-21T11:00:08.000Z</time>
        <extensions>
          <ns3:TrackPointExtension>
            <ns3:hr>78</ns3:hr>
            <ns3:cad>59</ns3:cad>
          </ns3:TrackPointExtension>
        </extensions>
      </trkpt>
      <trkpt lat="24.4802512787282466888427734375" lon="118.1553815491497516632080078125">
        <ele>31.6000003814697265625</ele>
        <time>2025-08-21T11:00:14.000Z</time>
        <extensions>
          <ns3:TrackPointExtension>
            <ns3:hr>77</ns3:hr>
            <ns3:cad>60</ns3:cad>
          </ns3:TrackPointExtension>
        </extensions>
      </trkpt>
      <trkpt lat="24.48031439445912837982177734375" lon="118.155411221086978912353515625">
        <ele>31.6000003814697265625</ele>
        <time>2025-08-21T11:00:22.000Z</time>
        <extensions>
          <ns3:TrackPointExtension>
            <ns3:hr>78</ns3:hr>
            <ns3:cad>59</ns3:cad>
          </ns3:TrackPointExtension>
        </extensions>
      </trkpt>
      <trkpt lat="24.48036418296396732330322265625" lon="118.1554191000759601593017578125">
        <ele>31.6000003814697265625</ele>
        <time>2025-08-21T11:00:27.000Z</time>
        <extensions>
          <ns3:TrackPointExtension>
            <ns3:hr>82</ns3:hr>
            <ns3:cad>59</ns3:cad>
          </ns3:TrackPointExtension>
        </extensions>
      </trkpt>
      <trkpt lat="24.48037558235228061676025390625" lon="118.15542228519916534423828125">
        <ele>31.799999237060546875</ele>
        <time>2025-08-21T11:00:29.000Z</time>
        <extensions>
          <ns3:TrackPointExtension>
            <ns3:hr>86</ns3:hr>
            <ns3:cad>59</ns3:cad>
          </ns3:TrackPointExtension>
        </extensions>
      </trkpt>
      <trkpt lat="24.48038614355027675628662109375" lon="118.15542354248464107513427734375">
        <ele>31.799999237060546875</ele>
        <time>2025-08-21T11:00:30.000Z</time>
        <extensions>
          <ns3:TrackPointExtension>
            <ns3:hr>87</ns3:hr>
            <ns3:cad>59</ns3:cad>
          </ns3:TrackPointExtension>
        </extensions>
      </trkpt>
      <trkpt lat="24.48048236779868602752685546875" lon="118.1554496102035045623779296875">
        <ele>32</ele>
        <time>2025-08-21T11:00:38.000Z</time>
        <extensions>
          <ns3:TrackPointExtension>
            <ns3:hr>83</ns3:hr>
            <ns3:cad>57</ns3:cad>
          </ns3:TrackPointExtension>
        </extensions>
      </trkpt>
      <trkpt lat="24.48050466366112232208251953125" lon="118.15545321442186832427978515625">
        <ele>31.799999237060546875</ele>
        <time>2025-08-21T11:00:40.000Z</time>
        <extensions>
          <ns3:TrackPointExtension>
            <ns3:hr>80</ns3:hr>
            <ns3:cad>57</ns3:cad>
          </ns3:TrackPointExtension>
        </extensions>
      </trkpt>
      <trkpt lat="24.48051103390753269195556640625" lon="118.1554522924125194549560546875">
        <ele>31.799999237060546875</ele>
        <time>2025-08-21T11:00:41.000Z</time>
        <extensions>
          <ns3:TrackPointExtension>
            <ns3:hr>80</ns3:hr>
            <ns3:cad>57</ns3:cad>
          </ns3:TrackPointExtension>
        </extensions>
      </trkpt>
      <trkpt lat="24.48058848269283771514892578125" lon="118.155426643788814544677734375">
        <ele>32</ele>
        <time>2025-08-21T11:00:49.000Z</time>
        <extensions>
          <ns3:TrackPointExtension>
            <ns3:hr>79</ns3:hr>
            <ns3:cad>59</ns3:cad>
          </ns3:TrackPointExtension>
        </extensions>
      </trkpt>
      <trkpt lat="24.4806901551783084869384765625" lon="118.1553956307470798492431640625">
        <ele>32.200000762939453125</ele>
        <time>2025-08-21T11:00:59.000Z</time>
        <extensions>
          <ns3:TrackPointExtension>
            <ns3:hr>78</ns3:hr>
            <ns3:cad>59</ns3:cad>
          </ns3:TrackPointExtension>
        </extensions>
      </trkpt>
      <trkpt lat="24.48070398531854152679443359375" lon="118.155397810041904449462890625">
        <ele>32.200000762939453125</ele>
        <time>2025-08-21T11:01:02.000Z</time>
        <extensions>
          <ns3:TrackPointExtension>
            <ns3:hr>77</ns3:hr>
            <ns3:cad>58</ns3:cad>
          </ns3:TrackPointExtension>
        </extensions>
      </trkpt>
      <trkpt lat="24.48073985986411571502685546875" lon="118.15541733987629413604736328125">
        <ele>33</ele>
        <time>2025-08-21T11:01:07.000Z</time>
        <extensions>
          <ns3:TrackPointExtension>
            <ns3:hr>78</ns3:hr>
            <ns3:cad>55</ns3:cad>
          </ns3:TrackPointExtension>
        </extensions>
      </trkpt>
      <trkpt lat="24.48079367168247699737548828125" lon="118.15545304678380489349365234375">
        <ele>33</ele>
        <time>2025-08-21T11:01:11.000Z</time>
        <extensions>
          <ns3:TrackPointExtension>
            <ns3:hr>81</ns3:hr>
            <ns3:cad>58</ns3:cad>
          </ns3:TrackPointExtension>
        </extensions>
      </trkpt>
      <trkpt lat="24.4808309711515903472900390625" lon="118.15547701902687549591064453125">
        <ele>33</ele>
        <time>2025-08-21T11:01:15.000Z</time>
        <extensions>
          <ns3:TrackPointExtension>
            <ns3:hr>83</ns3:hr>
            <ns3:cad>59</ns3:cad>
          </ns3:TrackPointExtension>
        </extensions>
      </trkpt>
      <trkpt lat="24.48090045712888240814208984375" lon="118.15551088191568851470947265625">
        <ele>33</ele>
        <time>2025-08-21T11:01:23.000Z</time>
        <extensions>
          <ns3:TrackPointExtension>
            <ns3:hr>85</ns3:hr>
            <ns3:cad>56</ns3:cad>
          </ns3:TrackPointExtension>
        </extensions>
      </trkpt>
      <trkpt lat="24.48088872246444225311279296875" lon="118.15545053221285343170166015625">
        <ele>33.40000152587890625</ele>
        <time>2025-08-21T11:01:33.000Z</time>
        <extensions>
          <ns3:TrackPointExtension>
            <ns3:hr>85</ns3:hr>
            <ns3:cad>0</ns3:cad>
          </ns3:TrackPointExtension>
        </extensions>
      </trkpt>
      <trkpt lat="24.48100808076560497283935546875" lon="118.1555042602121829986572265625">
        <ele>33.200000762939453125</ele>
        <time>2025-08-21T11:01:40.000Z</time>
        <extensions>
          <ns3:TrackPointExtension>
            <ns3:hr>81</ns3:hr>
            <ns3:cad>0</ns3:cad>
          </ns3:TrackPointExtension>
        </extensions>
      </trkpt>
      <trkpt lat="24.48084647767245769500732421875" lon="118.15562303178012371063232421875">
        <ele>33</ele>
        <time>2025-08-21T11:02:08.000Z</time>
        <extensions>
          <ns3:TrackPointExtension>
            <ns3:hr>84</ns3:hr>
            <ns3:cad>0</ns3:cad>
          </ns3:TrackPointExtension>
        </extensions>
      </trkpt>
    </trkseg>
  </trk>
</gpx>
