<?xml version="1.0" encoding="UTF-8"?>
<gpx creator="Garmin Connect" version="1.1"
  xsi:schemaLocation="http://www.topografix.com/GPX/1/1 http://www.topografix.com/GPX/11.xsd"
  xmlns:ns3="http://www.garmin.com/xmlschemas/TrackPointExtension/v1"
  xmlns="http://www.topografix.com/GPX/1/1"
  xmlns:xsi="http://www.w3.org/2001/XMLSchema-instance" xmlns:ns2="http://www.garmin.com/xmlschemas/GpxExtensions/v3">
  <metadata>
    <link href="connect.garmin.com">
      <text>Garmin Connect</text>
    </link>
    <time>2025-10-31T09:25:55.000Z</time>
  </metadata>
  <trk>
    <name>厦门市 跑步</name>
    <type>running</type>
    <trkseg>
      <trkpt lat="24.61435711942613124847412109375" lon="118.1379699893295764923095703125">
        <ele>10.3999996185302734375</ele>
        <time>2025-10-31T09:25:55.000Z</time>
        <extensions>
          <ns3:TrackPointExtension>
            <ns3:hr>54</ns3:hr>
            <ns3:cad>0</ns3:cad>
          </ns3:TrackPointExtension>
        </extensions>
      </trkpt>
      <trkpt lat="24.61437187157571315765380859375" lon="118.13799371011555194854736328125">
        <ele>10.3999996185302734375</ele>
        <time>2025-10-31T09:25:56.000Z</time>
        <extensions>
          <ns3:TrackPointExtension>
            <ns3:hr>53</ns3:hr>
            <ns3:cad>0</ns3:cad>
          </ns3:TrackPointExtension>
        </extensions>
      </trkpt>
      <trkpt lat="24.6143935807049274444580078125" lon="118.13800645060837268829345703125">
        <ele>10.6000003814697265625</ele>
        <time>2025-10-31T09:25:57.000Z</time>
        <extensions>
          <ns3:TrackPointExtension>
            <ns3:hr>54</ns3:hr>
            <ns3:cad>0</ns3:cad>
          </ns3:TrackPointExtension>
        </extensions>
      </trkpt>
      <trkpt lat="24.614411853253841400146484375" lon="118.13801634125411510467529296875">
        <ele>10.6000003814697265625</ele>
        <time>2025-10-31T09:25:58.000Z</time>
        <extensions>
          <ns3:TrackPointExtension>
            <ns3:hr>54</ns3:hr>
            <ns3:cad>0</ns3:cad>
          </ns3:TrackPointExtension>
        </extensions>
      </trkpt>
      <trkpt lat="24.6144348196685314178466796875" lon="118.13802673481404781341552734375">
        <ele>10.6000003814697265625</ele>
        <time>2025-10-31T09:25:59.000Z</time>
        <extensions>
          <ns3:TrackPointExtension>
            <ns3:hr>55</ns3:hr>
            <ns3:cad>0</ns3:cad>
          </ns3:TrackPointExtension>
        </extensions>
      </trkpt>
      <trkpt lat="24.6144609712064266204833984375" lon="118.13803830184042453765869140625">
        <ele>10.6000003814697265625</ele>
        <time>2025-10-31T09:26:00.000Z</time>
        <extensions>
          <ns3:TrackPointExtension>
            <ns3:hr>55</ns3:hr>
            <ns3:cad>0</ns3:cad>
          </ns3:TrackPointExtension>
        </extensions>
      </trkpt>
      <trkpt lat="24.6144837699830532073974609375" lon="118.138046599924564361572265625">
        <ele>10.6000003814697265625</ele>
        <time>2025-10-31T09:26:01.000Z</time>
        <extensions>
          <ns3:TrackPointExtension>
            <ns3:hr>56</ns3:hr>
            <ns3:cad>0</ns3:cad>
          </ns3:TrackPointExtension>
        </extensions>
      </trkpt>
      <trkpt lat="24.61450673639774322509765625" lon="118.1380548141896724700927734375">
        <ele>10.3999996185302734375</ele>
        <time>2025-10-31T09:26:02.000Z</time>
        <extensions>
          <ns3:TrackPointExtension>
            <ns3:hr>57</ns3:hr>
            <ns3:cad>92</ns3:cad>
          </ns3:TrackPointExtension>
        </extensions>
      </trkpt>
      <trkpt lat="24.61453263647854328155517578125" lon="118.13806445337831974029541015625">
        <ele>10.3999996185302734375</ele>
        <time>2025-10-31T09:26:03.000Z</time>
        <extensions>
          <ns3:TrackPointExtension>
            <ns3:hr>58</ns3:hr>
            <ns3:cad>93</ns3:cad>
          </ns3:TrackPointExtension>
        </extensions>
      </trkpt>
      <trkpt lat="24.6145575307309627532958984375" lon="118.13807434402406215667724609375">
        <ele>10.6000003814697265625</ele>
        <time>2025-10-31T09:26:04.000Z</time>
        <extensions>
          <ns3:TrackPointExtension>
            <ns3:hr>59</ns3:hr>
            <ns3:cad>93</ns3:cad>
          </ns3:TrackPointExtension>
        </extensions>
      </trkpt>
      <trkpt lat="24.6145830117166042327880859375" lon="118.138084821403026580810546875">
        <ele>10.6000003814697265625</ele>
        <time>2025-10-31T09:26:05.000Z</time>
        <extensions>
          <ns3:TrackPointExtension>
            <ns3:hr>60</ns3:hr>
            <ns3:cad>93</ns3:cad>
          </ns3:TrackPointExtension>
        </extensions>
      </trkpt>
      <trkpt lat="24.61460606195032596588134765625" lon="118.13809429295361042022705078125">
        <ele>10.3999996185302734375</ele>
        <time>2025-10-31T09:26:06.000Z</time>
        <extensions>
          <ns3:TrackPointExtension>
            <ns3:hr>61</ns3:hr>
            <ns3:cad>94</ns3:cad>
          </ns3:TrackPointExtension>
        </extensions>
      </trkpt>
      <trkpt lat="24.6146279387176036834716796875" lon="118.138108961284160614013671875">
        <ele>10.3999996185302734375</ele>
        <time>2025-10-31T09:26:07.000Z</time>
        <extensions>
          <ns3:TrackPointExtension>
            <ns3:hr>62</ns3:hr>
            <ns3:cad>94</ns3:cad>
          </ns3:TrackPointExtension>
        </extensions>
      </trkpt>
      <trkpt lat="24.61464478634297847747802734375" lon="118.1381144933402538299560546875">
        <ele>10.3999996185302734375</ele>
        <time>2025-10-31T09:26:08.000Z</time>
        <extensions>
          <ns3:TrackPointExtension>
            <ns3:hr>63</ns3:hr>
            <ns3:cad>94</ns3:cad>
          </ns3:TrackPointExtension>
        </extensions>
      </trkpt>
      <trkpt lat="24.61466674692928791046142578125" lon="118.13812195323407649993896484375">
        <ele>10.3999996185302734375</ele>
        <time>2025-10-31T09:26:09.000Z</time>
        <extensions>
          <ns3:TrackPointExtension>
            <ns3:hr>64</ns3:hr>
            <ns3:cad>94</ns3:cad>
          </ns3:TrackPointExtension>
        </extensions>
      </trkpt>
      <trkpt lat="24.61468954570591449737548828125" lon="118.1381295807659626007080078125">
        <ele>10.3999996185302734375</ele>
        <time>2025-10-31T09:26:10.000Z</time>
        <extensions>
          <ns3:TrackPointExtension>
            <ns3:hr>64</ns3:hr>
            <ns3:cad>94</ns3:cad>
          </ns3:TrackPointExtension>
        </extensions>
      </trkpt>
      <trkpt lat="24.61471217684447765350341796875" lon="118.13814173452556133270263671875">
        <ele>10.3999996185302734375</ele>
        <time>2025-10-31T09:26:11.000Z</time>
        <extensions>
          <ns3:TrackPointExtension>
            <ns3:hr>65</ns3:hr>
            <ns3:cad>95</ns3:cad>
          </ns3:TrackPointExtension>
        </extensions>
      </trkpt>
      <trkpt lat="24.6147395856678485870361328125" lon="118.1381560675799846649169921875">
        <ele>10.3999996185302734375</ele>
        <time>2025-10-31T09:26:12.000Z</time>
        <extensions>
          <ns3:TrackPointExtension>
            <ns3:hr>66</ns3:hr>
            <ns3:cad>95</ns3:cad>
          </ns3:TrackPointExtension>
        </extensions>
      </trkpt>
      <trkpt lat="24.6147595345973968505859375" lon="118.13816403038799762725830078125">
        <ele>10.6000003814697265625</ele>
        <time>2025-10-31T09:26:13.000Z</time>
        <extensions>
          <ns3:TrackPointExtension>
            <ns3:hr>66</ns3:hr>
            <ns3:cad>95</ns3:cad>
          </ns3:TrackPointExtension>
        </extensions>
      </trkpt>
      <trkpt lat="24.6147851832211017608642578125" lon="118.13817928545176982879638671875">
        <ele>10.6000003814697265625</ele>
        <time>2025-10-31T09:26:14.000Z</time>
        <extensions>
          <ns3:TrackPointExtension>
            <ns3:hr>67</ns3:hr>
            <ns3:cad>95</ns3:cad>
          </ns3:TrackPointExtension>
        </extensions>
      </trkpt>
      <trkpt lat="24.614800103008747100830078125" lon="118.13818515278398990631103515625">
        <ele>10.6000003814697265625</ele>
        <time>2025-10-31T09:26:15.000Z</time>
        <extensions>
          <ns3:TrackPointExtension>
            <ns3:hr>68</ns3:hr>
            <ns3:cad>95</ns3:cad>
          </ns3:TrackPointExtension>
        </extensions>
      </trkpt>
      <trkpt lat="24.61482667364180088043212890625" lon="118.13819688744843006134033203125">
        <ele>10.6000003814697265625</ele>
        <time>2025-10-31T09:26:16.000Z</time>
        <extensions>
          <ns3:TrackPointExtension>
            <ns3:hr>68</ns3:hr>
            <ns3:cad>94</ns3:cad>
          </ns3:TrackPointExtension>
        </extensions>
      </trkpt>
      <trkpt lat="24.61484779603779315948486328125" lon="118.138203509151935577392578125">
        <ele>10.6000003814697265625</ele>
        <time>2025-10-31T09:26:17.000Z</time>
        <extensions>
          <ns3:TrackPointExtension>
            <ns3:hr>71</ns3:hr>
            <ns3:cad>94</ns3:cad>
          </ns3:TrackPointExtension>
        </extensions>
      </trkpt>
      <trkpt lat="24.6148726902902126312255859375" lon="118.13821323215961456298828125">
        <ele>10.6000003814697265625</ele>
        <time>2025-10-31T09:26:18.000Z</time>
        <extensions>
          <ns3:TrackPointExtension>
            <ns3:hr>74</ns3:hr>
            <ns3:cad>94</ns3:cad>
          </ns3:TrackPointExtension>
        </extensions>
      </trkpt>
      <trkpt lat="24.6148941479623317718505859375" lon="118.138222284615039825439453125">
        <ele>10.3999996185302734375</ele>
        <time>2025-10-31T09:26:19.000Z</time>
        <extensions>
          <ns3:TrackPointExtension>
            <ns3:hr>77</ns3:hr>
            <ns3:cad>92</ns3:cad>
          </ns3:TrackPointExtension>
        </extensions>
      </trkpt>
      <trkpt lat="24.61491283960640430450439453125" lon="118.13822857104241847991943359375">
        <ele>10.6000003814697265625</ele>
        <time>2025-10-31T09:26:20.000Z</time>
        <extensions>
          <ns3:TrackPointExtension>
            <ns3:hr>77</ns3:hr>
            <ns3:cad>92</ns3:cad>
          </ns3:TrackPointExtension>
        </extensions>
      </trkpt>
      <trkpt lat="24.614937566220760345458984375" lon="118.13823879696428775787353515625">
        <ele>10.6000003814697265625</ele>
        <time>2025-10-31T09:26:21.000Z</time>
        <extensions>
          <ns3:TrackPointExtension>
            <ns3:hr>77</ns3:hr>
            <ns3:cad>92</ns3:cad>
          </ns3:TrackPointExtension>
        </extensions>
      </trkpt>
      <trkpt lat="24.6149591915309429168701171875" lon="118.1382465921342372894287109375">
        <ele>10.6000003814697265625</ele>
        <time>2025-10-31T09:26:22.000Z</time>
        <extensions>
          <ns3:TrackPointExtension>
            <ns3:hr>77</ns3:hr>
            <ns3:cad>94</ns3:cad>
          </ns3:TrackPointExtension>
        </extensions>
      </trkpt>
      <trkpt lat="24.614987187087535858154296875" lon="118.13825841061770915985107421875">
        <ele>10.6000003814697265625</ele>
        <time>2025-10-31T09:26:23.000Z</time>
        <extensions>
          <ns3:TrackPointExtension>
            <ns3:hr>77</ns3:hr>
            <ns3:cad>94</ns3:cad>
          </ns3:TrackPointExtension>
        </extensions>
      </trkpt>
      <trkpt lat="24.615009985864162445068359375" lon="118.13826620578765869140625">
        <ele>10.6000003814697265625</ele>
        <time>2025-10-31T09:26:24.000Z</time>
        <extensions>
          <ns3:TrackPointExtension>
            <ns3:hr>78</ns3:hr>
            <ns3:cad>94</ns3:cad>
          </ns3:TrackPointExtension>
        </extensions>
      </trkpt>
      <trkpt lat="24.61503806523978710174560546875" lon="118.138277940452098846435546875">
        <ele>10.6000003814697265625</ele>
        <time>2025-10-31T09:26:25.000Z</time>
        <extensions>
          <ns3:TrackPointExtension>
            <ns3:hr>78</ns3:hr>
            <ns3:cad>92</ns3:cad>
          </ns3:TrackPointExtension>
        </extensions>
      </trkpt>
      <trkpt lat="24.61505365557968616485595703125" lon="118.138279281556606292724609375">
        <ele>10.6000003814697265625</ele>
        <time>2025-10-31T09:26:26.000Z</time>
        <extensions>
          <ns3:TrackPointExtension>
            <ns3:hr>78</ns3:hr>
            <ns3:cad>91</ns3:cad>
          </ns3:TrackPointExtension>
        </extensions>
      </trkpt>
      <trkpt lat="24.615080393850803375244140625" lon="118.13829076476395130157470703125">
        <ele>10.6000003814697265625</ele>
        <time>2025-10-31T09:26:27.000Z</time>
        <extensions>
          <ns3:TrackPointExtension>
            <ns3:hr>78</ns3:hr>
            <ns3:cad>91</ns3:cad>
          </ns3:TrackPointExtension>
        </extensions>
      </trkpt>
      <trkpt lat="24.6151028573513031005859375" lon="118.13829696737229824066162109375">
        <ele>10.6000003814697265625</ele>
        <time>2025-10-31T09:26:28.000Z</time>
        <extensions>
          <ns3:TrackPointExtension>
            <ns3:hr>79</ns3:hr>
            <ns3:cad>92</ns3:cad>
          </ns3:TrackPointExtension>
        </extensions>
      </trkpt>
      <trkpt lat="24.6151281706988811492919921875" lon="118.138306774199008941650390625">
        <ele>10.6000003814697265625</ele>
        <time>2025-10-31T09:26:29.000Z</time>
        <extensions>
          <ns3:TrackPointExtension>
            <ns3:hr>79</ns3:hr>
            <ns3:cad>92</ns3:cad>
          </ns3:TrackPointExtension>
        </extensions>
      </trkpt>
      <trkpt lat="24.61515222676098346710205078125" lon="118.13831255771219730377197265625">
        <ele>10.6000003814697265625</ele>
        <time>2025-10-31T09:26:30.000Z</time>
        <extensions>
          <ns3:TrackPointExtension>
            <ns3:hr>79</ns3:hr>
            <ns3:cad>92</ns3:cad>
          </ns3:TrackPointExtension>
        </extensions>
      </trkpt>
      <trkpt lat="24.6151737682521343231201171875" lon="118.13831775449216365814208984375">
        <ele>10.6000003814697265625</ele>
        <time>2025-10-31T09:26:31.000Z</time>
        <extensions>
          <ns3:TrackPointExtension>
            <ns3:hr>79</ns3:hr>
            <ns3:cad>93</ns3:cad>
          </ns3:TrackPointExtension>
        </extensions>
      </trkpt>
      <trkpt lat="24.615199752151966094970703125" lon="118.13832764513790607452392578125">
        <ele>10.80000019073486328125</ele>
        <time>2025-10-31T09:26:32.000Z</time>
        <extensions>
          <ns3:TrackPointExtension>
            <ns3:hr>79</ns3:hr>
            <ns3:cad>93</ns3:cad>
          </ns3:TrackPointExtension>
        </extensions>
      </trkpt>
      <trkpt lat="24.61521676741540431976318359375" lon="118.13833150081336498260498046875">
        <ele>10.80000019073486328125</ele>
        <time>2025-10-31T09:26:33.000Z</time>
        <extensions>
          <ns3:TrackPointExtension>
            <ns3:hr>78</ns3:hr>
            <ns3:cad>93</ns3:cad>
          </ns3:TrackPointExtension>
        </extensions>
      </trkpt>
      <trkpt lat="24.6152436733245849609375" lon="118.13834323547780513763427734375">
        <ele>11</ele>
        <time>2025-10-31T09:26:34.000Z</time>
        <extensions>
          <ns3:TrackPointExtension>
            <ns3:hr>78</ns3:hr>
            <ns3:cad>94</ns3:cad>
          </ns3:TrackPointExtension>
        </extensions>
      </trkpt>
      <trkpt lat="24.615266807377338409423828125" lon="118.1383488513529300689697265625">
        <ele>11</ele>
        <time>2025-10-31T09:26:35.000Z</time>
        <extensions>
          <ns3:TrackPointExtension>
            <ns3:hr>80</ns3:hr>
            <ns3:cad>94</ns3:cad>
          </ns3:TrackPointExtension>
        </extensions>
      </trkpt>
      <trkpt lat="24.61529354564845561981201171875" lon="118.13835832290351390838623046875">
        <ele>11</ele>
        <time>2025-10-31T09:26:36.000Z</time>
        <extensions>
          <ns3:TrackPointExtension>
            <ns3:hr>83</ns3:hr>
            <ns3:cad>93</ns3:cad>
          </ns3:TrackPointExtension>
        </extensions>
      </trkpt>
      <trkpt lat="24.61531181819736957550048828125" lon="118.13835748471319675445556640625">
        <ele>11</ele>
        <time>2025-10-31T09:26:37.000Z</time>
        <extensions>
          <ns3:TrackPointExtension>
            <ns3:hr>85</ns3:hr>
            <ns3:cad>92</ns3:cad>
          </ns3:TrackPointExtension>
        </extensions>
      </trkpt>
      <trkpt lat="24.61533662863075733184814453125" lon="118.13836251385509967803955078125">
        <ele>11</ele>
        <time>2025-10-31T09:26:38.000Z</time>
        <extensions>
          <ns3:TrackPointExtension>
            <ns3:hr>88</ns3:hr>
            <ns3:cad>91</ns3:cad>
          </ns3:TrackPointExtension>
        </extensions>
      </trkpt>
      <trkpt lat="24.61535993032157421112060546875" lon="118.13836745917797088623046875">
        <ele>11</ele>
        <time>2025-10-31T09:26:39.000Z</time>
        <extensions>
          <ns3:TrackPointExtension>
            <ns3:hr>90</ns3:hr>
            <ns3:cad>91</ns3:cad>
          </ns3:TrackPointExtension>
        </extensions>
      </trkpt>
      <trkpt lat="24.6153839863836765289306640625" lon="118.13837491907179355621337890625">
        <ele>11</ele>
        <time>2025-10-31T09:26:40.000Z</time>
        <extensions>
          <ns3:TrackPointExtension>
            <ns3:hr>92</ns3:hr>
            <ns3:cad>93</ns3:cad>
          </ns3:TrackPointExtension>
        </extensions>
      </trkpt>
      <trkpt lat="24.615407623350620269775390625" lon="118.1383786909282207489013671875">
        <ele>11.19999980926513671875</ele>
        <time>2025-10-31T09:26:41.000Z</time>
        <extensions>
          <ns3:TrackPointExtension>
            <ns3:hr>94</ns3:hr>
            <ns3:cad>93</ns3:cad>
          </ns3:TrackPointExtension>
        </extensions>
      </trkpt>
      <trkpt lat="24.61543151177465915679931640625" lon="118.13838296569883823394775390625">
        <ele>11</ele>
        <time>2025-10-31T09:26:42.000Z</time>
        <extensions>
          <ns3:TrackPointExtension>
            <ns3:hr>95</ns3:hr>
            <ns3:cad>93</ns3:cad>
          </ns3:TrackPointExtension>
        </extensions>
      </trkpt>
      <trkpt lat="24.6154530532658100128173828125" lon="118.13839495182037353515625">
        <ele>11</ele>
        <time>2025-10-31T09:26:43.000Z</time>
        <extensions>
          <ns3:TrackPointExtension>
            <ns3:hr>97</ns3:hr>
            <ns3:cad>92</ns3:cad>
          </ns3:TrackPointExtension>
        </extensions>
      </trkpt>
      <trkpt lat="24.61547710932791233062744140625" lon="118.13840609975159168243408203125">
        <ele>11.19999980926513671875</ele>
        <time>2025-10-31T09:26:44.000Z</time>
        <extensions>
          <ns3:TrackPointExtension>
            <ns3:hr>99</ns3:hr>
            <ns3:cad>92</ns3:cad>
          </ns3:TrackPointExtension>
        </extensions>
      </trkpt>
      <trkpt lat="24.6155070327222347259521484375" lon="118.13841708004474639892578125">
        <ele>11.19999980926513671875</ele>
        <time>2025-10-31T09:26:45.000Z</time>
        <extensions>
          <ns3:TrackPointExtension>
            <ns3:hr>100</ns3:hr>
            <ns3:cad>92</ns3:cad>
          </ns3:TrackPointExtension>
        </extensions>
      </trkpt>
      <trkpt lat="24.61552538909018039703369140625" lon="118.13842001371085643768310546875">
        <ele>11.19999980926513671875</ele>
        <time>2025-10-31T09:26:46.000Z</time>
        <extensions>
          <ns3:TrackPointExtension>
            <ns3:hr>102</ns3:hr>
            <ns3:cad>93</ns3:cad>
          </ns3:TrackPointExtension>
        </extensions>
      </trkpt>
      <trkpt lat="24.61554802022874355316162109375" lon="118.13842940144240856170654296875">
        <ele>11.19999980926513671875</ele>
        <time>2025-10-31T09:26:47.000Z</time>
        <extensions>
          <ns3:TrackPointExtension>
            <ns3:hr>104</ns3:hr>
            <ns3:cad>93</ns3:cad>
          </ns3:TrackPointExtension>
        </extensions>
      </trkpt>
      <trkpt lat="24.61556612513959407806396484375" lon="118.13843845389783382415771484375">
        <ele>11.19999980926513671875</ele>
        <time>2025-10-31T09:26:48.000Z</time>
        <extensions>
          <ns3:TrackPointExtension>
            <ns3:hr>105</ns3:hr>
            <ns3:cad>93</ns3:cad>
          </ns3:TrackPointExtension>
        </extensions>
      </trkpt>
      <trkpt lat="24.6155938692390918731689453125" lon="118.1384531222283840179443359375">
        <ele>11.19999980926513671875</ele>
        <time>2025-10-31T09:26:49.000Z</time>
        <extensions>
          <ns3:TrackPointExtension>
            <ns3:hr>106</ns3:hr>
            <ns3:cad>93</ns3:cad>
          </ns3:TrackPointExtension>
        </extensions>
      </trkpt>
      <trkpt lat="24.6156183443963527679443359375" lon="118.13845789991319179534912109375">
        <ele>11.19999980926513671875</ele>
        <time>2025-10-31T09:26:50.000Z</time>
        <extensions>
          <ns3:TrackPointExtension>
            <ns3:hr>108</ns3:hr>
            <ns3:cad>93</ns3:cad>
          </ns3:TrackPointExtension>
        </extensions>
      </trkpt>
      <trkpt lat="24.61564307101070880889892578125" lon="118.13846670091152191162109375">
        <ele>11.19999980926513671875</ele>
        <time>2025-10-31T09:26:51.000Z</time>
        <extensions>
          <ns3:TrackPointExtension>
            <ns3:hr>110</ns3:hr>
            <ns3:cad>93</ns3:cad>
          </ns3:TrackPointExtension>
        </extensions>
      </trkpt>
      <trkpt lat="24.6156656183302402496337890625" lon="118.1384762562811374664306640625">
        <ele>11.19999980926513671875</ele>
        <time>2025-10-31T09:26:52.000Z</time>
        <extensions>
          <ns3:TrackPointExtension>
            <ns3:hr>113</ns3:hr>
            <ns3:cad>93</ns3:cad>
          </ns3:TrackPointExtension>
        </extensions>
      </trkpt>
      <trkpt lat="24.61568984203040599822998046875" lon="118.13849025405943393707275390625">
        <ele>11.19999980926513671875</ele>
        <time>2025-10-31T09:26:53.000Z</time>
        <extensions>
          <ns3:TrackPointExtension>
            <ns3:hr>117</ns3:hr>
            <ns3:cad>92</ns3:cad>
          </ns3:TrackPointExtension>
        </extensions>
      </trkpt>
      <trkpt lat="24.61570912040770053863525390625" lon="118.13850131817162036895751953125">
        <ele>11.19999980926513671875</ele>
        <time>2025-10-31T09:26:54.000Z</time>
        <extensions>
          <ns3:TrackPointExtension>
            <ns3:hr>120</ns3:hr>
            <ns3:cad>91</ns3:cad>
          </ns3:TrackPointExtension>
        </extensions>
      </trkpt>
      <trkpt lat="24.6157323382794857025146484375" lon="118.1385141424834728240966796875">
        <ele>11.19999980926513671875</ele>
        <time>2025-10-31T09:26:55.000Z</time>
        <extensions>
          <ns3:TrackPointExtension>
            <ns3:hr>122</ns3:hr>
            <ns3:cad>91</ns3:cad>
          </ns3:TrackPointExtension>
        </extensions>
      </trkpt>
      <trkpt lat="24.61576159112155437469482421875" lon="118.13853082247078418731689453125">
        <ele>11.19999980926513671875</ele>
        <time>2025-10-31T09:26:56.000Z</time>
        <extensions>
          <ns3:TrackPointExtension>
            <ns3:hr>124</ns3:hr>
            <ns3:cad>91</ns3:cad>
          </ns3:TrackPointExtension>
        </extensions>
      </trkpt>
      <trkpt lat="24.61577835492789745330810546875" lon="118.13853752799332141876220703125">
        <ele>11.19999980926513671875</ele>
        <time>2025-10-31T09:26:57.000Z</time>
        <extensions>
          <ns3:TrackPointExtension>
            <ns3:hr>125</ns3:hr>
            <ns3:cad>91</ns3:cad>
          </ns3:TrackPointExtension>
        </extensions>
      </trkpt>
      <trkpt lat="24.6158002316951751708984375" lon="118.13854708336293697357177734375">
        <ele>11.19999980926513671875</ele>
        <time>2025-10-31T09:26:58.000Z</time>
        <extensions>
          <ns3:TrackPointExtension>
            <ns3:hr>126</ns3:hr>
            <ns3:cad>92</ns3:cad>
          </ns3:TrackPointExtension>
        </extensions>
      </trkpt>
      <trkpt lat="24.615820683538913726806640625" lon="118.13855563290417194366455078125">
        <ele>11.19999980926513671875</ele>
        <time>2025-10-31T09:26:59.000Z</time>
        <extensions>
          <ns3:TrackPointExtension>
            <ns3:hr>127</ns3:hr>
            <ns3:cad>92</ns3:cad>
          </ns3:TrackPointExtension>
        </extensions>
      </trkpt>
      <trkpt lat="24.61584473960101604461669921875" lon="118.138565607368946075439453125">
        <ele>11</ele>
        <time>2025-10-31T09:27:00.000Z</time>
        <extensions>
          <ns3:TrackPointExtension>
            <ns3:hr>128</ns3:hr>
            <ns3:cad>93</ns3:cad>
          </ns3:TrackPointExtension>
        </extensions>
      </trkpt>
      <trkpt lat="24.6158674545586109161376953125" lon="118.138570971786975860595703125">
        <ele>11</ele>
        <time>2025-10-31T09:27:01.000Z</time>
        <extensions>
          <ns3:TrackPointExtension>
            <ns3:hr>129</ns3:hr>
            <ns3:cad>93</ns3:cad>
          </ns3:TrackPointExtension>
        </extensions>
      </trkpt>
      <trkpt lat="24.6158909238874912261962890625" lon="118.13857910223305225372314453125">
        <ele>10.80000019073486328125</ele>
        <time>2025-10-31T09:27:02.000Z</time>
        <extensions>
          <ns3:TrackPointExtension>
            <ns3:hr>129</ns3:hr>
            <ns3:cad>93</ns3:cad>
          </ns3:TrackPointExtension>
        </extensions>
      </trkpt>
      <trkpt lat="24.61591095663607120513916015625" lon="118.13859368674457073211669921875">
        <ele>10.80000019073486328125</ele>
        <time>2025-10-31T09:27:03.000Z</time>
        <extensions>
          <ns3:TrackPointExtension>
            <ns3:hr>130</ns3:hr>
            <ns3:cad>92</ns3:cad>
          </ns3:TrackPointExtension>
        </extensions>
      </trkpt>
      <trkpt lat="24.615937359631061553955078125" lon="118.138608522713184356689453125">
        <ele>10.80000019073486328125</ele>
        <time>2025-10-31T09:27:04.000Z</time>
        <extensions>
          <ns3:TrackPointExtension>
            <ns3:hr>131</ns3:hr>
            <ns3:cad>92</ns3:cad>
          </ns3:TrackPointExtension>
        </extensions>
      </trkpt>
      <trkpt lat="24.6159586496651172637939453125" lon="118.13862226903438568115234375">
        <ele>10.80000019073486328125</ele>
        <time>2025-10-31T09:27:05.000Z</time>
        <extensions>
          <ns3:TrackPointExtension>
            <ns3:hr>131</ns3:hr>
            <ns3:cad>91</ns3:cad>
          </ns3:TrackPointExtension>
        </extensions>
      </trkpt>
      <trkpt lat="24.61598119698464870452880859375" lon="118.13863358460366725921630859375">
        <ele>10.80000019073486328125</ele>
        <time>2025-10-31T09:27:06.000Z</time>
        <extensions>
          <ns3:TrackPointExtension>
            <ns3:hr>132</ns3:hr>
            <ns3:cad>91</ns3:cad>
          </ns3:TrackPointExtension>
        </extensions>
      </trkpt>
      <trkpt lat="24.61600198410451412200927734375" lon="118.13864347524940967559814453125">
        <ele>11</ele>
        <time>2025-10-31T09:27:07.000Z</time>
        <extensions>
          <ns3:TrackPointExtension>
            <ns3:hr>132</ns3:hr>
            <ns3:cad>91</ns3:cad>
          </ns3:TrackPointExtension>
        </extensions>
      </trkpt>
      <trkpt lat="24.61601723916828632354736328125" lon="118.13864481635391712188720703125">
        <ele>11</ele>
        <time>2025-10-31T09:27:08.000Z</time>
        <extensions>
          <ns3:TrackPointExtension>
            <ns3:hr>133</ns3:hr>
            <ns3:cad>93</ns3:cad>
          </ns3:TrackPointExtension>
        </extensions>
      </trkpt>
      <trkpt lat="24.6160428039729595184326171875" lon="118.13866208307445049285888671875">
        <ele>11</ele>
        <time>2025-10-31T09:27:09.000Z</time>
        <extensions>
          <ns3:TrackPointExtension>
            <ns3:hr>133</ns3:hr>
            <ns3:cad>93</ns3:cad>
          </ns3:TrackPointExtension>
        </extensions>
      </trkpt>
      <trkpt lat="24.61605847813189029693603515625" lon="118.13867012970149517059326171875">
        <ele>11</ele>
        <time>2025-10-31T09:27:10.000Z</time>
        <extensions>
          <ns3:TrackPointExtension>
            <ns3:hr>134</ns3:hr>
            <ns3:cad>93</ns3:cad>
          </ns3:TrackPointExtension>
        </extensions>
      </trkpt>
      <trkpt lat="24.616082869470119476318359375" lon="118.1386878155171871185302734375">
        <ele>11</ele>
        <time>2025-10-31T09:27:11.000Z</time>
        <extensions>
          <ns3:TrackPointExtension>
            <ns3:hr>134</ns3:hr>
            <ns3:cad>92</ns3:cad>
          </ns3:TrackPointExtension>
        </extensions>
      </trkpt>
      <trkpt lat="24.6161041595041751861572265625" lon="118.13869778998196125030517578125">
        <ele>11</ele>
        <time>2025-10-31T09:27:12.000Z</time>
        <extensions>
          <ns3:TrackPointExtension>
            <ns3:hr>135</ns3:hr>
            <ns3:cad>92</ns3:cad>
          </ns3:TrackPointExtension>
        </extensions>
      </trkpt>
      <trkpt lat="24.61612788029015064239501953125" lon="118.1387143023312091827392578125">
        <ele>11</ele>
        <time>2025-10-31T09:27:13.000Z</time>
        <extensions>
          <ns3:TrackPointExtension>
            <ns3:hr>135</ns3:hr>
            <ns3:cad>92</ns3:cad>
          </ns3:TrackPointExtension>
        </extensions>
      </trkpt>
      <trkpt lat="24.616142548620700836181640625" lon="118.138724863529205322265625">
        <ele>11</ele>
        <time>2025-10-31T09:27:14.000Z</time>
        <extensions>
          <ns3:TrackPointExtension>
            <ns3:hr>135</ns3:hr>
            <ns3:cad>94</ns3:cad>
          </ns3:TrackPointExtension>
        </extensions>
      </trkpt>
      <trkpt lat="24.6161651797592639923095703125" lon="118.138739950954914093017578125">
        <ele>11</ele>
        <time>2025-10-31T09:27:15.000Z</time>
        <extensions>
          <ns3:TrackPointExtension>
            <ns3:hr>136</ns3:hr>
            <ns3:cad>94</ns3:cad>
          </ns3:TrackPointExtension>
        </extensions>
      </trkpt>
      <trkpt lat="24.61619242094457149505615234375" lon="118.13875629566609859466552734375">
        <ele>11</ele>
        <time>2025-10-31T09:27:16.000Z</time>
        <extensions>
          <ns3:TrackPointExtension>
            <ns3:hr>136</ns3:hr>
            <ns3:cad>94</ns3:cad>
          </ns3:TrackPointExtension>
        </extensions>
      </trkpt>
      <trkpt lat="24.61621463298797607421875" lon="118.13877046108245849609375">
        <ele>10.80000019073486328125</ele>
        <time>2025-10-31T09:27:17.000Z</time>
        <extensions>
          <ns3:TrackPointExtension>
            <ns3:hr>136</ns3:hr>
            <ns3:cad>92</ns3:cad>
          </ns3:TrackPointExtension>
        </extensions>
      </trkpt>
      <trkpt lat="24.6162436343729496002197265625" lon="118.1387833692133426666259765625">
        <ele>10.80000019073486328125</ele>
        <time>2025-10-31T09:27:18.000Z</time>
        <extensions>
          <ns3:TrackPointExtension>
            <ns3:hr>136</ns3:hr>
            <ns3:cad>92</ns3:cad>
          </ns3:TrackPointExtension>
        </extensions>
      </trkpt>
      <trkpt lat="24.6162681095302104949951171875" lon="118.13879367895424365997314453125">
        <ele>10.80000019073486328125</ele>
        <time>2025-10-31T09:27:19.000Z</time>
        <extensions>
          <ns3:TrackPointExtension>
            <ns3:hr>135</ns3:hr>
            <ns3:cad>92</ns3:cad>
          </ns3:TrackPointExtension>
        </extensions>
      </trkpt>
      <trkpt lat="24.616295434534549713134765625" lon="118.1388054974377155303955078125">
        <ele>10.6000003814697265625</ele>
        <time>2025-10-31T09:27:20.000Z</time>
        <extensions>
          <ns3:TrackPointExtension>
            <ns3:hr>135</ns3:hr>
            <ns3:cad>92</ns3:cad>
          </ns3:TrackPointExtension>
        </extensions>
      </trkpt>
      <trkpt lat="24.61631529964506626129150390625" lon="118.13881672918796539306640625">
        <ele>10.6000003814697265625</ele>
        <time>2025-10-31T09:27:21.000Z</time>
        <extensions>
          <ns3:TrackPointExtension>
            <ns3:hr>135</ns3:hr>
            <ns3:cad>92</ns3:cad>
          </ns3:TrackPointExtension>
        </extensions>
      </trkpt>
      <trkpt lat="24.6163418702781200408935546875" lon="118.13883089460432529449462890625">
        <ele>10.6000003814697265625</ele>
        <time>2025-10-31T09:27:22.000Z</time>
        <extensions>
          <ns3:TrackPointExtension>
            <ns3:hr>136</ns3:hr>
            <ns3:cad>92</ns3:cad>
          </ns3:TrackPointExtension>
        </extensions>
      </trkpt>
      <trkpt lat="24.61636106483638286590576171875" lon="118.1388396956026554107666015625">
        <ele>10.6000003814697265625</ele>
        <time>2025-10-31T09:27:23.000Z</time>
        <extensions>
          <ns3:TrackPointExtension>
            <ns3:hr>136</ns3:hr>
            <ns3:cad>94</ns3:cad>
          </ns3:TrackPointExtension>
        </extensions>
      </trkpt>
      <trkpt lat="24.6163871325552463531494140625" lon="118.1388537771999835968017578125">
        <ele>10.6000003814697265625</ele>
        <time>2025-10-31T09:27:24.000Z</time>
        <extensions>
          <ns3:TrackPointExtension>
            <ns3:hr>136</ns3:hr>
            <ns3:cad>94</ns3:cad>
          </ns3:TrackPointExtension>
        </extensions>
      </trkpt>
      <trkpt lat="24.61640917696058750152587890625" lon="118.13886257819831371307373046875">
        <ele>10.6000003814697265625</ele>
        <time>2025-10-31T09:27:25.000Z</time>
        <extensions>
          <ns3:TrackPointExtension>
            <ns3:hr>136</ns3:hr>
            <ns3:cad>93</ns3:cad>
          </ns3:TrackPointExtension>
        </extensions>
      </trkpt>
      <trkpt lat="24.61643599905073642730712890625" lon="118.138878755271434783935546875">
        <ele>10.6000003814697265625</ele>
        <time>2025-10-31T09:27:26.000Z</time>
        <extensions>
          <ns3:TrackPointExtension>
            <ns3:hr>136</ns3:hr>
            <ns3:cad>92</ns3:cad>
          </ns3:TrackPointExtension>
        </extensions>
      </trkpt>
      <trkpt lat="24.6164558641612529754638671875" lon="118.138892166316509246826171875">
        <ele>10.6000003814697265625</ele>
        <time>2025-10-31T09:27:27.000Z</time>
        <extensions>
          <ns3:TrackPointExtension>
            <ns3:hr>137</ns3:hr>
            <ns3:cad>91</ns3:cad>
          </ns3:TrackPointExtension>
        </extensions>
      </trkpt>
      <trkpt lat="24.61648411117494106292724609375" lon="118.13890834338963031768798828125">
        <ele>10.6000003814697265625</ele>
        <time>2025-10-31T09:27:28.000Z</time>
        <extensions>
          <ns3:TrackPointExtension>
            <ns3:hr>137</ns3:hr>
            <ns3:cad>90</ns3:cad>
          </ns3:TrackPointExtension>
        </extensions>
      </trkpt>
      <trkpt lat="24.61650690995156764984130859375" lon="118.1389154680073261260986328125">
        <ele>10.6000003814697265625</ele>
        <time>2025-10-31T09:27:29.000Z</time>
        <extensions>
          <ns3:TrackPointExtension>
            <ns3:hr>137</ns3:hr>
            <ns3:cad>91</ns3:cad>
          </ns3:TrackPointExtension>
        </extensions>
      </trkpt>
      <trkpt lat="24.61653088219463825225830078125" lon="118.13893072307109832763671875">
        <ele>10.6000003814697265625</ele>
        <time>2025-10-31T09:27:30.000Z</time>
        <extensions>
          <ns3:TrackPointExtension>
            <ns3:hr>137</ns3:hr>
            <ns3:cad>92</ns3:cad>
          </ns3:TrackPointExtension>
        </extensions>
      </trkpt>
      <trkpt lat="24.61655116640031337738037109375" lon="118.138935752213001251220703125">
        <ele>10.6000003814697265625</ele>
        <time>2025-10-31T09:27:31.000Z</time>
        <extensions>
          <ns3:TrackPointExtension>
            <ns3:hr>137</ns3:hr>
            <ns3:cad>92</ns3:cad>
          </ns3:TrackPointExtension>
        </extensions>
      </trkpt>
      <trkpt lat="24.61657631210982799530029296875" lon="118.1389469839632511138916015625">
        <ele>10.6000003814697265625</ele>
        <time>2025-10-31T09:27:32.000Z</time>
        <extensions>
          <ns3:TrackPointExtension>
            <ns3:hr>137</ns3:hr>
            <ns3:cad>92</ns3:cad>
          </ns3:TrackPointExtension>
        </extensions>
      </trkpt>
      <trkpt lat="24.6165968477725982666015625" lon="118.138955533504486083984375">
        <ele>10.3999996185302734375</ele>
        <time>2025-10-31T09:27:33.000Z</time>
        <extensions>
          <ns3:TrackPointExtension>
            <ns3:hr>137</ns3:hr>
            <ns3:cad>92</ns3:cad>
          </ns3:TrackPointExtension>
        </extensions>
      </trkpt>
      <trkpt lat="24.616622664034366607666015625" lon="118.13896584324538707733154296875">
        <ele>10.3999996185302734375</ele>
        <time>2025-10-31T09:27:34.000Z</time>
        <extensions>
          <ns3:TrackPointExtension>
            <ns3:hr>137</ns3:hr>
            <ns3:cad>90</ns3:cad>
          </ns3:TrackPointExtension>
        </extensions>
      </trkpt>
      <trkpt lat="24.61664336733520030975341796875" lon="118.13897405751049518585205078125">
        <ele>10.19999980926513671875</ele>
        <time>2025-10-31T09:27:35.000Z</time>
        <extensions>
          <ns3:TrackPointExtension>
            <ns3:hr>136</ns3:hr>
            <ns3:cad>90</ns3:cad>
          </ns3:TrackPointExtension>
        </extensions>
      </trkpt>
      <trkpt lat="24.6166674233973026275634765625" lon="118.13899015076458454132080078125">
        <ele>10.19999980926513671875</ele>
        <time>2025-10-31T09:27:36.000Z</time>
        <extensions>
          <ns3:TrackPointExtension>
            <ns3:hr>136</ns3:hr>
            <ns3:cad>89</ns3:cad>
          </ns3:TrackPointExtension>
        </extensions>
      </trkpt>
      <trkpt lat="24.61668946780264377593994140625" lon="118.13899853266775608062744140625">
        <ele>10.19999980926513671875</ele>
        <time>2025-10-31T09:27:37.000Z</time>
        <extensions>
          <ns3:TrackPointExtension>
            <ns3:hr>136</ns3:hr>
            <ns3:cad>89</ns3:cad>
          </ns3:TrackPointExtension>
        </extensions>
      </trkpt>
      <trkpt lat="24.61671612225472927093505859375" lon="118.13901328481733798980712890625">
        <ele>10.19999980926513671875</ele>
        <time>2025-10-31T09:27:38.000Z</time>
        <extensions>
          <ns3:TrackPointExtension>
            <ns3:hr>136</ns3:hr>
            <ns3:cad>89</ns3:cad>
          </ns3:TrackPointExtension>
        </extensions>
      </trkpt>
      <trkpt lat="24.61673967540264129638671875" lon="118.1390224210917949676513671875">
        <ele>10.19999980926513671875</ele>
        <time>2025-10-31T09:27:39.000Z</time>
        <extensions>
          <ns3:TrackPointExtension>
            <ns3:hr>135</ns3:hr>
            <ns3:cad>89</ns3:cad>
          </ns3:TrackPointExtension>
        </extensions>
      </trkpt>
      <trkpt lat="24.61676440201699733734130859375" lon="118.13903390429913997650146484375">
        <ele>10.3999996185302734375</ele>
        <time>2025-10-31T09:27:40.000Z</time>
        <extensions>
          <ns3:TrackPointExtension>
            <ns3:hr>135</ns3:hr>
            <ns3:cad>90</ns3:cad>
          </ns3:TrackPointExtension>
        </extensions>
      </trkpt>
      <trkpt lat="24.61678854189813137054443359375" lon="118.13904480077326297760009765625">
        <ele>10.3999996185302734375</ele>
        <time>2025-10-31T09:27:41.000Z</time>
        <extensions>
          <ns3:TrackPointExtension>
            <ns3:hr>135</ns3:hr>
            <ns3:cad>90</ns3:cad>
          </ns3:TrackPointExtension>
        </extensions>
      </trkpt>
      <trkpt lat="24.61681343615055084228515625" lon="118.139061145484447479248046875">
        <ele>10.3999996185302734375</ele>
        <time>2025-10-31T09:27:42.000Z</time>
        <extensions>
          <ns3:TrackPointExtension>
            <ns3:hr>135</ns3:hr>
            <ns3:cad>90</ns3:cad>
          </ns3:TrackPointExtension>
        </extensions>
      </trkpt>
      <trkpt lat="24.61683615110814571380615234375" lon="118.13907422125339508056640625">
        <ele>10.19999980926513671875</ele>
        <time>2025-10-31T09:27:43.000Z</time>
        <extensions>
          <ns3:TrackPointExtension>
            <ns3:hr>135</ns3:hr>
            <ns3:cad>90</ns3:cad>
          </ns3:TrackPointExtension>
        </extensions>
      </trkpt>
      <trkpt lat="24.61685836315155029296875" lon="118.13909056596457958221435546875">
        <ele>10.19999980926513671875</ele>
        <time>2025-10-31T09:27:44.000Z</time>
        <extensions>
          <ns3:TrackPointExtension>
            <ns3:hr>135</ns3:hr>
            <ns3:cad>90</ns3:cad>
          </ns3:TrackPointExtension>
        </extensions>
      </trkpt>
      <trkpt lat="24.616878144443035125732421875" lon="118.13910582102835178375244140625">
        <ele>10.19999980926513671875</ele>
        <time>2025-10-31T09:27:45.000Z</time>
        <extensions>
          <ns3:TrackPointExtension>
            <ns3:hr>134</ns3:hr>
            <ns3:cad>90</ns3:cad>
          </ns3:TrackPointExtension>
        </extensions>
      </trkpt>
      <trkpt lat="24.6169001050293445587158203125" lon="118.1391189806163311004638671875">
        <ele>10.19999980926513671875</ele>
        <time>2025-10-31T09:27:46.000Z</time>
        <extensions>
          <ns3:TrackPointExtension>
            <ns3:hr>134</ns3:hr>
            <ns3:cad>90</ns3:cad>
          </ns3:TrackPointExtension>
        </extensions>
      </trkpt>
      <trkpt lat="24.61692181415855884552001953125" lon="118.13913197256624698638916015625">
        <ele>10.19999980926513671875</ele>
        <time>2025-10-31T09:27:47.000Z</time>
        <extensions>
          <ns3:TrackPointExtension>
            <ns3:hr>134</ns3:hr>
            <ns3:cad>90</ns3:cad>
          </ns3:TrackPointExtension>
        </extensions>
      </trkpt>
      <trkpt lat="24.61694243364036083221435546875" lon="118.13914387486875057220458984375">
        <ele>10.19999980926513671875</ele>
        <time>2025-10-31T09:27:48.000Z</time>
        <extensions>
          <ns3:TrackPointExtension>
            <ns3:hr>134</ns3:hr>
            <ns3:cad>90</ns3:cad>
          </ns3:TrackPointExtension>
        </extensions>
      </trkpt>
      <trkpt lat="24.6169696748256683349609375" lon="118.13915158621966838836669921875">
        <ele>10.3999996185302734375</ele>
        <time>2025-10-31T09:27:49.000Z</time>
        <extensions>
          <ns3:TrackPointExtension>
            <ns3:hr>134</ns3:hr>
            <ns3:cad>89</ns3:cad>
          </ns3:TrackPointExtension>
        </extensions>
      </trkpt>
      <trkpt lat="24.61699607782065868377685546875" lon="118.13916248269379138946533203125">
        <ele>10.3999996185302734375</ele>
        <time>2025-10-31T09:27:50.000Z</time>
        <extensions>
          <ns3:TrackPointExtension>
            <ns3:hr>134</ns3:hr>
            <ns3:cad>89</ns3:cad>
          </ns3:TrackPointExtension>
        </extensions>
      </trkpt>
      <trkpt lat="24.6170218102633953094482421875" lon="118.13917606137692928314208984375">
        <ele>10.3999996185302734375</ele>
        <time>2025-10-31T09:27:51.000Z</time>
        <extensions>
          <ns3:TrackPointExtension>
            <ns3:hr>135</ns3:hr>
            <ns3:cad>89</ns3:cad>
          </ns3:TrackPointExtension>
        </extensions>
      </trkpt>
      <trkpt lat="24.61704486049711704254150390625" lon="118.139190562069416046142578125">
        <ele>10.19999980926513671875</ele>
        <time>2025-10-31T09:27:52.000Z</time>
        <extensions>
          <ns3:TrackPointExtension>
            <ns3:hr>134</ns3:hr>
            <ns3:cad>89</ns3:cad>
          </ns3:TrackPointExtension>
        </extensions>
      </trkpt>
      <trkpt lat="24.61707386188209056854248046875" lon="118.1391997821629047393798828125">
        <ele>10.19999980926513671875</ele>
        <time>2025-10-31T09:27:53.000Z</time>
        <extensions>
          <ns3:TrackPointExtension>
            <ns3:hr>134</ns3:hr>
            <ns3:cad>89</ns3:cad>
          </ns3:TrackPointExtension>
        </extensions>
      </trkpt>
      <trkpt lat="24.617099426686763763427734375" lon="118.1392058171331882476806640625">
        <ele>10.19999980926513671875</ele>
        <time>2025-10-31T09:27:54.000Z</time>
        <extensions>
          <ns3:TrackPointExtension>
            <ns3:hr>133</ns3:hr>
            <ns3:cad>90</ns3:cad>
          </ns3:TrackPointExtension>
        </extensions>
      </trkpt>
      <trkpt lat="24.6171297691762447357177734375" lon="118.13921495340764522552490234375">
        <ele>10.19999980926513671875</ele>
        <time>2025-10-31T09:27:55.000Z</time>
        <extensions>
          <ns3:TrackPointExtension>
            <ns3:hr>133</ns3:hr>
            <ns3:cad>90</ns3:cad>
          </ns3:TrackPointExtension>
        </extensions>
      </trkpt>
      <trkpt lat="24.61715810000896453857421875" lon="118.1392195634543895721435546875">
        <ele>10.19999980926513671875</ele>
        <time>2025-10-31T09:27:56.000Z</time>
        <extensions>
          <ns3:TrackPointExtension>
            <ns3:hr>134</ns3:hr>
            <ns3:cad>93</ns3:cad>
          </ns3:TrackPointExtension>
        </extensions>
      </trkpt>
      <trkpt lat="24.6171887777745723724365234375" lon="118.13923825509846210479736328125">
        <ele>10.19999980926513671875</ele>
        <time>2025-10-31T09:27:57.000Z</time>
        <extensions>
          <ns3:TrackPointExtension>
            <ns3:hr>134</ns3:hr>
            <ns3:cad>93</ns3:cad>
          </ns3:TrackPointExtension>
        </extensions>
      </trkpt>
      <trkpt lat="24.61721417494118213653564453125" lon="118.13924781046807765960693359375">
        <ele>10.19999980926513671875</ele>
        <time>2025-10-31T09:27:58.000Z</time>
        <extensions>
          <ns3:TrackPointExtension>
            <ns3:hr>134</ns3:hr>
            <ns3:cad>93</ns3:cad>
          </ns3:TrackPointExtension>
        </extensions>
      </trkpt>
      <trkpt lat="24.61724300868809223175048828125" lon="118.139259628951549530029296875">
        <ele>10.19999980926513671875</ele>
        <time>2025-10-31T09:27:59.000Z</time>
        <extensions>
          <ns3:TrackPointExtension>
            <ns3:hr>135</ns3:hr>
            <ns3:cad>93</ns3:cad>
          </ns3:TrackPointExtension>
        </extensions>
      </trkpt>
      <trkpt lat="24.61726605892181396484375" lon="118.1392681784927845001220703125">
        <ele>10.19999980926513671875</ele>
        <time>2025-10-31T09:28:00.000Z</time>
        <extensions>
          <ns3:TrackPointExtension>
            <ns3:hr>135</ns3:hr>
            <ns3:cad>92</ns3:cad>
          </ns3:TrackPointExtension>
        </extensions>
      </trkpt>
      <trkpt lat="24.6172927133738994598388671875" lon="118.13929391093552112579345703125">
        <ele>10.19999980926513671875</ele>
        <time>2025-10-31T09:28:01.000Z</time>
        <extensions>
          <ns3:TrackPointExtension>
            <ns3:hr>136</ns3:hr>
            <ns3:cad>92</ns3:cad>
          </ns3:TrackPointExtension>
        </extensions>
      </trkpt>
      <trkpt lat="24.61731366813182830810546875" lon="118.1393050588667392730712890625">
        <ele>10.19999980926513671875</ele>
        <time>2025-10-31T09:28:02.000Z</time>
        <extensions>
          <ns3:TrackPointExtension>
            <ns3:hr>136</ns3:hr>
            <ns3:cad>92</ns3:cad>
          </ns3:TrackPointExtension>
        </extensions>
      </trkpt>
      <trkpt lat="24.617339484393596649169921875" lon="118.13932207413017749786376953125">
        <ele>10.19999980926513671875</ele>
        <time>2025-10-31T09:28:03.000Z</time>
        <extensions>
          <ns3:TrackPointExtension>
            <ns3:hr>136</ns3:hr>
            <ns3:cad>92</ns3:cad>
          </ns3:TrackPointExtension>
        </extensions>
      </trkpt>
      <trkpt lat="24.61736152879893779754638671875" lon="118.1393308751285076141357421875">
        <ele>10.19999980926513671875</ele>
        <time>2025-10-31T09:28:04.000Z</time>
        <extensions>
          <ns3:TrackPointExtension>
            <ns3:hr>137</ns3:hr>
            <ns3:cad>92</ns3:cad>
          </ns3:TrackPointExtension>
        </extensions>
      </trkpt>
      <trkpt lat="24.61738742887973785400390625" lon="118.13934914767742156982421875">
        <ele>10</ele>
        <time>2025-10-31T09:28:05.000Z</time>
        <extensions>
          <ns3:TrackPointExtension>
            <ns3:hr>137</ns3:hr>
            <ns3:cad>92</ns3:cad>
          </ns3:TrackPointExtension>
        </extensions>
      </trkpt>
      <trkpt lat="24.61740762926638126373291015625" lon="118.13935660757124423980712890625">
        <ele>10</ele>
        <time>2025-10-31T09:28:06.000Z</time>
        <extensions>
          <ns3:TrackPointExtension>
            <ns3:hr>137</ns3:hr>
            <ns3:cad>92</ns3:cad>
          </ns3:TrackPointExtension>
        </extensions>
      </trkpt>
      <trkpt lat="24.617433361709117889404296875" lon="118.1393771432340145111083984375">
        <ele>10</ele>
        <time>2025-10-31T09:28:07.000Z</time>
        <extensions>
          <ns3:TrackPointExtension>
            <ns3:hr>139</ns3:hr>
            <ns3:cad>92</ns3:cad>
          </ns3:TrackPointExtension>
        </extensions>
      </trkpt>
      <trkpt lat="24.61745590902864933013916015625" lon="118.1393887102603912353515625">
        <ele>10</ele>
        <time>2025-10-31T09:28:08.000Z</time>
        <extensions>
          <ns3:TrackPointExtension>
            <ns3:hr>139</ns3:hr>
            <ns3:cad>91</ns3:cad>
          </ns3:TrackPointExtension>
        </extensions>
      </trkpt>
      <trkpt lat="24.617482982575893402099609375" lon="118.13940279185771942138671875">
        <ele>10</ele>
        <time>2025-10-31T09:28:09.000Z</time>
        <extensions>
          <ns3:TrackPointExtension>
            <ns3:hr>140</ns3:hr>
            <ns3:cad>90</ns3:cad>
          </ns3:TrackPointExtension>
        </extensions>
      </trkpt>
      <trkpt lat="24.61750410497188568115234375" lon="118.1394093297421932220458984375">
        <ele>10</ele>
        <time>2025-10-31T09:28:10.000Z</time>
        <extensions>
          <ns3:TrackPointExtension>
            <ns3:hr>140</ns3:hr>
            <ns3:cad>90</ns3:cad>
          </ns3:TrackPointExtension>
        </extensions>
      </trkpt>
      <trkpt lat="24.61753335781395435333251953125" lon="118.1394235789775848388671875">
        <ele>10</ele>
        <time>2025-10-31T09:28:11.000Z</time>
        <extensions>
          <ns3:TrackPointExtension>
            <ns3:hr>139</ns3:hr>
            <ns3:cad>90</ns3:cad>
          </ns3:TrackPointExtension>
        </extensions>
      </trkpt>
      <trkpt lat="24.61755900643765926361083984375" lon="118.13943355344235897064208984375">
        <ele>10</ele>
        <time>2025-10-31T09:28:12.000Z</time>
        <extensions>
          <ns3:TrackPointExtension>
            <ns3:hr>139</ns3:hr>
            <ns3:cad>91</ns3:cad>
          </ns3:TrackPointExtension>
        </extensions>
      </trkpt>
      <trkpt lat="24.6175864152610301971435546875" lon="118.1394455395638942718505859375">
        <ele>10</ele>
        <time>2025-10-31T09:28:13.000Z</time>
        <extensions>
          <ns3:TrackPointExtension>
            <ns3:hr>140</ns3:hr>
            <ns3:cad>92</ns3:cad>
          </ns3:TrackPointExtension>
        </extensions>
      </trkpt>
      <trkpt lat="24.61761499755084514617919921875" lon="118.139456771314144134521484375">
        <ele>10.19999980926513671875</ele>
        <time>2025-10-31T09:28:14.000Z</time>
        <extensions>
          <ns3:TrackPointExtension>
            <ns3:hr>140</ns3:hr>
            <ns3:cad>93</ns3:cad>
          </ns3:TrackPointExtension>
        </extensions>
      </trkpt>
      <trkpt lat="24.61764131672680377960205078125" lon="118.13946456648409366607666015625">
        <ele>10.19999980926513671875</ele>
        <time>2025-10-31T09:28:15.000Z</time>
        <extensions>
          <ns3:TrackPointExtension>
            <ns3:hr>140</ns3:hr>
            <ns3:cad>93</ns3:cad>
          </ns3:TrackPointExtension>
        </extensions>
      </trkpt>
      <trkpt lat="24.6176688931882381439208984375" lon="118.13947856426239013671875">
        <ele>10.3999996185302734375</ele>
        <time>2025-10-31T09:28:16.000Z</time>
        <extensions>
          <ns3:TrackPointExtension>
            <ns3:hr>141</ns3:hr>
            <ns3:cad>92</ns3:cad>
          </ns3:TrackPointExtension>
        </extensions>
      </trkpt>
      <trkpt lat="24.61769345216453075408935546875" lon="118.13948619179427623748779296875">
        <ele>10.3999996185302734375</ele>
        <time>2025-10-31T09:28:17.000Z</time>
        <extensions>
          <ns3:TrackPointExtension>
            <ns3:hr>141</ns3:hr>
            <ns3:cad>92</ns3:cad>
          </ns3:TrackPointExtension>
        </extensions>
      </trkpt>
      <trkpt lat="24.617718346416950225830078125" lon="118.13950471580028533935546875">
        <ele>10.3999996185302734375</ele>
        <time>2025-10-31T09:28:18.000Z</time>
        <extensions>
          <ns3:TrackPointExtension>
            <ns3:hr>142</ns3:hr>
            <ns3:cad>92</ns3:cad>
          </ns3:TrackPointExtension>
        </extensions>
      </trkpt>
      <trkpt lat="24.6177393011748790740966796875" lon="118.1395152769982814788818359375">
        <ele>10.3999996185302734375</ele>
        <time>2025-10-31T09:28:19.000Z</time>
        <extensions>
          <ns3:TrackPointExtension>
            <ns3:hr>143</ns3:hr>
            <ns3:cad>93</ns3:cad>
          </ns3:TrackPointExtension>
        </extensions>
      </trkpt>
      <trkpt lat="24.6177647821605205535888671875" lon="118.139532543718814849853515625">
        <ele>10.3999996185302734375</ele>
        <time>2025-10-31T09:28:20.000Z</time>
        <extensions>
          <ns3:TrackPointExtension>
            <ns3:hr>144</ns3:hr>
            <ns3:cad>93</ns3:cad>
          </ns3:TrackPointExtension>
        </extensions>
      </trkpt>
      <trkpt lat="24.61778380908071994781494140625" lon="118.1395389139652252197265625">
        <ele>10.3999996185302734375</ele>
        <time>2025-10-31T09:28:21.000Z</time>
        <extensions>
          <ns3:TrackPointExtension>
            <ns3:hr>144</ns3:hr>
            <ns3:cad>92</ns3:cad>
          </ns3:TrackPointExtension>
        </extensions>
      </trkpt>
      <trkpt lat="24.61781130172312259674072265625" lon="118.13955576159060001373291015625">
        <ele>10.3999996185302734375</ele>
        <time>2025-10-31T09:28:22.000Z</time>
        <extensions>
          <ns3:TrackPointExtension>
            <ns3:hr>145</ns3:hr>
            <ns3:cad>91</ns3:cad>
          </ns3:TrackPointExtension>
        </extensions>
      </trkpt>
      <trkpt lat="24.61782404221594333648681640625" lon="118.13956439495086669921875">
        <ele>10.3999996185302734375</ele>
        <time>2025-10-31T09:28:23.000Z</time>
        <extensions>
          <ns3:TrackPointExtension>
            <ns3:hr>145</ns3:hr>
            <ns3:cad>91</ns3:cad>
          </ns3:TrackPointExtension>
        </extensions>
      </trkpt>
      <trkpt lat="24.61784734390676021575927734375" lon="118.13957713544368743896484375">
        <ele>10.3999996185302734375</ele>
        <time>2025-10-31T09:28:24.000Z</time>
        <extensions>
          <ns3:TrackPointExtension>
            <ns3:hr>145</ns3:hr>
            <ns3:cad>91</ns3:cad>
          </ns3:TrackPointExtension>
        </extensions>
      </trkpt>
      <trkpt lat="24.61787031032145023345947265625" lon="118.139590881764888763427734375">
        <ele>10.3999996185302734375</ele>
        <time>2025-10-31T09:28:25.000Z</time>
        <extensions>
          <ns3:TrackPointExtension>
            <ns3:hr>144</ns3:hr>
            <ns3:cad>91</ns3:cad>
          </ns3:TrackPointExtension>
        </extensions>
      </trkpt>
      <trkpt lat="24.61789847351610660552978515625" lon="118.13960555009543895721435546875">
        <ele>10.3999996185302734375</ele>
        <time>2025-10-31T09:28:26.000Z</time>
        <extensions>
          <ns3:TrackPointExtension>
            <ns3:hr>145</ns3:hr>
            <ns3:cad>91</ns3:cad>
          </ns3:TrackPointExtension>
        </extensions>
      </trkpt>
      <trkpt lat="24.61792311631143093109130859375" lon="118.13961611129343509674072265625">
        <ele>10.3999996185302734375</ele>
        <time>2025-10-31T09:28:27.000Z</time>
        <extensions>
          <ns3:TrackPointExtension>
            <ns3:hr>145</ns3:hr>
            <ns3:cad>91</ns3:cad>
          </ns3:TrackPointExtension>
        </extensions>
      </trkpt>
      <trkpt lat="24.61795362643897533416748046875" lon="118.1396349705755710601806640625">
        <ele>10.19999980926513671875</ele>
        <time>2025-10-31T09:28:28.000Z</time>
        <extensions>
          <ns3:TrackPointExtension>
            <ns3:hr>145</ns3:hr>
            <ns3:cad>92</ns3:cad>
          </ns3:TrackPointExtension>
        </extensions>
      </trkpt>
      <trkpt lat="24.61797860451042652130126953125" lon="118.1396490521728992462158203125">
        <ele>10.3999996185302734375</ele>
        <time>2025-10-31T09:28:29.000Z</time>
        <extensions>
          <ns3:TrackPointExtension>
            <ns3:hr>144</ns3:hr>
            <ns3:cad>92</ns3:cad>
          </ns3:TrackPointExtension>
        </extensions>
      </trkpt>
      <trkpt lat="24.6180068515241146087646484375" lon="118.13966807909309864044189453125">
        <ele>10.3999996185302734375</ele>
        <time>2025-10-31T09:28:30.000Z</time>
        <extensions>
          <ns3:TrackPointExtension>
            <ns3:hr>144</ns3:hr>
            <ns3:cad>92</ns3:cad>
          </ns3:TrackPointExtension>
        </extensions>
      </trkpt>
      <trkpt lat="24.61802973411977291107177734375" lon="118.13967880792915821075439453125">
        <ele>10.3999996185302734375</ele>
        <time>2025-10-31T09:28:31.000Z</time>
        <extensions>
          <ns3:TrackPointExtension>
            <ns3:hr>144</ns3:hr>
            <ns3:cad>92</ns3:cad>
          </ns3:TrackPointExtension>
        </extensions>
      </trkpt>
      <trkpt lat="24.6180564723908901214599609375" lon="118.13969976268708705902099609375">
        <ele>10.3999996185302734375</ele>
        <time>2025-10-31T09:28:32.000Z</time>
        <extensions>
          <ns3:TrackPointExtension>
            <ns3:hr>144</ns3:hr>
            <ns3:cad>92</ns3:cad>
          </ns3:TrackPointExtension>
        </extensions>
      </trkpt>
      <trkpt lat="24.6180774271488189697265625" lon="118.1397077254951000213623046875">
        <ele>10.6000003814697265625</ele>
        <time>2025-10-31T09:28:33.000Z</time>
        <extensions>
          <ns3:TrackPointExtension>
            <ns3:hr>143</ns3:hr>
            <ns3:cad>91</ns3:cad>
          </ns3:TrackPointExtension>
        </extensions>
      </trkpt>
      <trkpt lat="24.61810165084898471832275390625" lon="118.13972457312047481536865234375">
        <ele>10.6000003814697265625</ele>
        <time>2025-10-31T09:28:34.000Z</time>
        <extensions>
          <ns3:TrackPointExtension>
            <ns3:hr>143</ns3:hr>
            <ns3:cad>90</ns3:cad>
          </ns3:TrackPointExtension>
        </extensions>
      </trkpt>
      <trkpt lat="24.6181231923401355743408203125" lon="118.1397315301001071929931640625">
        <ele>10.6000003814697265625</ele>
        <time>2025-10-31T09:28:35.000Z</time>
        <extensions>
          <ns3:TrackPointExtension>
            <ns3:hr>144</ns3:hr>
            <ns3:cad>89</ns3:cad>
          </ns3:TrackPointExtension>
        </extensions>
      </trkpt>
      <trkpt lat="24.61814842186868190765380859375" lon="118.1397539936006069183349609375">
        <ele>10.6000003814697265625</ele>
        <time>2025-10-31T09:28:36.000Z</time>
        <extensions>
          <ns3:TrackPointExtension>
            <ns3:hr>144</ns3:hr>
            <ns3:cad>88</ns3:cad>
          </ns3:TrackPointExtension>
        </extensions>
      </trkpt>
      <trkpt lat="24.61816937662661075592041015625" lon="118.13976497389376163482666015625">
        <ele>10.6000003814697265625</ele>
        <time>2025-10-31T09:28:37.000Z</time>
        <extensions>
          <ns3:TrackPointExtension>
            <ns3:hr>144</ns3:hr>
            <ns3:cad>88</ns3:cad>
          </ns3:TrackPointExtension>
        </extensions>
      </trkpt>
      <trkpt lat="24.6181993000209331512451171875" lon="118.13978098332881927490234375">
        <ele>10.6000003814697265625</ele>
        <time>2025-10-31T09:28:38.000Z</time>
        <extensions>
          <ns3:TrackPointExtension>
            <ns3:hr>143</ns3:hr>
            <ns3:cad>88</ns3:cad>
          </ns3:TrackPointExtension>
        </extensions>
      </trkpt>
      <trkpt lat="24.61822100915014743804931640625" lon="118.13978877849876880645751953125">
        <ele>10.6000003814697265625</ele>
        <time>2025-10-31T09:28:39.000Z</time>
        <extensions>
          <ns3:TrackPointExtension>
            <ns3:hr>143</ns3:hr>
            <ns3:cad>88</ns3:cad>
          </ns3:TrackPointExtension>
        </extensions>
      </trkpt>
      <trkpt lat="24.61825319565832614898681640625" lon="118.1398049555718898773193359375">
        <ele>10.6000003814697265625</ele>
        <time>2025-10-31T09:28:40.000Z</time>
        <extensions>
          <ns3:TrackPointExtension>
            <ns3:hr>143</ns3:hr>
            <ns3:cad>88</ns3:cad>
          </ns3:TrackPointExtension>
        </extensions>
      </trkpt>
      <trkpt lat="24.6182760782539844512939453125" lon="118.139808811247348785400390625">
        <ele>10.6000003814697265625</ele>
        <time>2025-10-31T09:28:41.000Z</time>
        <extensions>
          <ns3:TrackPointExtension>
            <ns3:hr>142</ns3:hr>
            <ns3:cad>88</ns3:cad>
          </ns3:TrackPointExtension>
        </extensions>
      </trkpt>
      <trkpt lat="24.6183027327060699462890625" lon="118.139827586710453033447265625">
        <ele>10.6000003814697265625</ele>
        <time>2025-10-31T09:28:42.000Z</time>
        <extensions>
          <ns3:TrackPointExtension>
            <ns3:hr>142</ns3:hr>
            <ns3:cad>88</ns3:cad>
          </ns3:TrackPointExtension>
        </extensions>
      </trkpt>
      <trkpt lat="24.6183240227401256561279296875" lon="118.13983454369008541107177734375">
        <ele>10.6000003814697265625</ele>
        <time>2025-10-31T09:28:43.000Z</time>
        <extensions>
          <ns3:TrackPointExtension>
            <ns3:hr>141</ns3:hr>
            <ns3:cad>88</ns3:cad>
          </ns3:TrackPointExtension>
        </extensions>
      </trkpt>
      <trkpt lat="24.6183552034199237823486328125" lon="118.13985667191445827484130859375">
        <ele>10.6000003814697265625</ele>
        <time>2025-10-31T09:28:44.000Z</time>
        <extensions>
          <ns3:TrackPointExtension>
            <ns3:hr>141</ns3:hr>
            <ns3:cad>89</ns3:cad>
          </ns3:TrackPointExtension>
        </extensions>
      </trkpt>
      <trkpt lat="24.61837674491107463836669921875" lon="118.13986337743699550628662109375">
        <ele>10.6000003814697265625</ele>
        <time>2025-10-31T09:28:45.000Z</time>
        <extensions>
          <ns3:TrackPointExtension>
            <ns3:hr>142</ns3:hr>
            <ns3:cad>89</ns3:cad>
          </ns3:TrackPointExtension>
        </extensions>
      </trkpt>
      <trkpt lat="24.61840675212442874908447265625" lon="118.13987662084400653839111328125">
        <ele>10.6000003814697265625</ele>
        <time>2025-10-31T09:28:46.000Z</time>
        <extensions>
          <ns3:TrackPointExtension>
            <ns3:hr>142</ns3:hr>
            <ns3:cad>89</ns3:cad>
          </ns3:TrackPointExtension>
        </extensions>
      </trkpt>
      <trkpt lat="24.6184323169291019439697265625" lon="118.13988584093749523162841796875">
        <ele>10.6000003814697265625</ele>
        <time>2025-10-31T09:28:47.000Z</time>
        <extensions>
          <ns3:TrackPointExtension>
            <ns3:hr>141</ns3:hr>
            <ns3:cad>89</ns3:cad>
          </ns3:TrackPointExtension>
        </extensions>
      </trkpt>
      <trkpt lat="24.61845788173377513885498046875" lon="118.1399005092680454254150390625">
        <ele>10.6000003814697265625</ele>
        <time>2025-10-31T09:28:48.000Z</time>
        <extensions>
          <ns3:TrackPointExtension>
            <ns3:hr>141</ns3:hr>
            <ns3:cad>89</ns3:cad>
          </ns3:TrackPointExtension>
        </extensions>
      </trkpt>
      <trkpt lat="24.61848017759621143341064453125" lon="118.1399115733802318572998046875">
        <ele>10.6000003814697265625</ele>
        <time>2025-10-31T09:28:49.000Z</time>
        <extensions>
          <ns3:TrackPointExtension>
            <ns3:hr>141</ns3:hr>
            <ns3:cad>89</ns3:cad>
          </ns3:TrackPointExtension>
        </extensions>
      </trkpt>
      <trkpt lat="24.6184973604977130889892578125" lon="118.1399223022162914276123046875">
        <ele>10.6000003814697265625</ele>
        <time>2025-10-31T09:28:50.000Z</time>
        <extensions>
          <ns3:TrackPointExtension>
            <ns3:hr>141</ns3:hr>
            <ns3:cad>88</ns3:cad>
          </ns3:TrackPointExtension>
        </extensions>
      </trkpt>
      <trkpt lat="24.61852158419787883758544921875" lon="118.13993814401328563690185546875">
        <ele>10.6000003814697265625</ele>
        <time>2025-10-31T09:28:51.000Z</time>
        <extensions>
          <ns3:TrackPointExtension>
            <ns3:hr>140</ns3:hr>
            <ns3:cad>88</ns3:cad>
          </ns3:TrackPointExtension>
        </extensions>
      </trkpt>
      <trkpt lat="24.61854471825063228607177734375" lon="118.13994686119258403778076171875">
        <ele>10.6000003814697265625</ele>
        <time>2025-10-31T09:28:52.000Z</time>
        <extensions>
          <ns3:TrackPointExtension>
            <ns3:hr>140</ns3:hr>
            <ns3:cad>88</ns3:cad>
          </ns3:TrackPointExtension>
        </extensions>
      </trkpt>
      <trkpt lat="24.6185711212456226348876953125" lon="118.13996328972280025482177734375">
        <ele>10.6000003814697265625</ele>
        <time>2025-10-31T09:28:53.000Z</time>
        <extensions>
          <ns3:TrackPointExtension>
            <ns3:hr>140</ns3:hr>
            <ns3:cad>88</ns3:cad>
          </ns3:TrackPointExtension>
        </extensions>
      </trkpt>
      <trkpt lat="24.61859081871807575225830078125" lon="118.13997116871178150177001953125">
        <ele>10.6000003814697265625</ele>
        <time>2025-10-31T09:28:54.000Z</time>
        <extensions>
          <ns3:TrackPointExtension>
            <ns3:hr>140</ns3:hr>
            <ns3:cad>88</ns3:cad>
          </ns3:TrackPointExtension>
        </extensions>
      </trkpt>
      <trkpt lat="24.61861931718885898590087890625" lon="118.13998826779425144195556640625">
        <ele>10.80000019073486328125</ele>
        <time>2025-10-31T09:28:55.000Z</time>
        <extensions>
          <ns3:TrackPointExtension>
            <ns3:hr>139</ns3:hr>
            <ns3:cad>88</ns3:cad>
          </ns3:TrackPointExtension>
        </extensions>
      </trkpt>
      <trkpt lat="24.6186378411948680877685546875" lon="118.13999664969742298126220703125">
        <ele>10.80000019073486328125</ele>
        <time>2025-10-31T09:28:56.000Z</time>
        <extensions>
          <ns3:TrackPointExtension>
            <ns3:hr>140</ns3:hr>
            <ns3:cad>87</ns3:cad>
          </ns3:TrackPointExtension>
        </extensions>
      </trkpt>
      <trkpt lat="24.61866281926631927490234375" lon="118.1400128267705440521240234375">
        <ele>10.80000019073486328125</ele>
        <time>2025-10-31T09:28:57.000Z</time>
        <extensions>
          <ns3:TrackPointExtension>
            <ns3:hr>140</ns3:hr>
            <ns3:cad>87</ns3:cad>
          </ns3:TrackPointExtension>
        </extensions>
      </trkpt>
      <trkpt lat="24.6186854504048824310302734375" lon="118.14002766273915767669677734375">
        <ele>10.80000019073486328125</ele>
        <time>2025-10-31T09:28:58.000Z</time>
        <extensions>
          <ns3:TrackPointExtension>
            <ns3:hr>140</ns3:hr>
            <ns3:cad>87</ns3:cad>
          </ns3:TrackPointExtension>
        </extensions>
      </trkpt>
      <trkpt lat="24.61870732717216014862060546875" lon="118.140039481222629547119140625">
        <ele>10.80000019073486328125</ele>
        <time>2025-10-31T09:28:59.000Z</time>
        <extensions>
          <ns3:TrackPointExtension>
            <ns3:hr>140</ns3:hr>
            <ns3:cad>87</ns3:cad>
          </ns3:TrackPointExtension>
        </extensions>
      </trkpt>
      <trkpt lat="24.61873465217649936676025390625" lon="118.14005532301962375640869140625">
        <ele>10.80000019073486328125</ele>
        <time>2025-10-31T09:29:00.000Z</time>
        <extensions>
          <ns3:TrackPointExtension>
            <ns3:hr>140</ns3:hr>
            <ns3:cad>87</ns3:cad>
          </ns3:TrackPointExtension>
        </extensions>
      </trkpt>
      <trkpt lat="24.6187592111527919769287109375" lon="118.14006806351244449615478515625">
        <ele>10.80000019073486328125</ele>
        <time>2025-10-31T09:29:01.000Z</time>
        <extensions>
          <ns3:TrackPointExtension>
            <ns3:hr>141</ns3:hr>
            <ns3:cad>86</ns3:cad>
          </ns3:TrackPointExtension>
        </extensions>
      </trkpt>
      <trkpt lat="24.61878879927098751068115234375" lon="118.140084743499755859375">
        <ele>10.80000019073486328125</ele>
        <time>2025-10-31T09:29:02.000Z</time>
        <extensions>
          <ns3:TrackPointExtension>
            <ns3:hr>141</ns3:hr>
            <ns3:cad>86</ns3:cad>
          </ns3:TrackPointExtension>
        </extensions>
      </trkpt>
      <trkpt lat="24.6188212372362613677978515625" lon="118.14009840600192546844482421875">
        <ele>10.80000019073486328125</ele>
        <time>2025-10-31T09:29:03.000Z</time>
        <extensions>
          <ns3:TrackPointExtension>
            <ns3:hr>141</ns3:hr>
            <ns3:cad>86</ns3:cad>
          </ns3:TrackPointExtension>
        </extensions>
      </trkpt>
      <trkpt lat="24.61884747259318828582763671875" lon="118.14010418951511383056640625">
        <ele>11</ele>
        <time>2025-10-31T09:29:04.000Z</time>
        <extensions>
          <ns3:TrackPointExtension>
            <ns3:hr>140</ns3:hr>
            <ns3:cad>86</ns3:cad>
          </ns3:TrackPointExtension>
        </extensions>
      </trkpt>
      <trkpt lat="24.6188778989017009735107421875" lon="118.1401224620640277862548828125">
        <ele>10.80000019073486328125</ele>
        <time>2025-10-31T09:29:05.000Z</time>
        <extensions>
          <ns3:TrackPointExtension>
            <ns3:hr>140</ns3:hr>
            <ns3:cad>89</ns3:cad>
          </ns3:TrackPointExtension>
        </extensions>
      </trkpt>
      <trkpt lat="24.61890555918216705322265625" lon="118.1401358731091022491455078125">
        <ele>10.80000019073486328125</ele>
        <time>2025-10-31T09:29:06.000Z</time>
        <extensions>
          <ns3:TrackPointExtension>
            <ns3:hr>141</ns3:hr>
            <ns3:cad>90</ns3:cad>
          </ns3:TrackPointExtension>
        </extensions>
      </trkpt>
      <trkpt lat="24.61893933825194835662841796875" lon="118.14015381038188934326171875">
        <ele>10.80000019073486328125</ele>
        <time>2025-10-31T09:29:07.000Z</time>
        <extensions>
          <ns3:TrackPointExtension>
            <ns3:hr>141</ns3:hr>
            <ns3:cad>94</ns3:cad>
          </ns3:TrackPointExtension>
        </extensions>
      </trkpt>
      <trkpt lat="24.618960209190845489501953125" lon="118.14016378484666347503662109375">
        <ele>10.80000019073486328125</ele>
        <time>2025-10-31T09:29:08.000Z</time>
        <extensions>
          <ns3:TrackPointExtension>
            <ns3:hr>142</ns3:hr>
            <ns3:cad>94</ns3:cad>
          </ns3:TrackPointExtension>
        </extensions>
      </trkpt>
      <trkpt lat="24.61899331770837306976318359375" lon="118.14018038101494312286376953125">
        <ele>10.80000019073486328125</ele>
        <time>2025-10-31T09:29:09.000Z</time>
        <extensions>
          <ns3:TrackPointExtension>
            <ns3:hr>142</ns3:hr>
            <ns3:cad>94</ns3:cad>
          </ns3:TrackPointExtension>
        </extensions>
      </trkpt>
      <trkpt lat="24.6190183795988559722900390625" lon="118.14019261859357357025146484375">
        <ele>10.80000019073486328125</ele>
        <time>2025-10-31T09:29:10.000Z</time>
        <extensions>
          <ns3:TrackPointExtension>
            <ns3:hr>143</ns3:hr>
            <ns3:cad>92</ns3:cad>
          </ns3:TrackPointExtension>
        </extensions>
      </trkpt>
      <trkpt lat="24.61904813535511493682861328125" lon="118.1402103044092655181884765625">
        <ele>10.80000019073486328125</ele>
        <time>2025-10-31T09:29:11.000Z</time>
        <extensions>
          <ns3:TrackPointExtension>
            <ns3:hr>143</ns3:hr>
            <ns3:cad>92</ns3:cad>
          </ns3:TrackPointExtension>
        </extensions>
      </trkpt>
      <trkpt lat="24.6190752089023590087890625" lon="118.14022564329206943511962890625">
        <ele>10.80000019073486328125</ele>
        <time>2025-10-31T09:29:12.000Z</time>
        <extensions>
          <ns3:TrackPointExtension>
            <ns3:hr>143</ns3:hr>
            <ns3:cad>92</ns3:cad>
          </ns3:TrackPointExtension>
        </extensions>
      </trkpt>
      <trkpt lat="24.6191065572202205657958984375" lon="118.14024056307971477508544921875">
        <ele>10.80000019073486328125</ele>
        <time>2025-10-31T09:29:13.000Z</time>
        <extensions>
          <ns3:TrackPointExtension>
            <ns3:hr>144</ns3:hr>
            <ns3:cad>93</ns3:cad>
          </ns3:TrackPointExtension>
        </extensions>
      </trkpt>
      <trkpt lat="24.61913648061454296112060546875" lon="118.1402523815631866455078125">
        <ele>10.80000019073486328125</ele>
        <time>2025-10-31T09:29:14.000Z</time>
        <extensions>
          <ns3:TrackPointExtension>
            <ns3:hr>144</ns3:hr>
            <ns3:cad>93</ns3:cad>
          </ns3:TrackPointExtension>
        </extensions>
      </trkpt>
      <trkpt lat="24.61916564963757991790771484375" lon="118.14027057029306888580322265625">
        <ele>10.80000019073486328125</ele>
        <time>2025-10-31T09:29:15.000Z</time>
        <extensions>
          <ns3:TrackPointExtension>
            <ns3:hr>145</ns3:hr>
            <ns3:cad>93</ns3:cad>
          </ns3:TrackPointExtension>
        </extensions>
      </trkpt>
      <trkpt lat="24.61919398047029972076416015625" lon="118.14028012566268444061279296875">
        <ele>10.80000019073486328125</ele>
        <time>2025-10-31T09:29:16.000Z</time>
        <extensions>
          <ns3:TrackPointExtension>
            <ns3:hr>145</ns3:hr>
            <ns3:cad>92</ns3:cad>
          </ns3:TrackPointExtension>
        </extensions>
      </trkpt>
      <trkpt lat="24.6192228980362415313720703125" lon="118.14029688946902751922607421875">
        <ele>10.80000019073486328125</ele>
        <time>2025-10-31T09:29:17.000Z</time>
        <extensions>
          <ns3:TrackPointExtension>
            <ns3:hr>145</ns3:hr>
            <ns3:cad>91</ns3:cad>
          </ns3:TrackPointExtension>
        </extensions>
      </trkpt>
      <trkpt lat="24.6192463673651218414306640625" lon="118.14030543901026248931884765625">
        <ele>10.80000019073486328125</ele>
        <time>2025-10-31T09:29:18.000Z</time>
        <extensions>
          <ns3:TrackPointExtension>
            <ns3:hr>145</ns3:hr>
            <ns3:cad>90</ns3:cad>
          </ns3:TrackPointExtension>
        </extensions>
      </trkpt>
      <trkpt lat="24.619275368750095367431640625" lon="118.14032077789306640625">
        <ele>10.80000019073486328125</ele>
        <time>2025-10-31T09:29:19.000Z</time>
        <extensions>
          <ns3:TrackPointExtension>
            <ns3:hr>145</ns3:hr>
            <ns3:cad>90</ns3:cad>
          </ns3:TrackPointExtension>
        </extensions>
      </trkpt>
      <trkpt lat="24.61929976008832454681396484375" lon="118.140328489243984222412109375">
        <ele>10.6000003814697265625</ele>
        <time>2025-10-31T09:29:20.000Z</time>
        <extensions>
          <ns3:TrackPointExtension>
            <ns3:hr>146</ns3:hr>
            <ns3:cad>89</ns3:cad>
          </ns3:TrackPointExtension>
        </extensions>
      </trkpt>
      <trkpt lat="24.619331024587154388427734375" lon="118.14034349285066127777099609375">
        <ele>10.6000003814697265625</ele>
        <time>2025-10-31T09:29:21.000Z</time>
        <extensions>
          <ns3:TrackPointExtension>
            <ns3:hr>146</ns3:hr>
            <ns3:cad>89</ns3:cad>
          </ns3:TrackPointExtension>
        </extensions>
      </trkpt>
      <trkpt lat="24.6193563379347324371337890625" lon="118.14034852199256420135498046875">
        <ele>10.6000003814697265625</ele>
        <time>2025-10-31T09:29:22.000Z</time>
        <extensions>
          <ns3:TrackPointExtension>
            <ns3:hr>146</ns3:hr>
            <ns3:cad>89</ns3:cad>
          </ns3:TrackPointExtension>
        </extensions>
      </trkpt>
      <trkpt lat="24.619389362633228302001953125" lon="118.14036411233246326446533203125">
        <ele>10.6000003814697265625</ele>
        <time>2025-10-31T09:29:23.000Z</time>
        <extensions>
          <ns3:TrackPointExtension>
            <ns3:hr>147</ns3:hr>
            <ns3:cad>89</ns3:cad>
          </ns3:TrackPointExtension>
        </extensions>
      </trkpt>
      <trkpt lat="24.619412831962108612060546875" lon="118.140369392931461334228515625">
        <ele>10.6000003814697265625</ele>
        <time>2025-10-31T09:29:24.000Z</time>
        <extensions>
          <ns3:TrackPointExtension>
            <ns3:hr>147</ns3:hr>
            <ns3:cad>89</ns3:cad>
          </ns3:TrackPointExtension>
        </extensions>
      </trkpt>
      <trkpt lat="24.619445018470287322998046875" lon="118.1403853185474872589111328125">
        <ele>10.6000003814697265625</ele>
        <time>2025-10-31T09:29:25.000Z</time>
        <extensions>
          <ns3:TrackPointExtension>
            <ns3:hr>148</ns3:hr>
            <ns3:cad>89</ns3:cad>
          </ns3:TrackPointExtension>
        </extensions>
      </trkpt>
      <trkpt lat="24.61946907453238964080810546875" lon="118.14039512537419795989990234375">
        <ele>10.6000003814697265625</ele>
        <time>2025-10-31T09:29:26.000Z</time>
        <extensions>
          <ns3:TrackPointExtension>
            <ns3:hr>149</ns3:hr>
            <ns3:cad>89</ns3:cad>
          </ns3:TrackPointExtension>
        </extensions>
      </trkpt>
      <trkpt lat="24.619497992098331451416015625" lon="118.140408955514430999755859375">
        <ele>10.6000003814697265625</ele>
        <time>2025-10-31T09:29:27.000Z</time>
        <extensions>
          <ns3:TrackPointExtension>
            <ns3:hr>149</ns3:hr>
            <ns3:cad>89</ns3:cad>
          </ns3:TrackPointExtension>
        </extensions>
      </trkpt>
      <trkpt lat="24.61952255107462406158447265625" lon="118.140413649380207061767578125">
        <ele>10.6000003814697265625</ele>
        <time>2025-10-31T09:29:28.000Z</time>
        <extensions>
          <ns3:TrackPointExtension>
            <ns3:hr>150</ns3:hr>
            <ns3:cad>89</ns3:cad>
          </ns3:TrackPointExtension>
        </extensions>
      </trkpt>
      <trkpt lat="24.619549624621868133544921875" lon="118.14042915590107440948486328125">
        <ele>10.6000003814697265625</ele>
        <time>2025-10-31T09:29:29.000Z</time>
        <extensions>
          <ns3:TrackPointExtension>
            <ns3:hr>151</ns3:hr>
            <ns3:cad>90</ns3:cad>
          </ns3:TrackPointExtension>
        </extensions>
      </trkpt>
      <trkpt lat="24.6195796318352222442626953125" lon="118.14043669961392879486083984375">
        <ele>10.6000003814697265625</ele>
        <time>2025-10-31T09:29:30.000Z</time>
        <extensions>
          <ns3:TrackPointExtension>
            <ns3:hr>151</ns3:hr>
            <ns3:cad>91</ns3:cad>
          </ns3:TrackPointExtension>
        </extensions>
      </trkpt>
      <trkpt lat="24.61960737593472003936767578125" lon="118.14044977538287639617919921875">
        <ele>10.6000003814697265625</ele>
        <time>2025-10-31T09:29:31.000Z</time>
        <extensions>
          <ns3:TrackPointExtension>
            <ns3:hr>151</ns3:hr>
            <ns3:cad>92</ns3:cad>
          </ns3:TrackPointExtension>
        </extensions>
      </trkpt>
      <trkpt lat="24.6196342818439006805419921875" lon="118.14046402461826801300048828125">
        <ele>10.6000003814697265625</ele>
        <time>2025-10-31T09:29:32.000Z</time>
        <extensions>
          <ns3:TrackPointExtension>
            <ns3:hr>152</ns3:hr>
            <ns3:cad>93</ns3:cad>
          </ns3:TrackPointExtension>
        </extensions>
      </trkpt>
      <trkpt lat="24.619658254086971282958984375" lon="118.1404723227024078369140625">
        <ele>10.6000003814697265625</ele>
        <time>2025-10-31T09:29:33.000Z</time>
        <extensions>
          <ns3:TrackPointExtension>
            <ns3:hr>152</ns3:hr>
            <ns3:cad>93</ns3:cad>
          </ns3:TrackPointExtension>
        </extensions>
      </trkpt>
      <trkpt lat="24.6196902729570865631103515625" lon="118.14048380590975284576416015625">
        <ele>10.6000003814697265625</ele>
        <time>2025-10-31T09:29:34.000Z</time>
        <extensions>
          <ns3:TrackPointExtension>
            <ns3:hr>152</ns3:hr>
            <ns3:cad>93</ns3:cad>
          </ns3:TrackPointExtension>
        </extensions>
      </trkpt>
      <trkpt lat="24.61971365846693515777587890625" lon="118.14048682339489459991455078125">
        <ele>10.6000003814697265625</ele>
        <time>2025-10-31T09:29:35.000Z</time>
        <extensions>
          <ns3:TrackPointExtension>
            <ns3:hr>152</ns3:hr>
            <ns3:cad>93</ns3:cad>
          </ns3:TrackPointExtension>
        </extensions>
      </trkpt>
      <trkpt lat="24.61974651552736759185791015625" lon="118.14049939624965190887451171875">
        <ele>10.6000003814697265625</ele>
        <time>2025-10-31T09:29:36.000Z</time>
        <extensions>
          <ns3:TrackPointExtension>
            <ns3:hr>153</ns3:hr>
            <ns3:cad>93</ns3:cad>
          </ns3:TrackPointExtension>
        </extensions>
      </trkpt>
      <trkpt lat="24.6197720803320407867431640625" lon="118.14050517976284027099609375">
        <ele>10.6000003814697265625</ele>
        <time>2025-10-31T09:29:37.000Z</time>
        <extensions>
          <ns3:TrackPointExtension>
            <ns3:hr>153</ns3:hr>
            <ns3:cad>93</ns3:cad>
          </ns3:TrackPointExtension>
        </extensions>
      </trkpt>
      <trkpt lat="24.61980401538312435150146484375" lon="118.1405244581401348114013671875">
        <ele>10.6000003814697265625</ele>
        <time>2025-10-31T09:29:38.000Z</time>
        <extensions>
          <ns3:TrackPointExtension>
            <ns3:hr>153</ns3:hr>
            <ns3:cad>93</ns3:cad>
          </ns3:TrackPointExtension>
        </extensions>
      </trkpt>
      <trkpt lat="24.61982899345457553863525390625" lon="118.14052755944430828094482421875">
        <ele>10.6000003814697265625</ele>
        <time>2025-10-31T09:29:39.000Z</time>
        <extensions>
          <ns3:TrackPointExtension>
            <ns3:hr>153</ns3:hr>
            <ns3:cad>93</ns3:cad>
          </ns3:TrackPointExtension>
        </extensions>
      </trkpt>
      <trkpt lat="24.61986017413437366485595703125" lon="118.140543736517429351806640625">
        <ele>10.6000003814697265625</ele>
        <time>2025-10-31T09:29:40.000Z</time>
        <extensions>
          <ns3:TrackPointExtension>
            <ns3:hr>154</ns3:hr>
            <ns3:cad>93</ns3:cad>
          </ns3:TrackPointExtension>
        </extensions>
      </trkpt>
      <trkpt lat="24.61988381110131740570068359375" lon="118.1405501067638397216796875">
        <ele>10.6000003814697265625</ele>
        <time>2025-10-31T09:29:41.000Z</time>
        <extensions>
          <ns3:TrackPointExtension>
            <ns3:hr>154</ns3:hr>
            <ns3:cad>93</ns3:cad>
          </ns3:TrackPointExtension>
        </extensions>
      </trkpt>
      <trkpt lat="24.61991147138178348541259765625" lon="118.14056946896016597747802734375">
        <ele>10.3999996185302734375</ele>
        <time>2025-10-31T09:29:42.000Z</time>
        <extensions>
          <ns3:TrackPointExtension>
            <ns3:hr>154</ns3:hr>
            <ns3:cad>92</ns3:cad>
          </ns3:TrackPointExtension>
        </extensions>
      </trkpt>
      <trkpt lat="24.61993410252034664154052734375" lon="118.14057600684463977813720703125">
        <ele>10.3999996185302734375</ele>
        <time>2025-10-31T09:29:43.000Z</time>
        <extensions>
          <ns3:TrackPointExtension>
            <ns3:hr>154</ns3:hr>
            <ns3:cad>92</ns3:cad>
          </ns3:TrackPointExtension>
        </extensions>
      </trkpt>
      <trkpt lat="24.61996226571500301361083984375" lon="118.1405918486416339874267578125">
        <ele>10.3999996185302734375</ele>
        <time>2025-10-31T09:29:44.000Z</time>
        <extensions>
          <ns3:TrackPointExtension>
            <ns3:hr>154</ns3:hr>
            <ns3:cad>93</ns3:cad>
          </ns3:TrackPointExtension>
        </extensions>
      </trkpt>
      <trkpt lat="24.619989506900310516357421875" lon="118.140598051249980926513671875">
        <ele>10.3999996185302734375</ele>
        <time>2025-10-31T09:29:45.000Z</time>
        <extensions>
          <ns3:TrackPointExtension>
            <ns3:hr>154</ns3:hr>
            <ns3:cad>93</ns3:cad>
          </ns3:TrackPointExtension>
        </extensions>
      </trkpt>
      <trkpt lat="24.6200166642665863037109375" lon="118.14061355777084827423095703125">
        <ele>10.3999996185302734375</ele>
        <time>2025-10-31T09:29:46.000Z</time>
        <extensions>
          <ns3:TrackPointExtension>
            <ns3:hr>154</ns3:hr>
            <ns3:cad>93</ns3:cad>
          </ns3:TrackPointExtension>
        </extensions>
      </trkpt>
      <trkpt lat="24.62004474364221096038818359375" lon="118.140624873340129852294921875">
        <ele>10.6000003814697265625</ele>
        <time>2025-10-31T09:29:47.000Z</time>
        <extensions>
          <ns3:TrackPointExtension>
            <ns3:hr>154</ns3:hr>
            <ns3:cad>93</ns3:cad>
          </ns3:TrackPointExtension>
        </extensions>
      </trkpt>
      <trkpt lat="24.6200716495513916015625" lon="118.1406428106129169464111328125">
        <ele>10.6000003814697265625</ele>
        <time>2025-10-31T09:29:48.000Z</time>
        <extensions>
          <ns3:TrackPointExtension>
            <ns3:hr>154</ns3:hr>
            <ns3:cad>93</ns3:cad>
          </ns3:TrackPointExtension>
        </extensions>
      </trkpt>
      <trkpt lat="24.62010182440280914306640625" lon="118.14065613783895969390869140625">
        <ele>10.6000003814697265625</ele>
        <time>2025-10-31T09:29:49.000Z</time>
        <extensions>
          <ns3:TrackPointExtension>
            <ns3:hr>154</ns3:hr>
            <ns3:cad>92</ns3:cad>
          </ns3:TrackPointExtension>
        </extensions>
      </trkpt>
      <trkpt lat="24.62012856267392635345458984375" lon="118.1406709738075733184814453125">
        <ele>10.6000003814697265625</ele>
        <time>2025-10-31T09:29:50.000Z</time>
        <extensions>
          <ns3:TrackPointExtension>
            <ns3:hr>154</ns3:hr>
            <ns3:cad>92</ns3:cad>
          </ns3:TrackPointExtension>
        </extensions>
      </trkpt>
      <trkpt lat="24.62015815079212188720703125" lon="118.1406868994235992431640625">
        <ele>10.6000003814697265625</ele>
        <time>2025-10-31T09:29:51.000Z</time>
        <extensions>
          <ns3:TrackPointExtension>
            <ns3:hr>154</ns3:hr>
            <ns3:cad>92</ns3:cad>
          </ns3:TrackPointExtension>
        </extensions>
      </trkpt>
      <trkpt lat="24.62018170394003391265869140625" lon="118.1406984664499759674072265625">
        <ele>10.6000003814697265625</ele>
        <time>2025-10-31T09:29:52.000Z</time>
        <extensions>
          <ns3:TrackPointExtension>
            <ns3:hr>153</ns3:hr>
            <ns3:cad>92</ns3:cad>
          </ns3:TrackPointExtension>
        </extensions>
      </trkpt>
      <trkpt lat="24.62021238170564174652099609375" lon="118.14071313478052616119384765625">
        <ele>10.3999996185302734375</ele>
        <time>2025-10-31T09:29:53.000Z</time>
        <extensions>
          <ns3:TrackPointExtension>
            <ns3:hr>152</ns3:hr>
            <ns3:cad>92</ns3:cad>
          </ns3:TrackPointExtension>
        </extensions>
      </trkpt>
      <trkpt lat="24.6202344261109828948974609375" lon="118.1407242827117443084716796875">
        <ele>10.3999996185302734375</ele>
        <time>2025-10-31T09:29:54.000Z</time>
        <extensions>
          <ns3:TrackPointExtension>
            <ns3:hr>152</ns3:hr>
            <ns3:cad>92</ns3:cad>
          </ns3:TrackPointExtension>
        </extensions>
      </trkpt>
      <trkpt lat="24.6202666126191616058349609375" lon="118.1407433934509754180908203125">
        <ele>10.3999996185302734375</ele>
        <time>2025-10-31T09:29:55.000Z</time>
        <extensions>
          <ns3:TrackPointExtension>
            <ns3:hr>152</ns3:hr>
            <ns3:cad>92</ns3:cad>
          </ns3:TrackPointExtension>
        </extensions>
      </trkpt>
      <trkpt lat="24.62029301561415195465087890625" lon="118.14075152389705181121826171875">
        <ele>10.3999996185302734375</ele>
        <time>2025-10-31T09:29:56.000Z</time>
        <extensions>
          <ns3:TrackPointExtension>
            <ns3:hr>152</ns3:hr>
            <ns3:cad>92</ns3:cad>
          </ns3:TrackPointExtension>
        </extensions>
      </trkpt>
      <trkpt lat="24.62032134644687175750732421875" lon="118.14076543785631656646728515625">
        <ele>10.3999996185302734375</ele>
        <time>2025-10-31T09:29:57.000Z</time>
        <extensions>
          <ns3:TrackPointExtension>
            <ns3:hr>152</ns3:hr>
            <ns3:cad>92</ns3:cad>
          </ns3:TrackPointExtension>
        </extensions>
      </trkpt>
      <trkpt lat="24.62034900672733783721923828125" lon="118.1407739035785198211669921875">
        <ele>10.3999996185302734375</ele>
        <time>2025-10-31T09:29:58.000Z</time>
        <extensions>
          <ns3:TrackPointExtension>
            <ns3:hr>152</ns3:hr>
            <ns3:cad>92</ns3:cad>
          </ns3:TrackPointExtension>
        </extensions>
      </trkpt>
      <trkpt lat="24.62037934921681880950927734375" lon="118.140791840851306915283203125">
        <ele>10.3999996185302734375</ele>
        <time>2025-10-31T09:29:59.000Z</time>
        <extensions>
          <ns3:TrackPointExtension>
            <ns3:hr>152</ns3:hr>
            <ns3:cad>92</ns3:cad>
          </ns3:TrackPointExtension>
        </extensions>
      </trkpt>
      <trkpt lat="24.6204055845737457275390625" lon="118.14079913310706615447998046875">
        <ele>10.3999996185302734375</ele>
        <time>2025-10-31T09:30:00.000Z</time>
        <extensions>
          <ns3:TrackPointExtension>
            <ns3:hr>152</ns3:hr>
            <ns3:cad>92</ns3:cad>
          </ns3:TrackPointExtension>
        </extensions>
      </trkpt>
      <trkpt lat="24.62043534033000469207763671875" lon="118.14081765711307525634765625">
        <ele>10.3999996185302734375</ele>
        <time>2025-10-31T09:30:01.000Z</time>
        <extensions>
          <ns3:TrackPointExtension>
            <ns3:hr>152</ns3:hr>
            <ns3:cad>92</ns3:cad>
          </ns3:TrackPointExtension>
        </extensions>
      </trkpt>
      <trkpt lat="24.62046249769628047943115234375" lon="118.1408263742923736572265625">
        <ele>10.3999996185302734375</ele>
        <time>2025-10-31T09:30:02.000Z</time>
        <extensions>
          <ns3:TrackPointExtension>
            <ns3:hr>152</ns3:hr>
            <ns3:cad>93</ns3:cad>
          </ns3:TrackPointExtension>
        </extensions>
      </trkpt>
      <trkpt lat="24.62049183435738086700439453125" lon="118.14084456302225589752197265625">
        <ele>10.6000003814697265625</ele>
        <time>2025-10-31T09:30:03.000Z</time>
        <extensions>
          <ns3:TrackPointExtension>
            <ns3:hr>152</ns3:hr>
            <ns3:cad>93</ns3:cad>
          </ns3:TrackPointExtension>
        </extensions>
      </trkpt>
      <trkpt lat="24.62051362730562686920166015625" lon="118.14085185527801513671875">
        <ele>10.6000003814697265625</ele>
        <time>2025-10-31T09:30:04.000Z</time>
        <extensions>
          <ns3:TrackPointExtension>
            <ns3:hr>152</ns3:hr>
            <ns3:cad>93</ns3:cad>
          </ns3:TrackPointExtension>
        </extensions>
      </trkpt>
      <trkpt lat="24.620541371405124664306640625" lon="118.1408734805881977081298828125">
        <ele>10.6000003814697265625</ele>
        <time>2025-10-31T09:30:05.000Z</time>
        <extensions>
          <ns3:TrackPointExtension>
            <ns3:hr>152</ns3:hr>
            <ns3:cad>92</ns3:cad>
          </ns3:TrackPointExtension>
        </extensions>
      </trkpt>
      <trkpt lat="24.6205676905810832977294921875" lon="118.14088814891874790191650390625">
        <ele>10.3999996185302734375</ele>
        <time>2025-10-31T09:30:06.000Z</time>
        <extensions>
          <ns3:TrackPointExtension>
            <ns3:hr>151</ns3:hr>
            <ns3:cad>92</ns3:cad>
          </ns3:TrackPointExtension>
        </extensions>
      </trkpt>
      <trkpt lat="24.62059526704251766204833984375" lon="118.14090885221958160400390625">
        <ele>10.3999996185302734375</ele>
        <time>2025-10-31T09:30:07.000Z</time>
        <extensions>
          <ns3:TrackPointExtension>
            <ns3:hr>151</ns3:hr>
            <ns3:cad>92</ns3:cad>
          </ns3:TrackPointExtension>
        </extensions>
      </trkpt>
      <trkpt lat="24.6206189878284931182861328125" lon="118.1409177370369434356689453125">
        <ele>10.19999980926513671875</ele>
        <time>2025-10-31T09:30:08.000Z</time>
        <extensions>
          <ns3:TrackPointExtension>
            <ns3:hr>151</ns3:hr>
            <ns3:cad>92</ns3:cad>
          </ns3:TrackPointExtension>
        </extensions>
      </trkpt>
      <trkpt lat="24.62064354680478572845458984375" lon="118.1409348361194133758544921875">
        <ele>10.19999980926513671875</ele>
        <time>2025-10-31T09:30:09.000Z</time>
        <extensions>
          <ns3:TrackPointExtension>
            <ns3:hr>152</ns3:hr>
            <ns3:cad>92</ns3:cad>
          </ns3:TrackPointExtension>
        </extensions>
      </trkpt>
      <trkpt lat="24.620670117437839508056640625" lon="118.1409485824406147003173828125">
        <ele>10.19999980926513671875</ele>
        <time>2025-10-31T09:30:10.000Z</time>
        <extensions>
          <ns3:TrackPointExtension>
            <ns3:hr>151</ns3:hr>
            <ns3:cad>93</ns3:cad>
          </ns3:TrackPointExtension>
        </extensions>
      </trkpt>
      <trkpt lat="24.620695598423480987548828125" lon="118.140960820019245147705078125">
        <ele>10.19999980926513671875</ele>
        <time>2025-10-31T09:30:11.000Z</time>
        <extensions>
          <ns3:TrackPointExtension>
            <ns3:hr>151</ns3:hr>
            <ns3:cad>93</ns3:cad>
          </ns3:TrackPointExtension>
        </extensions>
      </trkpt>
      <trkpt lat="24.62072451598942279815673828125" lon="118.1409752368927001953125">
        <ele>10.3999996185302734375</ele>
        <time>2025-10-31T09:30:12.000Z</time>
        <extensions>
          <ns3:TrackPointExtension>
            <ns3:hr>151</ns3:hr>
            <ns3:cad>93</ns3:cad>
          </ns3:TrackPointExtension>
        </extensions>
      </trkpt>
      <trkpt lat="24.62074697948992252349853515625" lon="118.14098420552909374237060546875">
        <ele>10.3999996185302734375</ele>
        <time>2025-10-31T09:30:13.000Z</time>
        <extensions>
          <ns3:TrackPointExtension>
            <ns3:hr>151</ns3:hr>
            <ns3:cad>93</ns3:cad>
          </ns3:TrackPointExtension>
        </extensions>
      </trkpt>
      <trkpt lat="24.620777070522308349609375" lon="118.14099895767867565155029296875">
        <ele>10.3999996185302734375</ele>
        <time>2025-10-31T09:30:14.000Z</time>
        <extensions>
          <ns3:TrackPointExtension>
            <ns3:hr>151</ns3:hr>
            <ns3:cad>91</ns3:cad>
          </ns3:TrackPointExtension>
        </extensions>
      </trkpt>
      <trkpt lat="24.6208000369369983673095703125" lon="118.141011781990528106689453125">
        <ele>10.3999996185302734375</ele>
        <time>2025-10-31T09:30:15.000Z</time>
        <extensions>
          <ns3:TrackPointExtension>
            <ns3:hr>151</ns3:hr>
            <ns3:cad>91</ns3:cad>
          </ns3:TrackPointExtension>
        </extensions>
      </trkpt>
      <trkpt lat="24.62082560174167156219482421875" lon="118.14102628268301486968994140625">
        <ele>10.3999996185302734375</ele>
        <time>2025-10-31T09:30:16.000Z</time>
        <extensions>
          <ns3:TrackPointExtension>
            <ns3:hr>151</ns3:hr>
            <ns3:cad>91</ns3:cad>
          </ns3:TrackPointExtension>
        </extensions>
      </trkpt>
      <trkpt lat="24.6208469755947589874267578125" lon="118.14103667624294757843017578125">
        <ele>10.19999980926513671875</ele>
        <time>2025-10-31T09:30:17.000Z</time>
        <extensions>
          <ns3:TrackPointExtension>
            <ns3:hr>151</ns3:hr>
            <ns3:cad>92</ns3:cad>
          </ns3:TrackPointExtension>
        </extensions>
      </trkpt>
      <trkpt lat="24.62087622843682765960693359375" lon="118.1410548649728298187255859375">
        <ele>10.19999980926513671875</ele>
        <time>2025-10-31T09:30:18.000Z</time>
        <extensions>
          <ns3:TrackPointExtension>
            <ns3:hr>151</ns3:hr>
            <ns3:cad>92</ns3:cad>
          </ns3:TrackPointExtension>
        </extensions>
      </trkpt>
      <trkpt lat="24.62089978158473968505859375" lon="118.14106299541890621185302734375">
        <ele>10.19999980926513671875</ele>
        <time>2025-10-31T09:30:19.000Z</time>
        <extensions>
          <ns3:TrackPointExtension>
            <ns3:hr>150</ns3:hr>
            <ns3:cad>92</ns3:cad>
          </ns3:TrackPointExtension>
        </extensions>
      </trkpt>
      <trkpt lat="24.62093255482614040374755859375" lon="118.14108185470104217529296875">
        <ele>10.3999996185302734375</ele>
        <time>2025-10-31T09:30:20.000Z</time>
        <extensions>
          <ns3:TrackPointExtension>
            <ns3:hr>150</ns3:hr>
            <ns3:cad>92</ns3:cad>
          </ns3:TrackPointExtension>
        </extensions>
      </trkpt>
      <trkpt lat="24.6209529228508472442626953125" lon="118.14108780585229396820068359375">
        <ele>10.3999996185302734375</ele>
        <time>2025-10-31T09:30:21.000Z</time>
        <extensions>
          <ns3:TrackPointExtension>
            <ns3:hr>150</ns3:hr>
            <ns3:cad>92</ns3:cad>
          </ns3:TrackPointExtension>
        </extensions>
      </trkpt>
      <trkpt lat="24.62097966112196445465087890625" lon="118.14110389910638332366943359375">
        <ele>10.3999996185302734375</ele>
        <time>2025-10-31T09:30:22.000Z</time>
        <extensions>
          <ns3:TrackPointExtension>
            <ns3:hr>150</ns3:hr>
            <ns3:cad>92</ns3:cad>
          </ns3:TrackPointExtension>
        </extensions>
      </trkpt>
      <trkpt lat="24.62100262753665447235107421875" lon="118.1411132030189037322998046875">
        <ele>10.6000003814697265625</ele>
        <time>2025-10-31T09:30:23.000Z</time>
        <extensions>
          <ns3:TrackPointExtension>
            <ns3:hr>151</ns3:hr>
            <ns3:cad>90</ns3:cad>
          </ns3:TrackPointExtension>
        </extensions>
      </trkpt>
      <trkpt lat="24.621030203998088836669921875" lon="118.14112669788300991058349609375">
        <ele>10.6000003814697265625</ele>
        <time>2025-10-31T09:30:24.000Z</time>
        <extensions>
          <ns3:TrackPointExtension>
            <ns3:hr>151</ns3:hr>
            <ns3:cad>90</ns3:cad>
          </ns3:TrackPointExtension>
        </extensions>
      </trkpt>
      <trkpt lat="24.6210518293082714080810546875" lon="118.14113491214811801910400390625">
        <ele>10.3999996185302734375</ele>
        <time>2025-10-31T09:30:25.000Z</time>
        <extensions>
          <ns3:TrackPointExtension>
            <ns3:hr>151</ns3:hr>
            <ns3:cad>90</ns3:cad>
          </ns3:TrackPointExtension>
        </extensions>
      </trkpt>
      <trkpt lat="24.6210815012454986572265625" lon="118.14114731736481189727783203125">
        <ele>10.3999996185302734375</ele>
        <time>2025-10-31T09:30:26.000Z</time>
        <extensions>
          <ns3:TrackPointExtension>
            <ns3:hr>151</ns3:hr>
            <ns3:cad>89</ns3:cad>
          </ns3:TrackPointExtension>
        </extensions>
      </trkpt>
      <trkpt lat="24.62110622785985469818115234375" lon="118.14115427434444427490234375">
        <ele>10.3999996185302734375</ele>
        <time>2025-10-31T09:30:27.000Z</time>
        <extensions>
          <ns3:TrackPointExtension>
            <ns3:hr>151</ns3:hr>
            <ns3:cad>88</ns3:cad>
          </ns3:TrackPointExtension>
        </extensions>
      </trkpt>
      <trkpt lat="24.62113824672996997833251953125" lon="118.14116441644728183746337890625">
        <ele>10.3999996185302734375</ele>
        <time>2025-10-31T09:30:28.000Z</time>
        <extensions>
          <ns3:TrackPointExtension>
            <ns3:hr>150</ns3:hr>
            <ns3:cad>88</ns3:cad>
          </ns3:TrackPointExtension>
        </extensions>
      </trkpt>
      <trkpt lat="24.62116238661110401153564453125" lon="118.141166679561138153076171875">
        <ele>10.3999996185302734375</ele>
        <time>2025-10-31T09:30:29.000Z</time>
        <extensions>
          <ns3:TrackPointExtension>
            <ns3:hr>151</ns3:hr>
            <ns3:cad>89</ns3:cad>
          </ns3:TrackPointExtension>
        </extensions>
      </trkpt>
      <trkpt lat="24.62119423784315586090087890625" lon="118.1411750614643096923828125">
        <ele>10.3999996185302734375</ele>
        <time>2025-10-31T09:30:30.000Z</time>
        <extensions>
          <ns3:TrackPointExtension>
            <ns3:hr>151</ns3:hr>
            <ns3:cad>89</ns3:cad>
          </ns3:TrackPointExtension>
        </extensions>
      </trkpt>
      <trkpt lat="24.6212174557149410247802734375" lon="118.14117765985429286956787109375">
        <ele>10.3999996185302734375</ele>
        <time>2025-10-31T09:30:31.000Z</time>
        <extensions>
          <ns3:TrackPointExtension>
            <ns3:hr>150</ns3:hr>
            <ns3:cad>90</ns3:cad>
          </ns3:TrackPointExtension>
        </extensions>
      </trkpt>
      <trkpt lat="24.6212476305663585662841796875" lon="118.14118922688066959381103515625">
        <ele>10.3999996185302734375</ele>
        <time>2025-10-31T09:30:32.000Z</time>
        <extensions>
          <ns3:TrackPointExtension>
            <ns3:hr>150</ns3:hr>
            <ns3:cad>90</ns3:cad>
          </ns3:TrackPointExtension>
        </extensions>
      </trkpt>
      <trkpt lat="24.621272273361682891845703125" lon="118.1411913223564624786376953125">
        <ele>10.3999996185302734375</ele>
        <time>2025-10-31T09:30:33.000Z</time>
        <extensions>
          <ns3:TrackPointExtension>
            <ns3:hr>150</ns3:hr>
            <ns3:cad>90</ns3:cad>
          </ns3:TrackPointExtension>
        </extensions>
      </trkpt>
      <trkpt lat="24.621299766004085540771484375" lon="118.1412023864686489105224609375">
        <ele>10.3999996185302734375</ele>
        <time>2025-10-31T09:30:34.000Z</time>
        <extensions>
          <ns3:TrackPointExtension>
            <ns3:hr>150</ns3:hr>
            <ns3:cad>90</ns3:cad>
          </ns3:TrackPointExtension>
        </extensions>
      </trkpt>
      <trkpt lat="24.621321223676204681396484375" lon="118.14120414666831493377685546875">
        <ele>10.3999996185302734375</ele>
        <time>2025-10-31T09:30:35.000Z</time>
        <extensions>
          <ns3:TrackPointExtension>
            <ns3:hr>150</ns3:hr>
            <ns3:cad>89</ns3:cad>
          </ns3:TrackPointExtension>
        </extensions>
      </trkpt>
      <trkpt lat="24.6213492192327976226806640625" lon="118.1412100978195667266845703125">
        <ele>10.3999996185302734375</ele>
        <time>2025-10-31T09:30:36.000Z</time>
        <extensions>
          <ns3:TrackPointExtension>
            <ns3:hr>150</ns3:hr>
            <ns3:cad>89</ns3:cad>
          </ns3:TrackPointExtension>
        </extensions>
      </trkpt>
      <trkpt lat="24.62137729860842227935791015625" lon="118.14121462404727935791015625">
        <ele>10.3999996185302734375</ele>
        <time>2025-10-31T09:30:37.000Z</time>
        <extensions>
          <ns3:TrackPointExtension>
            <ns3:hr>149</ns3:hr>
            <ns3:cad>89</ns3:cad>
          </ns3:TrackPointExtension>
        </extensions>
      </trkpt>
      <trkpt lat="24.62140479125082492828369140625" lon="118.141219317913055419921875">
        <ele>10.3999996185302734375</ele>
        <time>2025-10-31T09:30:38.000Z</time>
        <extensions>
          <ns3:TrackPointExtension>
            <ns3:hr>149</ns3:hr>
            <ns3:cad>89</ns3:cad>
          </ns3:TrackPointExtension>
        </extensions>
      </trkpt>
      <trkpt lat="24.6214303560554981231689453125" lon="118.14122267067432403564453125">
        <ele>10.3999996185302734375</ele>
        <time>2025-10-31T09:30:39.000Z</time>
        <extensions>
          <ns3:TrackPointExtension>
            <ns3:hr>150</ns3:hr>
            <ns3:cad>89</ns3:cad>
          </ns3:TrackPointExtension>
        </extensions>
      </trkpt>
      <trkpt lat="24.6214538253843784332275390625" lon="118.1412287056446075439453125">
        <ele>10.6000003814697265625</ele>
        <time>2025-10-31T09:30:40.000Z</time>
        <extensions>
          <ns3:TrackPointExtension>
            <ns3:hr>150</ns3:hr>
            <ns3:cad>88</ns3:cad>
          </ns3:TrackPointExtension>
        </extensions>
      </trkpt>
      <trkpt lat="24.62148358114063739776611328125" lon="118.14123809337615966796875">
        <ele>10.6000003814697265625</ele>
        <time>2025-10-31T09:30:41.000Z</time>
        <extensions>
          <ns3:TrackPointExtension>
            <ns3:hr>150</ns3:hr>
            <ns3:cad>88</ns3:cad>
          </ns3:TrackPointExtension>
        </extensions>
      </trkpt>
      <trkpt lat="24.62151040323078632354736328125" lon="118.14124203287065029144287109375">
        <ele>10.6000003814697265625</ele>
        <time>2025-10-31T09:30:42.000Z</time>
        <extensions>
          <ns3:TrackPointExtension>
            <ns3:hr>149</ns3:hr>
            <ns3:cad>88</ns3:cad>
          </ns3:TrackPointExtension>
        </extensions>
      </trkpt>
      <trkpt lat="24.62153890170156955718994140625" lon="118.141249828040599822998046875">
        <ele>10.6000003814697265625</ele>
        <time>2025-10-31T09:30:43.000Z</time>
        <extensions>
          <ns3:TrackPointExtension>
            <ns3:hr>149</ns3:hr>
            <ns3:cad>88</ns3:cad>
          </ns3:TrackPointExtension>
        </extensions>
      </trkpt>
      <trkpt lat="24.621564634144306182861328125" lon="118.14125594682991504669189453125">
        <ele>10.6000003814697265625</ele>
        <time>2025-10-31T09:30:44.000Z</time>
        <extensions>
          <ns3:TrackPointExtension>
            <ns3:hr>149</ns3:hr>
            <ns3:cad>88</ns3:cad>
          </ns3:TrackPointExtension>
        </extensions>
      </trkpt>
      <trkpt lat="24.62159422226250171661376953125" lon="118.14126281999051570892333984375">
        <ele>10.6000003814697265625</ele>
        <time>2025-10-31T09:30:45.000Z</time>
        <extensions>
          <ns3:TrackPointExtension>
            <ns3:hr>150</ns3:hr>
            <ns3:cad>88</ns3:cad>
          </ns3:TrackPointExtension>
        </extensions>
      </trkpt>
      <trkpt lat="24.62162070907652378082275390625" lon="118.1412662565708160400390625">
        <ele>10.6000003814697265625</ele>
        <time>2025-10-31T09:30:46.000Z</time>
        <extensions>
          <ns3:TrackPointExtension>
            <ns3:hr>150</ns3:hr>
            <ns3:cad>89</ns3:cad>
          </ns3:TrackPointExtension>
        </extensions>
      </trkpt>
      <trkpt lat="24.62165054865181446075439453125" lon="118.1412731297314167022705078125">
        <ele>10.6000003814697265625</ele>
        <time>2025-10-31T09:30:47.000Z</time>
        <extensions>
          <ns3:TrackPointExtension>
            <ns3:hr>149</ns3:hr>
            <ns3:cad>89</ns3:cad>
          </ns3:TrackPointExtension>
        </extensions>
      </trkpt>
      <trkpt lat="24.62167770601809024810791015625" lon="118.1412761472165584564208984375">
        <ele>10.6000003814697265625</ele>
        <time>2025-10-31T09:30:48.000Z</time>
        <extensions>
          <ns3:TrackPointExtension>
            <ns3:hr>150</ns3:hr>
            <ns3:cad>89</ns3:cad>
          </ns3:TrackPointExtension>
        </extensions>
      </trkpt>
      <trkpt lat="24.621705450117588043212890625" lon="118.1412818469107151031494140625">
        <ele>10.3999996185302734375</ele>
        <time>2025-10-31T09:30:49.000Z</time>
        <extensions>
          <ns3:TrackPointExtension>
            <ns3:hr>150</ns3:hr>
            <ns3:cad>89</ns3:cad>
          </ns3:TrackPointExtension>
        </extensions>
      </trkpt>
      <trkpt lat="24.62173084728419780731201171875" lon="118.14128260128200054168701171875">
        <ele>10.3999996185302734375</ele>
        <time>2025-10-31T09:30:50.000Z</time>
        <extensions>
          <ns3:TrackPointExtension>
            <ns3:hr>150</ns3:hr>
            <ns3:cad>89</ns3:cad>
          </ns3:TrackPointExtension>
        </extensions>
      </trkpt>
      <trkpt lat="24.621756412088871002197265625" lon="118.14128570258617401123046875">
        <ele>10.3999996185302734375</ele>
        <time>2025-10-31T09:30:51.000Z</time>
        <extensions>
          <ns3:TrackPointExtension>
            <ns3:hr>150</ns3:hr>
            <ns3:cad>89</ns3:cad>
          </ns3:TrackPointExtension>
        </extensions>
      </trkpt>
      <trkpt lat="24.6217813901603221893310546875" lon="118.1412882171571254730224609375">
        <ele>10.3999996185302734375</ele>
        <time>2025-10-31T09:30:52.000Z</time>
        <extensions>
          <ns3:TrackPointExtension>
            <ns3:hr>150</ns3:hr>
            <ns3:cad>89</ns3:cad>
          </ns3:TrackPointExtension>
        </extensions>
      </trkpt>
      <trkpt lat="24.62180863134562969207763671875" lon="118.14129374921321868896484375">
        <ele>10.3999996185302734375</ele>
        <time>2025-10-31T09:30:53.000Z</time>
        <extensions>
          <ns3:TrackPointExtension>
            <ns3:hr>150</ns3:hr>
            <ns3:cad>89</ns3:cad>
          </ns3:TrackPointExtension>
        </extensions>
      </trkpt>
      <trkpt lat="24.62183243595063686370849609375" lon="118.1412972696125507354736328125">
        <ele>10.6000003814697265625</ele>
        <time>2025-10-31T09:30:54.000Z</time>
        <extensions>
          <ns3:TrackPointExtension>
            <ns3:hr>151</ns3:hr>
            <ns3:cad>89</ns3:cad>
          </ns3:TrackPointExtension>
        </extensions>
      </trkpt>
      <trkpt lat="24.62186043150722980499267578125" lon="118.1412979401648044586181640625">
        <ele>10.6000003814697265625</ele>
        <time>2025-10-31T09:30:55.000Z</time>
        <extensions>
          <ns3:TrackPointExtension>
            <ns3:hr>150</ns3:hr>
            <ns3:cad>89</ns3:cad>
          </ns3:TrackPointExtension>
        </extensions>
      </trkpt>
      <trkpt lat="24.6218913607299327850341796875" lon="118.1412955932319164276123046875">
        <ele>10.6000003814697265625</ele>
        <time>2025-10-31T09:30:56.000Z</time>
        <extensions>
          <ns3:TrackPointExtension>
            <ns3:hr>150</ns3:hr>
            <ns3:cad>90</ns3:cad>
          </ns3:TrackPointExtension>
        </extensions>
      </trkpt>
      <trkpt lat="24.62191860191524028778076171875" lon="118.1412952579557895660400390625">
        <ele>10.6000003814697265625</ele>
        <time>2025-10-31T09:30:57.000Z</time>
        <extensions>
          <ns3:TrackPointExtension>
            <ns3:hr>150</ns3:hr>
            <ns3:cad>90</ns3:cad>
          </ns3:TrackPointExtension>
        </extensions>
      </trkpt>
      <trkpt lat="24.62194383144378662109375" lon="118.14129115082323551177978515625">
        <ele>10.6000003814697265625</ele>
        <time>2025-10-31T09:30:58.000Z</time>
        <extensions>
          <ns3:TrackPointExtension>
            <ns3:hr>150</ns3:hr>
            <ns3:cad>90</ns3:cad>
          </ns3:TrackPointExtension>
        </extensions>
      </trkpt>
      <trkpt lat="24.621970653533935546875" lon="118.141293413937091827392578125">
        <ele>10.6000003814697265625</ele>
        <time>2025-10-31T09:30:59.000Z</time>
        <extensions>
          <ns3:TrackPointExtension>
            <ns3:hr>150</ns3:hr>
            <ns3:cad>90</ns3:cad>
          </ns3:TrackPointExtension>
        </extensions>
      </trkpt>
      <trkpt lat="24.62199739180505275726318359375" lon="118.141290731728076934814453125">
        <ele>10.6000003814697265625</ele>
        <time>2025-10-31T09:31:00.000Z</time>
        <extensions>
          <ns3:TrackPointExtension>
            <ns3:hr>151</ns3:hr>
            <ns3:cad>90</ns3:cad>
          </ns3:TrackPointExtension>
        </extensions>
      </trkpt>
      <trkpt lat="24.62202689610421657562255859375" lon="118.14129282720386981964111328125">
        <ele>10.80000019073486328125</ele>
        <time>2025-10-31T09:31:01.000Z</time>
        <extensions>
          <ns3:TrackPointExtension>
            <ns3:hr>150</ns3:hr>
            <ns3:cad>90</ns3:cad>
          </ns3:TrackPointExtension>
        </extensions>
      </trkpt>
      <trkpt lat="24.622056484222412109375" lon="118.141291402280330657958984375">
        <ele>10.80000019073486328125</ele>
        <time>2025-10-31T09:31:02.000Z</time>
        <extensions>
          <ns3:TrackPointExtension>
            <ns3:hr>151</ns3:hr>
            <ns3:cad>90</ns3:cad>
          </ns3:TrackPointExtension>
        </extensions>
      </trkpt>
      <trkpt lat="24.62208523415029048919677734375" lon="118.1412922404706478118896484375">
        <ele>10.6000003814697265625</ele>
        <time>2025-10-31T09:31:03.000Z</time>
        <extensions>
          <ns3:TrackPointExtension>
            <ns3:hr>151</ns3:hr>
            <ns3:cad>92</ns3:cad>
          </ns3:TrackPointExtension>
        </extensions>
      </trkpt>
      <trkpt lat="24.6221146546304225921630859375" lon="118.1412903964519500732421875">
        <ele>10.6000003814697265625</ele>
        <time>2025-10-31T09:31:04.000Z</time>
        <extensions>
          <ns3:TrackPointExtension>
            <ns3:hr>151</ns3:hr>
            <ns3:cad>92</ns3:cad>
          </ns3:TrackPointExtension>
        </extensions>
      </trkpt>
      <trkpt lat="24.6221436560153961181640625" lon="118.141296096146106719970703125">
        <ele>10.6000003814697265625</ele>
        <time>2025-10-31T09:31:05.000Z</time>
        <extensions>
          <ns3:TrackPointExtension>
            <ns3:hr>152</ns3:hr>
            <ns3:cad>92</ns3:cad>
          </ns3:TrackPointExtension>
        </extensions>
      </trkpt>
      <trkpt lat="24.62216804735362529754638671875" lon="118.1412979401648044586181640625">
        <ele>10.6000003814697265625</ele>
        <time>2025-10-31T09:31:06.000Z</time>
        <extensions>
          <ns3:TrackPointExtension>
            <ns3:hr>153</ns3:hr>
            <ns3:cad>93</ns3:cad>
          </ns3:TrackPointExtension>
        </extensions>
      </trkpt>
      <trkpt lat="24.62219855748116970062255859375" lon="118.14130246639251708984375">
        <ele>10.6000003814697265625</ele>
        <time>2025-10-31T09:31:07.000Z</time>
        <extensions>
          <ns3:TrackPointExtension>
            <ns3:hr>154</ns3:hr>
            <ns3:cad>93</ns3:cad>
          </ns3:TrackPointExtension>
        </extensions>
      </trkpt>
      <trkpt lat="24.62222437374293804168701171875" lon="118.14130892045795917510986328125">
        <ele>10.6000003814697265625</ele>
        <time>2025-10-31T09:31:08.000Z</time>
        <extensions>
          <ns3:TrackPointExtension>
            <ns3:hr>155</ns3:hr>
            <ns3:cad>93</ns3:cad>
          </ns3:TrackPointExtension>
        </extensions>
      </trkpt>
      <trkpt lat="24.62224834598600864410400390625" lon="118.14130607061088085174560546875">
        <ele>10.6000003814697265625</ele>
        <time>2025-10-31T09:31:09.000Z</time>
        <extensions>
          <ns3:TrackPointExtension>
            <ns3:hr>155</ns3:hr>
            <ns3:cad>93</ns3:cad>
          </ns3:TrackPointExtension>
        </extensions>
      </trkpt>
      <trkpt lat="24.62227751500904560089111328125" lon="118.141312189400196075439453125">
        <ele>10.3999996185302734375</ele>
        <time>2025-10-31T09:31:10.000Z</time>
        <extensions>
          <ns3:TrackPointExtension>
            <ns3:hr>155</ns3:hr>
            <ns3:cad>93</ns3:cad>
          </ns3:TrackPointExtension>
        </extensions>
      </trkpt>
      <trkpt lat="24.622299559414386749267578125" lon="118.1413059867918491363525390625">
        <ele>10.19999980926513671875</ele>
        <time>2025-10-31T09:31:11.000Z</time>
        <extensions>
          <ns3:TrackPointExtension>
            <ns3:hr>156</ns3:hr>
            <ns3:cad>92</ns3:cad>
          </ns3:TrackPointExtension>
        </extensions>
      </trkpt>
      <trkpt lat="24.62232897989451885223388671875" lon="118.14131428487598896026611328125">
        <ele>10.19999980926513671875</ele>
        <time>2025-10-31T09:31:12.000Z</time>
        <extensions>
          <ns3:TrackPointExtension>
            <ns3:hr>156</ns3:hr>
            <ns3:cad>92</ns3:cad>
          </ns3:TrackPointExtension>
        </extensions>
      </trkpt>
      <trkpt lat="24.6223516948521137237548828125" lon="118.14131411723792552947998046875">
        <ele>10.19999980926513671875</ele>
        <time>2025-10-31T09:31:13.000Z</time>
        <extensions>
          <ns3:TrackPointExtension>
            <ns3:hr>155</ns3:hr>
            <ns3:cad>92</ns3:cad>
          </ns3:TrackPointExtension>
        </extensions>
      </trkpt>
      <trkpt lat="24.622383378446102142333984375" lon="118.14132149331271648406982421875">
        <ele>10.19999980926513671875</ele>
        <time>2025-10-31T09:31:14.000Z</time>
        <extensions>
          <ns3:TrackPointExtension>
            <ns3:hr>155</ns3:hr>
            <ns3:cad>91</ns3:cad>
          </ns3:TrackPointExtension>
        </extensions>
      </trkpt>
      <trkpt lat="24.62240693159401416778564453125" lon="118.141319565474987030029296875">
        <ele>10.19999980926513671875</ele>
        <time>2025-10-31T09:31:15.000Z</time>
        <extensions>
          <ns3:TrackPointExtension>
            <ns3:hr>155</ns3:hr>
            <ns3:cad>91</ns3:cad>
          </ns3:TrackPointExtension>
        </extensions>
      </trkpt>
      <trkpt lat="24.62243459187448024749755859375" lon="118.14132266677916049957275390625">
        <ele>10.19999980926513671875</ele>
        <time>2025-10-31T09:31:16.000Z</time>
        <extensions>
          <ns3:TrackPointExtension>
            <ns3:hr>154</ns3:hr>
            <ns3:cad>93</ns3:cad>
          </ns3:TrackPointExtension>
        </extensions>
      </trkpt>
      <trkpt lat="24.6224643476307392120361328125" lon="118.14132593572139739990234375">
        <ele>10.19999980926513671875</ele>
        <time>2025-10-31T09:31:17.000Z</time>
        <extensions>
          <ns3:TrackPointExtension>
            <ns3:hr>154</ns3:hr>
            <ns3:cad>93</ns3:cad>
          </ns3:TrackPointExtension>
        </extensions>
      </trkpt>
      <trkpt lat="24.6224948577582836151123046875" lon="118.14132736064493656158447265625">
        <ele>10.19999980926513671875</ele>
        <time>2025-10-31T09:31:18.000Z</time>
        <extensions>
          <ns3:TrackPointExtension>
            <ns3:hr>154</ns3:hr>
            <ns3:cad>93</ns3:cad>
          </ns3:TrackPointExtension>
        </extensions>
      </trkpt>
      <trkpt lat="24.6225233562290668487548828125" lon="118.14132853411138057708740234375">
        <ele>10</ele>
        <time>2025-10-31T09:31:19.000Z</time>
        <extensions>
          <ns3:TrackPointExtension>
            <ns3:hr>155</ns3:hr>
            <ns3:cad>93</ns3:cad>
          </ns3:TrackPointExtension>
        </extensions>
      </trkpt>
      <trkpt lat="24.62255277670919895172119140625" lon="118.14132669009268283843994140625">
        <ele>10</ele>
        <time>2025-10-31T09:31:20.000Z</time>
        <extensions>
          <ns3:TrackPointExtension>
            <ns3:hr>154</ns3:hr>
            <ns3:cad>93</ns3:cad>
          </ns3:TrackPointExtension>
        </extensions>
      </trkpt>
      <trkpt lat="24.62257926352322101593017578125" lon="118.14132752828299999237060546875">
        <ele>10</ele>
        <time>2025-10-31T09:31:21.000Z</time>
        <extensions>
          <ns3:TrackPointExtension>
            <ns3:hr>154</ns3:hr>
            <ns3:cad>93</ns3:cad>
          </ns3:TrackPointExtension>
        </extensions>
      </trkpt>
      <trkpt lat="24.62261077947914600372314453125" lon="118.1413304619491100311279296875">
        <ele>10</ele>
        <time>2025-10-31T09:31:22.000Z</time>
        <extensions>
          <ns3:TrackPointExtension>
            <ns3:hr>153</ns3:hr>
            <ns3:cad>92</ns3:cad>
          </ns3:TrackPointExtension>
        </extensions>
      </trkpt>
      <trkpt lat="24.6226371824741363525390625" lon="118.14132669009268283843994140625">
        <ele>10</ele>
        <time>2025-10-31T09:31:23.000Z</time>
        <extensions>
          <ns3:TrackPointExtension>
            <ns3:hr>153</ns3:hr>
            <ns3:cad>92</ns3:cad>
          </ns3:TrackPointExtension>
        </extensions>
      </trkpt>
      <trkpt lat="24.6226668544113636016845703125" lon="118.14133155159652233123779296875">
        <ele>10.19999980926513671875</ele>
        <time>2025-10-31T09:31:24.000Z</time>
        <extensions>
          <ns3:TrackPointExtension>
            <ns3:hr>152</ns3:hr>
            <ns3:cad>90</ns3:cad>
          </ns3:TrackPointExtension>
        </extensions>
      </trkpt>
      <trkpt lat="24.62269040755927562713623046875" lon="118.1413306295871734619140625">
        <ele>10.19999980926513671875</ele>
        <time>2025-10-31T09:31:25.000Z</time>
        <extensions>
          <ns3:TrackPointExtension>
            <ns3:hr>151</ns3:hr>
            <ns3:cad>89</ns3:cad>
          </ns3:TrackPointExtension>
        </extensions>
      </trkpt>
      <trkpt lat="24.6227191574871540069580078125" lon="118.141326941549777984619140625">
        <ele>10.19999980926513671875</ele>
        <time>2025-10-31T09:31:26.000Z</time>
        <extensions>
          <ns3:TrackPointExtension>
            <ns3:hr>150</ns3:hr>
            <ns3:cad>89</ns3:cad>
          </ns3:TrackPointExtension>
        </extensions>
      </trkpt>
      <trkpt lat="24.62274975143373012542724609375" lon="118.1413274444639682769775390625">
        <ele>10.19999980926513671875</ele>
        <time>2025-10-31T09:31:27.000Z</time>
        <extensions>
          <ns3:TrackPointExtension>
            <ns3:hr>150</ns3:hr>
            <ns3:cad>90</ns3:cad>
          </ns3:TrackPointExtension>
        </extensions>
      </trkpt>
      <trkpt lat="24.62278093211352825164794921875" lon="118.1413279473781585693359375">
        <ele>10</ele>
        <time>2025-10-31T09:31:28.000Z</time>
        <extensions>
          <ns3:TrackPointExtension>
            <ns3:hr>149</ns3:hr>
            <ns3:cad>90</ns3:cad>
          </ns3:TrackPointExtension>
        </extensions>
      </trkpt>
      <trkpt lat="24.6228120289742946624755859375" lon="118.14132920466363430023193359375">
        <ele>10</ele>
        <time>2025-10-31T09:31:29.000Z</time>
        <extensions>
          <ns3:TrackPointExtension>
            <ns3:hr>149</ns3:hr>
            <ns3:cad>91</ns3:cad>
          </ns3:TrackPointExtension>
        </extensions>
      </trkpt>
      <trkpt lat="24.62283927015960216522216796875" lon="118.1413281150162220001220703125">
        <ele>10</ele>
        <time>2025-10-31T09:31:30.000Z</time>
        <extensions>
          <ns3:TrackPointExtension>
            <ns3:hr>149</ns3:hr>
            <ns3:cad>91</ns3:cad>
          </ns3:TrackPointExtension>
        </extensions>
      </trkpt>
      <trkpt lat="24.62286810390651226043701171875" lon="118.14132937230169773101806640625">
        <ele>10</ele>
        <time>2025-10-31T09:31:31.000Z</time>
        <extensions>
          <ns3:TrackPointExtension>
            <ns3:hr>149</ns3:hr>
            <ns3:cad>92</ns3:cad>
          </ns3:TrackPointExtension>
        </extensions>
      </trkpt>
      <trkpt lat="24.62289157323539257049560546875" lon="118.141328953206539154052734375">
        <ele>10</ele>
        <time>2025-10-31T09:31:32.000Z</time>
        <extensions>
          <ns3:TrackPointExtension>
            <ns3:hr>149</ns3:hr>
            <ns3:cad>92</ns3:cad>
          </ns3:TrackPointExtension>
        </extensions>
      </trkpt>
      <trkpt lat="24.6229256875813007354736328125" lon="118.14133238978683948516845703125">
        <ele>10</ele>
        <time>2025-10-31T09:31:33.000Z</time>
        <extensions>
          <ns3:TrackPointExtension>
            <ns3:hr>149</ns3:hr>
            <ns3:cad>92</ns3:cad>
          </ns3:TrackPointExtension>
        </extensions>
      </trkpt>
      <trkpt lat="24.62295225821435451507568359375" lon="118.14132987521588802337646484375">
        <ele>10</ele>
        <time>2025-10-31T09:31:34.000Z</time>
        <extensions>
          <ns3:TrackPointExtension>
            <ns3:hr>149</ns3:hr>
            <ns3:cad>92</ns3:cad>
          </ns3:TrackPointExtension>
        </extensions>
      </trkpt>
      <trkpt lat="24.62298410944640636444091796875" lon="118.14133004285395145416259765625">
        <ele>10.19999980926513671875</ele>
        <time>2025-10-31T09:31:35.000Z</time>
        <extensions>
          <ns3:TrackPointExtension>
            <ns3:hr>149</ns3:hr>
            <ns3:cad>92</ns3:cad>
          </ns3:TrackPointExtension>
        </extensions>
      </trkpt>
      <trkpt lat="24.62301076389849185943603515625" lon="118.141330964863300323486328125">
        <ele>10.19999980926513671875</ele>
        <time>2025-10-31T09:31:36.000Z</time>
        <extensions>
          <ns3:TrackPointExtension>
            <ns3:hr>149</ns3:hr>
            <ns3:cad>92</ns3:cad>
          </ns3:TrackPointExtension>
        </extensions>
      </trkpt>
      <trkpt lat="24.623040519654750823974609375" lon="118.141339011490345001220703125">
        <ele>10.19999980926513671875</ele>
        <time>2025-10-31T09:31:37.000Z</time>
        <extensions>
          <ns3:TrackPointExtension>
            <ns3:hr>149</ns3:hr>
            <ns3:cad>92</ns3:cad>
          </ns3:TrackPointExtension>
        </extensions>
      </trkpt>
      <trkpt lat="24.6230661682784557342529296875" lon="118.1413398496806621551513671875">
        <ele>10.19999980926513671875</ele>
        <time>2025-10-31T09:31:38.000Z</time>
        <extensions>
          <ns3:TrackPointExtension>
            <ns3:hr>148</ns3:hr>
            <ns3:cad>92</ns3:cad>
          </ns3:TrackPointExtension>
        </extensions>
      </trkpt>
      <trkpt lat="24.62309726513922214508056640625" lon="118.14134739339351654052734375">
        <ele>10</ele>
        <time>2025-10-31T09:31:39.000Z</time>
        <extensions>
          <ns3:TrackPointExtension>
            <ns3:hr>149</ns3:hr>
            <ns3:cad>93</ns3:cad>
          </ns3:TrackPointExtension>
        </extensions>
      </trkpt>
      <trkpt lat="24.6231235004961490631103515625" lon="118.14135099761188030242919921875">
        <ele>9.80000019073486328125</ele>
        <time>2025-10-31T09:31:40.000Z</time>
        <extensions>
          <ns3:TrackPointExtension>
            <ns3:hr>149</ns3:hr>
            <ns3:cad>93</ns3:cad>
          </ns3:TrackPointExtension>
        </extensions>
      </trkpt>
      <trkpt lat="24.62315225042402744293212890625" lon="118.14135703258216381072998046875">
        <ele>9.80000019073486328125</ele>
        <time>2025-10-31T09:31:41.000Z</time>
        <extensions>
          <ns3:TrackPointExtension>
            <ns3:hr>149</ns3:hr>
            <ns3:cad>93</ns3:cad>
          </ns3:TrackPointExtension>
        </extensions>
      </trkpt>
      <trkpt lat="24.623180665075778961181640625" lon="118.14136658795177936553955078125">
        <ele>9.6000003814697265625</ele>
        <time>2025-10-31T09:31:42.000Z</time>
        <extensions>
          <ns3:TrackPointExtension>
            <ns3:hr>149</ns3:hr>
            <ns3:cad>93</ns3:cad>
          </ns3:TrackPointExtension>
        </extensions>
      </trkpt>
      <trkpt lat="24.6232069842517375946044921875" lon="118.14137094654142856597900390625">
        <ele>9.6000003814697265625</ele>
        <time>2025-10-31T09:31:43.000Z</time>
        <extensions>
          <ns3:TrackPointExtension>
            <ns3:hr>149</ns3:hr>
            <ns3:cad>92</ns3:cad>
          </ns3:TrackPointExtension>
        </extensions>
      </trkpt>
      <trkpt lat="24.623243696987628936767578125" lon="118.14138100482523441314697265625">
        <ele>9.6000003814697265625</ele>
        <time>2025-10-31T09:31:44.000Z</time>
        <extensions>
          <ns3:TrackPointExtension>
            <ns3:hr>149</ns3:hr>
            <ns3:cad>92</ns3:cad>
          </ns3:TrackPointExtension>
        </extensions>
      </trkpt>
      <trkpt lat="24.62327261455357074737548828125" lon="118.14138385467231273651123046875">
        <ele>9.80000019073486328125</ele>
        <time>2025-10-31T09:31:45.000Z</time>
        <extensions>
          <ns3:TrackPointExtension>
            <ns3:hr>149</ns3:hr>
            <ns3:cad>92</ns3:cad>
          </ns3:TrackPointExtension>
        </extensions>
      </trkpt>
      <trkpt lat="24.62330463342368602752685546875" lon="118.14139223657548427581787109375">
        <ele>9.80000019073486328125</ele>
        <time>2025-10-31T09:31:46.000Z</time>
        <extensions>
          <ns3:TrackPointExtension>
            <ns3:hr>150</ns3:hr>
            <ns3:cad>92</ns3:cad>
          </ns3:TrackPointExtension>
        </extensions>
      </trkpt>
      <trkpt lat="24.62333162315189838409423828125" lon="118.14139072783291339874267578125">
        <ele>9.80000019073486328125</ele>
        <time>2025-10-31T09:31:47.000Z</time>
        <extensions>
          <ns3:TrackPointExtension>
            <ns3:hr>150</ns3:hr>
            <ns3:cad>92</ns3:cad>
          </ns3:TrackPointExtension>
        </extensions>
      </trkpt>
      <trkpt lat="24.62336473166942596435546875" lon="118.141405396163463592529296875">
        <ele>9.80000019073486328125</ele>
        <time>2025-10-31T09:31:48.000Z</time>
        <extensions>
          <ns3:TrackPointExtension>
            <ns3:hr>150</ns3:hr>
            <ns3:cad>92</ns3:cad>
          </ns3:TrackPointExtension>
        </extensions>
      </trkpt>
      <trkpt lat="24.6233880333602428436279296875" lon="118.14141042530536651611328125">
        <ele>9.80000019073486328125</ele>
        <time>2025-10-31T09:31:49.000Z</time>
        <extensions>
          <ns3:TrackPointExtension>
            <ns3:hr>150</ns3:hr>
            <ns3:cad>91</ns3:cad>
          </ns3:TrackPointExtension>
        </extensions>
      </trkpt>
      <trkpt lat="24.62341569364070892333984375" lon="118.14142207615077495574951171875">
        <ele>9.80000019073486328125</ele>
        <time>2025-10-31T09:31:50.000Z</time>
        <extensions>
          <ns3:TrackPointExtension>
            <ns3:hr>150</ns3:hr>
            <ns3:cad>91</ns3:cad>
          </ns3:TrackPointExtension>
        </extensions>
      </trkpt>
      <trkpt lat="24.62344209663569927215576171875" lon="118.14142861403524875640869140625">
        <ele>9.80000019073486328125</ele>
        <time>2025-10-31T09:31:51.000Z</time>
        <extensions>
          <ns3:TrackPointExtension>
            <ns3:hr>151</ns3:hr>
            <ns3:cad>92</ns3:cad>
          </ns3:TrackPointExtension>
        </extensions>
      </trkpt>
      <trkpt lat="24.62346933782100677490234375" lon="118.1414414383471012115478515625">
        <ele>9.80000019073486328125</ele>
        <time>2025-10-31T09:31:52.000Z</time>
        <extensions>
          <ns3:TrackPointExtension>
            <ns3:hr>151</ns3:hr>
            <ns3:cad>92</ns3:cad>
          </ns3:TrackPointExtension>
        </extensions>
      </trkpt>
      <trkpt lat="24.62349590845406055450439453125" lon="118.14145258627831935882568359375">
        <ele>9.80000019073486328125</ele>
        <time>2025-10-31T09:31:53.000Z</time>
        <extensions>
          <ns3:TrackPointExtension>
            <ns3:hr>151</ns3:hr>
            <ns3:cad>92</ns3:cad>
          </ns3:TrackPointExtension>
        </extensions>
      </trkpt>
      <trkpt lat="24.6235224790871143341064453125" lon="118.141459040343761444091796875">
        <ele>9.80000019073486328125</ele>
        <time>2025-10-31T09:31:54.000Z</time>
        <extensions>
          <ns3:TrackPointExtension>
            <ns3:hr>151</ns3:hr>
            <ns3:cad>92</ns3:cad>
          </ns3:TrackPointExtension>
        </extensions>
      </trkpt>
      <trkpt lat="24.623551480472087860107421875" lon="118.14147018827497959136962890625">
        <ele>9.80000019073486328125</ele>
        <time>2025-10-31T09:31:55.000Z</time>
        <extensions>
          <ns3:TrackPointExtension>
            <ns3:hr>151</ns3:hr>
            <ns3:cad>92</ns3:cad>
          </ns3:TrackPointExtension>
        </extensions>
      </trkpt>
      <trkpt lat="24.62357461452484130859375" lon="118.14147211611270904541015625">
        <ele>9.80000019073486328125</ele>
        <time>2025-10-31T09:31:56.000Z</time>
        <extensions>
          <ns3:TrackPointExtension>
            <ns3:hr>151</ns3:hr>
            <ns3:cad>93</ns3:cad>
          </ns3:TrackPointExtension>
        </extensions>
      </trkpt>
      <trkpt lat="24.62360478937625885009765625" lon="118.1414867006242275238037109375">
        <ele>10</ele>
        <time>2025-10-31T09:31:57.000Z</time>
        <extensions>
          <ns3:TrackPointExtension>
            <ns3:hr>152</ns3:hr>
            <ns3:cad>93</ns3:cad>
          </ns3:TrackPointExtension>
        </extensions>
      </trkpt>
      <trkpt lat="24.6236287616193294525146484375" lon="118.14149114303290843963623046875">
        <ele>10</ele>
        <time>2025-10-31T09:31:58.000Z</time>
        <extensions>
          <ns3:TrackPointExtension>
            <ns3:hr>152</ns3:hr>
            <ns3:cad>93</ns3:cad>
          </ns3:TrackPointExtension>
        </extensions>
      </trkpt>
      <trkpt lat="24.62366254068911075592041015625" lon="118.14150505699217319488525390625">
        <ele>9.80000019073486328125</ele>
        <time>2025-10-31T09:31:59.000Z</time>
        <extensions>
          <ns3:TrackPointExtension>
            <ns3:hr>151</ns3:hr>
            <ns3:cad>93</ns3:cad>
          </ns3:TrackPointExtension>
        </extensions>
      </trkpt>
      <trkpt lat="24.62368466891348361968994140625" lon="118.14150991849601268768310546875">
        <ele>9.80000019073486328125</ele>
        <time>2025-10-31T09:32:00.000Z</time>
        <extensions>
          <ns3:TrackPointExtension>
            <ns3:hr>152</ns3:hr>
            <ns3:cad>93</ns3:cad>
          </ns3:TrackPointExtension>
        </extensions>
      </trkpt>
      <trkpt lat="24.6237162686884403228759765625" lon="118.141520731151103973388671875">
        <ele>9.80000019073486328125</ele>
        <time>2025-10-31T09:32:01.000Z</time>
        <extensions>
          <ns3:TrackPointExtension>
            <ns3:hr>152</ns3:hr>
            <ns3:cad>93</ns3:cad>
          </ns3:TrackPointExtension>
        </extensions>
      </trkpt>
      <trkpt lat="24.62373755872249603271484375" lon="118.141525089740753173828125">
        <ele>9.80000019073486328125</ele>
        <time>2025-10-31T09:32:02.000Z</time>
        <extensions>
          <ns3:TrackPointExtension>
            <ns3:hr>152</ns3:hr>
            <ns3:cad>93</ns3:cad>
          </ns3:TrackPointExtension>
        </extensions>
      </trkpt>
      <trkpt lat="24.62376438081264495849609375" lon="118.14153523184359073638916015625">
        <ele>9.80000019073486328125</ele>
        <time>2025-10-31T09:32:03.000Z</time>
        <extensions>
          <ns3:TrackPointExtension>
            <ns3:hr>152</ns3:hr>
            <ns3:cad>92</ns3:cad>
          </ns3:TrackPointExtension>
        </extensions>
      </trkpt>
      <trkpt lat="24.62379279546439647674560546875" lon="118.1415413506329059600830078125">
        <ele>9.80000019073486328125</ele>
        <time>2025-10-31T09:32:04.000Z</time>
        <extensions>
          <ns3:TrackPointExtension>
            <ns3:hr>151</ns3:hr>
            <ns3:cad>91</ns3:cad>
          </ns3:TrackPointExtension>
        </extensions>
      </trkpt>
      <trkpt lat="24.62381743825972080230712890625" lon="118.14155333675444126129150390625">
        <ele>9.80000019073486328125</ele>
        <time>2025-10-31T09:32:05.000Z</time>
        <extensions>
          <ns3:TrackPointExtension>
            <ns3:hr>151</ns3:hr>
            <ns3:cad>91</ns3:cad>
          </ns3:TrackPointExtension>
        </extensions>
      </trkpt>
      <trkpt lat="24.6238443441689014434814453125" lon="118.1415648199617862701416015625">
        <ele>10</ele>
        <time>2025-10-31T09:32:06.000Z</time>
        <extensions>
          <ns3:TrackPointExtension>
            <ns3:hr>150</ns3:hr>
            <ns3:cad>91</ns3:cad>
          </ns3:TrackPointExtension>
        </extensions>
      </trkpt>
      <trkpt lat="24.623868651688098907470703125" lon="118.141568005084991455078125">
        <ele>10</ele>
        <time>2025-10-31T09:32:07.000Z</time>
        <extensions>
          <ns3:TrackPointExtension>
            <ns3:hr>150</ns3:hr>
            <ns3:cad>93</ns3:cad>
          </ns3:TrackPointExtension>
        </extensions>
      </trkpt>
      <trkpt lat="24.6238978207111358642578125" lon="118.14158049412071704864501953125">
        <ele>10</ele>
        <time>2025-10-31T09:32:08.000Z</time>
        <extensions>
          <ns3:TrackPointExtension>
            <ns3:hr>149</ns3:hr>
            <ns3:cad>93</ns3:cad>
          </ns3:TrackPointExtension>
        </extensions>
      </trkpt>
      <trkpt lat="24.62391852401196956634521484375" lon="118.14158585853874683380126953125">
        <ele>10</ele>
        <time>2025-10-31T09:32:09.000Z</time>
        <extensions>
          <ns3:TrackPointExtension>
            <ns3:hr>149</ns3:hr>
            <ns3:cad>92</ns3:cad>
          </ns3:TrackPointExtension>
        </extensions>
      </trkpt>
      <trkpt lat="24.62394417263567447662353515625" lon="118.141600526869297027587890625">
        <ele>10.19999980926513671875</ele>
        <time>2025-10-31T09:32:10.000Z</time>
        <extensions>
          <ns3:TrackPointExtension>
            <ns3:hr>149</ns3:hr>
            <ns3:cad>92</ns3:cad>
          </ns3:TrackPointExtension>
        </extensions>
      </trkpt>
      <trkpt lat="24.62396495975553989410400390625" lon="118.14160865731537342071533203125">
        <ele>10.19999980926513671875</ele>
        <time>2025-10-31T09:32:11.000Z</time>
        <extensions>
          <ns3:TrackPointExtension>
            <ns3:hr>149</ns3:hr>
            <ns3:cad>92</ns3:cad>
          </ns3:TrackPointExtension>
        </extensions>
      </trkpt>
      <trkpt lat="24.62399178184568881988525390625" lon="118.141621313989162445068359375">
        <ele>10.19999980926513671875</ele>
        <time>2025-10-31T09:32:12.000Z</time>
        <extensions>
          <ns3:TrackPointExtension>
            <ns3:hr>149</ns3:hr>
            <ns3:cad>92</ns3:cad>
          </ns3:TrackPointExtension>
        </extensions>
      </trkpt>
      <trkpt lat="24.624014832079410552978515625" lon="118.1416301988065242767333984375">
        <ele>10.19999980926513671875</ele>
        <time>2025-10-31T09:32:13.000Z</time>
        <extensions>
          <ns3:TrackPointExtension>
            <ns3:hr>149</ns3:hr>
            <ns3:cad>92</ns3:cad>
          </ns3:TrackPointExtension>
        </extensions>
      </trkpt>
      <trkpt lat="24.6240453422069549560546875" lon="118.1416442804038524627685546875">
        <ele>10.3999996185302734375</ele>
        <time>2025-10-31T09:32:14.000Z</time>
        <extensions>
          <ns3:TrackPointExtension>
            <ns3:hr>148</ns3:hr>
            <ns3:cad>94</ns3:cad>
          </ns3:TrackPointExtension>
        </extensions>
      </trkpt>
      <trkpt lat="24.62407308630645275115966796875" lon="118.1416516564786434173583984375">
        <ele>10.3999996185302734375</ele>
        <time>2025-10-31T09:32:15.000Z</time>
        <extensions>
          <ns3:TrackPointExtension>
            <ns3:hr>148</ns3:hr>
            <ns3:cad>94</ns3:cad>
          </ns3:TrackPointExtension>
        </extensions>
      </trkpt>
      <trkpt lat="24.62409789673984050750732421875" lon="118.14166163094341754913330078125">
        <ele>10.19999980926513671875</ele>
        <time>2025-10-31T09:32:16.000Z</time>
        <extensions>
          <ns3:TrackPointExtension>
            <ns3:hr>148</ns3:hr>
            <ns3:cad>93</ns3:cad>
          </ns3:TrackPointExtension>
        </extensions>
      </trkpt>
      <trkpt lat="24.62412647902965545654296875" lon="118.14167319796979427337646484375">
        <ele>10.3999996185302734375</ele>
        <time>2025-10-31T09:32:17.000Z</time>
        <extensions>
          <ns3:TrackPointExtension>
            <ns3:hr>148</ns3:hr>
            <ns3:cad>92</ns3:cad>
          </ns3:TrackPointExtension>
        </extensions>
      </trkpt>
      <trkpt lat="24.62414718233048915863037109375" lon="118.141678981482982635498046875">
        <ele>10.19999980926513671875</ele>
        <time>2025-10-31T09:32:18.000Z</time>
        <extensions>
          <ns3:TrackPointExtension>
            <ns3:hr>148</ns3:hr>
            <ns3:cad>92</ns3:cad>
          </ns3:TrackPointExtension>
        </extensions>
      </trkpt>
      <trkpt lat="24.62417501024901866912841796875" lon="118.14169432036578655242919921875">
        <ele>10.19999980926513671875</ele>
        <time>2025-10-31T09:32:19.000Z</time>
        <extensions>
          <ns3:TrackPointExtension>
            <ns3:hr>148</ns3:hr>
            <ns3:cad>92</ns3:cad>
          </ns3:TrackPointExtension>
        </extensions>
      </trkpt>
      <trkpt lat="24.62419847957789897918701171875" lon="118.1416989304125308990478515625">
        <ele>10.3999996185302734375</ele>
        <time>2025-10-31T09:32:20.000Z</time>
        <extensions>
          <ns3:TrackPointExtension>
            <ns3:hr>147</ns3:hr>
            <ns3:cad>92</ns3:cad>
          </ns3:TrackPointExtension>
        </extensions>
      </trkpt>
      <trkpt lat="24.62422915734350681304931640625" lon="118.14171192236244678497314453125">
        <ele>10.3999996185302734375</ele>
        <time>2025-10-31T09:32:21.000Z</time>
        <extensions>
          <ns3:TrackPointExtension>
            <ns3:hr>147</ns3:hr>
            <ns3:cad>92</ns3:cad>
          </ns3:TrackPointExtension>
        </extensions>
      </trkpt>
      <trkpt lat="24.624247513711452484130859375" lon="118.14171460457146167755126953125">
        <ele>10.3999996185302734375</ele>
        <time>2025-10-31T09:32:22.000Z</time>
        <extensions>
          <ns3:TrackPointExtension>
            <ns3:hr>147</ns3:hr>
            <ns3:cad>92</ns3:cad>
          </ns3:TrackPointExtension>
        </extensions>
      </trkpt>
      <trkpt lat="24.624276347458362579345703125" lon="118.1417301110923290252685546875">
        <ele>10.6000003814697265625</ele>
        <time>2025-10-31T09:32:23.000Z</time>
        <extensions>
          <ns3:TrackPointExtension>
            <ns3:hr>148</ns3:hr>
            <ns3:cad>92</ns3:cad>
          </ns3:TrackPointExtension>
        </extensions>
      </trkpt>
      <trkpt lat="24.62429956533014774322509765625" lon="118.1417334638535976409912109375">
        <ele>10.6000003814697265625</ele>
        <time>2025-10-31T09:32:24.000Z</time>
        <extensions>
          <ns3:TrackPointExtension>
            <ns3:hr>147</ns3:hr>
            <ns3:cad>93</ns3:cad>
          </ns3:TrackPointExtension>
        </extensions>
      </trkpt>
      <trkpt lat="24.62432873435318470001220703125" lon="118.14174695871770381927490234375">
        <ele>10.3999996185302734375</ele>
        <time>2025-10-31T09:32:25.000Z</time>
        <extensions>
          <ns3:TrackPointExtension>
            <ns3:hr>147</ns3:hr>
            <ns3:cad>93</ns3:cad>
          </ns3:TrackPointExtension>
        </extensions>
      </trkpt>
      <trkpt lat="24.62435538880527019500732421875" lon="118.1417508982121944427490234375">
        <ele>10.3999996185302734375</ele>
        <time>2025-10-31T09:32:26.000Z</time>
        <extensions>
          <ns3:TrackPointExtension>
            <ns3:hr>148</ns3:hr>
            <ns3:cad>93</ns3:cad>
          </ns3:TrackPointExtension>
        </extensions>
      </trkpt>
      <trkpt lat="24.6243846416473388671875" lon="118.141765482723712921142578125">
        <ele>10.3999996185302734375</ele>
        <time>2025-10-31T09:32:27.000Z</time>
        <extensions>
          <ns3:TrackPointExtension>
            <ns3:hr>148</ns3:hr>
            <ns3:cad>93</ns3:cad>
          </ns3:TrackPointExtension>
        </extensions>
      </trkpt>
      <trkpt lat="24.62441079318523406982421875" lon="118.14177143387496471405029296875">
        <ele>10.3999996185302734375</ele>
        <time>2025-10-31T09:32:28.000Z</time>
        <extensions>
          <ns3:TrackPointExtension>
            <ns3:hr>148</ns3:hr>
            <ns3:cad>93</ns3:cad>
          </ns3:TrackPointExtension>
        </extensions>
      </trkpt>
      <trkpt lat="24.624440968036651611328125" lon="118.141780234873294830322265625">
        <ele>10.3999996185302734375</ele>
        <time>2025-10-31T09:32:29.000Z</time>
        <extensions>
          <ns3:TrackPointExtension>
            <ns3:hr>147</ns3:hr>
            <ns3:cad>93</ns3:cad>
          </ns3:TrackPointExtension>
        </extensions>
      </trkpt>
      <trkpt lat="24.62446703575551509857177734375" lon="118.141786940395832061767578125">
        <ele>10.3999996185302734375</ele>
        <time>2025-10-31T09:32:30.000Z</time>
        <extensions>
          <ns3:TrackPointExtension>
            <ns3:hr>148</ns3:hr>
            <ns3:cad>93</ns3:cad>
          </ns3:TrackPointExtension>
        </extensions>
      </trkpt>
      <trkpt lat="24.62449503131210803985595703125" lon="118.1417958252131938934326171875">
        <ele>10.3999996185302734375</ele>
        <time>2025-10-31T09:32:31.000Z</time>
        <extensions>
          <ns3:TrackPointExtension>
            <ns3:hr>148</ns3:hr>
            <ns3:cad>93</ns3:cad>
          </ns3:TrackPointExtension>
        </extensions>
      </trkpt>
      <trkpt lat="24.62452151812613010406494140625" lon="118.1418055482208728790283203125">
        <ele>10.3999996185302734375</ele>
        <time>2025-10-31T09:32:32.000Z</time>
        <extensions>
          <ns3:TrackPointExtension>
            <ns3:hr>147</ns3:hr>
            <ns3:cad>93</ns3:cad>
          </ns3:TrackPointExtension>
        </extensions>
      </trkpt>
      <trkpt lat="24.6245467476546764373779296875" lon="118.14181200228631496429443359375">
        <ele>10.3999996185302734375</ele>
        <time>2025-10-31T09:32:33.000Z</time>
        <extensions>
          <ns3:TrackPointExtension>
            <ns3:hr>148</ns3:hr>
            <ns3:cad>93</ns3:cad>
          </ns3:TrackPointExtension>
        </extensions>
      </trkpt>
      <trkpt lat="24.62457784451544284820556640625" lon="118.14182306639850139617919921875">
        <ele>10.3999996185302734375</ele>
        <time>2025-10-31T09:32:34.000Z</time>
        <extensions>
          <ns3:TrackPointExtension>
            <ns3:hr>148</ns3:hr>
            <ns3:cad>93</ns3:cad>
          </ns3:TrackPointExtension>
        </extensions>
      </trkpt>
      <trkpt lat="24.6246027387678623199462890625" lon="118.1418256647884845733642578125">
        <ele>10.3999996185302734375</ele>
        <time>2025-10-31T09:32:35.000Z</time>
        <extensions>
          <ns3:TrackPointExtension>
            <ns3:hr>147</ns3:hr>
            <ns3:cad>93</ns3:cad>
          </ns3:TrackPointExtension>
        </extensions>
      </trkpt>
      <trkpt lat="24.62463282980024814605712890625" lon="118.14183362759649753570556640625">
        <ele>10.3999996185302734375</ele>
        <time>2025-10-31T09:32:36.000Z</time>
        <extensions>
          <ns3:TrackPointExtension>
            <ns3:hr>148</ns3:hr>
            <ns3:cad>93</ns3:cad>
          </ns3:TrackPointExtension>
        </extensions>
      </trkpt>
      <trkpt lat="24.624655544757843017578125" lon="118.141835890710353851318359375">
        <ele>10.3999996185302734375</ele>
        <time>2025-10-31T09:32:37.000Z</time>
        <extensions>
          <ns3:TrackPointExtension>
            <ns3:hr>148</ns3:hr>
            <ns3:cad>93</ns3:cad>
          </ns3:TrackPointExtension>
        </extensions>
      </trkpt>
      <trkpt lat="24.624686725437641143798828125" lon="118.1418454460799694061279296875">
        <ele>10.3999996185302734375</ele>
        <time>2025-10-31T09:32:38.000Z</time>
        <extensions>
          <ns3:TrackPointExtension>
            <ns3:hr>147</ns3:hr>
            <ns3:cad>93</ns3:cad>
          </ns3:TrackPointExtension>
        </extensions>
      </trkpt>
      <trkpt lat="24.6247105300426483154296875" lon="118.1418464519083499908447265625">
        <ele>10.3999996185302734375</ele>
        <time>2025-10-31T09:32:39.000Z</time>
        <extensions>
          <ns3:TrackPointExtension>
            <ns3:hr>148</ns3:hr>
            <ns3:cad>93</ns3:cad>
          </ns3:TrackPointExtension>
        </extensions>
      </trkpt>
      <trkpt lat="24.624738357961177825927734375" lon="118.14186044968664646148681640625">
        <ele>10.3999996185302734375</ele>
        <time>2025-10-31T09:32:40.000Z</time>
        <extensions>
          <ns3:TrackPointExtension>
            <ns3:hr>148</ns3:hr>
            <ns3:cad>93</ns3:cad>
          </ns3:TrackPointExtension>
        </extensions>
      </trkpt>
      <trkpt lat="24.62476090528070926666259765625" lon="118.14186397008597850799560546875">
        <ele>10.3999996185302734375</ele>
        <time>2025-10-31T09:32:41.000Z</time>
        <extensions>
          <ns3:TrackPointExtension>
            <ns3:hr>147</ns3:hr>
            <ns3:cad>93</ns3:cad>
          </ns3:TrackPointExtension>
        </extensions>
      </trkpt>
      <trkpt lat="24.62478973902761936187744140625" lon="118.14187771640717983245849609375">
        <ele>10.6000003814697265625</ele>
        <time>2025-10-31T09:32:42.000Z</time>
        <extensions>
          <ns3:TrackPointExtension>
            <ns3:hr>148</ns3:hr>
            <ns3:cad>93</ns3:cad>
          </ns3:TrackPointExtension>
        </extensions>
      </trkpt>
      <trkpt lat="24.6248099394142627716064453125" lon="118.141884170472621917724609375">
        <ele>10.6000003814697265625</ele>
        <time>2025-10-31T09:32:43.000Z</time>
        <extensions>
          <ns3:TrackPointExtension>
            <ns3:hr>148</ns3:hr>
            <ns3:cad>93</ns3:cad>
          </ns3:TrackPointExtension>
        </extensions>
      </trkpt>
      <trkpt lat="24.62483667768537998199462890625" lon="118.1418974138796329498291015625">
        <ele>10.6000003814697265625</ele>
        <time>2025-10-31T09:32:44.000Z</time>
        <extensions>
          <ns3:TrackPointExtension>
            <ns3:hr>148</ns3:hr>
            <ns3:cad>93</ns3:cad>
          </ns3:TrackPointExtension>
        </extensions>
      </trkpt>
      <trkpt lat="24.62485997937619686126708984375" lon="118.1419064663350582122802734375">
        <ele>10.6000003814697265625</ele>
        <time>2025-10-31T09:32:45.000Z</time>
        <extensions>
          <ns3:TrackPointExtension>
            <ns3:hr>148</ns3:hr>
            <ns3:cad>93</ns3:cad>
          </ns3:TrackPointExtension>
        </extensions>
      </trkpt>
      <trkpt lat="24.62488395161926746368408203125" lon="118.14191878773272037506103515625">
        <ele>10.3999996185302734375</ele>
        <time>2025-10-31T09:32:46.000Z</time>
        <extensions>
          <ns3:TrackPointExtension>
            <ns3:hr>148</ns3:hr>
            <ns3:cad>93</ns3:cad>
          </ns3:TrackPointExtension>
        </extensions>
      </trkpt>
      <trkpt lat="24.62490675039589405059814453125" lon="118.1419282592833042144775390625">
        <ele>10.3999996185302734375</ele>
        <time>2025-10-31T09:32:47.000Z</time>
        <extensions>
          <ns3:TrackPointExtension>
            <ns3:hr>148</ns3:hr>
            <ns3:cad>93</ns3:cad>
          </ns3:TrackPointExtension>
        </extensions>
      </trkpt>
      <trkpt lat="24.6249323152005672454833984375" lon="118.14194208942353725433349609375">
        <ele>10.3999996185302734375</ele>
        <time>2025-10-31T09:32:48.000Z</time>
        <extensions>
          <ns3:TrackPointExtension>
            <ns3:hr>149</ns3:hr>
            <ns3:cad>93</ns3:cad>
          </ns3:TrackPointExtension>
        </extensions>
      </trkpt>
      <trkpt lat="24.624956957995891571044921875" lon="118.14194913022220134735107421875">
        <ele>10.3999996185302734375</ele>
        <time>2025-10-31T09:32:49.000Z</time>
        <extensions>
          <ns3:TrackPointExtension>
            <ns3:hr>149</ns3:hr>
            <ns3:cad>92</ns3:cad>
          </ns3:TrackPointExtension>
        </extensions>
      </trkpt>
      <trkpt lat="24.6249826066195964813232421875" lon="118.14195835031569004058837890625">
        <ele>10.3999996185302734375</ele>
        <time>2025-10-31T09:32:50.000Z</time>
        <extensions>
          <ns3:TrackPointExtension>
            <ns3:hr>149</ns3:hr>
            <ns3:cad>92</ns3:cad>
          </ns3:TrackPointExtension>
        </extensions>
      </trkpt>
      <trkpt lat="24.6250069141387939453125" lon="118.14196430146694183349609375">
        <ele>10.6000003814697265625</ele>
        <time>2025-10-31T09:32:51.000Z</time>
        <extensions>
          <ns3:TrackPointExtension>
            <ns3:hr>149</ns3:hr>
            <ns3:cad>92</ns3:cad>
          </ns3:TrackPointExtension>
        </extensions>
      </trkpt>
      <trkpt lat="24.625033400952816009521484375" lon="118.14197368919849395751953125">
        <ele>10.6000003814697265625</ele>
        <time>2025-10-31T09:32:52.000Z</time>
        <extensions>
          <ns3:TrackPointExtension>
            <ns3:hr>149</ns3:hr>
            <ns3:cad>92</ns3:cad>
          </ns3:TrackPointExtension>
        </extensions>
      </trkpt>
      <trkpt lat="24.62506097741425037384033203125" lon="118.1419835798442363739013671875">
        <ele>10.6000003814697265625</ele>
        <time>2025-10-31T09:32:53.000Z</time>
        <extensions>
          <ns3:TrackPointExtension>
            <ns3:hr>149</ns3:hr>
            <ns3:cad>92</ns3:cad>
          </ns3:TrackPointExtension>
        </extensions>
      </trkpt>
      <trkpt lat="24.62508411146700382232666015625" lon="118.141988776624202728271484375">
        <ele>10.6000003814697265625</ele>
        <time>2025-10-31T09:32:54.000Z</time>
        <extensions>
          <ns3:TrackPointExtension>
            <ns3:hr>148</ns3:hr>
            <ns3:cad>92</ns3:cad>
          </ns3:TrackPointExtension>
        </extensions>
      </trkpt>
      <trkpt lat="24.62511244229972362518310546875" lon="118.14199707470834255218505859375">
        <ele>10.3999996185302734375</ele>
        <time>2025-10-31T09:32:55.000Z</time>
        <extensions>
          <ns3:TrackPointExtension>
            <ns3:hr>148</ns3:hr>
            <ns3:cad>92</ns3:cad>
          </ns3:TrackPointExtension>
        </extensions>
      </trkpt>
      <trkpt lat="24.625134654343128204345703125" lon="118.14199791289865970611572265625">
        <ele>10.3999996185302734375</ele>
        <time>2025-10-31T09:32:56.000Z</time>
        <extensions>
          <ns3:TrackPointExtension>
            <ns3:hr>148</ns3:hr>
            <ns3:cad>92</ns3:cad>
          </ns3:TrackPointExtension>
        </extensions>
      </trkpt>
      <trkpt lat="24.62516248226165771484375" lon="118.142009563744068145751953125">
        <ele>10.3999996185302734375</ele>
        <time>2025-10-31T09:32:57.000Z</time>
        <extensions>
          <ns3:TrackPointExtension>
            <ns3:hr>148</ns3:hr>
            <ns3:cad>92</ns3:cad>
          </ns3:TrackPointExtension>
        </extensions>
      </trkpt>
      <trkpt lat="24.625186286866664886474609375" lon="118.14201367087662220001220703125">
        <ele>10.19999980926513671875</ele>
        <time>2025-10-31T09:32:58.000Z</time>
        <extensions>
          <ns3:TrackPointExtension>
            <ns3:hr>147</ns3:hr>
            <ns3:cad>92</ns3:cad>
          </ns3:TrackPointExtension>
        </extensions>
      </trkpt>
      <trkpt lat="24.625214450061321258544921875" lon="118.14202523790299892425537109375">
        <ele>10.19999980926513671875</ele>
        <time>2025-10-31T09:32:59.000Z</time>
        <extensions>
          <ns3:TrackPointExtension>
            <ns3:hr>147</ns3:hr>
            <ns3:cad>92</ns3:cad>
          </ns3:TrackPointExtension>
        </extensions>
      </trkpt>
      <trkpt lat="24.62523850612342357635498046875" lon="118.14203043468296527862548828125">
        <ele>10.19999980926513671875</ele>
        <time>2025-10-31T09:33:00.000Z</time>
        <extensions>
          <ns3:TrackPointExtension>
            <ns3:hr>147</ns3:hr>
            <ns3:cad>92</ns3:cad>
          </ns3:TrackPointExtension>
        </extensions>
      </trkpt>
      <trkpt lat="24.62526432238519191741943359375" lon="118.14204133115708827972412109375">
        <ele>10.19999980926513671875</ele>
        <time>2025-10-31T09:33:01.000Z</time>
        <extensions>
          <ns3:TrackPointExtension>
            <ns3:hr>147</ns3:hr>
            <ns3:cad>92</ns3:cad>
          </ns3:TrackPointExtension>
        </extensions>
      </trkpt>
      <trkpt lat="24.6252843551337718963623046875" lon="118.1420435942709445953369140625">
        <ele>10.19999980926513671875</ele>
        <time>2025-10-31T09:33:02.000Z</time>
        <extensions>
          <ns3:TrackPointExtension>
            <ns3:hr>147</ns3:hr>
            <ns3:cad>92</ns3:cad>
          </ns3:TrackPointExtension>
        </extensions>
      </trkpt>
      <trkpt lat="24.62531092576682567596435546875" lon="118.1420543231070041656494140625">
        <ele>10.19999980926513671875</ele>
        <time>2025-10-31T09:33:03.000Z</time>
        <extensions>
          <ns3:TrackPointExtension>
            <ns3:hr>147</ns3:hr>
            <ns3:cad>92</ns3:cad>
          </ns3:TrackPointExtension>
        </extensions>
      </trkpt>
      <trkpt lat="24.62533674202859401702880859375" lon="118.14206345938146114349365234375">
        <ele>10.19999980926513671875</ele>
        <time>2025-10-31T09:33:04.000Z</time>
        <extensions>
          <ns3:TrackPointExtension>
            <ns3:hr>146</ns3:hr>
            <ns3:cad>92</ns3:cad>
          </ns3:TrackPointExtension>
        </extensions>
      </trkpt>
      <trkpt lat="24.625359959900379180908203125" lon="118.14207418821752071380615234375">
        <ele>10</ele>
        <time>2025-10-31T09:33:05.000Z</time>
        <extensions>
          <ns3:TrackPointExtension>
            <ns3:hr>147</ns3:hr>
            <ns3:cad>92</ns3:cad>
          </ns3:TrackPointExtension>
        </extensions>
      </trkpt>
      <trkpt lat="24.625386111438274383544921875" lon="118.1420789659023284912109375">
        <ele>10</ele>
        <time>2025-10-31T09:33:06.000Z</time>
        <extensions>
          <ns3:TrackPointExtension>
            <ns3:hr>147</ns3:hr>
            <ns3:cad>92</ns3:cad>
          </ns3:TrackPointExtension>
        </extensions>
      </trkpt>
      <trkpt lat="24.625412262976169586181640625" lon="118.1420942209661006927490234375">
        <ele>10</ele>
        <time>2025-10-31T09:33:07.000Z</time>
        <extensions>
          <ns3:TrackPointExtension>
            <ns3:hr>147</ns3:hr>
            <ns3:cad>92</ns3:cad>
          </ns3:TrackPointExtension>
        </extensions>
      </trkpt>
      <trkpt lat="24.6254318766295909881591796875" lon="118.14209966920316219329833984375">
        <ele>10</ele>
        <time>2025-10-31T09:33:08.000Z</time>
        <extensions>
          <ns3:TrackPointExtension>
            <ns3:hr>148</ns3:hr>
            <ns3:cad>92</ns3:cad>
          </ns3:TrackPointExtension>
        </extensions>
      </trkpt>
      <trkpt lat="24.62545425631105899810791015625" lon="118.1421099789440631866455078125">
        <ele>10</ele>
        <time>2025-10-31T09:33:09.000Z</time>
        <extensions>
          <ns3:TrackPointExtension>
            <ns3:hr>148</ns3:hr>
            <ns3:cad>92</ns3:cad>
          </ns3:TrackPointExtension>
        </extensions>
      </trkpt>
      <trkpt lat="24.62547604925930500030517578125" lon="118.142116852104663848876953125">
        <ele>10.19999980926513671875</ele>
        <time>2025-10-31T09:33:10.000Z</time>
        <extensions>
          <ns3:TrackPointExtension>
            <ns3:hr>148</ns3:hr>
            <ns3:cad>92</ns3:cad>
          </ns3:TrackPointExtension>
        </extensions>
      </trkpt>
      <trkpt lat="24.62549817748367786407470703125" lon="118.14212380908429622650146484375">
        <ele>10.3999996185302734375</ele>
        <time>2025-10-31T09:33:11.000Z</time>
        <extensions>
          <ns3:TrackPointExtension>
            <ns3:hr>148</ns3:hr>
            <ns3:cad>93</ns3:cad>
          </ns3:TrackPointExtension>
        </extensions>
      </trkpt>
      <trkpt lat="24.62552298791706562042236328125" lon="118.14213252626359462738037109375">
        <ele>10.3999996185302734375</ele>
        <time>2025-10-31T09:33:12.000Z</time>
        <extensions>
          <ns3:TrackPointExtension>
            <ns3:hr>147</ns3:hr>
            <ns3:cad>93</ns3:cad>
          </ns3:TrackPointExtension>
        </extensions>
      </trkpt>
      <trkpt lat="24.62554478086531162261962890625" lon="118.14214132726192474365234375">
        <ele>10.6000003814697265625</ele>
        <time>2025-10-31T09:33:13.000Z</time>
        <extensions>
          <ns3:TrackPointExtension>
            <ns3:hr>148</ns3:hr>
            <ns3:cad>93</ns3:cad>
          </ns3:TrackPointExtension>
        </extensions>
      </trkpt>
      <trkpt lat="24.62557218968868255615234375" lon="118.14214996062219142913818359375">
        <ele>10.6000003814697265625</ele>
        <time>2025-10-31T09:33:14.000Z</time>
        <extensions>
          <ns3:TrackPointExtension>
            <ns3:hr>148</ns3:hr>
            <ns3:cad>93</ns3:cad>
          </ns3:TrackPointExtension>
        </extensions>
      </trkpt>
      <trkpt lat="24.62559423409402370452880859375" lon="118.1421540677547454833984375">
        <ele>10.3999996185302734375</ele>
        <time>2025-10-31T09:33:15.000Z</time>
        <extensions>
          <ns3:TrackPointExtension>
            <ns3:hr>148</ns3:hr>
            <ns3:cad>93</ns3:cad>
          </ns3:TrackPointExtension>
        </extensions>
      </trkpt>
      <trkpt lat="24.6256226487457752227783203125" lon="118.14216521568596363067626953125">
        <ele>10.3999996185302734375</ele>
        <time>2025-10-31T09:33:16.000Z</time>
        <extensions>
          <ns3:TrackPointExtension>
            <ns3:hr>148</ns3:hr>
            <ns3:cad>93</ns3:cad>
          </ns3:TrackPointExtension>
        </extensions>
      </trkpt>
      <trkpt lat="24.62564737536013126373291015625" lon="118.1421689875423908233642578125">
        <ele>10.3999996185302734375</ele>
        <time>2025-10-31T09:33:17.000Z</time>
        <extensions>
          <ns3:TrackPointExtension>
            <ns3:hr>148</ns3:hr>
            <ns3:cad>93</ns3:cad>
          </ns3:TrackPointExtension>
        </extensions>
      </trkpt>
      <trkpt lat="24.62567813694477081298828125" lon="118.142179548740386962890625">
        <ele>10.19999980926513671875</ele>
        <time>2025-10-31T09:33:18.000Z</time>
        <extensions>
          <ns3:TrackPointExtension>
            <ns3:hr>148</ns3:hr>
            <ns3:cad>93</ns3:cad>
          </ns3:TrackPointExtension>
        </extensions>
      </trkpt>
      <trkpt lat="24.6256977505981922149658203125" lon="118.14217912964522838592529296875">
        <ele>10.19999980926513671875</ele>
        <time>2025-10-31T09:33:19.000Z</time>
        <extensions>
          <ns3:TrackPointExtension>
            <ns3:hr>149</ns3:hr>
            <ns3:cad>93</ns3:cad>
          </ns3:TrackPointExtension>
        </extensions>
      </trkpt>
      <trkpt lat="24.62572784163057804107666015625" lon="118.14218985848128795623779296875">
        <ele>10.19999980926513671875</ele>
        <time>2025-10-31T09:33:20.000Z</time>
        <extensions>
          <ns3:TrackPointExtension>
            <ns3:hr>149</ns3:hr>
            <ns3:cad>93</ns3:cad>
          </ns3:TrackPointExtension>
        </extensions>
      </trkpt>
      <trkpt lat="24.62575214914977550506591796875" lon="118.14219740219414234161376953125">
        <ele>10.3999996185302734375</ele>
        <time>2025-10-31T09:33:21.000Z</time>
        <extensions>
          <ns3:TrackPointExtension>
            <ns3:hr>149</ns3:hr>
            <ns3:cad>93</ns3:cad>
          </ns3:TrackPointExtension>
        </extensions>
      </trkpt>
      <trkpt lat="24.6257802285254001617431640625" lon="118.14221114851534366607666015625">
        <ele>10.3999996185302734375</ele>
        <time>2025-10-31T09:33:22.000Z</time>
        <extensions>
          <ns3:TrackPointExtension>
            <ns3:hr>149</ns3:hr>
            <ns3:cad>93</ns3:cad>
          </ns3:TrackPointExtension>
        </extensions>
      </trkpt>
      <trkpt lat="24.625801853835582733154296875" lon="118.14221332781016826629638671875">
        <ele>10.3999996185302734375</ele>
        <time>2025-10-31T09:33:23.000Z</time>
        <extensions>
          <ns3:TrackPointExtension>
            <ns3:hr>149</ns3:hr>
            <ns3:cad>93</ns3:cad>
          </ns3:TrackPointExtension>
        </extensions>
      </trkpt>
      <trkpt lat="24.625828675925731658935546875" lon="118.14222606830298900604248046875">
        <ele>10.3999996185302734375</ele>
        <time>2025-10-31T09:33:24.000Z</time>
        <extensions>
          <ns3:TrackPointExtension>
            <ns3:hr>149</ns3:hr>
            <ns3:cad>93</ns3:cad>
          </ns3:TrackPointExtension>
        </extensions>
      </trkpt>
      <trkpt lat="24.6258496306836605072021484375" lon="118.14222791232168674468994140625">
        <ele>10.19999980926513671875</ele>
        <time>2025-10-31T09:33:25.000Z</time>
        <extensions>
          <ns3:TrackPointExtension>
            <ns3:hr>148</ns3:hr>
            <ns3:cad>93</ns3:cad>
          </ns3:TrackPointExtension>
        </extensions>
      </trkpt>
      <trkpt lat="24.62587821297347545623779296875" lon="118.14223981462419033050537109375">
        <ele>10.19999980926513671875</ele>
        <time>2025-10-31T09:33:26.000Z</time>
        <extensions>
          <ns3:TrackPointExtension>
            <ns3:hr>148</ns3:hr>
            <ns3:cad>93</ns3:cad>
          </ns3:TrackPointExtension>
        </extensions>
      </trkpt>
      <trkpt lat="24.62590134702622890472412109375" lon="118.1422420777380466461181640625">
        <ele>10</ele>
        <time>2025-10-31T09:33:27.000Z</time>
        <extensions>
          <ns3:TrackPointExtension>
            <ns3:hr>148</ns3:hr>
            <ns3:cad>92</ns3:cad>
          </ns3:TrackPointExtension>
        </extensions>
      </trkpt>
      <trkpt lat="24.6259274147450923919677734375" lon="118.1422514654695987701416015625">
        <ele>10.19999980926513671875</ele>
        <time>2025-10-31T09:33:28.000Z</time>
        <extensions>
          <ns3:TrackPointExtension>
            <ns3:hr>147</ns3:hr>
            <ns3:cad>92</ns3:cad>
          </ns3:TrackPointExtension>
        </extensions>
      </trkpt>
      <trkpt lat="24.6259525604546070098876953125" lon="118.1422578357160091400146484375">
        <ele>10.19999980926513671875</ele>
        <time>2025-10-31T09:33:29.000Z</time>
        <extensions>
          <ns3:TrackPointExtension>
            <ns3:hr>146</ns3:hr>
            <ns3:cad>92</ns3:cad>
          </ns3:TrackPointExtension>
        </extensions>
      </trkpt>
      <trkpt lat="24.6259792149066925048828125" lon="118.1422685645520687103271484375">
        <ele>10.19999980926513671875</ele>
        <time>2025-10-31T09:33:30.000Z</time>
        <extensions>
          <ns3:TrackPointExtension>
            <ns3:hr>146</ns3:hr>
            <ns3:cad>91</ns3:cad>
          </ns3:TrackPointExtension>
        </extensions>
      </trkpt>
      <trkpt lat="24.6260068751871585845947265625" lon="118.142276443541049957275390625">
        <ele>10.3999996185302734375</ele>
        <time>2025-10-31T09:33:31.000Z</time>
        <extensions>
          <ns3:TrackPointExtension>
            <ns3:hr>145</ns3:hr>
            <ns3:cad>91</ns3:cad>
          </ns3:TrackPointExtension>
        </extensions>
      </trkpt>
      <trkpt lat="24.6260330267250537872314453125" lon="118.142285160720348358154296875">
        <ele>10.3999996185302734375</ele>
        <time>2025-10-31T09:33:32.000Z</time>
        <extensions>
          <ns3:TrackPointExtension>
            <ns3:hr>145</ns3:hr>
            <ns3:cad>91</ns3:cad>
          </ns3:TrackPointExtension>
        </extensions>
      </trkpt>
      <trkpt lat="24.62606211192905902862548828125" lon="118.14229111187160015106201171875">
        <ele>10.3999996185302734375</ele>
        <time>2025-10-31T09:33:33.000Z</time>
        <extensions>
          <ns3:TrackPointExtension>
            <ns3:hr>144</ns3:hr>
            <ns3:cad>90</ns3:cad>
          </ns3:TrackPointExtension>
        </extensions>
      </trkpt>
      <trkpt lat="24.6260896883904933929443359375" lon="118.14229689538478851318359375">
        <ele>10.3999996185302734375</ele>
        <time>2025-10-31T09:33:34.000Z</time>
        <extensions>
          <ns3:TrackPointExtension>
            <ns3:hr>144</ns3:hr>
            <ns3:cad>91</ns3:cad>
          </ns3:TrackPointExtension>
        </extensions>
      </trkpt>
      <trkpt lat="24.62611609138548374176025390625" lon="118.14230653457343578338623046875">
        <ele>10.3999996185302734375</ele>
        <time>2025-10-31T09:33:35.000Z</time>
        <extensions>
          <ns3:TrackPointExtension>
            <ns3:hr>144</ns3:hr>
            <ns3:cad>91</ns3:cad>
          </ns3:TrackPointExtension>
        </extensions>
      </trkpt>
      <trkpt lat="24.6261413209140300750732421875" lon="118.14231173135340213775634765625">
        <ele>10.3999996185302734375</ele>
        <time>2025-10-31T09:33:36.000Z</time>
        <extensions>
          <ns3:TrackPointExtension>
            <ns3:hr>143</ns3:hr>
            <ns3:cad>92</ns3:cad>
          </ns3:TrackPointExtension>
        </extensions>
      </trkpt>
      <trkpt lat="24.626176692545413970947265625" lon="118.1423265673220157623291015625">
        <ele>10.3999996185302734375</ele>
        <time>2025-10-31T09:33:37.000Z</time>
        <extensions>
          <ns3:TrackPointExtension>
            <ns3:hr>143</ns3:hr>
            <ns3:cad>92</ns3:cad>
          </ns3:TrackPointExtension>
        </extensions>
      </trkpt>
      <trkpt lat="24.62620007805526256561279296875" lon="118.1423248909413814544677734375">
        <ele>10.3999996185302734375</ele>
        <time>2025-10-31T09:33:38.000Z</time>
        <extensions>
          <ns3:TrackPointExtension>
            <ns3:hr>143</ns3:hr>
            <ns3:cad>92</ns3:cad>
          </ns3:TrackPointExtension>
        </extensions>
      </trkpt>
      <trkpt lat="24.626230336725711822509765625" lon="118.14233285374939441680908203125">
        <ele>10.19999980926513671875</ele>
        <time>2025-10-31T09:33:39.000Z</time>
        <extensions>
          <ns3:TrackPointExtension>
            <ns3:hr>143</ns3:hr>
            <ns3:cad>92</ns3:cad>
          </ns3:TrackPointExtension>
        </extensions>
      </trkpt>
      <trkpt lat="24.6262549795210361480712890625" lon="118.1423346139490604400634765625">
        <ele>10.19999980926513671875</ele>
        <time>2025-10-31T09:33:40.000Z</time>
        <extensions>
          <ns3:TrackPointExtension>
            <ns3:hr>144</ns3:hr>
            <ns3:cad>92</ns3:cad>
          </ns3:TrackPointExtension>
        </extensions>
      </trkpt>
      <trkpt lat="24.62628272362053394317626953125" lon="118.142347522079944610595703125">
        <ele>10.3999996185302734375</ele>
        <time>2025-10-31T09:33:41.000Z</time>
        <extensions>
          <ns3:TrackPointExtension>
            <ns3:hr>144</ns3:hr>
            <ns3:cad>92</ns3:cad>
          </ns3:TrackPointExtension>
        </extensions>
      </trkpt>
      <trkpt lat="24.62630937807261943817138671875" lon="118.14235297031700611114501953125">
        <ele>10.3999996185302734375</ele>
        <time>2025-10-31T09:33:42.000Z</time>
        <extensions>
          <ns3:TrackPointExtension>
            <ns3:hr>145</ns3:hr>
            <ns3:cad>93</ns3:cad>
          </ns3:TrackPointExtension>
        </extensions>
      </trkpt>
      <trkpt lat="24.62633972056210041046142578125" lon="118.142362274229526519775390625">
        <ele>10.6000003814697265625</ele>
        <time>2025-10-31T09:33:43.000Z</time>
        <extensions>
          <ns3:TrackPointExtension>
            <ns3:hr>145</ns3:hr>
            <ns3:cad>94</ns3:cad>
          </ns3:TrackPointExtension>
        </extensions>
      </trkpt>
      <trkpt lat="24.62636486627161502838134765625" lon="118.14236587844789028167724609375">
        <ele>10.6000003814697265625</ele>
        <time>2025-10-31T09:33:44.000Z</time>
        <extensions>
          <ns3:TrackPointExtension>
            <ns3:hr>146</ns3:hr>
            <ns3:cad>94</ns3:cad>
          </ns3:TrackPointExtension>
        </extensions>
      </trkpt>
      <trkpt lat="24.62639722041785717010498046875" lon="118.14237610436975955963134765625">
        <ele>10.6000003814697265625</ele>
        <time>2025-10-31T09:33:45.000Z</time>
        <extensions>
          <ns3:TrackPointExtension>
            <ns3:hr>146</ns3:hr>
            <ns3:cad>93</ns3:cad>
          </ns3:TrackPointExtension>
        </extensions>
      </trkpt>
      <trkpt lat="24.62642538361251354217529296875" lon="118.14238004386425018310546875">
        <ele>10.3999996185302734375</ele>
        <time>2025-10-31T09:33:46.000Z</time>
        <extensions>
          <ns3:TrackPointExtension>
            <ns3:hr>147</ns3:hr>
            <ns3:cad>93</ns3:cad>
          </ns3:TrackPointExtension>
        </extensions>
      </trkpt>
      <trkpt lat="24.62645220570266246795654296875" lon="118.142385743558406829833984375">
        <ele>10.3999996185302734375</ele>
        <time>2025-10-31T09:33:47.000Z</time>
        <extensions>
          <ns3:TrackPointExtension>
            <ns3:hr>147</ns3:hr>
            <ns3:cad>93</ns3:cad>
          </ns3:TrackPointExtension>
        </extensions>
      </trkpt>
      <trkpt lat="24.6264789439737796783447265625" lon="118.142390437424182891845703125">
        <ele>10.3999996185302734375</ele>
        <time>2025-10-31T09:33:48.000Z</time>
        <extensions>
          <ns3:TrackPointExtension>
            <ns3:hr>148</ns3:hr>
            <ns3:cad>93</ns3:cad>
          </ns3:TrackPointExtension>
        </extensions>
      </trkpt>
      <trkpt lat="24.62650517933070659637451171875" lon="118.14239588566124439239501953125">
        <ele>10.19999980926513671875</ele>
        <time>2025-10-31T09:33:49.000Z</time>
        <extensions>
          <ns3:TrackPointExtension>
            <ns3:hr>148</ns3:hr>
            <ns3:cad>93</ns3:cad>
          </ns3:TrackPointExtension>
        </extensions>
      </trkpt>
      <trkpt lat="24.62653686292469501495361328125" lon="118.14240074716508388519287109375">
        <ele>10.19999980926513671875</ele>
        <time>2025-10-31T09:33:50.000Z</time>
        <extensions>
          <ns3:TrackPointExtension>
            <ns3:hr>149</ns3:hr>
            <ns3:cad>93</ns3:cad>
          </ns3:TrackPointExtension>
        </extensions>
      </trkpt>
      <trkpt lat="24.6265620924532413482666015625" lon="118.14239907078444957733154296875">
        <ele>10.19999980926513671875</ele>
        <time>2025-10-31T09:33:51.000Z</time>
        <extensions>
          <ns3:TrackPointExtension>
            <ns3:hr>148</ns3:hr>
            <ns3:cad>93</ns3:cad>
          </ns3:TrackPointExtension>
        </extensions>
      </trkpt>
      <trkpt lat="24.6265939436852931976318359375" lon="118.14240661449730396270751953125">
        <ele>10.19999980926513671875</ele>
        <time>2025-10-31T09:33:52.000Z</time>
        <extensions>
          <ns3:TrackPointExtension>
            <ns3:hr>148</ns3:hr>
            <ns3:cad>93</ns3:cad>
          </ns3:TrackPointExtension>
        </extensions>
      </trkpt>
      <trkpt lat="24.626618586480617523193359375" lon="118.142404519021511077880859375">
        <ele>10.19999980926513671875</ele>
        <time>2025-10-31T09:33:53.000Z</time>
        <extensions>
          <ns3:TrackPointExtension>
            <ns3:hr>148</ns3:hr>
            <ns3:cad>93</ns3:cad>
          </ns3:TrackPointExtension>
        </extensions>
      </trkpt>
      <trkpt lat="24.62665018625557422637939453125" lon="118.14241181127727031707763671875">
        <ele>10.19999980926513671875</ele>
        <time>2025-10-31T09:33:54.000Z</time>
        <extensions>
          <ns3:TrackPointExtension>
            <ns3:hr>148</ns3:hr>
            <ns3:cad>93</ns3:cad>
          </ns3:TrackPointExtension>
        </extensions>
      </trkpt>
      <trkpt lat="24.62667189538478851318359375" lon="118.14240963198244571685791015625">
        <ele>10.19999980926513671875</ele>
        <time>2025-10-31T09:33:55.000Z</time>
        <extensions>
          <ns3:TrackPointExtension>
            <ns3:hr>148</ns3:hr>
            <ns3:cad>92</ns3:cad>
          </ns3:TrackPointExtension>
        </extensions>
      </trkpt>
      <trkpt lat="24.62670265696942806243896484375" lon="118.14241885207593441009521484375">
        <ele>10.19999980926513671875</ele>
        <time>2025-10-31T09:33:56.000Z</time>
        <extensions>
          <ns3:TrackPointExtension>
            <ns3:hr>147</ns3:hr>
            <ns3:cad>92</ns3:cad>
          </ns3:TrackPointExtension>
        </extensions>
      </trkpt>
      <trkpt lat="24.626721180975437164306640625" lon="118.1424174271523952484130859375">
        <ele>10.19999980926513671875</ele>
        <time>2025-10-31T09:33:57.000Z</time>
        <extensions>
          <ns3:TrackPointExtension>
            <ns3:hr>147</ns3:hr>
            <ns3:cad>92</ns3:cad>
          </ns3:TrackPointExtension>
        </extensions>
      </trkpt>
      <trkpt lat="24.62674993090331554412841796875" lon="118.1424284912645816802978515625">
        <ele>10.19999980926513671875</ele>
        <time>2025-10-31T09:33:58.000Z</time>
        <extensions>
          <ns3:TrackPointExtension>
            <ns3:hr>146</ns3:hr>
            <ns3:cad>93</ns3:cad>
          </ns3:TrackPointExtension>
        </extensions>
      </trkpt>
      <trkpt lat="24.62677306495606899261474609375" lon="118.142435364425182342529296875">
        <ele>10.19999980926513671875</ele>
        <time>2025-10-31T09:33:59.000Z</time>
        <extensions>
          <ns3:TrackPointExtension>
            <ns3:hr>146</ns3:hr>
            <ns3:cad>93</ns3:cad>
          </ns3:TrackPointExtension>
        </extensions>
      </trkpt>
      <trkpt lat="24.62680332362651824951171875" lon="118.14244701527059078216552734375">
        <ele>10.19999980926513671875</ele>
        <time>2025-10-31T09:34:00.000Z</time>
        <extensions>
          <ns3:TrackPointExtension>
            <ns3:hr>145</ns3:hr>
            <ns3:cad>93</ns3:cad>
          </ns3:TrackPointExtension>
        </extensions>
      </trkpt>
      <trkpt lat="24.62682989425957202911376953125" lon="118.1424526311457157135009765625">
        <ele>10</ele>
        <time>2025-10-31T09:34:01.000Z</time>
        <extensions>
          <ns3:TrackPointExtension>
            <ns3:hr>145</ns3:hr>
            <ns3:cad>93</ns3:cad>
          </ns3:TrackPointExtension>
        </extensions>
      </trkpt>
      <trkpt lat="24.62685939855873584747314453125" lon="118.14246411435306072235107421875">
        <ele>10</ele>
        <time>2025-10-31T09:34:02.000Z</time>
        <extensions>
          <ns3:TrackPointExtension>
            <ns3:hr>145</ns3:hr>
            <ns3:cad>93</ns3:cad>
          </ns3:TrackPointExtension>
        </extensions>
      </trkpt>
      <trkpt lat="24.62688622064888477325439453125" lon="118.14247048459947109222412109375">
        <ele>10</ele>
        <time>2025-10-31T09:34:03.000Z</time>
        <extensions>
          <ns3:TrackPointExtension>
            <ns3:hr>146</ns3:hr>
            <ns3:cad>93</ns3:cad>
          </ns3:TrackPointExtension>
        </extensions>
      </trkpt>
      <trkpt lat="24.62691706605255603790283203125" lon="118.142480291426181793212890625">
        <ele>10</ele>
        <time>2025-10-31T09:34:04.000Z</time>
        <extensions>
          <ns3:TrackPointExtension>
            <ns3:hr>147</ns3:hr>
            <ns3:cad>93</ns3:cad>
          </ns3:TrackPointExtension>
        </extensions>
      </trkpt>
      <trkpt lat="24.6269446425139904022216796875" lon="118.14248993061482906341552734375">
        <ele>10</ele>
        <time>2025-10-31T09:34:05.000Z</time>
        <extensions>
          <ns3:TrackPointExtension>
            <ns3:hr>147</ns3:hr>
            <ns3:cad>93</ns3:cad>
          </ns3:TrackPointExtension>
        </extensions>
      </trkpt>
      <trkpt lat="24.62697096168994903564453125" lon="118.14249630086123943328857421875">
        <ele>10</ele>
        <time>2025-10-31T09:34:06.000Z</time>
        <extensions>
          <ns3:TrackPointExtension>
            <ns3:hr>147</ns3:hr>
            <ns3:cad>92</ns3:cad>
          </ns3:TrackPointExtension>
        </extensions>
      </trkpt>
      <trkpt lat="24.6269986219704151153564453125" lon="118.14250870607793331146240234375">
        <ele>10</ele>
        <time>2025-10-31T09:34:07.000Z</time>
        <extensions>
          <ns3:TrackPointExtension>
            <ns3:hr>147</ns3:hr>
            <ns3:cad>92</ns3:cad>
          </ns3:TrackPointExtension>
        </extensions>
      </trkpt>
      <trkpt lat="24.6270252764225006103515625" lon="118.14251641742885112762451171875">
        <ele>10</ele>
        <time>2025-10-31T09:34:08.000Z</time>
        <extensions>
          <ns3:TrackPointExtension>
            <ns3:hr>148</ns3:hr>
            <ns3:cad>93</ns3:cad>
          </ns3:TrackPointExtension>
        </extensions>
      </trkpt>
      <trkpt lat="24.62705545127391815185546875" lon="118.14252647571265697479248046875">
        <ele>10</ele>
        <time>2025-10-31T09:34:09.000Z</time>
        <extensions>
          <ns3:TrackPointExtension>
            <ns3:hr>148</ns3:hr>
            <ns3:cad>93</ns3:cad>
          </ns3:TrackPointExtension>
        </extensions>
      </trkpt>
      <trkpt lat="24.62708353064954280853271484375" lon="118.14253452233970165252685546875">
        <ele>10</ele>
        <time>2025-10-31T09:34:10.000Z</time>
        <extensions>
          <ns3:TrackPointExtension>
            <ns3:hr>149</ns3:hr>
            <ns3:cad>93</ns3:cad>
          </ns3:TrackPointExtension>
        </extensions>
      </trkpt>
      <trkpt lat="24.62711286731064319610595703125" lon="118.142543993890285491943359375">
        <ele>10.19999980926513671875</ele>
        <time>2025-10-31T09:34:11.000Z</time>
        <extensions>
          <ns3:TrackPointExtension>
            <ns3:hr>149</ns3:hr>
            <ns3:cad>93</ns3:cad>
          </ns3:TrackPointExtension>
        </extensions>
      </trkpt>
      <trkpt lat="24.62713859975337982177734375" lon="118.14254902303218841552734375">
        <ele>10</ele>
        <time>2025-10-31T09:34:12.000Z</time>
        <extensions>
          <ns3:TrackPointExtension>
            <ns3:hr>150</ns3:hr>
            <ns3:cad>93</ns3:cad>
          </ns3:TrackPointExtension>
        </extensions>
      </trkpt>
      <trkpt lat="24.6271679364144802093505859375" lon="118.142558746039867401123046875">
        <ele>9.80000019073486328125</ele>
        <time>2025-10-31T09:34:13.000Z</time>
        <extensions>
          <ns3:TrackPointExtension>
            <ns3:hr>150</ns3:hr>
            <ns3:cad>92</ns3:cad>
          </ns3:TrackPointExtension>
        </extensions>
      </trkpt>
      <trkpt lat="24.627193920314311981201171875" lon="118.1425592489540576934814453125">
        <ele>9.6000003814697265625</ele>
        <time>2025-10-31T09:34:14.000Z</time>
        <extensions>
          <ns3:TrackPointExtension>
            <ns3:hr>151</ns3:hr>
            <ns3:cad>92</ns3:cad>
          </ns3:TrackPointExtension>
        </extensions>
      </trkpt>
      <trkpt lat="24.62722367607057094573974609375" lon="118.1425689719617366790771484375">
        <ele>9.6000003814697265625</ele>
        <time>2025-10-31T09:34:15.000Z</time>
        <extensions>
          <ns3:TrackPointExtension>
            <ns3:hr>151</ns3:hr>
            <ns3:cad>92</ns3:cad>
          </ns3:TrackPointExtension>
        </extensions>
      </trkpt>
      <trkpt lat="24.6272470615804195404052734375" lon="118.1425703130662441253662109375">
        <ele>9.3999996185302734375</ele>
        <time>2025-10-31T09:34:16.000Z</time>
        <extensions>
          <ns3:TrackPointExtension>
            <ns3:hr>151</ns3:hr>
            <ns3:cad>92</ns3:cad>
          </ns3:TrackPointExtension>
        </extensions>
      </trkpt>
      <trkpt lat="24.6272738836705684661865234375" lon="118.14257986843585968017578125">
        <ele>9.3999996185302734375</ele>
        <time>2025-10-31T09:34:17.000Z</time>
        <extensions>
          <ns3:TrackPointExtension>
            <ns3:hr>150</ns3:hr>
            <ns3:cad>92</ns3:cad>
          </ns3:TrackPointExtension>
        </extensions>
      </trkpt>
      <trkpt lat="24.62729961611330509185791015625" lon="118.14258799888193607330322265625">
        <ele>9.3999996185302734375</ele>
        <time>2025-10-31T09:34:18.000Z</time>
        <extensions>
          <ns3:TrackPointExtension>
            <ns3:hr>151</ns3:hr>
            <ns3:cad>92</ns3:cad>
          </ns3:TrackPointExtension>
        </extensions>
      </trkpt>
      <trkpt lat="24.6273288689553737640380859375" lon="118.1425984762609004974365234375">
        <ele>9.6000003814697265625</ele>
        <time>2025-10-31T09:34:19.000Z</time>
        <extensions>
          <ns3:TrackPointExtension>
            <ns3:hr>150</ns3:hr>
            <ns3:cad>92</ns3:cad>
          </ns3:TrackPointExtension>
        </extensions>
      </trkpt>
      <trkpt lat="24.6273550204932689666748046875" lon="118.1426060199737548828125">
        <ele>9.6000003814697265625</ele>
        <time>2025-10-31T09:34:20.000Z</time>
        <extensions>
          <ns3:TrackPointExtension>
            <ns3:hr>150</ns3:hr>
            <ns3:cad>92</ns3:cad>
          </ns3:TrackPointExtension>
        </extensions>
      </trkpt>
      <trkpt lat="24.6273855306208133697509765625" lon="118.1426125578582286834716796875">
        <ele>9.6000003814697265625</ele>
        <time>2025-10-31T09:34:21.000Z</time>
        <extensions>
          <ns3:TrackPointExtension>
            <ns3:hr>150</ns3:hr>
            <ns3:cad>92</ns3:cad>
          </ns3:TrackPointExtension>
        </extensions>
      </trkpt>
      <trkpt lat="24.62741092778742313385009765625" lon="118.14261834137141704559326171875">
        <ele>9.6000003814697265625</ele>
        <time>2025-10-31T09:34:22.000Z</time>
        <extensions>
          <ns3:TrackPointExtension>
            <ns3:hr>150</ns3:hr>
            <ns3:cad>92</ns3:cad>
          </ns3:TrackPointExtension>
        </extensions>
      </trkpt>
      <trkpt lat="24.62743842042982578277587890625" lon="118.14263124950230121612548828125">
        <ele>9.6000003814697265625</ele>
        <time>2025-10-31T09:34:23.000Z</time>
        <extensions>
          <ns3:TrackPointExtension>
            <ns3:hr>150</ns3:hr>
            <ns3:cad>92</ns3:cad>
          </ns3:TrackPointExtension>
        </extensions>
      </trkpt>
      <trkpt lat="24.6274639852344989776611328125" lon="118.14264248125255107879638671875">
        <ele>9.6000003814697265625</ele>
        <time>2025-10-31T09:34:24.000Z</time>
        <extensions>
          <ns3:TrackPointExtension>
            <ns3:hr>150</ns3:hr>
            <ns3:cad>92</ns3:cad>
          </ns3:TrackPointExtension>
        </extensions>
      </trkpt>
      <trkpt lat="24.6274881251156330108642578125" lon="118.14265505410730838775634765625">
        <ele>9.6000003814697265625</ele>
        <time>2025-10-31T09:34:25.000Z</time>
        <extensions>
          <ns3:TrackPointExtension>
            <ns3:hr>150</ns3:hr>
            <ns3:cad>92</ns3:cad>
          </ns3:TrackPointExtension>
        </extensions>
      </trkpt>
      <trkpt lat="24.627514444291591644287109375" lon="118.1426717340946197509765625">
        <ele>9.6000003814697265625</ele>
        <time>2025-10-31T09:34:26.000Z</time>
        <extensions>
          <ns3:TrackPointExtension>
            <ns3:hr>149</ns3:hr>
            <ns3:cad>92</ns3:cad>
          </ns3:TrackPointExtension>
        </extensions>
      </trkpt>
      <trkpt lat="24.6275374107062816619873046875" lon="118.1426806189119815826416015625">
        <ele>9.6000003814697265625</ele>
        <time>2025-10-31T09:34:27.000Z</time>
        <extensions>
          <ns3:TrackPointExtension>
            <ns3:hr>149</ns3:hr>
            <ns3:cad>91</ns3:cad>
          </ns3:TrackPointExtension>
        </extensions>
      </trkpt>
      <trkpt lat="24.62756414897739887237548828125" lon="118.14269746653735637664794921875">
        <ele>9.6000003814697265625</ele>
        <time>2025-10-31T09:34:28.000Z</time>
        <extensions>
          <ns3:TrackPointExtension>
            <ns3:hr>149</ns3:hr>
            <ns3:cad>91</ns3:cad>
          </ns3:TrackPointExtension>
        </extensions>
      </trkpt>
      <trkpt lat="24.62758778594434261322021484375" lon="118.14270819537341594696044921875">
        <ele>9.6000003814697265625</ele>
        <time>2025-10-31T09:34:29.000Z</time>
        <extensions>
          <ns3:TrackPointExtension>
            <ns3:hr>148</ns3:hr>
            <ns3:cad>92</ns3:cad>
          </ns3:TrackPointExtension>
        </extensions>
      </trkpt>
      <trkpt lat="24.6276172064244747161865234375" lon="118.14272529445588588714599609375">
        <ele>9.3999996185302734375</ele>
        <time>2025-10-31T09:34:30.000Z</time>
        <extensions>
          <ns3:TrackPointExtension>
            <ns3:hr>148</ns3:hr>
            <ns3:cad>94</ns3:cad>
          </ns3:TrackPointExtension>
        </extensions>
      </trkpt>
      <trkpt lat="24.6276403404772281646728515625" lon="118.1427349336445331573486328125">
        <ele>9.3999996185302734375</ele>
        <time>2025-10-31T09:34:31.000Z</time>
        <extensions>
          <ns3:TrackPointExtension>
            <ns3:hr>148</ns3:hr>
            <ns3:cad>94</ns3:cad>
          </ns3:TrackPointExtension>
        </extensions>
      </trkpt>
      <trkpt lat="24.627670347690582275390625" lon="118.14275312237441539764404296875">
        <ele>9.3999996185302734375</ele>
        <time>2025-10-31T09:34:32.000Z</time>
        <extensions>
          <ns3:TrackPointExtension>
            <ns3:hr>148</ns3:hr>
            <ns3:cad>92</ns3:cad>
          </ns3:TrackPointExtension>
        </extensions>
      </trkpt>
      <trkpt lat="24.62769457139074802398681640625" lon="118.14276435412466526031494140625">
        <ele>9.3999996185302734375</ele>
        <time>2025-10-31T09:34:33.000Z</time>
        <extensions>
          <ns3:TrackPointExtension>
            <ns3:hr>148</ns3:hr>
            <ns3:cad>92</ns3:cad>
          </ns3:TrackPointExtension>
        </extensions>
      </trkpt>
      <trkpt lat="24.6277204714715480804443359375" lon="118.14277592115104198455810546875">
        <ele>9.3999996185302734375</ele>
        <time>2025-10-31T09:34:34.000Z</time>
        <extensions>
          <ns3:TrackPointExtension>
            <ns3:hr>149</ns3:hr>
            <ns3:cad>94</ns3:cad>
          </ns3:TrackPointExtension>
        </extensions>
      </trkpt>
      <trkpt lat="24.62774469517171382904052734375" lon="118.1427845545113086700439453125">
        <ele>9.3999996185302734375</ele>
        <time>2025-10-31T09:34:35.000Z</time>
        <extensions>
          <ns3:TrackPointExtension>
            <ns3:hr>149</ns3:hr>
            <ns3:cad>94</ns3:cad>
          </ns3:TrackPointExtension>
        </extensions>
      </trkpt>
      <trkpt lat="24.62776950560510158538818359375" lon="118.142796456813812255859375">
        <ele>9.3999996185302734375</ele>
        <time>2025-10-31T09:34:36.000Z</time>
        <extensions>
          <ns3:TrackPointExtension>
            <ns3:hr>149</ns3:hr>
            <ns3:cad>93</ns3:cad>
          </ns3:TrackPointExtension>
        </extensions>
      </trkpt>
      <trkpt lat="24.62779414840042591094970703125" lon="118.142808191478252410888671875">
        <ele>9.3999996185302734375</ele>
        <time>2025-10-31T09:34:37.000Z</time>
        <extensions>
          <ns3:TrackPointExtension>
            <ns3:hr>149</ns3:hr>
            <ns3:cad>93</ns3:cad>
          </ns3:TrackPointExtension>
        </extensions>
      </trkpt>
      <trkpt lat="24.62781795300543308258056640625" lon="118.1428165733814239501953125">
        <ele>9.3999996185302734375</ele>
        <time>2025-10-31T09:34:38.000Z</time>
        <extensions>
          <ns3:TrackPointExtension>
            <ns3:hr>149</ns3:hr>
            <ns3:cad>92</ns3:cad>
          </ns3:TrackPointExtension>
        </extensions>
      </trkpt>
      <trkpt lat="24.6278455294668674468994140625" lon="118.1428395397961139678955078125">
        <ele>9.3999996185302734375</ele>
        <time>2025-10-31T09:34:39.000Z</time>
        <extensions>
          <ns3:TrackPointExtension>
            <ns3:hr>149</ns3:hr>
            <ns3:cad>92</ns3:cad>
          </ns3:TrackPointExtension>
        </extensions>
      </trkpt>
      <trkpt lat="24.62786841206252574920654296875" lon="118.14284850843250751495361328125">
        <ele>9.3999996185302734375</ele>
        <time>2025-10-31T09:34:40.000Z</time>
        <extensions>
          <ns3:TrackPointExtension>
            <ns3:hr>150</ns3:hr>
            <ns3:cad>92</ns3:cad>
          </ns3:TrackPointExtension>
        </extensions>
      </trkpt>
      <trkpt lat="24.627894647419452667236328125" lon="118.14286627806723117828369140625">
        <ele>9.3999996185302734375</ele>
        <time>2025-10-31T09:34:41.000Z</time>
        <extensions>
          <ns3:TrackPointExtension>
            <ns3:hr>150</ns3:hr>
            <ns3:cad>92</ns3:cad>
          </ns3:TrackPointExtension>
        </extensions>
      </trkpt>
      <trkpt lat="24.627918116748332977294921875" lon="118.14287331886589527130126953125">
        <ele>9.19999980926513671875</ele>
        <time>2025-10-31T09:34:42.000Z</time>
        <extensions>
          <ns3:TrackPointExtension>
            <ns3:hr>150</ns3:hr>
            <ns3:cad>93</ns3:cad>
          </ns3:TrackPointExtension>
        </extensions>
      </trkpt>
      <trkpt lat="24.62794460356235504150390625" lon="118.14289192669093608856201171875">
        <ele>9.19999980926513671875</ele>
        <time>2025-10-31T09:34:43.000Z</time>
        <extensions>
          <ns3:TrackPointExtension>
            <ns3:hr>150</ns3:hr>
            <ns3:cad>93</ns3:cad>
          </ns3:TrackPointExtension>
        </extensions>
      </trkpt>
      <trkpt lat="24.62796698324382305145263671875" lon="118.1429019011557102203369140625">
        <ele>9.19999980926513671875</ele>
        <time>2025-10-31T09:34:44.000Z</time>
        <extensions>
          <ns3:TrackPointExtension>
            <ns3:hr>150</ns3:hr>
            <ns3:cad>93</ns3:cad>
          </ns3:TrackPointExtension>
        </extensions>
      </trkpt>
      <trkpt lat="24.62799464352428913116455078125" lon="118.142918162047863006591796875">
        <ele>9.19999980926513671875</ele>
        <time>2025-10-31T09:34:45.000Z</time>
        <extensions>
          <ns3:TrackPointExtension>
            <ns3:hr>150</ns3:hr>
            <ns3:cad>93</ns3:cad>
          </ns3:TrackPointExtension>
        </extensions>
      </trkpt>
      <trkpt lat="24.62802314199507236480712890625" lon="118.14292176626622676849365234375">
        <ele>9.19999980926513671875</ele>
        <time>2025-10-31T09:34:46.000Z</time>
        <extensions>
          <ns3:TrackPointExtension>
            <ns3:hr>150</ns3:hr>
            <ns3:cad>93</ns3:cad>
          </ns3:TrackPointExtension>
        </extensions>
      </trkpt>
      <trkpt lat="24.62805583141744136810302734375" lon="118.14293266274034976959228515625">
        <ele>9.19999980926513671875</ele>
        <time>2025-10-31T09:34:47.000Z</time>
        <extensions>
          <ns3:TrackPointExtension>
            <ns3:hr>150</ns3:hr>
            <ns3:cad>93</ns3:cad>
          </ns3:TrackPointExtension>
        </extensions>
      </trkpt>
      <trkpt lat="24.62808483280241489410400390625" lon="118.14294037409126758575439453125">
        <ele>9.19999980926513671875</ele>
        <time>2025-10-31T09:34:48.000Z</time>
        <extensions>
          <ns3:TrackPointExtension>
            <ns3:hr>151</ns3:hr>
            <ns3:cad>91</ns3:cad>
          </ns3:TrackPointExtension>
        </extensions>
      </trkpt>
      <trkpt lat="24.628111906349658966064453125" lon="118.14295143820345401763916015625">
        <ele>9.19999980926513671875</ele>
        <time>2025-10-31T09:34:49.000Z</time>
        <extensions>
          <ns3:TrackPointExtension>
            <ns3:hr>150</ns3:hr>
            <ns3:cad>91</ns3:cad>
          </ns3:TrackPointExtension>
        </extensions>
      </trkpt>
      <trkpt lat="24.62813981808722019195556640625" lon="118.14296049065887928009033203125">
        <ele>9.19999980926513671875</ele>
        <time>2025-10-31T09:34:50.000Z</time>
        <extensions>
          <ns3:TrackPointExtension>
            <ns3:hr>150</ns3:hr>
            <ns3:cad>91</ns3:cad>
          </ns3:TrackPointExtension>
        </extensions>
      </trkpt>
      <trkpt lat="24.6281647123396396636962890625" lon="118.142975158989429473876953125">
        <ele>9</ele>
        <time>2025-10-31T09:34:51.000Z</time>
        <extensions>
          <ns3:TrackPointExtension>
            <ns3:hr>150</ns3:hr>
            <ns3:cad>93</ns3:cad>
          </ns3:TrackPointExtension>
        </extensions>
      </trkpt>
      <trkpt lat="24.6281920373439788818359375" lon="118.14299167133867740631103515625">
        <ele>9</ele>
        <time>2025-10-31T09:34:52.000Z</time>
        <extensions>
          <ns3:TrackPointExtension>
            <ns3:hr>151</ns3:hr>
            <ns3:cad>93</ns3:cad>
          </ns3:TrackPointExtension>
        </extensions>
      </trkpt>
      <trkpt lat="24.62821441702544689178466796875" lon="118.1430011428892612457275390625">
        <ele>9.19999980926513671875</ele>
        <time>2025-10-31T09:34:53.000Z</time>
        <extensions>
          <ns3:TrackPointExtension>
            <ns3:hr>150</ns3:hr>
            <ns3:cad>93</ns3:cad>
          </ns3:TrackPointExtension>
        </extensions>
      </trkpt>
      <trkpt lat="24.6282438375055789947509765625" lon="118.1430199183523654937744140625">
        <ele>9</ele>
        <time>2025-10-31T09:34:54.000Z</time>
        <extensions>
          <ns3:TrackPointExtension>
            <ns3:hr>150</ns3:hr>
            <ns3:cad>93</ns3:cad>
          </ns3:TrackPointExtension>
        </extensions>
      </trkpt>
      <trkpt lat="24.628258757293224334716796875" lon="118.1430326588451862335205078125">
        <ele>9</ele>
        <time>2025-10-31T09:34:55.000Z</time>
        <extensions>
          <ns3:TrackPointExtension>
            <ns3:hr>151</ns3:hr>
            <ns3:cad>93</ns3:cad>
          </ns3:TrackPointExtension>
        </extensions>
      </trkpt>
      <trkpt lat="24.6282864175736904144287109375" lon="118.14305017702281475067138671875">
        <ele>9.19999980926513671875</ele>
        <time>2025-10-31T09:34:56.000Z</time>
        <extensions>
          <ns3:TrackPointExtension>
            <ns3:hr>150</ns3:hr>
            <ns3:cad>93</ns3:cad>
          </ns3:TrackPointExtension>
        </extensions>
      </trkpt>
      <trkpt lat="24.62830577977001667022705078125" lon="118.14306199550628662109375">
        <ele>9.19999980926513671875</ele>
        <time>2025-10-31T09:34:57.000Z</time>
        <extensions>
          <ns3:TrackPointExtension>
            <ns3:hr>150</ns3:hr>
            <ns3:cad>93</ns3:cad>
          </ns3:TrackPointExtension>
        </extensions>
      </trkpt>
      <trkpt lat="24.628334529697895050048828125" lon="118.14308236353099346160888671875">
        <ele>9.19999980926513671875</ele>
        <time>2025-10-31T09:34:58.000Z</time>
        <extensions>
          <ns3:TrackPointExtension>
            <ns3:hr>150</ns3:hr>
            <ns3:cad>93</ns3:cad>
          </ns3:TrackPointExtension>
        </extensions>
      </trkpt>
      <trkpt lat="24.62835506536066532135009765625" lon="118.14309007488191127777099609375">
        <ele>9.19999980926513671875</ele>
        <time>2025-10-31T09:34:59.000Z</time>
        <extensions>
          <ns3:TrackPointExtension>
            <ns3:hr>151</ns3:hr>
            <ns3:cad>92</ns3:cad>
          </ns3:TrackPointExtension>
        </extensions>
      </trkpt>
      <trkpt lat="24.62838356383144855499267578125" lon="118.14310851506888866424560546875">
        <ele>9.3999996185302734375</ele>
        <time>2025-10-31T09:35:00.000Z</time>
        <extensions>
          <ns3:TrackPointExtension>
            <ns3:hr>151</ns3:hr>
            <ns3:cad>92</ns3:cad>
          </ns3:TrackPointExtension>
        </extensions>
      </trkpt>
      <trkpt lat="24.6284067817032337188720703125" lon="118.14311991445720195770263671875">
        <ele>9.19999980926513671875</ele>
        <time>2025-10-31T09:35:01.000Z</time>
        <extensions>
          <ns3:TrackPointExtension>
            <ns3:hr>151</ns3:hr>
            <ns3:cad>92</ns3:cad>
          </ns3:TrackPointExtension>
        </extensions>
      </trkpt>
      <trkpt lat="24.62843787856400012969970703125" lon="118.14314036630094051361083984375">
        <ele>9.3999996185302734375</ele>
        <time>2025-10-31T09:35:02.000Z</time>
        <extensions>
          <ns3:TrackPointExtension>
            <ns3:hr>152</ns3:hr>
            <ns3:cad>92</ns3:cad>
          </ns3:TrackPointExtension>
        </extensions>
      </trkpt>
      <trkpt lat="24.62846319191157817840576171875" lon="118.1431540288031101226806640625">
        <ele>9.3999996185302734375</ele>
        <time>2025-10-31T09:35:03.000Z</time>
        <extensions>
          <ns3:TrackPointExtension>
            <ns3:hr>152</ns3:hr>
            <ns3:cad>92</ns3:cad>
          </ns3:TrackPointExtension>
        </extensions>
      </trkpt>
      <trkpt lat="24.62849043309688568115234375" lon="118.14317263662815093994140625">
        <ele>9.3999996185302734375</ele>
        <time>2025-10-31T09:35:04.000Z</time>
        <extensions>
          <ns3:TrackPointExtension>
            <ns3:hr>153</ns3:hr>
            <ns3:cad>93</ns3:cad>
          </ns3:TrackPointExtension>
        </extensions>
      </trkpt>
      <trkpt lat="24.6285164169967174530029296875" lon="118.1431845389306545257568359375">
        <ele>9.3999996185302734375</ele>
        <time>2025-10-31T09:35:05.000Z</time>
        <extensions>
          <ns3:TrackPointExtension>
            <ns3:hr>154</ns3:hr>
            <ns3:cad>93</ns3:cad>
          </ns3:TrackPointExtension>
        </extensions>
      </trkpt>
      <trkpt lat="24.62854080833494663238525390625" lon="118.143200464546680450439453125">
        <ele>9.3999996185302734375</ele>
        <time>2025-10-31T09:35:06.000Z</time>
        <extensions>
          <ns3:TrackPointExtension>
            <ns3:hr>154</ns3:hr>
            <ns3:cad>93</ns3:cad>
          </ns3:TrackPointExtension>
        </extensions>
      </trkpt>
      <trkpt lat="24.62856679223477840423583984375" lon="118.14321815036237239837646484375">
        <ele>9.3999996185302734375</ele>
        <time>2025-10-31T09:35:07.000Z</time>
        <extensions>
          <ns3:TrackPointExtension>
            <ns3:hr>155</ns3:hr>
            <ns3:cad>93</ns3:cad>
          </ns3:TrackPointExtension>
        </extensions>
      </trkpt>
      <trkpt lat="24.6285891719162464141845703125" lon="118.14323457889258861541748046875">
        <ele>9.19999980926513671875</ele>
        <time>2025-10-31T09:35:08.000Z</time>
        <extensions>
          <ns3:TrackPointExtension>
            <ns3:hr>155</ns3:hr>
            <ns3:cad>93</ns3:cad>
          </ns3:TrackPointExtension>
        </extensions>
      </trkpt>
      <trkpt lat="24.6286158263683319091796875" lon="118.1432502530515193939208984375">
        <ele>9.3999996185302734375</ele>
        <time>2025-10-31T09:35:09.000Z</time>
        <extensions>
          <ns3:TrackPointExtension>
            <ns3:hr>155</ns3:hr>
            <ns3:cad>93</ns3:cad>
          </ns3:TrackPointExtension>
        </extensions>
      </trkpt>
      <trkpt lat="24.6286387927830219268798828125" lon="118.14326324500143527984619140625">
        <ele>9.3999996185302734375</ele>
        <time>2025-10-31T09:35:10.000Z</time>
        <extensions>
          <ns3:TrackPointExtension>
            <ns3:hr>156</ns3:hr>
            <ns3:cad>91</ns3:cad>
          </ns3:TrackPointExtension>
        </extensions>
      </trkpt>
      <trkpt lat="24.62866368703544139862060546875" lon="118.14327967353165149688720703125">
        <ele>9.3999996185302734375</ele>
        <time>2025-10-31T09:35:11.000Z</time>
        <extensions>
          <ns3:TrackPointExtension>
            <ns3:hr>156</ns3:hr>
            <ns3:cad>91</ns3:cad>
          </ns3:TrackPointExtension>
        </extensions>
      </trkpt>
      <trkpt lat="24.628685228526592254638671875" lon="118.143293000757694244384765625">
        <ele>9.3999996185302734375</ele>
        <time>2025-10-31T09:35:12.000Z</time>
        <extensions>
          <ns3:TrackPointExtension>
            <ns3:hr>156</ns3:hr>
            <ns3:cad>93</ns3:cad>
          </ns3:TrackPointExtension>
        </extensions>
      </trkpt>
      <trkpt lat="24.6287123858928680419921875" lon="118.14330875873565673828125">
        <ele>9.3999996185302734375</ele>
        <time>2025-10-31T09:35:13.000Z</time>
        <extensions>
          <ns3:TrackPointExtension>
            <ns3:hr>155</ns3:hr>
            <ns3:cad>93</ns3:cad>
          </ns3:TrackPointExtension>
        </extensions>
      </trkpt>
      <trkpt lat="24.628729484975337982177734375" lon="118.1433156318962574005126953125">
        <ele>9.3999996185302734375</ele>
        <time>2025-10-31T09:35:14.000Z</time>
        <extensions>
          <ns3:TrackPointExtension>
            <ns3:hr>155</ns3:hr>
            <ns3:cad>93</ns3:cad>
          </ns3:TrackPointExtension>
        </extensions>
      </trkpt>
      <trkpt lat="24.628755636513233184814453125" lon="118.143337927758693695068359375">
        <ele>9.3999996185302734375</ele>
        <time>2025-10-31T09:35:15.000Z</time>
        <extensions>
          <ns3:TrackPointExtension>
            <ns3:hr>155</ns3:hr>
            <ns3:cad>93</ns3:cad>
          </ns3:TrackPointExtension>
        </extensions>
      </trkpt>
      <trkpt lat="24.62878187187016010284423828125" lon="118.14334538765251636505126953125">
        <ele>9.3999996185302734375</ele>
        <time>2025-10-31T09:35:16.000Z</time>
        <extensions>
          <ns3:TrackPointExtension>
            <ns3:hr>154</ns3:hr>
            <ns3:cad>91</ns3:cad>
          </ns3:TrackPointExtension>
        </extensions>
      </trkpt>
      <trkpt lat="24.6288064308464527130126953125" lon="118.14336617477238178253173828125">
        <ele>9.3999996185302734375</ele>
        <time>2025-10-31T09:35:17.000Z</time>
        <extensions>
          <ns3:TrackPointExtension>
            <ns3:hr>154</ns3:hr>
            <ns3:cad>91</ns3:cad>
          </ns3:TrackPointExtension>
        </extensions>
      </trkpt>
      <trkpt lat="24.62883107364177703857421875" lon="118.14337941817939281463623046875">
        <ele>9.3999996185302734375</ele>
        <time>2025-10-31T09:35:18.000Z</time>
        <extensions>
          <ns3:TrackPointExtension>
            <ns3:hr>154</ns3:hr>
            <ns3:cad>92</ns3:cad>
          </ns3:TrackPointExtension>
        </extensions>
      </trkpt>
      <trkpt lat="24.62885320186614990234375" lon="118.14339852891862392425537109375">
        <ele>9.6000003814697265625</ele>
        <time>2025-10-31T09:35:19.000Z</time>
        <extensions>
          <ns3:TrackPointExtension>
            <ns3:hr>153</ns3:hr>
            <ns3:cad>92</ns3:cad>
          </ns3:TrackPointExtension>
        </extensions>
      </trkpt>
      <trkpt lat="24.62887608446180820465087890625" lon="118.14341068267822265625">
        <ele>9.6000003814697265625</ele>
        <time>2025-10-31T09:35:20.000Z</time>
        <extensions>
          <ns3:TrackPointExtension>
            <ns3:hr>153</ns3:hr>
            <ns3:cad>92</ns3:cad>
          </ns3:TrackPointExtension>
        </extensions>
      </trkpt>
      <trkpt lat="24.62889703921973705291748046875" lon="118.14343641512095928192138671875">
        <ele>9.80000019073486328125</ele>
        <time>2025-10-31T09:35:21.000Z</time>
        <extensions>
          <ns3:TrackPointExtension>
            <ns3:hr>152</ns3:hr>
            <ns3:cad>92</ns3:cad>
          </ns3:TrackPointExtension>
        </extensions>
      </trkpt>
      <trkpt lat="24.62891799397766590118408203125" lon="118.14345535822212696075439453125">
        <ele>9.80000019073486328125</ele>
        <time>2025-10-31T09:35:22.000Z</time>
        <extensions>
          <ns3:TrackPointExtension>
            <ns3:hr>151</ns3:hr>
            <ns3:cad>92</ns3:cad>
          </ns3:TrackPointExtension>
        </extensions>
      </trkpt>
      <trkpt lat="24.62894104421138763427734375" lon="118.143474049866199493408203125">
        <ele>9.80000019073486328125</ele>
        <time>2025-10-31T09:35:23.000Z</time>
        <extensions>
          <ns3:TrackPointExtension>
            <ns3:hr>151</ns3:hr>
            <ns3:cad>92</ns3:cad>
          </ns3:TrackPointExtension>
        </extensions>
      </trkpt>
      <trkpt lat="24.6289646811783313751220703125" lon="118.14349089749157428741455078125">
        <ele>9.80000019073486328125</ele>
        <time>2025-10-31T09:35:24.000Z</time>
        <extensions>
          <ns3:TrackPointExtension>
            <ns3:hr>151</ns3:hr>
            <ns3:cad>92</ns3:cad>
          </ns3:TrackPointExtension>
        </extensions>
      </trkpt>
      <trkpt lat="24.6289824508130550384521484375" lon="118.143504224717617034912109375">
        <ele>10</ele>
        <time>2025-10-31T09:35:25.000Z</time>
        <extensions>
          <ns3:TrackPointExtension>
            <ns3:hr>151</ns3:hr>
            <ns3:cad>92</ns3:cad>
          </ns3:TrackPointExtension>
        </extensions>
      </trkpt>
      <trkpt lat="24.62900952436029911041259765625" lon="118.14352266490459442138671875">
        <ele>9.80000019073486328125</ele>
        <time>2025-10-31T09:35:26.000Z</time>
        <extensions>
          <ns3:TrackPointExtension>
            <ns3:hr>151</ns3:hr>
            <ns3:cad>92</ns3:cad>
          </ns3:TrackPointExtension>
        </extensions>
      </trkpt>
      <trkpt lat="24.6290290541946887969970703125" lon="118.1435429491102695465087890625">
        <ele>9.80000019073486328125</ele>
        <time>2025-10-31T09:35:27.000Z</time>
        <extensions>
          <ns3:TrackPointExtension>
            <ns3:hr>151</ns3:hr>
            <ns3:cad>93</ns3:cad>
          </ns3:TrackPointExtension>
        </extensions>
      </trkpt>
      <trkpt lat="24.6290518529713153839111328125" lon="118.14355627633631229400634765625">
        <ele>9.80000019073486328125</ele>
        <time>2025-10-31T09:35:28.000Z</time>
        <extensions>
          <ns3:TrackPointExtension>
            <ns3:hr>151</ns3:hr>
            <ns3:cad>93</ns3:cad>
          </ns3:TrackPointExtension>
        </extensions>
      </trkpt>
      <trkpt lat="24.629072137176990509033203125" lon="118.14357387833297252655029296875">
        <ele>9.80000019073486328125</ele>
        <time>2025-10-31T09:35:29.000Z</time>
        <extensions>
          <ns3:TrackPointExtension>
            <ns3:hr>151</ns3:hr>
            <ns3:cad>92</ns3:cad>
          </ns3:TrackPointExtension>
        </extensions>
      </trkpt>
      <trkpt lat="24.62909552268683910369873046875" lon="118.1435918994247913360595703125">
        <ele>9.80000019073486328125</ele>
        <time>2025-10-31T09:35:30.000Z</time>
        <extensions>
          <ns3:TrackPointExtension>
            <ns3:hr>151</ns3:hr>
            <ns3:cad>92</ns3:cad>
          </ns3:TrackPointExtension>
        </extensions>
      </trkpt>
      <trkpt lat="24.6291138790547847747802734375" lon="118.1436089985072612762451171875">
        <ele>10</ele>
        <time>2025-10-31T09:35:31.000Z</time>
        <extensions>
          <ns3:TrackPointExtension>
            <ns3:hr>151</ns3:hr>
            <ns3:cad>93</ns3:cad>
          </ns3:TrackPointExtension>
        </extensions>
      </trkpt>
      <trkpt lat="24.62913977913558483123779296875" lon="118.143627941608428955078125">
        <ele>10</ele>
        <time>2025-10-31T09:35:32.000Z</time>
        <extensions>
          <ns3:TrackPointExtension>
            <ns3:hr>151</ns3:hr>
            <ns3:cad>93</ns3:cad>
          </ns3:TrackPointExtension>
        </extensions>
      </trkpt>
      <trkpt lat="24.62916090153157711029052734375" lon="118.14363657496869564056396484375">
        <ele>10</ele>
        <time>2025-10-31T09:35:33.000Z</time>
        <extensions>
          <ns3:TrackPointExtension>
            <ns3:hr>150</ns3:hr>
            <ns3:cad>92</ns3:cad>
          </ns3:TrackPointExtension>
        </extensions>
      </trkpt>
      <trkpt lat="24.62918504141271114349365234375" lon="118.14365208148956298828125">
        <ele>10</ele>
        <time>2025-10-31T09:35:34.000Z</time>
        <extensions>
          <ns3:TrackPointExtension>
            <ns3:hr>151</ns3:hr>
            <ns3:cad>92</ns3:cad>
          </ns3:TrackPointExtension>
        </extensions>
      </trkpt>
      <trkpt lat="24.62920046411454677581787109375" lon="118.1436623074114322662353515625">
        <ele>10</ele>
        <time>2025-10-31T09:35:35.000Z</time>
        <extensions>
          <ns3:TrackPointExtension>
            <ns3:hr>151</ns3:hr>
            <ns3:cad>92</ns3:cad>
          </ns3:TrackPointExtension>
        </extensions>
      </trkpt>
      <trkpt lat="24.62922443635761737823486328125" lon="118.14368351362645626068115234375">
        <ele>10</ele>
        <time>2025-10-31T09:35:36.000Z</time>
        <extensions>
          <ns3:TrackPointExtension>
            <ns3:hr>151</ns3:hr>
            <ns3:cad>92</ns3:cad>
          </ns3:TrackPointExtension>
        </extensions>
      </trkpt>
      <trkpt lat="24.6292434632778167724609375" lon="118.14369776286184787750244140625">
        <ele>10</ele>
        <time>2025-10-31T09:35:37.000Z</time>
        <extensions>
          <ns3:TrackPointExtension>
            <ns3:hr>152</ns3:hr>
            <ns3:cad>92</ns3:cad>
          </ns3:TrackPointExtension>
        </extensions>
      </trkpt>
      <trkpt lat="24.629269279539585113525390625" lon="118.1437182985246181488037109375">
        <ele>10</ele>
        <time>2025-10-31T09:35:38.000Z</time>
        <extensions>
          <ns3:TrackPointExtension>
            <ns3:hr>152</ns3:hr>
            <ns3:cad>92</ns3:cad>
          </ns3:TrackPointExtension>
        </extensions>
      </trkpt>
      <trkpt lat="24.62928730063140392303466796875" lon="118.14372877590358257293701171875">
        <ele>10</ele>
        <time>2025-10-31T09:35:39.000Z</time>
        <extensions>
          <ns3:TrackPointExtension>
            <ns3:hr>153</ns3:hr>
            <ns3:cad>92</ns3:cad>
          </ns3:TrackPointExtension>
        </extensions>
      </trkpt>
      <trkpt lat="24.629312865436077117919921875" lon="118.14374503679573535919189453125">
        <ele>10</ele>
        <time>2025-10-31T09:35:40.000Z</time>
        <extensions>
          <ns3:TrackPointExtension>
            <ns3:hr>153</ns3:hr>
            <ns3:cad>91</ns3:cad>
          </ns3:TrackPointExtension>
        </extensions>
      </trkpt>
      <trkpt lat="24.6293331496417522430419921875" lon="118.1437548436224460601806640625">
        <ele>10</ele>
        <time>2025-10-31T09:35:41.000Z</time>
        <extensions>
          <ns3:TrackPointExtension>
            <ns3:hr>154</ns3:hr>
            <ns3:cad>91</ns3:cad>
          </ns3:TrackPointExtension>
        </extensions>
      </trkpt>
      <trkpt lat="24.629361815750598907470703125" lon="118.14377345144748687744140625">
        <ele>10.19999980926513671875</ele>
        <time>2025-10-31T09:35:42.000Z</time>
        <extensions>
          <ns3:TrackPointExtension>
            <ns3:hr>154</ns3:hr>
            <ns3:cad>90</ns3:cad>
          </ns3:TrackPointExtension>
        </extensions>
      </trkpt>
      <trkpt lat="24.6293861232697963714599609375" lon="118.143783174455165863037109375">
        <ele>10.19999980926513671875</ele>
        <time>2025-10-31T09:35:43.000Z</time>
        <extensions>
          <ns3:TrackPointExtension>
            <ns3:hr>154</ns3:hr>
            <ns3:cad>90</ns3:cad>
          </ns3:TrackPointExtension>
        </extensions>
      </trkpt>
      <trkpt lat="24.62941269390285015106201171875" lon="118.14380488358438014984130859375">
        <ele>10.19999980926513671875</ele>
        <time>2025-10-31T09:35:44.000Z</time>
        <extensions>
          <ns3:TrackPointExtension>
            <ns3:hr>154</ns3:hr>
            <ns3:cad>89</ns3:cad>
          </ns3:TrackPointExtension>
        </extensions>
      </trkpt>
      <trkpt lat="24.62943180464208126068115234375" lon="118.14381829462945461273193359375">
        <ele>10.19999980926513671875</ele>
        <time>2025-10-31T09:35:45.000Z</time>
        <extensions>
          <ns3:TrackPointExtension>
            <ns3:hr>154</ns3:hr>
            <ns3:cad>89</ns3:cad>
          </ns3:TrackPointExtension>
        </extensions>
      </trkpt>
      <trkpt lat="24.629459381103515625" lon="118.14384461380541324615478515625">
        <ele>10.19999980926513671875</ele>
        <time>2025-10-31T09:35:46.000Z</time>
        <extensions>
          <ns3:TrackPointExtension>
            <ns3:hr>154</ns3:hr>
            <ns3:cad>89</ns3:cad>
          </ns3:TrackPointExtension>
        </extensions>
      </trkpt>
      <trkpt lat="24.62947941385209560394287109375" lon="118.14385819248855113983154296875">
        <ele>10.19999980926513671875</ele>
        <time>2025-10-31T09:35:47.000Z</time>
        <extensions>
          <ns3:TrackPointExtension>
            <ns3:hr>154</ns3:hr>
            <ns3:cad>89</ns3:cad>
          </ns3:TrackPointExtension>
        </extensions>
      </trkpt>
      <trkpt lat="24.6295071579515933990478515625" lon="118.1438840925693511962890625">
        <ele>10.19999980926513671875</ele>
        <time>2025-10-31T09:35:48.000Z</time>
        <extensions>
          <ns3:TrackPointExtension>
            <ns3:hr>154</ns3:hr>
            <ns3:cad>89</ns3:cad>
          </ns3:TrackPointExtension>
        </extensions>
      </trkpt>
      <trkpt lat="24.62952450849115848541259765625" lon="118.14389339648187160491943359375">
        <ele>10.19999980926513671875</ele>
        <time>2025-10-31T09:35:49.000Z</time>
        <extensions>
          <ns3:TrackPointExtension>
            <ns3:hr>153</ns3:hr>
            <ns3:cad>89</ns3:cad>
          </ns3:TrackPointExtension>
        </extensions>
      </trkpt>
      <trkpt lat="24.6295494027435779571533203125" lon="118.1439194642007350921630859375">
        <ele>10.19999980926513671875</ele>
        <time>2025-10-31T09:35:50.000Z</time>
        <extensions>
          <ns3:TrackPointExtension>
            <ns3:hr>153</ns3:hr>
            <ns3:cad>89</ns3:cad>
          </ns3:TrackPointExtension>
        </extensions>
      </trkpt>
      <trkpt lat="24.6295628137886524200439453125" lon="118.14392189495265483856201171875">
        <ele>10.19999980926513671875</ele>
        <time>2025-10-31T09:35:51.000Z</time>
        <extensions>
          <ns3:TrackPointExtension>
            <ns3:hr>152</ns3:hr>
            <ns3:cad>89</ns3:cad>
          </ns3:TrackPointExtension>
        </extensions>
      </trkpt>
      <trkpt lat="24.62958955205976963043212890625" lon="118.1439436040818691253662109375">
        <ele>10.19999980926513671875</ele>
        <time>2025-10-31T09:35:52.000Z</time>
        <extensions>
          <ns3:TrackPointExtension>
            <ns3:hr>151</ns3:hr>
            <ns3:cad>89</ns3:cad>
          </ns3:TrackPointExtension>
        </extensions>
      </trkpt>
      <trkpt lat="24.6296070702373981475830078125" lon="118.14395324327051639556884765625">
        <ele>10.19999980926513671875</ele>
        <time>2025-10-31T09:35:53.000Z</time>
        <extensions>
          <ns3:TrackPointExtension>
            <ns3:hr>151</ns3:hr>
            <ns3:cad>89</ns3:cad>
          </ns3:TrackPointExtension>
        </extensions>
      </trkpt>
      <trkpt lat="24.6296298690140247344970703125" lon="118.14397201873362064361572265625">
        <ele>10.19999980926513671875</ele>
        <time>2025-10-31T09:35:54.000Z</time>
        <extensions>
          <ns3:TrackPointExtension>
            <ns3:hr>151</ns3:hr>
            <ns3:cad>90</ns3:cad>
          </ns3:TrackPointExtension>
        </extensions>
      </trkpt>
      <trkpt lat="24.62965040467679500579833984375" lon="118.143982999026775360107421875">
        <ele>10.19999980926513671875</ele>
        <time>2025-10-31T09:35:55.000Z</time>
        <extensions>
          <ns3:TrackPointExtension>
            <ns3:hr>150</ns3:hr>
            <ns3:cad>91</ns3:cad>
          </ns3:TrackPointExtension>
        </extensions>
      </trkpt>
      <trkpt lat="24.629674963653087615966796875" lon="118.14400219358503818511962890625">
        <ele>10.19999980926513671875</ele>
        <time>2025-10-31T09:35:56.000Z</time>
        <extensions>
          <ns3:TrackPointExtension>
            <ns3:hr>150</ns3:hr>
            <ns3:cad>92</ns3:cad>
          </ns3:TrackPointExtension>
        </extensions>
      </trkpt>
      <trkpt lat="24.62969734333455562591552734375" lon="118.1440130062401294708251953125">
        <ele>10.19999980926513671875</ele>
        <time>2025-10-31T09:35:57.000Z</time>
        <extensions>
          <ns3:TrackPointExtension>
            <ns3:hr>150</ns3:hr>
            <ns3:cad>92</ns3:cad>
          </ns3:TrackPointExtension>
        </extensions>
      </trkpt>
      <trkpt lat="24.62972165085375308990478515625" lon="118.1440314464271068572998046875">
        <ele>10.19999980926513671875</ele>
        <time>2025-10-31T09:35:58.000Z</time>
        <extensions>
          <ns3:TrackPointExtension>
            <ns3:hr>150</ns3:hr>
            <ns3:cad>92</ns3:cad>
          </ns3:TrackPointExtension>
        </extensions>
      </trkpt>
      <trkpt lat="24.62974570691585540771484375" lon="118.14404779113829135894775390625">
        <ele>10.19999980926513671875</ele>
        <time>2025-10-31T09:35:59.000Z</time>
        <extensions>
          <ns3:TrackPointExtension>
            <ns3:hr>150</ns3:hr>
            <ns3:cad>92</ns3:cad>
          </ns3:TrackPointExtension>
        </extensions>
      </trkpt>
      <trkpt lat="24.62976942770183086395263671875" lon="118.14405801706016063690185546875">
        <ele>10.3999996185302734375</ele>
        <time>2025-10-31T09:36:00.000Z</time>
        <extensions>
          <ns3:TrackPointExtension>
            <ns3:hr>150</ns3:hr>
            <ns3:cad>92</ns3:cad>
          </ns3:TrackPointExtension>
        </extensions>
      </trkpt>
      <trkpt lat="24.6297978423535823822021484375" lon="118.144066818058490753173828125">
        <ele>10.3999996185302734375</ele>
        <time>2025-10-31T09:36:01.000Z</time>
        <extensions>
          <ns3:TrackPointExtension>
            <ns3:hr>150</ns3:hr>
            <ns3:cad>93</ns3:cad>
          </ns3:TrackPointExtension>
        </extensions>
      </trkpt>
      <trkpt lat="24.629819802939891815185546875" lon="118.14407662488520145416259765625">
        <ele>10.19999980926513671875</ele>
        <time>2025-10-31T09:36:02.000Z</time>
        <extensions>
          <ns3:TrackPointExtension>
            <ns3:hr>151</ns3:hr>
            <ns3:cad>93</ns3:cad>
          </ns3:TrackPointExtension>
        </extensions>
      </trkpt>
      <trkpt lat="24.6298521570861339569091796875" lon="118.144086934626102447509765625">
        <ele>10.19999980926513671875</ele>
        <time>2025-10-31T09:36:03.000Z</time>
        <extensions>
          <ns3:TrackPointExtension>
            <ns3:hr>151</ns3:hr>
            <ns3:cad>93</ns3:cad>
          </ns3:TrackPointExtension>
        </extensions>
      </trkpt>
      <trkpt lat="24.62987336330115795135498046875" lon="118.1440978311002254486083984375">
        <ele>10.19999980926513671875</ele>
        <time>2025-10-31T09:36:04.000Z</time>
        <extensions>
          <ns3:TrackPointExtension>
            <ns3:hr>152</ns3:hr>
            <ns3:cad>93</ns3:cad>
          </ns3:TrackPointExtension>
        </extensions>
      </trkpt>
      <trkpt lat="24.62989850901067256927490234375" lon="118.14411467872560024261474609375">
        <ele>10.3999996185302734375</ele>
        <time>2025-10-31T09:36:05.000Z</time>
        <extensions>
          <ns3:TrackPointExtension>
            <ns3:hr>152</ns3:hr>
            <ns3:cad>93</ns3:cad>
          </ns3:TrackPointExtension>
        </extensions>
      </trkpt>
      <trkpt lat="24.629923403263092041015625" lon="118.14412616193294525146484375">
        <ele>10.3999996185302734375</ele>
        <time>2025-10-31T09:36:06.000Z</time>
        <extensions>
          <ns3:TrackPointExtension>
            <ns3:hr>152</ns3:hr>
            <ns3:cad>92</ns3:cad>
          </ns3:TrackPointExtension>
        </extensions>
      </trkpt>
      <trkpt lat="24.6299467049539089202880859375" lon="118.14414083026349544525146484375">
        <ele>10.3999996185302734375</ele>
        <time>2025-10-31T09:36:07.000Z</time>
        <extensions>
          <ns3:TrackPointExtension>
            <ns3:hr>152</ns3:hr>
            <ns3:cad>91</ns3:cad>
          </ns3:TrackPointExtension>
        </extensions>
      </trkpt>
      <trkpt lat="24.62996941991150379180908203125" lon="118.1441551633179187774658203125">
        <ele>10.6000003814697265625</ele>
        <time>2025-10-31T09:36:08.000Z</time>
        <extensions>
          <ns3:TrackPointExtension>
            <ns3:hr>152</ns3:hr>
            <ns3:cad>90</ns3:cad>
          </ns3:TrackPointExtension>
        </extensions>
      </trkpt>
      <trkpt lat="24.6299879439175128936767578125" lon="118.1441689096391201019287109375">
        <ele>10.6000003814697265625</ele>
        <time>2025-10-31T09:36:09.000Z</time>
        <extensions>
          <ns3:TrackPointExtension>
            <ns3:hr>152</ns3:hr>
            <ns3:cad>89</ns3:cad>
          </ns3:TrackPointExtension>
        </extensions>
      </trkpt>
      <trkpt lat="24.63001267053186893463134765625" lon="118.14418659545481204986572265625">
        <ele>10.6000003814697265625</ele>
        <time>2025-10-31T09:36:10.000Z</time>
        <extensions>
          <ns3:TrackPointExtension>
            <ns3:hr>151</ns3:hr>
            <ns3:cad>89</ns3:cad>
          </ns3:TrackPointExtension>
        </extensions>
      </trkpt>
      <trkpt lat="24.63003362528979778289794921875" lon="118.14419514499604701995849609375">
        <ele>10.80000019073486328125</ele>
        <time>2025-10-31T09:36:11.000Z</time>
        <extensions>
          <ns3:TrackPointExtension>
            <ns3:hr>151</ns3:hr>
            <ns3:cad>89</ns3:cad>
          </ns3:TrackPointExtension>
        </extensions>
      </trkpt>
      <trkpt lat="24.63005994446575641632080078125" lon="118.1442111544311046600341796875">
        <ele>10.80000019073486328125</ele>
        <time>2025-10-31T09:36:12.000Z</time>
        <extensions>
          <ns3:TrackPointExtension>
            <ns3:hr>151</ns3:hr>
            <ns3:cad>90</ns3:cad>
          </ns3:TrackPointExtension>
        </extensions>
      </trkpt>
      <trkpt lat="24.630083329975605010986328125" lon="118.14422297291457653045654296875">
        <ele>10.80000019073486328125</ele>
        <time>2025-10-31T09:36:13.000Z</time>
        <extensions>
          <ns3:TrackPointExtension>
            <ns3:hr>152</ns3:hr>
            <ns3:cad>91</ns3:cad>
          </ns3:TrackPointExtension>
        </extensions>
      </trkpt>
      <trkpt lat="24.630105458199977874755859375" lon="118.14423772506415843963623046875">
        <ele>11</ele>
        <time>2025-10-31T09:36:14.000Z</time>
        <extensions>
          <ns3:TrackPointExtension>
            <ns3:hr>152</ns3:hr>
            <ns3:cad>91</ns3:cad>
          </ns3:TrackPointExtension>
        </extensions>
      </trkpt>
      <trkpt lat="24.6301290951669216156005859375" lon="118.14425365068018436431884765625">
        <ele>10.80000019073486328125</ele>
        <time>2025-10-31T09:36:15.000Z</time>
        <extensions>
          <ns3:TrackPointExtension>
            <ns3:hr>152</ns3:hr>
            <ns3:cad>91</ns3:cad>
          </ns3:TrackPointExtension>
        </extensions>
      </trkpt>
      <trkpt lat="24.6301515586674213409423828125" lon="118.14427108503878116607666015625">
        <ele>10.80000019073486328125</ele>
        <time>2025-10-31T09:36:16.000Z</time>
        <extensions>
          <ns3:TrackPointExtension>
            <ns3:hr>152</ns3:hr>
            <ns3:cad>91</ns3:cad>
          </ns3:TrackPointExtension>
        </extensions>
      </trkpt>
      <trkpt lat="24.6301746927201747894287109375" lon="118.1443226337432861328125">
        <ele>10.80000019073486328125</ele>
        <time>2025-10-31T09:36:17.000Z</time>
        <extensions>
          <ns3:TrackPointExtension>
            <ns3:hr>151</ns3:hr>
            <ns3:cad>91</ns3:cad>
          </ns3:TrackPointExtension>
        </extensions>
      </trkpt>
      <trkpt lat="24.63019891642034053802490234375" lon="118.14434233121573925018310546875">
        <ele>10.6000003814697265625</ele>
        <time>2025-10-31T09:36:18.000Z</time>
        <extensions>
          <ns3:TrackPointExtension>
            <ns3:hr>152</ns3:hr>
            <ns3:cad>91</ns3:cad>
          </ns3:TrackPointExtension>
        </extensions>
      </trkpt>
      <trkpt lat="24.6302293427288532257080078125" lon="118.1443704105913639068603515625">
        <ele>10.6000003814697265625</ele>
        <time>2025-10-31T09:36:19.000Z</time>
        <extensions>
          <ns3:TrackPointExtension>
            <ns3:hr>152</ns3:hr>
            <ns3:cad>91</ns3:cad>
          </ns3:TrackPointExtension>
        </extensions>
      </trkpt>
      <trkpt lat="24.63025021366775035858154296875" lon="118.14437971450388431549072265625">
        <ele>10.6000003814697265625</ele>
        <time>2025-10-31T09:36:20.000Z</time>
        <extensions>
          <ns3:TrackPointExtension>
            <ns3:hr>152</ns3:hr>
            <ns3:cad>93</ns3:cad>
          </ns3:TrackPointExtension>
        </extensions>
      </trkpt>
      <trkpt lat="24.630279801785945892333984375" lon="118.14439614303410053253173828125">
        <ele>10.6000003814697265625</ele>
        <time>2025-10-31T09:36:21.000Z</time>
        <extensions>
          <ns3:TrackPointExtension>
            <ns3:hr>152</ns3:hr>
            <ns3:cad>93</ns3:cad>
          </ns3:TrackPointExtension>
        </extensions>
      </trkpt>
      <trkpt lat="24.63030159473419189453125" lon="118.14440351910889148712158203125">
        <ele>10.6000003814697265625</ele>
        <time>2025-10-31T09:36:22.000Z</time>
        <extensions>
          <ns3:TrackPointExtension>
            <ns3:hr>152</ns3:hr>
            <ns3:cad>92</ns3:cad>
          </ns3:TrackPointExtension>
        </extensions>
      </trkpt>
      <trkpt lat="24.63033637963235378265380859375" lon="118.144412152469158172607421875">
        <ele>10.6000003814697265625</ele>
        <time>2025-10-31T09:36:23.000Z</time>
        <extensions>
          <ns3:TrackPointExtension>
            <ns3:hr>152</ns3:hr>
            <ns3:cad>92</ns3:cad>
          </ns3:TrackPointExtension>
        </extensions>
      </trkpt>
      <trkpt lat="24.63035917840898036956787109375" lon="118.1444099731743335723876953125">
        <ele>10.80000019073486328125</ele>
        <time>2025-10-31T09:36:24.000Z</time>
        <extensions>
          <ns3:TrackPointExtension>
            <ns3:hr>152</ns3:hr>
            <ns3:cad>90</ns3:cad>
          </ns3:TrackPointExtension>
        </extensions>
      </trkpt>
      <trkpt lat="24.63038750924170017242431640625" lon="118.14442480914294719696044921875">
        <ele>10.80000019073486328125</ele>
        <time>2025-10-31T09:36:25.000Z</time>
        <extensions>
          <ns3:TrackPointExtension>
            <ns3:hr>151</ns3:hr>
            <ns3:cad>90</ns3:cad>
          </ns3:TrackPointExtension>
        </extensions>
      </trkpt>
      <trkpt lat="24.63041089475154876708984375" lon="118.14442665316164493560791015625">
        <ele>10.6000003814697265625</ele>
        <time>2025-10-31T09:36:26.000Z</time>
        <extensions>
          <ns3:TrackPointExtension>
            <ns3:hr>151</ns3:hr>
            <ns3:cad>90</ns3:cad>
          </ns3:TrackPointExtension>
        </extensions>
      </trkpt>
      <trkpt lat="24.6304415725171566009521484375" lon="118.14444375224411487579345703125">
        <ele>10.6000003814697265625</ele>
        <time>2025-10-31T09:36:27.000Z</time>
        <extensions>
          <ns3:TrackPointExtension>
            <ns3:hr>151</ns3:hr>
            <ns3:cad>90</ns3:cad>
          </ns3:TrackPointExtension>
        </extensions>
      </trkpt>
      <trkpt lat="24.6304633654654026031494140625" lon="118.14445196650922298431396484375">
        <ele>10.6000003814697265625</ele>
        <time>2025-10-31T09:36:28.000Z</time>
        <extensions>
          <ns3:TrackPointExtension>
            <ns3:hr>151</ns3:hr>
            <ns3:cad>90</ns3:cad>
          </ns3:TrackPointExtension>
        </extensions>
      </trkpt>
      <trkpt lat="24.63049127720296382904052734375" lon="118.1444756872951984405517578125">
        <ele>10.6000003814697265625</ele>
        <time>2025-10-31T09:36:29.000Z</time>
        <extensions>
          <ns3:TrackPointExtension>
            <ns3:hr>150</ns3:hr>
            <ns3:cad>89</ns3:cad>
          </ns3:TrackPointExtension>
        </extensions>
      </trkpt>
      <trkpt lat="24.630513824522495269775390625" lon="118.1444877572357654571533203125">
        <ele>10.6000003814697265625</ele>
        <time>2025-10-31T09:36:30.000Z</time>
        <extensions>
          <ns3:TrackPointExtension>
            <ns3:hr>150</ns3:hr>
            <ns3:cad>89</ns3:cad>
          </ns3:TrackPointExtension>
        </extensions>
      </trkpt>
      <trkpt lat="24.63053695857524871826171875" lon="118.1445142440497875213623046875">
        <ele>10.6000003814697265625</ele>
        <time>2025-10-31T09:36:31.000Z</time>
        <extensions>
          <ns3:TrackPointExtension>
            <ns3:hr>150</ns3:hr>
            <ns3:cad>89</ns3:cad>
          </ns3:TrackPointExtension>
        </extensions>
      </trkpt>
      <trkpt lat="24.63055665604770183563232421875" lon="118.144529163837432861328125">
        <ele>10.6000003814697265625</ele>
        <time>2025-10-31T09:36:32.000Z</time>
        <extensions>
          <ns3:TrackPointExtension>
            <ns3:hr>151</ns3:hr>
            <ns3:cad>89</ns3:cad>
          </ns3:TrackPointExtension>
        </extensions>
      </trkpt>
      <trkpt lat="24.6305803768336772918701171875" lon="118.144561015069484710693359375">
        <ele>10.6000003814697265625</ele>
        <time>2025-10-31T09:36:33.000Z</time>
        <extensions>
          <ns3:TrackPointExtension>
            <ns3:hr>150</ns3:hr>
            <ns3:cad>89</ns3:cad>
          </ns3:TrackPointExtension>
        </extensions>
      </trkpt>
      <trkpt lat="24.6305994875729084014892578125" lon="118.14457476139068603515625">
        <ele>10.6000003814697265625</ele>
        <time>2025-10-31T09:36:34.000Z</time>
        <extensions>
          <ns3:TrackPointExtension>
            <ns3:hr>150</ns3:hr>
            <ns3:cad>90</ns3:cad>
          </ns3:TrackPointExtension>
        </extensions>
      </trkpt>
      <trkpt lat="24.6306236274540424346923828125" lon="118.14459814690053462982177734375">
        <ele>10.3999996185302734375</ele>
        <time>2025-10-31T09:36:35.000Z</time>
        <extensions>
          <ns3:TrackPointExtension>
            <ns3:hr>151</ns3:hr>
            <ns3:cad>90</ns3:cad>
          </ns3:TrackPointExtension>
        </extensions>
      </trkpt>
      <trkpt lat="24.63064282201230525970458984375" lon="118.14460904337465763092041015625">
        <ele>10.6000003814697265625</ele>
        <time>2025-10-31T09:36:36.000Z</time>
        <extensions>
          <ns3:TrackPointExtension>
            <ns3:hr>151</ns3:hr>
            <ns3:cad>90</ns3:cad>
          </ns3:TrackPointExtension>
        </extensions>
      </trkpt>
      <trkpt lat="24.63066210038959980010986328125" lon="118.144633769989013671875">
        <ele>10.6000003814697265625</ele>
        <time>2025-10-31T09:36:37.000Z</time>
        <extensions>
          <ns3:TrackPointExtension>
            <ns3:hr>151</ns3:hr>
            <ns3:cad>90</ns3:cad>
          </ns3:TrackPointExtension>
        </extensions>
      </trkpt>
      <trkpt lat="24.63068045675754547119140625" lon="118.14464609138667583465576171875">
        <ele>10.6000003814697265625</ele>
        <time>2025-10-31T09:36:38.000Z</time>
        <extensions>
          <ns3:TrackPointExtension>
            <ns3:hr>151</ns3:hr>
            <ns3:cad>90</ns3:cad>
          </ns3:TrackPointExtension>
        </extensions>
      </trkpt>
      <trkpt lat="24.6307017467916011810302734375" lon="118.14466604031622409820556640625">
        <ele>10.6000003814697265625</ele>
        <time>2025-10-31T09:36:39.000Z</time>
        <extensions>
          <ns3:TrackPointExtension>
            <ns3:hr>151</ns3:hr>
            <ns3:cad>90</ns3:cad>
          </ns3:TrackPointExtension>
        </extensions>
      </trkpt>
      <trkpt lat="24.6307252161204814910888671875" lon="118.1446815468370914459228515625">
        <ele>10.6000003814697265625</ele>
        <time>2025-10-31T09:36:40.000Z</time>
        <extensions>
          <ns3:TrackPointExtension>
            <ns3:hr>150</ns3:hr>
            <ns3:cad>90</ns3:cad>
          </ns3:TrackPointExtension>
        </extensions>
      </trkpt>
      <trkpt lat="24.6307473443448543548583984375" lon="118.1447006575763225555419921875">
        <ele>10.6000003814697265625</ele>
        <time>2025-10-31T09:36:41.000Z</time>
        <extensions>
          <ns3:TrackPointExtension>
            <ns3:hr>150</ns3:hr>
            <ns3:cad>90</ns3:cad>
          </ns3:TrackPointExtension>
        </extensions>
      </trkpt>
      <trkpt lat="24.63077106513082981109619140625" lon="118.14471314661204814910888671875">
        <ele>10.6000003814697265625</ele>
        <time>2025-10-31T09:36:42.000Z</time>
        <extensions>
          <ns3:TrackPointExtension>
            <ns3:hr>150</ns3:hr>
            <ns3:cad>90</ns3:cad>
          </ns3:TrackPointExtension>
        </extensions>
      </trkpt>
      <trkpt lat="24.6307937800884246826171875" lon="118.1447315029799938201904296875">
        <ele>10.3999996185302734375</ele>
        <time>2025-10-31T09:36:43.000Z</time>
        <extensions>
          <ns3:TrackPointExtension>
            <ns3:hr>150</ns3:hr>
            <ns3:cad>90</ns3:cad>
          </ns3:TrackPointExtension>
        </extensions>
      </trkpt>
      <trkpt lat="24.63081599213182926177978515625" lon="118.14474315382540225982666015625">
        <ele>10.3999996185302734375</ele>
        <time>2025-10-31T09:36:44.000Z</time>
        <extensions>
          <ns3:TrackPointExtension>
            <ns3:hr>151</ns3:hr>
            <ns3:cad>90</ns3:cad>
          </ns3:TrackPointExtension>
        </extensions>
      </trkpt>
      <trkpt lat="24.6308340132236480712890625" lon="118.1447616778314113616943359375">
        <ele>10.3999996185302734375</ele>
        <time>2025-10-31T09:36:45.000Z</time>
        <extensions>
          <ns3:TrackPointExtension>
            <ns3:hr>150</ns3:hr>
            <ns3:cad>90</ns3:cad>
          </ns3:TrackPointExtension>
        </extensions>
      </trkpt>
      <trkpt lat="24.63085220195353031158447265625" lon="118.14477517269551753997802734375">
        <ele>10.3999996185302734375</ele>
        <time>2025-10-31T09:36:46.000Z</time>
        <extensions>
          <ns3:TrackPointExtension>
            <ns3:hr>150</ns3:hr>
            <ns3:cad>90</ns3:cad>
          </ns3:TrackPointExtension>
        </extensions>
      </trkpt>
      <trkpt lat="24.630871899425983428955078125" lon="118.14479143358767032623291015625">
        <ele>10.3999996185302734375</ele>
        <time>2025-10-31T09:36:47.000Z</time>
        <extensions>
          <ns3:TrackPointExtension>
            <ns3:hr>150</ns3:hr>
            <ns3:cad>90</ns3:cad>
          </ns3:TrackPointExtension>
        </extensions>
      </trkpt>
      <trkpt lat="24.6308941952884197235107421875" lon="118.14480635337531566619873046875">
        <ele>10.3999996185302734375</ele>
        <time>2025-10-31T09:36:48.000Z</time>
        <extensions>
          <ns3:TrackPointExtension>
            <ns3:hr>149</ns3:hr>
            <ns3:cad>90</ns3:cad>
          </ns3:TrackPointExtension>
        </extensions>
      </trkpt>
      <trkpt lat="24.6309163235127925872802734375" lon="118.1448247097432613372802734375">
        <ele>10.3999996185302734375</ele>
        <time>2025-10-31T09:36:49.000Z</time>
        <extensions>
          <ns3:TrackPointExtension>
            <ns3:hr>149</ns3:hr>
            <ns3:cad>90</ns3:cad>
          </ns3:TrackPointExtension>
        </extensions>
      </trkpt>
      <trkpt lat="24.63094088248908519744873046875" lon="118.14484365284442901611328125">
        <ele>10.3999996185302734375</ele>
        <time>2025-10-31T09:36:50.000Z</time>
        <extensions>
          <ns3:TrackPointExtension>
            <ns3:hr>149</ns3:hr>
            <ns3:cad>90</ns3:cad>
          </ns3:TrackPointExtension>
        </extensions>
      </trkpt>
      <trkpt lat="24.630961753427982330322265625" lon="118.1448632664978504180908203125">
        <ele>10.19999980926513671875</ele>
        <time>2025-10-31T09:36:51.000Z</time>
        <extensions>
          <ns3:TrackPointExtension>
            <ns3:hr>149</ns3:hr>
            <ns3:cad>91</ns3:cad>
          </ns3:TrackPointExtension>
        </extensions>
      </trkpt>
      <trkpt lat="24.63098765350878238677978515625" lon="118.1448827125132083892822265625">
        <ele>10.19999980926513671875</ele>
        <time>2025-10-31T09:36:52.000Z</time>
        <extensions>
          <ns3:TrackPointExtension>
            <ns3:hr>149</ns3:hr>
            <ns3:cad>91</ns3:cad>
          </ns3:TrackPointExtension>
        </extensions>
      </trkpt>
      <trkpt lat="24.631008021533489227294921875" lon="118.14489805139601230621337890625">
        <ele>10</ele>
        <time>2025-10-31T09:36:53.000Z</time>
        <extensions>
          <ns3:TrackPointExtension>
            <ns3:hr>149</ns3:hr>
            <ns3:cad>92</ns3:cad>
          </ns3:TrackPointExtension>
        </extensions>
      </trkpt>
      <trkpt lat="24.63103291578590869903564453125" lon="118.14491716213524341583251953125">
        <ele>10</ele>
        <time>2025-10-31T09:36:54.000Z</time>
        <extensions>
          <ns3:TrackPointExtension>
            <ns3:hr>149</ns3:hr>
            <ns3:cad>92</ns3:cad>
          </ns3:TrackPointExtension>
        </extensions>
      </trkpt>
      <trkpt lat="24.63105328381061553955078125" lon="118.14493241719901561737060546875">
        <ele>10</ele>
        <time>2025-10-31T09:36:55.000Z</time>
        <extensions>
          <ns3:TrackPointExtension>
            <ns3:hr>149</ns3:hr>
            <ns3:cad>92</ns3:cad>
          </ns3:TrackPointExtension>
        </extensions>
      </trkpt>
      <trkpt lat="24.63108002208173274993896484375" lon="118.14495236612856388092041015625">
        <ele>10</ele>
        <time>2025-10-31T09:36:56.000Z</time>
        <extensions>
          <ns3:TrackPointExtension>
            <ns3:hr>149</ns3:hr>
            <ns3:cad>92</ns3:cad>
          </ns3:TrackPointExtension>
        </extensions>
      </trkpt>
      <trkpt lat="24.6311003901064395904541015625" lon="118.14496301114559173583984375">
        <ele>10</ele>
        <time>2025-10-31T09:36:57.000Z</time>
        <extensions>
          <ns3:TrackPointExtension>
            <ns3:hr>149</ns3:hr>
            <ns3:cad>92</ns3:cad>
          </ns3:TrackPointExtension>
        </extensions>
      </trkpt>
      <trkpt lat="24.6311258710920810699462890625" lon="118.14498404972255229949951171875">
        <ele>10</ele>
        <time>2025-10-31T09:36:58.000Z</time>
        <extensions>
          <ns3:TrackPointExtension>
            <ns3:hr>149</ns3:hr>
            <ns3:cad>92</ns3:cad>
          </ns3:TrackPointExtension>
        </extensions>
      </trkpt>
      <trkpt lat="24.63114087469875812530517578125" lon="118.14499293453991413116455078125">
        <ele>10</ele>
        <time>2025-10-31T09:36:59.000Z</time>
        <extensions>
          <ns3:TrackPointExtension>
            <ns3:hr>149</ns3:hr>
            <ns3:cad>92</ns3:cad>
          </ns3:TrackPointExtension>
        </extensions>
      </trkpt>
      <trkpt lat="24.63115864433348178863525390625" lon="118.14500592648983001708984375">
        <ele>10</ele>
        <time>2025-10-31T09:37:00.000Z</time>
        <extensions>
          <ns3:TrackPointExtension>
            <ns3:hr>149</ns3:hr>
            <ns3:cad>92</ns3:cad>
          </ns3:TrackPointExtension>
        </extensions>
      </trkpt>
      <trkpt lat="24.6311768330633640289306640625" lon="118.1450164876878261566162109375">
        <ele>10</ele>
        <time>2025-10-31T09:37:01.000Z</time>
        <extensions>
          <ns3:TrackPointExtension>
            <ns3:hr>149</ns3:hr>
            <ns3:cad>91</ns3:cad>
          </ns3:TrackPointExtension>
        </extensions>
      </trkpt>
      <trkpt lat="24.63120508007705211639404296875" lon="118.145038783550262451171875">
        <ele>10</ele>
        <time>2025-10-31T09:37:02.000Z</time>
        <extensions>
          <ns3:TrackPointExtension>
            <ns3:hr>149</ns3:hr>
            <ns3:cad>91</ns3:cad>
          </ns3:TrackPointExtension>
        </extensions>
      </trkpt>
      <trkpt lat="24.63122569955885410308837890625" lon="118.14504942856729030609130859375">
        <ele>10</ele>
        <time>2025-10-31T09:37:03.000Z</time>
        <extensions>
          <ns3:TrackPointExtension>
            <ns3:hr>149</ns3:hr>
            <ns3:cad>90</ns3:cad>
          </ns3:TrackPointExtension>
        </extensions>
      </trkpt>
      <trkpt lat="24.63125671260058879852294921875" lon="118.14506988041102886199951171875">
        <ele>10</ele>
        <time>2025-10-31T09:37:04.000Z</time>
        <extensions>
          <ns3:TrackPointExtension>
            <ns3:hr>148</ns3:hr>
            <ns3:cad>90</ns3:cad>
          </ns3:TrackPointExtension>
        </extensions>
      </trkpt>
      <trkpt lat="24.631280265748500823974609375" lon="118.14507708884775638580322265625">
        <ele>9.80000019073486328125</ele>
        <time>2025-10-31T09:37:05.000Z</time>
        <extensions>
          <ns3:TrackPointExtension>
            <ns3:hr>148</ns3:hr>
            <ns3:cad>90</ns3:cad>
          </ns3:TrackPointExtension>
        </extensions>
      </trkpt>
      <trkpt lat="24.63130817748606204986572265625" lon="118.145101480185985565185546875">
        <ele>9.80000019073486328125</ele>
        <time>2025-10-31T09:37:06.000Z</time>
        <extensions>
          <ns3:TrackPointExtension>
            <ns3:hr>148</ns3:hr>
            <ns3:cad>92</ns3:cad>
          </ns3:TrackPointExtension>
        </extensions>
      </trkpt>
      <trkpt lat="24.63132460601627826690673828125" lon="118.14510424621403217315673828125">
        <ele>9.80000019073486328125</ele>
        <time>2025-10-31T09:37:07.000Z</time>
        <extensions>
          <ns3:TrackPointExtension>
            <ns3:hr>148</ns3:hr>
            <ns3:cad>92</ns3:cad>
          </ns3:TrackPointExtension>
        </extensions>
      </trkpt>
      <trkpt lat="24.63135545141994953155517578125" lon="118.14512369222939014434814453125">
        <ele>9.80000019073486328125</ele>
        <time>2025-10-31T09:37:08.000Z</time>
        <extensions>
          <ns3:TrackPointExtension>
            <ns3:hr>147</ns3:hr>
            <ns3:cad>90</ns3:cad>
          </ns3:TrackPointExtension>
        </extensions>
      </trkpt>
      <trkpt lat="24.631378836929798126220703125" lon="118.1451381929218769073486328125">
        <ele>9.80000019073486328125</ele>
        <time>2025-10-31T09:37:09.000Z</time>
        <extensions>
          <ns3:TrackPointExtension>
            <ns3:hr>147</ns3:hr>
            <ns3:cad>90</ns3:cad>
          </ns3:TrackPointExtension>
        </extensions>
      </trkpt>
      <trkpt lat="24.6314064972102642059326171875" lon="118.14516275189816951751708984375">
        <ele>9.80000019073486328125</ele>
        <time>2025-10-31T09:37:10.000Z</time>
        <extensions>
          <ns3:TrackPointExtension>
            <ns3:hr>147</ns3:hr>
            <ns3:cad>90</ns3:cad>
          </ns3:TrackPointExtension>
        </extensions>
      </trkpt>
      <trkpt lat="24.63142502121627330780029296875" lon="118.14517297782003879547119140625">
        <ele>9.80000019073486328125</ele>
        <time>2025-10-31T09:37:11.000Z</time>
        <extensions>
          <ns3:TrackPointExtension>
            <ns3:hr>148</ns3:hr>
            <ns3:cad>90</ns3:cad>
          </ns3:TrackPointExtension>
        </extensions>
      </trkpt>
      <trkpt lat="24.63144488632678985595703125" lon="118.145194351673126220703125">
        <ele>9.80000019073486328125</ele>
        <time>2025-10-31T09:37:12.000Z</time>
        <extensions>
          <ns3:TrackPointExtension>
            <ns3:hr>147</ns3:hr>
            <ns3:cad>90</ns3:cad>
          </ns3:TrackPointExtension>
        </extensions>
      </trkpt>
      <trkpt lat="24.6314594708383083343505859375" lon="118.145202733576297760009765625">
        <ele>9.80000019073486328125</ele>
        <time>2025-10-31T09:37:13.000Z</time>
        <extensions>
          <ns3:TrackPointExtension>
            <ns3:hr>147</ns3:hr>
            <ns3:cad>91</ns3:cad>
          </ns3:TrackPointExtension>
        </extensions>
      </trkpt>
      <trkpt lat="24.63148084469139575958251953125" lon="118.14521740190684795379638671875">
        <ele>9.80000019073486328125</ele>
        <time>2025-10-31T09:37:14.000Z</time>
        <extensions>
          <ns3:TrackPointExtension>
            <ns3:hr>146</ns3:hr>
            <ns3:cad>91</ns3:cad>
          </ns3:TrackPointExtension>
        </extensions>
      </trkpt>
      <trkpt lat="24.63149324990808963775634765625" lon="118.14522092230618000030517578125">
        <ele>9.80000019073486328125</ele>
        <time>2025-10-31T09:37:15.000Z</time>
        <extensions>
          <ns3:TrackPointExtension>
            <ns3:hr>146</ns3:hr>
            <ns3:cad>91</ns3:cad>
          </ns3:TrackPointExtension>
        </extensions>
      </trkpt>
      <trkpt lat="24.631512276828289031982421875" lon="118.14522922039031982421875">
        <ele>9.80000019073486328125</ele>
        <time>2025-10-31T09:37:16.000Z</time>
        <extensions>
          <ns3:TrackPointExtension>
            <ns3:hr>146</ns3:hr>
            <ns3:cad>90</ns3:cad>
          </ns3:TrackPointExtension>
        </extensions>
      </trkpt>
      <trkpt lat="24.631529040634632110595703125" lon="118.14523885957896709442138671875">
        <ele>9.6000003814697265625</ele>
        <time>2025-10-31T09:37:17.000Z</time>
        <extensions>
          <ns3:TrackPointExtension>
            <ns3:hr>146</ns3:hr>
            <ns3:cad>90</ns3:cad>
          </ns3:TrackPointExtension>
        </extensions>
      </trkpt>
      <trkpt lat="24.63155619800090789794921875" lon="118.14525067806243896484375">
        <ele>9.6000003814697265625</ele>
        <time>2025-10-31T09:37:18.000Z</time>
        <extensions>
          <ns3:TrackPointExtension>
            <ns3:hr>146</ns3:hr>
            <ns3:cad>89</ns3:cad>
          </ns3:TrackPointExtension>
        </extensions>
      </trkpt>
      <trkpt lat="24.6315761469304561614990234375" lon="118.14526266418397426605224609375">
        <ele>9.6000003814697265625</ele>
        <time>2025-10-31T09:37:19.000Z</time>
        <extensions>
          <ns3:TrackPointExtension>
            <ns3:hr>147</ns3:hr>
            <ns3:cad>89</ns3:cad>
          </ns3:TrackPointExtension>
        </extensions>
      </trkpt>
      <trkpt lat="24.63160221464931964874267578125" lon="118.1452790088951587677001953125">
        <ele>9.6000003814697265625</ele>
        <time>2025-10-31T09:37:20.000Z</time>
        <extensions>
          <ns3:TrackPointExtension>
            <ns3:hr>146</ns3:hr>
            <ns3:cad>89</ns3:cad>
          </ns3:TrackPointExtension>
        </extensions>
      </trkpt>
      <trkpt lat="24.63162853382527828216552734375" lon="118.1452887319028377532958984375">
        <ele>9.6000003814697265625</ele>
        <time>2025-10-31T09:37:21.000Z</time>
        <extensions>
          <ns3:TrackPointExtension>
            <ns3:hr>146</ns3:hr>
            <ns3:cad>89</ns3:cad>
          </ns3:TrackPointExtension>
        </extensions>
      </trkpt>
      <trkpt lat="24.6316589601337909698486328125" lon="118.1453034840524196624755859375">
        <ele>9.6000003814697265625</ele>
        <time>2025-10-31T09:37:22.000Z</time>
        <extensions>
          <ns3:TrackPointExtension>
            <ns3:hr>146</ns3:hr>
            <ns3:cad>89</ns3:cad>
          </ns3:TrackPointExtension>
        </extensions>
      </trkpt>
      <trkpt lat="24.6316820941865444183349609375" lon="118.1453137099742889404296875">
        <ele>9.6000003814697265625</ele>
        <time>2025-10-31T09:37:23.000Z</time>
        <extensions>
          <ns3:TrackPointExtension>
            <ns3:hr>146</ns3:hr>
            <ns3:cad>89</ns3:cad>
          </ns3:TrackPointExtension>
        </extensions>
      </trkpt>
      <trkpt lat="24.6317069046199321746826171875" lon="118.14533038996160030364990234375">
        <ele>9.6000003814697265625</ele>
        <time>2025-10-31T09:37:24.000Z</time>
        <extensions>
          <ns3:TrackPointExtension>
            <ns3:hr>146</ns3:hr>
            <ns3:cad>88</ns3:cad>
          </ns3:TrackPointExtension>
        </extensions>
      </trkpt>
      <trkpt lat="24.6317246742546558380126953125" lon="118.1453406997025012969970703125">
        <ele>9.6000003814697265625</ele>
        <time>2025-10-31T09:37:25.000Z</time>
        <extensions>
          <ns3:TrackPointExtension>
            <ns3:hr>146</ns3:hr>
            <ns3:cad>88</ns3:cad>
          </ns3:TrackPointExtension>
        </extensions>
      </trkpt>
      <trkpt lat="24.6317454613745212554931640625" lon="118.145362995564937591552734375">
        <ele>9.6000003814697265625</ele>
        <time>2025-10-31T09:37:26.000Z</time>
        <extensions>
          <ns3:TrackPointExtension>
            <ns3:hr>146</ns3:hr>
            <ns3:cad>88</ns3:cad>
          </ns3:TrackPointExtension>
        </extensions>
      </trkpt>
      <trkpt lat="24.63176147080957889556884765625" lon="118.145372383296489715576171875">
        <ele>9.6000003814697265625</ele>
        <time>2025-10-31T09:37:27.000Z</time>
        <extensions>
          <ns3:TrackPointExtension>
            <ns3:hr>146</ns3:hr>
            <ns3:cad>88</ns3:cad>
          </ns3:TrackPointExtension>
        </extensions>
      </trkpt>
      <trkpt lat="24.6317893825471401214599609375" lon="118.14538889564573764801025390625">
        <ele>9.6000003814697265625</ele>
        <time>2025-10-31T09:37:28.000Z</time>
        <extensions>
          <ns3:TrackPointExtension>
            <ns3:hr>146</ns3:hr>
            <ns3:cad>89</ns3:cad>
          </ns3:TrackPointExtension>
        </extensions>
      </trkpt>
      <trkpt lat="24.63180706836283206939697265625" lon="118.1453995406627655029296875">
        <ele>9.6000003814697265625</ele>
        <time>2025-10-31T09:37:29.000Z</time>
        <extensions>
          <ns3:TrackPointExtension>
            <ns3:hr>146</ns3:hr>
            <ns3:cad>90</ns3:cad>
          </ns3:TrackPointExtension>
        </extensions>
      </trkpt>
      <trkpt lat="24.63182978332042694091796875" lon="118.14541605301201343536376953125">
        <ele>9.3999996185302734375</ele>
        <time>2025-10-31T09:37:30.000Z</time>
        <extensions>
          <ns3:TrackPointExtension>
            <ns3:hr>146</ns3:hr>
            <ns3:cad>90</ns3:cad>
          </ns3:TrackPointExtension>
        </extensions>
      </trkpt>
      <trkpt lat="24.63184797205030918121337890625" lon="118.14542728476226329803466796875">
        <ele>9.6000003814697265625</ele>
        <time>2025-10-31T09:37:31.000Z</time>
        <extensions>
          <ns3:TrackPointExtension>
            <ns3:hr>146</ns3:hr>
            <ns3:cad>90</ns3:cad>
          </ns3:TrackPointExtension>
        </extensions>
      </trkpt>
      <trkpt lat="24.63187110610306262969970703125" lon="118.1454531848430633544921875">
        <ele>9.3999996185302734375</ele>
        <time>2025-10-31T09:37:32.000Z</time>
        <extensions>
          <ns3:TrackPointExtension>
            <ns3:hr>146</ns3:hr>
            <ns3:cad>90</ns3:cad>
          </ns3:TrackPointExtension>
        </extensions>
      </trkpt>
      <trkpt lat="24.6318879537284374237060546875" lon="118.1454694457352161407470703125">
        <ele>9.6000003814697265625</ele>
        <time>2025-10-31T09:37:33.000Z</time>
        <extensions>
          <ns3:TrackPointExtension>
            <ns3:hr>146</ns3:hr>
            <ns3:cad>90</ns3:cad>
          </ns3:TrackPointExtension>
        </extensions>
      </trkpt>
      <trkpt lat="24.6319087408483028411865234375" lon="118.14549542963504791259765625">
        <ele>9.6000003814697265625</ele>
        <time>2025-10-31T09:37:34.000Z</time>
        <extensions>
          <ns3:TrackPointExtension>
            <ns3:hr>146</ns3:hr>
            <ns3:cad>90</ns3:cad>
          </ns3:TrackPointExtension>
        </extensions>
      </trkpt>
      <trkpt lat="24.631924666464328765869140625" lon="118.1455130316317081451416015625">
        <ele>9.6000003814697265625</ele>
        <time>2025-10-31T09:37:35.000Z</time>
        <extensions>
          <ns3:TrackPointExtension>
            <ns3:hr>146</ns3:hr>
            <ns3:cad>89</ns3:cad>
          </ns3:TrackPointExtension>
        </extensions>
      </trkpt>
      <trkpt lat="24.631947465240955352783203125" lon="118.14553566277027130126953125">
        <ele>9.6000003814697265625</ele>
        <time>2025-10-31T09:37:36.000Z</time>
        <extensions>
          <ns3:TrackPointExtension>
            <ns3:hr>146</ns3:hr>
            <ns3:cad>89</ns3:cad>
          </ns3:TrackPointExtension>
        </extensions>
      </trkpt>
      <trkpt lat="24.6319664083421230316162109375" lon="118.14555619843304157257080078125">
        <ele>9.6000003814697265625</ele>
        <time>2025-10-31T09:37:37.000Z</time>
        <extensions>
          <ns3:TrackPointExtension>
            <ns3:hr>146</ns3:hr>
            <ns3:cad>89</ns3:cad>
          </ns3:TrackPointExtension>
        </extensions>
      </trkpt>
      <trkpt lat="24.6319871954619884490966796875" lon="118.14557380042970180511474609375">
        <ele>9.6000003814697265625</ele>
        <time>2025-10-31T09:37:38.000Z</time>
        <extensions>
          <ns3:TrackPointExtension>
            <ns3:hr>146</ns3:hr>
            <ns3:cad>89</ns3:cad>
          </ns3:TrackPointExtension>
        </extensions>
      </trkpt>
      <trkpt lat="24.6320053003728389739990234375" lon="118.14559441991150379180908203125">
        <ele>9.6000003814697265625</ele>
        <time>2025-10-31T09:37:39.000Z</time>
        <extensions>
          <ns3:TrackPointExtension>
            <ns3:hr>146</ns3:hr>
            <ns3:cad>90</ns3:cad>
          </ns3:TrackPointExtension>
        </extensions>
      </trkpt>
      <trkpt lat="24.6320270933210849761962890625" lon="118.14561688341200351715087890625">
        <ele>9.6000003814697265625</ele>
        <time>2025-10-31T09:37:40.000Z</time>
        <extensions>
          <ns3:TrackPointExtension>
            <ns3:hr>146</ns3:hr>
            <ns3:cad>90</ns3:cad>
          </ns3:TrackPointExtension>
        </extensions>
      </trkpt>
      <trkpt lat="24.63204561732709407806396484375" lon="118.14563213847577571868896484375">
        <ele>9.6000003814697265625</ele>
        <time>2025-10-31T09:37:41.000Z</time>
        <extensions>
          <ns3:TrackPointExtension>
            <ns3:hr>146</ns3:hr>
            <ns3:cad>91</ns3:cad>
          </ns3:TrackPointExtension>
        </extensions>
      </trkpt>
      <trkpt lat="24.63206774555146694183349609375" lon="118.14565367996692657470703125">
        <ele>9.6000003814697265625</ele>
        <time>2025-10-31T09:37:42.000Z</time>
        <extensions>
          <ns3:TrackPointExtension>
            <ns3:hr>146</ns3:hr>
            <ns3:cad>91</ns3:cad>
          </ns3:TrackPointExtension>
        </extensions>
      </trkpt>
      <trkpt lat="24.63208987377583980560302734375" lon="118.14566784538328647613525390625">
        <ele>9.6000003814697265625</ele>
        <time>2025-10-31T09:37:43.000Z</time>
        <extensions>
          <ns3:TrackPointExtension>
            <ns3:hr>146</ns3:hr>
            <ns3:cad>90</ns3:cad>
          </ns3:TrackPointExtension>
        </extensions>
      </trkpt>
      <trkpt lat="24.6321122534573078155517578125" lon="118.1456900574266910552978515625">
        <ele>9.6000003814697265625</ele>
        <time>2025-10-31T09:37:44.000Z</time>
        <extensions>
          <ns3:TrackPointExtension>
            <ns3:hr>146</ns3:hr>
            <ns3:cad>90</ns3:cad>
          </ns3:TrackPointExtension>
        </extensions>
      </trkpt>
      <trkpt lat="24.6321333758533000946044921875" lon="118.1457061506807804107666015625">
        <ele>9.6000003814697265625</ele>
        <time>2025-10-31T09:37:45.000Z</time>
        <extensions>
          <ns3:TrackPointExtension>
            <ns3:hr>146</ns3:hr>
            <ns3:cad>90</ns3:cad>
          </ns3:TrackPointExtension>
        </extensions>
      </trkpt>
      <trkpt lat="24.632154665887355804443359375" lon="118.14572702161967754364013671875">
        <ele>9.6000003814697265625</ele>
        <time>2025-10-31T09:37:46.000Z</time>
        <extensions>
          <ns3:TrackPointExtension>
            <ns3:hr>146</ns3:hr>
            <ns3:cad>90</ns3:cad>
          </ns3:TrackPointExtension>
        </extensions>
      </trkpt>
      <trkpt lat="24.632176123559474945068359375" lon="118.1457430310547351837158203125">
        <ele>9.6000003814697265625</ele>
        <time>2025-10-31T09:37:47.000Z</time>
        <extensions>
          <ns3:TrackPointExtension>
            <ns3:hr>146</ns3:hr>
            <ns3:cad>90</ns3:cad>
          </ns3:TrackPointExtension>
        </extensions>
      </trkpt>
      <trkpt lat="24.63219766505062580108642578125" lon="118.14576071687042713165283203125">
        <ele>9.6000003814697265625</ele>
        <time>2025-10-31T09:37:48.000Z</time>
        <extensions>
          <ns3:TrackPointExtension>
            <ns3:hr>146</ns3:hr>
            <ns3:cad>91</ns3:cad>
          </ns3:TrackPointExtension>
        </extensions>
      </trkpt>
      <trkpt lat="24.63221945799887180328369140625" lon="118.145773708820343017578125">
        <ele>9.6000003814697265625</ele>
        <time>2025-10-31T09:37:49.000Z</time>
        <extensions>
          <ns3:TrackPointExtension>
            <ns3:hr>147</ns3:hr>
            <ns3:cad>91</ns3:cad>
          </ns3:TrackPointExtension>
        </extensions>
      </trkpt>
      <trkpt lat="24.632243849337100982666015625" lon="118.14578711986541748046875">
        <ele>9.80000019073486328125</ele>
        <time>2025-10-31T09:37:50.000Z</time>
        <extensions>
          <ns3:TrackPointExtension>
            <ns3:hr>146</ns3:hr>
            <ns3:cad>92</ns3:cad>
          </ns3:TrackPointExtension>
        </extensions>
      </trkpt>
      <trkpt lat="24.632267989218235015869140625" lon="118.14580195583403110504150390625">
        <ele>9.80000019073486328125</ele>
        <time>2025-10-31T09:37:51.000Z</time>
        <extensions>
          <ns3:TrackPointExtension>
            <ns3:hr>147</ns3:hr>
            <ns3:cad>92</ns3:cad>
          </ns3:TrackPointExtension>
        </extensions>
      </trkpt>
      <trkpt lat="24.63228986598551273345947265625" lon="118.1458127684891223907470703125">
        <ele>9.80000019073486328125</ele>
        <time>2025-10-31T09:37:52.000Z</time>
        <extensions>
          <ns3:TrackPointExtension>
            <ns3:hr>147</ns3:hr>
            <ns3:cad>92</ns3:cad>
          </ns3:TrackPointExtension>
        </extensions>
      </trkpt>
      <trkpt lat="24.63231618516147136688232421875" lon="118.14583112485706806182861328125">
        <ele>9.80000019073486328125</ele>
        <time>2025-10-31T09:37:53.000Z</time>
        <extensions>
          <ns3:TrackPointExtension>
            <ns3:hr>147</ns3:hr>
            <ns3:cad>92</ns3:cad>
          </ns3:TrackPointExtension>
        </extensions>
      </trkpt>
      <trkpt lat="24.632335044443607330322265625" lon="118.14584353007376194000244140625">
        <ele>9.80000019073486328125</ele>
        <time>2025-10-31T09:37:54.000Z</time>
        <extensions>
          <ns3:TrackPointExtension>
            <ns3:hr>147</ns3:hr>
            <ns3:cad>92</ns3:cad>
          </ns3:TrackPointExtension>
        </extensions>
      </trkpt>
      <trkpt lat="24.6323613636195659637451171875" lon="118.145863898098468780517578125">
        <ele>9.80000019073486328125</ele>
        <time>2025-10-31T09:37:55.000Z</time>
        <extensions>
          <ns3:TrackPointExtension>
            <ns3:hr>148</ns3:hr>
            <ns3:cad>92</ns3:cad>
          </ns3:TrackPointExtension>
        </extensions>
      </trkpt>
      <trkpt lat="24.6323798038065433502197265625" lon="118.145869933068752288818359375">
        <ele>9.80000019073486328125</ele>
        <time>2025-10-31T09:37:56.000Z</time>
        <extensions>
          <ns3:TrackPointExtension>
            <ns3:hr>148</ns3:hr>
            <ns3:cad>93</ns3:cad>
          </ns3:TrackPointExtension>
        </extensions>
      </trkpt>
      <trkpt lat="24.632401764392852783203125" lon="118.14588862471282482147216796875">
        <ele>9.80000019073486328125</ele>
        <time>2025-10-31T09:37:57.000Z</time>
        <extensions>
          <ns3:TrackPointExtension>
            <ns3:hr>148</ns3:hr>
            <ns3:cad>93</ns3:cad>
          </ns3:TrackPointExtension>
        </extensions>
      </trkpt>
      <trkpt lat="24.63242230005562305450439453125" lon="118.1459037959575653076171875">
        <ele>9.80000019073486328125</ele>
        <time>2025-10-31T09:37:58.000Z</time>
        <extensions>
          <ns3:TrackPointExtension>
            <ns3:hr>148</ns3:hr>
            <ns3:cad>93</ns3:cad>
          </ns3:TrackPointExtension>
        </extensions>
      </trkpt>
      <trkpt lat="24.632448367774486541748046875" lon="118.14592885784804821014404296875">
        <ele>10</ele>
        <time>2025-10-31T09:37:59.000Z</time>
        <extensions>
          <ns3:TrackPointExtension>
            <ns3:hr>149</ns3:hr>
            <ns3:cad>93</ns3:cad>
          </ns3:TrackPointExtension>
        </extensions>
      </trkpt>
      <trkpt lat="24.632469825446605682373046875" lon="118.1459415145218372344970703125">
        <ele>10</ele>
        <time>2025-10-31T09:38:00.000Z</time>
        <extensions>
          <ns3:TrackPointExtension>
            <ns3:hr>150</ns3:hr>
            <ns3:cad>93</ns3:cad>
          </ns3:TrackPointExtension>
        </extensions>
      </trkpt>
      <trkpt lat="24.63249455206096172332763671875" lon="118.145965822041034698486328125">
        <ele>10</ele>
        <time>2025-10-31T09:38:01.000Z</time>
        <extensions>
          <ns3:TrackPointExtension>
            <ns3:hr>151</ns3:hr>
            <ns3:cad>93</ns3:cad>
          </ns3:TrackPointExtension>
        </extensions>
      </trkpt>
      <trkpt lat="24.63251483626663684844970703125" lon="118.145974539220333099365234375">
        <ele>10</ele>
        <time>2025-10-31T09:38:02.000Z</time>
        <extensions>
          <ns3:TrackPointExtension>
            <ns3:hr>151</ns3:hr>
            <ns3:cad>93</ns3:cad>
          </ns3:TrackPointExtension>
        </extensions>
      </trkpt>
      <trkpt lat="24.63254098780453205108642578125" lon="118.14599557779729366302490234375">
        <ele>10</ele>
        <time>2025-10-31T09:38:03.000Z</time>
        <extensions>
          <ns3:TrackPointExtension>
            <ns3:hr>151</ns3:hr>
            <ns3:cad>93</ns3:cad>
          </ns3:TrackPointExtension>
        </extensions>
      </trkpt>
      <trkpt lat="24.63256177492439746856689453125" lon="118.14600798301398754119873046875">
        <ele>9.80000019073486328125</ele>
        <time>2025-10-31T09:38:04.000Z</time>
        <extensions>
          <ns3:TrackPointExtension>
            <ns3:hr>150</ns3:hr>
            <ns3:cad>93</ns3:cad>
          </ns3:TrackPointExtension>
        </extensions>
      </trkpt>
      <trkpt lat="24.63258423842489719390869140625" lon="118.14602877013385295867919921875">
        <ele>9.80000019073486328125</ele>
        <time>2025-10-31T09:38:05.000Z</time>
        <extensions>
          <ns3:TrackPointExtension>
            <ns3:hr>151</ns3:hr>
            <ns3:cad>93</ns3:cad>
          </ns3:TrackPointExtension>
        </extensions>
      </trkpt>
      <trkpt lat="24.6326057799160480499267578125" lon="118.1460384093225002288818359375">
        <ele>9.80000019073486328125</ele>
        <time>2025-10-31T09:38:06.000Z</time>
        <extensions>
          <ns3:TrackPointExtension>
            <ns3:hr>151</ns3:hr>
            <ns3:cad>93</ns3:cad>
          </ns3:TrackPointExtension>
        </extensions>
      </trkpt>
      <trkpt lat="24.6326257288455963134765625" lon="118.1460531614720821380615234375">
        <ele>10</ele>
        <time>2025-10-31T09:38:07.000Z</time>
        <extensions>
          <ns3:TrackPointExtension>
            <ns3:hr>151</ns3:hr>
            <ns3:cad>93</ns3:cad>
          </ns3:TrackPointExtension>
        </extensions>
      </trkpt>
      <trkpt lat="24.63264651596546173095703125" lon="118.146069757640361785888671875">
        <ele>10</ele>
        <time>2025-10-31T09:38:08.000Z</time>
        <extensions>
          <ns3:TrackPointExtension>
            <ns3:hr>151</ns3:hr>
            <ns3:cad>93</ns3:cad>
          </ns3:TrackPointExtension>
        </extensions>
      </trkpt>
      <trkpt lat="24.6326678059995174407958984375" lon="118.1460833363234996795654296875">
        <ele>10</ele>
        <time>2025-10-31T09:38:09.000Z</time>
        <extensions>
          <ns3:TrackPointExtension>
            <ns3:hr>152</ns3:hr>
            <ns3:cad>93</ns3:cad>
          </ns3:TrackPointExtension>
        </extensions>
      </trkpt>
      <trkpt lat="24.63269454427063465118408203125" lon="118.1461011059582233428955078125">
        <ele>10.19999980926513671875</ele>
        <time>2025-10-31T09:38:10.000Z</time>
        <extensions>
          <ns3:TrackPointExtension>
            <ns3:hr>152</ns3:hr>
            <ns3:cad>93</ns3:cad>
          </ns3:TrackPointExtension>
        </extensions>
      </trkpt>
      <trkpt lat="24.632716588675975799560546875" lon="118.14611275680363178253173828125">
        <ele>10.19999980926513671875</ele>
        <time>2025-10-31T09:38:11.000Z</time>
        <extensions>
          <ns3:TrackPointExtension>
            <ns3:hr>152</ns3:hr>
            <ns3:cad>91</ns3:cad>
          </ns3:TrackPointExtension>
        </extensions>
      </trkpt>
      <trkpt lat="24.63274550624191761016845703125" lon="118.14613052643835544586181640625">
        <ele>10.19999980926513671875</ele>
        <time>2025-10-31T09:38:12.000Z</time>
        <extensions>
          <ns3:TrackPointExtension>
            <ns3:hr>152</ns3:hr>
            <ns3:cad>91</ns3:cad>
          </ns3:TrackPointExtension>
        </extensions>
      </trkpt>
      <trkpt lat="24.6327660419046878814697265625" lon="118.14613656140863895416259765625">
        <ele>10.19999980926513671875</ele>
        <time>2025-10-31T09:38:13.000Z</time>
        <extensions>
          <ns3:TrackPointExtension>
            <ns3:hr>152</ns3:hr>
            <ns3:cad>91</ns3:cad>
          </ns3:TrackPointExtension>
        </extensions>
      </trkpt>
      <trkpt lat="24.6327928639948368072509765625" lon="118.14614980481564998626708984375">
        <ele>10.19999980926513671875</ele>
        <time>2025-10-31T09:38:14.000Z</time>
        <extensions>
          <ns3:TrackPointExtension>
            <ns3:hr>151</ns3:hr>
            <ns3:cad>91</ns3:cad>
          </ns3:TrackPointExtension>
        </extensions>
      </trkpt>
      <trkpt lat="24.63281557895243167877197265625" lon="118.14616254530847072601318359375">
        <ele>10.19999980926513671875</ele>
        <time>2025-10-31T09:38:15.000Z</time>
        <extensions>
          <ns3:TrackPointExtension>
            <ns3:hr>151</ns3:hr>
            <ns3:cad>93</ns3:cad>
          </ns3:TrackPointExtension>
        </extensions>
      </trkpt>
      <trkpt lat="24.63284499943256378173828125" lon="118.14618417061865329742431640625">
        <ele>10.19999980926513671875</ele>
        <time>2025-10-31T09:38:16.000Z</time>
        <extensions>
          <ns3:TrackPointExtension>
            <ns3:hr>151</ns3:hr>
            <ns3:cad>93</ns3:cad>
          </ns3:TrackPointExtension>
        </extensions>
      </trkpt>
      <trkpt lat="24.6328649483621120452880859375" lon="118.14619481563568115234375">
        <ele>10.19999980926513671875</ele>
        <time>2025-10-31T09:38:17.000Z</time>
        <extensions>
          <ns3:TrackPointExtension>
            <ns3:hr>151</ns3:hr>
            <ns3:cad>93</ns3:cad>
          </ns3:TrackPointExtension>
        </extensions>
      </trkpt>
      <trkpt lat="24.6328934468328952789306640625" lon="118.14621753059327602386474609375">
        <ele>10.19999980926513671875</ele>
        <time>2025-10-31T09:38:18.000Z</time>
        <extensions>
          <ns3:TrackPointExtension>
            <ns3:hr>151</ns3:hr>
            <ns3:cad>93</ns3:cad>
          </ns3:TrackPointExtension>
        </extensions>
      </trkpt>
      <trkpt lat="24.63291339576244354248046875" lon="118.146229684352874755859375">
        <ele>10.19999980926513671875</ele>
        <time>2025-10-31T09:38:19.000Z</time>
        <extensions>
          <ns3:TrackPointExtension>
            <ns3:hr>151</ns3:hr>
            <ns3:cad>93</ns3:cad>
          </ns3:TrackPointExtension>
        </extensions>
      </trkpt>
      <trkpt lat="24.63293745182454586029052734375" lon="118.146249465644359588623046875">
        <ele>10.19999980926513671875</ele>
        <time>2025-10-31T09:38:20.000Z</time>
        <extensions>
          <ns3:TrackPointExtension>
            <ns3:hr>151</ns3:hr>
            <ns3:cad>93</ns3:cad>
          </ns3:TrackPointExtension>
        </extensions>
      </trkpt>
      <trkpt lat="24.63296092115342617034912109375" lon="118.14626681618392467498779296875">
        <ele>10.19999980926513671875</ele>
        <time>2025-10-31T09:38:21.000Z</time>
        <extensions>
          <ns3:TrackPointExtension>
            <ns3:hr>150</ns3:hr>
            <ns3:cad>92</ns3:cad>
          </ns3:TrackPointExtension>
        </extensions>
      </trkpt>
      <trkpt lat="24.63298371993005275726318359375" lon="118.14628559164702892303466796875">
        <ele>10.19999980926513671875</ele>
        <time>2025-10-31T09:38:22.000Z</time>
        <extensions>
          <ns3:TrackPointExtension>
            <ns3:hr>150</ns3:hr>
            <ns3:cad>92</ns3:cad>
          </ns3:TrackPointExtension>
        </extensions>
      </trkpt>
      <trkpt lat="24.63300886563956737518310546875" lon="118.1463046185672283172607421875">
        <ele>10.19999980926513671875</ele>
        <time>2025-10-31T09:38:23.000Z</time>
        <extensions>
          <ns3:TrackPointExtension>
            <ns3:hr>150</ns3:hr>
            <ns3:cad>93</ns3:cad>
          </ns3:TrackPointExtension>
        </extensions>
      </trkpt>
      <trkpt lat="24.63303049094974994659423828125" lon="118.1463183648884296417236328125">
        <ele>10.3999996185302734375</ele>
        <time>2025-10-31T09:38:24.000Z</time>
        <extensions>
          <ns3:TrackPointExtension>
            <ns3:hr>149</ns3:hr>
            <ns3:cad>93</ns3:cad>
          </ns3:TrackPointExtension>
        </extensions>
      </trkpt>
      <trkpt lat="24.6330563910305500030517578125" lon="118.1463383138179779052734375">
        <ele>10.3999996185302734375</ele>
        <time>2025-10-31T09:38:25.000Z</time>
        <extensions>
          <ns3:TrackPointExtension>
            <ns3:hr>149</ns3:hr>
            <ns3:cad>93</ns3:cad>
          </ns3:TrackPointExtension>
        </extensions>
      </trkpt>
      <trkpt lat="24.6330771781504154205322265625" lon="118.14634971320629119873046875">
        <ele>10.3999996185302734375</ele>
        <time>2025-10-31T09:38:26.000Z</time>
        <extensions>
          <ns3:TrackPointExtension>
            <ns3:hr>148</ns3:hr>
            <ns3:cad>92</ns3:cad>
          </ns3:TrackPointExtension>
        </extensions>
      </trkpt>
      <trkpt lat="24.63310391642153263092041015625" lon="118.146366812288761138916015625">
        <ele>10.3999996185302734375</ele>
        <time>2025-10-31T09:38:27.000Z</time>
        <extensions>
          <ns3:TrackPointExtension>
            <ns3:hr>148</ns3:hr>
            <ns3:cad>91</ns3:cad>
          </ns3:TrackPointExtension>
        </extensions>
      </trkpt>
      <trkpt lat="24.6331241168081760406494140625" lon="118.14637712202966213226318359375">
        <ele>10.3999996185302734375</ele>
        <time>2025-10-31T09:38:28.000Z</time>
        <extensions>
          <ns3:TrackPointExtension>
            <ns3:hr>148</ns3:hr>
            <ns3:cad>91</ns3:cad>
          </ns3:TrackPointExtension>
        </extensions>
      </trkpt>
      <trkpt lat="24.633151777088642120361328125" lon="118.14639941789209842681884765625">
        <ele>10.3999996185302734375</ele>
        <time>2025-10-31T09:38:29.000Z</time>
        <extensions>
          <ns3:TrackPointExtension>
            <ns3:hr>148</ns3:hr>
            <ns3:cad>93</ns3:cad>
          </ns3:TrackPointExtension>
        </extensions>
      </trkpt>
      <trkpt lat="24.6331744082272052764892578125" lon="118.14641165547072887420654296875">
        <ele>10.3999996185302734375</ele>
        <time>2025-10-31T09:38:30.000Z</time>
        <extensions>
          <ns3:TrackPointExtension>
            <ns3:hr>148</ns3:hr>
            <ns3:cad>93</ns3:cad>
          </ns3:TrackPointExtension>
        </extensions>
      </trkpt>
      <trkpt lat="24.633200056850910186767578125" lon="118.14643478952348232269287109375">
        <ele>10.3999996185302734375</ele>
        <time>2025-10-31T09:38:31.000Z</time>
        <extensions>
          <ns3:TrackPointExtension>
            <ns3:hr>149</ns3:hr>
            <ns3:cad>93</ns3:cad>
          </ns3:TrackPointExtension>
        </extensions>
      </trkpt>
      <trkpt lat="24.633223526179790496826171875" lon="118.14644803293049335479736328125">
        <ele>10.3999996185302734375</ele>
        <time>2025-10-31T09:38:32.000Z</time>
        <extensions>
          <ns3:TrackPointExtension>
            <ns3:hr>149</ns3:hr>
            <ns3:cad>93</ns3:cad>
          </ns3:TrackPointExtension>
        </extensions>
      </trkpt>
      <trkpt lat="24.6332501806318759918212890625" lon="118.14647200517356395721435546875">
        <ele>10.3999996185302734375</ele>
        <time>2025-10-31T09:38:33.000Z</time>
        <extensions>
          <ns3:TrackPointExtension>
            <ns3:hr>149</ns3:hr>
            <ns3:cad>93</ns3:cad>
          </ns3:TrackPointExtension>
        </extensions>
      </trkpt>
      <trkpt lat="24.63327339850366115570068359375" lon="118.14648726023733615875244140625">
        <ele>10.3999996185302734375</ele>
        <time>2025-10-31T09:38:34.000Z</time>
        <extensions>
          <ns3:TrackPointExtension>
            <ns3:hr>149</ns3:hr>
            <ns3:cad>93</ns3:cad>
          </ns3:TrackPointExtension>
        </extensions>
      </trkpt>
      <trkpt lat="24.6332962810993194580078125" lon="118.14650385640561580657958984375">
        <ele>10.3999996185302734375</ele>
        <time>2025-10-31T09:38:35.000Z</time>
        <extensions>
          <ns3:TrackPointExtension>
            <ns3:hr>149</ns3:hr>
            <ns3:cad>93</ns3:cad>
          </ns3:TrackPointExtension>
        </extensions>
      </trkpt>
      <trkpt lat="24.63331899605691432952880859375" lon="118.1465180218219757080078125">
        <ele>10.3999996185302734375</ele>
        <time>2025-10-31T09:38:36.000Z</time>
        <extensions>
          <ns3:TrackPointExtension>
            <ns3:hr>149</ns3:hr>
            <ns3:cad>93</ns3:cad>
          </ns3:TrackPointExtension>
        </extensions>
      </trkpt>
      <trkpt lat="24.63333961553871631622314453125" lon="118.14652849920094013214111328125">
        <ele>10.6000003814697265625</ele>
        <time>2025-10-31T09:38:37.000Z</time>
        <extensions>
          <ns3:TrackPointExtension>
            <ns3:hr>149</ns3:hr>
            <ns3:cad>93</ns3:cad>
          </ns3:TrackPointExtension>
        </extensions>
      </trkpt>
      <trkpt lat="24.63336526416242122650146484375" lon="118.14654526300728321075439453125">
        <ele>10.6000003814697265625</ele>
        <time>2025-10-31T09:38:38.000Z</time>
        <extensions>
          <ns3:TrackPointExtension>
            <ns3:hr>148</ns3:hr>
            <ns3:cad>93</ns3:cad>
          </ns3:TrackPointExtension>
        </extensions>
      </trkpt>
      <trkpt lat="24.6333849616348743438720703125" lon="118.14655934460461139678955078125">
        <ele>10.6000003814697265625</ele>
        <time>2025-10-31T09:38:39.000Z</time>
        <extensions>
          <ns3:TrackPointExtension>
            <ns3:hr>148</ns3:hr>
            <ns3:cad>93</ns3:cad>
          </ns3:TrackPointExtension>
        </extensions>
      </trkpt>
      <trkpt lat="24.63341086171567440032958984375" lon="118.1465822272002696990966796875">
        <ele>10.6000003814697265625</ele>
        <time>2025-10-31T09:38:40.000Z</time>
        <extensions>
          <ns3:TrackPointExtension>
            <ns3:hr>147</ns3:hr>
            <ns3:cad>93</ns3:cad>
          </ns3:TrackPointExtension>
        </extensions>
      </trkpt>
      <trkpt lat="24.633426703512668609619140625" lon="118.14659605734050273895263671875">
        <ele>10.3999996185302734375</ele>
        <time>2025-10-31T09:38:41.000Z</time>
        <extensions>
          <ns3:TrackPointExtension>
            <ns3:hr>147</ns3:hr>
            <ns3:cad>93</ns3:cad>
          </ns3:TrackPointExtension>
        </extensions>
      </trkpt>
      <trkpt lat="24.63344958610832691192626953125" lon="118.14661634154617786407470703125">
        <ele>10.3999996185302734375</ele>
        <time>2025-10-31T09:38:42.000Z</time>
        <extensions>
          <ns3:TrackPointExtension>
            <ns3:hr>147</ns3:hr>
            <ns3:cad>93</ns3:cad>
          </ns3:TrackPointExtension>
        </extensions>
      </trkpt>
      <trkpt lat="24.633470289409160614013671875" lon="118.14662606455385684967041015625">
        <ele>10.6000003814697265625</ele>
        <time>2025-10-31T09:38:43.000Z</time>
        <extensions>
          <ns3:TrackPointExtension>
            <ns3:hr>147</ns3:hr>
            <ns3:cad>93</ns3:cad>
          </ns3:TrackPointExtension>
        </extensions>
      </trkpt>
      <trkpt lat="24.63349820114672183990478515625" lon="118.1466479413211345672607421875">
        <ele>10.6000003814697265625</ele>
        <time>2025-10-31T09:38:44.000Z</time>
        <extensions>
          <ns3:TrackPointExtension>
            <ns3:hr>147</ns3:hr>
            <ns3:cad>93</ns3:cad>
          </ns3:TrackPointExtension>
        </extensions>
      </trkpt>
      <trkpt lat="24.63351689279079437255859375" lon="118.1466553173959255218505859375">
        <ele>10.6000003814697265625</ele>
        <time>2025-10-31T09:38:45.000Z</time>
        <extensions>
          <ns3:TrackPointExtension>
            <ns3:hr>147</ns3:hr>
            <ns3:cad>93</ns3:cad>
          </ns3:TrackPointExtension>
        </extensions>
      </trkpt>
      <trkpt lat="24.63354145176708698272705078125" lon="118.14667669124901294708251953125">
        <ele>10.6000003814697265625</ele>
        <time>2025-10-31T09:38:46.000Z</time>
        <extensions>
          <ns3:TrackPointExtension>
            <ns3:hr>147</ns3:hr>
            <ns3:cad>93</ns3:cad>
          </ns3:TrackPointExtension>
        </extensions>
      </trkpt>
      <trkpt lat="24.63356257416307926177978515625" lon="118.146691024303436279296875">
        <ele>10.6000003814697265625</ele>
        <time>2025-10-31T09:38:47.000Z</time>
        <extensions>
          <ns3:TrackPointExtension>
            <ns3:hr>146</ns3:hr>
            <ns3:cad>93</ns3:cad>
          </ns3:TrackPointExtension>
        </extensions>
      </trkpt>
      <trkpt lat="24.633586294949054718017578125" lon="118.1467106379568576812744140625">
        <ele>10.6000003814697265625</ele>
        <time>2025-10-31T09:38:48.000Z</time>
        <extensions>
          <ns3:TrackPointExtension>
            <ns3:hr>146</ns3:hr>
            <ns3:cad>93</ns3:cad>
          </ns3:TrackPointExtension>
        </extensions>
      </trkpt>
      <trkpt lat="24.63360716588795185089111328125" lon="118.146727569401264190673828125">
        <ele>10.6000003814697265625</ele>
        <time>2025-10-31T09:38:49.000Z</time>
        <extensions>
          <ns3:TrackPointExtension>
            <ns3:hr>146</ns3:hr>
            <ns3:cad>93</ns3:cad>
          </ns3:TrackPointExtension>
        </extensions>
      </trkpt>
      <trkpt lat="24.63362753391265869140625" lon="118.14674592576920986175537109375">
        <ele>10.6000003814697265625</ele>
        <time>2025-10-31T09:38:50.000Z</time>
        <extensions>
          <ns3:TrackPointExtension>
            <ns3:hr>146</ns3:hr>
            <ns3:cad>93</ns3:cad>
          </ns3:TrackPointExtension>
        </extensions>
      </trkpt>
      <trkpt lat="24.6336528472602367401123046875" lon="118.14676252193748950958251953125">
        <ele>10.6000003814697265625</ele>
        <time>2025-10-31T09:38:51.000Z</time>
        <extensions>
          <ns3:TrackPointExtension>
            <ns3:hr>146</ns3:hr>
            <ns3:cad>93</ns3:cad>
          </ns3:TrackPointExtension>
        </extensions>
      </trkpt>
      <trkpt lat="24.63367388583719730377197265625" lon="118.1467817164957523345947265625">
        <ele>10.3999996185302734375</ele>
        <time>2025-10-31T09:38:52.000Z</time>
        <extensions>
          <ns3:TrackPointExtension>
            <ns3:hr>146</ns3:hr>
            <ns3:cad>93</ns3:cad>
          </ns3:TrackPointExtension>
        </extensions>
      </trkpt>
      <trkpt lat="24.6336971037089824676513671875" lon="118.146800994873046875">
        <ele>10.3999996185302734375</ele>
        <time>2025-10-31T09:38:53.000Z</time>
        <extensions>
          <ns3:TrackPointExtension>
            <ns3:hr>147</ns3:hr>
            <ns3:cad>93</ns3:cad>
          </ns3:TrackPointExtension>
        </extensions>
      </trkpt>
      <trkpt lat="24.63371395133435726165771484375" lon="118.146811388432979583740234375">
        <ele>10.3999996185302734375</ele>
        <time>2025-10-31T09:38:54.000Z</time>
        <extensions>
          <ns3:TrackPointExtension>
            <ns3:hr>147</ns3:hr>
            <ns3:cad>91</ns3:cad>
          </ns3:TrackPointExtension>
        </extensions>
      </trkpt>
      <trkpt lat="24.6337406896054744720458984375" lon="118.14683108590543270111083984375">
        <ele>10.3999996185302734375</ele>
        <time>2025-10-31T09:38:55.000Z</time>
        <extensions>
          <ns3:TrackPointExtension>
            <ns3:hr>147</ns3:hr>
            <ns3:cad>91</ns3:cad>
          </ns3:TrackPointExtension>
        </extensions>
      </trkpt>
      <trkpt lat="24.6337624825537204742431640625" lon="118.146842233836650848388671875">
        <ele>10.3999996185302734375</ele>
        <time>2025-10-31T09:38:56.000Z</time>
        <extensions>
          <ns3:TrackPointExtension>
            <ns3:hr>147</ns3:hr>
            <ns3:cad>91</ns3:cad>
          </ns3:TrackPointExtension>
        </extensions>
      </trkpt>
      <trkpt lat="24.63379341177642345428466796875" lon="118.14686260186135768890380859375">
        <ele>10.3999996185302734375</ele>
        <time>2025-10-31T09:38:57.000Z</time>
        <extensions>
          <ns3:TrackPointExtension>
            <ns3:hr>147</ns3:hr>
            <ns3:cad>91</ns3:cad>
          </ns3:TrackPointExtension>
        </extensions>
      </trkpt>
      <trkpt lat="24.63381252251565456390380859375" lon="118.14687366597354412078857421875">
        <ele>10.3999996185302734375</ele>
        <time>2025-10-31T09:38:58.000Z</time>
        <extensions>
          <ns3:TrackPointExtension>
            <ns3:hr>148</ns3:hr>
            <ns3:cad>93</ns3:cad>
          </ns3:TrackPointExtension>
        </extensions>
      </trkpt>
      <trkpt lat="24.6338432841002941131591796875" lon="118.146895207464694976806640625">
        <ele>10.3999996185302734375</ele>
        <time>2025-10-31T09:38:59.000Z</time>
        <extensions>
          <ns3:TrackPointExtension>
            <ns3:hr>147</ns3:hr>
            <ns3:cad>93</ns3:cad>
          </ns3:TrackPointExtension>
        </extensions>
      </trkpt>
      <trkpt lat="24.63386801071465015411376953125" lon="118.14690149389207363128662109375">
        <ele>10.3999996185302734375</ele>
        <time>2025-10-31T09:39:00.000Z</time>
        <extensions>
          <ns3:TrackPointExtension>
            <ns3:hr>147</ns3:hr>
            <ns3:cad>93</ns3:cad>
          </ns3:TrackPointExtension>
        </extensions>
      </trkpt>
      <trkpt lat="24.63390002958476543426513671875" lon="118.146920017898082733154296875">
        <ele>10.3999996185302734375</ele>
        <time>2025-10-31T09:39:01.000Z</time>
        <extensions>
          <ns3:TrackPointExtension>
            <ns3:hr>148</ns3:hr>
            <ns3:cad>93</ns3:cad>
          </ns3:TrackPointExtension>
        </extensions>
      </trkpt>
      <trkpt lat="24.63391654193401336669921875" lon="118.1469238735735416412353515625">
        <ele>10.3999996185302734375</ele>
        <time>2025-10-31T09:39:02.000Z</time>
        <extensions>
          <ns3:TrackPointExtension>
            <ns3:hr>148</ns3:hr>
            <ns3:cad>93</ns3:cad>
          </ns3:TrackPointExtension>
        </extensions>
      </trkpt>
      <trkpt lat="24.63394470512866973876953125" lon="118.1469446606934070587158203125">
        <ele>10.3999996185302734375</ele>
        <time>2025-10-31T09:39:03.000Z</time>
        <extensions>
          <ns3:TrackPointExtension>
            <ns3:hr>148</ns3:hr>
            <ns3:cad>92</ns3:cad>
          </ns3:TrackPointExtension>
        </extensions>
      </trkpt>
      <trkpt lat="24.633965156972408294677734375" lon="118.14695656299591064453125">
        <ele>10.6000003814697265625</ele>
        <time>2025-10-31T09:39:04.000Z</time>
        <extensions>
          <ns3:TrackPointExtension>
            <ns3:hr>148</ns3:hr>
            <ns3:cad>92</ns3:cad>
          </ns3:TrackPointExtension>
        </extensions>
      </trkpt>
      <trkpt lat="24.63399457745254039764404296875" lon="118.146975673735141754150390625">
        <ele>10.6000003814697265625</ele>
        <time>2025-10-31T09:39:05.000Z</time>
        <extensions>
          <ns3:TrackPointExtension>
            <ns3:hr>149</ns3:hr>
            <ns3:cad>92</ns3:cad>
          </ns3:TrackPointExtension>
        </extensions>
      </trkpt>
      <trkpt lat="24.6340146102011203765869140625" lon="118.14698548056185245513916015625">
        <ele>10.6000003814697265625</ele>
        <time>2025-10-31T09:39:06.000Z</time>
        <extensions>
          <ns3:TrackPointExtension>
            <ns3:hr>150</ns3:hr>
            <ns3:cad>92</ns3:cad>
          </ns3:TrackPointExtension>
        </extensions>
      </trkpt>
      <trkpt lat="24.634038917720317840576171875" lon="118.14700358547270298004150390625">
        <ele>10.3999996185302734375</ele>
        <time>2025-10-31T09:39:07.000Z</time>
        <extensions>
          <ns3:TrackPointExtension>
            <ns3:hr>150</ns3:hr>
            <ns3:cad>92</ns3:cad>
          </ns3:TrackPointExtension>
        </extensions>
      </trkpt>
      <trkpt lat="24.63406012393534183502197265625" lon="118.14701682887971401214599609375">
        <ele>10.3999996185302734375</ele>
        <time>2025-10-31T09:39:08.000Z</time>
        <extensions>
          <ns3:TrackPointExtension>
            <ns3:hr>151</ns3:hr>
            <ns3:cad>92</ns3:cad>
          </ns3:TrackPointExtension>
        </extensions>
      </trkpt>
      <trkpt lat="24.634086191654205322265625" lon="118.147036023437976837158203125">
        <ele>10.6000003814697265625</ele>
        <time>2025-10-31T09:39:09.000Z</time>
        <extensions>
          <ns3:TrackPointExtension>
            <ns3:hr>151</ns3:hr>
            <ns3:cad>92</ns3:cad>
          </ns3:TrackPointExtension>
        </extensions>
      </trkpt>
      <trkpt lat="24.634107984602451324462890625" lon="118.1470512785017490386962890625">
        <ele>10.6000003814697265625</ele>
        <time>2025-10-31T09:39:10.000Z</time>
        <extensions>
          <ns3:TrackPointExtension>
            <ns3:hr>151</ns3:hr>
            <ns3:cad>90</ns3:cad>
          </ns3:TrackPointExtension>
        </extensions>
      </trkpt>
      <trkpt lat="24.63413287885487079620361328125" lon="118.14706410281360149383544921875">
        <ele>10.6000003814697265625</ele>
        <time>2025-10-31T09:39:11.000Z</time>
        <extensions>
          <ns3:TrackPointExtension>
            <ns3:hr>151</ns3:hr>
            <ns3:cad>90</ns3:cad>
          </ns3:TrackPointExtension>
        </extensions>
      </trkpt>
      <trkpt lat="24.6341544203460216522216796875" lon="118.1470787711441516876220703125">
        <ele>10.6000003814697265625</ele>
        <time>2025-10-31T09:39:12.000Z</time>
        <extensions>
          <ns3:TrackPointExtension>
            <ns3:hr>151</ns3:hr>
            <ns3:cad>91</ns3:cad>
          </ns3:TrackPointExtension>
        </extensions>
      </trkpt>
      <trkpt lat="24.63417713530361652374267578125" lon="118.14709494821727275848388671875">
        <ele>10.6000003814697265625</ele>
        <time>2025-10-31T09:39:13.000Z</time>
        <extensions>
          <ns3:TrackPointExtension>
            <ns3:hr>151</ns3:hr>
            <ns3:cad>91</ns3:cad>
          </ns3:TrackPointExtension>
        </extensions>
      </trkpt>
      <trkpt lat="24.634197838604450225830078125" lon="118.147108443081378936767578125">
        <ele>10.6000003814697265625</ele>
        <time>2025-10-31T09:39:14.000Z</time>
        <extensions>
          <ns3:TrackPointExtension>
            <ns3:hr>152</ns3:hr>
            <ns3:cad>91</ns3:cad>
          </ns3:TrackPointExtension>
        </extensions>
      </trkpt>
      <trkpt lat="24.63421636261045932769775390625" lon="118.1471293978393077850341796875">
        <ele>10.6000003814697265625</ele>
        <time>2025-10-31T09:39:15.000Z</time>
        <extensions>
          <ns3:TrackPointExtension>
            <ns3:hr>152</ns3:hr>
            <ns3:cad>91</ns3:cad>
          </ns3:TrackPointExtension>
        </extensions>
      </trkpt>
      <trkpt lat="24.63423765264451503753662109375" lon="118.147147335112094879150390625">
        <ele>10.6000003814697265625</ele>
        <time>2025-10-31T09:39:16.000Z</time>
        <extensions>
          <ns3:TrackPointExtension>
            <ns3:hr>152</ns3:hr>
            <ns3:cad>91</ns3:cad>
          </ns3:TrackPointExtension>
        </extensions>
      </trkpt>
      <trkpt lat="24.63426120579242706298828125" lon="118.14717021770775318145751953125">
        <ele>10.6000003814697265625</ele>
        <time>2025-10-31T09:39:17.000Z</time>
        <extensions>
          <ns3:TrackPointExtension>
            <ns3:hr>152</ns3:hr>
            <ns3:cad>91</ns3:cad>
          </ns3:TrackPointExtension>
        </extensions>
      </trkpt>
      <trkpt lat="24.634285010397434234619140625" lon="118.14718765206634998321533203125">
        <ele>10.6000003814697265625</ele>
        <time>2025-10-31T09:39:18.000Z</time>
        <extensions>
          <ns3:TrackPointExtension>
            <ns3:hr>152</ns3:hr>
            <ns3:cad>90</ns3:cad>
          </ns3:TrackPointExtension>
        </extensions>
      </trkpt>
      <trkpt lat="24.6343083120882511138916015625" lon="118.14720265567302703857421875">
        <ele>10.6000003814697265625</ele>
        <time>2025-10-31T09:39:19.000Z</time>
        <extensions>
          <ns3:TrackPointExtension>
            <ns3:hr>152</ns3:hr>
            <ns3:cad>90</ns3:cad>
          </ns3:TrackPointExtension>
        </extensions>
      </trkpt>
      <trkpt lat="24.63433505035936832427978515625" lon="118.1472194194793701171875">
        <ele>10.80000019073486328125</ele>
        <time>2025-10-31T09:39:20.000Z</time>
        <extensions>
          <ns3:TrackPointExtension>
            <ns3:hr>152</ns3:hr>
            <ns3:cad>91</ns3:cad>
          </ns3:TrackPointExtension>
        </extensions>
      </trkpt>
      <trkpt lat="24.63435634039342403411865234375" lon="118.1472293101251125335693359375">
        <ele>10.80000019073486328125</ele>
        <time>2025-10-31T09:39:21.000Z</time>
        <extensions>
          <ns3:TrackPointExtension>
            <ns3:hr>152</ns3:hr>
            <ns3:cad>92</ns3:cad>
          </ns3:TrackPointExtension>
        </extensions>
      </trkpt>
      <trkpt lat="24.63438584469258785247802734375" lon="118.14724347554147243499755859375">
        <ele>10.6000003814697265625</ele>
        <time>2025-10-31T09:39:22.000Z</time>
        <extensions>
          <ns3:TrackPointExtension>
            <ns3:hr>152</ns3:hr>
            <ns3:cad>92</ns3:cad>
          </ns3:TrackPointExtension>
        </extensions>
      </trkpt>
      <trkpt lat="24.6344013512134552001953125" lon="118.14725370146334171295166015625">
        <ele>10.80000019073486328125</ele>
        <time>2025-10-31T09:39:23.000Z</time>
        <extensions>
          <ns3:TrackPointExtension>
            <ns3:hr>152</ns3:hr>
            <ns3:cad>92</ns3:cad>
          </ns3:TrackPointExtension>
        </extensions>
      </trkpt>
      <trkpt lat="24.634427167475223541259765625" lon="118.14727432094514369964599609375">
        <ele>10.80000019073486328125</ele>
        <time>2025-10-31T09:39:24.000Z</time>
        <extensions>
          <ns3:TrackPointExtension>
            <ns3:hr>152</ns3:hr>
            <ns3:cad>92</ns3:cad>
          </ns3:TrackPointExtension>
        </extensions>
      </trkpt>
      <trkpt lat="24.63444954715669155120849609375" lon="118.1472829543054103851318359375">
        <ele>10.80000019073486328125</ele>
        <time>2025-10-31T09:39:25.000Z</time>
        <extensions>
          <ns3:TrackPointExtension>
            <ns3:hr>152</ns3:hr>
            <ns3:cad>91</ns3:cad>
          </ns3:TrackPointExtension>
        </extensions>
      </trkpt>
      <trkpt lat="24.6344776265323162078857421875" lon="118.14730231650173664093017578125">
        <ele>10.80000019073486328125</ele>
        <time>2025-10-31T09:39:26.000Z</time>
        <extensions>
          <ns3:TrackPointExtension>
            <ns3:hr>152</ns3:hr>
            <ns3:cad>91</ns3:cad>
          </ns3:TrackPointExtension>
        </extensions>
      </trkpt>
      <trkpt lat="24.634496904909610748291015625" lon="118.14731338061392307281494140625">
        <ele>10.80000019073486328125</ele>
        <time>2025-10-31T09:39:27.000Z</time>
        <extensions>
          <ns3:TrackPointExtension>
            <ns3:hr>152</ns3:hr>
            <ns3:cad>93</ns3:cad>
          </ns3:TrackPointExtension>
        </extensions>
      </trkpt>
      <trkpt lat="24.63452540338039398193359375" lon="118.14733198843896389007568359375">
        <ele>10.80000019073486328125</ele>
        <time>2025-10-31T09:39:28.000Z</time>
        <extensions>
          <ns3:TrackPointExtension>
            <ns3:hr>152</ns3:hr>
            <ns3:cad>93</ns3:cad>
          </ns3:TrackPointExtension>
        </extensions>
      </trkpt>
      <trkpt lat="24.63454711250960826873779296875" lon="118.14734187908470630645751953125">
        <ele>10.80000019073486328125</ele>
        <time>2025-10-31T09:39:29.000Z</time>
        <extensions>
          <ns3:TrackPointExtension>
            <ns3:hr>152</ns3:hr>
            <ns3:cad>93</ns3:cad>
          </ns3:TrackPointExtension>
        </extensions>
      </trkpt>
      <trkpt lat="24.63457058183848857879638671875" lon="118.14736853353679180145263671875">
        <ele>11</ele>
        <time>2025-10-31T09:39:30.000Z</time>
        <extensions>
          <ns3:TrackPointExtension>
            <ns3:hr>152</ns3:hr>
            <ns3:cad>93</ns3:cad>
          </ns3:TrackPointExtension>
        </extensions>
      </trkpt>
      <trkpt lat="24.63458784855902194976806640625" lon="118.14738345332443714141845703125">
        <ele>11</ele>
        <time>2025-10-31T09:39:31.000Z</time>
        <extensions>
          <ns3:TrackPointExtension>
            <ns3:hr>152</ns3:hr>
            <ns3:cad>93</ns3:cad>
          </ns3:TrackPointExtension>
        </extensions>
      </trkpt>
      <trkpt lat="24.634612239897251129150390625" lon="118.1474086828529834747314453125">
        <ele>11</ele>
        <time>2025-10-31T09:39:32.000Z</time>
        <extensions>
          <ns3:TrackPointExtension>
            <ns3:hr>151</ns3:hr>
            <ns3:cad>92</ns3:cad>
          </ns3:TrackPointExtension>
        </extensions>
      </trkpt>
      <trkpt lat="24.63463076390326023101806640625" lon="118.1474194116890430450439453125">
        <ele>11</ele>
        <time>2025-10-31T09:39:33.000Z</time>
        <extensions>
          <ns3:TrackPointExtension>
            <ns3:hr>151</ns3:hr>
            <ns3:cad>92</ns3:cad>
          </ns3:TrackPointExtension>
        </extensions>
      </trkpt>
      <trkpt lat="24.6346506290137767791748046875" lon="118.14744011498987674713134765625">
        <ele>11</ele>
        <time>2025-10-31T09:39:34.000Z</time>
        <extensions>
          <ns3:TrackPointExtension>
            <ns3:hr>151</ns3:hr>
            <ns3:cad>91</ns3:cad>
          </ns3:TrackPointExtension>
        </extensions>
      </trkpt>
      <trkpt lat="24.634667225182056427001953125" lon="118.147449754178524017333984375">
        <ele>11</ele>
        <time>2025-10-31T09:39:35.000Z</time>
        <extensions>
          <ns3:TrackPointExtension>
            <ns3:hr>151</ns3:hr>
            <ns3:cad>90</ns3:cad>
          </ns3:TrackPointExtension>
        </extensions>
      </trkpt>
      <trkpt lat="24.63468943722546100616455078125" lon="118.14747230149805545806884765625">
        <ele>11</ele>
        <time>2025-10-31T09:39:36.000Z</time>
        <extensions>
          <ns3:TrackPointExtension>
            <ns3:hr>150</ns3:hr>
            <ns3:cad>90</ns3:cad>
          </ns3:TrackPointExtension>
        </extensions>
      </trkpt>
      <trkpt lat="24.63470569811761379241943359375" lon="118.14747934229671955108642578125">
        <ele>11</ele>
        <time>2025-10-31T09:39:37.000Z</time>
        <extensions>
          <ns3:TrackPointExtension>
            <ns3:hr>150</ns3:hr>
            <ns3:cad>89</ns3:cad>
          </ns3:TrackPointExtension>
        </extensions>
      </trkpt>
      <trkpt lat="24.63473134674131870269775390625" lon="118.1474998779594898223876953125">
        <ele>11</ele>
        <time>2025-10-31T09:39:38.000Z</time>
        <extensions>
          <ns3:TrackPointExtension>
            <ns3:hr>150</ns3:hr>
            <ns3:cad>89</ns3:cad>
          </ns3:TrackPointExtension>
        </extensions>
      </trkpt>
      <trkpt lat="24.63474727235734462738037109375" lon="118.1475099362432956695556640625">
        <ele>11</ele>
        <time>2025-10-31T09:39:39.000Z</time>
        <extensions>
          <ns3:TrackPointExtension>
            <ns3:hr>150</ns3:hr>
            <ns3:cad>89</ns3:cad>
          </ns3:TrackPointExtension>
        </extensions>
      </trkpt>
      <trkpt lat="24.63477124460041522979736328125" lon="118.14753114245831966400146484375">
        <ele>11</ele>
        <time>2025-10-31T09:39:40.000Z</time>
        <extensions>
          <ns3:TrackPointExtension>
            <ns3:hr>151</ns3:hr>
            <ns3:cad>89</ns3:cad>
          </ns3:TrackPointExtension>
        </extensions>
      </trkpt>
      <trkpt lat="24.6347897686064243316650390625" lon="118.14754371531307697296142578125">
        <ele>11</ele>
        <time>2025-10-31T09:39:41.000Z</time>
        <extensions>
          <ns3:TrackPointExtension>
            <ns3:hr>151</ns3:hr>
            <ns3:cad>89</ns3:cad>
          </ns3:TrackPointExtension>
        </extensions>
      </trkpt>
      <trkpt lat="24.63481105864048004150390625" lon="118.14757070504128932952880859375">
        <ele>11</ele>
        <time>2025-10-31T09:39:42.000Z</time>
        <extensions>
          <ns3:TrackPointExtension>
            <ns3:hr>152</ns3:hr>
            <ns3:cad>89</ns3:cad>
          </ns3:TrackPointExtension>
        </extensions>
      </trkpt>
      <trkpt lat="24.634830839931964874267578125" lon="118.14758612774312496185302734375">
        <ele>11.19999980926513671875</ele>
        <time>2025-10-31T09:39:43.000Z</time>
        <extensions>
          <ns3:TrackPointExtension>
            <ns3:hr>152</ns3:hr>
            <ns3:cad>90</ns3:cad>
          </ns3:TrackPointExtension>
        </extensions>
      </trkpt>
      <trkpt lat="24.634853303432464599609375" lon="118.14760741777718067169189453125">
        <ele>11.19999980926513671875</ele>
        <time>2025-10-31T09:39:44.000Z</time>
        <extensions>
          <ns3:TrackPointExtension>
            <ns3:hr>152</ns3:hr>
            <ns3:cad>91</ns3:cad>
          </ns3:TrackPointExtension>
        </extensions>
      </trkpt>
      <trkpt lat="24.63487568311393260955810546875" lon="118.1476219184696674346923828125">
        <ele>11</ele>
        <time>2025-10-31T09:39:45.000Z</time>
        <extensions>
          <ns3:TrackPointExtension>
            <ns3:hr>152</ns3:hr>
            <ns3:cad>92</ns3:cad>
          </ns3:TrackPointExtension>
        </extensions>
      </trkpt>
      <trkpt lat="24.6349010802805423736572265625" lon="118.1476403586566448211669921875">
        <ele>11</ele>
        <time>2025-10-31T09:39:46.000Z</time>
        <extensions>
          <ns3:TrackPointExtension>
            <ns3:hr>152</ns3:hr>
            <ns3:cad>93</ns3:cad>
          </ns3:TrackPointExtension>
        </extensions>
      </trkpt>
      <trkpt lat="24.63492773473262786865234375" lon="118.147657625377178192138671875">
        <ele>11</ele>
        <time>2025-10-31T09:39:47.000Z</time>
        <extensions>
          <ns3:TrackPointExtension>
            <ns3:hr>153</ns3:hr>
            <ns3:cad>93</ns3:cad>
          </ns3:TrackPointExtension>
        </extensions>
      </trkpt>
      <trkpt lat="24.634950868785381317138671875" lon="118.14767061732709407806396484375">
        <ele>11</ele>
        <time>2025-10-31T09:39:48.000Z</time>
        <extensions>
          <ns3:TrackPointExtension>
            <ns3:hr>153</ns3:hr>
            <ns3:cad>93</ns3:cad>
          </ns3:TrackPointExtension>
        </extensions>
      </trkpt>
      <trkpt lat="24.63497827760875225067138671875" lon="118.147687800228595733642578125">
        <ele>11</ele>
        <time>2025-10-31T09:39:49.000Z</time>
        <extensions>
          <ns3:TrackPointExtension>
            <ns3:hr>153</ns3:hr>
            <ns3:cad>93</ns3:cad>
          </ns3:TrackPointExtension>
        </extensions>
      </trkpt>
      <trkpt lat="24.6349996514618396759033203125" lon="118.1477000378072261810302734375">
        <ele>11</ele>
        <time>2025-10-31T09:39:50.000Z</time>
        <extensions>
          <ns3:TrackPointExtension>
            <ns3:hr>153</ns3:hr>
            <ns3:cad>93</ns3:cad>
          </ns3:TrackPointExtension>
        </extensions>
      </trkpt>
      <trkpt lat="24.635029323399066925048828125" lon="118.14771738834679126739501953125">
        <ele>11</ele>
        <time>2025-10-31T09:39:51.000Z</time>
        <extensions>
          <ns3:TrackPointExtension>
            <ns3:hr>153</ns3:hr>
            <ns3:cad>93</ns3:cad>
          </ns3:TrackPointExtension>
        </extensions>
      </trkpt>
      <trkpt lat="24.63505052961409091949462890625" lon="118.1477278657257556915283203125">
        <ele>11.19999980926513671875</ele>
        <time>2025-10-31T09:39:52.000Z</time>
        <extensions>
          <ns3:TrackPointExtension>
            <ns3:hr>153</ns3:hr>
            <ns3:cad>92</ns3:cad>
          </ns3:TrackPointExtension>
        </extensions>
      </trkpt>
      <trkpt lat="24.6350797824561595916748046875" lon="118.1477399356663227081298828125">
        <ele>11.19999980926513671875</ele>
        <time>2025-10-31T09:39:53.000Z</time>
        <extensions>
          <ns3:TrackPointExtension>
            <ns3:hr>154</ns3:hr>
            <ns3:cad>91</ns3:cad>
          </ns3:TrackPointExtension>
        </extensions>
      </trkpt>
      <trkpt lat="24.63510232977569103240966796875" lon="118.14775041304528713226318359375">
        <ele>11.19999980926513671875</ele>
        <time>2025-10-31T09:39:54.000Z</time>
        <extensions>
          <ns3:TrackPointExtension>
            <ns3:hr>153</ns3:hr>
            <ns3:cad>90</ns3:cad>
          </ns3:TrackPointExtension>
        </extensions>
      </trkpt>
      <trkpt lat="24.63512948714196681976318359375" lon="118.1477654166519641876220703125">
        <ele>11.19999980926513671875</ele>
        <time>2025-10-31T09:39:55.000Z</time>
        <extensions>
          <ns3:TrackPointExtension>
            <ns3:hr>153</ns3:hr>
            <ns3:cad>90</ns3:cad>
          </ns3:TrackPointExtension>
        </extensions>
      </trkpt>
      <trkpt lat="24.6351501904428005218505859375" lon="118.14777706749737262725830078125">
        <ele>11.19999980926513671875</ele>
        <time>2025-10-31T09:39:56.000Z</time>
        <extensions>
          <ns3:TrackPointExtension>
            <ns3:hr>153</ns3:hr>
            <ns3:cad>89</ns3:cad>
          </ns3:TrackPointExtension>
        </extensions>
      </trkpt>
      <trkpt lat="24.635175503790378570556640625" lon="118.1477908976376056671142578125">
        <ele>11.19999980926513671875</ele>
        <time>2025-10-31T09:39:57.000Z</time>
        <extensions>
          <ns3:TrackPointExtension>
            <ns3:hr>152</ns3:hr>
            <ns3:cad>89</ns3:cad>
          </ns3:TrackPointExtension>
        </extensions>
      </trkpt>
      <trkpt lat="24.63519771583378314971923828125" lon="118.1478049792349338531494140625">
        <ele>11.19999980926513671875</ele>
        <time>2025-10-31T09:39:58.000Z</time>
        <extensions>
          <ns3:TrackPointExtension>
            <ns3:hr>152</ns3:hr>
            <ns3:cad>89</ns3:cad>
          </ns3:TrackPointExtension>
        </extensions>
      </trkpt>
      <trkpt lat="24.63522143661975860595703125" lon="118.14782450906932353973388671875">
        <ele>11.3999996185302734375</ele>
        <time>2025-10-31T09:39:59.000Z</time>
        <extensions>
          <ns3:TrackPointExtension>
            <ns3:hr>152</ns3:hr>
            <ns3:cad>89</ns3:cad>
          </ns3:TrackPointExtension>
        </extensions>
      </trkpt>
      <trkpt lat="24.63523962534964084625244140625" lon="118.147841356694698333740234375">
        <ele>11.3999996185302734375</ele>
        <time>2025-10-31T09:40:00.000Z</time>
        <extensions>
          <ns3:TrackPointExtension>
            <ns3:hr>151</ns3:hr>
            <ns3:cad>89</ns3:cad>
          </ns3:TrackPointExtension>
        </extensions>
      </trkpt>
      <trkpt lat="24.63526527397334575653076171875" lon="118.147856779396533966064453125">
        <ele>11.3999996185302734375</ele>
        <time>2025-10-31T09:40:01.000Z</time>
        <extensions>
          <ns3:TrackPointExtension>
            <ns3:hr>151</ns3:hr>
            <ns3:cad>89</ns3:cad>
          </ns3:TrackPointExtension>
        </extensions>
      </trkpt>
      <trkpt lat="24.63528706692159175872802734375" lon="118.14787094481289386749267578125">
        <ele>11.3999996185302734375</ele>
        <time>2025-10-31T09:40:02.000Z</time>
        <extensions>
          <ns3:TrackPointExtension>
            <ns3:hr>151</ns3:hr>
            <ns3:cad>89</ns3:cad>
          </ns3:TrackPointExtension>
        </extensions>
      </trkpt>
      <trkpt lat="24.63531221263110637664794921875" lon="118.14788930118083953857421875">
        <ele>11.3999996185302734375</ele>
        <time>2025-10-31T09:40:03.000Z</time>
        <extensions>
          <ns3:TrackPointExtension>
            <ns3:hr>151</ns3:hr>
            <ns3:cad>89</ns3:cad>
          </ns3:TrackPointExtension>
        </extensions>
      </trkpt>
      <trkpt lat="24.63533266447484493255615234375" lon="118.14790614880621433258056640625">
        <ele>11.19999980926513671875</ele>
        <time>2025-10-31T09:40:04.000Z</time>
        <extensions>
          <ns3:TrackPointExtension>
            <ns3:hr>151</ns3:hr>
            <ns3:cad>89</ns3:cad>
          </ns3:TrackPointExtension>
        </extensions>
      </trkpt>
      <trkpt lat="24.63535579852759838104248046875" lon="118.14792148768901824951171875">
        <ele>11.19999980926513671875</ele>
        <time>2025-10-31T09:40:05.000Z</time>
        <extensions>
          <ns3:TrackPointExtension>
            <ns3:hr>150</ns3:hr>
            <ns3:cad>89</ns3:cad>
          </ns3:TrackPointExtension>
        </extensions>
      </trkpt>
      <trkpt lat="24.6353754960000514984130859375" lon="118.14793498255312442779541015625">
        <ele>11.19999980926513671875</ele>
        <time>2025-10-31T09:40:06.000Z</time>
        <extensions>
          <ns3:TrackPointExtension>
            <ns3:hr>151</ns3:hr>
            <ns3:cad>89</ns3:cad>
          </ns3:TrackPointExtension>
        </extensions>
      </trkpt>
      <trkpt lat="24.63539686985313892364501953125" lon="118.14794830977916717529296875">
        <ele>11.19999980926513671875</ele>
        <time>2025-10-31T09:40:07.000Z</time>
        <extensions>
          <ns3:TrackPointExtension>
            <ns3:hr>151</ns3:hr>
            <ns3:cad>89</ns3:cad>
          </ns3:TrackPointExtension>
        </extensions>
      </trkpt>
      <trkpt lat="24.63541715405881404876708984375" lon="118.1479608826339244842529296875">
        <ele>11.3999996185302734375</ele>
        <time>2025-10-31T09:40:08.000Z</time>
        <extensions>
          <ns3:TrackPointExtension>
            <ns3:hr>151</ns3:hr>
            <ns3:cad>89</ns3:cad>
          </ns3:TrackPointExtension>
        </extensions>
      </trkpt>
      <trkpt lat="24.63543643243610858917236328125" lon="118.14798049628734588623046875">
        <ele>11.3999996185302734375</ele>
        <time>2025-10-31T09:40:09.000Z</time>
        <extensions>
          <ns3:TrackPointExtension>
            <ns3:hr>151</ns3:hr>
            <ns3:cad>90</ns3:cad>
          </ns3:TrackPointExtension>
        </extensions>
      </trkpt>
      <trkpt lat="24.6354532800614833831787109375" lon="118.14799181185662746429443359375">
        <ele>11.6000003814697265625</ele>
        <time>2025-10-31T09:40:10.000Z</time>
        <extensions>
          <ns3:TrackPointExtension>
            <ns3:hr>150</ns3:hr>
            <ns3:cad>90</ns3:cad>
          </ns3:TrackPointExtension>
        </extensions>
      </trkpt>
      <trkpt lat="24.63548295199871063232421875" lon="118.1480146944522857666015625">
        <ele>11.6000003814697265625</ele>
        <time>2025-10-31T09:40:11.000Z</time>
        <extensions>
          <ns3:TrackPointExtension>
            <ns3:hr>151</ns3:hr>
            <ns3:cad>90</ns3:cad>
          </ns3:TrackPointExtension>
        </extensions>
      </trkpt>
      <trkpt lat="24.6355025656521320343017578125" lon="118.14802533946931362152099609375">
        <ele>11.6000003814697265625</ele>
        <time>2025-10-31T09:40:12.000Z</time>
        <extensions>
          <ns3:TrackPointExtension>
            <ns3:hr>151</ns3:hr>
            <ns3:cad>90</ns3:cad>
          </ns3:TrackPointExtension>
        </extensions>
      </trkpt>
      <trkpt lat="24.63553651235997676849365234375" lon="118.14804394729435443878173828125">
        <ele>11.6000003814697265625</ele>
        <time>2025-10-31T09:40:13.000Z</time>
        <extensions>
          <ns3:TrackPointExtension>
            <ns3:hr>151</ns3:hr>
            <ns3:cad>45</ns3:cad>
          </ns3:TrackPointExtension>
        </extensions>
      </trkpt>
      <trkpt lat="24.63555411435663700103759765625" lon="118.14805735833942890167236328125">
        <ele>11.6000003814697265625</ele>
        <time>2025-10-31T09:40:14.000Z</time>
        <extensions>
          <ns3:TrackPointExtension>
            <ns3:hr>150</ns3:hr>
            <ns3:cad>45</ns3:cad>
          </ns3:TrackPointExtension>
        </extensions>
      </trkpt>
      <trkpt lat="24.63558546267449855804443359375" lon="118.148080408573150634765625">
        <ele>11.3999996185302734375</ele>
        <time>2025-10-31T09:40:15.000Z</time>
        <extensions>
          <ns3:TrackPointExtension>
            <ns3:hr>150</ns3:hr>
            <ns3:cad>45</ns3:cad>
          </ns3:TrackPointExtension>
        </extensions>
      </trkpt>
      <trkpt lat="24.63560222648084163665771484375" lon="118.14809239469468593597412109375">
        <ele>11.3999996185302734375</ele>
        <time>2025-10-31T09:40:16.000Z</time>
        <extensions>
          <ns3:TrackPointExtension>
            <ns3:hr>150</ns3:hr>
            <ns3:cad>92</ns3:cad>
          </ns3:TrackPointExtension>
        </extensions>
      </trkpt>
      <trkpt lat="24.63563047349452972412109375" lon="118.14811150543391704559326171875">
        <ele>11.3999996185302734375</ele>
        <time>2025-10-31T09:40:17.000Z</time>
        <extensions>
          <ns3:TrackPointExtension>
            <ns3:hr>150</ns3:hr>
            <ns3:cad>92</ns3:cad>
          </ns3:TrackPointExtension>
        </extensions>
      </trkpt>
      <trkpt lat="24.63564983569085597991943359375" lon="118.1481219828128814697265625">
        <ele>11.3999996185302734375</ele>
        <time>2025-10-31T09:40:18.000Z</time>
        <extensions>
          <ns3:TrackPointExtension>
            <ns3:hr>151</ns3:hr>
            <ns3:cad>90</ns3:cad>
          </ns3:TrackPointExtension>
        </extensions>
      </trkpt>
      <trkpt lat="24.635675735771656036376953125" lon="118.14814117737114429473876953125">
        <ele>11.3999996185302734375</ele>
        <time>2025-10-31T09:40:19.000Z</time>
        <extensions>
          <ns3:TrackPointExtension>
            <ns3:hr>151</ns3:hr>
            <ns3:cad>90</ns3:cad>
          </ns3:TrackPointExtension>
        </extensions>
      </trkpt>
      <trkpt lat="24.6356906555593013763427734375" lon="118.14815224148333072662353515625">
        <ele>11.3999996185302734375</ele>
        <time>2025-10-31T09:40:20.000Z</time>
        <extensions>
          <ns3:TrackPointExtension>
            <ns3:hr>151</ns3:hr>
            <ns3:cad>90</ns3:cad>
          </ns3:TrackPointExtension>
        </extensions>
      </trkpt>
      <trkpt lat="24.63571655564010143280029296875" lon="118.1481737829744815826416015625">
        <ele>11.6000003814697265625</ele>
        <time>2025-10-31T09:40:21.000Z</time>
        <extensions>
          <ns3:TrackPointExtension>
            <ns3:hr>150</ns3:hr>
            <ns3:cad>90</ns3:cad>
          </ns3:TrackPointExtension>
        </extensions>
      </trkpt>
      <trkpt lat="24.635732062160968780517578125" lon="118.14818174578249454498291015625">
        <ele>11.6000003814697265625</ele>
        <time>2025-10-31T09:40:22.000Z</time>
        <extensions>
          <ns3:TrackPointExtension>
            <ns3:hr>150</ns3:hr>
            <ns3:cad>90</ns3:cad>
          </ns3:TrackPointExtension>
        </extensions>
      </trkpt>
      <trkpt lat="24.6357572078704833984375" lon="118.1482032872736454010009765625">
        <ele>11.80000019073486328125</ele>
        <time>2025-10-31T09:40:23.000Z</time>
        <extensions>
          <ns3:TrackPointExtension>
            <ns3:hr>150</ns3:hr>
            <ns3:cad>90</ns3:cad>
          </ns3:TrackPointExtension>
        </extensions>
      </trkpt>
      <trkpt lat="24.63577422313392162322998046875" lon="118.14821728505194187164306640625">
        <ele>11.80000019073486328125</ele>
        <time>2025-10-31T09:40:24.000Z</time>
        <extensions>
          <ns3:TrackPointExtension>
            <ns3:hr>150</ns3:hr>
            <ns3:cad>91</ns3:cad>
          </ns3:TrackPointExtension>
        </extensions>
      </trkpt>
      <trkpt lat="24.63579987175762653350830078125" lon="118.14823773689568042755126953125">
        <ele>11.80000019073486328125</ele>
        <time>2025-10-31T09:40:25.000Z</time>
        <extensions>
          <ns3:TrackPointExtension>
            <ns3:hr>150</ns3:hr>
            <ns3:cad>91</ns3:cad>
          </ns3:TrackPointExtension>
        </extensions>
      </trkpt>
      <trkpt lat="24.635818563401699066162109375" lon="118.14824871718883514404296875">
        <ele>11.80000019073486328125</ele>
        <time>2025-10-31T09:40:26.000Z</time>
        <extensions>
          <ns3:TrackPointExtension>
            <ns3:hr>150</ns3:hr>
            <ns3:cad>90</ns3:cad>
          </ns3:TrackPointExtension>
        </extensions>
      </trkpt>
      <trkpt lat="24.6358422003686428070068359375" lon="118.14827126450836658477783203125">
        <ele>11.6000003814697265625</ele>
        <time>2025-10-31T09:40:27.000Z</time>
        <extensions>
          <ns3:TrackPointExtension>
            <ns3:hr>150</ns3:hr>
            <ns3:cad>90</ns3:cad>
          </ns3:TrackPointExtension>
        </extensions>
      </trkpt>
      <trkpt lat="24.63586223311722278594970703125" lon="118.14828249625861644744873046875">
        <ele>11.6000003814697265625</ele>
        <time>2025-10-31T09:40:28.000Z</time>
        <extensions>
          <ns3:TrackPointExtension>
            <ns3:hr>149</ns3:hr>
            <ns3:cad>90</ns3:cad>
          </ns3:TrackPointExtension>
        </extensions>
      </trkpt>
      <trkpt lat="24.6358867920935153961181640625" lon="118.14830479212105274200439453125">
        <ele>11.6000003814697265625</ele>
        <time>2025-10-31T09:40:29.000Z</time>
        <extensions>
          <ns3:TrackPointExtension>
            <ns3:hr>149</ns3:hr>
            <ns3:cad>90</ns3:cad>
          </ns3:TrackPointExtension>
        </extensions>
      </trkpt>
      <trkpt lat="24.63590263389050960540771484375" lon="118.1483166106045246124267578125">
        <ele>11.3999996185302734375</ele>
        <time>2025-10-31T09:40:30.000Z</time>
        <extensions>
          <ns3:TrackPointExtension>
            <ns3:hr>149</ns3:hr>
            <ns3:cad>90</ns3:cad>
          </ns3:TrackPointExtension>
        </extensions>
      </trkpt>
      <trkpt lat="24.63592953979969024658203125" lon="118.1483392417430877685546875">
        <ele>11.6000003814697265625</ele>
        <time>2025-10-31T09:40:31.000Z</time>
        <extensions>
          <ns3:TrackPointExtension>
            <ns3:hr>149</ns3:hr>
            <ns3:cad>90</ns3:cad>
          </ns3:TrackPointExtension>
        </extensions>
      </trkpt>
      <trkpt lat="24.63594890199601650238037109375" lon="118.14834871329367160797119140625">
        <ele>11.80000019073486328125</ele>
        <time>2025-10-31T09:40:32.000Z</time>
        <extensions>
          <ns3:TrackPointExtension>
            <ns3:hr>149</ns3:hr>
            <ns3:cad>90</ns3:cad>
          </ns3:TrackPointExtension>
        </extensions>
      </trkpt>
      <trkpt lat="24.6359769813716411590576171875" lon="118.14837017096579074859619140625">
        <ele>11.80000019073486328125</ele>
        <time>2025-10-31T09:40:33.000Z</time>
        <extensions>
          <ns3:TrackPointExtension>
            <ns3:hr>149</ns3:hr>
            <ns3:cad>90</ns3:cad>
          </ns3:TrackPointExtension>
        </extensions>
      </trkpt>
      <trkpt lat="24.63600070215761661529541015625" lon="118.14838609658181667327880859375">
        <ele>12</ele>
        <time>2025-10-31T09:40:34.000Z</time>
        <extensions>
          <ns3:TrackPointExtension>
            <ns3:hr>149</ns3:hr>
            <ns3:cad>91</ns3:cad>
          </ns3:TrackPointExtension>
        </extensions>
      </trkpt>
      <trkpt lat="24.63602450676262378692626953125" lon="118.14840470440685749053955078125">
        <ele>12</ele>
        <time>2025-10-31T09:40:35.000Z</time>
        <extensions>
          <ns3:TrackPointExtension>
            <ns3:hr>149</ns3:hr>
            <ns3:cad>92</ns3:cad>
          </ns3:TrackPointExtension>
        </extensions>
      </trkpt>
      <trkpt lat="24.6360480599105358123779296875" lon="118.14842063002288341522216796875">
        <ele>11.80000019073486328125</ele>
        <time>2025-10-31T09:40:36.000Z</time>
        <extensions>
          <ns3:TrackPointExtension>
            <ns3:hr>149</ns3:hr>
            <ns3:cad>92</ns3:cad>
          </ns3:TrackPointExtension>
        </extensions>
      </trkpt>
      <trkpt lat="24.6360718645155429840087890625" lon="118.1484384834766387939453125">
        <ele>11.80000019073486328125</ele>
        <time>2025-10-31T09:40:37.000Z</time>
        <extensions>
          <ns3:TrackPointExtension>
            <ns3:hr>149</ns3:hr>
            <ns3:cad>92</ns3:cad>
          </ns3:TrackPointExtension>
        </extensions>
      </trkpt>
      <trkpt lat="24.63609843514859676361083984375" lon="118.148455917835235595703125">
        <ele>11.6000003814697265625</ele>
        <time>2025-10-31T09:40:38.000Z</time>
        <extensions>
          <ns3:TrackPointExtension>
            <ns3:hr>150</ns3:hr>
            <ns3:cad>93</ns3:cad>
          </ns3:TrackPointExtension>
        </extensions>
      </trkpt>
      <trkpt lat="24.636122323572635650634765625" lon="118.14847192727029323577880859375">
        <ele>11.6000003814697265625</ele>
        <time>2025-10-31T09:40:39.000Z</time>
        <extensions>
          <ns3:TrackPointExtension>
            <ns3:hr>150</ns3:hr>
            <ns3:cad>93</ns3:cad>
          </ns3:TrackPointExtension>
        </extensions>
      </trkpt>
      <trkpt lat="24.6361496485769748687744140625" lon="118.1484902836382389068603515625">
        <ele>11.6000003814697265625</ele>
        <time>2025-10-31T09:40:40.000Z</time>
        <extensions>
          <ns3:TrackPointExtension>
            <ns3:hr>150</ns3:hr>
            <ns3:cad>93</ns3:cad>
          </ns3:TrackPointExtension>
        </extensions>
      </trkpt>
      <trkpt lat="24.63617303408682346343994140625" lon="118.14850562252104282379150390625">
        <ele>11.6000003814697265625</ele>
        <time>2025-10-31T09:40:41.000Z</time>
        <extensions>
          <ns3:TrackPointExtension>
            <ns3:hr>151</ns3:hr>
            <ns3:cad>92</ns3:cad>
          </ns3:TrackPointExtension>
        </extensions>
      </trkpt>
      <trkpt lat="24.63620178401470184326171875" lon="118.14852070994675159454345703125">
        <ele>11.6000003814697265625</ele>
        <time>2025-10-31T09:40:42.000Z</time>
        <extensions>
          <ns3:TrackPointExtension>
            <ns3:hr>151</ns3:hr>
            <ns3:cad>92</ns3:cad>
          </ns3:TrackPointExtension>
        </extensions>
      </trkpt>
      <trkpt lat="24.63622458279132843017578125" lon="118.148532025516033172607421875">
        <ele>11.6000003814697265625</ele>
        <time>2025-10-31T09:40:43.000Z</time>
        <extensions>
          <ns3:TrackPointExtension>
            <ns3:hr>152</ns3:hr>
            <ns3:cad>92</ns3:cad>
          </ns3:TrackPointExtension>
        </extensions>
      </trkpt>
      <trkpt lat="24.63625215925276279449462890625" lon="118.14854920841753482818603515625">
        <ele>11.6000003814697265625</ele>
        <time>2025-10-31T09:40:44.000Z</time>
        <extensions>
          <ns3:TrackPointExtension>
            <ns3:hr>152</ns3:hr>
            <ns3:cad>90</ns3:cad>
          </ns3:TrackPointExtension>
        </extensions>
      </trkpt>
      <trkpt lat="24.6362733654677867889404296875" lon="118.14856111072003841400146484375">
        <ele>11.6000003814697265625</ele>
        <time>2025-10-31T09:40:45.000Z</time>
        <extensions>
          <ns3:TrackPointExtension>
            <ns3:hr>151</ns3:hr>
            <ns3:cad>90</ns3:cad>
          </ns3:TrackPointExtension>
        </extensions>
      </trkpt>
      <trkpt lat="24.63629909791052341461181640625" lon="118.148573599755764007568359375">
        <ele>11.6000003814697265625</ele>
        <time>2025-10-31T09:40:46.000Z</time>
        <extensions>
          <ns3:TrackPointExtension>
            <ns3:hr>151</ns3:hr>
            <ns3:cad>90</ns3:cad>
          </ns3:TrackPointExtension>
        </extensions>
      </trkpt>
      <trkpt lat="24.63632038794457912445068359375" lon="118.148584663867950439453125">
        <ele>11.6000003814697265625</ele>
        <time>2025-10-31T09:40:47.000Z</time>
        <extensions>
          <ns3:TrackPointExtension>
            <ns3:hr>151</ns3:hr>
            <ns3:cad>90</ns3:cad>
          </ns3:TrackPointExtension>
        </extensions>
      </trkpt>
      <trkpt lat="24.63634519837796688079833984375" lon="118.14860218204557895660400390625">
        <ele>11.3999996185302734375</ele>
        <time>2025-10-31T09:40:48.000Z</time>
        <extensions>
          <ns3:TrackPointExtension>
            <ns3:hr>151</ns3:hr>
            <ns3:cad>90</ns3:cad>
          </ns3:TrackPointExtension>
        </extensions>
      </trkpt>
      <trkpt lat="24.63636548258364200592041015625" lon="118.14862288534641265869140625">
        <ele>11.3999996185302734375</ele>
        <time>2025-10-31T09:40:49.000Z</time>
        <extensions>
          <ns3:TrackPointExtension>
            <ns3:hr>151</ns3:hr>
            <ns3:cad>90</ns3:cad>
          </ns3:TrackPointExtension>
        </extensions>
      </trkpt>
      <trkpt lat="24.6363866887986660003662109375" lon="118.14863956533372402191162109375">
        <ele>11.3999996185302734375</ele>
        <time>2025-10-31T09:40:50.000Z</time>
        <extensions>
          <ns3:TrackPointExtension>
            <ns3:hr>151</ns3:hr>
            <ns3:cad>90</ns3:cad>
          </ns3:TrackPointExtension>
        </extensions>
      </trkpt>
      <trkpt lat="24.6364074759185314178466796875" lon="118.14865641295909881591796875">
        <ele>11.3999996185302734375</ele>
        <time>2025-10-31T09:40:51.000Z</time>
        <extensions>
          <ns3:TrackPointExtension>
            <ns3:hr>151</ns3:hr>
            <ns3:cad>89</ns3:cad>
          </ns3:TrackPointExtension>
        </extensions>
      </trkpt>
      <trkpt lat="24.63643019087612628936767578125" lon="118.14867191947996616363525390625">
        <ele>11.3999996185302734375</ele>
        <time>2025-10-31T09:40:52.000Z</time>
        <extensions>
          <ns3:TrackPointExtension>
            <ns3:hr>152</ns3:hr>
            <ns3:cad>89</ns3:cad>
          </ns3:TrackPointExtension>
        </extensions>
      </trkpt>
      <trkpt lat="24.6364507265388965606689453125" lon="118.14869069494307041168212890625">
        <ele>11.3999996185302734375</ele>
        <time>2025-10-31T09:40:53.000Z</time>
        <extensions>
          <ns3:TrackPointExtension>
            <ns3:hr>151</ns3:hr>
            <ns3:cad>89</ns3:cad>
          </ns3:TrackPointExtension>
        </extensions>
      </trkpt>
      <trkpt lat="24.6364731900393962860107421875" lon="118.14870561473071575164794921875">
        <ele>11.6000003814697265625</ele>
        <time>2025-10-31T09:40:54.000Z</time>
        <extensions>
          <ns3:TrackPointExtension>
            <ns3:hr>151</ns3:hr>
            <ns3:cad>89</ns3:cad>
          </ns3:TrackPointExtension>
        </extensions>
      </trkpt>
      <trkpt lat="24.63649724610149860382080078125" lon="118.148725144565105438232421875">
        <ele>11.6000003814697265625</ele>
        <time>2025-10-31T09:40:55.000Z</time>
        <extensions>
          <ns3:TrackPointExtension>
            <ns3:hr>151</ns3:hr>
            <ns3:cad>89</ns3:cad>
          </ns3:TrackPointExtension>
        </extensions>
      </trkpt>
      <trkpt lat="24.63652021251618862152099609375" lon="118.148739896714687347412109375">
        <ele>11.6000003814697265625</ele>
        <time>2025-10-31T09:40:56.000Z</time>
        <extensions>
          <ns3:TrackPointExtension>
            <ns3:hr>151</ns3:hr>
            <ns3:cad>89</ns3:cad>
          </ns3:TrackPointExtension>
        </extensions>
      </trkpt>
      <trkpt lat="24.63654401712119579315185546875" lon="118.148762024939060211181640625">
        <ele>11.3999996185302734375</ele>
        <time>2025-10-31T09:40:57.000Z</time>
        <extensions>
          <ns3:TrackPointExtension>
            <ns3:hr>151</ns3:hr>
            <ns3:cad>89</ns3:cad>
          </ns3:TrackPointExtension>
        </extensions>
      </trkpt>
      <trkpt lat="24.636568240821361541748046875" lon="118.14877870492637157440185546875">
        <ele>11.3999996185302734375</ele>
        <time>2025-10-31T09:40:58.000Z</time>
        <extensions>
          <ns3:TrackPointExtension>
            <ns3:hr>150</ns3:hr>
            <ns3:cad>89</ns3:cad>
          </ns3:TrackPointExtension>
        </extensions>
      </trkpt>
      <trkpt lat="24.63659380562603473663330078125" lon="118.148798234760761260986328125">
        <ele>11.19999980926513671875</ele>
        <time>2025-10-31T09:40:59.000Z</time>
        <extensions>
          <ns3:TrackPointExtension>
            <ns3:hr>151</ns3:hr>
            <ns3:cad>89</ns3:cad>
          </ns3:TrackPointExtension>
        </extensions>
      </trkpt>
      <trkpt lat="24.63661710731685161590576171875" lon="118.148815669119358062744140625">
        <ele>11.19999980926513671875</ele>
        <time>2025-10-31T09:41:00.000Z</time>
        <extensions>
          <ns3:TrackPointExtension>
            <ns3:hr>151</ns3:hr>
            <ns3:cad>89</ns3:cad>
          </ns3:TrackPointExtension>
        </extensions>
      </trkpt>
      <trkpt lat="24.63663873262703418731689453125" lon="118.14883402548730373382568359375">
        <ele>11.19999980926513671875</ele>
        <time>2025-10-31T09:41:01.000Z</time>
        <extensions>
          <ns3:TrackPointExtension>
            <ns3:hr>151</ns3:hr>
            <ns3:cad>89</ns3:cad>
          </ns3:TrackPointExtension>
        </extensions>
      </trkpt>
      <trkpt lat="24.636661112308502197265625" lon="118.14884911291301250457763671875">
        <ele>11.19999980926513671875</ele>
        <time>2025-10-31T09:41:02.000Z</time>
        <extensions>
          <ns3:TrackPointExtension>
            <ns3:hr>151</ns3:hr>
            <ns3:cad>89</ns3:cad>
          </ns3:TrackPointExtension>
        </extensions>
      </trkpt>
      <trkpt lat="24.63668399490416049957275390625" lon="118.14886990003287792205810546875">
        <ele>11.19999980926513671875</ele>
        <time>2025-10-31T09:41:03.000Z</time>
        <extensions>
          <ns3:TrackPointExtension>
            <ns3:hr>152</ns3:hr>
            <ns3:cad>90</ns3:cad>
          </ns3:TrackPointExtension>
        </extensions>
      </trkpt>
      <trkpt lat="24.6367068774998188018798828125" lon="118.14888775348663330078125">
        <ele>11.19999980926513671875</ele>
        <time>2025-10-31T09:41:04.000Z</time>
        <extensions>
          <ns3:TrackPointExtension>
            <ns3:hr>152</ns3:hr>
            <ns3:cad>90</ns3:cad>
          </ns3:TrackPointExtension>
        </extensions>
      </trkpt>
      <trkpt lat="24.63673076592385768890380859375" lon="118.1489073671400547027587890625">
        <ele>11.19999980926513671875</ele>
        <time>2025-10-31T09:41:05.000Z</time>
        <extensions>
          <ns3:TrackPointExtension>
            <ns3:hr>153</ns3:hr>
            <ns3:cad>90</ns3:cad>
          </ns3:TrackPointExtension>
        </extensions>
      </trkpt>
      <trkpt lat="24.6367554925382137298583984375" lon="118.1489237956702709197998046875">
        <ele>11.3999996185302734375</ele>
        <time>2025-10-31T09:41:06.000Z</time>
        <extensions>
          <ns3:TrackPointExtension>
            <ns3:hr>153</ns3:hr>
            <ns3:cad>90</ns3:cad>
          </ns3:TrackPointExtension>
        </extensions>
      </trkpt>
      <trkpt lat="24.63677720166742801666259765625" lon="118.14894131384789943695068359375">
        <ele>11.3999996185302734375</ele>
        <time>2025-10-31T09:41:07.000Z</time>
        <extensions>
          <ns3:TrackPointExtension>
            <ns3:hr>153</ns3:hr>
            <ns3:cad>90</ns3:cad>
          </ns3:TrackPointExtension>
        </extensions>
      </trkpt>
      <trkpt lat="24.63680067099630832672119140625" lon="118.148959167301654815673828125">
        <ele>11.3999996185302734375</ele>
        <time>2025-10-31T09:41:08.000Z</time>
        <extensions>
          <ns3:TrackPointExtension>
            <ns3:hr>154</ns3:hr>
            <ns3:cad>90</ns3:cad>
          </ns3:TrackPointExtension>
        </extensions>
      </trkpt>
      <trkpt lat="24.636824391782283782958984375" lon="118.14897836185991764068603515625">
        <ele>11.19999980926513671875</ele>
        <time>2025-10-31T09:41:09.000Z</time>
        <extensions>
          <ns3:TrackPointExtension>
            <ns3:hr>154</ns3:hr>
            <ns3:cad>89</ns3:cad>
          </ns3:TrackPointExtension>
        </extensions>
      </trkpt>
      <trkpt lat="24.6368473581969738006591796875" lon="118.14899294637143611907958984375">
        <ele>11.19999980926513671875</ele>
        <time>2025-10-31T09:41:10.000Z</time>
        <extensions>
          <ns3:TrackPointExtension>
            <ns3:hr>153</ns3:hr>
            <ns3:cad>89</ns3:cad>
          </ns3:TrackPointExtension>
        </extensions>
      </trkpt>
      <trkpt lat="24.63687141425907611846923828125" lon="118.14901054836809635162353515625">
        <ele>11.19999980926513671875</ele>
        <time>2025-10-31T09:41:11.000Z</time>
        <extensions>
          <ns3:TrackPointExtension>
            <ns3:hr>153</ns3:hr>
            <ns3:cad>89</ns3:cad>
          </ns3:TrackPointExtension>
        </extensions>
      </trkpt>
      <trkpt lat="24.63689421303570270538330078125" lon="118.1490294076502323150634765625">
        <ele>11.19999980926513671875</ele>
        <time>2025-10-31T09:41:12.000Z</time>
        <extensions>
          <ns3:TrackPointExtension>
            <ns3:hr>153</ns3:hr>
            <ns3:cad>89</ns3:cad>
          </ns3:TrackPointExtension>
        </extensions>
      </trkpt>
      <trkpt lat="24.63691684417426586151123046875" lon="118.14904960803687572479248046875">
        <ele>11.19999980926513671875</ele>
        <time>2025-10-31T09:41:13.000Z</time>
        <extensions>
          <ns3:TrackPointExtension>
            <ns3:hr>153</ns3:hr>
            <ns3:cad>89</ns3:cad>
          </ns3:TrackPointExtension>
        </extensions>
      </trkpt>
      <trkpt lat="24.63693796657025814056396484375" lon="118.1490666233003139495849609375">
        <ele>11.19999980926513671875</ele>
        <time>2025-10-31T09:41:14.000Z</time>
        <extensions>
          <ns3:TrackPointExtension>
            <ns3:hr>153</ns3:hr>
            <ns3:cad>89</ns3:cad>
          </ns3:TrackPointExtension>
        </extensions>
      </trkpt>
      <trkpt lat="24.636961184442043304443359375" lon="118.14908699132502079010009765625">
        <ele>11.19999980926513671875</ele>
        <time>2025-10-31T09:41:15.000Z</time>
        <extensions>
          <ns3:TrackPointExtension>
            <ns3:hr>152</ns3:hr>
            <ns3:cad>89</ns3:cad>
          </ns3:TrackPointExtension>
        </extensions>
      </trkpt>
      <trkpt lat="24.6369828097522258758544921875" lon="118.14910434186458587646484375">
        <ele>11.19999980926513671875</ele>
        <time>2025-10-31T09:41:16.000Z</time>
        <extensions>
          <ns3:TrackPointExtension>
            <ns3:hr>152</ns3:hr>
            <ns3:cad>89</ns3:cad>
          </ns3:TrackPointExtension>
        </extensions>
      </trkpt>
      <trkpt lat="24.6370052732527256011962890625" lon="118.1491278111934661865234375">
        <ele>11.19999980926513671875</ele>
        <time>2025-10-31T09:41:17.000Z</time>
        <extensions>
          <ns3:TrackPointExtension>
            <ns3:hr>152</ns3:hr>
            <ns3:cad>89</ns3:cad>
          </ns3:TrackPointExtension>
        </extensions>
      </trkpt>
      <trkpt lat="24.63702388107776641845703125" lon="118.14914189279079437255859375">
        <ele>11.3999996185302734375</ele>
        <time>2025-10-31T09:41:18.000Z</time>
        <extensions>
          <ns3:TrackPointExtension>
            <ns3:hr>153</ns3:hr>
            <ns3:cad>89</ns3:cad>
          </ns3:TrackPointExtension>
        </extensions>
      </trkpt>
      <trkpt lat="24.6370441652834415435791015625" lon="118.14916276372969150543212890625">
        <ele>11.3999996185302734375</ele>
        <time>2025-10-31T09:41:19.000Z</time>
        <extensions>
          <ns3:TrackPointExtension>
            <ns3:hr>152</ns3:hr>
            <ns3:cad>89</ns3:cad>
          </ns3:TrackPointExtension>
        </extensions>
      </trkpt>
      <trkpt lat="24.6370669640600681304931640625" lon="118.14917332492768764495849609375">
        <ele>11.3999996185302734375</ele>
        <time>2025-10-31T09:41:20.000Z</time>
        <extensions>
          <ns3:TrackPointExtension>
            <ns3:hr>152</ns3:hr>
            <ns3:cad>89</ns3:cad>
          </ns3:TrackPointExtension>
        </extensions>
      </trkpt>
      <trkpt lat="24.6370877511799335479736328125" lon="118.1491973809897899627685546875">
        <ele>11.3999996185302734375</ele>
        <time>2025-10-31T09:41:21.000Z</time>
        <extensions>
          <ns3:TrackPointExtension>
            <ns3:hr>153</ns3:hr>
            <ns3:cad>89</ns3:cad>
          </ns3:TrackPointExtension>
        </extensions>
      </trkpt>
      <trkpt lat="24.63710610754787921905517578125" lon="118.1492114625871181488037109375">
        <ele>11.3999996185302734375</ele>
        <time>2025-10-31T09:41:22.000Z</time>
        <extensions>
          <ns3:TrackPointExtension>
            <ns3:hr>153</ns3:hr>
            <ns3:cad>88</ns3:cad>
          </ns3:TrackPointExtension>
        </extensions>
      </trkpt>
      <trkpt lat="24.63712706230580806732177734375" lon="118.1492366082966327667236328125">
        <ele>11.3999996185302734375</ele>
        <time>2025-10-31T09:41:23.000Z</time>
        <extensions>
          <ns3:TrackPointExtension>
            <ns3:hr>153</ns3:hr>
            <ns3:cad>88</ns3:cad>
          </ns3:TrackPointExtension>
        </extensions>
      </trkpt>
      <trkpt lat="24.637144245207309722900390625" lon="118.14924926497042179107666015625">
        <ele>11.3999996185302734375</ele>
        <time>2025-10-31T09:41:24.000Z</time>
        <extensions>
          <ns3:TrackPointExtension>
            <ns3:hr>153</ns3:hr>
            <ns3:cad>88</ns3:cad>
          </ns3:TrackPointExtension>
        </extensions>
      </trkpt>
      <trkpt lat="24.6371682174503803253173828125" lon="118.1492724828422069549560546875">
        <ele>11.3999996185302734375</ele>
        <time>2025-10-31T09:41:25.000Z</time>
        <extensions>
          <ns3:TrackPointExtension>
            <ns3:hr>153</ns3:hr>
            <ns3:cad>89</ns3:cad>
          </ns3:TrackPointExtension>
        </extensions>
      </trkpt>
      <trkpt lat="24.637187831103801727294921875" lon="118.14928446896374225616455078125">
        <ele>11.3999996185302734375</ele>
        <time>2025-10-31T09:41:26.000Z</time>
        <extensions>
          <ns3:TrackPointExtension>
            <ns3:hr>152</ns3:hr>
            <ns3:cad>89</ns3:cad>
          </ns3:TrackPointExtension>
        </extensions>
      </trkpt>
      <trkpt lat="24.63721021078526973724365234375" lon="118.14931087195873260498046875">
        <ele>11.3999996185302734375</ele>
        <time>2025-10-31T09:41:27.000Z</time>
        <extensions>
          <ns3:TrackPointExtension>
            <ns3:hr>152</ns3:hr>
            <ns3:cad>89</ns3:cad>
          </ns3:TrackPointExtension>
        </extensions>
      </trkpt>
      <trkpt lat="24.63722714222967624664306640625" lon="118.14932403154671192169189453125">
        <ele>11.3999996185302734375</ele>
        <time>2025-10-31T09:41:28.000Z</time>
        <extensions>
          <ns3:TrackPointExtension>
            <ns3:hr>152</ns3:hr>
            <ns3:cad>88</ns3:cad>
          </ns3:TrackPointExtension>
        </extensions>
      </trkpt>
      <trkpt lat="24.63725295849144458770751953125" lon="118.1493509374558925628662109375">
        <ele>11.3999996185302734375</ele>
        <time>2025-10-31T09:41:29.000Z</time>
        <extensions>
          <ns3:TrackPointExtension>
            <ns3:hr>152</ns3:hr>
            <ns3:cad>88</ns3:cad>
          </ns3:TrackPointExtension>
        </extensions>
      </trkpt>
      <trkpt lat="24.63727240450680255889892578125" lon="118.14936141483485698699951171875">
        <ele>11.3999996185302734375</ele>
        <time>2025-10-31T09:41:30.000Z</time>
        <extensions>
          <ns3:TrackPointExtension>
            <ns3:hr>152</ns3:hr>
            <ns3:cad>88</ns3:cad>
          </ns3:TrackPointExtension>
        </extensions>
      </trkpt>
      <trkpt lat="24.6372989751398563385009765625" lon="118.14938806928694248199462890625">
        <ele>11.3999996185302734375</ele>
        <time>2025-10-31T09:41:31.000Z</time>
        <extensions>
          <ns3:TrackPointExtension>
            <ns3:hr>152</ns3:hr>
            <ns3:cad>88</ns3:cad>
          </ns3:TrackPointExtension>
        </extensions>
      </trkpt>
      <trkpt lat="24.63731884025037288665771484375" lon="118.1493982113897800445556640625">
        <ele>11.3999996185302734375</ele>
        <time>2025-10-31T09:41:32.000Z</time>
        <extensions>
          <ns3:TrackPointExtension>
            <ns3:hr>152</ns3:hr>
            <ns3:cad>89</ns3:cad>
          </ns3:TrackPointExtension>
        </extensions>
      </trkpt>
      <trkpt lat="24.63734306395053863525390625" lon="118.1494233570992946624755859375">
        <ele>11.3999996185302734375</ele>
        <time>2025-10-31T09:41:33.000Z</time>
        <extensions>
          <ns3:TrackPointExtension>
            <ns3:hr>152</ns3:hr>
            <ns3:cad>89</ns3:cad>
          </ns3:TrackPointExtension>
        </extensions>
      </trkpt>
      <trkpt lat="24.63736452162265777587890625" lon="118.149437606334686279296875">
        <ele>11.3999996185302734375</ele>
        <time>2025-10-31T09:41:34.000Z</time>
        <extensions>
          <ns3:TrackPointExtension>
            <ns3:hr>152</ns3:hr>
            <ns3:cad>89</ns3:cad>
          </ns3:TrackPointExtension>
        </extensions>
      </trkpt>
      <trkpt lat="24.63739243336021900177001953125" lon="118.1494652666151523590087890625">
        <ele>11.3999996185302734375</ele>
        <time>2025-10-31T09:41:35.000Z</time>
        <extensions>
          <ns3:TrackPointExtension>
            <ns3:hr>152</ns3:hr>
            <ns3:cad>90</ns3:cad>
          </ns3:TrackPointExtension>
        </extensions>
      </trkpt>
      <trkpt lat="24.63741254992783069610595703125" lon="118.1494796834886074066162109375">
        <ele>11.3999996185302734375</ele>
        <time>2025-10-31T09:41:36.000Z</time>
        <extensions>
          <ns3:TrackPointExtension>
            <ns3:hr>152</ns3:hr>
            <ns3:cad>90</ns3:cad>
          </ns3:TrackPointExtension>
        </extensions>
      </trkpt>
      <trkpt lat="24.6374391205608844757080078125" lon="118.14950399100780487060546875">
        <ele>11.3999996185302734375</ele>
        <time>2025-10-31T09:41:37.000Z</time>
        <extensions>
          <ns3:TrackPointExtension>
            <ns3:hr>152</ns3:hr>
            <ns3:cad>90</ns3:cad>
          </ns3:TrackPointExtension>
        </extensions>
      </trkpt>
      <trkpt lat="24.63745915330946445465087890625" lon="118.1495189107954502105712890625">
        <ele>11.3999996185302734375</ele>
        <time>2025-10-31T09:41:38.000Z</time>
        <extensions>
          <ns3:TrackPointExtension>
            <ns3:hr>153</ns3:hr>
            <ns3:cad>91</ns3:cad>
          </ns3:TrackPointExtension>
        </extensions>
      </trkpt>
      <trkpt lat="24.6374780125916004180908203125" lon="118.149546571075916290283203125">
        <ele>11.3999996185302734375</ele>
        <time>2025-10-31T09:41:39.000Z</time>
        <extensions>
          <ns3:TrackPointExtension>
            <ns3:hr>152</ns3:hr>
            <ns3:cad>91</ns3:cad>
          </ns3:TrackPointExtension>
        </extensions>
      </trkpt>
      <trkpt lat="24.6374951116740703582763671875" lon="118.149560987949371337890625">
        <ele>11.3999996185302734375</ele>
        <time>2025-10-31T09:41:40.000Z</time>
        <extensions>
          <ns3:TrackPointExtension>
            <ns3:hr>152</ns3:hr>
            <ns3:cad>91</ns3:cad>
          </ns3:TrackPointExtension>
        </extensions>
      </trkpt>
      <trkpt lat="24.6375115402042865753173828125" lon="118.14958236180245876312255859375">
        <ele>11.3999996185302734375</ele>
        <time>2025-10-31T09:41:41.000Z</time>
        <extensions>
          <ns3:TrackPointExtension>
            <ns3:hr>152</ns3:hr>
            <ns3:cad>91</ns3:cad>
          </ns3:TrackPointExtension>
        </extensions>
      </trkpt>
      <trkpt lat="24.6375293098390102386474609375" lon="118.1495993770658969879150390625">
        <ele>11.3999996185302734375</ele>
        <time>2025-10-31T09:41:42.000Z</time>
        <extensions>
          <ns3:TrackPointExtension>
            <ns3:hr>152</ns3:hr>
            <ns3:cad>91</ns3:cad>
          </ns3:TrackPointExtension>
        </extensions>
      </trkpt>
      <trkpt lat="24.63754582218825817108154296875" lon="118.14962209202349185943603515625">
        <ele>11.6000003814697265625</ele>
        <time>2025-10-31T09:41:43.000Z</time>
        <extensions>
          <ns3:TrackPointExtension>
            <ns3:hr>152</ns3:hr>
            <ns3:cad>90</ns3:cad>
          </ns3:TrackPointExtension>
        </extensions>
      </trkpt>
      <trkpt lat="24.63756409473717212677001953125" lon="118.14964338205754756927490234375">
        <ele>11.6000003814697265625</ele>
        <time>2025-10-31T09:41:44.000Z</time>
        <extensions>
          <ns3:TrackPointExtension>
            <ns3:hr>152</ns3:hr>
            <ns3:cad>90</ns3:cad>
          </ns3:TrackPointExtension>
        </extensions>
      </trkpt>
      <trkpt lat="24.63758488185703754425048828125" lon="118.1496654264628887176513671875">
        <ele>11.3999996185302734375</ele>
        <time>2025-10-31T09:41:45.000Z</time>
        <extensions>
          <ns3:TrackPointExtension>
            <ns3:hr>153</ns3:hr>
            <ns3:cad>90</ns3:cad>
          </ns3:TrackPointExtension>
        </extensions>
      </trkpt>
      <trkpt lat="24.63760047219693660736083984375" lon="118.149682693183422088623046875">
        <ele>11.3999996185302734375</ele>
        <time>2025-10-31T09:41:46.000Z</time>
        <extensions>
          <ns3:TrackPointExtension>
            <ns3:hr>152</ns3:hr>
            <ns3:cad>90</ns3:cad>
          </ns3:TrackPointExtension>
        </extensions>
      </trkpt>
      <trkpt lat="24.637618325650691986083984375" lon="118.149704821407794952392578125">
        <ele>11.3999996185302734375</ele>
        <time>2025-10-31T09:41:47.000Z</time>
        <extensions>
          <ns3:TrackPointExtension>
            <ns3:hr>153</ns3:hr>
            <ns3:cad>91</ns3:cad>
          </ns3:TrackPointExtension>
        </extensions>
      </trkpt>
      <trkpt lat="24.637636430561542510986328125" lon="118.149724267423152923583984375">
        <ele>11.3999996185302734375</ele>
        <time>2025-10-31T09:41:48.000Z</time>
        <extensions>
          <ns3:TrackPointExtension>
            <ns3:hr>153</ns3:hr>
            <ns3:cad>91</ns3:cad>
          </ns3:TrackPointExtension>
        </extensions>
      </trkpt>
      <trkpt lat="24.6376557089388370513916015625" lon="118.14974547363817691802978515625">
        <ele>11.3999996185302734375</ele>
        <time>2025-10-31T09:41:49.000Z</time>
        <extensions>
          <ns3:TrackPointExtension>
            <ns3:hr>153</ns3:hr>
            <ns3:cad>90</ns3:cad>
          </ns3:TrackPointExtension>
        </extensions>
      </trkpt>
      <trkpt lat="24.63767423294484615325927734375" lon="118.1497634947299957275390625">
        <ele>11.3999996185302734375</ele>
        <time>2025-10-31T09:41:50.000Z</time>
        <extensions>
          <ns3:TrackPointExtension>
            <ns3:hr>153</ns3:hr>
            <ns3:cad>90</ns3:cad>
          </ns3:TrackPointExtension>
        </extensions>
      </trkpt>
      <trkpt lat="24.63769384659826755523681640625" lon="118.1497841142117977142333984375">
        <ele>11.3999996185302734375</ele>
        <time>2025-10-31T09:41:51.000Z</time>
        <extensions>
          <ns3:TrackPointExtension>
            <ns3:hr>153</ns3:hr>
            <ns3:cad>90</ns3:cad>
          </ns3:TrackPointExtension>
        </extensions>
      </trkpt>
      <trkpt lat="24.6377153880894184112548828125" lon="118.14980280585587024688720703125">
        <ele>11.3999996185302734375</ele>
        <time>2025-10-31T09:41:52.000Z</time>
        <extensions>
          <ns3:TrackPointExtension>
            <ns3:hr>153</ns3:hr>
            <ns3:cad>90</ns3:cad>
          </ns3:TrackPointExtension>
        </extensions>
      </trkpt>
      <trkpt lat="24.637732319533824920654296875" lon="118.14982593990862369537353515625">
        <ele>11.3999996185302734375</ele>
        <time>2025-10-31T09:41:53.000Z</time>
        <extensions>
          <ns3:TrackPointExtension>
            <ns3:hr>153</ns3:hr>
            <ns3:cad>89</ns3:cad>
          </ns3:TrackPointExtension>
        </extensions>
      </trkpt>
      <trkpt lat="24.63774950243532657623291015625" lon="118.14984438009560108184814453125">
        <ele>11.3999996185302734375</ele>
        <time>2025-10-31T09:41:54.000Z</time>
        <extensions>
          <ns3:TrackPointExtension>
            <ns3:hr>153</ns3:hr>
            <ns3:cad>89</ns3:cad>
          </ns3:TrackPointExtension>
        </extensions>
      </trkpt>
      <trkpt lat="24.6377676911652088165283203125" lon="118.14986617304384708404541015625">
        <ele>11.6000003814697265625</ele>
        <time>2025-10-31T09:41:55.000Z</time>
        <extensions>
          <ns3:TrackPointExtension>
            <ns3:hr>154</ns3:hr>
            <ns3:cad>89</ns3:cad>
          </ns3:TrackPointExtension>
        </extensions>
      </trkpt>
      <trkpt lat="24.637785293161869049072265625" lon="118.1498860381543636322021484375">
        <ele>11.6000003814697265625</ele>
        <time>2025-10-31T09:41:56.000Z</time>
        <extensions>
          <ns3:TrackPointExtension>
            <ns3:hr>154</ns3:hr>
            <ns3:cad>90</ns3:cad>
          </ns3:TrackPointExtension>
        </extensions>
      </trkpt>
      <trkpt lat="24.63780197314918041229248046875" lon="118.14990908838808536529541015625">
        <ele>11.6000003814697265625</ele>
        <time>2025-10-31T09:41:57.000Z</time>
        <extensions>
          <ns3:TrackPointExtension>
            <ns3:hr>154</ns3:hr>
            <ns3:cad>90</ns3:cad>
          </ns3:TrackPointExtension>
        </extensions>
      </trkpt>
      <trkpt lat="24.637817479670047760009765625" lon="118.149926103651523590087890625">
        <ele>11.6000003814697265625</ele>
        <time>2025-10-31T09:41:58.000Z</time>
        <extensions>
          <ns3:TrackPointExtension>
            <ns3:hr>154</ns3:hr>
            <ns3:cad>89</ns3:cad>
          </ns3:TrackPointExtension>
        </extensions>
      </trkpt>
      <trkpt lat="24.6378367580473423004150390625" lon="118.149947561323642730712890625">
        <ele>11.6000003814697265625</ele>
        <time>2025-10-31T09:41:59.000Z</time>
        <extensions>
          <ns3:TrackPointExtension>
            <ns3:hr>154</ns3:hr>
            <ns3:cad>89</ns3:cad>
          </ns3:TrackPointExtension>
        </extensions>
      </trkpt>
      <trkpt lat="24.63785444386303424835205078125" lon="118.14996373839676380157470703125">
        <ele>11.6000003814697265625</ele>
        <time>2025-10-31T09:42:00.000Z</time>
        <extensions>
          <ns3:TrackPointExtension>
            <ns3:hr>154</ns3:hr>
            <ns3:cad>89</ns3:cad>
          </ns3:TrackPointExtension>
        </extensions>
      </trkpt>
      <trkpt lat="24.63787472806870937347412109375" lon="118.1499852798879146575927734375">
        <ele>11.6000003814697265625</ele>
        <time>2025-10-31T09:42:01.000Z</time>
        <extensions>
          <ns3:TrackPointExtension>
            <ns3:hr>154</ns3:hr>
            <ns3:cad>89</ns3:cad>
          </ns3:TrackPointExtension>
        </extensions>
      </trkpt>
      <trkpt lat="24.63789568282663822174072265625" lon="118.14999978058040142059326171875">
        <ele>11.6000003814697265625</ele>
        <time>2025-10-31T09:42:02.000Z</time>
        <extensions>
          <ns3:TrackPointExtension>
            <ns3:hr>154</ns3:hr>
            <ns3:cad>88</ns3:cad>
          </ns3:TrackPointExtension>
        </extensions>
      </trkpt>
      <trkpt lat="24.63791563175618648529052734375" lon="118.15001989714801311492919921875">
        <ele>11.6000003814697265625</ele>
        <time>2025-10-31T09:42:03.000Z</time>
        <extensions>
          <ns3:TrackPointExtension>
            <ns3:hr>154</ns3:hr>
            <ns3:cad>88</ns3:cad>
          </ns3:TrackPointExtension>
        </extensions>
      </trkpt>
      <trkpt lat="24.637930803000926971435546875" lon="118.1500355713069438934326171875">
        <ele>11.6000003814697265625</ele>
        <time>2025-10-31T09:42:04.000Z</time>
        <extensions>
          <ns3:TrackPointExtension>
            <ns3:hr>153</ns3:hr>
            <ns3:cad>88</ns3:cad>
          </ns3:TrackPointExtension>
        </extensions>
      </trkpt>
      <trkpt lat="24.63795351795852184295654296875" lon="118.15005996264517307281494140625">
        <ele>11.6000003814697265625</ele>
        <time>2025-10-31T09:42:05.000Z</time>
        <extensions>
          <ns3:TrackPointExtension>
            <ns3:hr>154</ns3:hr>
            <ns3:cad>88</ns3:cad>
          </ns3:TrackPointExtension>
        </extensions>
      </trkpt>
      <trkpt lat="24.63796944357454776763916015625" lon="118.15007873810827732086181640625">
        <ele>11.6000003814697265625</ele>
        <time>2025-10-31T09:42:06.000Z</time>
        <extensions>
          <ns3:TrackPointExtension>
            <ns3:hr>154</ns3:hr>
            <ns3:cad>88</ns3:cad>
          </ns3:TrackPointExtension>
        </extensions>
      </trkpt>
      <trkpt lat="24.6379923261702060699462890625" lon="118.150103799998760223388671875">
        <ele>11.6000003814697265625</ele>
        <time>2025-10-31T09:42:07.000Z</time>
        <extensions>
          <ns3:TrackPointExtension>
            <ns3:hr>153</ns3:hr>
            <ns3:cad>88</ns3:cad>
          </ns3:TrackPointExtension>
        </extensions>
      </trkpt>
      <trkpt lat="24.63801017962396144866943359375" lon="118.15012131817638874053955078125">
        <ele>11.6000003814697265625</ele>
        <time>2025-10-31T09:42:08.000Z</time>
        <extensions>
          <ns3:TrackPointExtension>
            <ns3:hr>154</ns3:hr>
            <ns3:cad>88</ns3:cad>
          </ns3:TrackPointExtension>
        </extensions>
      </trkpt>
      <trkpt lat="24.638030044734477996826171875" lon="118.150147385895252227783203125">
        <ele>11.3999996185302734375</ele>
        <time>2025-10-31T09:42:09.000Z</time>
        <extensions>
          <ns3:TrackPointExtension>
            <ns3:hr>153</ns3:hr>
            <ns3:cad>89</ns3:cad>
          </ns3:TrackPointExtension>
        </extensions>
      </trkpt>
      <trkpt lat="24.63804689235985279083251953125" lon="118.15016389824450016021728515625">
        <ele>11.3999996185302734375</ele>
        <time>2025-10-31T09:42:10.000Z</time>
        <extensions>
          <ns3:TrackPointExtension>
            <ns3:hr>153</ns3:hr>
            <ns3:cad>89</ns3:cad>
          </ns3:TrackPointExtension>
        </extensions>
      </trkpt>
      <trkpt lat="24.638066925108432769775390625" lon="118.15019222907721996307373046875">
        <ele>11.3999996185302734375</ele>
        <time>2025-10-31T09:42:11.000Z</time>
        <extensions>
          <ns3:TrackPointExtension>
            <ns3:hr>153</ns3:hr>
            <ns3:cad>88</ns3:cad>
          </ns3:TrackPointExtension>
        </extensions>
      </trkpt>
      <trkpt lat="24.63808259926736354827880859375" lon="118.150205053389072418212890625">
        <ele>11.3999996185302734375</ele>
        <time>2025-10-31T09:42:12.000Z</time>
        <extensions>
          <ns3:TrackPointExtension>
            <ns3:hr>153</ns3:hr>
            <ns3:cad>88</ns3:cad>
          </ns3:TrackPointExtension>
        </extensions>
      </trkpt>
      <trkpt lat="24.63810908608138561248779296875" lon="118.1502317078411579132080078125">
        <ele>11.3999996185302734375</ele>
        <time>2025-10-31T09:42:13.000Z</time>
        <extensions>
          <ns3:TrackPointExtension>
            <ns3:hr>152</ns3:hr>
            <ns3:cad>88</ns3:cad>
          </ns3:TrackPointExtension>
        </extensions>
      </trkpt>
      <trkpt lat="24.6381314657628536224365234375" lon="118.150247298181056976318359375">
        <ele>11.3999996185302734375</ele>
        <time>2025-10-31T09:42:14.000Z</time>
        <extensions>
          <ns3:TrackPointExtension>
            <ns3:hr>152</ns3:hr>
            <ns3:cad>88</ns3:cad>
          </ns3:TrackPointExtension>
        </extensions>
      </trkpt>
      <trkpt lat="24.63815501891076564788818359375" lon="118.1502739526331424713134765625">
        <ele>11.6000003814697265625</ele>
        <time>2025-10-31T09:42:15.000Z</time>
        <extensions>
          <ns3:TrackPointExtension>
            <ns3:hr>152</ns3:hr>
            <ns3:cad>88</ns3:cad>
          </ns3:TrackPointExtension>
        </extensions>
      </trkpt>
      <trkpt lat="24.63817345909774303436279296875" lon="118.1502913869917392730712890625">
        <ele>11.6000003814697265625</ele>
        <time>2025-10-31T09:42:16.000Z</time>
        <extensions>
          <ns3:TrackPointExtension>
            <ns3:hr>152</ns3:hr>
            <ns3:cad>88</ns3:cad>
          </ns3:TrackPointExtension>
        </extensions>
      </trkpt>
      <trkpt lat="24.6381978504359722137451171875" lon="118.1503178738057613372802734375">
        <ele>11.6000003814697265625</ele>
        <time>2025-10-31T09:42:17.000Z</time>
        <extensions>
          <ns3:TrackPointExtension>
            <ns3:hr>152</ns3:hr>
            <ns3:cad>88</ns3:cad>
          </ns3:TrackPointExtension>
        </extensions>
      </trkpt>
      <trkpt lat="24.6382122673094272613525390625" lon="118.150331117212772369384765625">
        <ele>11.6000003814697265625</ele>
        <time>2025-10-31T09:42:18.000Z</time>
        <extensions>
          <ns3:TrackPointExtension>
            <ns3:hr>152</ns3:hr>
            <ns3:cad>89</ns3:cad>
          </ns3:TrackPointExtension>
        </extensions>
      </trkpt>
      <trkpt lat="24.63823230005800724029541015625" lon="118.1503638066351413726806640625">
        <ele>11.6000003814697265625</ele>
        <time>2025-10-31T09:42:19.000Z</time>
        <extensions>
          <ns3:TrackPointExtension>
            <ns3:hr>152</ns3:hr>
            <ns3:cad>89</ns3:cad>
          </ns3:TrackPointExtension>
        </extensions>
      </trkpt>
      <trkpt lat="24.6382498182356357574462890625" lon="118.1503777205944061279296875">
        <ele>11.6000003814697265625</ele>
        <time>2025-10-31T09:42:20.000Z</time>
        <extensions>
          <ns3:TrackPointExtension>
            <ns3:hr>151</ns3:hr>
            <ns3:cad>89</ns3:cad>
          </ns3:TrackPointExtension>
        </extensions>
      </trkpt>
      <trkpt lat="24.638263396918773651123046875" lon="118.15040680579841136932373046875">
        <ele>11.6000003814697265625</ele>
        <time>2025-10-31T09:42:21.000Z</time>
        <extensions>
          <ns3:TrackPointExtension>
            <ns3:hr>151</ns3:hr>
            <ns3:cad>89</ns3:cad>
          </ns3:TrackPointExtension>
        </extensions>
      </trkpt>
      <trkpt lat="24.63827605359256267547607421875" lon="118.15041887573897838592529296875">
        <ele>11.6000003814697265625</ele>
        <time>2025-10-31T09:42:22.000Z</time>
        <extensions>
          <ns3:TrackPointExtension>
            <ns3:hr>151</ns3:hr>
            <ns3:cad>89</ns3:cad>
          </ns3:TrackPointExtension>
        </extensions>
      </trkpt>
      <trkpt lat="24.638294242322444915771484375" lon="118.15044988878071308135986328125">
        <ele>11.6000003814697265625</ele>
        <time>2025-10-31T09:42:23.000Z</time>
        <extensions>
          <ns3:TrackPointExtension>
            <ns3:hr>150</ns3:hr>
            <ns3:cad>89</ns3:cad>
          </ns3:TrackPointExtension>
        </extensions>
      </trkpt>
      <trkpt lat="24.63830857537686824798583984375" lon="118.15046531148254871368408203125">
        <ele>11.3999996185302734375</ele>
        <time>2025-10-31T09:42:24.000Z</time>
        <extensions>
          <ns3:TrackPointExtension>
            <ns3:hr>150</ns3:hr>
            <ns3:cad>89</ns3:cad>
          </ns3:TrackPointExtension>
        </extensions>
      </trkpt>
      <trkpt lat="24.63833070360124111175537109375" lon="118.15048526041209697723388671875">
        <ele>11.3999996185302734375</ele>
        <time>2025-10-31T09:42:25.000Z</time>
        <extensions>
          <ns3:TrackPointExtension>
            <ns3:hr>150</ns3:hr>
            <ns3:cad>89</ns3:cad>
          </ns3:TrackPointExtension>
        </extensions>
      </trkpt>
      <trkpt lat="24.6383470483124256134033203125" lon="118.15049749799072742462158203125">
        <ele>11.3999996185302734375</ele>
        <time>2025-10-31T09:42:26.000Z</time>
        <extensions>
          <ns3:TrackPointExtension>
            <ns3:hr>150</ns3:hr>
            <ns3:cad>89</ns3:cad>
          </ns3:TrackPointExtension>
        </extensions>
      </trkpt>
      <trkpt lat="24.63836557231843471527099609375" lon="118.15051694400608539581298828125">
        <ele>11.3999996185302734375</ele>
        <time>2025-10-31T09:42:27.000Z</time>
        <extensions>
          <ns3:TrackPointExtension>
            <ns3:hr>150</ns3:hr>
            <ns3:cad>89</ns3:cad>
          </ns3:TrackPointExtension>
        </extensions>
      </trkpt>
      <trkpt lat="24.63837931863963603973388671875" lon="118.1505301035940647125244140625">
        <ele>11.3999996185302734375</ele>
        <time>2025-10-31T09:42:28.000Z</time>
        <extensions>
          <ns3:TrackPointExtension>
            <ns3:hr>149</ns3:hr>
            <ns3:cad>89</ns3:cad>
          </ns3:TrackPointExtension>
        </extensions>
      </trkpt>
      <trkpt lat="24.638404883444309234619140625" lon="118.15054778940975666046142578125">
        <ele>11.3999996185302734375</ele>
        <time>2025-10-31T09:42:29.000Z</time>
        <extensions>
          <ns3:TrackPointExtension>
            <ns3:hr>149</ns3:hr>
            <ns3:cad>89</ns3:cad>
          </ns3:TrackPointExtension>
        </extensions>
      </trkpt>
      <trkpt lat="24.63842642493546009063720703125" lon="118.15054276026785373687744140625">
        <ele>11.3999996185302734375</ele>
        <time>2025-10-31T09:42:30.000Z</time>
        <extensions>
          <ns3:TrackPointExtension>
            <ns3:hr>149</ns3:hr>
            <ns3:cad>89</ns3:cad>
          </ns3:TrackPointExtension>
        </extensions>
      </trkpt>
      <trkpt lat="24.6384204737842082977294921875" lon="118.1505341269075870513916015625">
        <ele>11.3999996185302734375</ele>
        <time>2025-10-31T09:42:31.000Z</time>
        <extensions>
          <ns3:TrackPointExtension>
            <ns3:hr>150</ns3:hr>
            <ns3:cad>89</ns3:cad>
          </ns3:TrackPointExtension>
        </extensions>
      </trkpt>
      <trkpt lat="24.638406224548816680908203125" lon="118.150516860187053680419921875">
        <ele>11.3999996185302734375</ele>
        <time>2025-10-31T09:42:32.000Z</time>
        <extensions>
          <ns3:TrackPointExtension>
            <ns3:hr>149</ns3:hr>
            <ns3:cad>89</ns3:cad>
          </ns3:TrackPointExtension>
        </extensions>
      </trkpt>
      <trkpt lat="24.63838300667703151702880859375" lon="118.1505046226084232330322265625">
        <ele>11.3999996185302734375</ele>
        <time>2025-10-31T09:42:33.000Z</time>
        <extensions>
          <ns3:TrackPointExtension>
            <ns3:hr>149</ns3:hr>
            <ns3:cad>88</ns3:cad>
          </ns3:TrackPointExtension>
        </extensions>
      </trkpt>
      <trkpt lat="24.6383577771484851837158203125" lon="118.1504824943840503692626953125">
        <ele>11.3999996185302734375</ele>
        <time>2025-10-31T09:42:34.000Z</time>
        <extensions>
          <ns3:TrackPointExtension>
            <ns3:hr>149</ns3:hr>
            <ns3:cad>86</ns3:cad>
          </ns3:TrackPointExtension>
        </extensions>
      </trkpt>
      <trkpt lat="24.63833749294281005859375" lon="118.150470256805419921875">
        <ele>11.3999996185302734375</ele>
        <time>2025-10-31T09:42:35.000Z</time>
        <extensions>
          <ns3:TrackPointExtension>
            <ns3:hr>150</ns3:hr>
            <ns3:cad>86</ns3:cad>
          </ns3:TrackPointExtension>
        </extensions>
      </trkpt>
      <trkpt lat="24.63830924592912197113037109375" lon="118.15044318325817584991455078125">
        <ele>11.3999996185302734375</ele>
        <time>2025-10-31T09:42:36.000Z</time>
        <extensions>
          <ns3:TrackPointExtension>
            <ns3:hr>149</ns3:hr>
            <ns3:cad>86</ns3:cad>
          </ns3:TrackPointExtension>
        </extensions>
      </trkpt>
      <trkpt lat="24.63828678242862224578857421875" lon="118.1504342146217823028564453125">
        <ele>11.3999996185302734375</ele>
        <time>2025-10-31T09:42:37.000Z</time>
        <extensions>
          <ns3:TrackPointExtension>
            <ns3:hr>149</ns3:hr>
            <ns3:cad>87</ns3:cad>
          </ns3:TrackPointExtension>
        </extensions>
      </trkpt>
      <trkpt lat="24.63826180435717105865478515625" lon="118.150409571826457977294921875">
        <ele>11.3999996185302734375</ele>
        <time>2025-10-31T09:42:38.000Z</time>
        <extensions>
          <ns3:TrackPointExtension>
            <ns3:hr>149</ns3:hr>
            <ns3:cad>88</ns3:cad>
          </ns3:TrackPointExtension>
        </extensions>
      </trkpt>
      <trkpt lat="24.63824001140892505645751953125" lon="118.1503973342478275299072265625">
        <ele>11.3999996185302734375</ele>
        <time>2025-10-31T09:42:39.000Z</time>
        <extensions>
          <ns3:TrackPointExtension>
            <ns3:hr>149</ns3:hr>
            <ns3:cad>88</ns3:cad>
          </ns3:TrackPointExtension>
        </extensions>
      </trkpt>
      <trkpt lat="24.63822140358388423919677734375" lon="118.150374703109264373779296875">
        <ele>11.3999996185302734375</ele>
        <time>2025-10-31T09:42:40.000Z</time>
        <extensions>
          <ns3:TrackPointExtension>
            <ns3:hr>149</ns3:hr>
            <ns3:cad>88</ns3:cad>
          </ns3:TrackPointExtension>
        </extensions>
      </trkpt>
      <trkpt lat="24.6382022090256214141845703125" lon="118.15035584382712841033935546875">
        <ele>11.3999996185302734375</ele>
        <time>2025-10-31T09:42:41.000Z</time>
        <extensions>
          <ns3:TrackPointExtension>
            <ns3:hr>149</ns3:hr>
            <ns3:cad>88</ns3:cad>
          </ns3:TrackPointExtension>
        </extensions>
      </trkpt>
      <trkpt lat="24.63817982934415340423583984375" lon="118.15033706836402416229248046875">
        <ele>11.3999996185302734375</ele>
        <time>2025-10-31T09:42:42.000Z</time>
        <extensions>
          <ns3:TrackPointExtension>
            <ns3:hr>149</ns3:hr>
            <ns3:cad>88</ns3:cad>
          </ns3:TrackPointExtension>
        </extensions>
      </trkpt>
      <trkpt lat="24.6381613053381443023681640625" lon="118.15031812526285648345947265625">
        <ele>11.3999996185302734375</ele>
        <time>2025-10-31T09:42:43.000Z</time>
        <extensions>
          <ns3:TrackPointExtension>
            <ns3:hr>149</ns3:hr>
            <ns3:cad>88</ns3:cad>
          </ns3:TrackPointExtension>
        </extensions>
      </trkpt>
      <trkpt lat="24.63814345188438892364501953125" lon="118.15030085854232311248779296875">
        <ele>11.3999996185302734375</ele>
        <time>2025-10-31T09:42:44.000Z</time>
        <extensions>
          <ns3:TrackPointExtension>
            <ns3:hr>149</ns3:hr>
            <ns3:cad>88</ns3:cad>
          </ns3:TrackPointExtension>
        </extensions>
      </trkpt>
      <trkpt lat="24.6381267718970775604248046875" lon="118.15027638338506221771240234375">
        <ele>11.3999996185302734375</ele>
        <time>2025-10-31T09:42:45.000Z</time>
        <extensions>
          <ns3:TrackPointExtension>
            <ns3:hr>150</ns3:hr>
            <ns3:cad>88</ns3:cad>
          </ns3:TrackPointExtension>
        </extensions>
      </trkpt>
      <trkpt lat="24.6381120197474956512451171875" lon="118.15025710500776767730712890625">
        <ele>11.3999996185302734375</ele>
        <time>2025-10-31T09:42:46.000Z</time>
        <extensions>
          <ns3:TrackPointExtension>
            <ns3:hr>149</ns3:hr>
            <ns3:cad>88</ns3:cad>
          </ns3:TrackPointExtension>
        </extensions>
      </trkpt>
      <trkpt lat="24.63809668086469173431396484375" lon="118.15023045055568218231201171875">
        <ele>11.3999996185302734375</ele>
        <time>2025-10-31T09:42:47.000Z</time>
        <extensions>
          <ns3:TrackPointExtension>
            <ns3:hr>149</ns3:hr>
            <ns3:cad>88</ns3:cad>
          </ns3:TrackPointExtension>
        </extensions>
      </trkpt>
      <trkpt lat="24.6380798332393169403076171875" lon="118.150214441120624542236328125">
        <ele>11.3999996185302734375</ele>
        <time>2025-10-31T09:42:48.000Z</time>
        <extensions>
          <ns3:TrackPointExtension>
            <ns3:hr>149</ns3:hr>
            <ns3:cad>88</ns3:cad>
          </ns3:TrackPointExtension>
        </extensions>
      </trkpt>
      <trkpt lat="24.63806591928005218505859375" lon="118.15018937923014163970947265625">
        <ele>11.3999996185302734375</ele>
        <time>2025-10-31T09:42:49.000Z</time>
        <extensions>
          <ns3:TrackPointExtension>
            <ns3:hr>149</ns3:hr>
            <ns3:cad>88</ns3:cad>
          </ns3:TrackPointExtension>
        </extensions>
      </trkpt>
      <trkpt lat="24.6380506642162799835205078125" lon="118.15017186105251312255859375">
        <ele>11.3999996185302734375</ele>
        <time>2025-10-31T09:42:50.000Z</time>
        <extensions>
          <ns3:TrackPointExtension>
            <ns3:hr>149</ns3:hr>
            <ns3:cad>88</ns3:cad>
          </ns3:TrackPointExtension>
        </extensions>
      </trkpt>
      <trkpt lat="24.6380339004099369049072265625" lon="118.15014638006687164306640625">
        <ele>11.3999996185302734375</ele>
        <time>2025-10-31T09:42:51.000Z</time>
        <extensions>
          <ns3:TrackPointExtension>
            <ns3:hr>149</ns3:hr>
            <ns3:cad>89</ns3:cad>
          </ns3:TrackPointExtension>
        </extensions>
      </trkpt>
      <trkpt lat="24.638014622032642364501953125" lon="118.15012634731829166412353515625">
        <ele>11.19999980926513671875</ele>
        <time>2025-10-31T09:42:52.000Z</time>
        <extensions>
          <ns3:TrackPointExtension>
            <ns3:hr>149</ns3:hr>
            <ns3:cad>89</ns3:cad>
          </ns3:TrackPointExtension>
        </extensions>
      </trkpt>
      <trkpt lat="24.63799961842596530914306640625" lon="118.15009885467588901519775390625">
        <ele>11.19999980926513671875</ele>
        <time>2025-10-31T09:42:53.000Z</time>
        <extensions>
          <ns3:TrackPointExtension>
            <ns3:hr>149</ns3:hr>
            <ns3:cad>90</ns3:cad>
          </ns3:TrackPointExtension>
        </extensions>
      </trkpt>
      <trkpt lat="24.6379809267818927764892578125" lon="118.15007823519408702850341796875">
        <ele>11.19999980926513671875</ele>
        <time>2025-10-31T09:42:54.000Z</time>
        <extensions>
          <ns3:TrackPointExtension>
            <ns3:hr>149</ns3:hr>
            <ns3:cad>90</ns3:cad>
          </ns3:TrackPointExtension>
        </extensions>
      </trkpt>
      <trkpt lat="24.63795905001461505889892578125" lon="118.150062225759029388427734375">
        <ele>11.3999996185302734375</ele>
        <time>2025-10-31T09:42:55.000Z</time>
        <extensions>
          <ns3:TrackPointExtension>
            <ns3:hr>149</ns3:hr>
            <ns3:cad>91</ns3:cad>
          </ns3:TrackPointExtension>
        </extensions>
      </trkpt>
      <trkpt lat="24.637938849627971649169921875" lon="118.1500456295907497406005859375">
        <ele>11.3999996185302734375</ele>
        <time>2025-10-31T09:42:56.000Z</time>
        <extensions>
          <ns3:TrackPointExtension>
            <ns3:hr>149</ns3:hr>
            <ns3:cad>91</ns3:cad>
          </ns3:TrackPointExtension>
        </extensions>
      </trkpt>
      <trkpt lat="24.63791864924132823944091796875" lon="118.15002157352864742279052734375">
        <ele>11.3999996185302734375</ele>
        <time>2025-10-31T09:42:57.000Z</time>
        <extensions>
          <ns3:TrackPointExtension>
            <ns3:hr>149</ns3:hr>
            <ns3:cad>92</ns3:cad>
          </ns3:TrackPointExtension>
        </extensions>
      </trkpt>
      <trkpt lat="24.637901298701763153076171875" lon="118.150001876056194305419921875">
        <ele>11.3999996185302734375</ele>
        <time>2025-10-31T09:42:58.000Z</time>
        <extensions>
          <ns3:TrackPointExtension>
            <ns3:hr>149</ns3:hr>
            <ns3:cad>92</ns3:cad>
          </ns3:TrackPointExtension>
        </extensions>
      </trkpt>
      <trkpt lat="24.63788084685802459716796875" lon="118.14998276531696319580078125">
        <ele>11.3999996185302734375</ele>
        <time>2025-10-31T09:42:59.000Z</time>
        <extensions>
          <ns3:TrackPointExtension>
            <ns3:hr>149</ns3:hr>
            <ns3:cad>92</ns3:cad>
          </ns3:TrackPointExtension>
        </extensions>
      </trkpt>
      <trkpt lat="24.63785930536687374114990234375" lon="118.14995862543582916259765625">
        <ele>11.3999996185302734375</ele>
        <time>2025-10-31T09:43:00.000Z</time>
        <extensions>
          <ns3:TrackPointExtension>
            <ns3:hr>149</ns3:hr>
            <ns3:cad>91</ns3:cad>
          </ns3:TrackPointExtension>
        </extensions>
      </trkpt>
      <trkpt lat="24.63783885352313518524169921875" lon="118.14994311891496181488037109375">
        <ele>11.3999996185302734375</ele>
        <time>2025-10-31T09:43:01.000Z</time>
        <extensions>
          <ns3:TrackPointExtension>
            <ns3:hr>149</ns3:hr>
            <ns3:cad>91</ns3:cad>
          </ns3:TrackPointExtension>
        </extensions>
      </trkpt>
      <trkpt lat="24.63781856931746006011962890625" lon="118.14991629682481288909912109375">
        <ele>11.3999996185302734375</ele>
        <time>2025-10-31T09:43:02.000Z</time>
        <extensions>
          <ns3:TrackPointExtension>
            <ns3:hr>150</ns3:hr>
            <ns3:cad>93</ns3:cad>
          </ns3:TrackPointExtension>
        </extensions>
      </trkpt>
      <trkpt lat="24.63779912330210208892822265625" lon="118.14989970065653324127197265625">
        <ele>11.3999996185302734375</ele>
        <time>2025-10-31T09:43:03.000Z</time>
        <extensions>
          <ns3:TrackPointExtension>
            <ns3:hr>150</ns3:hr>
            <ns3:cad>93</ns3:cad>
          </ns3:TrackPointExtension>
        </extensions>
      </trkpt>
      <trkpt lat="24.63778034783899784088134765625" lon="118.14987723715603351593017578125">
        <ele>11.3999996185302734375</ele>
        <time>2025-10-31T09:43:04.000Z</time>
        <extensions>
          <ns3:TrackPointExtension>
            <ns3:hr>150</ns3:hr>
            <ns3:cad>93</ns3:cad>
          </ns3:TrackPointExtension>
        </extensions>
      </trkpt>
      <trkpt lat="24.63776291348040103912353515625" lon="118.1498627364635467529296875">
        <ele>11.3999996185302734375</ele>
        <time>2025-10-31T09:43:05.000Z</time>
        <extensions>
          <ns3:TrackPointExtension>
            <ns3:hr>150</ns3:hr>
            <ns3:cad>93</ns3:cad>
          </ns3:TrackPointExtension>
        </extensions>
      </trkpt>
      <trkpt lat="24.637744389474391937255859375" lon="118.14983834512531757354736328125">
        <ele>11.3999996185302734375</ele>
        <time>2025-10-31T09:43:06.000Z</time>
        <extensions>
          <ns3:TrackPointExtension>
            <ns3:hr>150</ns3:hr>
            <ns3:cad>93</ns3:cad>
          </ns3:TrackPointExtension>
        </extensions>
      </trkpt>
      <trkpt lat="24.63772452436387538909912109375" lon="118.14982208423316478729248046875">
        <ele>11.3999996185302734375</ele>
        <time>2025-10-31T09:43:07.000Z</time>
        <extensions>
          <ns3:TrackPointExtension>
            <ns3:hr>151</ns3:hr>
            <ns3:cad>93</ns3:cad>
          </ns3:TrackPointExtension>
        </extensions>
      </trkpt>
      <trkpt lat="24.6377046592533588409423828125" lon="118.1498012132942676544189453125">
        <ele>11.3999996185302734375</ele>
        <time>2025-10-31T09:43:08.000Z</time>
        <extensions>
          <ns3:TrackPointExtension>
            <ns3:hr>151</ns3:hr>
            <ns3:cad>91</ns3:cad>
          </ns3:TrackPointExtension>
        </extensions>
      </trkpt>
      <trkpt lat="24.63768378831446170806884765625" lon="118.14978235401213169097900390625">
        <ele>11.19999980926513671875</ele>
        <time>2025-10-31T09:43:09.000Z</time>
        <extensions>
          <ns3:TrackPointExtension>
            <ns3:hr>151</ns3:hr>
            <ns3:cad>91</ns3:cad>
          </ns3:TrackPointExtension>
        </extensions>
      </trkpt>
      <trkpt lat="24.63766224682331085205078125" lon="118.1497650034725666046142578125">
        <ele>11.19999980926513671875</ele>
        <time>2025-10-31T09:43:10.000Z</time>
        <extensions>
          <ns3:TrackPointExtension>
            <ns3:hr>151</ns3:hr>
            <ns3:cad>92</ns3:cad>
          </ns3:TrackPointExtension>
        </extensions>
      </trkpt>
      <trkpt lat="24.63764254935085773468017578125" lon="118.149739690124988555908203125">
        <ele>11.19999980926513671875</ele>
        <time>2025-10-31T09:43:11.000Z</time>
        <extensions>
          <ns3:TrackPointExtension>
            <ns3:hr>151</ns3:hr>
            <ns3:cad>93</ns3:cad>
          </ns3:TrackPointExtension>
        </extensions>
      </trkpt>
      <trkpt lat="24.63762176223099231719970703125" lon="118.1497180648148059844970703125">
        <ele>11.19999980926513671875</ele>
        <time>2025-10-31T09:43:12.000Z</time>
        <extensions>
          <ns3:TrackPointExtension>
            <ns3:hr>152</ns3:hr>
            <ns3:cad>93</ns3:cad>
          </ns3:TrackPointExtension>
        </extensions>
      </trkpt>
      <trkpt lat="24.63759778998792171478271484375" lon="118.1496912427246570587158203125">
        <ele>11.19999980926513671875</ele>
        <time>2025-10-31T09:43:13.000Z</time>
        <extensions>
          <ns3:TrackPointExtension>
            <ns3:hr>152</ns3:hr>
            <ns3:cad>93</ns3:cad>
          </ns3:TrackPointExtension>
        </extensions>
      </trkpt>
      <trkpt lat="24.637577421963214874267578125" lon="118.14967833459377288818359375">
        <ele>11.19999980926513671875</ele>
        <time>2025-10-31T09:43:14.000Z</time>
        <extensions>
          <ns3:TrackPointExtension>
            <ns3:hr>152</ns3:hr>
            <ns3:cad>93</ns3:cad>
          </ns3:TrackPointExtension>
        </extensions>
      </trkpt>
      <trkpt lat="24.63755571283400058746337890625" lon="118.14964748919010162353515625">
        <ele>11.19999980926513671875</ele>
        <time>2025-10-31T09:43:15.000Z</time>
        <extensions>
          <ns3:TrackPointExtension>
            <ns3:hr>152</ns3:hr>
            <ns3:cad>93</ns3:cad>
          </ns3:TrackPointExtension>
        </extensions>
      </trkpt>
      <trkpt lat="24.63753794319927692413330078125" lon="118.14962645061314105987548828125">
        <ele>11.19999980926513671875</ele>
        <time>2025-10-31T09:43:16.000Z</time>
        <extensions>
          <ns3:TrackPointExtension>
            <ns3:hr>152</ns3:hr>
            <ns3:cad>93</ns3:cad>
          </ns3:TrackPointExtension>
        </extensions>
      </trkpt>
      <trkpt lat="24.63751472532749176025390625" lon="118.14959946088492870330810546875">
        <ele>11.19999980926513671875</ele>
        <time>2025-10-31T09:43:17.000Z</time>
        <extensions>
          <ns3:TrackPointExtension>
            <ns3:hr>152</ns3:hr>
            <ns3:cad>93</ns3:cad>
          </ns3:TrackPointExtension>
        </extensions>
      </trkpt>
      <trkpt lat="24.63749469257891178131103515625" lon="118.1495826132595539093017578125">
        <ele>11.19999980926513671875</ele>
        <time>2025-10-31T09:43:18.000Z</time>
        <extensions>
          <ns3:TrackPointExtension>
            <ns3:hr>153</ns3:hr>
            <ns3:cad>93</ns3:cad>
          </ns3:TrackPointExtension>
        </extensions>
      </trkpt>
      <trkpt lat="24.6374733187258243560791015625" lon="118.149555623531341552734375">
        <ele>11.19999980926513671875</ele>
        <time>2025-10-31T09:43:19.000Z</time>
        <extensions>
          <ns3:TrackPointExtension>
            <ns3:hr>153</ns3:hr>
            <ns3:cad>93</ns3:cad>
          </ns3:TrackPointExtension>
        </extensions>
      </trkpt>
      <trkpt lat="24.63745345361530780792236328125" lon="118.14953592605888843536376953125">
        <ele>11.19999980926513671875</ele>
        <time>2025-10-31T09:43:20.000Z</time>
        <extensions>
          <ns3:TrackPointExtension>
            <ns3:hr>153</ns3:hr>
            <ns3:cad>93</ns3:cad>
          </ns3:TrackPointExtension>
        </extensions>
      </trkpt>
      <trkpt lat="24.63743367232382297515869140625" lon="118.1495111994445323944091796875">
        <ele>11.19999980926513671875</ele>
        <time>2025-10-31T09:43:21.000Z</time>
        <extensions>
          <ns3:TrackPointExtension>
            <ns3:hr>153</ns3:hr>
            <ns3:cad>93</ns3:cad>
          </ns3:TrackPointExtension>
        </extensions>
      </trkpt>
      <trkpt lat="24.63741439394652843475341796875" lon="118.14949192106723785400390625">
        <ele>11.19999980926513671875</ele>
        <time>2025-10-31T09:43:22.000Z</time>
        <extensions>
          <ns3:TrackPointExtension>
            <ns3:hr>153</ns3:hr>
            <ns3:cad>93</ns3:cad>
          </ns3:TrackPointExtension>
        </extensions>
      </trkpt>
      <trkpt lat="24.637394361197948455810546875" lon="118.1494729779660701751708984375">
        <ele>11.19999980926513671875</ele>
        <time>2025-10-31T09:43:23.000Z</time>
        <extensions>
          <ns3:TrackPointExtension>
            <ns3:hr>153</ns3:hr>
            <ns3:cad>93</ns3:cad>
          </ns3:TrackPointExtension>
        </extensions>
      </trkpt>
      <trkpt lat="24.63737432844936847686767578125" lon="118.14945311285555362701416015625">
        <ele>11.19999980926513671875</ele>
        <time>2025-10-31T09:43:24.000Z</time>
        <extensions>
          <ns3:TrackPointExtension>
            <ns3:hr>153</ns3:hr>
            <ns3:cad>93</ns3:cad>
          </ns3:TrackPointExtension>
        </extensions>
      </trkpt>
      <trkpt lat="24.6373549662530422210693359375" lon="118.14943769015371799468994140625">
        <ele>11.19999980926513671875</ele>
        <time>2025-10-31T09:43:25.000Z</time>
        <extensions>
          <ns3:TrackPointExtension>
            <ns3:hr>152</ns3:hr>
            <ns3:cad>92</ns3:cad>
          </ns3:TrackPointExtension>
        </extensions>
      </trkpt>
      <trkpt lat="24.63733577169477939605712890625" lon="118.149416483938694000244140625">
        <ele>11.19999980926513671875</ele>
        <time>2025-10-31T09:43:26.000Z</time>
        <extensions>
          <ns3:TrackPointExtension>
            <ns3:hr>152</ns3:hr>
            <ns3:cad>92</ns3:cad>
          </ns3:TrackPointExtension>
        </extensions>
      </trkpt>
      <trkpt lat="24.6373157389461994171142578125" lon="118.14940516836941242218017578125">
        <ele>11.19999980926513671875</ele>
        <time>2025-10-31T09:43:27.000Z</time>
        <extensions>
          <ns3:TrackPointExtension>
            <ns3:hr>152</ns3:hr>
            <ns3:cad>93</ns3:cad>
          </ns3:TrackPointExtension>
        </extensions>
      </trkpt>
      <trkpt lat="24.63729402981698513031005859375" lon="118.149380274116992950439453125">
        <ele>11.19999980926513671875</ele>
        <time>2025-10-31T09:43:28.000Z</time>
        <extensions>
          <ns3:TrackPointExtension>
            <ns3:hr>152</ns3:hr>
            <ns3:cad>93</ns3:cad>
          </ns3:TrackPointExtension>
        </extensions>
      </trkpt>
      <trkpt lat="24.637274332344532012939453125" lon="118.14936627633869647979736328125">
        <ele>11.19999980926513671875</ele>
        <time>2025-10-31T09:43:29.000Z</time>
        <extensions>
          <ns3:TrackPointExtension>
            <ns3:hr>152</ns3:hr>
            <ns3:cad>93</ns3:cad>
          </ns3:TrackPointExtension>
        </extensions>
      </trkpt>
      <trkpt lat="24.63724994100630283355712890625" lon="118.1493428908288478851318359375">
        <ele>11.19999980926513671875</ele>
        <time>2025-10-31T09:43:30.000Z</time>
        <extensions>
          <ns3:TrackPointExtension>
            <ns3:hr>151</ns3:hr>
            <ns3:cad>93</ns3:cad>
          </ns3:TrackPointExtension>
        </extensions>
      </trkpt>
      <trkpt lat="24.637231417000293731689453125" lon="118.14932771958410739898681640625">
        <ele>11.19999980926513671875</ele>
        <time>2025-10-31T09:43:31.000Z</time>
        <extensions>
          <ns3:TrackPointExtension>
            <ns3:hr>151</ns3:hr>
            <ns3:cad>92</ns3:cad>
          </ns3:TrackPointExtension>
        </extensions>
      </trkpt>
      <trkpt lat="24.637209288775920867919921875" lon="118.14930290915071964263916015625">
        <ele>11.19999980926513671875</ele>
        <time>2025-10-31T09:43:32.000Z</time>
        <extensions>
          <ns3:TrackPointExtension>
            <ns3:hr>151</ns3:hr>
            <ns3:cad>92</ns3:cad>
          </ns3:TrackPointExtension>
        </extensions>
      </trkpt>
      <trkpt lat="24.63719151914119720458984375" lon="118.14928882755339145660400390625">
        <ele>11.19999980926513671875</ele>
        <time>2025-10-31T09:43:33.000Z</time>
        <extensions>
          <ns3:TrackPointExtension>
            <ns3:hr>150</ns3:hr>
            <ns3:cad>92</ns3:cad>
          </ns3:TrackPointExtension>
        </extensions>
      </trkpt>
      <trkpt lat="24.63717148639261722564697265625" lon="118.14926200546324253082275390625">
        <ele>11.19999980926513671875</ele>
        <time>2025-10-31T09:43:34.000Z</time>
        <extensions>
          <ns3:TrackPointExtension>
            <ns3:hr>150</ns3:hr>
            <ns3:cad>91</ns3:cad>
          </ns3:TrackPointExtension>
        </extensions>
      </trkpt>
      <trkpt lat="24.6371541358530521392822265625" lon="118.14924909733235836029052734375">
        <ele>11.19999980926513671875</ele>
        <time>2025-10-31T09:43:35.000Z</time>
        <extensions>
          <ns3:TrackPointExtension>
            <ns3:hr>150</ns3:hr>
            <ns3:cad>91</ns3:cad>
          </ns3:TrackPointExtension>
        </extensions>
      </trkpt>
      <trkpt lat="24.63713460601866245269775390625" lon="118.14922948367893695831298828125">
        <ele>11</ele>
        <time>2025-10-31T09:43:36.000Z</time>
        <extensions>
          <ns3:TrackPointExtension>
            <ns3:hr>150</ns3:hr>
            <ns3:cad>92</ns3:cad>
          </ns3:TrackPointExtension>
        </extensions>
      </trkpt>
      <trkpt lat="24.63711717166006565093994140625" lon="118.14921238459646701812744140625">
        <ele>11</ele>
        <time>2025-10-31T09:43:37.000Z</time>
        <extensions>
          <ns3:TrackPointExtension>
            <ns3:hr>150</ns3:hr>
            <ns3:cad>92</ns3:cad>
          </ns3:TrackPointExtension>
        </extensions>
      </trkpt>
      <trkpt lat="24.63709806092083454132080078125" lon="118.149194531142711639404296875">
        <ele>11</ele>
        <time>2025-10-31T09:43:38.000Z</time>
        <extensions>
          <ns3:TrackPointExtension>
            <ns3:hr>150</ns3:hr>
            <ns3:cad>92</ns3:cad>
          </ns3:TrackPointExtension>
        </extensions>
      </trkpt>
      <trkpt lat="24.6370756812393665313720703125" lon="118.1491792760789394378662109375">
        <ele>11</ele>
        <time>2025-10-31T09:43:39.000Z</time>
        <extensions>
          <ns3:TrackPointExtension>
            <ns3:hr>149</ns3:hr>
            <ns3:cad>94</ns3:cad>
          </ns3:TrackPointExtension>
        </extensions>
      </trkpt>
      <trkpt lat="24.63705481030046939849853515625" lon="118.14916058443486690521240234375">
        <ele>11</ele>
        <time>2025-10-31T09:43:40.000Z</time>
        <extensions>
          <ns3:TrackPointExtension>
            <ns3:hr>149</ns3:hr>
            <ns3:cad>94</ns3:cad>
          </ns3:TrackPointExtension>
        </extensions>
      </trkpt>
      <trkpt lat="24.6370320953428745269775390625" lon="118.1491353549063205718994140625">
        <ele>11</ele>
        <time>2025-10-31T09:43:41.000Z</time>
        <extensions>
          <ns3:TrackPointExtension>
            <ns3:hr>149</ns3:hr>
            <ns3:cad>94</ns3:cad>
          </ns3:TrackPointExtension>
        </extensions>
      </trkpt>
      <trkpt lat="24.63701088912785053253173828125" lon="118.14911867491900920867919921875">
        <ele>11</ele>
        <time>2025-10-31T09:43:42.000Z</time>
        <extensions>
          <ns3:TrackPointExtension>
            <ns3:hr>149</ns3:hr>
            <ns3:cad>94</ns3:cad>
          </ns3:TrackPointExtension>
        </extensions>
      </trkpt>
      <trkpt lat="24.6369896829128265380859375" lon="118.14909319393336772918701171875">
        <ele>11.19999980926513671875</ele>
        <time>2025-10-31T09:43:43.000Z</time>
        <extensions>
          <ns3:TrackPointExtension>
            <ns3:hr>150</ns3:hr>
            <ns3:cad>93</ns3:cad>
          </ns3:TrackPointExtension>
        </extensions>
      </trkpt>
      <trkpt lat="24.6369714103639125823974609375" lon="118.14908347092568874359130859375">
        <ele>11.19999980926513671875</ele>
        <time>2025-10-31T09:43:44.000Z</time>
        <extensions>
          <ns3:TrackPointExtension>
            <ns3:hr>149</ns3:hr>
            <ns3:cad>93</ns3:cad>
          </ns3:TrackPointExtension>
        </extensions>
      </trkpt>
      <trkpt lat="24.63694936595857143402099609375" lon="118.14906251616775989532470703125">
        <ele>11</ele>
        <time>2025-10-31T09:43:45.000Z</time>
        <extensions>
          <ns3:TrackPointExtension>
            <ns3:hr>149</ns3:hr>
            <ns3:cad>93</ns3:cad>
          </ns3:TrackPointExtension>
        </extensions>
      </trkpt>
      <trkpt lat="24.6369315125048160552978515625" lon="118.14904935657978057861328125">
        <ele>11</ele>
        <time>2025-10-31T09:43:46.000Z</time>
        <extensions>
          <ns3:TrackPointExtension>
            <ns3:hr>149</ns3:hr>
            <ns3:cad>90</ns3:cad>
          </ns3:TrackPointExtension>
        </extensions>
      </trkpt>
      <trkpt lat="24.636910222470760345458984375" lon="118.149023540318012237548828125">
        <ele>11</ele>
        <time>2025-10-31T09:43:47.000Z</time>
        <extensions>
          <ns3:TrackPointExtension>
            <ns3:hr>148</ns3:hr>
            <ns3:cad>90</ns3:cad>
          </ns3:TrackPointExtension>
        </extensions>
      </trkpt>
      <trkpt lat="24.63689102791249752044677734375" lon="118.14901188947260379791259765625">
        <ele>11</ele>
        <time>2025-10-31T09:43:48.000Z</time>
        <extensions>
          <ns3:TrackPointExtension>
            <ns3:hr>148</ns3:hr>
            <ns3:cad>93</ns3:cad>
          </ns3:TrackPointExtension>
        </extensions>
      </trkpt>
      <trkpt lat="24.63686789385974407196044921875" lon="118.14899026416242122650146484375">
        <ele>11</ele>
        <time>2025-10-31T09:43:49.000Z</time>
        <extensions>
          <ns3:TrackPointExtension>
            <ns3:hr>147</ns3:hr>
            <ns3:cad>93</ns3:cad>
          </ns3:TrackPointExtension>
        </extensions>
      </trkpt>
      <trkpt lat="24.6368466876447200775146484375" lon="118.1489781104028224945068359375">
        <ele>11.19999980926513671875</ele>
        <time>2025-10-31T09:43:50.000Z</time>
        <extensions>
          <ns3:TrackPointExtension>
            <ns3:hr>147</ns3:hr>
            <ns3:cad>93</ns3:cad>
          </ns3:TrackPointExtension>
        </extensions>
      </trkpt>
      <trkpt lat="24.63682397268712520599365234375" lon="118.1489643640816211700439453125">
        <ele>11.19999980926513671875</ele>
        <time>2025-10-31T09:43:51.000Z</time>
        <extensions>
          <ns3:TrackPointExtension>
            <ns3:hr>147</ns3:hr>
            <ns3:cad>92</ns3:cad>
          </ns3:TrackPointExtension>
        </extensions>
      </trkpt>
      <trkpt lat="24.63680167682468891143798828125" lon="118.14894516952335834503173828125">
        <ele>11.19999980926513671875</ele>
        <time>2025-10-31T09:43:52.000Z</time>
        <extensions>
          <ns3:TrackPointExtension>
            <ns3:hr>148</ns3:hr>
            <ns3:cad>92</ns3:cad>
          </ns3:TrackPointExtension>
        </extensions>
      </trkpt>
      <trkpt lat="24.6367809735238552093505859375" lon="118.14893377013504505157470703125">
        <ele>11.19999980926513671875</ele>
        <time>2025-10-31T09:43:53.000Z</time>
        <extensions>
          <ns3:TrackPointExtension>
            <ns3:hr>148</ns3:hr>
            <ns3:cad>93</ns3:cad>
          </ns3:TrackPointExtension>
        </extensions>
      </trkpt>
      <trkpt lat="24.63675976730883121490478515625" lon="118.14891717396676540374755859375">
        <ele>11</ele>
        <time>2025-10-31T09:43:54.000Z</time>
        <extensions>
          <ns3:TrackPointExtension>
            <ns3:hr>148</ns3:hr>
            <ns3:cad>93</ns3:cad>
          </ns3:TrackPointExtension>
        </extensions>
      </trkpt>
      <trkpt lat="24.63673830963671207427978515625" lon="118.14890317618846893310546875">
        <ele>11</ele>
        <time>2025-10-31T09:43:55.000Z</time>
        <extensions>
          <ns3:TrackPointExtension>
            <ns3:hr>148</ns3:hr>
            <ns3:cad>93</ns3:cad>
          </ns3:TrackPointExtension>
        </extensions>
      </trkpt>
      <trkpt lat="24.636715762317180633544921875" lon="118.148882724344730377197265625">
        <ele>11</ele>
        <time>2025-10-31T09:43:56.000Z</time>
        <extensions>
          <ns3:TrackPointExtension>
            <ns3:hr>147</ns3:hr>
            <ns3:cad>92</ns3:cad>
          </ns3:TrackPointExtension>
        </extensions>
      </trkpt>
      <trkpt lat="24.63669505901634693145751953125" lon="118.1488694809377193450927734375">
        <ele>11</ele>
        <time>2025-10-31T09:43:57.000Z</time>
        <extensions>
          <ns3:TrackPointExtension>
            <ns3:hr>148</ns3:hr>
            <ns3:cad>92</ns3:cad>
          </ns3:TrackPointExtension>
        </extensions>
      </trkpt>
      <trkpt lat="24.6366710029542446136474609375" lon="118.14884944818913936614990234375">
        <ele>11</ele>
        <time>2025-10-31T09:43:58.000Z</time>
        <extensions>
          <ns3:TrackPointExtension>
            <ns3:hr>148</ns3:hr>
            <ns3:cad>93</ns3:cad>
          </ns3:TrackPointExtension>
        </extensions>
      </trkpt>
      <trkpt lat="24.63665013201534748077392578125" lon="118.1488356180489063262939453125">
        <ele>11</ele>
        <time>2025-10-31T09:43:59.000Z</time>
        <extensions>
          <ns3:TrackPointExtension>
            <ns3:hr>147</ns3:hr>
            <ns3:cad>93</ns3:cad>
          </ns3:TrackPointExtension>
        </extensions>
      </trkpt>
      <trkpt lat="24.6366250701248645782470703125" lon="118.148814998567104339599609375">
        <ele>11</ele>
        <time>2025-10-31T09:44:00.000Z</time>
        <extensions>
          <ns3:TrackPointExtension>
            <ns3:hr>148</ns3:hr>
            <ns3:cad>93</ns3:cad>
          </ns3:TrackPointExtension>
        </extensions>
      </trkpt>
      <trkpt lat="24.63660453446209430694580078125" lon="118.14879857003688812255859375">
        <ele>11</ele>
        <time>2025-10-31T09:44:01.000Z</time>
        <extensions>
          <ns3:TrackPointExtension>
            <ns3:hr>148</ns3:hr>
            <ns3:cad>93</ns3:cad>
          </ns3:TrackPointExtension>
        </extensions>
      </trkpt>
      <trkpt lat="24.63658140040934085845947265625" lon="118.148776777088642120361328125">
        <ele>11</ele>
        <time>2025-10-31T09:44:02.000Z</time>
        <extensions>
          <ns3:TrackPointExtension>
            <ns3:hr>147</ns3:hr>
            <ns3:cad>93</ns3:cad>
          </ns3:TrackPointExtension>
        </extensions>
      </trkpt>
      <trkpt lat="24.63656128384172916412353515625" lon="118.14876294694840908050537109375">
        <ele>11</ele>
        <time>2025-10-31T09:44:03.000Z</time>
        <extensions>
          <ns3:TrackPointExtension>
            <ns3:hr>147</ns3:hr>
            <ns3:cad>93</ns3:cad>
          </ns3:TrackPointExtension>
        </extensions>
      </trkpt>
      <trkpt lat="24.63653848506510257720947265625" lon="118.148743920028209686279296875">
        <ele>11</ele>
        <time>2025-10-31T09:44:04.000Z</time>
        <extensions>
          <ns3:TrackPointExtension>
            <ns3:hr>147</ns3:hr>
            <ns3:cad>93</ns3:cad>
          </ns3:TrackPointExtension>
        </extensions>
      </trkpt>
      <trkpt lat="24.636515267193317413330078125" lon="118.1487286649644374847412109375">
        <ele>11.19999980926513671875</ele>
        <time>2025-10-31T09:44:05.000Z</time>
        <extensions>
          <ns3:TrackPointExtension>
            <ns3:hr>147</ns3:hr>
            <ns3:cad>93</ns3:cad>
          </ns3:TrackPointExtension>
        </extensions>
      </trkpt>
      <trkpt lat="24.63649473153054714202880859375" lon="118.148713074624538421630859375">
        <ele>11.19999980926513671875</ele>
        <time>2025-10-31T09:44:06.000Z</time>
        <extensions>
          <ns3:TrackPointExtension>
            <ns3:hr>146</ns3:hr>
            <ns3:cad>93</ns3:cad>
          </ns3:TrackPointExtension>
        </extensions>
      </trkpt>
      <trkpt lat="24.63647159747779369354248046875" lon="118.14870159141719341278076171875">
        <ele>11.19999980926513671875</ele>
        <time>2025-10-31T09:44:07.000Z</time>
        <extensions>
          <ns3:TrackPointExtension>
            <ns3:hr>146</ns3:hr>
            <ns3:cad>93</ns3:cad>
          </ns3:TrackPointExtension>
        </extensions>
      </trkpt>
      <trkpt lat="24.6364530734717845916748046875" lon="118.14869186840951442718505859375">
        <ele>11.19999980926513671875</ele>
        <time>2025-10-31T09:44:08.000Z</time>
        <extensions>
          <ns3:TrackPointExtension>
            <ns3:hr>146</ns3:hr>
            <ns3:cad>93</ns3:cad>
          </ns3:TrackPointExtension>
        </extensions>
      </trkpt>
      <trkpt lat="24.6364282630383968353271484375" lon="118.148668147623538970947265625">
        <ele>11.3999996185302734375</ele>
        <time>2025-10-31T09:44:09.000Z</time>
        <extensions>
          <ns3:TrackPointExtension>
            <ns3:hr>146</ns3:hr>
            <ns3:cad>92</ns3:cad>
          </ns3:TrackPointExtension>
        </extensions>
      </trkpt>
      <trkpt lat="24.6364047937095165252685546875" lon="118.1486602686345577239990234375">
        <ele>11.3999996185302734375</ele>
        <time>2025-10-31T09:44:10.000Z</time>
        <extensions>
          <ns3:TrackPointExtension>
            <ns3:hr>146</ns3:hr>
            <ns3:cad>92</ns3:cad>
          </ns3:TrackPointExtension>
        </extensions>
      </trkpt>
      <trkpt lat="24.636374451220035552978515625" lon="118.148637302219867706298828125">
        <ele>11.3999996185302734375</ele>
        <time>2025-10-31T09:44:11.000Z</time>
        <extensions>
          <ns3:TrackPointExtension>
            <ns3:hr>147</ns3:hr>
            <ns3:cad>93</ns3:cad>
          </ns3:TrackPointExtension>
        </extensions>
      </trkpt>
      <trkpt lat="24.63635466992855072021484375" lon="118.14862514846026897430419921875">
        <ele>11.3999996185302734375</ele>
        <time>2025-10-31T09:44:12.000Z</time>
        <extensions>
          <ns3:TrackPointExtension>
            <ns3:hr>147</ns3:hr>
            <ns3:cad>93</ns3:cad>
          </ns3:TrackPointExtension>
        </extensions>
      </trkpt>
      <trkpt lat="24.63632994331419467926025390625" lon="118.148604445159435272216796875">
        <ele>11.3999996185302734375</ele>
        <time>2025-10-31T09:44:13.000Z</time>
        <extensions>
          <ns3:TrackPointExtension>
            <ns3:hr>147</ns3:hr>
            <ns3:cad>93</ns3:cad>
          </ns3:TrackPointExtension>
        </extensions>
      </trkpt>
      <trkpt lat="24.63630731217563152313232421875" lon="118.148590363562107086181640625">
        <ele>11.3999996185302734375</ele>
        <time>2025-10-31T09:44:14.000Z</time>
        <extensions>
          <ns3:TrackPointExtension>
            <ns3:hr>148</ns3:hr>
            <ns3:cad>93</ns3:cad>
          </ns3:TrackPointExtension>
        </extensions>
      </trkpt>
      <trkpt lat="24.63628292083740234375" lon="118.14857066608965396881103515625">
        <ele>11.3999996185302734375</ele>
        <time>2025-10-31T09:44:15.000Z</time>
        <extensions>
          <ns3:TrackPointExtension>
            <ns3:hr>148</ns3:hr>
            <ns3:cad>93</ns3:cad>
          </ns3:TrackPointExtension>
        </extensions>
      </trkpt>
      <trkpt lat="24.636257775127887725830078125" lon="118.14855717122554779052734375">
        <ele>11.3999996185302734375</ele>
        <time>2025-10-31T09:44:16.000Z</time>
        <extensions>
          <ns3:TrackPointExtension>
            <ns3:hr>148</ns3:hr>
            <ns3:cad>92</ns3:cad>
          </ns3:TrackPointExtension>
        </extensions>
      </trkpt>
      <trkpt lat="24.63623103685677051544189453125" lon="118.1485365517437458038330078125">
        <ele>11.3999996185302734375</ele>
        <time>2025-10-31T09:44:17.000Z</time>
        <extensions>
          <ns3:TrackPointExtension>
            <ns3:hr>147</ns3:hr>
            <ns3:cad>92</ns3:cad>
          </ns3:TrackPointExtension>
        </extensions>
      </trkpt>
      <trkpt lat="24.6362089924514293670654296875" lon="118.14852104522287845611572265625">
        <ele>11.3999996185302734375</ele>
        <time>2025-10-31T09:44:18.000Z</time>
        <extensions>
          <ns3:TrackPointExtension>
            <ns3:hr>148</ns3:hr>
            <ns3:cad>92</ns3:cad>
          </ns3:TrackPointExtension>
        </extensions>
      </trkpt>
      <trkpt lat="24.63618460111320018768310546875" lon="118.148505873978137969970703125">
        <ele>11.3999996185302734375</ele>
        <time>2025-10-31T09:44:19.000Z</time>
        <extensions>
          <ns3:TrackPointExtension>
            <ns3:hr>148</ns3:hr>
            <ns3:cad>93</ns3:cad>
          </ns3:TrackPointExtension>
        </extensions>
      </trkpt>
      <trkpt lat="24.6361613832414150238037109375" lon="118.14849087037146091461181640625">
        <ele>11.3999996185302734375</ele>
        <time>2025-10-31T09:44:20.000Z</time>
        <extensions>
          <ns3:TrackPointExtension>
            <ns3:hr>148</ns3:hr>
            <ns3:cad>93</ns3:cad>
          </ns3:TrackPointExtension>
        </extensions>
      </trkpt>
      <trkpt lat="24.63613933883607387542724609375" lon="118.1484751962125301361083984375">
        <ele>11.3999996185302734375</ele>
        <time>2025-10-31T09:44:21.000Z</time>
        <extensions>
          <ns3:TrackPointExtension>
            <ns3:hr>149</ns3:hr>
            <ns3:cad>93</ns3:cad>
          </ns3:TrackPointExtension>
        </extensions>
      </trkpt>
      <trkpt lat="24.63611461222171783447265625" lon="118.14845382235944271087646484375">
        <ele>11.3999996185302734375</ele>
        <time>2025-10-31T09:44:22.000Z</time>
        <extensions>
          <ns3:TrackPointExtension>
            <ns3:hr>149</ns3:hr>
            <ns3:cad>93</ns3:cad>
          </ns3:TrackPointExtension>
        </extensions>
      </trkpt>
      <trkpt lat="24.63609315454959869384765625" lon="118.14844049513339996337890625">
        <ele>11.3999996185302734375</ele>
        <time>2025-10-31T09:44:23.000Z</time>
        <extensions>
          <ns3:TrackPointExtension>
            <ns3:hr>149</ns3:hr>
            <ns3:cad>93</ns3:cad>
          </ns3:TrackPointExtension>
        </extensions>
      </trkpt>
      <trkpt lat="24.6360648237168788909912109375" lon="118.1484245695173740386962890625">
        <ele>11.3999996185302734375</ele>
        <time>2025-10-31T09:44:24.000Z</time>
        <extensions>
          <ns3:TrackPointExtension>
            <ns3:hr>150</ns3:hr>
            <ns3:cad>93</ns3:cad>
          </ns3:TrackPointExtension>
        </extensions>
      </trkpt>
      <trkpt lat="24.636043198406696319580078125" lon="118.148413002490997314453125">
        <ele>11.3999996185302734375</ele>
        <time>2025-10-31T09:44:25.000Z</time>
        <extensions>
          <ns3:TrackPointExtension>
            <ns3:hr>150</ns3:hr>
            <ns3:cad>93</ns3:cad>
          </ns3:TrackPointExtension>
        </extensions>
      </trkpt>
      <trkpt lat="24.63601746596395969390869140625" lon="118.14839263446629047393798828125">
        <ele>11.6000003814697265625</ele>
        <time>2025-10-31T09:44:26.000Z</time>
        <extensions>
          <ns3:TrackPointExtension>
            <ns3:hr>150</ns3:hr>
            <ns3:cad>92</ns3:cad>
          </ns3:TrackPointExtension>
        </extensions>
      </trkpt>
      <trkpt lat="24.63599751703441143035888671875" lon="118.14838324673473834991455078125">
        <ele>11.6000003814697265625</ele>
        <time>2025-10-31T09:44:27.000Z</time>
        <extensions>
          <ns3:TrackPointExtension>
            <ns3:hr>150</ns3:hr>
            <ns3:cad>92</ns3:cad>
          </ns3:TrackPointExtension>
        </extensions>
      </trkpt>
      <trkpt lat="24.6359719522297382354736328125" lon="118.148363716900348663330078125">
        <ele>11.6000003814697265625</ele>
        <time>2025-10-31T09:44:28.000Z</time>
        <extensions>
          <ns3:TrackPointExtension>
            <ns3:hr>150</ns3:hr>
            <ns3:cad>93</ns3:cad>
          </ns3:TrackPointExtension>
        </extensions>
      </trkpt>
      <trkpt lat="24.6359535120427608489990234375" lon="118.14835307188332080841064453125">
        <ele>11.6000003814697265625</ele>
        <time>2025-10-31T09:44:29.000Z</time>
        <extensions>
          <ns3:TrackPointExtension>
            <ns3:hr>149</ns3:hr>
            <ns3:cad>93</ns3:cad>
          </ns3:TrackPointExtension>
        </extensions>
      </trkpt>
      <trkpt lat="24.63592928834259510040283203125" lon="118.14833278767764568328857421875">
        <ele>11.6000003814697265625</ele>
        <time>2025-10-31T09:44:30.000Z</time>
        <extensions>
          <ns3:TrackPointExtension>
            <ns3:hr>149</ns3:hr>
            <ns3:cad>93</ns3:cad>
          </ns3:TrackPointExtension>
        </extensions>
      </trkpt>
      <trkpt lat="24.63590749539434909820556640625" lon="118.148314096033573150634765625">
        <ele>11.80000019073486328125</ele>
        <time>2025-10-31T09:44:31.000Z</time>
        <extensions>
          <ns3:TrackPointExtension>
            <ns3:hr>149</ns3:hr>
            <ns3:cad>93</ns3:cad>
          </ns3:TrackPointExtension>
        </extensions>
      </trkpt>
      <trkpt lat="24.63588452897965908050537109375" lon="118.148298673331737518310546875">
        <ele>11.80000019073486328125</ele>
        <time>2025-10-31T09:44:32.000Z</time>
        <extensions>
          <ns3:TrackPointExtension>
            <ns3:hr>149</ns3:hr>
            <ns3:cad>91</ns3:cad>
          </ns3:TrackPointExtension>
        </extensions>
      </trkpt>
      <trkpt lat="24.6358586288988590240478515625" lon="118.14827880822122097015380859375">
        <ele>11.80000019073486328125</ele>
        <time>2025-10-31T09:44:33.000Z</time>
        <extensions>
          <ns3:TrackPointExtension>
            <ns3:hr>149</ns3:hr>
            <ns3:cad>91</ns3:cad>
          </ns3:TrackPointExtension>
        </extensions>
      </trkpt>
      <trkpt lat="24.63584010489284992218017578125" lon="118.14826883375644683837890625">
        <ele>11.80000019073486328125</ele>
        <time>2025-10-31T09:44:34.000Z</time>
        <extensions>
          <ns3:TrackPointExtension>
            <ns3:hr>149</ns3:hr>
            <ns3:cad>91</ns3:cad>
          </ns3:TrackPointExtension>
        </extensions>
      </trkpt>
      <trkpt lat="24.63581311516463756561279296875" lon="118.148245029151439666748046875">
        <ele>11.80000019073486328125</ele>
        <time>2025-10-31T09:44:35.000Z</time>
        <extensions>
          <ns3:TrackPointExtension>
            <ns3:hr>149</ns3:hr>
            <ns3:cad>91</ns3:cad>
          </ns3:TrackPointExtension>
        </extensions>
      </trkpt>
      <trkpt lat="24.63579568080604076385498046875" lon="118.14823874272406101226806640625">
        <ele>11.80000019073486328125</ele>
        <time>2025-10-31T09:44:36.000Z</time>
        <extensions>
          <ns3:TrackPointExtension>
            <ns3:hr>149</ns3:hr>
            <ns3:cad>93</ns3:cad>
          </ns3:TrackPointExtension>
        </extensions>
      </trkpt>
      <trkpt lat="24.6357660926878452301025390625" lon="118.14821577630937099456787109375">
        <ele>11.6000003814697265625</ele>
        <time>2025-10-31T09:44:37.000Z</time>
        <extensions>
          <ns3:TrackPointExtension>
            <ns3:hr>149</ns3:hr>
            <ns3:cad>93</ns3:cad>
          </ns3:TrackPointExtension>
        </extensions>
      </trkpt>
      <trkpt lat="24.63574572466313838958740234375" lon="118.148208148777484893798828125">
        <ele>11.6000003814697265625</ele>
        <time>2025-10-31T09:44:38.000Z</time>
        <extensions>
          <ns3:TrackPointExtension>
            <ns3:hr>149</ns3:hr>
            <ns3:cad>93</ns3:cad>
          </ns3:TrackPointExtension>
        </extensions>
      </trkpt>
      <trkpt lat="24.6357181482017040252685546875" lon="118.1481871940195560455322265625">
        <ele>11.6000003814697265625</ele>
        <time>2025-10-31T09:44:39.000Z</time>
        <extensions>
          <ns3:TrackPointExtension>
            <ns3:hr>150</ns3:hr>
            <ns3:cad>92</ns3:cad>
          </ns3:TrackPointExtension>
        </extensions>
      </trkpt>
      <trkpt lat="24.63569618761539459228515625" lon="118.14817772246897220611572265625">
        <ele>11.6000003814697265625</ele>
        <time>2025-10-31T09:44:40.000Z</time>
        <extensions>
          <ns3:TrackPointExtension>
            <ns3:hr>150</ns3:hr>
            <ns3:cad>92</ns3:cad>
          </ns3:TrackPointExtension>
        </extensions>
      </trkpt>
      <trkpt lat="24.63567313738167285919189453125" lon="118.1481560133397579193115234375">
        <ele>11.6000003814697265625</ele>
        <time>2025-10-31T09:44:41.000Z</time>
        <extensions>
          <ns3:TrackPointExtension>
            <ns3:hr>151</ns3:hr>
            <ns3:cad>93</ns3:cad>
          </ns3:TrackPointExtension>
        </extensions>
      </trkpt>
      <trkpt lat="24.63565059006214141845703125" lon="118.1481399200856685638427734375">
        <ele>11.6000003814697265625</ele>
        <time>2025-10-31T09:44:42.000Z</time>
        <extensions>
          <ns3:TrackPointExtension>
            <ns3:hr>152</ns3:hr>
            <ns3:cad>93</ns3:cad>
          </ns3:TrackPointExtension>
        </extensions>
      </trkpt>
      <trkpt lat="24.6356256119906902313232421875" lon="118.14811921678483486175537109375">
        <ele>11.6000003814697265625</ele>
        <time>2025-10-31T09:44:43.000Z</time>
        <extensions>
          <ns3:TrackPointExtension>
            <ns3:hr>153</ns3:hr>
            <ns3:cad>92</ns3:cad>
          </ns3:TrackPointExtension>
        </extensions>
      </trkpt>
      <trkpt lat="24.63560306467115879058837890625" lon="118.148104213178157806396484375">
        <ele>11.6000003814697265625</ele>
        <time>2025-10-31T09:44:44.000Z</time>
        <extensions>
          <ns3:TrackPointExtension>
            <ns3:hr>154</ns3:hr>
            <ns3:cad>91</ns3:cad>
          </ns3:TrackPointExtension>
        </extensions>
      </trkpt>
      <trkpt lat="24.63557708077132701873779296875" lon="118.14808485098183155059814453125">
        <ele>11.6000003814697265625</ele>
        <time>2025-10-31T09:44:45.000Z</time>
        <extensions>
          <ns3:TrackPointExtension>
            <ns3:hr>154</ns3:hr>
            <ns3:cad>91</ns3:cad>
          </ns3:TrackPointExtension>
        </extensions>
      </trkpt>
      <trkpt lat="24.63555537164211273193359375" lon="118.14807060174643993377685546875">
        <ele>11.6000003814697265625</ele>
        <time>2025-10-31T09:44:46.000Z</time>
        <extensions>
          <ns3:TrackPointExtension>
            <ns3:hr>154</ns3:hr>
            <ns3:cad>94</ns3:cad>
          </ns3:TrackPointExtension>
        </extensions>
      </trkpt>
      <trkpt lat="24.63553391396999359130859375" lon="118.1480554305016994476318359375">
        <ele>11.6000003814697265625</ele>
        <time>2025-10-31T09:44:47.000Z</time>
        <extensions>
          <ns3:TrackPointExtension>
            <ns3:hr>154</ns3:hr>
            <ns3:cad>94</ns3:cad>
          </ns3:TrackPointExtension>
        </extensions>
      </trkpt>
      <trkpt lat="24.635508768260478973388671875" lon="118.1480413489043712615966796875">
        <ele>11.6000003814697265625</ele>
        <time>2025-10-31T09:44:48.000Z</time>
        <extensions>
          <ns3:TrackPointExtension>
            <ns3:hr>154</ns3:hr>
            <ns3:cad>94</ns3:cad>
          </ns3:TrackPointExtension>
        </extensions>
      </trkpt>
      <trkpt lat="24.63548823259770870208740234375" lon="118.14802701584994792938232421875">
        <ele>11.6000003814697265625</ele>
        <time>2025-10-31T09:44:49.000Z</time>
        <extensions>
          <ns3:TrackPointExtension>
            <ns3:hr>153</ns3:hr>
            <ns3:cad>94</ns3:cad>
          </ns3:TrackPointExtension>
        </extensions>
      </trkpt>
      <trkpt lat="24.63546023704111576080322265625" lon="118.1480071507394313812255859375">
        <ele>11.6000003814697265625</ele>
        <time>2025-10-31T09:44:50.000Z</time>
        <extensions>
          <ns3:TrackPointExtension>
            <ns3:hr>153</ns3:hr>
            <ns3:cad>93</ns3:cad>
          </ns3:TrackPointExtension>
        </extensions>
      </trkpt>
      <trkpt lat="24.63543777354061603546142578125" lon="118.14799449406564235687255859375">
        <ele>11.6000003814697265625</ele>
        <time>2025-10-31T09:44:51.000Z</time>
        <extensions>
          <ns3:TrackPointExtension>
            <ns3:hr>153</ns3:hr>
            <ns3:cad>93</ns3:cad>
          </ns3:TrackPointExtension>
        </extensions>
      </trkpt>
      <trkpt lat="24.63541187345981597900390625" lon="118.1479729525744915008544921875">
        <ele>11.6000003814697265625</ele>
        <time>2025-10-31T09:44:52.000Z</time>
        <extensions>
          <ns3:TrackPointExtension>
            <ns3:hr>153</ns3:hr>
            <ns3:cad>94</ns3:cad>
          </ns3:TrackPointExtension>
        </extensions>
      </trkpt>
      <trkpt lat="24.63539117015898227691650390625" lon="118.14795979298651218414306640625">
        <ele>11.6000003814697265625</ele>
        <time>2025-10-31T09:44:53.000Z</time>
        <extensions>
          <ns3:TrackPointExtension>
            <ns3:hr>153</ns3:hr>
            <ns3:cad>94</ns3:cad>
          </ns3:TrackPointExtension>
        </extensions>
      </trkpt>
      <trkpt lat="24.63536451570689678192138671875" lon="118.14793833531439304351806640625">
        <ele>11.6000003814697265625</ele>
        <time>2025-10-31T09:44:54.000Z</time>
        <extensions>
          <ns3:TrackPointExtension>
            <ns3:hr>152</ns3:hr>
            <ns3:cad>94</ns3:cad>
          </ns3:TrackPointExtension>
        </extensions>
      </trkpt>
      <trkpt lat="24.63534406386315822601318359375" lon="118.14792693592607975006103515625">
        <ele>11.6000003814697265625</ele>
        <time>2025-10-31T09:44:55.000Z</time>
        <extensions>
          <ns3:TrackPointExtension>
            <ns3:hr>152</ns3:hr>
            <ns3:cad>94</ns3:cad>
          </ns3:TrackPointExtension>
        </extensions>
      </trkpt>
      <trkpt lat="24.6353201754391193389892578125" lon="118.14790933392941951751708984375">
        <ele>11.6000003814697265625</ele>
        <time>2025-10-31T09:44:56.000Z</time>
        <extensions>
          <ns3:TrackPointExtension>
            <ns3:hr>152</ns3:hr>
            <ns3:cad>93</ns3:cad>
          </ns3:TrackPointExtension>
        </extensions>
      </trkpt>
      <trkpt lat="24.635298885405063629150390625" lon="118.14789894036948680877685546875">
        <ele>11.6000003814697265625</ele>
        <time>2025-10-31T09:44:57.000Z</time>
        <extensions>
          <ns3:TrackPointExtension>
            <ns3:hr>152</ns3:hr>
            <ns3:cad>93</ns3:cad>
          </ns3:TrackPointExtension>
        </extensions>
      </trkpt>
      <trkpt lat="24.6352769248187541961669921875" lon="118.14787999726831912994384765625">
        <ele>11.6000003814697265625</ele>
        <time>2025-10-31T09:44:58.000Z</time>
        <extensions>
          <ns3:TrackPointExtension>
            <ns3:hr>152</ns3:hr>
            <ns3:cad>93</ns3:cad>
          </ns3:TrackPointExtension>
        </extensions>
      </trkpt>
      <trkpt lat="24.635253287851810455322265625" lon="118.1478589586913585662841796875">
        <ele>11.6000003814697265625</ele>
        <time>2025-10-31T09:44:59.000Z</time>
        <extensions>
          <ns3:TrackPointExtension>
            <ns3:hr>152</ns3:hr>
            <ns3:cad>93</ns3:cad>
          </ns3:TrackPointExtension>
        </extensions>
      </trkpt>
      <trkpt lat="24.6352328360080718994140625" lon="118.14784462563693523406982421875">
        <ele>11.6000003814697265625</ele>
        <time>2025-10-31T09:45:00.000Z</time>
        <extensions>
          <ns3:TrackPointExtension>
            <ns3:hr>152</ns3:hr>
            <ns3:cad>92</ns3:cad>
          </ns3:TrackPointExtension>
        </extensions>
      </trkpt>
      <trkpt lat="24.63520542718470096588134765625" lon="118.1478220783174037933349609375">
        <ele>11.6000003814697265625</ele>
        <time>2025-10-31T09:45:01.000Z</time>
        <extensions>
          <ns3:TrackPointExtension>
            <ns3:hr>152</ns3:hr>
            <ns3:cad>91</ns3:cad>
          </ns3:TrackPointExtension>
        </extensions>
      </trkpt>
      <trkpt lat="24.63518229313194751739501953125" lon="118.14781554043292999267578125">
        <ele>11.6000003814697265625</ele>
        <time>2025-10-31T09:45:02.000Z</time>
        <extensions>
          <ns3:TrackPointExtension>
            <ns3:hr>151</ns3:hr>
            <ns3:cad>91</ns3:cad>
          </ns3:TrackPointExtension>
        </extensions>
      </trkpt>
      <trkpt lat="24.6351545490324497222900390625" lon="118.1477920711040496826171875">
        <ele>11.6000003814697265625</ele>
        <time>2025-10-31T09:45:03.000Z</time>
        <extensions>
          <ns3:TrackPointExtension>
            <ns3:hr>151</ns3:hr>
            <ns3:cad>92</ns3:cad>
          </ns3:TrackPointExtension>
        </extensions>
      </trkpt>
      <trkpt lat="24.63513485155999660491943359375" lon="118.14777807332575321197509765625">
        <ele>11.6000003814697265625</ele>
        <time>2025-10-31T09:45:04.000Z</time>
        <extensions>
          <ns3:TrackPointExtension>
            <ns3:hr>150</ns3:hr>
            <ns3:cad>92</ns3:cad>
          </ns3:TrackPointExtension>
        </extensions>
      </trkpt>
      <trkpt lat="24.63510601781308650970458984375" lon="118.14775493927299976348876953125">
        <ele>11.6000003814697265625</ele>
        <time>2025-10-31T09:45:05.000Z</time>
        <extensions>
          <ns3:TrackPointExtension>
            <ns3:hr>150</ns3:hr>
            <ns3:cad>92</ns3:cad>
          </ns3:TrackPointExtension>
        </extensions>
      </trkpt>
      <trkpt lat="24.63508087210357189178466796875" lon="118.14774320460855960845947265625">
        <ele>11.3999996185302734375</ele>
        <time>2025-10-31T09:45:06.000Z</time>
        <extensions>
          <ns3:TrackPointExtension>
            <ns3:hr>150</ns3:hr>
            <ns3:cad>92</ns3:cad>
          </ns3:TrackPointExtension>
        </extensions>
      </trkpt>
      <trkpt lat="24.6350576542317867279052734375" lon="118.14772442914545536041259765625">
        <ele>11.3999996185302734375</ele>
        <time>2025-10-31T09:45:07.000Z</time>
        <extensions>
          <ns3:TrackPointExtension>
            <ns3:hr>150</ns3:hr>
            <ns3:cad>93</ns3:cad>
          </ns3:TrackPointExtension>
        </extensions>
      </trkpt>
      <trkpt lat="24.63503795675933361053466796875" lon="118.14771386794745922088623046875">
        <ele>11.3999996185302734375</ele>
        <time>2025-10-31T09:45:08.000Z</time>
        <extensions>
          <ns3:TrackPointExtension>
            <ns3:hr>150</ns3:hr>
            <ns3:cad>93</ns3:cad>
          </ns3:TrackPointExtension>
        </extensions>
      </trkpt>
      <trkpt lat="24.635013230144977569580078125" lon="118.14769274555146694183349609375">
        <ele>11.6000003814697265625</ele>
        <time>2025-10-31T09:45:09.000Z</time>
        <extensions>
          <ns3:TrackPointExtension>
            <ns3:hr>151</ns3:hr>
            <ns3:cad>93</ns3:cad>
          </ns3:TrackPointExtension>
        </extensions>
      </trkpt>
      <trkpt lat="24.63499185629189014434814453125" lon="118.14768142998218536376953125">
        <ele>11.3999996185302734375</ele>
        <time>2025-10-31T09:45:10.000Z</time>
        <extensions>
          <ns3:TrackPointExtension>
            <ns3:hr>151</ns3:hr>
            <ns3:cad>93</ns3:cad>
          </ns3:TrackPointExtension>
        </extensions>
      </trkpt>
      <trkpt lat="24.63496402837336063385009765625" lon="118.1476618163287639617919921875">
        <ele>11.3999996185302734375</ele>
        <time>2025-10-31T09:45:11.000Z</time>
        <extensions>
          <ns3:TrackPointExtension>
            <ns3:hr>151</ns3:hr>
            <ns3:cad>93</ns3:cad>
          </ns3:TrackPointExtension>
        </extensions>
      </trkpt>
      <trkpt lat="24.6349379606544971466064453125" lon="118.147645890712738037109375">
        <ele>11.3999996185302734375</ele>
        <time>2025-10-31T09:45:12.000Z</time>
        <extensions>
          <ns3:TrackPointExtension>
            <ns3:hr>151</ns3:hr>
            <ns3:cad>93</ns3:cad>
          </ns3:TrackPointExtension>
        </extensions>
      </trkpt>
      <trkpt lat="24.6349138207733631134033203125" lon="118.1476269476115703582763671875">
        <ele>11.6000003814697265625</ele>
        <time>2025-10-31T09:45:13.000Z</time>
        <extensions>
          <ns3:TrackPointExtension>
            <ns3:hr>151</ns3:hr>
            <ns3:cad>93</ns3:cad>
          </ns3:TrackPointExtension>
        </extensions>
      </trkpt>
      <trkpt lat="24.63489211164414882659912109375" lon="118.1476123631000518798828125">
        <ele>11.6000003814697265625</ele>
        <time>2025-10-31T09:45:14.000Z</time>
        <extensions>
          <ns3:TrackPointExtension>
            <ns3:hr>152</ns3:hr>
            <ns3:cad>93</ns3:cad>
          </ns3:TrackPointExtension>
        </extensions>
      </trkpt>
      <trkpt lat="24.63487233035266399383544921875" lon="118.14760071225464344024658203125">
        <ele>11.6000003814697265625</ele>
        <time>2025-10-31T09:45:15.000Z</time>
        <extensions>
          <ns3:TrackPointExtension>
            <ns3:hr>152</ns3:hr>
            <ns3:cad>93</ns3:cad>
          </ns3:TrackPointExtension>
        </extensions>
      </trkpt>
      <trkpt lat="24.63484592735767364501953125" lon="118.14758445136249065399169921875">
        <ele>11.6000003814697265625</ele>
        <time>2025-10-31T09:45:16.000Z</time>
        <extensions>
          <ns3:TrackPointExtension>
            <ns3:hr>152</ns3:hr>
            <ns3:cad>93</ns3:cad>
          </ns3:TrackPointExtension>
        </extensions>
      </trkpt>
      <trkpt lat="24.6348197758197784423828125" lon="118.14756609499454498291015625">
        <ele>11.6000003814697265625</ele>
        <time>2025-10-31T09:45:17.000Z</time>
        <extensions>
          <ns3:TrackPointExtension>
            <ns3:hr>152</ns3:hr>
            <ns3:cad>92</ns3:cad>
          </ns3:TrackPointExtension>
        </extensions>
      </trkpt>
      <trkpt lat="24.634794294834136962890625" lon="118.14754622988402843475341796875">
        <ele>11.6000003814697265625</ele>
        <time>2025-10-31T09:45:18.000Z</time>
        <extensions>
          <ns3:TrackPointExtension>
            <ns3:hr>152</ns3:hr>
            <ns3:cad>92</ns3:cad>
          </ns3:TrackPointExtension>
        </extensions>
      </trkpt>
      <trkpt lat="24.63477124460041522979736328125" lon="118.14753667451441287994384765625">
        <ele>11.6000003814697265625</ele>
        <time>2025-10-31T09:45:19.000Z</time>
        <extensions>
          <ns3:TrackPointExtension>
            <ns3:hr>152</ns3:hr>
            <ns3:cad>92</ns3:cad>
          </ns3:TrackPointExtension>
        </extensions>
      </trkpt>
      <trkpt lat="24.63474400341510772705078125" lon="118.1475126184523105621337890625">
        <ele>11.6000003814697265625</ele>
        <time>2025-10-31T09:45:20.000Z</time>
        <extensions>
          <ns3:TrackPointExtension>
            <ns3:hr>152</ns3:hr>
            <ns3:cad>92</ns3:cad>
          </ns3:TrackPointExtension>
        </extensions>
      </trkpt>
      <trkpt lat="24.63472212664783000946044921875" lon="118.14749895595014095306396484375">
        <ele>11.3999996185302734375</ele>
        <time>2025-10-31T09:45:21.000Z</time>
        <extensions>
          <ns3:TrackPointExtension>
            <ns3:hr>153</ns3:hr>
            <ns3:cad>92</ns3:cad>
          </ns3:TrackPointExtension>
        </extensions>
      </trkpt>
      <trkpt lat="24.63469463400542736053466796875" lon="118.1474784202873706817626953125">
        <ele>11.3999996185302734375</ele>
        <time>2025-10-31T09:45:22.000Z</time>
        <extensions>
          <ns3:TrackPointExtension>
            <ns3:hr>153</ns3:hr>
            <ns3:cad>92</ns3:cad>
          </ns3:TrackPointExtension>
        </extensions>
      </trkpt>
      <trkpt lat="24.634671248495578765869140625" lon="118.1474648416042327880859375">
        <ele>11.3999996185302734375</ele>
        <time>2025-10-31T09:45:23.000Z</time>
        <extensions>
          <ns3:TrackPointExtension>
            <ns3:hr>153</ns3:hr>
            <ns3:cad>92</ns3:cad>
          </ns3:TrackPointExtension>
        </extensions>
      </trkpt>
      <trkpt lat="24.63464920409023761749267578125" lon="118.147449754178524017333984375">
        <ele>11.19999980926513671875</ele>
        <time>2025-10-31T09:45:24.000Z</time>
        <extensions>
          <ns3:TrackPointExtension>
            <ns3:hr>153</ns3:hr>
            <ns3:cad>92</ns3:cad>
          </ns3:TrackPointExtension>
        </extensions>
      </trkpt>
      <trkpt lat="24.63462472893297672271728515625" lon="118.14743240363895893096923828125">
        <ele>11.3999996185302734375</ele>
        <time>2025-10-31T09:45:25.000Z</time>
        <extensions>
          <ns3:TrackPointExtension>
            <ns3:hr>153</ns3:hr>
            <ns3:cad>93</ns3:cad>
          </ns3:TrackPointExtension>
        </extensions>
      </trkpt>
      <trkpt lat="24.6346016786992549896240234375" lon="118.147416897118091583251953125">
        <ele>11.3999996185302734375</ele>
        <time>2025-10-31T09:45:26.000Z</time>
        <extensions>
          <ns3:TrackPointExtension>
            <ns3:hr>153</ns3:hr>
            <ns3:cad>94</ns3:cad>
          </ns3:TrackPointExtension>
        </extensions>
      </trkpt>
      <trkpt lat="24.63457292877137660980224609375" lon="118.147390075027942657470703125">
        <ele>11.3999996185302734375</ele>
        <time>2025-10-31T09:45:27.000Z</time>
        <extensions>
          <ns3:TrackPointExtension>
            <ns3:hr>154</ns3:hr>
            <ns3:cad>94</ns3:cad>
          </ns3:TrackPointExtension>
        </extensions>
      </trkpt>
      <trkpt lat="24.63454979471862316131591796875" lon="118.14738295041024684906005859375">
        <ele>11.3999996185302734375</ele>
        <time>2025-10-31T09:45:28.000Z</time>
        <extensions>
          <ns3:TrackPointExtension>
            <ns3:hr>154</ns3:hr>
            <ns3:cad>93</ns3:cad>
          </ns3:TrackPointExtension>
        </extensions>
      </trkpt>
      <trkpt lat="24.6345238946378231048583984375" lon="118.14736518077552318572998046875">
        <ele>11.3999996185302734375</ele>
        <time>2025-10-31T09:45:29.000Z</time>
        <extensions>
          <ns3:TrackPointExtension>
            <ns3:hr>154</ns3:hr>
            <ns3:cad>91</ns3:cad>
          </ns3:TrackPointExtension>
        </extensions>
      </trkpt>
      <trkpt lat="24.63450386188924312591552734375" lon="118.14735311083495616912841796875">
        <ele>11.3999996185302734375</ele>
        <time>2025-10-31T09:45:30.000Z</time>
        <extensions>
          <ns3:TrackPointExtension>
            <ns3:hr>155</ns3:hr>
            <ns3:cad>91</ns3:cad>
          </ns3:TrackPointExtension>
        </extensions>
      </trkpt>
      <trkpt lat="24.634478129446506500244140625" lon="118.14732880331575870513916015625">
        <ele>11.3999996185302734375</ele>
        <time>2025-10-31T09:45:31.000Z</time>
        <extensions>
          <ns3:TrackPointExtension>
            <ns3:hr>155</ns3:hr>
            <ns3:cad>92</ns3:cad>
          </ns3:TrackPointExtension>
        </extensions>
      </trkpt>
      <trkpt lat="24.6344588510692119598388671875" lon="118.1473181582987308502197265625">
        <ele>11.3999996185302734375</ele>
        <time>2025-10-31T09:45:32.000Z</time>
        <extensions>
          <ns3:TrackPointExtension>
            <ns3:hr>155</ns3:hr>
            <ns3:cad>93</ns3:cad>
          </ns3:TrackPointExtension>
        </extensions>
      </trkpt>
      <trkpt lat="24.63443127460777759552001953125" lon="118.14729745499789714813232421875">
        <ele>11.3999996185302734375</ele>
        <time>2025-10-31T09:45:33.000Z</time>
        <extensions>
          <ns3:TrackPointExtension>
            <ns3:hr>155</ns3:hr>
            <ns3:cad>93</ns3:cad>
          </ns3:TrackPointExtension>
        </extensions>
      </trkpt>
      <trkpt lat="24.63440864346921443939208984375" lon="118.1472799368202686309814453125">
        <ele>11.19999980926513671875</ele>
        <time>2025-10-31T09:45:34.000Z</time>
        <extensions>
          <ns3:TrackPointExtension>
            <ns3:hr>155</ns3:hr>
            <ns3:cad>92</ns3:cad>
          </ns3:TrackPointExtension>
        </extensions>
      </trkpt>
      <trkpt lat="24.634384922683238983154296875" lon="118.14726325683295726776123046875">
        <ele>11.19999980926513671875</ele>
        <time>2025-10-31T09:45:35.000Z</time>
        <extensions>
          <ns3:TrackPointExtension>
            <ns3:hr>155</ns3:hr>
            <ns3:cad>92</ns3:cad>
          </ns3:TrackPointExtension>
        </extensions>
      </trkpt>
      <trkpt lat="24.6343584358692169189453125" lon="118.1472413800656795501708984375">
        <ele>11.19999980926513671875</ele>
        <time>2025-10-31T09:45:36.000Z</time>
        <extensions>
          <ns3:TrackPointExtension>
            <ns3:hr>155</ns3:hr>
            <ns3:cad>92</ns3:cad>
          </ns3:TrackPointExtension>
        </extensions>
      </trkpt>
      <trkpt lat="24.6343361400067806243896484375" lon="118.14723392017185688018798828125">
        <ele>11.19999980926513671875</ele>
        <time>2025-10-31T09:45:37.000Z</time>
        <extensions>
          <ns3:TrackPointExtension>
            <ns3:hr>156</ns3:hr>
            <ns3:cad>92</ns3:cad>
          </ns3:TrackPointExtension>
        </extensions>
      </trkpt>
      <trkpt lat="24.6343109942972660064697265625" lon="118.1472155638039112091064453125">
        <ele>11.19999980926513671875</ele>
        <time>2025-10-31T09:45:38.000Z</time>
        <extensions>
          <ns3:TrackPointExtension>
            <ns3:hr>156</ns3:hr>
            <ns3:cad>92</ns3:cad>
          </ns3:TrackPointExtension>
        </extensions>
      </trkpt>
      <trkpt lat="24.634289033710956573486328125" lon="118.14719854854047298431396484375">
        <ele>11.19999980926513671875</ele>
        <time>2025-10-31T09:45:39.000Z</time>
        <extensions>
          <ns3:TrackPointExtension>
            <ns3:hr>157</ns3:hr>
            <ns3:cad>92</ns3:cad>
          </ns3:TrackPointExtension>
        </extensions>
      </trkpt>
      <trkpt lat="24.6342633850872516632080078125" lon="118.147176168859004974365234375">
        <ele>11.19999980926513671875</ele>
        <time>2025-10-31T09:45:40.000Z</time>
        <extensions>
          <ns3:TrackPointExtension>
            <ns3:hr>157</ns3:hr>
            <ns3:cad>93</ns3:cad>
          </ns3:TrackPointExtension>
        </extensions>
      </trkpt>
      <trkpt lat="24.6342415921390056610107421875" lon="118.14716267399489879608154296875">
        <ele>11.3999996185302734375</ele>
        <time>2025-10-31T09:45:41.000Z</time>
        <extensions>
          <ns3:TrackPointExtension>
            <ns3:hr>157</ns3:hr>
            <ns3:cad>93</ns3:cad>
          </ns3:TrackPointExtension>
        </extensions>
      </trkpt>
      <trkpt lat="24.63421703316271305084228515625" lon="118.147136606276035308837890625">
        <ele>11.3999996185302734375</ele>
        <time>2025-10-31T09:45:42.000Z</time>
        <extensions>
          <ns3:TrackPointExtension>
            <ns3:hr>157</ns3:hr>
            <ns3:cad>92</ns3:cad>
          </ns3:TrackPointExtension>
        </extensions>
      </trkpt>
      <trkpt lat="24.6341948211193084716796875" lon="118.147117830812931060791015625">
        <ele>11.3999996185302734375</ele>
        <time>2025-10-31T09:45:43.000Z</time>
        <extensions>
          <ns3:TrackPointExtension>
            <ns3:hr>157</ns3:hr>
            <ns3:cad>92</ns3:cad>
          </ns3:TrackPointExtension>
        </extensions>
      </trkpt>
      <trkpt lat="24.63417076505720615386962890625" lon="118.14709494821727275848388671875">
        <ele>11.3999996185302734375</ele>
        <time>2025-10-31T09:45:44.000Z</time>
        <extensions>
          <ns3:TrackPointExtension>
            <ns3:hr>157</ns3:hr>
            <ns3:cad>92</ns3:cad>
          </ns3:TrackPointExtension>
        </extensions>
      </trkpt>
      <trkpt lat="24.6341457031667232513427734375" lon="118.14707516692578792572021484375">
        <ele>11.3999996185302734375</ele>
        <time>2025-10-31T09:45:45.000Z</time>
        <extensions>
          <ns3:TrackPointExtension>
            <ns3:hr>157</ns3:hr>
            <ns3:cad>94</ns3:cad>
          </ns3:TrackPointExtension>
        </extensions>
      </trkpt>
      <trkpt lat="24.63412030600011348724365234375" lon="118.14705823548138141632080078125">
        <ele>11.3999996185302734375</ele>
        <time>2025-10-31T09:45:46.000Z</time>
        <extensions>
          <ns3:TrackPointExtension>
            <ns3:hr>158</ns3:hr>
            <ns3:cad>94</ns3:cad>
          </ns3:TrackPointExtension>
        </extensions>
      </trkpt>
      <trkpt lat="24.63409281335771083831787109375" lon="118.14703677780926227569580078125">
        <ele>11.19999980926513671875</ele>
        <time>2025-10-31T09:45:47.000Z</time>
        <extensions>
          <ns3:TrackPointExtension>
            <ns3:hr>158</ns3:hr>
            <ns3:cad>93</ns3:cad>
          </ns3:TrackPointExtension>
        </extensions>
      </trkpt>
      <trkpt lat="24.6340716071426868438720703125" lon="118.147021271288394927978515625">
        <ele>11.3999996185302734375</ele>
        <time>2025-10-31T09:45:48.000Z</time>
        <extensions>
          <ns3:TrackPointExtension>
            <ns3:hr>158</ns3:hr>
            <ns3:cad>92</ns3:cad>
          </ns3:TrackPointExtension>
        </extensions>
      </trkpt>
      <trkpt lat="24.63404403068125247955322265625" lon="118.14699302427470684051513671875">
        <ele>11.3999996185302734375</ele>
        <time>2025-10-31T09:45:49.000Z</time>
        <extensions>
          <ns3:TrackPointExtension>
            <ns3:hr>158</ns3:hr>
            <ns3:cad>92</ns3:cad>
          </ns3:TrackPointExtension>
        </extensions>
      </trkpt>
      <trkpt lat="24.634021483361721038818359375" lon="118.1469793617725372314453125">
        <ele>11.19999980926513671875</ele>
        <time>2025-10-31T09:45:50.000Z</time>
        <extensions>
          <ns3:TrackPointExtension>
            <ns3:hr>159</ns3:hr>
            <ns3:cad>92</ns3:cad>
          </ns3:TrackPointExtension>
        </extensions>
      </trkpt>
      <trkpt lat="24.6339938230812549591064453125" lon="118.14695882610976696014404296875">
        <ele>11.19999980926513671875</ele>
        <time>2025-10-31T09:45:51.000Z</time>
        <extensions>
          <ns3:TrackPointExtension>
            <ns3:hr>158</ns3:hr>
            <ns3:cad>92</ns3:cad>
          </ns3:TrackPointExtension>
        </extensions>
      </trkpt>
      <trkpt lat="24.63397328741848468780517578125" lon="118.14694709144532680511474609375">
        <ele>11.3999996185302734375</ele>
        <time>2025-10-31T09:45:52.000Z</time>
        <extensions>
          <ns3:TrackPointExtension>
            <ns3:hr>158</ns3:hr>
            <ns3:cad>92</ns3:cad>
          </ns3:TrackPointExtension>
        </extensions>
      </trkpt>
      <trkpt lat="24.63394680060446262359619140625" lon="118.14692345447838306427001953125">
        <ele>11.19999980926513671875</ele>
        <time>2025-10-31T09:45:53.000Z</time>
        <extensions>
          <ns3:TrackPointExtension>
            <ns3:hr>159</ns3:hr>
            <ns3:cad>92</ns3:cad>
          </ns3:TrackPointExtension>
        </extensions>
      </trkpt>
      <trkpt lat="24.63392383418977260589599609375" lon="118.14691155217587947845458984375">
        <ele>11.3999996185302734375</ele>
        <time>2025-10-31T09:45:54.000Z</time>
        <extensions>
          <ns3:TrackPointExtension>
            <ns3:hr>158</ns3:hr>
            <ns3:cad>92</ns3:cad>
          </ns3:TrackPointExtension>
        </extensions>
      </trkpt>
      <trkpt lat="24.63389852084219455718994140625" lon="118.14689529128372669219970703125">
        <ele>11.3999996185302734375</ele>
        <time>2025-10-31T09:45:55.000Z</time>
        <extensions>
          <ns3:TrackPointExtension>
            <ns3:hr>158</ns3:hr>
            <ns3:cad>92</ns3:cad>
          </ns3:TrackPointExtension>
        </extensions>
      </trkpt>
      <trkpt lat="24.63387496769428253173828125" lon="118.146881125867366790771484375">
        <ele>11.3999996185302734375</ele>
        <time>2025-10-31T09:45:56.000Z</time>
        <extensions>
          <ns3:TrackPointExtension>
            <ns3:hr>159</ns3:hr>
            <ns3:cad>92</ns3:cad>
          </ns3:TrackPointExtension>
        </extensions>
      </trkpt>
      <trkpt lat="24.63385342620313167572021484375" lon="118.14686830155551433563232421875">
        <ele>11.3999996185302734375</ele>
        <time>2025-10-31T09:45:57.000Z</time>
        <extensions>
          <ns3:TrackPointExtension>
            <ns3:hr>158</ns3:hr>
            <ns3:cad>92</ns3:cad>
          </ns3:TrackPointExtension>
        </extensions>
      </trkpt>
      <trkpt lat="24.63382476009428501129150390625" lon="118.14684533514082431793212890625">
        <ele>11.3999996185302734375</ele>
        <time>2025-10-31T09:45:58.000Z</time>
        <extensions>
          <ns3:TrackPointExtension>
            <ns3:hr>158</ns3:hr>
            <ns3:cad>92</ns3:cad>
          </ns3:TrackPointExtension>
        </extensions>
      </trkpt>
      <trkpt lat="24.63380246423184871673583984375" lon="118.14683494158089160919189453125">
        <ele>11.3999996185302734375</ele>
        <time>2025-10-31T09:45:59.000Z</time>
        <extensions>
          <ns3:TrackPointExtension>
            <ns3:hr>158</ns3:hr>
            <ns3:cad>92</ns3:cad>
          </ns3:TrackPointExtension>
        </extensions>
      </trkpt>
      <trkpt lat="24.633778743445873260498046875" lon="118.14682035706937313079833984375">
        <ele>11.6000003814697265625</ele>
        <time>2025-10-31T09:46:00.000Z</time>
        <extensions>
          <ns3:TrackPointExtension>
            <ns3:hr>159</ns3:hr>
            <ns3:cad>92</ns3:cad>
          </ns3:TrackPointExtension>
        </extensions>
      </trkpt>
      <trkpt lat="24.63376223109662532806396484375" lon="118.14681239426136016845703125">
        <ele>11.80000019073486328125</ele>
        <time>2025-10-31T09:46:01.000Z</time>
        <extensions>
          <ns3:TrackPointExtension>
            <ns3:hr>158</ns3:hr>
            <ns3:cad>92</ns3:cad>
          </ns3:TrackPointExtension>
        </extensions>
      </trkpt>
      <trkpt lat="24.63373825885355472564697265625" lon="118.146791942417621612548828125">
        <ele>11.80000019073486328125</ele>
        <time>2025-10-31T09:46:02.000Z</time>
        <extensions>
          <ns3:TrackPointExtension>
            <ns3:hr>158</ns3:hr>
            <ns3:cad>92</ns3:cad>
          </ns3:TrackPointExtension>
        </extensions>
      </trkpt>
      <trkpt lat="24.6337147057056427001953125" lon="118.14678196795284748077392578125">
        <ele>11.80000019073486328125</ele>
        <time>2025-10-31T09:46:03.000Z</time>
        <extensions>
          <ns3:TrackPointExtension>
            <ns3:hr>158</ns3:hr>
            <ns3:cad>92</ns3:cad>
          </ns3:TrackPointExtension>
        </extensions>
      </trkpt>
      <trkpt lat="24.6336867101490497589111328125" lon="118.14676201902329921722412109375">
        <ele>11.6000003814697265625</ele>
        <time>2025-10-31T09:46:04.000Z</time>
        <extensions>
          <ns3:TrackPointExtension>
            <ns3:hr>159</ns3:hr>
            <ns3:cad>94</ns3:cad>
          </ns3:TrackPointExtension>
        </extensions>
      </trkpt>
      <trkpt lat="24.63366449810564517974853515625" lon="118.14675070345401763916015625">
        <ele>11.3999996185302734375</ele>
        <time>2025-10-31T09:46:05.000Z</time>
        <extensions>
          <ns3:TrackPointExtension>
            <ns3:hr>159</ns3:hr>
            <ns3:cad>94</ns3:cad>
          </ns3:TrackPointExtension>
        </extensions>
      </trkpt>
      <trkpt lat="24.63364019058644771575927734375" lon="118.146729581058025360107421875">
        <ele>11.3999996185302734375</ele>
        <time>2025-10-31T09:46:06.000Z</time>
        <extensions>
          <ns3:TrackPointExtension>
            <ns3:hr>159</ns3:hr>
            <ns3:cad>94</ns3:cad>
          </ns3:TrackPointExtension>
        </extensions>
      </trkpt>
      <trkpt lat="24.63361739180982112884521484375" lon="118.14671290107071399688720703125">
        <ele>11.3999996185302734375</ele>
        <time>2025-10-31T09:46:07.000Z</time>
        <extensions>
          <ns3:TrackPointExtension>
            <ns3:hr>159</ns3:hr>
            <ns3:cad>92</ns3:cad>
          </ns3:TrackPointExtension>
        </extensions>
      </trkpt>
      <trkpt lat="24.6335935033857822418212890625" lon="118.14669714309275150299072265625">
        <ele>11.3999996185302734375</ele>
        <time>2025-10-31T09:46:08.000Z</time>
        <extensions>
          <ns3:TrackPointExtension>
            <ns3:hr>159</ns3:hr>
            <ns3:cad>92</ns3:cad>
          </ns3:TrackPointExtension>
        </extensions>
      </trkpt>
      <trkpt lat="24.633565507829189300537109375" lon="118.14667954109609127044677734375">
        <ele>11.3999996185302734375</ele>
        <time>2025-10-31T09:46:09.000Z</time>
        <extensions>
          <ns3:TrackPointExtension>
            <ns3:hr>159</ns3:hr>
            <ns3:cad>92</ns3:cad>
          </ns3:TrackPointExtension>
        </extensions>
      </trkpt>
      <trkpt lat="24.63354195468127727508544921875" lon="118.1466650404036045074462890625">
        <ele>11.6000003814697265625</ele>
        <time>2025-10-31T09:46:10.000Z</time>
        <extensions>
          <ns3:TrackPointExtension>
            <ns3:hr>158</ns3:hr>
            <ns3:cad>92</ns3:cad>
          </ns3:TrackPointExtension>
        </extensions>
      </trkpt>
      <trkpt lat="24.6335150487720966339111328125" lon="118.14664517529308795928955078125">
        <ele>11.6000003814697265625</ele>
        <time>2025-10-31T09:46:11.000Z</time>
        <extensions>
          <ns3:TrackPointExtension>
            <ns3:hr>158</ns3:hr>
            <ns3:cad>94</ns3:cad>
          </ns3:TrackPointExtension>
        </extensions>
      </trkpt>
      <trkpt lat="24.6334945969283580780029296875" lon="118.14663679338991641998291015625">
        <ele>11.3999996185302734375</ele>
        <time>2025-10-31T09:46:12.000Z</time>
        <extensions>
          <ns3:TrackPointExtension>
            <ns3:hr>158</ns3:hr>
            <ns3:cad>94</ns3:cad>
          </ns3:TrackPointExtension>
        </extensions>
      </trkpt>
      <trkpt lat="24.6334671042859554290771484375" lon="118.146610558032989501953125">
        <ele>11.3999996185302734375</ele>
        <time>2025-10-31T09:46:13.000Z</time>
        <extensions>
          <ns3:TrackPointExtension>
            <ns3:hr>158</ns3:hr>
            <ns3:cad>94</ns3:cad>
          </ns3:TrackPointExtension>
        </extensions>
      </trkpt>
      <trkpt lat="24.63344505988061428070068359375" lon="118.14660343341529369354248046875">
        <ele>11.6000003814697265625</ele>
        <time>2025-10-31T09:46:14.000Z</time>
        <extensions>
          <ns3:TrackPointExtension>
            <ns3:hr>157</ns3:hr>
            <ns3:cad>92</ns3:cad>
          </ns3:TrackPointExtension>
        </extensions>
      </trkpt>
      <trkpt lat="24.6334151364862918853759765625" lon="118.1465797126293182373046875">
        <ele>11.6000003814697265625</ele>
        <time>2025-10-31T09:46:15.000Z</time>
        <extensions>
          <ns3:TrackPointExtension>
            <ns3:hr>157</ns3:hr>
            <ns3:cad>91</ns3:cad>
          </ns3:TrackPointExtension>
        </extensions>
      </trkpt>
      <trkpt lat="24.6333955228328704833984375" lon="118.14657208509743213653564453125">
        <ele>11.6000003814697265625</ele>
        <time>2025-10-31T09:46:16.000Z</time>
        <extensions>
          <ns3:TrackPointExtension>
            <ns3:hr>157</ns3:hr>
            <ns3:cad>91</ns3:cad>
          </ns3:TrackPointExtension>
        </extensions>
      </trkpt>
      <trkpt lat="24.6333688683807849884033203125" lon="118.1465527229011058807373046875">
        <ele>11.6000003814697265625</ele>
        <time>2025-10-31T09:46:17.000Z</time>
        <extensions>
          <ns3:TrackPointExtension>
            <ns3:hr>157</ns3:hr>
            <ns3:cad>91</ns3:cad>
          </ns3:TrackPointExtension>
        </extensions>
      </trkpt>
      <trkpt lat="24.63334682397544384002685546875" lon="118.1465413235127925872802734375">
        <ele>11.6000003814697265625</ele>
        <time>2025-10-31T09:46:18.000Z</time>
        <extensions>
          <ns3:TrackPointExtension>
            <ns3:hr>157</ns3:hr>
            <ns3:cad>91</ns3:cad>
          </ns3:TrackPointExtension>
        </extensions>
      </trkpt>
      <trkpt lat="24.63332352228462696075439453125" lon="118.14651869237422943115234375">
        <ele>11.3999996185302734375</ele>
        <time>2025-10-31T09:46:19.000Z</time>
        <extensions>
          <ns3:TrackPointExtension>
            <ns3:hr>156</ns3:hr>
            <ns3:cad>91</ns3:cad>
          </ns3:TrackPointExtension>
        </extensions>
      </trkpt>
      <trkpt lat="24.63330491445958614349365234375" lon="118.146504275500774383544921875">
        <ele>11.3999996185302734375</ele>
        <time>2025-10-31T09:46:20.000Z</time>
        <extensions>
          <ns3:TrackPointExtension>
            <ns3:hr>157</ns3:hr>
            <ns3:cad>91</ns3:cad>
          </ns3:TrackPointExtension>
        </extensions>
      </trkpt>
      <trkpt lat="24.63328295387327671051025390625" lon="118.14648742787539958953857421875">
        <ele>11.3999996185302734375</ele>
        <time>2025-10-31T09:46:21.000Z</time>
        <extensions>
          <ns3:TrackPointExtension>
            <ns3:hr>156</ns3:hr>
            <ns3:cad>91</ns3:cad>
          </ns3:TrackPointExtension>
        </extensions>
      </trkpt>
      <trkpt lat="24.63326384313404560089111328125" lon="118.14647016115486621856689453125">
        <ele>11.19999980926513671875</ele>
        <time>2025-10-31T09:46:22.000Z</time>
        <extensions>
          <ns3:TrackPointExtension>
            <ns3:hr>156</ns3:hr>
            <ns3:cad>93</ns3:cad>
          </ns3:TrackPointExtension>
        </extensions>
      </trkpt>
      <trkpt lat="24.63324439711868762969970703125" lon="118.146448619663715362548828125">
        <ele>11.19999980926513671875</ele>
        <time>2025-10-31T09:46:23.000Z</time>
        <extensions>
          <ns3:TrackPointExtension>
            <ns3:hr>156</ns3:hr>
            <ns3:cad>93</ns3:cad>
          </ns3:TrackPointExtension>
        </extensions>
      </trkpt>
      <trkpt lat="24.63321858085691928863525390625" lon="118.146428503096103668212890625">
        <ele>11.19999980926513671875</ele>
        <time>2025-10-31T09:46:24.000Z</time>
        <extensions>
          <ns3:TrackPointExtension>
            <ns3:hr>156</ns3:hr>
            <ns3:cad>93</ns3:cad>
          </ns3:TrackPointExtension>
        </extensions>
      </trkpt>
      <trkpt lat="24.63319980539381504058837890625" lon="118.14641475677490234375">
        <ele>11.3999996185302734375</ele>
        <time>2025-10-31T09:46:25.000Z</time>
        <extensions>
          <ns3:TrackPointExtension>
            <ns3:hr>156</ns3:hr>
            <ns3:cad>93</ns3:cad>
          </ns3:TrackPointExtension>
        </extensions>
      </trkpt>
      <trkpt lat="24.6331710554659366607666015625" lon="118.14639036543667316436767578125">
        <ele>11.6000003814697265625</ele>
        <time>2025-10-31T09:46:26.000Z</time>
        <extensions>
          <ns3:TrackPointExtension>
            <ns3:hr>157</ns3:hr>
            <ns3:cad>93</ns3:cad>
          </ns3:TrackPointExtension>
        </extensions>
      </trkpt>
      <trkpt lat="24.633149765431880950927734375" lon="118.1463860906660556793212890625">
        <ele>11.6000003814697265625</ele>
        <time>2025-10-31T09:46:27.000Z</time>
        <extensions>
          <ns3:TrackPointExtension>
            <ns3:hr>157</ns3:hr>
            <ns3:cad>91</ns3:cad>
          </ns3:TrackPointExtension>
        </extensions>
      </trkpt>
      <trkpt lat="24.6331174112856388092041015625" lon="118.14636672846972942352294921875">
        <ele>11.3999996185302734375</ele>
        <time>2025-10-31T09:46:28.000Z</time>
        <extensions>
          <ns3:TrackPointExtension>
            <ns3:hr>156</ns3:hr>
            <ns3:cad>91</ns3:cad>
          </ns3:TrackPointExtension>
        </extensions>
      </trkpt>
      <trkpt lat="24.63309586979448795318603515625" lon="118.14635231159627437591552734375">
        <ele>11.6000003814697265625</ele>
        <time>2025-10-31T09:46:29.000Z</time>
        <extensions>
          <ns3:TrackPointExtension>
            <ns3:hr>156</ns3:hr>
            <ns3:cad>92</ns3:cad>
          </ns3:TrackPointExtension>
        </extensions>
      </trkpt>
      <trkpt lat="24.6330736577510833740234375" lon="118.146329931914806365966796875">
        <ele>11.6000003814697265625</ele>
        <time>2025-10-31T09:46:30.000Z</time>
        <extensions>
          <ns3:TrackPointExtension>
            <ns3:hr>157</ns3:hr>
            <ns3:cad>92</ns3:cad>
          </ns3:TrackPointExtension>
        </extensions>
      </trkpt>
      <trkpt lat="24.63304943405091762542724609375" lon="118.1463116593658924102783203125">
        <ele>11.6000003814697265625</ele>
        <time>2025-10-31T09:46:31.000Z</time>
        <extensions>
          <ns3:TrackPointExtension>
            <ns3:hr>157</ns3:hr>
            <ns3:cad>92</ns3:cad>
          </ns3:TrackPointExtension>
        </extensions>
      </trkpt>
      <trkpt lat="24.63302831165492534637451171875" lon="118.1462927162647247314453125">
        <ele>11.80000019073486328125</ele>
        <time>2025-10-31T09:46:32.000Z</time>
        <extensions>
          <ns3:TrackPointExtension>
            <ns3:hr>157</ns3:hr>
            <ns3:cad>92</ns3:cad>
          </ns3:TrackPointExtension>
        </extensions>
      </trkpt>
      <trkpt lat="24.63300467468798160552978515625" lon="118.1462751142680644989013671875">
        <ele>12</ele>
        <time>2025-10-31T09:46:33.000Z</time>
        <extensions>
          <ns3:TrackPointExtension>
            <ns3:hr>156</ns3:hr>
            <ns3:cad>92</ns3:cad>
          </ns3:TrackPointExtension>
        </extensions>
      </trkpt>
      <trkpt lat="24.63298439048230648040771484375" lon="118.14625591970980167388916015625">
        <ele>12</ele>
        <time>2025-10-31T09:46:34.000Z</time>
        <extensions>
          <ns3:TrackPointExtension>
            <ns3:hr>157</ns3:hr>
            <ns3:cad>91</ns3:cad>
          </ns3:TrackPointExtension>
        </extensions>
      </trkpt>
      <trkpt lat="24.63296025060117244720458984375" lon="118.14624452032148838043212890625">
        <ele>12</ele>
        <time>2025-10-31T09:46:35.000Z</time>
        <extensions>
          <ns3:TrackPointExtension>
            <ns3:hr>157</ns3:hr>
            <ns3:cad>91</ns3:cad>
          </ns3:TrackPointExtension>
        </extensions>
      </trkpt>
      <trkpt lat="24.632936529815196990966796875" lon="118.14622976817190647125244140625">
        <ele>11.80000019073486328125</ele>
        <time>2025-10-31T09:46:36.000Z</time>
        <extensions>
          <ns3:TrackPointExtension>
            <ns3:hr>157</ns3:hr>
            <ns3:cad>0</ns3:cad>
          </ns3:TrackPointExtension>
        </extensions>
      </trkpt>
      <trkpt lat="24.6329088695347309112548828125" lon="118.1462090648710727691650390625">
        <ele>11.6000003814697265625</ele>
        <time>2025-10-31T09:46:37.000Z</time>
        <extensions>
          <ns3:TrackPointExtension>
            <ns3:hr>157</ns3:hr>
            <ns3:cad>0</ns3:cad>
          </ns3:TrackPointExtension>
        </extensions>
      </trkpt>
      <trkpt lat="24.63288414292037487030029296875" lon="118.14619640819728374481201171875">
        <ele>11.3999996185302734375</ele>
        <time>2025-10-31T09:46:38.000Z</time>
        <extensions>
          <ns3:TrackPointExtension>
            <ns3:hr>158</ns3:hr>
            <ns3:cad>0</ns3:cad>
          </ns3:TrackPointExtension>
        </extensions>
      </trkpt>
      <trkpt lat="24.63285438716411590576171875" lon="118.1461738608777523040771484375">
        <ele>11.3999996185302734375</ele>
        <time>2025-10-31T09:46:39.000Z</time>
        <extensions>
          <ns3:TrackPointExtension>
            <ns3:hr>158</ns3:hr>
            <ns3:cad>0</ns3:cad>
          </ns3:TrackPointExtension>
        </extensions>
      </trkpt>
      <trkpt lat="24.63283686898648738861083984375" lon="118.14616455696523189544677734375">
        <ele>11.3999996185302734375</ele>
        <time>2025-10-31T09:46:40.000Z</time>
        <extensions>
          <ns3:TrackPointExtension>
            <ns3:hr>158</ns3:hr>
            <ns3:cad>97</ns3:cad>
          </ns3:TrackPointExtension>
        </extensions>
      </trkpt>
      <trkpt lat="24.6328106336295604705810546875" lon="118.14614427275955677032470703125">
        <ele>11.3999996185302734375</ele>
        <time>2025-10-31T09:46:41.000Z</time>
        <extensions>
          <ns3:TrackPointExtension>
            <ns3:hr>158</ns3:hr>
            <ns3:cad>97</ns3:cad>
          </ns3:TrackPointExtension>
        </extensions>
      </trkpt>
      <trkpt lat="24.63278892450034618377685546875" lon="118.14613471738994121551513671875">
        <ele>11.19999980926513671875</ele>
        <time>2025-10-31T09:46:42.000Z</time>
        <extensions>
          <ns3:TrackPointExtension>
            <ns3:hr>159</ns3:hr>
            <ns3:cad>93</ns3:cad>
          </ns3:TrackPointExtension>
        </extensions>
      </trkpt>
      <trkpt lat="24.63276428170502185821533203125" lon="118.14611501991748809814453125">
        <ele>11.3999996185302734375</ele>
        <time>2025-10-31T09:46:43.000Z</time>
        <extensions>
          <ns3:TrackPointExtension>
            <ns3:hr>158</ns3:hr>
            <ns3:cad>93</ns3:cad>
          </ns3:TrackPointExtension>
        </extensions>
      </trkpt>
      <trkpt lat="24.6327419020235538482666015625" lon="118.14610269851982593536376953125">
        <ele>11.19999980926513671875</ele>
        <time>2025-10-31T09:46:44.000Z</time>
        <extensions>
          <ns3:TrackPointExtension>
            <ns3:hr>158</ns3:hr>
            <ns3:cad>93</ns3:cad>
          </ns3:TrackPointExtension>
        </extensions>
      </trkpt>
      <trkpt lat="24.63271717540919780731201171875" lon="118.1460833363234996795654296875">
        <ele>11.19999980926513671875</ele>
        <time>2025-10-31T09:46:45.000Z</time>
        <extensions>
          <ns3:TrackPointExtension>
            <ns3:hr>158</ns3:hr>
            <ns3:cad>93</ns3:cad>
          </ns3:TrackPointExtension>
        </extensions>
      </trkpt>
      <trkpt lat="24.632691442966461181640625" lon="118.14607202075421810150146484375">
        <ele>11.19999980926513671875</ele>
        <time>2025-10-31T09:46:46.000Z</time>
        <extensions>
          <ns3:TrackPointExtension>
            <ns3:hr>158</ns3:hr>
            <ns3:cad>92</ns3:cad>
          </ns3:TrackPointExtension>
        </extensions>
      </trkpt>
      <trkpt lat="24.63266688399016857147216796875" lon="118.1460566818714141845703125">
        <ele>11.19999980926513671875</ele>
        <time>2025-10-31T09:46:47.000Z</time>
        <extensions>
          <ns3:TrackPointExtension>
            <ns3:hr>158</ns3:hr>
            <ns3:cad>92</ns3:cad>
          </ns3:TrackPointExtension>
        </extensions>
      </trkpt>
      <trkpt lat="24.63264173828065395355224609375" lon="118.14604151062667369842529296875">
        <ele>11.19999980926513671875</ele>
        <time>2025-10-31T09:46:48.000Z</time>
        <extensions>
          <ns3:TrackPointExtension>
            <ns3:hr>158</ns3:hr>
            <ns3:cad>93</ns3:cad>
          </ns3:TrackPointExtension>
        </extensions>
      </trkpt>
      <trkpt lat="24.63262044824659824371337890625" lon="118.14603061415255069732666015625">
        <ele>11.19999980926513671875</ele>
        <time>2025-10-31T09:46:49.000Z</time>
        <extensions>
          <ns3:TrackPointExtension>
            <ns3:hr>158</ns3:hr>
            <ns3:cad>93</ns3:cad>
          </ns3:TrackPointExtension>
        </extensions>
      </trkpt>
      <trkpt lat="24.63259044103324413299560546875" lon="118.14600580371916294097900390625">
        <ele>11.19999980926513671875</ele>
        <time>2025-10-31T09:46:50.000Z</time>
        <extensions>
          <ns3:TrackPointExtension>
            <ns3:hr>158</ns3:hr>
            <ns3:cad>93</ns3:cad>
          </ns3:TrackPointExtension>
        </extensions>
      </trkpt>
      <trkpt lat="24.63256915099918842315673828125" lon="118.145997337996959686279296875">
        <ele>11.19999980926513671875</ele>
        <time>2025-10-31T09:46:51.000Z</time>
        <extensions>
          <ns3:TrackPointExtension>
            <ns3:hr>158</ns3:hr>
            <ns3:cad>93</ns3:cad>
          </ns3:TrackPointExtension>
        </extensions>
      </trkpt>
      <trkpt lat="24.63253797031939029693603515625" lon="118.14597764052450656890869140625">
        <ele>11.19999980926513671875</ele>
        <time>2025-10-31T09:46:52.000Z</time>
        <extensions>
          <ns3:TrackPointExtension>
            <ns3:hr>158</ns3:hr>
            <ns3:cad>93</ns3:cad>
          </ns3:TrackPointExtension>
        </extensions>
      </trkpt>
      <trkpt lat="24.63251332752406597137451171875" lon="118.14596523530781269073486328125">
        <ele>11.19999980926513671875</ele>
        <time>2025-10-31T09:46:53.000Z</time>
        <extensions>
          <ns3:TrackPointExtension>
            <ns3:hr>157</ns3:hr>
            <ns3:cad>94</ns3:cad>
          </ns3:TrackPointExtension>
        </extensions>
      </trkpt>
      <trkpt lat="24.63248583488166332244873046875" lon="118.1459485553205013275146484375">
        <ele>11</ele>
        <time>2025-10-31T09:46:54.000Z</time>
        <extensions>
          <ns3:TrackPointExtension>
            <ns3:hr>157</ns3:hr>
            <ns3:cad>94</ns3:cad>
          </ns3:TrackPointExtension>
        </extensions>
      </trkpt>
      <trkpt lat="24.632460437715053558349609375" lon="118.1459327973425388336181640625">
        <ele>11</ele>
        <time>2025-10-31T09:46:55.000Z</time>
        <extensions>
          <ns3:TrackPointExtension>
            <ns3:hr>157</ns3:hr>
            <ns3:cad>94</ns3:cad>
          </ns3:TrackPointExtension>
        </extensions>
      </trkpt>
      <trkpt lat="24.63243462145328521728515625" lon="118.145912177860736846923828125">
        <ele>11</ele>
        <time>2025-10-31T09:46:56.000Z</time>
        <extensions>
          <ns3:TrackPointExtension>
            <ns3:hr>157</ns3:hr>
            <ns3:cad>94</ns3:cad>
          </ns3:TrackPointExtension>
        </extensions>
      </trkpt>
      <trkpt lat="24.632410816848278045654296875" lon="118.14589549787342548370361328125">
        <ele>11</ele>
        <time>2025-10-31T09:46:57.000Z</time>
        <extensions>
          <ns3:TrackPointExtension>
            <ns3:hr>156</ns3:hr>
            <ns3:cad>92</ns3:cad>
          </ns3:TrackPointExtension>
        </extensions>
      </trkpt>
      <trkpt lat="24.6323888562619686126708984375" lon="118.14587437547743320465087890625">
        <ele>11</ele>
        <time>2025-10-31T09:46:58.000Z</time>
        <extensions>
          <ns3:TrackPointExtension>
            <ns3:hr>155</ns3:hr>
            <ns3:cad>92</ns3:cad>
          </ns3:TrackPointExtension>
        </extensions>
      </trkpt>
      <trkpt lat="24.6323655545711517333984375" lon="118.14585425890982151031494140625">
        <ele>11</ele>
        <time>2025-10-31T09:46:59.000Z</time>
        <extensions>
          <ns3:TrackPointExtension>
            <ns3:hr>155</ns3:hr>
            <ns3:cad>93</ns3:cad>
          </ns3:TrackPointExtension>
        </extensions>
      </trkpt>
      <trkpt lat="24.632343761622905731201171875" lon="118.14583296887576580047607421875">
        <ele>11</ele>
        <time>2025-10-31T09:47:00.000Z</time>
        <extensions>
          <ns3:TrackPointExtension>
            <ns3:hr>154</ns3:hr>
            <ns3:cad>94</ns3:cad>
          </ns3:TrackPointExtension>
        </extensions>
      </trkpt>
      <trkpt lat="24.6323194541037082672119140625" lon="118.14580790698528289794921875">
        <ele>10.80000019073486328125</ele>
        <time>2025-10-31T09:47:01.000Z</time>
        <extensions>
          <ns3:TrackPointExtension>
            <ns3:hr>154</ns3:hr>
            <ns3:cad>94</ns3:cad>
          </ns3:TrackPointExtension>
        </extensions>
      </trkpt>
      <trkpt lat="24.63229791261255741119384765625" lon="118.14580011181533336639404296875">
        <ele>10.80000019073486328125</ele>
        <time>2025-10-31T09:47:02.000Z</time>
        <extensions>
          <ns3:TrackPointExtension>
            <ns3:hr>154</ns3:hr>
            <ns3:cad>92</ns3:cad>
          </ns3:TrackPointExtension>
        </extensions>
      </trkpt>
      <trkpt lat="24.6322698332369327545166015625" lon="118.14577647484838962554931640625">
        <ele>10.80000019073486328125</ele>
        <time>2025-10-31T09:47:03.000Z</time>
        <extensions>
          <ns3:TrackPointExtension>
            <ns3:hr>154</ns3:hr>
            <ns3:cad>92</ns3:cad>
          </ns3:TrackPointExtension>
        </extensions>
      </trkpt>
      <trkpt lat="24.63224963285028934478759765625" lon="118.14576474018394947052001953125">
        <ele>10.80000019073486328125</ele>
        <time>2025-10-31T09:47:04.000Z</time>
        <extensions>
          <ns3:TrackPointExtension>
            <ns3:hr>155</ns3:hr>
            <ns3:cad>92</ns3:cad>
          </ns3:TrackPointExtension>
        </extensions>
      </trkpt>
      <trkpt lat="24.63222272694110870361328125" lon="118.1457437016069889068603515625">
        <ele>10.80000019073486328125</ele>
        <time>2025-10-31T09:47:05.000Z</time>
        <extensions>
          <ns3:TrackPointExtension>
            <ns3:hr>155</ns3:hr>
            <ns3:cad>94</ns3:cad>
          </ns3:TrackPointExtension>
        </extensions>
      </trkpt>
      <trkpt lat="24.63220059871673583984375" lon="118.145729787647724151611328125">
        <ele>10.80000019073486328125</ele>
        <time>2025-10-31T09:47:06.000Z</time>
        <extensions>
          <ns3:TrackPointExtension>
            <ns3:hr>155</ns3:hr>
            <ns3:cad>94</ns3:cad>
          </ns3:TrackPointExtension>
        </extensions>
      </trkpt>
      <trkpt lat="24.63217386044561862945556640625" lon="118.14570891670882701873779296875">
        <ele>10.80000019073486328125</ele>
        <time>2025-10-31T09:47:07.000Z</time>
        <extensions>
          <ns3:TrackPointExtension>
            <ns3:hr>155</ns3:hr>
            <ns3:cad>94</ns3:cad>
          </ns3:TrackPointExtension>
        </extensions>
      </trkpt>
      <trkpt lat="24.63215273804962635040283203125" lon="118.14569584093987941741943359375">
        <ele>10.80000019073486328125</ele>
        <time>2025-10-31T09:47:08.000Z</time>
        <extensions>
          <ns3:TrackPointExtension>
            <ns3:hr>155</ns3:hr>
            <ns3:cad>94</ns3:cad>
          </ns3:TrackPointExtension>
        </extensions>
      </trkpt>
      <trkpt lat="24.63212859816849231719970703125" lon="118.145672790706157684326171875">
        <ele>10.80000019073486328125</ele>
        <time>2025-10-31T09:47:09.000Z</time>
        <extensions>
          <ns3:TrackPointExtension>
            <ns3:hr>154</ns3:hr>
            <ns3:cad>93</ns3:cad>
          </ns3:TrackPointExtension>
        </extensions>
      </trkpt>
      <trkpt lat="24.63210412301123142242431640625" lon="118.14565896056592464447021484375">
        <ele>11</ele>
        <time>2025-10-31T09:47:10.000Z</time>
        <extensions>
          <ns3:TrackPointExtension>
            <ns3:hr>154</ns3:hr>
            <ns3:cad>92</ns3:cad>
          </ns3:TrackPointExtension>
        </extensions>
      </trkpt>
      <trkpt lat="24.63207981549203395843505859375" lon="118.1456431187689304351806640625">
        <ele>11</ele>
        <time>2025-10-31T09:47:11.000Z</time>
        <extensions>
          <ns3:TrackPointExtension>
            <ns3:hr>154</ns3:hr>
            <ns3:cad>92</ns3:cad>
          </ns3:TrackPointExtension>
        </extensions>
      </trkpt>
      <trkpt lat="24.6320545859634876251220703125" lon="118.1456253491342067718505859375">
        <ele>11</ele>
        <time>2025-10-31T09:47:12.000Z</time>
        <extensions>
          <ns3:TrackPointExtension>
            <ns3:hr>154</ns3:hr>
            <ns3:cad>91</ns3:cad>
          </ns3:TrackPointExtension>
        </extensions>
      </trkpt>
      <trkpt lat="24.63203069753944873809814453125" lon="118.14560581929981708526611328125">
        <ele>10.80000019073486328125</ele>
        <time>2025-10-31T09:47:13.000Z</time>
        <extensions>
          <ns3:TrackPointExtension>
            <ns3:hr>154</ns3:hr>
            <ns3:cad>91</ns3:cad>
          </ns3:TrackPointExtension>
        </extensions>
      </trkpt>
      <trkpt lat="24.6320056356489658355712890625" lon="118.1455867923796176910400390625">
        <ele>10.80000019073486328125</ele>
        <time>2025-10-31T09:47:14.000Z</time>
        <extensions>
          <ns3:TrackPointExtension>
            <ns3:hr>155</ns3:hr>
            <ns3:cad>91</ns3:cad>
          </ns3:TrackPointExtension>
        </extensions>
      </trkpt>
      <trkpt lat="24.63198711164295673370361328125" lon="118.145575225353240966796875">
        <ele>10.80000019073486328125</ele>
        <time>2025-10-31T09:47:15.000Z</time>
        <extensions>
          <ns3:TrackPointExtension>
            <ns3:hr>155</ns3:hr>
            <ns3:cad>91</ns3:cad>
          </ns3:TrackPointExtension>
        </extensions>
      </trkpt>
      <trkpt lat="24.6319607086479663848876953125" lon="118.14554865472018718719482421875">
        <ele>10.80000019073486328125</ele>
        <time>2025-10-31T09:47:16.000Z</time>
        <extensions>
          <ns3:TrackPointExtension>
            <ns3:hr>155</ns3:hr>
            <ns3:cad>91</ns3:cad>
          </ns3:TrackPointExtension>
        </extensions>
      </trkpt>
      <trkpt lat="24.63194000534713268280029296875" lon="118.1455432064831256866455078125">
        <ele>10.80000019073486328125</ele>
        <time>2025-10-31T09:47:17.000Z</time>
        <extensions>
          <ns3:TrackPointExtension>
            <ns3:hr>155</ns3:hr>
            <ns3:cad>93</ns3:cad>
          </ns3:TrackPointExtension>
        </extensions>
      </trkpt>
      <trkpt lat="24.63190882466733455657958984375" lon="118.14552468247711658477783203125">
        <ele>10.80000019073486328125</ele>
        <time>2025-10-31T09:47:18.000Z</time>
        <extensions>
          <ns3:TrackPointExtension>
            <ns3:hr>155</ns3:hr>
            <ns3:cad>93</ns3:cad>
          </ns3:TrackPointExtension>
        </extensions>
      </trkpt>
      <trkpt lat="24.6318839304149150848388671875" lon="118.1455167196691036224365234375">
        <ele>10.80000019073486328125</ele>
        <time>2025-10-31T09:47:19.000Z</time>
        <extensions>
          <ns3:TrackPointExtension>
            <ns3:hr>156</ns3:hr>
            <ns3:cad>93</ns3:cad>
          </ns3:TrackPointExtension>
        </extensions>
      </trkpt>
      <trkpt lat="24.6318591199815273284912109375" lon="118.1454976089298725128173828125">
        <ele>11</ele>
        <time>2025-10-31T09:47:20.000Z</time>
        <extensions>
          <ns3:TrackPointExtension>
            <ns3:hr>156</ns3:hr>
            <ns3:cad>93</ns3:cad>
          </ns3:TrackPointExtension>
        </extensions>
      </trkpt>
      <trkpt lat="24.63183674030005931854248046875" lon="118.145489059388637542724609375">
        <ele>11</ele>
        <time>2025-10-31T09:47:21.000Z</time>
        <extensions>
          <ns3:TrackPointExtension>
            <ns3:hr>157</ns3:hr>
            <ns3:cad>93</ns3:cad>
          </ns3:TrackPointExtension>
        </extensions>
      </trkpt>
      <trkpt lat="24.6318101696670055389404296875" lon="118.14546458423137664794921875">
        <ele>11</ele>
        <time>2025-10-31T09:47:22.000Z</time>
        <extensions>
          <ns3:TrackPointExtension>
            <ns3:hr>158</ns3:hr>
            <ns3:cad>91</ns3:cad>
          </ns3:TrackPointExtension>
        </extensions>
      </trkpt>
      <trkpt lat="24.631789214909076690673828125" lon="118.14544974826276302337646484375">
        <ele>11</ele>
        <time>2025-10-31T09:47:23.000Z</time>
        <extensions>
          <ns3:TrackPointExtension>
            <ns3:hr>158</ns3:hr>
            <ns3:cad>91</ns3:cad>
          </ns3:TrackPointExtension>
        </extensions>
      </trkpt>
      <trkpt lat="24.63176381774246692657470703125" lon="118.14542611129581928253173828125">
        <ele>11</ele>
        <time>2025-10-31T09:47:24.000Z</time>
        <extensions>
          <ns3:TrackPointExtension>
            <ns3:hr>158</ns3:hr>
            <ns3:cad>91</ns3:cad>
          </ns3:TrackPointExtension>
        </extensions>
      </trkpt>
      <trkpt lat="24.631742276251316070556640625" lon="118.1454134546220302581787109375">
        <ele>11</ele>
        <time>2025-10-31T09:47:25.000Z</time>
        <extensions>
          <ns3:TrackPointExtension>
            <ns3:hr>158</ns3:hr>
            <ns3:cad>91</ns3:cad>
          </ns3:TrackPointExtension>
        </extensions>
      </trkpt>
      <trkpt lat="24.631717465817928314208984375" lon="118.14539627172052860260009765625">
        <ele>10.80000019073486328125</ele>
        <time>2025-10-31T09:47:26.000Z</time>
        <extensions>
          <ns3:TrackPointExtension>
            <ns3:hr>159</ns3:hr>
            <ns3:cad>91</ns3:cad>
          </ns3:TrackPointExtension>
        </extensions>
      </trkpt>
      <trkpt lat="24.6316938288509845733642578125" lon="118.14537934027612209320068359375">
        <ele>11</ele>
        <time>2025-10-31T09:47:27.000Z</time>
        <extensions>
          <ns3:TrackPointExtension>
            <ns3:hr>159</ns3:hr>
            <ns3:cad>91</ns3:cad>
          </ns3:TrackPointExtension>
        </extensions>
      </trkpt>
      <trkpt lat="24.63167488574981689453125" lon="118.14536802470684051513671875">
        <ele>11</ele>
        <time>2025-10-31T09:47:28.000Z</time>
        <extensions>
          <ns3:TrackPointExtension>
            <ns3:hr>159</ns3:hr>
            <ns3:cad>94</ns3:cad>
          </ns3:TrackPointExtension>
        </extensions>
      </trkpt>
      <trkpt lat="24.63164697401225566864013671875" lon="118.14534212462604045867919921875">
        <ele>11</ele>
        <time>2025-10-31T09:47:29.000Z</time>
        <extensions>
          <ns3:TrackPointExtension>
            <ns3:hr>160</ns3:hr>
            <ns3:cad>94</ns3:cad>
          </ns3:TrackPointExtension>
        </extensions>
      </trkpt>
      <trkpt lat="24.6316227503120899200439453125" lon="118.14533290453255176544189453125">
        <ele>11</ele>
        <time>2025-10-31T09:47:30.000Z</time>
        <extensions>
          <ns3:TrackPointExtension>
            <ns3:hr>160</ns3:hr>
            <ns3:cad>92</ns3:cad>
          </ns3:TrackPointExtension>
        </extensions>
      </trkpt>
      <trkpt lat="24.6315949223935604095458984375" lon="118.1453115306794643402099609375">
        <ele>11</ele>
        <time>2025-10-31T09:47:31.000Z</time>
        <extensions>
          <ns3:TrackPointExtension>
            <ns3:hr>160</ns3:hr>
            <ns3:cad>92</ns3:cad>
          </ns3:TrackPointExtension>
        </extensions>
      </trkpt>
      <trkpt lat="24.6315687708556652069091796875" lon="118.145302645862102508544921875">
        <ele>11</ele>
        <time>2025-10-31T09:47:32.000Z</time>
        <extensions>
          <ns3:TrackPointExtension>
            <ns3:hr>160</ns3:hr>
            <ns3:cad>94</ns3:cad>
          </ns3:TrackPointExtension>
        </extensions>
      </trkpt>
      <trkpt lat="24.6315419487655162811279296875" lon="118.14528755843639373779296875">
        <ele>11</ele>
        <time>2025-10-31T09:47:33.000Z</time>
        <extensions>
          <ns3:TrackPointExtension>
            <ns3:hr>161</ns3:hr>
            <ns3:cad>94</ns3:cad>
          </ns3:TrackPointExtension>
        </extensions>
      </trkpt>
      <trkpt lat="24.63151470758020877838134765625" lon="118.14527289010584354400634765625">
        <ele>11.19999980926513671875</ele>
        <time>2025-10-31T09:47:34.000Z</time>
        <extensions>
          <ns3:TrackPointExtension>
            <ns3:hr>160</ns3:hr>
            <ns3:cad>94</ns3:cad>
          </ns3:TrackPointExtension>
        </extensions>
      </trkpt>
      <trkpt lat="24.63149174116551876068115234375" lon="118.1452531926333904266357421875">
        <ele>11.19999980926513671875</ele>
        <time>2025-10-31T09:47:35.000Z</time>
        <extensions>
          <ns3:TrackPointExtension>
            <ns3:hr>160</ns3:hr>
            <ns3:cad>94</ns3:cad>
          </ns3:TrackPointExtension>
        </extensions>
      </trkpt>
      <trkpt lat="24.63146927766501903533935546875" lon="118.145244307816028594970703125">
        <ele>11.3999996185302734375</ele>
        <time>2025-10-31T09:47:36.000Z</time>
        <extensions>
          <ns3:TrackPointExtension>
            <ns3:hr>160</ns3:hr>
            <ns3:cad>92</ns3:cad>
          </ns3:TrackPointExtension>
        </extensions>
      </trkpt>
      <trkpt lat="24.63144195266067981719970703125" lon="118.14522813074290752410888671875">
        <ele>11.3999996185302734375</ele>
        <time>2025-10-31T09:47:37.000Z</time>
        <extensions>
          <ns3:TrackPointExtension>
            <ns3:hr>160</ns3:hr>
            <ns3:cad>92</ns3:cad>
          </ns3:TrackPointExtension>
        </extensions>
      </trkpt>
      <trkpt lat="24.63141764514148235321044921875" lon="118.1452179886400699615478515625">
        <ele>11.19999980926513671875</ele>
        <time>2025-10-31T09:47:38.000Z</time>
        <extensions>
          <ns3:TrackPointExtension>
            <ns3:hr>160</ns3:hr>
            <ns3:cad>91</ns3:cad>
          </ns3:TrackPointExtension>
        </extensions>
      </trkpt>
      <trkpt lat="24.631393589079380035400390625" lon="118.1452002190053462982177734375">
        <ele>11.19999980926513671875</ele>
        <time>2025-10-31T09:47:39.000Z</time>
        <extensions>
          <ns3:TrackPointExtension>
            <ns3:hr>160</ns3:hr>
            <ns3:cad>91</ns3:cad>
          </ns3:TrackPointExtension>
        </extensions>
      </trkpt>
      <trkpt lat="24.63136768899857997894287109375" lon="118.14518471248447895050048828125">
        <ele>11.19999980926513671875</ele>
        <time>2025-10-31T09:47:40.000Z</time>
        <extensions>
          <ns3:TrackPointExtension>
            <ns3:hr>160</ns3:hr>
            <ns3:cad>94</ns3:cad>
          </ns3:TrackPointExtension>
        </extensions>
      </trkpt>
      <trkpt lat="24.63134455494582653045654296875" lon="118.14517532475292682647705078125">
        <ele>11</ele>
        <time>2025-10-31T09:47:41.000Z</time>
        <extensions>
          <ns3:TrackPointExtension>
            <ns3:hr>160</ns3:hr>
            <ns3:cad>94</ns3:cad>
          </ns3:TrackPointExtension>
        </extensions>
      </trkpt>
      <trkpt lat="24.6313196606934070587158203125" lon="118.14515805803239345550537109375">
        <ele>11</ele>
        <time>2025-10-31T09:47:42.000Z</time>
        <extensions>
          <ns3:TrackPointExtension>
            <ns3:hr>160</ns3:hr>
            <ns3:cad>93</ns3:cad>
          </ns3:TrackPointExtension>
        </extensions>
      </trkpt>
      <trkpt lat="24.63129962794482707977294921875" lon="118.14514716155827045440673828125">
        <ele>11</ele>
        <time>2025-10-31T09:47:43.000Z</time>
        <extensions>
          <ns3:TrackPointExtension>
            <ns3:hr>160</ns3:hr>
            <ns3:cad>93</ns3:cad>
          </ns3:TrackPointExtension>
        </extensions>
      </trkpt>
      <trkpt lat="24.63127330876886844635009765625" lon="118.145124614238739013671875">
        <ele>11</ele>
        <time>2025-10-31T09:47:44.000Z</time>
        <extensions>
          <ns3:TrackPointExtension>
            <ns3:hr>160</ns3:hr>
            <ns3:cad>92</ns3:cad>
          </ns3:TrackPointExtension>
        </extensions>
      </trkpt>
      <trkpt lat="24.63125176727771759033203125" lon="118.14510927535593509674072265625">
        <ele>11</ele>
        <time>2025-10-31T09:47:45.000Z</time>
        <extensions>
          <ns3:TrackPointExtension>
            <ns3:hr>160</ns3:hr>
            <ns3:cad>92</ns3:cad>
          </ns3:TrackPointExtension>
        </extensions>
      </trkpt>
      <trkpt lat="24.63122234679758548736572265625" lon="118.1450868956744670867919921875">
        <ele>11.19999980926513671875</ele>
        <time>2025-10-31T09:47:46.000Z</time>
        <extensions>
          <ns3:TrackPointExtension>
            <ns3:hr>160</ns3:hr>
            <ns3:cad>92</ns3:cad>
          </ns3:TrackPointExtension>
        </extensions>
      </trkpt>
      <trkpt lat="24.63119770400226116180419921875" lon="118.14507273025810718536376953125">
        <ele>11.19999980926513671875</ele>
        <time>2025-10-31T09:47:47.000Z</time>
        <extensions>
          <ns3:TrackPointExtension>
            <ns3:hr>160</ns3:hr>
            <ns3:cad>93</ns3:cad>
          </ns3:TrackPointExtension>
        </extensions>
      </trkpt>
      <trkpt lat="24.63117004372179508209228515625" lon="118.14505294896662235260009765625">
        <ele>11.19999980926513671875</ele>
        <time>2025-10-31T09:47:48.000Z</time>
        <extensions>
          <ns3:TrackPointExtension>
            <ns3:hr>160</ns3:hr>
            <ns3:cad>93</ns3:cad>
          </ns3:TrackPointExtension>
        </extensions>
      </trkpt>
      <trkpt lat="24.63114975951611995697021484375" lon="118.145037107169628143310546875">
        <ele>11.19999980926513671875</ele>
        <time>2025-10-31T09:47:49.000Z</time>
        <extensions>
          <ns3:TrackPointExtension>
            <ns3:hr>160</ns3:hr>
            <ns3:cad>93</ns3:cad>
          </ns3:TrackPointExtension>
        </extensions>
      </trkpt>
      <trkpt lat="24.6311262063682079315185546875" lon="118.14501506276428699493408203125">
        <ele>11.19999980926513671875</ele>
        <time>2025-10-31T09:47:50.000Z</time>
        <extensions>
          <ns3:TrackPointExtension>
            <ns3:hr>160</ns3:hr>
            <ns3:cad>93</ns3:cad>
          </ns3:TrackPointExtension>
        </extensions>
      </trkpt>
      <trkpt lat="24.6310993842780590057373046875" lon="118.144994191825389862060546875">
        <ele>11.19999980926513671875</ele>
        <time>2025-10-31T09:47:51.000Z</time>
        <extensions>
          <ns3:TrackPointExtension>
            <ns3:hr>160</ns3:hr>
            <ns3:cad>93</ns3:cad>
          </ns3:TrackPointExtension>
        </extensions>
      </trkpt>
      <trkpt lat="24.631076417863368988037109375" lon="118.14497969113290309906005859375">
        <ele>11.3999996185302734375</ele>
        <time>2025-10-31T09:47:52.000Z</time>
        <extensions>
          <ns3:TrackPointExtension>
            <ns3:hr>160</ns3:hr>
            <ns3:cad>93</ns3:cad>
          </ns3:TrackPointExtension>
        </extensions>
      </trkpt>
      <trkpt lat="24.63104733265936374664306640625" lon="118.14495756290853023529052734375">
        <ele>11.3999996185302734375</ele>
        <time>2025-10-31T09:47:53.000Z</time>
        <extensions>
          <ns3:TrackPointExtension>
            <ns3:hr>160</ns3:hr>
            <ns3:cad>93</ns3:cad>
          </ns3:TrackPointExtension>
        </extensions>
      </trkpt>
      <trkpt lat="24.6310279704630374908447265625" lon="118.1449400447309017181396484375">
        <ele>11.3999996185302734375</ele>
        <time>2025-10-31T09:47:54.000Z</time>
        <extensions>
          <ns3:TrackPointExtension>
            <ns3:hr>160</ns3:hr>
            <ns3:cad>93</ns3:cad>
          </ns3:TrackPointExtension>
        </extensions>
      </trkpt>
      <trkpt lat="24.631007350981235504150390625" lon="118.1449148990213871002197265625">
        <ele>11.3999996185302734375</ele>
        <time>2025-10-31T09:47:55.000Z</time>
        <extensions>
          <ns3:TrackPointExtension>
            <ns3:hr>160</ns3:hr>
            <ns3:cad>93</ns3:cad>
          </ns3:TrackPointExtension>
        </extensions>
      </trkpt>
      <trkpt lat="24.6309894137084484100341796875" lon="118.14490375109016895294189453125">
        <ele>11.3999996185302734375</ele>
        <time>2025-10-31T09:47:56.000Z</time>
        <extensions>
          <ns3:TrackPointExtension>
            <ns3:hr>160</ns3:hr>
            <ns3:cad>93</ns3:cad>
          </ns3:TrackPointExtension>
        </extensions>
      </trkpt>
      <trkpt lat="24.63096074759960174560546875" lon="118.14488061703741550445556640625">
        <ele>11.3999996185302734375</ele>
        <time>2025-10-31T09:47:57.000Z</time>
        <extensions>
          <ns3:TrackPointExtension>
            <ns3:hr>160</ns3:hr>
            <ns3:cad>93</ns3:cad>
          </ns3:TrackPointExtension>
        </extensions>
      </trkpt>
      <trkpt lat="24.6309421397745609283447265625" lon="118.14487609080970287322998046875">
        <ele>11.3999996185302734375</ele>
        <time>2025-10-31T09:47:58.000Z</time>
        <extensions>
          <ns3:TrackPointExtension>
            <ns3:hr>160</ns3:hr>
            <ns3:cad>93</ns3:cad>
          </ns3:TrackPointExtension>
        </extensions>
      </trkpt>
      <trkpt lat="24.63091380894184112548828125" lon="118.14485329203307628631591796875">
        <ele>11.3999996185302734375</ele>
        <time>2025-10-31T09:47:59.000Z</time>
        <extensions>
          <ns3:TrackPointExtension>
            <ns3:hr>160</ns3:hr>
            <ns3:cad>93</ns3:cad>
          </ns3:TrackPointExtension>
        </extensions>
      </trkpt>
      <trkpt lat="24.63089729659259319305419921875" lon="118.1448384560644626617431640625">
        <ele>11.3999996185302734375</ele>
        <time>2025-10-31T09:48:00.000Z</time>
        <extensions>
          <ns3:TrackPointExtension>
            <ns3:hr>160</ns3:hr>
            <ns3:cad>93</ns3:cad>
          </ns3:TrackPointExtension>
        </extensions>
      </trkpt>
      <trkpt lat="24.6308717317879199981689453125" lon="118.14481691457331180572509765625">
        <ele>11.3999996185302734375</ele>
        <time>2025-10-31T09:48:01.000Z</time>
        <extensions>
          <ns3:TrackPointExtension>
            <ns3:hr>159</ns3:hr>
            <ns3:cad>93</ns3:cad>
          </ns3:TrackPointExtension>
        </extensions>
      </trkpt>
      <trkpt lat="24.63084868155419826507568359375" lon="118.14480165950953960418701171875">
        <ele>11.3999996185302734375</ele>
        <time>2025-10-31T09:48:02.000Z</time>
        <extensions>
          <ns3:TrackPointExtension>
            <ns3:hr>159</ns3:hr>
            <ns3:cad>93</ns3:cad>
          </ns3:TrackPointExtension>
        </extensions>
      </trkpt>
      <trkpt lat="24.6308232843875885009765625" lon="118.14477718435227870941162109375">
        <ele>11.6000003814697265625</ele>
        <time>2025-10-31T09:48:03.000Z</time>
        <extensions>
          <ns3:TrackPointExtension>
            <ns3:hr>159</ns3:hr>
            <ns3:cad>93</ns3:cad>
          </ns3:TrackPointExtension>
        </extensions>
      </trkpt>
      <trkpt lat="24.630799479782581329345703125" lon="118.14476461149752140045166015625">
        <ele>11.6000003814697265625</ele>
        <time>2025-10-31T09:48:04.000Z</time>
        <extensions>
          <ns3:TrackPointExtension>
            <ns3:hr>159</ns3:hr>
            <ns3:cad>93</ns3:cad>
          </ns3:TrackPointExtension>
        </extensions>
      </trkpt>
      <trkpt lat="24.63077609427273273468017578125" lon="118.144746758043766021728515625">
        <ele>11.3999996185302734375</ele>
        <time>2025-10-31T09:48:05.000Z</time>
        <extensions>
          <ns3:TrackPointExtension>
            <ns3:hr>159</ns3:hr>
            <ns3:cad>93</ns3:cad>
          </ns3:TrackPointExtension>
        </extensions>
      </trkpt>
      <trkpt lat="24.63075245730578899383544921875" lon="118.14472697675228118896484375">
        <ele>11.3999996185302734375</ele>
        <time>2025-10-31T09:48:06.000Z</time>
        <extensions>
          <ns3:TrackPointExtension>
            <ns3:hr>159</ns3:hr>
            <ns3:cad>93</ns3:cad>
          </ns3:TrackPointExtension>
        </extensions>
      </trkpt>
      <trkpt lat="24.63073586113750934600830078125" lon="118.14471432007849216461181640625">
        <ele>11.3999996185302734375</ele>
        <time>2025-10-31T09:48:07.000Z</time>
        <extensions>
          <ns3:TrackPointExtension>
            <ns3:hr>159</ns3:hr>
            <ns3:cad>91</ns3:cad>
          </ns3:TrackPointExtension>
        </extensions>
      </trkpt>
      <trkpt lat="24.63071138598024845123291015625" lon="118.1446914374828338623046875">
        <ele>11.3999996185302734375</ele>
        <time>2025-10-31T09:48:08.000Z</time>
        <extensions>
          <ns3:TrackPointExtension>
            <ns3:hr>159</ns3:hr>
            <ns3:cad>91</ns3:cad>
          </ns3:TrackPointExtension>
        </extensions>
      </trkpt>
      <trkpt lat="24.63068892247974872589111328125" lon="118.1446832232177257537841796875">
        <ele>11.3999996185302734375</ele>
        <time>2025-10-31T09:48:09.000Z</time>
        <extensions>
          <ns3:TrackPointExtension>
            <ns3:hr>159</ns3:hr>
            <ns3:cad>92</ns3:cad>
          </ns3:TrackPointExtension>
        </extensions>
      </trkpt>
      <trkpt lat="24.63066126219928264617919921875" lon="118.14466059207916259765625">
        <ele>11.3999996185302734375</ele>
        <time>2025-10-31T09:48:10.000Z</time>
        <extensions>
          <ns3:TrackPointExtension>
            <ns3:hr>159</ns3:hr>
            <ns3:cad>92</ns3:cad>
          </ns3:TrackPointExtension>
        </extensions>
      </trkpt>
      <trkpt lat="24.6306413970887660980224609375" lon="118.1446517072618007659912109375">
        <ele>11.3999996185302734375</ele>
        <time>2025-10-31T09:48:11.000Z</time>
        <extensions>
          <ns3:TrackPointExtension>
            <ns3:hr>160</ns3:hr>
            <ns3:cad>92</ns3:cad>
          </ns3:TrackPointExtension>
        </extensions>
      </trkpt>
      <trkpt lat="24.63061667047441005706787109375" lon="118.1446265615522861480712890625">
        <ele>11.3999996185302734375</ele>
        <time>2025-10-31T09:48:12.000Z</time>
        <extensions>
          <ns3:TrackPointExtension>
            <ns3:hr>160</ns3:hr>
            <ns3:cad>92</ns3:cad>
          </ns3:TrackPointExtension>
        </extensions>
      </trkpt>
      <trkpt lat="24.6305952966213226318359375" lon="118.14461675472557544708251953125">
        <ele>11.6000003814697265625</ele>
        <time>2025-10-31T09:48:13.000Z</time>
        <extensions>
          <ns3:TrackPointExtension>
            <ns3:hr>160</ns3:hr>
            <ns3:cad>92</ns3:cad>
          </ns3:TrackPointExtension>
        </extensions>
      </trkpt>
      <trkpt lat="24.63057308457791805267333984375" lon="118.14460049383342266082763671875">
        <ele>11.6000003814697265625</ele>
        <time>2025-10-31T09:48:14.000Z</time>
        <extensions>
          <ns3:TrackPointExtension>
            <ns3:hr>160</ns3:hr>
            <ns3:cad>94</ns3:cad>
          </ns3:TrackPointExtension>
        </extensions>
      </trkpt>
      <trkpt lat="24.6305471844971179962158203125" lon="118.14458356238901615142822265625">
        <ele>11.80000019073486328125</ele>
        <time>2025-10-31T09:48:15.000Z</time>
        <extensions>
          <ns3:TrackPointExtension>
            <ns3:hr>159</ns3:hr>
            <ns3:cad>94</ns3:cad>
          </ns3:TrackPointExtension>
        </extensions>
      </trkpt>
      <trkpt lat="24.63052463717758655548095703125" lon="118.1445692293345928192138671875">
        <ele>11.80000019073486328125</ele>
        <time>2025-10-31T09:48:16.000Z</time>
        <extensions>
          <ns3:TrackPointExtension>
            <ns3:hr>160</ns3:hr>
            <ns3:cad>92</ns3:cad>
          </ns3:TrackPointExtension>
        </extensions>
      </trkpt>
      <trkpt lat="24.6304999105632305145263671875" lon="118.14455891959369182586669921875">
        <ele>11.80000019073486328125</ele>
        <time>2025-10-31T09:48:17.000Z</time>
        <extensions>
          <ns3:TrackPointExtension>
            <ns3:hr>160</ns3:hr>
            <ns3:cad>92</ns3:cad>
          </ns3:TrackPointExtension>
        </extensions>
      </trkpt>
      <trkpt lat="24.6304771117866039276123046875" lon="118.14454601146280765533447265625">
        <ele>11.6000003814697265625</ele>
        <time>2025-10-31T09:48:18.000Z</time>
        <extensions>
          <ns3:TrackPointExtension>
            <ns3:hr>159</ns3:hr>
            <ns3:cad>92</ns3:cad>
          </ns3:TrackPointExtension>
        </extensions>
      </trkpt>
      <trkpt lat="24.63044836185872554779052734375" lon="118.14452220685780048370361328125">
        <ele>11.6000003814697265625</ele>
        <time>2025-10-31T09:48:19.000Z</time>
        <extensions>
          <ns3:TrackPointExtension>
            <ns3:hr>160</ns3:hr>
            <ns3:cad>94</ns3:cad>
          </ns3:TrackPointExtension>
        </extensions>
      </trkpt>
      <trkpt lat="24.63042573072016239166259765625" lon="118.14450678415596485137939453125">
        <ele>11.6000003814697265625</ele>
        <time>2025-10-31T09:48:20.000Z</time>
        <extensions>
          <ns3:TrackPointExtension>
            <ns3:hr>160</ns3:hr>
            <ns3:cad>93</ns3:cad>
          </ns3:TrackPointExtension>
        </extensions>
      </trkpt>
      <trkpt lat="24.63039890863001346588134765625" lon="118.14448314718902111053466796875">
        <ele>11.6000003814697265625</ele>
        <time>2025-10-31T09:48:21.000Z</time>
        <extensions>
          <ns3:TrackPointExtension>
            <ns3:hr>159</ns3:hr>
            <ns3:cad>94</ns3:cad>
          </ns3:TrackPointExtension>
        </extensions>
      </trkpt>
      <trkpt lat="24.63037644512951374053955078125" lon="118.144470490515232086181640625">
        <ele>11.6000003814697265625</ele>
        <time>2025-10-31T09:48:22.000Z</time>
        <extensions>
          <ns3:TrackPointExtension>
            <ns3:hr>160</ns3:hr>
            <ns3:cad>94</ns3:cad>
          </ns3:TrackPointExtension>
        </extensions>
      </trkpt>
      <trkpt lat="24.630350880324840545654296875" lon="118.14445070922374725341796875">
        <ele>11.6000003814697265625</ele>
        <time>2025-10-31T09:48:23.000Z</time>
        <extensions>
          <ns3:TrackPointExtension>
            <ns3:hr>160</ns3:hr>
            <ns3:cad>94</ns3:cad>
          </ns3:TrackPointExtension>
        </extensions>
      </trkpt>
      <trkpt lat="24.63032783009111881256103515625" lon="118.144437633454799652099609375">
        <ele>11.6000003814697265625</ele>
        <time>2025-10-31T09:48:24.000Z</time>
        <extensions>
          <ns3:TrackPointExtension>
            <ns3:hr>160</ns3:hr>
            <ns3:cad>94</ns3:cad>
          </ns3:TrackPointExtension>
        </extensions>
      </trkpt>
      <trkpt lat="24.63030402548611164093017578125" lon="118.14441776834428310394287109375">
        <ele>11.6000003814697265625</ele>
        <time>2025-10-31T09:48:25.000Z</time>
        <extensions>
          <ns3:TrackPointExtension>
            <ns3:hr>159</ns3:hr>
            <ns3:cad>94</ns3:cad>
          </ns3:TrackPointExtension>
        </extensions>
      </trkpt>
      <trkpt lat="24.630280472338199615478515625" lon="118.14440284855663776397705078125">
        <ele>11.6000003814697265625</ele>
        <time>2025-10-31T09:48:26.000Z</time>
        <extensions>
          <ns3:TrackPointExtension>
            <ns3:hr>160</ns3:hr>
            <ns3:cad>94</ns3:cad>
          </ns3:TrackPointExtension>
        </extensions>
      </trkpt>
      <trkpt lat="24.63025574572384357452392578125" lon="118.14438541419804096221923828125">
        <ele>11.6000003814697265625</ele>
        <time>2025-10-31T09:48:27.000Z</time>
        <extensions>
          <ns3:TrackPointExtension>
            <ns3:hr>159</ns3:hr>
            <ns3:cad>93</ns3:cad>
          </ns3:TrackPointExtension>
        </extensions>
      </trkpt>
      <trkpt lat="24.6302350424230098724365234375" lon="118.14437133260071277618408203125">
        <ele>11.3999996185302734375</ele>
        <time>2025-10-31T09:48:28.000Z</time>
        <extensions>
          <ns3:TrackPointExtension>
            <ns3:hr>157</ns3:hr>
            <ns3:cad>92</ns3:cad>
          </ns3:TrackPointExtension>
        </extensions>
      </trkpt>
      <trkpt lat="24.630213417112827301025390625" lon="118.14435892738401889801025390625">
        <ele>11.3999996185302734375</ele>
        <time>2025-10-31T09:48:29.000Z</time>
        <extensions>
          <ns3:TrackPointExtension>
            <ns3:hr>157</ns3:hr>
            <ns3:cad>92</ns3:cad>
          </ns3:TrackPointExtension>
        </extensions>
      </trkpt>
      <trkpt lat="24.630189947783946990966796875" lon="118.14434610307216644287109375">
        <ele>11.3999996185302734375</ele>
        <time>2025-10-31T09:48:30.000Z</time>
        <extensions>
          <ns3:TrackPointExtension>
            <ns3:hr>157</ns3:hr>
            <ns3:cad>92</ns3:cad>
          </ns3:TrackPointExtension>
        </extensions>
      </trkpt>
      <trkpt lat="24.63016656227409839630126953125" lon="118.1443268246948719024658203125">
        <ele>11.3999996185302734375</ele>
        <time>2025-10-31T09:48:31.000Z</time>
        <extensions>
          <ns3:TrackPointExtension>
            <ns3:hr>156</ns3:hr>
            <ns3:cad>92</ns3:cad>
          </ns3:TrackPointExtension>
        </extensions>
      </trkpt>
      <trkpt lat="24.63015264831483364105224609375" lon="118.14431182108819484710693359375">
        <ele>11.6000003814697265625</ele>
        <time>2025-10-31T09:48:32.000Z</time>
        <extensions>
          <ns3:TrackPointExtension>
            <ns3:hr>156</ns3:hr>
            <ns3:cad>91</ns3:cad>
          </ns3:TrackPointExtension>
        </extensions>
      </trkpt>
      <trkpt lat="24.6301344595849514007568359375" lon="118.1442909501492977142333984375">
        <ele>11.6000003814697265625</ele>
        <time>2025-10-31T09:48:33.000Z</time>
        <extensions>
          <ns3:TrackPointExtension>
            <ns3:hr>155</ns3:hr>
            <ns3:cad>91</ns3:cad>
          </ns3:TrackPointExtension>
        </extensions>
      </trkpt>
      <trkpt lat="24.63011451065540313720703125" lon="118.14427359960973262786865234375">
        <ele>11.6000003814697265625</ele>
        <time>2025-10-31T09:48:34.000Z</time>
        <extensions>
          <ns3:TrackPointExtension>
            <ns3:hr>155</ns3:hr>
            <ns3:cad>90</ns3:cad>
          </ns3:TrackPointExtension>
        </extensions>
      </trkpt>
      <trkpt lat="24.630090706050395965576171875" lon="118.14425666816532611846923828125">
        <ele>11.6000003814697265625</ele>
        <time>2025-10-31T09:48:35.000Z</time>
        <extensions>
          <ns3:TrackPointExtension>
            <ns3:hr>154</ns3:hr>
            <ns3:cad>89</ns3:cad>
          </ns3:TrackPointExtension>
        </extensions>
      </trkpt>
      <trkpt lat="24.63006866164505481719970703125" lon="118.1442493759095668792724609375">
        <ele>11.6000003814697265625</ele>
        <time>2025-10-31T09:48:36.000Z</time>
        <extensions>
          <ns3:TrackPointExtension>
            <ns3:hr>154</ns3:hr>
            <ns3:cad>88</ns3:cad>
          </ns3:TrackPointExtension>
        </extensions>
      </trkpt>
      <trkpt lat="24.63004251010715961456298828125" lon="118.144243173301219940185546875">
        <ele>11.6000003814697265625</ele>
        <time>2025-10-31T09:48:37.000Z</time>
        <extensions>
          <ns3:TrackPointExtension>
            <ns3:hr>154</ns3:hr>
            <ns3:cad>88</ns3:cad>
          </ns3:TrackPointExtension>
        </extensions>
      </trkpt>
      <trkpt lat="24.63002289645373821258544921875" lon="118.14423470757901668548583984375">
        <ele>11.6000003814697265625</ele>
        <time>2025-10-31T09:48:38.000Z</time>
        <extensions>
          <ns3:TrackPointExtension>
            <ns3:hr>155</ns3:hr>
            <ns3:cad>88</ns3:cad>
          </ns3:TrackPointExtension>
        </extensions>
      </trkpt>
      <trkpt lat="24.62999674491584300994873046875" lon="118.14421542920172214508056640625">
        <ele>11.6000003814697265625</ele>
        <time>2025-10-31T09:48:39.000Z</time>
        <extensions>
          <ns3:TrackPointExtension>
            <ns3:hr>154</ns3:hr>
            <ns3:cad>89</ns3:cad>
          </ns3:TrackPointExtension>
        </extensions>
      </trkpt>
      <trkpt lat="24.6299752034246921539306640625" lon="118.1441990844905376434326171875">
        <ele>11.6000003814697265625</ele>
        <time>2025-10-31T09:48:40.000Z</time>
        <extensions>
          <ns3:TrackPointExtension>
            <ns3:hr>154</ns3:hr>
            <ns3:cad>89</ns3:cad>
          </ns3:TrackPointExtension>
        </extensions>
      </trkpt>
      <trkpt lat="24.62995265610516071319580078125" lon="118.14417787827551364898681640625">
        <ele>11.6000003814697265625</ele>
        <time>2025-10-31T09:48:41.000Z</time>
        <extensions>
          <ns3:TrackPointExtension>
            <ns3:hr>155</ns3:hr>
            <ns3:cad>90</ns3:cad>
          </ns3:TrackPointExtension>
        </extensions>
      </trkpt>
      <trkpt lat="24.62992834858596324920654296875" lon="118.14416765235364437103271484375">
        <ele>11.6000003814697265625</ele>
        <time>2025-10-31T09:48:42.000Z</time>
        <extensions>
          <ns3:TrackPointExtension>
            <ns3:hr>154</ns3:hr>
            <ns3:cad>90</ns3:cad>
          </ns3:TrackPointExtension>
        </extensions>
      </trkpt>
      <trkpt lat="24.62990487925708293914794921875" lon="118.14415273256599903106689453125">
        <ele>11.6000003814697265625</ele>
        <time>2025-10-31T09:48:43.000Z</time>
        <extensions>
          <ns3:TrackPointExtension>
            <ns3:hr>153</ns3:hr>
            <ns3:cad>90</ns3:cad>
          </ns3:TrackPointExtension>
        </extensions>
      </trkpt>
      <trkpt lat="24.6298830024898052215576171875" lon="118.14413798041641712188720703125">
        <ele>11.6000003814697265625</ele>
        <time>2025-10-31T09:48:44.000Z</time>
        <extensions>
          <ns3:TrackPointExtension>
            <ns3:hr>153</ns3:hr>
            <ns3:cad>90</ns3:cad>
          </ns3:TrackPointExtension>
        </extensions>
      </trkpt>
      <trkpt lat="24.6298588626086711883544921875" lon="118.1441226415336132049560546875">
        <ele>11.6000003814697265625</ele>
        <time>2025-10-31T09:48:45.000Z</time>
        <extensions>
          <ns3:TrackPointExtension>
            <ns3:hr>153</ns3:hr>
            <ns3:cad>91</ns3:cad>
          </ns3:TrackPointExtension>
        </extensions>
      </trkpt>
      <trkpt lat="24.6298347227275371551513671875" lon="118.1441092304885387420654296875">
        <ele>11.3999996185302734375</ele>
        <time>2025-10-31T09:48:46.000Z</time>
        <extensions>
          <ns3:TrackPointExtension>
            <ns3:hr>153</ns3:hr>
            <ns3:cad>91</ns3:cad>
          </ns3:TrackPointExtension>
        </extensions>
      </trkpt>
      <trkpt lat="24.6298134326934814453125" lon="118.14409322105348110198974609375">
        <ele>11.3999996185302734375</ele>
        <time>2025-10-31T09:48:47.000Z</time>
        <extensions>
          <ns3:TrackPointExtension>
            <ns3:hr>153</ns3:hr>
            <ns3:cad>91</ns3:cad>
          </ns3:TrackPointExtension>
        </extensions>
      </trkpt>
      <trkpt lat="24.62978501804172992706298828125" lon="118.1440763734281063079833984375">
        <ele>11.6000003814697265625</ele>
        <time>2025-10-31T09:48:48.000Z</time>
        <extensions>
          <ns3:TrackPointExtension>
            <ns3:hr>153</ns3:hr>
            <ns3:cad>92</ns3:cad>
          </ns3:TrackPointExtension>
        </extensions>
      </trkpt>
      <trkpt lat="24.62976406328380107879638671875" lon="118.14406623132526874542236328125">
        <ele>11.6000003814697265625</ele>
        <time>2025-10-31T09:48:49.000Z</time>
        <extensions>
          <ns3:TrackPointExtension>
            <ns3:hr>153</ns3:hr>
            <ns3:cad>92</ns3:cad>
          </ns3:TrackPointExtension>
        </extensions>
      </trkpt>
      <trkpt lat="24.62973900139331817626953125" lon="118.1440450251102447509765625">
        <ele>11.6000003814697265625</ele>
        <time>2025-10-31T09:48:50.000Z</time>
        <extensions>
          <ns3:TrackPointExtension>
            <ns3:hr>153</ns3:hr>
            <ns3:cad>92</ns3:cad>
          </ns3:TrackPointExtension>
        </extensions>
      </trkpt>
      <trkpt lat="24.62971754372119903564453125" lon="118.14402884803712368011474609375">
        <ele>11.6000003814697265625</ele>
        <time>2025-10-31T09:48:51.000Z</time>
        <extensions>
          <ns3:TrackPointExtension>
            <ns3:hr>153</ns3:hr>
            <ns3:cad>92</ns3:cad>
          </ns3:TrackPointExtension>
        </extensions>
      </trkpt>
      <trkpt lat="24.62968963198363780975341796875" lon="118.1440099887549877166748046875">
        <ele>11.6000003814697265625</ele>
        <time>2025-10-31T09:48:52.000Z</time>
        <extensions>
          <ns3:TrackPointExtension>
            <ns3:hr>153</ns3:hr>
            <ns3:cad>92</ns3:cad>
          </ns3:TrackPointExtension>
        </extensions>
      </trkpt>
      <trkpt lat="24.62966130115091800689697265625" lon="118.14399850554764270782470703125">
        <ele>11.6000003814697265625</ele>
        <time>2025-10-31T09:48:53.000Z</time>
        <extensions>
          <ns3:TrackPointExtension>
            <ns3:hr>153</ns3:hr>
            <ns3:cad>92</ns3:cad>
          </ns3:TrackPointExtension>
        </extensions>
      </trkpt>
      <trkpt lat="24.62963640689849853515625" lon="118.14398123882710933685302734375">
        <ele>11.3999996185302734375</ele>
        <time>2025-10-31T09:48:54.000Z</time>
        <extensions>
          <ns3:TrackPointExtension>
            <ns3:hr>154</ns3:hr>
            <ns3:cad>92</ns3:cad>
          </ns3:TrackPointExtension>
        </extensions>
      </trkpt>
      <trkpt lat="24.6296147815883159637451171875" lon="118.143968917429447174072265625">
        <ele>11.3999996185302734375</ele>
        <time>2025-10-31T09:48:55.000Z</time>
        <extensions>
          <ns3:TrackPointExtension>
            <ns3:hr>154</ns3:hr>
            <ns3:cad>92</ns3:cad>
          </ns3:TrackPointExtension>
        </extensions>
      </trkpt>
      <trkpt lat="24.62959022261202335357666015625" lon="118.14395190216600894927978515625">
        <ele>11.3999996185302734375</ele>
        <time>2025-10-31T09:48:56.000Z</time>
        <extensions>
          <ns3:TrackPointExtension>
            <ns3:hr>154</ns3:hr>
            <ns3:cad>90</ns3:cad>
          </ns3:TrackPointExtension>
        </extensions>
      </trkpt>
      <trkpt lat="24.62957077659666538238525390625" lon="118.14393865875899791717529296875">
        <ele>11.3999996185302734375</ele>
        <time>2025-10-31T09:48:57.000Z</time>
        <extensions>
          <ns3:TrackPointExtension>
            <ns3:hr>154</ns3:hr>
            <ns3:cad>90</ns3:cad>
          </ns3:TrackPointExtension>
        </extensions>
      </trkpt>
      <trkpt lat="24.62954496033489704132080078125" lon="118.1439167819917201995849609375">
        <ele>11.3999996185302734375</ele>
        <time>2025-10-31T09:48:58.000Z</time>
        <extensions>
          <ns3:TrackPointExtension>
            <ns3:hr>154</ns3:hr>
            <ns3:cad>90</ns3:cad>
          </ns3:TrackPointExtension>
        </extensions>
      </trkpt>
      <trkpt lat="24.6295255981385707855224609375" lon="118.1439094059169292449951171875">
        <ele>11.6000003814697265625</ele>
        <time>2025-10-31T09:48:59.000Z</time>
        <extensions>
          <ns3:TrackPointExtension>
            <ns3:hr>153</ns3:hr>
            <ns3:cad>90</ns3:cad>
          </ns3:TrackPointExtension>
        </extensions>
      </trkpt>
      <trkpt lat="24.62949852459132671356201171875" lon="118.1438876129686832427978515625">
        <ele>11.6000003814697265625</ele>
        <time>2025-10-31T09:49:00.000Z</time>
        <extensions>
          <ns3:TrackPointExtension>
            <ns3:hr>154</ns3:hr>
            <ns3:cad>90</ns3:cad>
          </ns3:TrackPointExtension>
        </extensions>
      </trkpt>
      <trkpt lat="24.629475809633731842041015625" lon="118.14387411810457706451416015625">
        <ele>11.6000003814697265625</ele>
        <time>2025-10-31T09:49:01.000Z</time>
        <extensions>
          <ns3:TrackPointExtension>
            <ns3:hr>153</ns3:hr>
            <ns3:cad>90</ns3:cad>
          </ns3:TrackPointExtension>
        </extensions>
      </trkpt>
      <trkpt lat="24.62944940663874149322509765625" lon="118.14385299570858478546142578125">
        <ele>11.3999996185302734375</ele>
        <time>2025-10-31T09:49:02.000Z</time>
        <extensions>
          <ns3:TrackPointExtension>
            <ns3:hr>153</ns3:hr>
            <ns3:cad>90</ns3:cad>
          </ns3:TrackPointExtension>
        </extensions>
      </trkpt>
      <trkpt lat="24.6294273622334003448486328125" lon="118.14383991993963718414306640625">
        <ele>11.3999996185302734375</ele>
        <time>2025-10-31T09:49:03.000Z</time>
        <extensions>
          <ns3:TrackPointExtension>
            <ns3:hr>153</ns3:hr>
            <ns3:cad>90</ns3:cad>
          </ns3:TrackPointExtension>
        </extensions>
      </trkpt>
      <trkpt lat="24.6294052340090274810791015625" lon="118.14381762407720088958740234375">
        <ele>11.3999996185302734375</ele>
        <time>2025-10-31T09:49:04.000Z</time>
        <extensions>
          <ns3:TrackPointExtension>
            <ns3:hr>154</ns3:hr>
            <ns3:cad>92</ns3:cad>
          </ns3:TrackPointExtension>
        </extensions>
      </trkpt>
      <trkpt lat="24.62938101030886173248291015625" lon="118.14380027353763580322265625">
        <ele>11.3999996185302734375</ele>
        <time>2025-10-31T09:49:05.000Z</time>
        <extensions>
          <ns3:TrackPointExtension>
            <ns3:hr>153</ns3:hr>
            <ns3:cad>92</ns3:cad>
          </ns3:TrackPointExtension>
        </extensions>
      </trkpt>
      <trkpt lat="24.6293606422841548919677734375" lon="118.14377739094197750091552734375">
        <ele>11.3999996185302734375</ele>
        <time>2025-10-31T09:49:06.000Z</time>
        <extensions>
          <ns3:TrackPointExtension>
            <ns3:hr>153</ns3:hr>
            <ns3:cad>93</ns3:cad>
          </ns3:TrackPointExtension>
        </extensions>
      </trkpt>
      <trkpt lat="24.62934010662138462066650390625" lon="118.14375895075500011444091796875">
        <ele>11.3999996185302734375</ele>
        <time>2025-10-31T09:49:07.000Z</time>
        <extensions>
          <ns3:TrackPointExtension>
            <ns3:hr>154</ns3:hr>
            <ns3:cad>93</ns3:cad>
          </ns3:TrackPointExtension>
        </extensions>
      </trkpt>
      <trkpt lat="24.62931646965444087982177734375" lon="118.14374151639640331268310546875">
        <ele>11.6000003814697265625</ele>
        <time>2025-10-31T09:49:08.000Z</time>
        <extensions>
          <ns3:TrackPointExtension>
            <ns3:hr>154</ns3:hr>
            <ns3:cad>93</ns3:cad>
          </ns3:TrackPointExtension>
        </extensions>
      </trkpt>
      <trkpt lat="24.62929375469684600830078125" lon="118.14372508786618709564208984375">
        <ele>11.6000003814697265625</ele>
        <time>2025-10-31T09:49:09.000Z</time>
        <extensions>
          <ns3:TrackPointExtension>
            <ns3:hr>154</ns3:hr>
            <ns3:cad>91</ns3:cad>
          </ns3:TrackPointExtension>
        </extensions>
      </trkpt>
      <trkpt lat="24.62927053682506084442138671875" lon="118.1437099166214466094970703125">
        <ele>11.80000019073486328125</ele>
        <time>2025-10-31T09:49:10.000Z</time>
        <extensions>
          <ns3:TrackPointExtension>
            <ns3:hr>155</ns3:hr>
            <ns3:cad>91</ns3:cad>
          </ns3:TrackPointExtension>
        </extensions>
      </trkpt>
      <trkpt lat="24.6292476542294025421142578125" lon="118.1436887942254543304443359375">
        <ele>11.80000019073486328125</ele>
        <time>2025-10-31T09:49:11.000Z</time>
        <extensions>
          <ns3:TrackPointExtension>
            <ns3:hr>156</ns3:hr>
            <ns3:cad>91</ns3:cad>
          </ns3:TrackPointExtension>
        </extensions>
      </trkpt>
      <trkpt lat="24.6292251907289028167724609375" lon="118.14367865212261676788330078125">
        <ele>11.6000003814697265625</ele>
        <time>2025-10-31T09:49:12.000Z</time>
        <extensions>
          <ns3:TrackPointExtension>
            <ns3:hr>156</ns3:hr>
            <ns3:cad>91</ns3:cad>
          </ns3:TrackPointExtension>
        </extensions>
      </trkpt>
      <trkpt lat="24.62919543497264385223388671875" lon="118.143657110631465911865234375">
        <ele>11.3999996185302734375</ele>
        <time>2025-10-31T09:49:13.000Z</time>
        <extensions>
          <ns3:TrackPointExtension>
            <ns3:hr>156</ns3:hr>
            <ns3:cad>91</ns3:cad>
          </ns3:TrackPointExtension>
        </extensions>
      </trkpt>
      <trkpt lat="24.62917129509150981903076171875" lon="118.14364411868155002593994140625">
        <ele>11.19999980926513671875</ele>
        <time>2025-10-31T09:49:14.000Z</time>
        <extensions>
          <ns3:TrackPointExtension>
            <ns3:hr>155</ns3:hr>
            <ns3:cad>93</ns3:cad>
          </ns3:TrackPointExtension>
        </extensions>
      </trkpt>
      <trkpt lat="24.62914430536329746246337890625" lon="118.14361377619206905364990234375">
        <ele>11.19999980926513671875</ele>
        <time>2025-10-31T09:49:15.000Z</time>
        <extensions>
          <ns3:TrackPointExtension>
            <ns3:hr>156</ns3:hr>
            <ns3:cad>93</ns3:cad>
          </ns3:TrackPointExtension>
        </extensions>
      </trkpt>
      <trkpt lat="24.62911664508283138275146484375" lon="118.14359642565250396728515625">
        <ele>11.19999980926513671875</ele>
        <time>2025-10-31T09:49:16.000Z</time>
        <extensions>
          <ns3:TrackPointExtension>
            <ns3:hr>156</ns3:hr>
            <ns3:cad>93</ns3:cad>
          </ns3:TrackPointExtension>
        </extensions>
      </trkpt>
      <trkpt lat="24.62909124791622161865234375" lon="118.14357086084783077239990234375">
        <ele>11.19999980926513671875</ele>
        <time>2025-10-31T09:49:17.000Z</time>
        <extensions>
          <ns3:TrackPointExtension>
            <ns3:hr>155</ns3:hr>
            <ns3:cad>93</ns3:cad>
          </ns3:TrackPointExtension>
        </extensions>
      </trkpt>
      <trkpt lat="24.62906819768249988555908203125" lon="118.14355275593698024749755859375">
        <ele>11.19999980926513671875</ele>
        <time>2025-10-31T09:49:18.000Z</time>
        <extensions>
          <ns3:TrackPointExtension>
            <ns3:hr>156</ns3:hr>
            <ns3:cad>93</ns3:cad>
          </ns3:TrackPointExtension>
        </extensions>
      </trkpt>
      <trkpt lat="24.6290424652397632598876953125" lon="118.14353515394032001495361328125">
        <ele>11.3999996185302734375</ele>
        <time>2025-10-31T09:49:19.000Z</time>
        <extensions>
          <ns3:TrackPointExtension>
            <ns3:hr>156</ns3:hr>
            <ns3:cad>93</ns3:cad>
          </ns3:TrackPointExtension>
        </extensions>
      </trkpt>
      <trkpt lat="24.6290119551122188568115234375" lon="118.143520317971706390380859375">
        <ele>11.3999996185302734375</ele>
        <time>2025-10-31T09:49:20.000Z</time>
        <extensions>
          <ns3:TrackPointExtension>
            <ns3:hr>156</ns3:hr>
            <ns3:cad>92</ns3:cad>
          </ns3:TrackPointExtension>
        </extensions>
      </trkpt>
      <trkpt lat="24.62898722849786281585693359375" lon="118.14350648783147335052490234375">
        <ele>11.19999980926513671875</ele>
        <time>2025-10-31T09:49:21.000Z</time>
        <extensions>
          <ns3:TrackPointExtension>
            <ns3:hr>156</ns3:hr>
            <ns3:cad>92</ns3:cad>
          </ns3:TrackPointExtension>
        </extensions>
      </trkpt>
      <trkpt lat="24.628960154950618743896484375" lon="118.14348855055868625640869140625">
        <ele>11.19999980926513671875</ele>
        <time>2025-10-31T09:49:22.000Z</time>
        <extensions>
          <ns3:TrackPointExtension>
            <ns3:hr>157</ns3:hr>
            <ns3:cad>92</ns3:cad>
          </ns3:TrackPointExtension>
        </extensions>
      </trkpt>
      <trkpt lat="24.6289376914501190185546875" lon="118.14347631298005580902099609375">
        <ele>11.19999980926513671875</ele>
        <time>2025-10-31T09:49:23.000Z</time>
        <extensions>
          <ns3:TrackPointExtension>
            <ns3:hr>157</ns3:hr>
            <ns3:cad>93</ns3:cad>
          </ns3:TrackPointExtension>
        </extensions>
      </trkpt>
      <trkpt lat="24.628909863531589508056640625" lon="118.1434544362127780914306640625">
        <ele>11</ele>
        <time>2025-10-31T09:49:24.000Z</time>
        <extensions>
          <ns3:TrackPointExtension>
            <ns3:hr>157</ns3:hr>
            <ns3:cad>93</ns3:cad>
          </ns3:TrackPointExtension>
        </extensions>
      </trkpt>
      <trkpt lat="24.628884382545948028564453125" lon="118.14344245009124279022216796875">
        <ele>10.80000019073486328125</ele>
        <time>2025-10-31T09:49:25.000Z</time>
        <extensions>
          <ns3:TrackPointExtension>
            <ns3:hr>158</ns3:hr>
            <ns3:cad>93</ns3:cad>
          </ns3:TrackPointExtension>
        </extensions>
      </trkpt>
      <trkpt lat="24.628857560455799102783203125" lon="118.14342132769525051116943359375">
        <ele>10.80000019073486328125</ele>
        <time>2025-10-31T09:49:26.000Z</time>
        <extensions>
          <ns3:TrackPointExtension>
            <ns3:hr>158</ns3:hr>
            <ns3:cad>93</ns3:cad>
          </ns3:TrackPointExtension>
        </extensions>
      </trkpt>
      <trkpt lat="24.62883601896464824676513671875" lon="118.143411017954349517822265625">
        <ele>11</ele>
        <time>2025-10-31T09:49:27.000Z</time>
        <extensions>
          <ns3:TrackPointExtension>
            <ns3:hr>158</ns3:hr>
            <ns3:cad>93</ns3:cad>
          </ns3:TrackPointExtension>
        </extensions>
      </trkpt>
      <trkpt lat="24.6288091130554676055908203125" lon="118.14338729716837406158447265625">
        <ele>11</ele>
        <time>2025-10-31T09:49:28.000Z</time>
        <extensions>
          <ns3:TrackPointExtension>
            <ns3:hr>158</ns3:hr>
            <ns3:cad>93</ns3:cad>
          </ns3:TrackPointExtension>
        </extensions>
      </trkpt>
      <trkpt lat="24.628785811364650726318359375" lon="118.14337321557104587554931640625">
        <ele>11</ele>
        <time>2025-10-31T09:49:29.000Z</time>
        <extensions>
          <ns3:TrackPointExtension>
            <ns3:hr>159</ns3:hr>
            <ns3:cad>93</ns3:cad>
          </ns3:TrackPointExtension>
        </extensions>
      </trkpt>
      <trkpt lat="24.62875873781740665435791015625" lon="118.1433608941733837127685546875">
        <ele>11</ele>
        <time>2025-10-31T09:49:30.000Z</time>
        <extensions>
          <ns3:TrackPointExtension>
            <ns3:hr>159</ns3:hr>
            <ns3:cad>91</ns3:cad>
          </ns3:TrackPointExtension>
        </extensions>
      </trkpt>
      <trkpt lat="24.62873409502208232879638671875" lon="118.14334438182413578033447265625">
        <ele>10.80000019073486328125</ele>
        <time>2025-10-31T09:49:31.000Z</time>
        <extensions>
          <ns3:TrackPointExtension>
            <ns3:hr>158</ns3:hr>
            <ns3:cad>91</ns3:cad>
          </ns3:TrackPointExtension>
        </extensions>
      </trkpt>
      <trkpt lat="24.6287102065980434417724609375" lon="118.1433261930942535400390625">
        <ele>10.80000019073486328125</ele>
        <time>2025-10-31T09:49:32.000Z</time>
        <extensions>
          <ns3:TrackPointExtension>
            <ns3:hr>158</ns3:hr>
            <ns3:cad>93</ns3:cad>
          </ns3:TrackPointExtension>
        </extensions>
      </trkpt>
      <trkpt lat="24.62868489325046539306640625" lon="118.143308423459529876708984375">
        <ele>11</ele>
        <time>2025-10-31T09:49:33.000Z</time>
        <extensions>
          <ns3:TrackPointExtension>
            <ns3:hr>158</ns3:hr>
            <ns3:cad>93</ns3:cad>
          </ns3:TrackPointExtension>
        </extensions>
      </trkpt>
      <trkpt lat="24.6286632679402828216552734375" lon="118.14329358749091625213623046875">
        <ele>11</ele>
        <time>2025-10-31T09:49:34.000Z</time>
        <extensions>
          <ns3:TrackPointExtension>
            <ns3:hr>158</ns3:hr>
            <ns3:cad>93</ns3:cad>
          </ns3:TrackPointExtension>
        </extensions>
      </trkpt>
      <trkpt lat="24.6286374516785144805908203125" lon="118.1432725489139556884765625">
        <ele>11</ele>
        <time>2025-10-31T09:49:35.000Z</time>
        <extensions>
          <ns3:TrackPointExtension>
            <ns3:hr>158</ns3:hr>
            <ns3:cad>93</ns3:cad>
          </ns3:TrackPointExtension>
        </extensions>
      </trkpt>
      <trkpt lat="24.6286156587302684783935546875" lon="118.14326877705752849578857421875">
        <ele>11</ele>
        <time>2025-10-31T09:49:36.000Z</time>
        <extensions>
          <ns3:TrackPointExtension>
            <ns3:hr>157</ns3:hr>
            <ns3:cad>92</ns3:cad>
          </ns3:TrackPointExtension>
        </extensions>
      </trkpt>
      <trkpt lat="24.628582634031772613525390625" lon="118.143247403204441070556640625">
        <ele>11</ele>
        <time>2025-10-31T09:49:37.000Z</time>
        <extensions>
          <ns3:TrackPointExtension>
            <ns3:hr>156</ns3:hr>
            <ns3:cad>92</ns3:cad>
          </ns3:TrackPointExtension>
        </extensions>
      </trkpt>
      <trkpt lat="24.62856159545481204986572265625" lon="118.1432415358722209930419921875">
        <ele>10.80000019073486328125</ele>
        <time>2025-10-31T09:49:38.000Z</time>
        <extensions>
          <ns3:TrackPointExtension>
            <ns3:hr>155</ns3:hr>
            <ns3:cad>91</ns3:cad>
          </ns3:TrackPointExtension>
        </extensions>
      </trkpt>
      <trkpt lat="24.62853427045047283172607421875" lon="118.14322351478040218353271484375">
        <ele>10.80000019073486328125</ele>
        <time>2025-10-31T09:49:39.000Z</time>
        <extensions>
          <ns3:TrackPointExtension>
            <ns3:hr>155</ns3:hr>
            <ns3:cad>90</ns3:cad>
          </ns3:TrackPointExtension>
        </extensions>
      </trkpt>
      <trkpt lat="24.62851859629154205322265625" lon="118.1432140432298183441162109375">
        <ele>10.80000019073486328125</ele>
        <time>2025-10-31T09:49:40.000Z</time>
        <extensions>
          <ns3:TrackPointExtension>
            <ns3:hr>156</ns3:hr>
            <ns3:cad>90</ns3:cad>
          </ns3:TrackPointExtension>
        </extensions>
      </trkpt>
      <trkpt lat="24.6284892596304416656494140625" lon="118.14319082535803318023681640625">
        <ele>10.80000019073486328125</ele>
        <time>2025-10-31T09:49:41.000Z</time>
        <extensions>
          <ns3:TrackPointExtension>
            <ns3:hr>155</ns3:hr>
            <ns3:cad>90</ns3:cad>
          </ns3:TrackPointExtension>
        </extensions>
      </trkpt>
      <trkpt lat="24.62846503593027591705322265625" lon="118.14318160526454448699951171875">
        <ele>10.80000019073486328125</ele>
        <time>2025-10-31T09:49:42.000Z</time>
        <extensions>
          <ns3:TrackPointExtension>
            <ns3:hr>155</ns3:hr>
            <ns3:cad>91</ns3:cad>
          </ns3:TrackPointExtension>
        </extensions>
      </trkpt>
      <trkpt lat="24.6284393034875392913818359375" lon="118.14316148869693279266357421875">
        <ele>11</ele>
        <time>2025-10-31T09:49:43.000Z</time>
        <extensions>
          <ns3:TrackPointExtension>
            <ns3:hr>155</ns3:hr>
            <ns3:cad>92</ns3:cad>
          </ns3:TrackPointExtension>
        </extensions>
      </trkpt>
      <trkpt lat="24.62841524742543697357177734375" lon="118.1431503407657146453857421875">
        <ele>11</ele>
        <time>2025-10-31T09:49:44.000Z</time>
        <extensions>
          <ns3:TrackPointExtension>
            <ns3:hr>154</ns3:hr>
            <ns3:cad>92</ns3:cad>
          </ns3:TrackPointExtension>
        </extensions>
      </trkpt>
      <trkpt lat="24.62838691659271717071533203125" lon="118.14312645234167575836181640625">
        <ele>11</ele>
        <time>2025-10-31T09:49:45.000Z</time>
        <extensions>
          <ns3:TrackPointExtension>
            <ns3:hr>154</ns3:hr>
            <ns3:cad>93</ns3:cad>
          </ns3:TrackPointExtension>
        </extensions>
      </trkpt>
      <trkpt lat="24.6283628605306148529052734375" lon="118.1431102752685546875">
        <ele>10.80000019073486328125</ele>
        <time>2025-10-31T09:49:46.000Z</time>
        <extensions>
          <ns3:TrackPointExtension>
            <ns3:hr>154</ns3:hr>
            <ns3:cad>93</ns3:cad>
          </ns3:TrackPointExtension>
        </extensions>
      </trkpt>
      <trkpt lat="24.62833545170724391937255859375" lon="118.143092505633831024169921875">
        <ele>10.80000019073486328125</ele>
        <time>2025-10-31T09:49:47.000Z</time>
        <extensions>
          <ns3:TrackPointExtension>
            <ns3:hr>154</ns3:hr>
            <ns3:cad>93</ns3:cad>
          </ns3:TrackPointExtension>
        </extensions>
      </trkpt>
      <trkpt lat="24.62830494157969951629638671875" lon="118.14307607710361480712890625">
        <ele>10.80000019073486328125</ele>
        <time>2025-10-31T09:49:48.000Z</time>
        <extensions>
          <ns3:TrackPointExtension>
            <ns3:hr>154</ns3:hr>
            <ns3:cad>93</ns3:cad>
          </ns3:TrackPointExtension>
        </extensions>
      </trkpt>
      <trkpt lat="24.62828113697469234466552734375" lon="118.14306627027690410614013671875">
        <ele>10.80000019073486328125</ele>
        <time>2025-10-31T09:49:49.000Z</time>
        <extensions>
          <ns3:TrackPointExtension>
            <ns3:hr>154</ns3:hr>
            <ns3:cad>93</ns3:cad>
          </ns3:TrackPointExtension>
        </extensions>
      </trkpt>
      <trkpt lat="24.6282528899610042572021484375" lon="118.14305319450795650482177734375">
        <ele>10.80000019073486328125</ele>
        <time>2025-10-31T09:49:50.000Z</time>
        <extensions>
          <ns3:TrackPointExtension>
            <ns3:hr>154</ns3:hr>
            <ns3:cad>93</ns3:cad>
          </ns3:TrackPointExtension>
        </extensions>
      </trkpt>
      <trkpt lat="24.62823101319372653961181640625" lon="118.14304498024284839630126953125">
        <ele>10.80000019073486328125</ele>
        <time>2025-10-31T09:49:51.000Z</time>
        <extensions>
          <ns3:TrackPointExtension>
            <ns3:hr>155</ns3:hr>
            <ns3:cad>93</ns3:cad>
          </ns3:TrackPointExtension>
        </extensions>
      </trkpt>
      <trkpt lat="24.628203101456165313720703125" lon="118.143032155930995941162109375">
        <ele>11</ele>
        <time>2025-10-31T09:49:52.000Z</time>
        <extensions>
          <ns3:TrackPointExtension>
            <ns3:hr>155</ns3:hr>
            <ns3:cad>93</ns3:cad>
          </ns3:TrackPointExtension>
        </extensions>
      </trkpt>
      <trkpt lat="24.62818122468888759613037109375" lon="118.1430150568485260009765625">
        <ele>11</ele>
        <time>2025-10-31T09:49:53.000Z</time>
        <extensions>
          <ns3:TrackPointExtension>
            <ns3:hr>155</ns3:hr>
            <ns3:cad>93</ns3:cad>
          </ns3:TrackPointExtension>
        </extensions>
      </trkpt>
      <trkpt lat="24.62815641425549983978271484375" lon="118.14300273545086383819580078125">
        <ele>11</ele>
        <time>2025-10-31T09:49:54.000Z</time>
        <extensions>
          <ns3:TrackPointExtension>
            <ns3:hr>155</ns3:hr>
            <ns3:cad>93</ns3:cad>
          </ns3:TrackPointExtension>
        </extensions>
      </trkpt>
      <trkpt lat="24.62813311256468296051025390625" lon="118.14299033023416996002197265625">
        <ele>11.19999980926513671875</ele>
        <time>2025-10-31T09:49:55.000Z</time>
        <extensions>
          <ns3:TrackPointExtension>
            <ns3:hr>156</ns3:hr>
            <ns3:cad>92</ns3:cad>
          </ns3:TrackPointExtension>
        </extensions>
      </trkpt>
      <trkpt lat="24.62810595519840717315673828125" lon="118.1429801881313323974609375">
        <ele>11.19999980926513671875</ele>
        <time>2025-10-31T09:49:56.000Z</time>
        <extensions>
          <ns3:TrackPointExtension>
            <ns3:hr>156</ns3:hr>
            <ns3:cad>92</ns3:cad>
          </ns3:TrackPointExtension>
        </extensions>
      </trkpt>
      <trkpt lat="24.6280820667743682861328125" lon="118.142971135675907135009765625">
        <ele>11.3999996185302734375</ele>
        <time>2025-10-31T09:49:57.000Z</time>
        <extensions>
          <ns3:TrackPointExtension>
            <ns3:hr>156</ns3:hr>
            <ns3:cad>92</ns3:cad>
          </ns3:TrackPointExtension>
        </extensions>
      </trkpt>
      <trkpt lat="24.62805457413196563720703125" lon="118.1429572217166423797607421875">
        <ele>11.3999996185302734375</ele>
        <time>2025-10-31T09:49:58.000Z</time>
        <extensions>
          <ns3:TrackPointExtension>
            <ns3:hr>157</ns3:hr>
            <ns3:cad>92</ns3:cad>
          </ns3:TrackPointExtension>
        </extensions>
      </trkpt>
      <trkpt lat="24.62802967987954616546630859375" lon="118.142943643033504486083984375">
        <ele>11.3999996185302734375</ele>
        <time>2025-10-31T09:49:59.000Z</time>
        <extensions>
          <ns3:TrackPointExtension>
            <ns3:hr>157</ns3:hr>
            <ns3:cad>93</ns3:cad>
          </ns3:TrackPointExtension>
        </extensions>
      </trkpt>
      <trkpt lat="24.62800369597971439361572265625" lon="118.14292880706489086151123046875">
        <ele>11.3999996185302734375</ele>
        <time>2025-10-31T09:50:00.000Z</time>
        <extensions>
          <ns3:TrackPointExtension>
            <ns3:hr>158</ns3:hr>
            <ns3:cad>93</ns3:cad>
          </ns3:TrackPointExtension>
        </extensions>
      </trkpt>
      <trkpt lat="24.62798207066953182220458984375" lon="118.14291606657207012176513671875">
        <ele>11.3999996185302734375</ele>
        <time>2025-10-31T09:50:01.000Z</time>
        <extensions>
          <ns3:TrackPointExtension>
            <ns3:hr>158</ns3:hr>
            <ns3:cad>93</ns3:cad>
          </ns3:TrackPointExtension>
        </extensions>
      </trkpt>
      <trkpt lat="24.6279551647603511810302734375" lon="118.142904080450534820556640625">
        <ele>11.3999996185302734375</ele>
        <time>2025-10-31T09:50:02.000Z</time>
        <extensions>
          <ns3:TrackPointExtension>
            <ns3:hr>158</ns3:hr>
            <ns3:cad>93</ns3:cad>
          </ns3:TrackPointExtension>
        </extensions>
      </trkpt>
      <trkpt lat="24.6279293484985828399658203125" lon="118.14289175905287265777587890625">
        <ele>11.3999996185302734375</ele>
        <time>2025-10-31T09:50:03.000Z</time>
        <extensions>
          <ns3:TrackPointExtension>
            <ns3:hr>158</ns3:hr>
            <ns3:cad>93</ns3:cad>
          </ns3:TrackPointExtension>
        </extensions>
      </trkpt>
      <trkpt lat="24.6279042027890682220458984375" lon="118.14287616871297359466552734375">
        <ele>11.3999996185302734375</ele>
        <time>2025-10-31T09:50:04.000Z</time>
        <extensions>
          <ns3:TrackPointExtension>
            <ns3:hr>159</ns3:hr>
            <ns3:cad>93</ns3:cad>
          </ns3:TrackPointExtension>
        </extensions>
      </trkpt>
      <trkpt lat="24.6278782188892364501953125" lon="118.1428603269159793853759765625">
        <ele>11.3999996185302734375</ele>
        <time>2025-10-31T09:50:05.000Z</time>
        <extensions>
          <ns3:TrackPointExtension>
            <ns3:hr>158</ns3:hr>
            <ns3:cad>91</ns3:cad>
          </ns3:TrackPointExtension>
        </extensions>
      </trkpt>
      <trkpt lat="24.62785081006586551666259765625" lon="118.14284465275704860687255859375">
        <ele>11.3999996185302734375</ele>
        <time>2025-10-31T09:50:06.000Z</time>
        <extensions>
          <ns3:TrackPointExtension>
            <ns3:hr>158</ns3:hr>
            <ns3:cad>91</ns3:cad>
          </ns3:TrackPointExtension>
        </extensions>
      </trkpt>
      <trkpt lat="24.6278234012424945831298828125" lon="118.14282587729394435882568359375">
        <ele>11.3999996185302734375</ele>
        <time>2025-10-31T09:50:07.000Z</time>
        <extensions>
          <ns3:TrackPointExtension>
            <ns3:hr>158</ns3:hr>
            <ns3:cad>91</ns3:cad>
          </ns3:TrackPointExtension>
        </extensions>
      </trkpt>
      <trkpt lat="24.6278032846748828887939453125" lon="118.1428247876465320587158203125">
        <ele>11.19999980926513671875</ele>
        <time>2025-10-31T09:50:08.000Z</time>
        <extensions>
          <ns3:TrackPointExtension>
            <ns3:hr>158</ns3:hr>
            <ns3:cad>94</ns3:cad>
          </ns3:TrackPointExtension>
        </extensions>
      </trkpt>
      <trkpt lat="24.62776816450059413909912109375" lon="118.142810203135013580322265625">
        <ele>11.19999980926513671875</ele>
        <time>2025-10-31T09:50:09.000Z</time>
        <extensions>
          <ns3:TrackPointExtension>
            <ns3:hr>158</ns3:hr>
            <ns3:cad>94</ns3:cad>
          </ns3:TrackPointExtension>
        </extensions>
      </trkpt>
      <trkpt lat="24.6277449466288089752197265625" lon="118.1428053416311740875244140625">
        <ele>11.19999980926513671875</ele>
        <time>2025-10-31T09:50:10.000Z</time>
        <extensions>
          <ns3:TrackPointExtension>
            <ns3:hr>158</ns3:hr>
            <ns3:cad>94</ns3:cad>
          </ns3:TrackPointExtension>
        </extensions>
      </trkpt>
      <trkpt lat="24.62771586142480373382568359375" lon="118.14278304576873779296875">
        <ele>11</ele>
        <time>2025-10-31T09:50:11.000Z</time>
        <extensions>
          <ns3:TrackPointExtension>
            <ns3:hr>157</ns3:hr>
            <ns3:cad>94</ns3:cad>
          </ns3:TrackPointExtension>
        </extensions>
      </trkpt>
      <trkpt lat="24.62769423611462116241455078125" lon="118.14278103411197662353515625">
        <ele>11</ele>
        <time>2025-10-31T09:50:12.000Z</time>
        <extensions>
          <ns3:TrackPointExtension>
            <ns3:hr>157</ns3:hr>
            <ns3:cad>94</ns3:cad>
          </ns3:TrackPointExtension>
        </extensions>
      </trkpt>
      <trkpt lat="24.62766540236771106719970703125" lon="118.1427600793540477752685546875">
        <ele>11</ele>
        <time>2025-10-31T09:50:13.000Z</time>
        <extensions>
          <ns3:TrackPointExtension>
            <ns3:hr>157</ns3:hr>
            <ns3:cad>93</ns3:cad>
          </ns3:TrackPointExtension>
        </extensions>
      </trkpt>
      <trkpt lat="24.627645872533321380615234375" lon="118.1427503563463687896728515625">
        <ele>11</ele>
        <time>2025-10-31T09:50:14.000Z</time>
        <extensions>
          <ns3:TrackPointExtension>
            <ns3:hr>158</ns3:hr>
            <ns3:cad>92</ns3:cad>
          </ns3:TrackPointExtension>
        </extensions>
      </trkpt>
      <trkpt lat="24.6276158653199672698974609375" lon="118.1427307426929473876953125">
        <ele>11</ele>
        <time>2025-10-31T09:50:15.000Z</time>
        <extensions>
          <ns3:TrackPointExtension>
            <ns3:hr>158</ns3:hr>
            <ns3:cad>92</ns3:cad>
          </ns3:TrackPointExtension>
        </extensions>
      </trkpt>
      <trkpt lat="24.6275930665433406829833984375" lon="118.14272512681782245635986328125">
        <ele>11.19999980926513671875</ele>
        <time>2025-10-31T09:50:16.000Z</time>
        <extensions>
          <ns3:TrackPointExtension>
            <ns3:hr>158</ns3:hr>
            <ns3:cad>90</ns3:cad>
          </ns3:TrackPointExtension>
        </extensions>
      </trkpt>
      <trkpt lat="24.6275649033486843109130859375" lon="118.14270702190697193145751953125">
        <ele>11.19999980926513671875</ele>
        <time>2025-10-31T09:50:17.000Z</time>
        <extensions>
          <ns3:TrackPointExtension>
            <ns3:hr>158</ns3:hr>
            <ns3:cad>90</ns3:cad>
          </ns3:TrackPointExtension>
        </extensions>
      </trkpt>
      <trkpt lat="24.62754000909626483917236328125" lon="118.142696209251880645751953125">
        <ele>11.19999980926513671875</ele>
        <time>2025-10-31T09:50:18.000Z</time>
        <extensions>
          <ns3:TrackPointExtension>
            <ns3:hr>158</ns3:hr>
            <ns3:cad>90</ns3:cad>
          </ns3:TrackPointExtension>
        </extensions>
      </trkpt>
      <trkpt lat="24.62750849314033985137939453125" lon="118.1426782719790935516357421875">
        <ele>11.19999980926513671875</ele>
        <time>2025-10-31T09:50:19.000Z</time>
        <extensions>
          <ns3:TrackPointExtension>
            <ns3:hr>158</ns3:hr>
            <ns3:cad>91</ns3:cad>
          </ns3:TrackPointExtension>
        </extensions>
      </trkpt>
      <trkpt lat="24.6274851076304912567138671875" lon="118.14267064444720745086669921875">
        <ele>11.19999980926513671875</ele>
        <time>2025-10-31T09:50:20.000Z</time>
        <extensions>
          <ns3:TrackPointExtension>
            <ns3:hr>157</ns3:hr>
            <ns3:cad>92</ns3:cad>
          </ns3:TrackPointExtension>
        </extensions>
      </trkpt>
      <trkpt lat="24.62745602242648601531982421875" lon="118.14265857450664043426513671875">
        <ele>11</ele>
        <time>2025-10-31T09:50:21.000Z</time>
        <extensions>
          <ns3:TrackPointExtension>
            <ns3:hr>158</ns3:hr>
            <ns3:cad>92</ns3:cad>
          </ns3:TrackPointExtension>
        </extensions>
      </trkpt>
      <trkpt lat="24.6274307928979396820068359375" lon="118.14264960587024688720703125">
        <ele>11</ele>
        <time>2025-10-31T09:50:22.000Z</time>
        <extensions>
          <ns3:TrackPointExtension>
            <ns3:hr>158</ns3:hr>
            <ns3:cad>92</ns3:cad>
          </ns3:TrackPointExtension>
        </extensions>
      </trkpt>
      <trkpt lat="24.627404473721981048583984375" lon="118.14263594336807727813720703125">
        <ele>11</ele>
        <time>2025-10-31T09:50:23.000Z</time>
        <extensions>
          <ns3:TrackPointExtension>
            <ns3:hr>158</ns3:hr>
            <ns3:cad>92</ns3:cad>
          </ns3:TrackPointExtension>
        </extensions>
      </trkpt>
      <trkpt lat="24.62737865746021270751953125" lon="118.14262454397976398468017578125">
        <ele>11</ele>
        <time>2025-10-31T09:50:24.000Z</time>
        <extensions>
          <ns3:TrackPointExtension>
            <ns3:hr>158</ns3:hr>
            <ns3:cad>92</ns3:cad>
          </ns3:TrackPointExtension>
        </extensions>
      </trkpt>
      <trkpt lat="24.62735158391296863555908203125" lon="118.1426115520298480987548828125">
        <ele>11.19999980926513671875</ele>
        <time>2025-10-31T09:50:25.000Z</time>
        <extensions>
          <ns3:TrackPointExtension>
            <ns3:hr>158</ns3:hr>
            <ns3:cad>92</ns3:cad>
          </ns3:TrackPointExtension>
        </extensions>
      </trkpt>
      <trkpt lat="24.62732409127056598663330078125" lon="118.14260124228894710540771484375">
        <ele>11.19999980926513671875</ele>
        <time>2025-10-31T09:50:26.000Z</time>
        <extensions>
          <ns3:TrackPointExtension>
            <ns3:hr>159</ns3:hr>
            <ns3:cad>92</ns3:cad>
          </ns3:TrackPointExtension>
        </extensions>
      </trkpt>
      <trkpt lat="24.627300538122653961181640625" lon="118.14259420149028301239013671875">
        <ele>11.19999980926513671875</ele>
        <time>2025-10-31T09:50:27.000Z</time>
        <extensions>
          <ns3:TrackPointExtension>
            <ns3:hr>159</ns3:hr>
            <ns3:cad>91</ns3:cad>
          </ns3:TrackPointExtension>
        </extensions>
      </trkpt>
      <trkpt lat="24.6272752247750759124755859375" lon="118.1425870768725872039794921875">
        <ele>11.3999996185302734375</ele>
        <time>2025-10-31T09:50:28.000Z</time>
        <extensions>
          <ns3:TrackPointExtension>
            <ns3:hr>159</ns3:hr>
            <ns3:cad>91</ns3:cad>
          </ns3:TrackPointExtension>
        </extensions>
      </trkpt>
      <trkpt lat="24.627250246703624725341796875" lon="118.1425770185887813568115234375">
        <ele>11.6000003814697265625</ele>
        <time>2025-10-31T09:50:29.000Z</time>
        <extensions>
          <ns3:TrackPointExtension>
            <ns3:hr>159</ns3:hr>
            <ns3:cad>92</ns3:cad>
          </ns3:TrackPointExtension>
        </extensions>
      </trkpt>
      <trkpt lat="24.62722971104085445404052734375" lon="118.1425659544765949249267578125">
        <ele>11.6000003814697265625</ele>
        <time>2025-10-31T09:50:30.000Z</time>
        <extensions>
          <ns3:TrackPointExtension>
            <ns3:hr>158</ns3:hr>
            <ns3:cad>92</ns3:cad>
          </ns3:TrackPointExtension>
        </extensions>
      </trkpt>
      <trkpt lat="24.6272041462361812591552734375" lon="118.142560757696628570556640625">
        <ele>11.6000003814697265625</ele>
        <time>2025-10-31T09:50:31.000Z</time>
        <extensions>
          <ns3:TrackPointExtension>
            <ns3:hr>158</ns3:hr>
            <ns3:cad>91</ns3:cad>
          </ns3:TrackPointExtension>
        </extensions>
      </trkpt>
      <trkpt lat="24.62717271409928798675537109375" lon="118.1425525434315204620361328125">
        <ele>11.6000003814697265625</ele>
        <time>2025-10-31T09:50:32.000Z</time>
        <extensions>
          <ns3:TrackPointExtension>
            <ns3:hr>158</ns3:hr>
            <ns3:cad>91</ns3:cad>
          </ns3:TrackPointExtension>
        </extensions>
      </trkpt>
      <trkpt lat="24.62714673019945621490478515625" lon="118.14254634082317352294921875">
        <ele>11.6000003814697265625</ele>
        <time>2025-10-31T09:50:33.000Z</time>
        <extensions>
          <ns3:TrackPointExtension>
            <ns3:hr>158</ns3:hr>
            <ns3:cad>92</ns3:cad>
          </ns3:TrackPointExtension>
        </extensions>
      </trkpt>
      <trkpt lat="24.62711370550096035003662109375" lon="118.14253519289195537567138671875">
        <ele>11.3999996185302734375</ele>
        <time>2025-10-31T09:50:34.000Z</time>
        <extensions>
          <ns3:TrackPointExtension>
            <ns3:hr>158</ns3:hr>
            <ns3:cad>92</ns3:cad>
          </ns3:TrackPointExtension>
        </extensions>
      </trkpt>
      <trkpt lat="24.62708839215338230133056640625" lon="118.1425297446548938751220703125">
        <ele>11.3999996185302734375</ele>
        <time>2025-10-31T09:50:35.000Z</time>
        <extensions>
          <ns3:TrackPointExtension>
            <ns3:hr>158</ns3:hr>
            <ns3:cad>92</ns3:cad>
          </ns3:TrackPointExtension>
        </extensions>
      </trkpt>
      <trkpt lat="24.6270552836358547210693359375" lon="118.14251775853335857391357421875">
        <ele>11.3999996185302734375</ele>
        <time>2025-10-31T09:50:36.000Z</time>
        <extensions>
          <ns3:TrackPointExtension>
            <ns3:hr>159</ns3:hr>
            <ns3:cad>92</ns3:cad>
          </ns3:TrackPointExtension>
        </extensions>
      </trkpt>
      <trkpt lat="24.627029635012149810791015625" lon="118.14251339994370937347412109375">
        <ele>11.3999996185302734375</ele>
        <time>2025-10-31T09:50:37.000Z</time>
        <extensions>
          <ns3:TrackPointExtension>
            <ns3:hr>158</ns3:hr>
            <ns3:cad>92</ns3:cad>
          </ns3:TrackPointExtension>
        </extensions>
      </trkpt>
      <trkpt lat="24.62699552066624164581298828125" lon="118.1425054371356964111328125">
        <ele>11.3999996185302734375</ele>
        <time>2025-10-31T09:50:38.000Z</time>
        <extensions>
          <ns3:TrackPointExtension>
            <ns3:hr>158</ns3:hr>
            <ns3:cad>92</ns3:cad>
          </ns3:TrackPointExtension>
        </extensions>
      </trkpt>
      <trkpt lat="24.62697096168994903564453125" lon="118.142506778240203857421875">
        <ele>11.3999996185302734375</ele>
        <time>2025-10-31T09:50:39.000Z</time>
        <extensions>
          <ns3:TrackPointExtension>
            <ns3:hr>158</ns3:hr>
            <ns3:cad>92</ns3:cad>
          </ns3:TrackPointExtension>
        </extensions>
      </trkpt>
      <trkpt lat="24.62694003246724605560302734375" lon="118.1424948759377002716064453125">
        <ele>11.3999996185302734375</ele>
        <time>2025-10-31T09:50:40.000Z</time>
        <extensions>
          <ns3:TrackPointExtension>
            <ns3:hr>159</ns3:hr>
            <ns3:cad>92</ns3:cad>
          </ns3:TrackPointExtension>
        </extensions>
      </trkpt>
      <trkpt lat="24.626914970576763153076171875" lon="118.14249563030898571014404296875">
        <ele>11.6000003814697265625</ele>
        <time>2025-10-31T09:50:41.000Z</time>
        <extensions>
          <ns3:TrackPointExtension>
            <ns3:hr>159</ns3:hr>
            <ns3:cad>92</ns3:cad>
          </ns3:TrackPointExtension>
        </extensions>
      </trkpt>
      <trkpt lat="24.62688353843986988067626953125" lon="118.14247970469295978546142578125">
        <ele>11.6000003814697265625</ele>
        <time>2025-10-31T09:50:42.000Z</time>
        <extensions>
          <ns3:TrackPointExtension>
            <ns3:hr>159</ns3:hr>
            <ns3:cad>92</ns3:cad>
          </ns3:TrackPointExtension>
        </extensions>
      </trkpt>
      <trkpt lat="24.62685839273035526275634765625" lon="118.1424737535417079925537109375">
        <ele>11.6000003814697265625</ele>
        <time>2025-10-31T09:50:43.000Z</time>
        <extensions>
          <ns3:TrackPointExtension>
            <ns3:hr>160</ns3:hr>
            <ns3:cad>92</ns3:cad>
          </ns3:TrackPointExtension>
        </extensions>
      </trkpt>
      <trkpt lat="24.62683106772601604461669921875" lon="118.14246662892401218414306640625">
        <ele>11.6000003814697265625</ele>
        <time>2025-10-31T09:50:44.000Z</time>
        <extensions>
          <ns3:TrackPointExtension>
            <ns3:hr>160</ns3:hr>
            <ns3:cad>93</ns3:cad>
          </ns3:TrackPointExtension>
        </extensions>
      </trkpt>
      <trkpt lat="24.6268004737794399261474609375" lon="118.14245623536407947540283203125">
        <ele>11.6000003814697265625</ele>
        <time>2025-10-31T09:50:45.000Z</time>
        <extensions>
          <ns3:TrackPointExtension>
            <ns3:hr>160</ns3:hr>
            <ns3:cad>91</ns3:cad>
          </ns3:TrackPointExtension>
        </extensions>
      </trkpt>
      <trkpt lat="24.62677876465022563934326171875" lon="118.14245288260281085968017578125">
        <ele>11.80000019073486328125</ele>
        <time>2025-10-31T09:50:46.000Z</time>
        <extensions>
          <ns3:TrackPointExtension>
            <ns3:hr>160</ns3:hr>
            <ns3:cad>91</ns3:cad>
          </ns3:TrackPointExtension>
        </extensions>
      </trkpt>
      <trkpt lat="24.62674456648528575897216796875" lon="118.14244466833770275115966796875">
        <ele>11.80000019073486328125</ele>
        <time>2025-10-31T09:50:47.000Z</time>
        <extensions>
          <ns3:TrackPointExtension>
            <ns3:hr>161</ns3:hr>
            <ns3:cad>91</ns3:cad>
          </ns3:TrackPointExtension>
        </extensions>
      </trkpt>
      <trkpt lat="24.62671958841383457183837890625" lon="118.14244517125189304351806640625">
        <ele>11.6000003814697265625</ele>
        <time>2025-10-31T09:50:48.000Z</time>
        <extensions>
          <ns3:TrackPointExtension>
            <ns3:hr>161</ns3:hr>
            <ns3:cad>91</ns3:cad>
          </ns3:TrackPointExtension>
        </extensions>
      </trkpt>
      <trkpt lat="24.62668471969664096832275390625" lon="118.1424412317574024200439453125">
        <ele>11.6000003814697265625</ele>
        <time>2025-10-31T09:50:49.000Z</time>
        <extensions>
          <ns3:TrackPointExtension>
            <ns3:hr>161</ns3:hr>
            <ns3:cad>92</ns3:cad>
          </ns3:TrackPointExtension>
        </extensions>
      </trkpt>
      <trkpt lat="24.62666074745357036590576171875" lon="118.1424358673393726348876953125">
        <ele>11.6000003814697265625</ele>
        <time>2025-10-31T09:50:50.000Z</time>
        <extensions>
          <ns3:TrackPointExtension>
            <ns3:hr>161</ns3:hr>
            <ns3:cad>92</ns3:cad>
          </ns3:TrackPointExtension>
        </extensions>
      </trkpt>
      <trkpt lat="24.62662638165056705474853515625" lon="118.142424635589122772216796875">
        <ele>11.6000003814697265625</ele>
        <time>2025-10-31T09:50:51.000Z</time>
        <extensions>
          <ns3:TrackPointExtension>
            <ns3:hr>161</ns3:hr>
            <ns3:cad>92</ns3:cad>
          </ns3:TrackPointExtension>
        </extensions>
      </trkpt>
      <trkpt lat="24.626597464084625244140625" lon="118.14242430031299591064453125">
        <ele>11.6000003814697265625</ele>
        <time>2025-10-31T09:50:52.000Z</time>
        <extensions>
          <ns3:TrackPointExtension>
            <ns3:hr>161</ns3:hr>
            <ns3:cad>92</ns3:cad>
          </ns3:TrackPointExtension>
        </extensions>
      </trkpt>
      <trkpt lat="24.62656754069030284881591796875" lon="118.1424177624285221099853515625">
        <ele>11.6000003814697265625</ele>
        <time>2025-10-31T09:50:53.000Z</time>
        <extensions>
          <ns3:TrackPointExtension>
            <ns3:hr>161</ns3:hr>
            <ns3:cad>92</ns3:cad>
          </ns3:TrackPointExtension>
        </extensions>
      </trkpt>
      <trkpt lat="24.62654021568596363067626953125" lon="118.142413236200809478759765625">
        <ele>11.6000003814697265625</ele>
        <time>2025-10-31T09:50:54.000Z</time>
        <extensions>
          <ns3:TrackPointExtension>
            <ns3:hr>161</ns3:hr>
            <ns3:cad>94</ns3:cad>
          </ns3:TrackPointExtension>
        </extensions>
      </trkpt>
      <trkpt lat="24.62651230394840240478515625" lon="118.142409883439540863037109375">
        <ele>11.6000003814697265625</ele>
        <time>2025-10-31T09:50:55.000Z</time>
        <extensions>
          <ns3:TrackPointExtension>
            <ns3:hr>161</ns3:hr>
            <ns3:cad>94</ns3:cad>
          </ns3:TrackPointExtension>
        </extensions>
      </trkpt>
      <trkpt lat="24.62648305110633373260498046875" lon="118.142402172088623046875">
        <ele>11.6000003814697265625</ele>
        <time>2025-10-31T09:50:56.000Z</time>
        <extensions>
          <ns3:TrackPointExtension>
            <ns3:hr>162</ns3:hr>
            <ns3:cad>94</ns3:cad>
          </ns3:TrackPointExtension>
        </extensions>
      </trkpt>
      <trkpt lat="24.62646134197711944580078125" lon="118.1423981487751007080078125">
        <ele>11.6000003814697265625</ele>
        <time>2025-10-31T09:50:57.000Z</time>
        <extensions>
          <ns3:TrackPointExtension>
            <ns3:hr>161</ns3:hr>
            <ns3:cad>94</ns3:cad>
          </ns3:TrackPointExtension>
        </extensions>
      </trkpt>
      <trkpt lat="24.6264303289353847503662109375" lon="118.1423902697861194610595703125">
        <ele>11.6000003814697265625</ele>
        <time>2025-10-31T09:50:58.000Z</time>
        <extensions>
          <ns3:TrackPointExtension>
            <ns3:hr>162</ns3:hr>
            <ns3:cad>94</ns3:cad>
          </ns3:TrackPointExtension>
        </extensions>
      </trkpt>
      <trkpt lat="24.6264095418155193328857421875" lon="118.1423885934054851531982421875">
        <ele>11.3999996185302734375</ele>
        <time>2025-10-31T09:50:59.000Z</time>
        <extensions>
          <ns3:TrackPointExtension>
            <ns3:hr>162</ns3:hr>
            <ns3:cad>93</ns3:cad>
          </ns3:TrackPointExtension>
        </extensions>
      </trkpt>
      <trkpt lat="24.62637375108897686004638671875" lon="118.14237459562718868255615234375">
        <ele>11.3999996185302734375</ele>
        <time>2025-10-31T09:51:00.000Z</time>
        <extensions>
          <ns3:TrackPointExtension>
            <ns3:hr>162</ns3:hr>
            <ns3:cad>93</ns3:cad>
          </ns3:TrackPointExtension>
        </extensions>
      </trkpt>
      <trkpt lat="24.6263493597507476806640625" lon="118.142368979752063751220703125">
        <ele>11.6000003814697265625</ele>
        <time>2025-10-31T09:51:01.000Z</time>
        <extensions>
          <ns3:TrackPointExtension>
            <ns3:hr>161</ns3:hr>
            <ns3:cad>93</ns3:cad>
          </ns3:TrackPointExtension>
        </extensions>
      </trkpt>
      <trkpt lat="24.62631775997579097747802734375" lon="118.142357580363750457763671875">
        <ele>11.80000019073486328125</ele>
        <time>2025-10-31T09:51:02.000Z</time>
        <extensions>
          <ns3:TrackPointExtension>
            <ns3:hr>162</ns3:hr>
            <ns3:cad>93</ns3:cad>
          </ns3:TrackPointExtension>
        </extensions>
      </trkpt>
      <trkpt lat="24.62629462592303752899169921875" lon="118.142359592020511627197265625">
        <ele>12</ele>
        <time>2025-10-31T09:51:03.000Z</time>
        <extensions>
          <ns3:TrackPointExtension>
            <ns3:hr>162</ns3:hr>
            <ns3:cad>93</ns3:cad>
          </ns3:TrackPointExtension>
        </extensions>
      </trkpt>
      <trkpt lat="24.62626310996711254119873046875" lon="118.14234944991767406463623046875">
        <ele>12.19999980926513671875</ele>
        <time>2025-10-31T09:51:04.000Z</time>
        <extensions>
          <ns3:TrackPointExtension>
            <ns3:hr>162</ns3:hr>
            <ns3:cad>93</ns3:cad>
          </ns3:TrackPointExtension>
        </extensions>
      </trkpt>
      <trkpt lat="24.62623980827629566192626953125" lon="118.14234785735607147216796875">
        <ele>12</ele>
        <time>2025-10-31T09:51:05.000Z</time>
        <extensions>
          <ns3:TrackPointExtension>
            <ns3:hr>162</ns3:hr>
            <ns3:cad>92</ns3:cad>
          </ns3:TrackPointExtension>
        </extensions>
      </trkpt>
      <trkpt lat="24.62621198035776615142822265625" lon="118.1423379667103290557861328125">
        <ele>12</ele>
        <time>2025-10-31T09:51:06.000Z</time>
        <extensions>
          <ns3:TrackPointExtension>
            <ns3:hr>163</ns3:hr>
            <ns3:cad>92</ns3:cad>
          </ns3:TrackPointExtension>
        </extensions>
      </trkpt>
      <trkpt lat="24.626184739172458648681640625" lon="118.14233017154037952423095703125">
        <ele>11.80000019073486328125</ele>
        <time>2025-10-31T09:51:07.000Z</time>
        <extensions>
          <ns3:TrackPointExtension>
            <ns3:hr>162</ns3:hr>
            <ns3:cad>91</ns3:cad>
          </ns3:TrackPointExtension>
        </extensions>
      </trkpt>
      <trkpt lat="24.62615825235843658447265625" lon="118.1423222087323665618896484375">
        <ele>11.6000003814697265625</ele>
        <time>2025-10-31T09:51:08.000Z</time>
        <extensions>
          <ns3:TrackPointExtension>
            <ns3:hr>162</ns3:hr>
            <ns3:cad>91</ns3:cad>
          </ns3:TrackPointExtension>
        </extensions>
      </trkpt>
      <trkpt lat="24.62612648494541645050048828125" lon="118.1423118151724338531494140625">
        <ele>11.6000003814697265625</ele>
        <time>2025-10-31T09:51:09.000Z</time>
        <extensions>
          <ns3:TrackPointExtension>
            <ns3:hr>162</ns3:hr>
            <ns3:cad>91</ns3:cad>
          </ns3:TrackPointExtension>
        </extensions>
      </trkpt>
      <trkpt lat="24.62610083632171154022216796875" lon="118.14230494201183319091796875">
        <ele>11.6000003814697265625</ele>
        <time>2025-10-31T09:51:10.000Z</time>
        <extensions>
          <ns3:TrackPointExtension>
            <ns3:hr>162</ns3:hr>
            <ns3:cad>93</ns3:cad>
          </ns3:TrackPointExtension>
        </extensions>
      </trkpt>
      <trkpt lat="24.62606864981353282928466796875" lon="118.14229195006191730499267578125">
        <ele>11.6000003814697265625</ele>
        <time>2025-10-31T09:51:11.000Z</time>
        <extensions>
          <ns3:TrackPointExtension>
            <ns3:hr>163</ns3:hr>
            <ns3:cad>93</ns3:cad>
          </ns3:TrackPointExtension>
        </extensions>
      </trkpt>
      <trkpt lat="24.62604803033173084259033203125" lon="118.14229329116642475128173828125">
        <ele>11.6000003814697265625</ele>
        <time>2025-10-31T09:51:12.000Z</time>
        <extensions>
          <ns3:TrackPointExtension>
            <ns3:hr>162</ns3:hr>
            <ns3:cad>93</ns3:cad>
          </ns3:TrackPointExtension>
        </extensions>
      </trkpt>
      <trkpt lat="24.62601265870034694671630859375" lon="118.14227937720715999603271484375">
        <ele>11.6000003814697265625</ele>
        <time>2025-10-31T09:51:13.000Z</time>
        <extensions>
          <ns3:TrackPointExtension>
            <ns3:hr>162</ns3:hr>
            <ns3:cad>93</ns3:cad>
          </ns3:TrackPointExtension>
        </extensions>
      </trkpt>
      <trkpt lat="24.6259860880672931671142578125" lon="118.142277784645557403564453125">
        <ele>11.6000003814697265625</ele>
        <time>2025-10-31T09:51:14.000Z</time>
        <extensions>
          <ns3:TrackPointExtension>
            <ns3:hr>162</ns3:hr>
            <ns3:cad>93</ns3:cad>
          </ns3:TrackPointExtension>
        </extensions>
      </trkpt>
      <trkpt lat="24.6259582601487636566162109375" lon="118.14226311631500720977783203125">
        <ele>11.80000019073486328125</ele>
        <time>2025-10-31T09:51:15.000Z</time>
        <extensions>
          <ns3:TrackPointExtension>
            <ns3:hr>162</ns3:hr>
            <ns3:cad>92</ns3:cad>
          </ns3:TrackPointExtension>
        </extensions>
      </trkpt>
      <trkpt lat="24.625932276248931884765625" lon="118.14225976355373859405517578125">
        <ele>12</ele>
        <time>2025-10-31T09:51:16.000Z</time>
        <extensions>
          <ns3:TrackPointExtension>
            <ns3:hr>162</ns3:hr>
            <ns3:cad>92</ns3:cad>
          </ns3:TrackPointExtension>
        </extensions>
      </trkpt>
      <trkpt lat="24.6259039454162120819091796875" lon="118.1422447599470615386962890625">
        <ele>12</ele>
        <time>2025-10-31T09:51:17.000Z</time>
        <extensions>
          <ns3:TrackPointExtension>
            <ns3:hr>162</ns3:hr>
            <ns3:cad>92</ns3:cad>
          </ns3:TrackPointExtension>
        </extensions>
      </trkpt>
      <trkpt lat="24.6258771233260631561279296875" lon="118.1422363780438899993896484375">
        <ele>12.19999980926513671875</ele>
        <time>2025-10-31T09:51:18.000Z</time>
        <extensions>
          <ns3:TrackPointExtension>
            <ns3:hr>162</ns3:hr>
            <ns3:cad>92</ns3:cad>
          </ns3:TrackPointExtension>
        </extensions>
      </trkpt>
      <trkpt lat="24.62584837339818477630615234375" lon="118.1422310136258602142333984375">
        <ele>12.3999996185302734375</ele>
        <time>2025-10-31T09:51:19.000Z</time>
        <extensions>
          <ns3:TrackPointExtension>
            <ns3:hr>162</ns3:hr>
            <ns3:cad>91</ns3:cad>
          </ns3:TrackPointExtension>
        </extensions>
      </trkpt>
      <trkpt lat="24.6258204616606235504150390625" lon="118.14222422428429126739501953125">
        <ele>12.3999996185302734375</ele>
        <time>2025-10-31T09:51:20.000Z</time>
        <extensions>
          <ns3:TrackPointExtension>
            <ns3:hr>162</ns3:hr>
            <ns3:cad>91</ns3:cad>
          </ns3:TrackPointExtension>
        </extensions>
      </trkpt>
      <trkpt lat="24.62579372338950634002685546875" lon="118.14221433363854885101318359375">
        <ele>12.19999980926513671875</ele>
        <time>2025-10-31T09:51:21.000Z</time>
        <extensions>
          <ns3:TrackPointExtension>
            <ns3:hr>162</ns3:hr>
            <ns3:cad>91</ns3:cad>
          </ns3:TrackPointExtension>
        </extensions>
      </trkpt>
      <trkpt lat="24.625764302909374237060546875" lon="118.142204694449901580810546875">
        <ele>12</ele>
        <time>2025-10-31T09:51:22.000Z</time>
        <extensions>
          <ns3:TrackPointExtension>
            <ns3:hr>163</ns3:hr>
            <ns3:cad>92</ns3:cad>
          </ns3:TrackPointExtension>
        </extensions>
      </trkpt>
      <trkpt lat="24.62573957629501819610595703125" lon="118.14219631254673004150390625">
        <ele>11.80000019073486328125</ele>
        <time>2025-10-31T09:51:23.000Z</time>
        <extensions>
          <ns3:TrackPointExtension>
            <ns3:hr>162</ns3:hr>
            <ns3:cad>92</ns3:cad>
          </ns3:TrackPointExtension>
        </extensions>
      </trkpt>
      <trkpt lat="24.62570956908166408538818359375" lon="118.1421847455203533172607421875">
        <ele>11.80000019073486328125</ele>
        <time>2025-10-31T09:51:24.000Z</time>
        <extensions>
          <ns3:TrackPointExtension>
            <ns3:hr>162</ns3:hr>
            <ns3:cad>92</ns3:cad>
          </ns3:TrackPointExtension>
        </extensions>
      </trkpt>
      <trkpt lat="24.6256866864860057830810546875" lon="118.14217745326459407806396484375">
        <ele>11.80000019073486328125</ele>
        <time>2025-10-31T09:51:25.000Z</time>
        <extensions>
          <ns3:TrackPointExtension>
            <ns3:hr>163</ns3:hr>
            <ns3:cad>93</ns3:cad>
          </ns3:TrackPointExtension>
        </extensions>
      </trkpt>
      <trkpt lat="24.6256568469107151031494140625" lon="118.1421639584004878997802734375">
        <ele>11.80000019073486328125</ele>
        <time>2025-10-31T09:51:26.000Z</time>
        <extensions>
          <ns3:TrackPointExtension>
            <ns3:hr>163</ns3:hr>
            <ns3:cad>92</ns3:cad>
          </ns3:TrackPointExtension>
        </extensions>
      </trkpt>
      <trkpt lat="24.62563790380954742431640625" lon="118.14215800724923610687255859375">
        <ele>12</ele>
        <time>2025-10-31T09:51:27.000Z</time>
        <extensions>
          <ns3:TrackPointExtension>
            <ns3:hr>163</ns3:hr>
            <ns3:cad>92</ns3:cad>
          </ns3:TrackPointExtension>
        </extensions>
      </trkpt>
      <trkpt lat="24.6256072260439395904541015625" lon="118.1421465240418910980224609375">
        <ele>12</ele>
        <time>2025-10-31T09:51:28.000Z</time>
        <extensions>
          <ns3:TrackPointExtension>
            <ns3:hr>163</ns3:hr>
            <ns3:cad>92</ns3:cad>
          </ns3:TrackPointExtension>
        </extensions>
      </trkpt>
      <trkpt lat="24.62557780556380748748779296875" lon="118.14214074052870273590087890625">
        <ele>12.19999980926513671875</ele>
        <time>2025-10-31T09:51:29.000Z</time>
        <extensions>
          <ns3:TrackPointExtension>
            <ns3:hr>163</ns3:hr>
            <ns3:cad>92</ns3:cad>
          </ns3:TrackPointExtension>
        </extensions>
      </trkpt>
      <trkpt lat="24.62554880417883396148681640625" lon="118.14212665893137454986572265625">
        <ele>12.19999980926513671875</ele>
        <time>2025-10-31T09:51:30.000Z</time>
        <extensions>
          <ns3:TrackPointExtension>
            <ns3:hr>162</ns3:hr>
            <ns3:cad>92</ns3:cad>
          </ns3:TrackPointExtension>
        </extensions>
      </trkpt>
      <trkpt lat="24.62552114389836788177490234375" lon="118.1421180255711078643798828125">
        <ele>12</ele>
        <time>2025-10-31T09:51:31.000Z</time>
        <extensions>
          <ns3:TrackPointExtension>
            <ns3:hr>163</ns3:hr>
            <ns3:cad>92</ns3:cad>
          </ns3:TrackPointExtension>
        </extensions>
      </trkpt>
      <trkpt lat="24.62549306452274322509765625" lon="118.14210671000182628631591796875">
        <ele>11.80000019073486328125</ele>
        <time>2025-10-31T09:51:32.000Z</time>
        <extensions>
          <ns3:TrackPointExtension>
            <ns3:hr>163</ns3:hr>
            <ns3:cad>92</ns3:cad>
          </ns3:TrackPointExtension>
        </extensions>
      </trkpt>
      <trkpt lat="24.6254640631377696990966796875" lon="118.14209640026092529296875">
        <ele>11.80000019073486328125</ele>
        <time>2025-10-31T09:51:33.000Z</time>
        <extensions>
          <ns3:TrackPointExtension>
            <ns3:hr>162</ns3:hr>
            <ns3:cad>93</ns3:cad>
          </ns3:TrackPointExtension>
        </extensions>
      </trkpt>
      <trkpt lat="24.62544302456080913543701171875" lon="118.142098747193813323974609375">
        <ele>11.6000003814697265625</ele>
        <time>2025-10-31T09:51:34.000Z</time>
        <extensions>
          <ns3:TrackPointExtension>
            <ns3:hr>163</ns3:hr>
            <ns3:cad>93</ns3:cad>
          </ns3:TrackPointExtension>
        </extensions>
      </trkpt>
      <trkpt lat="24.62541117332875728607177734375" lon="118.14208022318780422210693359375">
        <ele>11.6000003814697265625</ele>
        <time>2025-10-31T09:51:35.000Z</time>
        <extensions>
          <ns3:TrackPointExtension>
            <ns3:hr>163</ns3:hr>
            <ns3:cad>93</ns3:cad>
          </ns3:TrackPointExtension>
        </extensions>
      </trkpt>
      <trkpt lat="24.62538954801857471466064453125" lon="118.14207871444523334503173828125">
        <ele>11.6000003814697265625</ele>
        <time>2025-10-31T09:51:36.000Z</time>
        <extensions>
          <ns3:TrackPointExtension>
            <ns3:hr>162</ns3:hr>
            <ns3:cad>93</ns3:cad>
          </ns3:TrackPointExtension>
        </extensions>
      </trkpt>
      <trkpt lat="24.62535333819687366485595703125" lon="118.1420647166669368743896484375">
        <ele>11.80000019073486328125</ele>
        <time>2025-10-31T09:51:37.000Z</time>
        <extensions>
          <ns3:TrackPointExtension>
            <ns3:hr>162</ns3:hr>
            <ns3:cad>93</ns3:cad>
          </ns3:TrackPointExtension>
        </extensions>
      </trkpt>
      <trkpt lat="24.625326432287693023681640625" lon="118.14206178300082683563232421875">
        <ele>11.80000019073486328125</ele>
        <time>2025-10-31T09:51:38.000Z</time>
        <extensions>
          <ns3:TrackPointExtension>
            <ns3:hr>162</ns3:hr>
            <ns3:cad>93</ns3:cad>
          </ns3:TrackPointExtension>
        </extensions>
      </trkpt>
      <trkpt lat="24.6252979338169097900390625" lon="118.14204937778413295745849609375">
        <ele>11.80000019073486328125</ele>
        <time>2025-10-31T09:51:39.000Z</time>
        <extensions>
          <ns3:TrackPointExtension>
            <ns3:hr>162</ns3:hr>
            <ns3:cad>91</ns3:cad>
          </ns3:TrackPointExtension>
        </extensions>
      </trkpt>
      <trkpt lat="24.625270776450634002685546875" lon="118.14204166643321514129638671875">
        <ele>11.80000019073486328125</ele>
        <time>2025-10-31T09:51:40.000Z</time>
        <extensions>
          <ns3:TrackPointExtension>
            <ns3:hr>161</ns3:hr>
            <ns3:cad>91</ns3:cad>
          </ns3:TrackPointExtension>
        </extensions>
      </trkpt>
      <trkpt lat="24.62524303235113620758056640625" lon="118.14203001558780670166015625">
        <ele>11.80000019073486328125</ele>
        <time>2025-10-31T09:51:41.000Z</time>
        <extensions>
          <ns3:TrackPointExtension>
            <ns3:hr>161</ns3:hr>
            <ns3:cad>92</ns3:cad>
          </ns3:TrackPointExtension>
        </extensions>
      </trkpt>
      <trkpt lat="24.62521352805197238922119140625" lon="118.14202188514173030853271484375">
        <ele>11.6000003814697265625</ele>
        <time>2025-10-31T09:51:42.000Z</time>
        <extensions>
          <ns3:TrackPointExtension>
            <ns3:hr>161</ns3:hr>
            <ns3:cad>94</ns3:cad>
          </ns3:TrackPointExtension>
        </extensions>
      </trkpt>
      <trkpt lat="24.62518938817083835601806640625" lon="118.14201450906693935394287109375">
        <ele>11.6000003814697265625</ele>
        <time>2025-10-31T09:51:43.000Z</time>
        <extensions>
          <ns3:TrackPointExtension>
            <ns3:hr>161</ns3:hr>
            <ns3:cad>94</ns3:cad>
          </ns3:TrackPointExtension>
        </extensions>
      </trkpt>
      <trkpt lat="24.62515653111040592193603515625" lon="118.14199984073638916015625">
        <ele>11.6000003814697265625</ele>
        <time>2025-10-31T09:51:44.000Z</time>
        <extensions>
          <ns3:TrackPointExtension>
            <ns3:hr>161</ns3:hr>
            <ns3:cad>94</ns3:cad>
          </ns3:TrackPointExtension>
        </extensions>
      </trkpt>
      <trkpt lat="24.6251354925334453582763671875" lon="118.1419969908893108367919921875">
        <ele>11.6000003814697265625</ele>
        <time>2025-10-31T09:51:45.000Z</time>
        <extensions>
          <ns3:TrackPointExtension>
            <ns3:hr>161</ns3:hr>
            <ns3:cad>92</ns3:cad>
          </ns3:TrackPointExtension>
        </extensions>
      </trkpt>
      <trkpt lat="24.625099115073680877685546875" lon="118.141982741653919219970703125">
        <ele>11.6000003814697265625</ele>
        <time>2025-10-31T09:51:46.000Z</time>
        <extensions>
          <ns3:TrackPointExtension>
            <ns3:hr>161</ns3:hr>
            <ns3:cad>92</ns3:cad>
          </ns3:TrackPointExtension>
        </extensions>
      </trkpt>
      <trkpt lat="24.62507841177284717559814453125" lon="118.14198047854006290435791015625">
        <ele>11.6000003814697265625</ele>
        <time>2025-10-31T09:51:47.000Z</time>
        <extensions>
          <ns3:TrackPointExtension>
            <ns3:hr>162</ns3:hr>
            <ns3:cad>92</ns3:cad>
          </ns3:TrackPointExtension>
        </extensions>
      </trkpt>
      <trkpt lat="24.6250412799417972564697265625" lon="118.141966648399829864501953125">
        <ele>11.6000003814697265625</ele>
        <time>2025-10-31T09:51:48.000Z</time>
        <extensions>
          <ns3:TrackPointExtension>
            <ns3:hr>161</ns3:hr>
            <ns3:cad>94</ns3:cad>
          </ns3:TrackPointExtension>
        </extensions>
      </trkpt>
      <trkpt lat="24.62501672096550464630126953125" lon="118.14196304418146610260009765625">
        <ele>11.3999996185302734375</ele>
        <time>2025-10-31T09:51:49.000Z</time>
        <extensions>
          <ns3:TrackPointExtension>
            <ns3:hr>161</ns3:hr>
            <ns3:cad>94</ns3:cad>
          </ns3:TrackPointExtension>
        </extensions>
      </trkpt>
      <trkpt lat="24.62498403154313564300537109375" lon="118.1419493816792964935302734375">
        <ele>11.3999996185302734375</ele>
        <time>2025-10-31T09:51:50.000Z</time>
        <extensions>
          <ns3:TrackPointExtension>
            <ns3:hr>162</ns3:hr>
            <ns3:cad>94</ns3:cad>
          </ns3:TrackPointExtension>
        </extensions>
      </trkpt>
      <trkpt lat="24.6249588020145893096923828125" lon="118.1419460289180278778076171875">
        <ele>11.6000003814697265625</ele>
        <time>2025-10-31T09:51:51.000Z</time>
        <extensions>
          <ns3:TrackPointExtension>
            <ns3:hr>161</ns3:hr>
            <ns3:cad>93</ns3:cad>
          </ns3:TrackPointExtension>
        </extensions>
      </trkpt>
      <trkpt lat="24.62492703460156917572021484375" lon="118.1419272534549236297607421875">
        <ele>11.6000003814697265625</ele>
        <time>2025-10-31T09:51:52.000Z</time>
        <extensions>
          <ns3:TrackPointExtension>
            <ns3:hr>161</ns3:hr>
            <ns3:cad>92</ns3:cad>
          </ns3:TrackPointExtension>
        </extensions>
      </trkpt>
      <trkpt lat="24.6248991228640079498291015625" lon="118.1419212184846401214599609375">
        <ele>11.6000003814697265625</ele>
        <time>2025-10-31T09:51:53.000Z</time>
        <extensions>
          <ns3:TrackPointExtension>
            <ns3:hr>161</ns3:hr>
            <ns3:cad>92</ns3:cad>
          </ns3:TrackPointExtension>
        </extensions>
      </trkpt>
      <trkpt lat="24.6248686127364635467529296875" lon="118.1419091485440731048583984375">
        <ele>11.6000003814697265625</ele>
        <time>2025-10-31T09:51:54.000Z</time>
        <extensions>
          <ns3:TrackPointExtension>
            <ns3:hr>162</ns3:hr>
            <ns3:cad>92</ns3:cad>
          </ns3:TrackPointExtension>
        </extensions>
      </trkpt>
      <trkpt lat="24.6248444728553295135498046875" lon="118.14190319739282131195068359375">
        <ele>11.80000019073486328125</ele>
        <time>2025-10-31T09:51:55.000Z</time>
        <extensions>
          <ns3:TrackPointExtension>
            <ns3:hr>162</ns3:hr>
            <ns3:cad>92</ns3:cad>
          </ns3:TrackPointExtension>
        </extensions>
      </trkpt>
      <trkpt lat="24.62481773458421230316162109375" lon="118.14188894815742969512939453125">
        <ele>11.80000019073486328125</ele>
        <time>2025-10-31T09:51:56.000Z</time>
        <extensions>
          <ns3:TrackPointExtension>
            <ns3:hr>162</ns3:hr>
            <ns3:cad>92</ns3:cad>
          </ns3:TrackPointExtension>
        </extensions>
      </trkpt>
      <trkpt lat="24.62479175068438053131103515625" lon="118.14188593067228794097900390625">
        <ele>11.80000019073486328125</ele>
        <time>2025-10-31T09:51:57.000Z</time>
        <extensions>
          <ns3:TrackPointExtension>
            <ns3:hr>161</ns3:hr>
            <ns3:cad>92</ns3:cad>
          </ns3:TrackPointExtension>
        </extensions>
      </trkpt>
      <trkpt lat="24.62476350367069244384765625" lon="118.1418732739984989166259765625">
        <ele>11.80000019073486328125</ele>
        <time>2025-10-31T09:51:58.000Z</time>
        <extensions>
          <ns3:TrackPointExtension>
            <ns3:hr>161</ns3:hr>
            <ns3:cad>92</ns3:cad>
          </ns3:TrackPointExtension>
        </extensions>
      </trkpt>
      <trkpt lat="24.62473877705633640289306640625" lon="118.14187017269432544708251953125">
        <ele>11.6000003814697265625</ele>
        <time>2025-10-31T09:51:59.000Z</time>
        <extensions>
          <ns3:TrackPointExtension>
            <ns3:hr>161</ns3:hr>
            <ns3:cad>92</ns3:cad>
          </ns3:TrackPointExtension>
        </extensions>
      </trkpt>
      <trkpt lat="24.62471178732812404632568359375" lon="118.14185894094407558441162109375">
        <ele>11.6000003814697265625</ele>
        <time>2025-10-31T09:52:00.000Z</time>
        <extensions>
          <ns3:TrackPointExtension>
            <ns3:hr>161</ns3:hr>
            <ns3:cad>92</ns3:cad>
          </ns3:TrackPointExtension>
        </extensions>
      </trkpt>
      <trkpt lat="24.62468882091343402862548828125" lon="118.14185223542153835296630859375">
        <ele>11.6000003814697265625</ele>
        <time>2025-10-31T09:52:01.000Z</time>
        <extensions>
          <ns3:TrackPointExtension>
            <ns3:hr>161</ns3:hr>
            <ns3:cad>92</ns3:cad>
          </ns3:TrackPointExtension>
        </extensions>
      </trkpt>
      <trkpt lat="24.6246595680713653564453125" lon="118.1418407522141933441162109375">
        <ele>11.6000003814697265625</ele>
        <time>2025-10-31T09:52:02.000Z</time>
        <extensions>
          <ns3:TrackPointExtension>
            <ns3:hr>161</ns3:hr>
            <ns3:cad>92</ns3:cad>
          </ns3:TrackPointExtension>
        </extensions>
      </trkpt>
      <trkpt lat="24.6246339194476604461669921875" lon="118.14183153212070465087890625">
        <ele>11.6000003814697265625</ele>
        <time>2025-10-31T09:52:03.000Z</time>
        <extensions>
          <ns3:TrackPointExtension>
            <ns3:hr>161</ns3:hr>
            <ns3:cad>92</ns3:cad>
          </ns3:TrackPointExtension>
        </extensions>
      </trkpt>
      <trkpt lat="24.624606929719448089599609375" lon="118.141820468008518218994140625">
        <ele>11.6000003814697265625</ele>
        <time>2025-10-31T09:52:04.000Z</time>
        <extensions>
          <ns3:TrackPointExtension>
            <ns3:hr>161</ns3:hr>
            <ns3:cad>92</ns3:cad>
          </ns3:TrackPointExtension>
        </extensions>
      </trkpt>
      <trkpt lat="24.62457767687737941741943359375" lon="118.14180336892604827880859375">
        <ele>11.6000003814697265625</ele>
        <time>2025-10-31T09:52:05.000Z</time>
        <extensions>
          <ns3:TrackPointExtension>
            <ns3:hr>161</ns3:hr>
            <ns3:cad>92</ns3:cad>
          </ns3:TrackPointExtension>
        </extensions>
      </trkpt>
      <trkpt lat="24.6245470829308032989501953125" lon="118.14178853295743465423583984375">
        <ele>11.6000003814697265625</ele>
        <time>2025-10-31T09:52:06.000Z</time>
        <extensions>
          <ns3:TrackPointExtension>
            <ns3:hr>160</ns3:hr>
            <ns3:cad>93</ns3:cad>
          </ns3:TrackPointExtension>
        </extensions>
      </trkpt>
      <trkpt lat="24.62451900355517864227294921875" lon="118.141776211559772491455078125">
        <ele>11.80000019073486328125</ele>
        <time>2025-10-31T09:52:07.000Z</time>
        <extensions>
          <ns3:TrackPointExtension>
            <ns3:hr>160</ns3:hr>
            <ns3:cad>93</ns3:cad>
          </ns3:TrackPointExtension>
        </extensions>
      </trkpt>
      <trkpt lat="24.62449000217020511627197265625" lon="118.14176447689533233642578125">
        <ele>11.80000019073486328125</ele>
        <time>2025-10-31T09:52:08.000Z</time>
        <extensions>
          <ns3:TrackPointExtension>
            <ns3:hr>160</ns3:hr>
            <ns3:cad>93</ns3:cad>
          </ns3:TrackPointExtension>
        </extensions>
      </trkpt>
      <trkpt lat="24.624464102089405059814453125" lon="118.14175567589700222015380859375">
        <ele>12</ele>
        <time>2025-10-31T09:52:09.000Z</time>
        <extensions>
          <ns3:TrackPointExtension>
            <ns3:hr>160</ns3:hr>
            <ns3:cad>93</ns3:cad>
          </ns3:TrackPointExtension>
        </extensions>
      </trkpt>
      <trkpt lat="24.6244396269321441650390625" lon="118.14174544997513294219970703125">
        <ele>12.19999980926513671875</ele>
        <time>2025-10-31T09:52:10.000Z</time>
        <extensions>
          <ns3:TrackPointExtension>
            <ns3:hr>160</ns3:hr>
            <ns3:cad>93</ns3:cad>
          </ns3:TrackPointExtension>
        </extensions>
      </trkpt>
      <trkpt lat="24.6244096197187900543212890625" lon="118.14173606224358081817626953125">
        <ele>12</ele>
        <time>2025-10-31T09:52:11.000Z</time>
        <extensions>
          <ns3:TrackPointExtension>
            <ns3:hr>160</ns3:hr>
            <ns3:cad>93</ns3:cad>
          </ns3:TrackPointExtension>
        </extensions>
      </trkpt>
      <trkpt lat="24.624387323856353759765625" lon="118.14173338003456592559814453125">
        <ele>11.80000019073486328125</ele>
        <time>2025-10-31T09:52:12.000Z</time>
        <extensions>
          <ns3:TrackPointExtension>
            <ns3:hr>160</ns3:hr>
            <ns3:cad>93</ns3:cad>
          </ns3:TrackPointExtension>
        </extensions>
      </trkpt>
      <trkpt lat="24.62435706518590450286865234375" lon="118.14171896316111087799072265625">
        <ele>11.6000003814697265625</ele>
        <time>2025-10-31T09:52:13.000Z</time>
        <extensions>
          <ns3:TrackPointExtension>
            <ns3:hr>161</ns3:hr>
            <ns3:cad>93</ns3:cad>
          </ns3:TrackPointExtension>
        </extensions>
      </trkpt>
      <trkpt lat="24.6243323385715484619140625" lon="118.14171594567596912384033203125">
        <ele>11.6000003814697265625</ele>
        <time>2025-10-31T09:52:14.000Z</time>
        <extensions>
          <ns3:TrackPointExtension>
            <ns3:hr>161</ns3:hr>
            <ns3:cad>93</ns3:cad>
          </ns3:TrackPointExtension>
        </extensions>
      </trkpt>
      <trkpt lat="24.6242996491491794586181640625" lon="118.14170278608798980712890625">
        <ele>11.3999996185302734375</ele>
        <time>2025-10-31T09:52:15.000Z</time>
        <extensions>
          <ns3:TrackPointExtension>
            <ns3:hr>161</ns3:hr>
            <ns3:cad>93</ns3:cad>
          </ns3:TrackPointExtension>
        </extensions>
      </trkpt>
      <trkpt lat="24.6242751739919185638427734375" lon="118.14169985242187976837158203125">
        <ele>11.3999996185302734375</ele>
        <time>2025-10-31T09:52:16.000Z</time>
        <extensions>
          <ns3:TrackPointExtension>
            <ns3:hr>161</ns3:hr>
            <ns3:cad>93</ns3:cad>
          </ns3:TrackPointExtension>
        </extensions>
      </trkpt>
      <trkpt lat="24.62424323894083499908447265625" lon="118.14168744720518589019775390625">
        <ele>11.3999996185302734375</ele>
        <time>2025-10-31T09:52:17.000Z</time>
        <extensions>
          <ns3:TrackPointExtension>
            <ns3:hr>161</ns3:hr>
            <ns3:cad>93</ns3:cad>
          </ns3:TrackPointExtension>
        </extensions>
      </trkpt>
      <trkpt lat="24.62421658448874950408935546875" lon="118.141681663691997528076171875">
        <ele>11.3999996185302734375</ele>
        <time>2025-10-31T09:52:18.000Z</time>
        <extensions>
          <ns3:TrackPointExtension>
            <ns3:hr>160</ns3:hr>
            <ns3:cad>93</ns3:cad>
          </ns3:TrackPointExtension>
        </extensions>
      </trkpt>
      <trkpt lat="24.62418607436120510101318359375" lon="118.1416741199791431427001953125">
        <ele>11.3999996185302734375</ele>
        <time>2025-10-31T09:52:19.000Z</time>
        <extensions>
          <ns3:TrackPointExtension>
            <ns3:hr>161</ns3:hr>
            <ns3:cad>93</ns3:cad>
          </ns3:TrackPointExtension>
        </extensions>
      </trkpt>
      <trkpt lat="24.62415724061429500579833984375" lon="118.14166615717113018035888671875">
        <ele>11.3999996185302734375</ele>
        <time>2025-10-31T09:52:20.000Z</time>
        <extensions>
          <ns3:TrackPointExtension>
            <ns3:hr>161</ns3:hr>
            <ns3:cad>92</ns3:cad>
          </ns3:TrackPointExtension>
        </extensions>
      </trkpt>
      <trkpt lat="24.6241293288767337799072265625" lon="118.14165794290602207183837890625">
        <ele>11.3999996185302734375</ele>
        <time>2025-10-31T09:52:21.000Z</time>
        <extensions>
          <ns3:TrackPointExtension>
            <ns3:hr>161</ns3:hr>
            <ns3:cad>92</ns3:cad>
          </ns3:TrackPointExtension>
        </extensions>
      </trkpt>
      <trkpt lat="24.62409538216888904571533203125" lon="118.14164922572672367095947265625">
        <ele>11.3999996185302734375</ele>
        <time>2025-10-31T09:52:22.000Z</time>
        <extensions>
          <ns3:TrackPointExtension>
            <ns3:hr>161</ns3:hr>
            <ns3:cad>93</ns3:cad>
          </ns3:TrackPointExtension>
        </extensions>
      </trkpt>
      <trkpt lat="24.62406990118324756622314453125" lon="118.1416392512619495391845703125">
        <ele>11.3999996185302734375</ele>
        <time>2025-10-31T09:52:23.000Z</time>
        <extensions>
          <ns3:TrackPointExtension>
            <ns3:hr>160</ns3:hr>
            <ns3:cad>93</ns3:cad>
          </ns3:TrackPointExtension>
        </extensions>
      </trkpt>
      <trkpt lat="24.62403838522732257843017578125" lon="118.1416278518736362457275390625">
        <ele>11.3999996185302734375</ele>
        <time>2025-10-31T09:52:24.000Z</time>
        <extensions>
          <ns3:TrackPointExtension>
            <ns3:hr>161</ns3:hr>
            <ns3:cad>93</ns3:cad>
          </ns3:TrackPointExtension>
        </extensions>
      </trkpt>
      <trkpt lat="24.62401877157390117645263671875" lon="118.14162558875977993011474609375">
        <ele>11.3999996185302734375</ele>
        <time>2025-10-31T09:52:25.000Z</time>
        <extensions>
          <ns3:TrackPointExtension>
            <ns3:hr>161</ns3:hr>
            <ns3:cad>93</ns3:cad>
          </ns3:TrackPointExtension>
        </extensions>
      </trkpt>
      <trkpt lat="24.6239888481795787811279296875" lon="118.1416120938956737518310546875">
        <ele>11.3999996185302734375</ele>
        <time>2025-10-31T09:52:26.000Z</time>
        <extensions>
          <ns3:TrackPointExtension>
            <ns3:hr>161</ns3:hr>
            <ns3:cad>92</ns3:cad>
          </ns3:TrackPointExtension>
        </extensions>
      </trkpt>
      <trkpt lat="24.623966217041015625" lon="118.14160823822021484375">
        <ele>11.3999996185302734375</ele>
        <time>2025-10-31T09:52:27.000Z</time>
        <extensions>
          <ns3:TrackPointExtension>
            <ns3:hr>161</ns3:hr>
            <ns3:cad>92</ns3:cad>
          </ns3:TrackPointExtension>
        </extensions>
      </trkpt>
      <trkpt lat="24.62393595837056636810302734375" lon="118.1415976770222187042236328125">
        <ele>11.3999996185302734375</ele>
        <time>2025-10-31T09:52:28.000Z</time>
        <extensions>
          <ns3:TrackPointExtension>
            <ns3:hr>162</ns3:hr>
            <ns3:cad>93</ns3:cad>
          </ns3:TrackPointExtension>
        </extensions>
      </trkpt>
      <trkpt lat="24.62391148321330547332763671875" lon="118.14159273169934749603271484375">
        <ele>11.3999996185302734375</ele>
        <time>2025-10-31T09:52:29.000Z</time>
        <extensions>
          <ns3:TrackPointExtension>
            <ns3:hr>162</ns3:hr>
            <ns3:cad>93</ns3:cad>
          </ns3:TrackPointExtension>
        </extensions>
      </trkpt>
      <trkpt lat="24.6238808892667293548583984375" lon="118.1415800750255584716796875">
        <ele>11.19999980926513671875</ele>
        <time>2025-10-31T09:52:30.000Z</time>
        <extensions>
          <ns3:TrackPointExtension>
            <ns3:hr>162</ns3:hr>
            <ns3:cad>93</ns3:cad>
          </ns3:TrackPointExtension>
        </extensions>
      </trkpt>
      <trkpt lat="24.6238540671765804290771484375" lon="118.14157127402722835540771484375">
        <ele>11.19999980926513671875</ele>
        <time>2025-10-31T09:52:31.000Z</time>
        <extensions>
          <ns3:TrackPointExtension>
            <ns3:hr>161</ns3:hr>
            <ns3:cad>93</ns3:cad>
          </ns3:TrackPointExtension>
        </extensions>
      </trkpt>
      <trkpt lat="24.623826406896114349365234375" lon="118.141560964286327362060546875">
        <ele>11.19999980926513671875</ele>
        <time>2025-10-31T09:52:32.000Z</time>
        <extensions>
          <ns3:TrackPointExtension>
            <ns3:hr>161</ns3:hr>
            <ns3:cad>93</ns3:cad>
          </ns3:TrackPointExtension>
        </extensions>
      </trkpt>
      <trkpt lat="24.6237987466156482696533203125" lon="118.14155400730669498443603515625">
        <ele>11.19999980926513671875</ele>
        <time>2025-10-31T09:52:33.000Z</time>
        <extensions>
          <ns3:TrackPointExtension>
            <ns3:hr>161</ns3:hr>
            <ns3:cad>93</ns3:cad>
          </ns3:TrackPointExtension>
        </extensions>
      </trkpt>
      <trkpt lat="24.6237705834209918975830078125" lon="118.14154730178415775299072265625">
        <ele>11.19999980926513671875</ele>
        <time>2025-10-31T09:52:34.000Z</time>
        <extensions>
          <ns3:TrackPointExtension>
            <ns3:hr>161</ns3:hr>
            <ns3:cad>93</ns3:cad>
          </ns3:TrackPointExtension>
        </extensions>
      </trkpt>
      <trkpt lat="24.62373965419828891754150390625" lon="118.14153590239584445953369140625">
        <ele>11.19999980926513671875</ele>
        <time>2025-10-31T09:52:35.000Z</time>
        <extensions>
          <ns3:TrackPointExtension>
            <ns3:hr>161</ns3:hr>
            <ns3:cad>93</ns3:cad>
          </ns3:TrackPointExtension>
        </extensions>
      </trkpt>
      <trkpt lat="24.62371467612683773040771484375" lon="118.14153472892940044403076171875">
        <ele>11.3999996185302734375</ele>
        <time>2025-10-31T09:52:36.000Z</time>
        <extensions>
          <ns3:TrackPointExtension>
            <ns3:hr>162</ns3:hr>
            <ns3:cad>93</ns3:cad>
          </ns3:TrackPointExtension>
        </extensions>
      </trkpt>
      <trkpt lat="24.6236765384674072265625" lon="118.14152517355978488922119140625">
        <ele>11.19999980926513671875</ele>
        <time>2025-10-31T09:52:37.000Z</time>
        <extensions>
          <ns3:TrackPointExtension>
            <ns3:hr>161</ns3:hr>
            <ns3:cad>92</ns3:cad>
          </ns3:TrackPointExtension>
        </extensions>
      </trkpt>
      <trkpt lat="24.62364770472049713134765625" lon="118.14152047969400882720947265625">
        <ele>11.19999980926513671875</ele>
        <time>2025-10-31T09:52:38.000Z</time>
        <extensions>
          <ns3:TrackPointExtension>
            <ns3:hr>161</ns3:hr>
            <ns3:cad>92</ns3:cad>
          </ns3:TrackPointExtension>
        </extensions>
      </trkpt>
      <trkpt lat="24.6236193738877773284912109375" lon="118.1415068171918392181396484375">
        <ele>11.19999980926513671875</ele>
        <time>2025-10-31T09:52:39.000Z</time>
        <extensions>
          <ns3:TrackPointExtension>
            <ns3:hr>161</ns3:hr>
            <ns3:cad>92</ns3:cad>
          </ns3:TrackPointExtension>
        </extensions>
      </trkpt>
      <trkpt lat="24.6235962398350238800048828125" lon="118.14149885438382625579833984375">
        <ele>11</ele>
        <time>2025-10-31T09:52:40.000Z</time>
        <extensions>
          <ns3:TrackPointExtension>
            <ns3:hr>162</ns3:hr>
            <ns3:cad>92</ns3:cad>
          </ns3:TrackPointExtension>
        </extensions>
      </trkpt>
      <trkpt lat="24.62356346659362316131591796875" lon="118.14149147830903530120849609375">
        <ele>11.19999980926513671875</ele>
        <time>2025-10-31T09:52:41.000Z</time>
        <extensions>
          <ns3:TrackPointExtension>
            <ns3:hr>161</ns3:hr>
            <ns3:cad>92</ns3:cad>
          </ns3:TrackPointExtension>
        </extensions>
      </trkpt>
      <trkpt lat="24.62353999726474285125732421875" lon="118.141481839120388031005859375">
        <ele>11.3999996185302734375</ele>
        <time>2025-10-31T09:52:42.000Z</time>
        <extensions>
          <ns3:TrackPointExtension>
            <ns3:hr>161</ns3:hr>
            <ns3:cad>92</ns3:cad>
          </ns3:TrackPointExtension>
        </extensions>
      </trkpt>
      <trkpt lat="24.62351267226040363311767578125" lon="118.1414712779223918914794921875">
        <ele>11.6000003814697265625</ele>
        <time>2025-10-31T09:52:43.000Z</time>
        <extensions>
          <ns3:TrackPointExtension>
            <ns3:hr>162</ns3:hr>
            <ns3:cad>92</ns3:cad>
          </ns3:TrackPointExtension>
        </extensions>
      </trkpt>
      <trkpt lat="24.62347897700965404510498046875" lon="118.1414588727056980133056640625">
        <ele>11.6000003814697265625</ele>
        <time>2025-10-31T09:52:44.000Z</time>
        <extensions>
          <ns3:TrackPointExtension>
            <ns3:hr>162</ns3:hr>
            <ns3:cad>92</ns3:cad>
          </ns3:TrackPointExtension>
        </extensions>
      </trkpt>
      <trkpt lat="24.62345383130013942718505859375" lon="118.1414488144218921661376953125">
        <ele>11.6000003814697265625</ele>
        <time>2025-10-31T09:52:45.000Z</time>
        <extensions>
          <ns3:TrackPointExtension>
            <ns3:hr>162</ns3:hr>
            <ns3:cad>92</ns3:cad>
          </ns3:TrackPointExtension>
        </extensions>
      </trkpt>
      <trkpt lat="24.62342415936291217803955078125" lon="118.14143724739551544189453125">
        <ele>11.6000003814697265625</ele>
        <time>2025-10-31T09:52:46.000Z</time>
        <extensions>
          <ns3:TrackPointExtension>
            <ns3:hr>162</ns3:hr>
            <ns3:cad>92</ns3:cad>
          </ns3:TrackPointExtension>
        </extensions>
      </trkpt>
      <trkpt lat="24.62340094149112701416015625" lon="118.1414258480072021484375">
        <ele>11.3999996185302734375</ele>
        <time>2025-10-31T09:52:47.000Z</time>
        <extensions>
          <ns3:TrackPointExtension>
            <ns3:hr>162</ns3:hr>
            <ns3:cad>92</ns3:cad>
          </ns3:TrackPointExtension>
        </extensions>
      </trkpt>
      <trkpt lat="24.6233783103525638580322265625" lon="118.1414139457046985626220703125">
        <ele>11.3999996185302734375</ele>
        <time>2025-10-31T09:52:48.000Z</time>
        <extensions>
          <ns3:TrackPointExtension>
            <ns3:hr>163</ns3:hr>
            <ns3:cad>94</ns3:cad>
          </ns3:TrackPointExtension>
        </extensions>
      </trkpt>
      <trkpt lat="24.62335458956658840179443359375" lon="118.14141218550503253936767578125">
        <ele>11.3999996185302734375</ele>
        <time>2025-10-31T09:52:49.000Z</time>
        <extensions>
          <ns3:TrackPointExtension>
            <ns3:hr>163</ns3:hr>
            <ns3:cad>94</ns3:cad>
          </ns3:TrackPointExtension>
        </extensions>
      </trkpt>
      <trkpt lat="24.623316787183284759521484375" lon="118.141400702297687530517578125">
        <ele>11.3999996185302734375</ele>
        <time>2025-10-31T09:52:50.000Z</time>
        <extensions>
          <ns3:TrackPointExtension>
            <ns3:hr>162</ns3:hr>
            <ns3:cad>94</ns3:cad>
          </ns3:TrackPointExtension>
        </extensions>
      </trkpt>
      <trkpt lat="24.62329608388245105743408203125" lon="118.141400031745433807373046875">
        <ele>11.3999996185302734375</ele>
        <time>2025-10-31T09:52:51.000Z</time>
        <extensions>
          <ns3:TrackPointExtension>
            <ns3:hr>162</ns3:hr>
            <ns3:cad>94</ns3:cad>
          </ns3:TrackPointExtension>
        </extensions>
      </trkpt>
      <trkpt lat="24.62326322682201862335205078125" lon="118.1413898058235645294189453125">
        <ele>11.19999980926513671875</ele>
        <time>2025-10-31T09:52:52.000Z</time>
        <extensions>
          <ns3:TrackPointExtension>
            <ns3:hr>162</ns3:hr>
            <ns3:cad>94</ns3:cad>
          </ns3:TrackPointExtension>
        </extensions>
      </trkpt>
      <trkpt lat="24.62323975749313831329345703125" lon="118.14138771034777164459228515625">
        <ele>11</ele>
        <time>2025-10-31T09:52:53.000Z</time>
        <extensions>
          <ns3:TrackPointExtension>
            <ns3:hr>162</ns3:hr>
            <ns3:cad>94</ns3:cad>
          </ns3:TrackPointExtension>
        </extensions>
      </trkpt>
      <trkpt lat="24.623210839927196502685546875" lon="118.1413762271404266357421875">
        <ele>11.19999980926513671875</ele>
        <time>2025-10-31T09:52:54.000Z</time>
        <extensions>
          <ns3:TrackPointExtension>
            <ns3:hr>162</ns3:hr>
            <ns3:cad>94</ns3:cad>
          </ns3:TrackPointExtension>
        </extensions>
      </trkpt>
      <trkpt lat="24.623185358941555023193359375" lon="118.1413713656365871429443359375">
        <ele>11.19999980926513671875</ele>
        <time>2025-10-31T09:52:55.000Z</time>
        <extensions>
          <ns3:TrackPointExtension>
            <ns3:hr>161</ns3:hr>
            <ns3:cad>93</ns3:cad>
          </ns3:TrackPointExtension>
        </extensions>
      </trkpt>
      <trkpt lat="24.6231553517282009124755859375" lon="118.141359798610210418701171875">
        <ele>11.19999980926513671875</ele>
        <time>2025-10-31T09:52:56.000Z</time>
        <extensions>
          <ns3:TrackPointExtension>
            <ns3:hr>161</ns3:hr>
            <ns3:cad>93</ns3:cad>
          </ns3:TrackPointExtension>
        </extensions>
      </trkpt>
      <trkpt lat="24.623129703104496002197265625" lon="118.14135435037314891815185546875">
        <ele>11.3999996185302734375</ele>
        <time>2025-10-31T09:52:57.000Z</time>
        <extensions>
          <ns3:TrackPointExtension>
            <ns3:hr>161</ns3:hr>
            <ns3:cad>93</ns3:cad>
          </ns3:TrackPointExtension>
        </extensions>
      </trkpt>
      <trkpt lat="24.62309927679598331451416015625" lon="118.141348399221897125244140625">
        <ele>11.6000003814697265625</ele>
        <time>2025-10-31T09:52:58.000Z</time>
        <extensions>
          <ns3:TrackPointExtension>
            <ns3:hr>161</ns3:hr>
            <ns3:cad>93</ns3:cad>
          </ns3:TrackPointExtension>
        </extensions>
      </trkpt>
      <trkpt lat="24.62307262234389781951904296875" lon="118.14134747721254825592041015625">
        <ele>11.6000003814697265625</ele>
        <time>2025-10-31T09:52:59.000Z</time>
        <extensions>
          <ns3:TrackPointExtension>
            <ns3:hr>161</ns3:hr>
            <ns3:cad>93</ns3:cad>
          </ns3:TrackPointExtension>
        </extensions>
      </trkpt>
      <trkpt lat="24.6230460517108440399169921875" lon="118.14134211279451847076416015625">
        <ele>11.6000003814697265625</ele>
        <time>2025-10-31T09:53:00.000Z</time>
        <extensions>
          <ns3:TrackPointExtension>
            <ns3:hr>162</ns3:hr>
            <ns3:cad>92</ns3:cad>
          </ns3:TrackPointExtension>
        </extensions>
      </trkpt>
      <trkpt lat="24.62302098982036113739013671875" lon="118.14133691601455211639404296875">
        <ele>11.6000003814697265625</ele>
        <time>2025-10-31T09:53:01.000Z</time>
        <extensions>
          <ns3:TrackPointExtension>
            <ns3:hr>162</ns3:hr>
            <ns3:cad>92</ns3:cad>
          </ns3:TrackPointExtension>
        </extensions>
      </trkpt>
      <trkpt lat="24.62299668230116367340087890625" lon="118.14133121632039546966552734375">
        <ele>11.6000003814697265625</ele>
        <time>2025-10-31T09:53:02.000Z</time>
        <extensions>
          <ns3:TrackPointExtension>
            <ns3:hr>162</ns3:hr>
            <ns3:cad>92</ns3:cad>
          </ns3:TrackPointExtension>
        </extensions>
      </trkpt>
      <trkpt lat="24.622964747250080108642578125" lon="118.14132459461688995361328125">
        <ele>11.6000003814697265625</ele>
        <time>2025-10-31T09:53:03.000Z</time>
        <extensions>
          <ns3:TrackPointExtension>
            <ns3:hr>161</ns3:hr>
            <ns3:cad>92</ns3:cad>
          </ns3:TrackPointExtension>
        </extensions>
      </trkpt>
      <trkpt lat="24.6229444630444049835205078125" lon="118.14132752828299999237060546875">
        <ele>11.3999996185302734375</ele>
        <time>2025-10-31T09:53:04.000Z</time>
        <extensions>
          <ns3:TrackPointExtension>
            <ns3:hr>161</ns3:hr>
            <ns3:cad>92</ns3:cad>
          </ns3:TrackPointExtension>
        </extensions>
      </trkpt>
      <trkpt lat="24.62290850467979907989501953125" lon="118.14132199622690677642822265625">
        <ele>11.3999996185302734375</ele>
        <time>2025-10-31T09:53:05.000Z</time>
        <extensions>
          <ns3:TrackPointExtension>
            <ns3:hr>161</ns3:hr>
            <ns3:cad>92</ns3:cad>
          </ns3:TrackPointExtension>
        </extensions>
      </trkpt>
      <trkpt lat="24.6228854544460773468017578125" lon="118.141324929893016815185546875">
        <ele>11.19999980926513671875</ele>
        <time>2025-10-31T09:53:06.000Z</time>
        <extensions>
          <ns3:TrackPointExtension>
            <ns3:hr>161</ns3:hr>
            <ns3:cad>93</ns3:cad>
          </ns3:TrackPointExtension>
        </extensions>
      </trkpt>
      <trkpt lat="24.62285603396594524383544921875" lon="118.14132417552173137664794921875">
        <ele>11.3999996185302734375</ele>
        <time>2025-10-31T09:53:07.000Z</time>
        <extensions>
          <ns3:TrackPointExtension>
            <ns3:hr>161</ns3:hr>
            <ns3:cad>93</ns3:cad>
          </ns3:TrackPointExtension>
        </extensions>
      </trkpt>
      <trkpt lat="24.6228294633328914642333984375" lon="118.14132392406463623046875">
        <ele>11.6000003814697265625</ele>
        <time>2025-10-31T09:53:08.000Z</time>
        <extensions>
          <ns3:TrackPointExtension>
            <ns3:hr>161</ns3:hr>
            <ns3:cad>93</ns3:cad>
          </ns3:TrackPointExtension>
        </extensions>
      </trkpt>
      <trkpt lat="24.6227999590337276458740234375" lon="118.14132182858884334564208984375">
        <ele>11.80000019073486328125</ele>
        <time>2025-10-31T09:53:09.000Z</time>
        <extensions>
          <ns3:TrackPointExtension>
            <ns3:hr>161</ns3:hr>
            <ns3:cad>93</ns3:cad>
          </ns3:TrackPointExtension>
        </extensions>
      </trkpt>
      <trkpt lat="24.62276819162070751190185546875" lon="118.14131998457014560699462890625">
        <ele>12</ele>
        <time>2025-10-31T09:53:10.000Z</time>
        <extensions>
          <ns3:TrackPointExtension>
            <ns3:hr>160</ns3:hr>
            <ns3:cad>93</ns3:cad>
          </ns3:TrackPointExtension>
        </extensions>
      </trkpt>
      <trkpt lat="24.62273634038865566253662109375" lon="118.1413200683891773223876953125">
        <ele>12.19999980926513671875</ele>
        <time>2025-10-31T09:53:11.000Z</time>
        <extensions>
          <ns3:TrackPointExtension>
            <ns3:hr>161</ns3:hr>
            <ns3:cad>91</ns3:cad>
          </ns3:TrackPointExtension>
        </extensions>
      </trkpt>
      <trkpt lat="24.622709937393665313720703125" lon="118.141317553818225860595703125">
        <ele>12</ele>
        <time>2025-10-31T09:53:12.000Z</time>
        <extensions>
          <ns3:TrackPointExtension>
            <ns3:hr>161</ns3:hr>
            <ns3:cad>91</ns3:cad>
          </ns3:TrackPointExtension>
        </extensions>
      </trkpt>
      <trkpt lat="24.62267984636127948760986328125" lon="118.1413173861801624298095703125">
        <ele>12</ele>
        <time>2025-10-31T09:53:13.000Z</time>
        <extensions>
          <ns3:TrackPointExtension>
            <ns3:hr>161</ns3:hr>
            <ns3:cad>93</ns3:cad>
          </ns3:TrackPointExtension>
        </extensions>
      </trkpt>
      <trkpt lat="24.622654952108860015869140625" lon="118.14131788909435272216796875">
        <ele>12</ele>
        <time>2025-10-31T09:53:14.000Z</time>
        <extensions>
          <ns3:TrackPointExtension>
            <ns3:hr>161</ns3:hr>
            <ns3:cad>93</ns3:cad>
          </ns3:TrackPointExtension>
        </extensions>
      </trkpt>
      <trkpt lat="24.62262469343841075897216796875" lon="118.14131612889468669891357421875">
        <ele>12</ele>
        <time>2025-10-31T09:53:15.000Z</time>
        <extensions>
          <ns3:TrackPointExtension>
            <ns3:hr>161</ns3:hr>
            <ns3:cad>93</ns3:cad>
          </ns3:TrackPointExtension>
        </extensions>
      </trkpt>
      <trkpt lat="24.6225977875292301177978515625" lon="118.14131378196179866790771484375">
        <ele>12</ele>
        <time>2025-10-31T09:53:16.000Z</time>
        <extensions>
          <ns3:TrackPointExtension>
            <ns3:hr>161</ns3:hr>
            <ns3:cad>93</ns3:cad>
          </ns3:TrackPointExtension>
        </extensions>
      </trkpt>
      <trkpt lat="24.62256870232522487640380859375" lon="118.1413123570382595062255859375">
        <ele>12</ele>
        <time>2025-10-31T09:53:17.000Z</time>
        <extensions>
          <ns3:TrackPointExtension>
            <ns3:hr>162</ns3:hr>
            <ns3:cad>93</ns3:cad>
          </ns3:TrackPointExtension>
        </extensions>
      </trkpt>
      <trkpt lat="24.62254489772021770477294921875" lon="118.14131378196179866790771484375">
        <ele>12</ele>
        <time>2025-10-31T09:53:18.000Z</time>
        <extensions>
          <ns3:TrackPointExtension>
            <ns3:hr>162</ns3:hr>
            <ns3:cad>93</ns3:cad>
          </ns3:TrackPointExtension>
        </extensions>
      </trkpt>
      <trkpt lat="24.62251581251621246337890625" lon="118.1413120217621326446533203125">
        <ele>12.19999980926513671875</ele>
        <time>2025-10-31T09:53:19.000Z</time>
        <extensions>
          <ns3:TrackPointExtension>
            <ns3:hr>162</ns3:hr>
            <ns3:cad>93</ns3:cad>
          </ns3:TrackPointExtension>
        </extensions>
      </trkpt>
      <trkpt lat="24.62248899042606353759765625" lon="118.141309507191181182861328125">
        <ele>12.19999980926513671875</ele>
        <time>2025-10-31T09:53:20.000Z</time>
        <extensions>
          <ns3:TrackPointExtension>
            <ns3:hr>162</ns3:hr>
            <ns3:cad>93</ns3:cad>
          </ns3:TrackPointExtension>
        </extensions>
      </trkpt>
      <trkpt lat="24.62246258743107318878173828125" lon="118.141308166086673736572265625">
        <ele>12.19999980926513671875</ele>
        <time>2025-10-31T09:53:21.000Z</time>
        <extensions>
          <ns3:TrackPointExtension>
            <ns3:hr>162</ns3:hr>
            <ns3:cad>93</ns3:cad>
          </ns3:TrackPointExtension>
        </extensions>
      </trkpt>
      <trkpt lat="24.62242771871387958526611328125" lon="118.14130372367799282073974609375">
        <ele>12</ele>
        <time>2025-10-31T09:53:22.000Z</time>
        <extensions>
          <ns3:TrackPointExtension>
            <ns3:hr>162</ns3:hr>
            <ns3:cad>93</ns3:cad>
          </ns3:TrackPointExtension>
        </extensions>
      </trkpt>
      <trkpt lat="24.62240525521337985992431640625" lon="118.14130841754376888275146484375">
        <ele>12</ele>
        <time>2025-10-31T09:53:23.000Z</time>
        <extensions>
          <ns3:TrackPointExtension>
            <ns3:hr>161</ns3:hr>
            <ns3:cad>93</ns3:cad>
          </ns3:TrackPointExtension>
        </extensions>
      </trkpt>
      <trkpt lat="24.62236502207815647125244140625" lon="118.14130908809602260589599609375">
        <ele>12</ele>
        <time>2025-10-31T09:53:24.000Z</time>
        <extensions>
          <ns3:TrackPointExtension>
            <ns3:hr>161</ns3:hr>
            <ns3:cad>93</ns3:cad>
          </ns3:TrackPointExtension>
        </extensions>
      </trkpt>
      <trkpt lat="24.6223372779786586761474609375" lon="118.14131026156246662139892578125">
        <ele>11.80000019073486328125</ele>
        <time>2025-10-31T09:53:25.000Z</time>
        <extensions>
          <ns3:TrackPointExtension>
            <ns3:hr>160</ns3:hr>
            <ns3:cad>92</ns3:cad>
          </ns3:TrackPointExtension>
        </extensions>
      </trkpt>
      <trkpt lat="24.622302912175655364990234375" lon="118.14130422659218311309814453125">
        <ele>11.80000019073486328125</ele>
        <time>2025-10-31T09:53:26.000Z</time>
        <extensions>
          <ns3:TrackPointExtension>
            <ns3:hr>160</ns3:hr>
            <ns3:cad>92</ns3:cad>
          </ns3:TrackPointExtension>
        </extensions>
      </trkpt>
      <trkpt lat="24.6222759224474430084228515625" lon="118.141302131116390228271484375">
        <ele>11.80000019073486328125</ele>
        <time>2025-10-31T09:53:27.000Z</time>
        <extensions>
          <ns3:TrackPointExtension>
            <ns3:hr>160</ns3:hr>
            <ns3:cad>93</ns3:cad>
          </ns3:TrackPointExtension>
        </extensions>
      </trkpt>
      <trkpt lat="24.6222450770437717437744140625" lon="118.1412982754409313201904296875">
        <ele>11.80000019073486328125</ele>
        <time>2025-10-31T09:53:28.000Z</time>
        <extensions>
          <ns3:TrackPointExtension>
            <ns3:hr>160</ns3:hr>
            <ns3:cad>93</ns3:cad>
          </ns3:TrackPointExtension>
        </extensions>
      </trkpt>
      <trkpt lat="24.62221967987716197967529296875" lon="118.1412982754409313201904296875">
        <ele>11.80000019073486328125</ele>
        <time>2025-10-31T09:53:29.000Z</time>
        <extensions>
          <ns3:TrackPointExtension>
            <ns3:hr>159</ns3:hr>
            <ns3:cad>93</ns3:cad>
          </ns3:TrackPointExtension>
        </extensions>
      </trkpt>
      <trkpt lat="24.62218849919736385345458984375" lon="118.1412925757467746734619140625">
        <ele>11.80000019073486328125</ele>
        <time>2025-10-31T09:53:30.000Z</time>
        <extensions>
          <ns3:TrackPointExtension>
            <ns3:hr>159</ns3:hr>
            <ns3:cad>93</ns3:cad>
          </ns3:TrackPointExtension>
        </extensions>
      </trkpt>
      <trkpt lat="24.62215832434594631195068359375" lon="118.14128947444260120391845703125">
        <ele>11.6000003814697265625</ele>
        <time>2025-10-31T09:53:31.000Z</time>
        <extensions>
          <ns3:TrackPointExtension>
            <ns3:hr>159</ns3:hr>
            <ns3:cad>93</ns3:cad>
          </ns3:TrackPointExtension>
        </extensions>
      </trkpt>
      <trkpt lat="24.62213150225579738616943359375" lon="118.141283690929412841796875">
        <ele>11.6000003814697265625</ele>
        <time>2025-10-31T09:53:32.000Z</time>
        <extensions>
          <ns3:TrackPointExtension>
            <ns3:hr>159</ns3:hr>
            <ns3:cad>93</ns3:cad>
          </ns3:TrackPointExtension>
        </extensions>
      </trkpt>
      <trkpt lat="24.6221032552421092987060546875" lon="118.14128662459552288055419921875">
        <ele>11.6000003814697265625</ele>
        <time>2025-10-31T09:53:33.000Z</time>
        <extensions>
          <ns3:TrackPointExtension>
            <ns3:hr>159</ns3:hr>
            <ns3:cad>93</ns3:cad>
          </ns3:TrackPointExtension>
        </extensions>
      </trkpt>
      <trkpt lat="24.6220697276294231414794921875" lon="118.1412845291197299957275390625">
        <ele>11.6000003814697265625</ele>
        <time>2025-10-31T09:53:34.000Z</time>
        <extensions>
          <ns3:TrackPointExtension>
            <ns3:hr>159</ns3:hr>
            <ns3:cad>93</ns3:cad>
          </ns3:TrackPointExtension>
        </extensions>
      </trkpt>
      <trkpt lat="24.62204097770154476165771484375" lon="118.1412841938436031341552734375">
        <ele>11.80000019073486328125</ele>
        <time>2025-10-31T09:53:35.000Z</time>
        <extensions>
          <ns3:TrackPointExtension>
            <ns3:hr>159</ns3:hr>
            <ns3:cad>93</ns3:cad>
          </ns3:TrackPointExtension>
        </extensions>
      </trkpt>
      <trkpt lat="24.622013904154300689697265625" lon="118.141284026205539703369140625">
        <ele>11.80000019073486328125</ele>
        <time>2025-10-31T09:53:36.000Z</time>
        <extensions>
          <ns3:TrackPointExtension>
            <ns3:hr>159</ns3:hr>
            <ns3:cad>91</ns3:cad>
          </ns3:TrackPointExtension>
        </extensions>
      </trkpt>
      <trkpt lat="24.6219795383512973785400390625" lon="118.1412825174629688262939453125">
        <ele>11.80000019073486328125</ele>
        <time>2025-10-31T09:53:37.000Z</time>
        <extensions>
          <ns3:TrackPointExtension>
            <ns3:hr>160</ns3:hr>
            <ns3:cad>91</ns3:cad>
          </ns3:TrackPointExtension>
        </extensions>
      </trkpt>
      <trkpt lat="24.62195414118468761444091796875" lon="118.141286708414554595947265625">
        <ele>11.6000003814697265625</ele>
        <time>2025-10-31T09:53:38.000Z</time>
        <extensions>
          <ns3:TrackPointExtension>
            <ns3:hr>160</ns3:hr>
            <ns3:cad>91</ns3:cad>
          </ns3:TrackPointExtension>
        </extensions>
      </trkpt>
      <trkpt lat="24.62192228995263576507568359375" lon="118.1412877142429351806640625">
        <ele>11.3999996185302734375</ele>
        <time>2025-10-31T09:53:39.000Z</time>
        <extensions>
          <ns3:TrackPointExtension>
            <ns3:hr>161</ns3:hr>
            <ns3:cad>93</ns3:cad>
          </ns3:TrackPointExtension>
        </extensions>
      </trkpt>
      <trkpt lat="24.62189630605280399322509765625" lon="118.1412888877093791961669921875">
        <ele>11.3999996185302734375</ele>
        <time>2025-10-31T09:53:40.000Z</time>
        <extensions>
          <ns3:TrackPointExtension>
            <ns3:hr>161</ns3:hr>
            <ns3:cad>93</ns3:cad>
          </ns3:TrackPointExtension>
        </extensions>
      </trkpt>
      <trkpt lat="24.62186562828719615936279296875" lon="118.14128092490136623382568359375">
        <ele>11.3999996185302734375</ele>
        <time>2025-10-31T09:53:41.000Z</time>
        <extensions>
          <ns3:TrackPointExtension>
            <ns3:hr>162</ns3:hr>
            <ns3:cad>93</ns3:cad>
          </ns3:TrackPointExtension>
        </extensions>
      </trkpt>
      <trkpt lat="24.62184526026248931884765625" lon="118.1412805058062076568603515625">
        <ele>11.6000003814697265625</ele>
        <time>2025-10-31T09:53:42.000Z</time>
        <extensions>
          <ns3:TrackPointExtension>
            <ns3:hr>162</ns3:hr>
            <ns3:cad>93</ns3:cad>
          </ns3:TrackPointExtension>
        </extensions>
      </trkpt>
      <trkpt lat="24.6218129061162471771240234375" lon="118.14127472229301929473876953125">
        <ele>11.6000003814697265625</ele>
        <time>2025-10-31T09:53:43.000Z</time>
        <extensions>
          <ns3:TrackPointExtension>
            <ns3:hr>162</ns3:hr>
            <ns3:cad>93</ns3:cad>
          </ns3:TrackPointExtension>
        </extensions>
      </trkpt>
      <trkpt lat="24.62178616784512996673583984375" lon="118.141274638473987579345703125">
        <ele>11.6000003814697265625</ele>
        <time>2025-10-31T09:53:44.000Z</time>
        <extensions>
          <ns3:TrackPointExtension>
            <ns3:hr>161</ns3:hr>
            <ns3:cad>91</ns3:cad>
          </ns3:TrackPointExtension>
        </extensions>
      </trkpt>
      <trkpt lat="24.62175247259438037872314453125" lon="118.14126919023692607879638671875">
        <ele>11.80000019073486328125</ele>
        <time>2025-10-31T09:53:45.000Z</time>
        <extensions>
          <ns3:TrackPointExtension>
            <ns3:hr>162</ns3:hr>
            <ns3:cad>91</ns3:cad>
          </ns3:TrackPointExtension>
        </extensions>
      </trkpt>
      <trkpt lat="24.6217238903045654296875" lon="118.14127053134143352508544921875">
        <ele>12</ele>
        <time>2025-10-31T09:53:46.000Z</time>
        <extensions>
          <ns3:TrackPointExtension>
            <ns3:hr>162</ns3:hr>
            <ns3:cad>91</ns3:cad>
          </ns3:TrackPointExtension>
        </extensions>
      </trkpt>
      <trkpt lat="24.62169446982443332672119140625" lon="118.141263909637928009033203125">
        <ele>12</ele>
        <time>2025-10-31T09:53:47.000Z</time>
        <extensions>
          <ns3:TrackPointExtension>
            <ns3:hr>162</ns3:hr>
            <ns3:cad>91</ns3:cad>
          </ns3:TrackPointExtension>
        </extensions>
      </trkpt>
      <trkpt lat="24.6216657198965549468994140625" lon="118.14126491546630859375">
        <ele>12</ele>
        <time>2025-10-31T09:53:48.000Z</time>
        <extensions>
          <ns3:TrackPointExtension>
            <ns3:hr>163</ns3:hr>
            <ns3:cad>91</ns3:cad>
          </ns3:TrackPointExtension>
        </extensions>
      </trkpt>
      <trkpt lat="24.62163797579705715179443359375" lon="118.1412570364773273468017578125">
        <ele>12</ele>
        <time>2025-10-31T09:53:49.000Z</time>
        <extensions>
          <ns3:TrackPointExtension>
            <ns3:hr>163</ns3:hr>
            <ns3:cad>91</ns3:cad>
          </ns3:TrackPointExtension>
        </extensions>
      </trkpt>
      <trkpt lat="24.62161081843078136444091796875" lon="118.14125477336347103118896484375">
        <ele>11.80000019073486328125</ele>
        <time>2025-10-31T09:53:50.000Z</time>
        <extensions>
          <ns3:TrackPointExtension>
            <ns3:hr>163</ns3:hr>
            <ns3:cad>91</ns3:cad>
          </ns3:TrackPointExtension>
        </extensions>
      </trkpt>
      <trkpt lat="24.6215876005589962005615234375" lon="118.1412541866302490234375">
        <ele>11.6000003814697265625</ele>
        <time>2025-10-31T09:53:51.000Z</time>
        <extensions>
          <ns3:TrackPointExtension>
            <ns3:hr>164</ns3:hr>
            <ns3:cad>91</ns3:cad>
          </ns3:TrackPointExtension>
        </extensions>
      </trkpt>
      <trkpt lat="24.6215567551553249359130859375" lon="118.1412501633167266845703125">
        <ele>11.6000003814697265625</ele>
        <time>2025-10-31T09:53:52.000Z</time>
        <extensions>
          <ns3:TrackPointExtension>
            <ns3:hr>164</ns3:hr>
            <ns3:cad>91</ns3:cad>
          </ns3:TrackPointExtension>
        </extensions>
      </trkpt>
      <trkpt lat="24.6215307712554931640625" lon="118.14125024713575839996337890625">
        <ele>11.3999996185302734375</ele>
        <time>2025-10-31T09:53:53.000Z</time>
        <extensions>
          <ns3:TrackPointExtension>
            <ns3:hr>163</ns3:hr>
            <ns3:cad>91</ns3:cad>
          </ns3:TrackPointExtension>
        </extensions>
      </trkpt>
      <trkpt lat="24.621498920023441314697265625" lon="118.14124412834644317626953125">
        <ele>11.6000003814697265625</ele>
        <time>2025-10-31T09:53:54.000Z</time>
        <extensions>
          <ns3:TrackPointExtension>
            <ns3:hr>163</ns3:hr>
            <ns3:cad>92</ns3:cad>
          </ns3:TrackPointExtension>
        </extensions>
      </trkpt>
      <trkpt lat="24.62147553451359272003173828125" lon="118.14124412834644317626953125">
        <ele>11.6000003814697265625</ele>
        <time>2025-10-31T09:53:55.000Z</time>
        <extensions>
          <ns3:TrackPointExtension>
            <ns3:hr>162</ns3:hr>
            <ns3:cad>92</ns3:cad>
          </ns3:TrackPointExtension>
        </extensions>
      </trkpt>
      <trkpt lat="24.62143630720674991607666015625" lon="118.14123566262423992156982421875">
        <ele>11.3999996185302734375</ele>
        <time>2025-10-31T09:53:56.000Z</time>
        <extensions>
          <ns3:TrackPointExtension>
            <ns3:hr>161</ns3:hr>
            <ns3:cad>92</ns3:cad>
          </ns3:TrackPointExtension>
        </extensions>
      </trkpt>
      <trkpt lat="24.6214099042117595672607421875" lon="118.141235411167144775390625">
        <ele>11.3999996185302734375</ele>
        <time>2025-10-31T09:53:57.000Z</time>
        <extensions>
          <ns3:TrackPointExtension>
            <ns3:hr>161</ns3:hr>
            <ns3:cad>92</ns3:cad>
          </ns3:TrackPointExtension>
        </extensions>
      </trkpt>
      <trkpt lat="24.62137587368488311767578125" lon="118.141225688159465789794921875">
        <ele>11.3999996185302734375</ele>
        <time>2025-10-31T09:53:58.000Z</time>
        <extensions>
          <ns3:TrackPointExtension>
            <ns3:hr>160</ns3:hr>
            <ns3:cad>91</ns3:cad>
          </ns3:TrackPointExtension>
        </extensions>
      </trkpt>
      <trkpt lat="24.62134863249957561492919921875" lon="118.14122191630303859710693359375">
        <ele>11.3999996185302734375</ele>
        <time>2025-10-31T09:53:59.000Z</time>
        <extensions>
          <ns3:TrackPointExtension>
            <ns3:hr>160</ns3:hr>
            <ns3:cad>91</ns3:cad>
          </ns3:TrackPointExtension>
        </extensions>
      </trkpt>
      <trkpt lat="24.6213213913142681121826171875" lon="118.14121470786631107330322265625">
        <ele>11.19999980926513671875</ele>
        <time>2025-10-31T09:54:00.000Z</time>
        <extensions>
          <ns3:TrackPointExtension>
            <ns3:hr>160</ns3:hr>
            <ns3:cad>92</ns3:cad>
          </ns3:TrackPointExtension>
        </extensions>
      </trkpt>
      <trkpt lat="24.6212908811867237091064453125" lon="118.14120967872440814971923828125">
        <ele>11.19999980926513671875</ele>
        <time>2025-10-31T09:54:01.000Z</time>
        <extensions>
          <ns3:TrackPointExtension>
            <ns3:hr>160</ns3:hr>
            <ns3:cad>92</ns3:cad>
          </ns3:TrackPointExtension>
        </extensions>
      </trkpt>
      <trkpt lat="24.62126648984849452972412109375" lon="118.1412033922970294952392578125">
        <ele>11.3999996185302734375</ele>
        <time>2025-10-31T09:54:02.000Z</time>
        <extensions>
          <ns3:TrackPointExtension>
            <ns3:hr>160</ns3:hr>
            <ns3:cad>92</ns3:cad>
          </ns3:TrackPointExtension>
        </extensions>
      </trkpt>
      <trkpt lat="24.6212355606257915496826171875" lon="118.141193501651287078857421875">
        <ele>11.19999980926513671875</ele>
        <time>2025-10-31T09:54:03.000Z</time>
        <extensions>
          <ns3:TrackPointExtension>
            <ns3:hr>160</ns3:hr>
            <ns3:cad>92</ns3:cad>
          </ns3:TrackPointExtension>
        </extensions>
      </trkpt>
      <trkpt lat="24.6212104149162769317626953125" lon="118.14117933623492717742919921875">
        <ele>11.19999980926513671875</ele>
        <time>2025-10-31T09:54:04.000Z</time>
        <extensions>
          <ns3:TrackPointExtension>
            <ns3:hr>160</ns3:hr>
            <ns3:cad>92</ns3:cad>
          </ns3:TrackPointExtension>
        </extensions>
      </trkpt>
      <trkpt lat="24.6211788989603519439697265625" lon="118.1411643326282501220703125">
        <ele>11.3999996185302734375</ele>
        <time>2025-10-31T09:54:05.000Z</time>
        <extensions>
          <ns3:TrackPointExtension>
            <ns3:hr>160</ns3:hr>
            <ns3:cad>93</ns3:cad>
          </ns3:TrackPointExtension>
        </extensions>
      </trkpt>
      <trkpt lat="24.62115618400275707244873046875" lon="118.14115737564861774444580078125">
        <ele>11.19999980926513671875</ele>
        <time>2025-10-31T09:54:06.000Z</time>
        <extensions>
          <ns3:TrackPointExtension>
            <ns3:hr>160</ns3:hr>
            <ns3:cad>93</ns3:cad>
          </ns3:TrackPointExtension>
        </extensions>
      </trkpt>
      <trkpt lat="24.6211205609142780303955078125" lon="118.14114463515579700469970703125">
        <ele>11.19999980926513671875</ele>
        <time>2025-10-31T09:54:07.000Z</time>
        <extensions>
          <ns3:TrackPointExtension>
            <ns3:hr>160</ns3:hr>
            <ns3:cad>92</ns3:cad>
          </ns3:TrackPointExtension>
        </extensions>
      </trkpt>
      <trkpt lat="24.6210944093763828277587890625" lon="118.14114153385162353515625">
        <ele>11.19999980926513671875</ele>
        <time>2025-10-31T09:54:08.000Z</time>
        <extensions>
          <ns3:TrackPointExtension>
            <ns3:hr>160</ns3:hr>
            <ns3:cad>92</ns3:cad>
          </ns3:TrackPointExtension>
        </extensions>
      </trkpt>
      <trkpt lat="24.62106498889625072479248046875" lon="118.1411299668252468109130859375">
        <ele>11</ele>
        <time>2025-10-31T09:54:09.000Z</time>
        <extensions>
          <ns3:TrackPointExtension>
            <ns3:hr>160</ns3:hr>
            <ns3:cad>93</ns3:cad>
          </ns3:TrackPointExtension>
        </extensions>
      </trkpt>
      <trkpt lat="24.621041603386402130126953125" lon="118.14112401567399501800537109375">
        <ele>11</ele>
        <time>2025-10-31T09:54:10.000Z</time>
        <extensions>
          <ns3:TrackPointExtension>
            <ns3:hr>161</ns3:hr>
            <ns3:cad>93</ns3:cad>
          </ns3:TrackPointExtension>
        </extensions>
      </trkpt>
      <trkpt lat="24.62101285345852375030517578125" lon="118.1411098502576351165771484375">
        <ele>11</ele>
        <time>2025-10-31T09:54:11.000Z</time>
        <extensions>
          <ns3:TrackPointExtension>
            <ns3:hr>161</ns3:hr>
            <ns3:cad>93</ns3:cad>
          </ns3:TrackPointExtension>
        </extensions>
      </trkpt>
      <trkpt lat="24.6209911443293094635009765625" lon="118.14110373146831989288330078125">
        <ele>11.19999980926513671875</ele>
        <time>2025-10-31T09:54:12.000Z</time>
        <extensions>
          <ns3:TrackPointExtension>
            <ns3:hr>161</ns3:hr>
            <ns3:cad>93</ns3:cad>
          </ns3:TrackPointExtension>
        </extensions>
      </trkpt>
      <trkpt lat="24.62096281349658966064453125" lon="118.141088224947452545166015625">
        <ele>11.19999980926513671875</ele>
        <time>2025-10-31T09:54:13.000Z</time>
        <extensions>
          <ns3:TrackPointExtension>
            <ns3:hr>161</ns3:hr>
            <ns3:cad>93</ns3:cad>
          </ns3:TrackPointExtension>
        </extensions>
      </trkpt>
      <trkpt lat="24.62094127200543880462646484375" lon="118.14108143560588359832763671875">
        <ele>11.19999980926513671875</ele>
        <time>2025-10-31T09:54:14.000Z</time>
        <extensions>
          <ns3:TrackPointExtension>
            <ns3:hr>161</ns3:hr>
            <ns3:cad>93</ns3:cad>
          </ns3:TrackPointExtension>
        </extensions>
      </trkpt>
      <trkpt lat="24.620914869010448455810546875" lon="118.14106215722858905792236328125">
        <ele>11.19999980926513671875</ele>
        <time>2025-10-31T09:54:15.000Z</time>
        <extensions>
          <ns3:TrackPointExtension>
            <ns3:hr>161</ns3:hr>
            <ns3:cad>92</ns3:cad>
          </ns3:TrackPointExtension>
        </extensions>
      </trkpt>
      <trkpt lat="24.62089131586253643035888671875" lon="118.14104975201189517974853515625">
        <ele>11.3999996185302734375</ele>
        <time>2025-10-31T09:54:16.000Z</time>
        <extensions>
          <ns3:TrackPointExtension>
            <ns3:hr>162</ns3:hr>
            <ns3:cad>92</ns3:cad>
          </ns3:TrackPointExtension>
        </extensions>
      </trkpt>
      <trkpt lat="24.62086650542914867401123046875" lon="118.1410317309200763702392578125">
        <ele>11.6000003814697265625</ele>
        <time>2025-10-31T09:54:17.000Z</time>
        <extensions>
          <ns3:TrackPointExtension>
            <ns3:hr>161</ns3:hr>
            <ns3:cad>92</ns3:cad>
          </ns3:TrackPointExtension>
        </extensions>
      </trkpt>
      <trkpt lat="24.6208419464528560638427734375" lon="118.14102158881723880767822265625">
        <ele>11.80000019073486328125</ele>
        <time>2025-10-31T09:54:18.000Z</time>
        <extensions>
          <ns3:TrackPointExtension>
            <ns3:hr>161</ns3:hr>
            <ns3:cad>90</ns3:cad>
          </ns3:TrackPointExtension>
        </extensions>
      </trkpt>
      <trkpt lat="24.62081872858107089996337890625" lon="118.14100968651473522186279296875">
        <ele>12</ele>
        <time>2025-10-31T09:54:19.000Z</time>
        <extensions>
          <ns3:TrackPointExtension>
            <ns3:hr>162</ns3:hr>
            <ns3:cad>90</ns3:cad>
          </ns3:TrackPointExtension>
        </extensions>
      </trkpt>
      <trkpt lat="24.6207940019667148590087890625" lon="118.14099594019353389739990234375">
        <ele>12.19999980926513671875</ele>
        <time>2025-10-31T09:54:20.000Z</time>
        <extensions>
          <ns3:TrackPointExtension>
            <ns3:hr>161</ns3:hr>
            <ns3:cad>90</ns3:cad>
          </ns3:TrackPointExtension>
        </extensions>
      </trkpt>
      <trkpt lat="24.62077229283750057220458984375" lon="118.14098185859620571136474609375">
        <ele>12</ele>
        <time>2025-10-31T09:54:21.000Z</time>
        <extensions>
          <ns3:TrackPointExtension>
            <ns3:hr>161</ns3:hr>
            <ns3:cad>90</ns3:cad>
          </ns3:TrackPointExtension>
        </extensions>
      </trkpt>
      <trkpt lat="24.62074161507189273834228515625" lon="118.1409666873514652252197265625">
        <ele>11.80000019073486328125</ele>
        <time>2025-10-31T09:54:22.000Z</time>
        <extensions>
          <ns3:TrackPointExtension>
            <ns3:hr>159</ns3:hr>
            <ns3:cad>90</ns3:cad>
          </ns3:TrackPointExtension>
        </extensions>
      </trkpt>
      <trkpt lat="24.620713703334331512451171875" lon="118.140957467257976531982421875">
        <ele>11.6000003814697265625</ele>
        <time>2025-10-31T09:54:23.000Z</time>
        <extensions>
          <ns3:TrackPointExtension>
            <ns3:hr>158</ns3:hr>
            <ns3:cad>90</ns3:cad>
          </ns3:TrackPointExtension>
        </extensions>
      </trkpt>
      <trkpt lat="24.62068126536905765533447265625" lon="118.14094196073710918426513671875">
        <ele>11.3999996185302734375</ele>
        <time>2025-10-31T09:54:24.000Z</time>
        <extensions>
          <ns3:TrackPointExtension>
            <ns3:hr>158</ns3:hr>
            <ns3:cad>90</ns3:cad>
          </ns3:TrackPointExtension>
        </extensions>
      </trkpt>
      <trkpt lat="24.62065544910728931427001953125" lon="118.14093139953911304473876953125">
        <ele>11.3999996185302734375</ele>
        <time>2025-10-31T09:54:25.000Z</time>
        <extensions>
          <ns3:TrackPointExtension>
            <ns3:hr>158</ns3:hr>
            <ns3:cad>93</ns3:cad>
          </ns3:TrackPointExtension>
        </extensions>
      </trkpt>
      <trkpt lat="24.620626531541347503662109375" lon="118.14091547392308712005615234375">
        <ele>11.19999980926513671875</ele>
        <time>2025-10-31T09:54:26.000Z</time>
        <extensions>
          <ns3:TrackPointExtension>
            <ns3:hr>158</ns3:hr>
            <ns3:cad>93</ns3:cad>
          </ns3:TrackPointExtension>
        </extensions>
      </trkpt>
      <trkpt lat="24.62060180492699146270751953125" lon="118.1409039907157421112060546875">
        <ele>11.3999996185302734375</ele>
        <time>2025-10-31T09:54:27.000Z</time>
        <extensions>
          <ns3:TrackPointExtension>
            <ns3:hr>158</ns3:hr>
            <ns3:cad>93</ns3:cad>
          </ns3:TrackPointExtension>
        </extensions>
      </trkpt>
      <trkpt lat="24.6205747313797473907470703125" lon="118.1408853828907012939453125">
        <ele>11.3999996185302734375</ele>
        <time>2025-10-31T09:54:28.000Z</time>
        <extensions>
          <ns3:TrackPointExtension>
            <ns3:hr>159</ns3:hr>
            <ns3:cad>93</ns3:cad>
          </ns3:TrackPointExtension>
        </extensions>
      </trkpt>
      <trkpt lat="24.62054849602282047271728515625" lon="118.14087490551173686981201171875">
        <ele>11.3999996185302734375</ele>
        <time>2025-10-31T09:54:29.000Z</time>
        <extensions>
          <ns3:TrackPointExtension>
            <ns3:hr>159</ns3:hr>
            <ns3:cad>93</ns3:cad>
          </ns3:TrackPointExtension>
        </extensions>
      </trkpt>
      <trkpt lat="24.6205217577517032623291015625" lon="118.1408600695431232452392578125">
        <ele>11.6000003814697265625</ele>
        <time>2025-10-31T09:54:30.000Z</time>
        <extensions>
          <ns3:TrackPointExtension>
            <ns3:hr>159</ns3:hr>
            <ns3:cad>92</ns3:cad>
          </ns3:TrackPointExtension>
        </extensions>
      </trkpt>
      <trkpt lat="24.62049535475671291351318359375" lon="118.14085143618285655975341796875">
        <ele>11.80000019073486328125</ele>
        <time>2025-10-31T09:54:31.000Z</time>
        <extensions>
          <ns3:TrackPointExtension>
            <ns3:hr>160</ns3:hr>
            <ns3:cad>92</ns3:cad>
          </ns3:TrackPointExtension>
        </extensions>
      </trkpt>
      <trkpt lat="24.620465934276580810546875" lon="118.14083416946232318878173828125">
        <ele>11.80000019073486328125</ele>
        <time>2025-10-31T09:54:32.000Z</time>
        <extensions>
          <ns3:TrackPointExtension>
            <ns3:hr>160</ns3:hr>
            <ns3:cad>91</ns3:cad>
          </ns3:TrackPointExtension>
        </extensions>
      </trkpt>
      <trkpt lat="24.6204431354999542236328125" lon="118.1408218480646610260009765625">
        <ele>11.80000019073486328125</ele>
        <time>2025-10-31T09:54:33.000Z</time>
        <extensions>
          <ns3:TrackPointExtension>
            <ns3:hr>160</ns3:hr>
            <ns3:cad>91</ns3:cad>
          </ns3:TrackPointExtension>
        </extensions>
      </trkpt>
      <trkpt lat="24.6204171516001224517822265625" lon="118.14080231823027133941650390625">
        <ele>11.6000003814697265625</ele>
        <time>2025-10-31T09:54:34.000Z</time>
        <extensions>
          <ns3:TrackPointExtension>
            <ns3:hr>161</ns3:hr>
            <ns3:cad>92</ns3:cad>
          </ns3:TrackPointExtension>
        </extensions>
      </trkpt>
      <trkpt lat="24.62039527483284473419189453125" lon="118.14079242758452892303466796875">
        <ele>11.6000003814697265625</ele>
        <time>2025-10-31T09:54:35.000Z</time>
        <extensions>
          <ns3:TrackPointExtension>
            <ns3:hr>161</ns3:hr>
            <ns3:cad>92</ns3:cad>
          </ns3:TrackPointExtension>
        </extensions>
      </trkpt>
      <trkpt lat="24.6203708834946155548095703125" lon="118.14077449031174182891845703125">
        <ele>11.3999996185302734375</ele>
        <time>2025-10-31T09:54:36.000Z</time>
        <extensions>
          <ns3:TrackPointExtension>
            <ns3:hr>161</ns3:hr>
            <ns3:cad>92</ns3:cad>
          </ns3:TrackPointExtension>
        </extensions>
      </trkpt>
      <trkpt lat="24.62034582160413265228271484375" lon="118.1407594867050647735595703125">
        <ele>11.3999996185302734375</ele>
        <time>2025-10-31T09:54:37.000Z</time>
        <extensions>
          <ns3:TrackPointExtension>
            <ns3:hr>161</ns3:hr>
            <ns3:cad>92</ns3:cad>
          </ns3:TrackPointExtension>
        </extensions>
      </trkpt>
      <trkpt lat="24.6203205920755863189697265625" lon="118.14074230380356311798095703125">
        <ele>11.3999996185302734375</ele>
        <time>2025-10-31T09:54:38.000Z</time>
        <extensions>
          <ns3:TrackPointExtension>
            <ns3:hr>161</ns3:hr>
            <ns3:cad>93</ns3:cad>
          </ns3:TrackPointExtension>
        </extensions>
      </trkpt>
      <trkpt lat="24.62029360234737396240234375" lon="118.14072671346366405487060546875">
        <ele>11.3999996185302734375</ele>
        <time>2025-10-31T09:54:39.000Z</time>
        <extensions>
          <ns3:TrackPointExtension>
            <ns3:hr>161</ns3:hr>
            <ns3:cad>93</ns3:cad>
          </ns3:TrackPointExtension>
        </extensions>
      </trkpt>
      <trkpt lat="24.62026971392333507537841796875" lon="118.140713386237621307373046875">
        <ele>11.3999996185302734375</ele>
        <time>2025-10-31T09:54:40.000Z</time>
        <extensions>
          <ns3:TrackPointExtension>
            <ns3:hr>160</ns3:hr>
            <ns3:cad>93</ns3:cad>
          </ns3:TrackPointExtension>
        </extensions>
      </trkpt>
      <trkpt lat="24.620242975652217864990234375" lon="118.14069385640323162078857421875">
        <ele>11.6000003814697265625</ele>
        <time>2025-10-31T09:54:41.000Z</time>
        <extensions>
          <ns3:TrackPointExtension>
            <ns3:hr>161</ns3:hr>
            <ns3:cad>93</ns3:cad>
          </ns3:TrackPointExtension>
        </extensions>
      </trkpt>
      <trkpt lat="24.620220847427845001220703125" lon="118.1406796909868717193603515625">
        <ele>11.6000003814697265625</ele>
        <time>2025-10-31T09:54:42.000Z</time>
        <extensions>
          <ns3:TrackPointExtension>
            <ns3:hr>161</ns3:hr>
            <ns3:cad>93</ns3:cad>
          </ns3:TrackPointExtension>
        </extensions>
      </trkpt>
      <trkpt lat="24.6201968751847743988037109375" lon="118.1406625919044017791748046875">
        <ele>11.6000003814697265625</ele>
        <time>2025-10-31T09:54:43.000Z</time>
        <extensions>
          <ns3:TrackPointExtension>
            <ns3:hr>162</ns3:hr>
            <ns3:cad>93</ns3:cad>
          </ns3:TrackPointExtension>
        </extensions>
      </trkpt>
      <trkpt lat="24.620173908770084381103515625" lon="118.14065110869705677032470703125">
        <ele>11.6000003814697265625</ele>
        <time>2025-10-31T09:54:44.000Z</time>
        <extensions>
          <ns3:TrackPointExtension>
            <ns3:hr>163</ns3:hr>
            <ns3:cad>92</ns3:cad>
          </ns3:TrackPointExtension>
        </extensions>
      </trkpt>
      <trkpt lat="24.62014582939445972442626953125" lon="118.1406305730342864990234375">
        <ele>11.6000003814697265625</ele>
        <time>2025-10-31T09:54:45.000Z</time>
        <extensions>
          <ns3:TrackPointExtension>
            <ns3:hr>163</ns3:hr>
            <ns3:cad>92</ns3:cad>
          </ns3:TrackPointExtension>
        </extensions>
      </trkpt>
      <trkpt lat="24.620120935142040252685546875" lon="118.14062462188303470611572265625">
        <ele>11.6000003814697265625</ele>
        <time>2025-10-31T09:54:46.000Z</time>
        <extensions>
          <ns3:TrackPointExtension>
            <ns3:hr>163</ns3:hr>
            <ns3:cad>92</ns3:cad>
          </ns3:TrackPointExtension>
        </extensions>
      </trkpt>
      <trkpt lat="24.62009302340447902679443359375" lon="118.140609450638294219970703125">
        <ele>11.6000003814697265625</ele>
        <time>2025-10-31T09:54:47.000Z</time>
        <extensions>
          <ns3:TrackPointExtension>
            <ns3:hr>163</ns3:hr>
            <ns3:cad>92</ns3:cad>
          </ns3:TrackPointExtension>
        </extensions>
      </trkpt>
      <trkpt lat="24.620069973170757293701171875" lon="118.140599727630615234375">
        <ele>11.6000003814697265625</ele>
        <time>2025-10-31T09:54:48.000Z</time>
        <extensions>
          <ns3:TrackPointExtension>
            <ns3:hr>163</ns3:hr>
            <ns3:cad>92</ns3:cad>
          </ns3:TrackPointExtension>
        </extensions>
      </trkpt>
      <trkpt lat="24.62003937922418117523193359375" lon="118.14058070071041584014892578125">
        <ele>11.6000003814697265625</ele>
        <time>2025-10-31T09:54:49.000Z</time>
        <extensions>
          <ns3:TrackPointExtension>
            <ns3:hr>163</ns3:hr>
            <ns3:cad>92</ns3:cad>
          </ns3:TrackPointExtension>
        </extensions>
      </trkpt>
      <trkpt lat="24.62001624517142772674560546875" lon="118.1405713967978954315185546875">
        <ele>11.6000003814697265625</ele>
        <time>2025-10-31T09:54:50.000Z</time>
        <extensions>
          <ns3:TrackPointExtension>
            <ns3:hr>163</ns3:hr>
            <ns3:cad>92</ns3:cad>
          </ns3:TrackPointExtension>
        </extensions>
      </trkpt>
      <trkpt lat="24.6199869923293590545654296875" lon="118.1405482627451419830322265625">
        <ele>11.80000019073486328125</ele>
        <time>2025-10-31T09:54:51.000Z</time>
        <extensions>
          <ns3:TrackPointExtension>
            <ns3:hr>163</ns3:hr>
            <ns3:cad>92</ns3:cad>
          </ns3:TrackPointExtension>
        </extensions>
      </trkpt>
      <trkpt lat="24.619967043399810791015625" lon="118.1405425630509853363037109375">
        <ele>11.6000003814697265625</ele>
        <time>2025-10-31T09:54:52.000Z</time>
        <extensions>
          <ns3:TrackPointExtension>
            <ns3:hr>163</ns3:hr>
            <ns3:cad>90</ns3:cad>
          </ns3:TrackPointExtension>
        </extensions>
      </trkpt>
      <trkpt lat="24.6199397183954715728759765625" lon="118.140524961054325103759765625">
        <ele>11.6000003814697265625</ele>
        <time>2025-10-31T09:54:53.000Z</time>
        <extensions>
          <ns3:TrackPointExtension>
            <ns3:hr>163</ns3:hr>
            <ns3:cad>90</ns3:cad>
          </ns3:TrackPointExtension>
        </extensions>
      </trkpt>
      <trkpt lat="24.61991717107594013214111328125" lon="118.14052018336951732635498046875">
        <ele>11.6000003814697265625</ele>
        <time>2025-10-31T09:54:54.000Z</time>
        <extensions>
          <ns3:TrackPointExtension>
            <ns3:hr>163</ns3:hr>
            <ns3:cad>89</ns3:cad>
          </ns3:TrackPointExtension>
        </extensions>
      </trkpt>
      <trkpt lat="24.61988766677677631378173828125" lon="118.1405026651918888092041015625">
        <ele>11.6000003814697265625</ele>
        <time>2025-10-31T09:54:55.000Z</time>
        <extensions>
          <ns3:TrackPointExtension>
            <ns3:hr>163</ns3:hr>
            <ns3:cad>89</ns3:cad>
          </ns3:TrackPointExtension>
        </extensions>
      </trkpt>
      <trkpt lat="24.619865454733371734619140625" lon="118.1404969654977321624755859375">
        <ele>11.3999996185302734375</ele>
        <time>2025-10-31T09:54:56.000Z</time>
        <extensions>
          <ns3:TrackPointExtension>
            <ns3:hr>163</ns3:hr>
            <ns3:cad>89</ns3:cad>
          </ns3:TrackPointExtension>
        </extensions>
      </trkpt>
      <trkpt lat="24.61983762681484222412109375" lon="118.14047927968204021453857421875">
        <ele>11.3999996185302734375</ele>
        <time>2025-10-31T09:54:57.000Z</time>
        <extensions>
          <ns3:TrackPointExtension>
            <ns3:hr>163</ns3:hr>
            <ns3:cad>89</ns3:cad>
          </ns3:TrackPointExtension>
        </extensions>
      </trkpt>
      <trkpt lat="24.6198139898478984832763671875" lon="118.14047123305499553680419921875">
        <ele>11.3999996185302734375</ele>
        <time>2025-10-31T09:54:58.000Z</time>
        <extensions>
          <ns3:TrackPointExtension>
            <ns3:hr>164</ns3:hr>
            <ns3:cad>89</ns3:cad>
          </ns3:TrackPointExtension>
        </extensions>
      </trkpt>
      <trkpt lat="24.61978171952068805694580078125" lon="118.140457905828952789306640625">
        <ele>11.6000003814697265625</ele>
        <time>2025-10-31T09:54:59.000Z</time>
        <extensions>
          <ns3:TrackPointExtension>
            <ns3:hr>163</ns3:hr>
            <ns3:cad>89</ns3:cad>
          </ns3:TrackPointExtension>
        </extensions>
      </trkpt>
      <trkpt lat="24.6197546459734439849853515625" lon="118.140449859201908111572265625">
        <ele>11.80000019073486328125</ele>
        <time>2025-10-31T09:55:00.000Z</time>
        <extensions>
          <ns3:TrackPointExtension>
            <ns3:hr>163</ns3:hr>
            <ns3:cad>89</ns3:cad>
          </ns3:TrackPointExtension>
        </extensions>
      </trkpt>
      <trkpt lat="24.61972891353070735931396484375" lon="118.1404379568994045257568359375">
        <ele>11.80000019073486328125</ele>
        <time>2025-10-31T09:55:01.000Z</time>
        <extensions>
          <ns3:TrackPointExtension>
            <ns3:hr>163</ns3:hr>
            <ns3:cad>89</ns3:cad>
          </ns3:TrackPointExtension>
        </extensions>
      </trkpt>
      <trkpt lat="24.61970594711601734161376953125" lon="118.14044022001326084136962890625">
        <ele>12</ele>
        <time>2025-10-31T09:55:02.000Z</time>
        <extensions>
          <ns3:TrackPointExtension>
            <ns3:hr>164</ns3:hr>
            <ns3:cad>90</ns3:cad>
          </ns3:TrackPointExtension>
        </extensions>
      </trkpt>
      <trkpt lat="24.619677364826202392578125" lon="118.14042680896818637847900390625">
        <ele>12</ele>
        <time>2025-10-31T09:55:03.000Z</time>
        <extensions>
          <ns3:TrackPointExtension>
            <ns3:hr>164</ns3:hr>
            <ns3:cad>90</ns3:cad>
          </ns3:TrackPointExtension>
        </extensions>
      </trkpt>
      <trkpt lat="24.6196530573070049285888671875" lon="118.14042094163596630096435546875">
        <ele>11.80000019073486328125</ele>
        <time>2025-10-31T09:55:04.000Z</time>
        <extensions>
          <ns3:TrackPointExtension>
            <ns3:hr>164</ns3:hr>
            <ns3:cad>90</ns3:cad>
          </ns3:TrackPointExtension>
        </extensions>
      </trkpt>
      <trkpt lat="24.61962305009365081787109375" lon="118.14040753059089183807373046875">
        <ele>11.80000019073486328125</ele>
        <time>2025-10-31T09:55:05.000Z</time>
        <extensions>
          <ns3:TrackPointExtension>
            <ns3:hr>164</ns3:hr>
            <ns3:cad>90</ns3:cad>
          </ns3:TrackPointExtension>
        </extensions>
      </trkpt>
      <trkpt lat="24.61959832347929477691650390625" lon="118.1403997354209423065185546875">
        <ele>11.80000019073486328125</ele>
        <time>2025-10-31T09:55:06.000Z</time>
        <extensions>
          <ns3:TrackPointExtension>
            <ns3:hr>164</ns3:hr>
            <ns3:cad>90</ns3:cad>
          </ns3:TrackPointExtension>
        </extensions>
      </trkpt>
      <trkpt lat="24.6195692382752895355224609375" lon="118.14038808457553386688232421875">
        <ele>11.6000003814697265625</ele>
        <time>2025-10-31T09:55:07.000Z</time>
        <extensions>
          <ns3:TrackPointExtension>
            <ns3:hr>165</ns3:hr>
            <ns3:cad>90</ns3:cad>
          </ns3:TrackPointExtension>
        </extensions>
      </trkpt>
      <trkpt lat="24.61954216472804546356201171875" lon="118.140378110110759735107421875">
        <ele>11.80000019073486328125</ele>
        <time>2025-10-31T09:55:08.000Z</time>
        <extensions>
          <ns3:TrackPointExtension>
            <ns3:hr>164</ns3:hr>
            <ns3:cad>90</ns3:cad>
          </ns3:TrackPointExtension>
        </extensions>
      </trkpt>
      <trkpt lat="24.61951266042888164520263671875" lon="118.14036645926535129547119140625">
        <ele>11.80000019073486328125</ele>
        <time>2025-10-31T09:55:09.000Z</time>
        <extensions>
          <ns3:TrackPointExtension>
            <ns3:hr>165</ns3:hr>
            <ns3:cad>90</ns3:cad>
          </ns3:TrackPointExtension>
        </extensions>
      </trkpt>
      <trkpt lat="24.61948432959616184234619140625" lon="118.1403598375618457794189453125">
        <ele>11.80000019073486328125</ele>
        <time>2025-10-31T09:55:10.000Z</time>
        <extensions>
          <ns3:TrackPointExtension>
            <ns3:hr>166</ns3:hr>
            <ns3:cad>90</ns3:cad>
          </ns3:TrackPointExtension>
        </extensions>
      </trkpt>
      <trkpt lat="24.61945733986794948577880859375" lon="118.14034701324999332427978515625">
        <ele>11.80000019073486328125</ele>
        <time>2025-10-31T09:55:11.000Z</time>
        <extensions>
          <ns3:TrackPointExtension>
            <ns3:hr>166</ns3:hr>
            <ns3:cad>91</ns3:cad>
          </ns3:TrackPointExtension>
        </extensions>
      </trkpt>
      <trkpt lat="24.61943236179649829864501953125" lon="118.1403393857181072235107421875">
        <ele>11.80000019073486328125</ele>
        <time>2025-10-31T09:55:12.000Z</time>
        <extensions>
          <ns3:TrackPointExtension>
            <ns3:hr>166</ns3:hr>
            <ns3:cad>92</ns3:cad>
          </ns3:TrackPointExtension>
        </extensions>
      </trkpt>
      <trkpt lat="24.61940352804958820343017578125" lon="118.14032538793981075286865234375">
        <ele>11.6000003814697265625</ele>
        <time>2025-10-31T09:55:13.000Z</time>
        <extensions>
          <ns3:TrackPointExtension>
            <ns3:hr>166</ns3:hr>
            <ns3:cad>92</ns3:cad>
          </ns3:TrackPointExtension>
        </extensions>
      </trkpt>
      <trkpt lat="24.6193771250545978546142578125" lon="118.1403167545795440673828125">
        <ele>11.6000003814697265625</ele>
        <time>2025-10-31T09:55:14.000Z</time>
        <extensions>
          <ns3:TrackPointExtension>
            <ns3:hr>166</ns3:hr>
            <ns3:cad>91</ns3:cad>
          </ns3:TrackPointExtension>
        </extensions>
      </trkpt>
      <trkpt lat="24.6193476207554340362548828125" lon="118.14031264744699001312255859375">
        <ele>11.6000003814697265625</ele>
        <time>2025-10-31T09:55:15.000Z</time>
        <extensions>
          <ns3:TrackPointExtension>
            <ns3:hr>166</ns3:hr>
            <ns3:cad>91</ns3:cad>
          </ns3:TrackPointExtension>
        </extensions>
      </trkpt>
      <trkpt lat="24.61931769736111164093017578125" lon="118.14030577428638935089111328125">
        <ele>11.6000003814697265625</ele>
        <time>2025-10-31T09:55:16.000Z</time>
        <extensions>
          <ns3:TrackPointExtension>
            <ns3:hr>166</ns3:hr>
            <ns3:cad>92</ns3:cad>
          </ns3:TrackPointExtension>
        </extensions>
      </trkpt>
      <trkpt lat="24.61929724551737308502197265625" lon="118.1403028406202793121337890625">
        <ele>11.80000019073486328125</ele>
        <time>2025-10-31T09:55:17.000Z</time>
        <extensions>
          <ns3:TrackPointExtension>
            <ns3:hr>166</ns3:hr>
            <ns3:cad>92</ns3:cad>
          </ns3:TrackPointExtension>
        </extensions>
      </trkpt>
      <trkpt lat="24.61926095187664031982421875" lon="118.140282891690731048583984375">
        <ele>11.80000019073486328125</ele>
        <time>2025-10-31T09:55:18.000Z</time>
        <extensions>
          <ns3:TrackPointExtension>
            <ns3:hr>166</ns3:hr>
            <ns3:cad>92</ns3:cad>
          </ns3:TrackPointExtension>
        </extensions>
      </trkpt>
      <trkpt lat="24.619235806167125701904296875" lon="118.1402776949107646942138671875">
        <ele>12</ele>
        <time>2025-10-31T09:55:19.000Z</time>
        <extensions>
          <ns3:TrackPointExtension>
            <ns3:hr>166</ns3:hr>
            <ns3:cad>92</ns3:cad>
          </ns3:TrackPointExtension>
        </extensions>
      </trkpt>
      <trkpt lat="24.619202278554439544677734375" lon="118.1402589194476604461669921875">
        <ele>12</ele>
        <time>2025-10-31T09:55:20.000Z</time>
        <extensions>
          <ns3:TrackPointExtension>
            <ns3:hr>166</ns3:hr>
            <ns3:cad>93</ns3:cad>
          </ns3:TrackPointExtension>
        </extensions>
      </trkpt>
      <trkpt lat="24.61918090470135211944580078125" lon="118.1402552314102649688720703125">
        <ele>12</ele>
        <time>2025-10-31T09:55:21.000Z</time>
        <extensions>
          <ns3:TrackPointExtension>
            <ns3:hr>166</ns3:hr>
            <ns3:cad>93</ns3:cad>
          </ns3:TrackPointExtension>
        </extensions>
      </trkpt>
      <trkpt lat="24.6191481314599514007568359375" lon="118.14023754559457302093505859375">
        <ele>12</ele>
        <time>2025-10-31T09:55:22.000Z</time>
        <extensions>
          <ns3:TrackPointExtension>
            <ns3:hr>166</ns3:hr>
            <ns3:cad>93</ns3:cad>
          </ns3:TrackPointExtension>
        </extensions>
      </trkpt>
      <trkpt lat="24.6191280148923397064208984375" lon="118.14023033715784549713134765625">
        <ele>12</ele>
        <time>2025-10-31T09:55:23.000Z</time>
        <extensions>
          <ns3:TrackPointExtension>
            <ns3:hr>166</ns3:hr>
            <ns3:cad>92</ns3:cad>
          </ns3:TrackPointExtension>
        </extensions>
      </trkpt>
      <trkpt lat="24.6190988458693027496337890625" lon="118.14020871184766292572021484375">
        <ele>12</ele>
        <time>2025-10-31T09:55:24.000Z</time>
        <extensions>
          <ns3:TrackPointExtension>
            <ns3:hr>166</ns3:hr>
            <ns3:cad>92</ns3:cad>
          </ns3:TrackPointExtension>
        </extensions>
      </trkpt>
      <trkpt lat="24.61907210759818553924560546875" lon="118.14019949175417423248291015625">
        <ele>12</ele>
        <time>2025-10-31T09:55:25.000Z</time>
        <extensions>
          <ns3:TrackPointExtension>
            <ns3:hr>166</ns3:hr>
            <ns3:cad>92</ns3:cad>
          </ns3:TrackPointExtension>
        </extensions>
      </trkpt>
      <trkpt lat="24.61904293857514858245849609375" lon="118.140187002718448638916015625">
        <ele>12.19999980926513671875</ele>
        <time>2025-10-31T09:55:26.000Z</time>
        <extensions>
          <ns3:TrackPointExtension>
            <ns3:hr>166</ns3:hr>
            <ns3:cad>92</ns3:cad>
          </ns3:TrackPointExtension>
        </extensions>
      </trkpt>
      <trkpt lat="24.61901745758950710296630859375" lon="118.1401719152927398681640625">
        <ele>12.19999980926513671875</ele>
        <time>2025-10-31T09:55:27.000Z</time>
        <extensions>
          <ns3:TrackPointExtension>
            <ns3:hr>165</ns3:hr>
            <ns3:cad>92</ns3:cad>
          </ns3:TrackPointExtension>
        </extensions>
      </trkpt>
      <trkpt lat="24.61899340152740478515625" lon="118.1401472724974155426025390625">
        <ele>12.19999980926513671875</ele>
        <time>2025-10-31T09:55:28.000Z</time>
        <extensions>
          <ns3:TrackPointExtension>
            <ns3:hr>165</ns3:hr>
            <ns3:cad>91</ns3:cad>
          </ns3:TrackPointExtension>
        </extensions>
      </trkpt>
      <trkpt lat="24.61896901018917560577392578125" lon="118.1401375494897365570068359375">
        <ele>12.19999980926513671875</ele>
        <time>2025-10-31T09:55:29.000Z</time>
        <extensions>
          <ns3:TrackPointExtension>
            <ns3:hr>165</ns3:hr>
            <ns3:cad>90</ns3:cad>
          </ns3:TrackPointExtension>
        </extensions>
      </trkpt>
      <trkpt lat="24.6189429424703121185302734375" lon="118.140119612216949462890625">
        <ele>12.19999980926513671875</ele>
        <time>2025-10-31T09:55:30.000Z</time>
        <extensions>
          <ns3:TrackPointExtension>
            <ns3:hr>166</ns3:hr>
            <ns3:cad>90</ns3:cad>
          </ns3:TrackPointExtension>
        </extensions>
      </trkpt>
      <trkpt lat="24.61891855113208293914794921875" lon="118.14010628499090671539306640625">
        <ele>12</ele>
        <time>2025-10-31T09:55:31.000Z</time>
        <extensions>
          <ns3:TrackPointExtension>
            <ns3:hr>165</ns3:hr>
            <ns3:cad>90</ns3:cad>
          </ns3:TrackPointExtension>
        </extensions>
      </trkpt>
      <trkpt lat="24.618893153965473175048828125" lon="118.14009119756519794464111328125">
        <ele>11.80000019073486328125</ele>
        <time>2025-10-31T09:55:32.000Z</time>
        <extensions>
          <ns3:TrackPointExtension>
            <ns3:hr>165</ns3:hr>
            <ns3:cad>90</ns3:cad>
          </ns3:TrackPointExtension>
        </extensions>
      </trkpt>
      <trkpt lat="24.61886490695178508758544921875" lon="118.1400738470256328582763671875">
        <ele>11.80000019073486328125</ele>
        <time>2025-10-31T09:55:33.000Z</time>
        <extensions>
          <ns3:TrackPointExtension>
            <ns3:hr>165</ns3:hr>
            <ns3:cad>93</ns3:cad>
          </ns3:TrackPointExtension>
        </extensions>
      </trkpt>
      <trkpt lat="24.618843533098697662353515625" lon="118.140068314969539642333984375">
        <ele>11.80000019073486328125</ele>
        <time>2025-10-31T09:55:34.000Z</time>
        <extensions>
          <ns3:TrackPointExtension>
            <ns3:hr>166</ns3:hr>
            <ns3:cad>93</ns3:cad>
          </ns3:TrackPointExtension>
        </extensions>
      </trkpt>
      <trkpt lat="24.61881034076213836669921875" lon="118.140046186745166778564453125">
        <ele>11.80000019073486328125</ele>
        <time>2025-10-31T09:55:35.000Z</time>
        <extensions>
          <ns3:TrackPointExtension>
            <ns3:hr>165</ns3:hr>
            <ns3:cad>93</ns3:cad>
          </ns3:TrackPointExtension>
        </extensions>
      </trkpt>
      <trkpt lat="24.6187833510339260101318359375" lon="118.1400346197187900543212890625">
        <ele>12</ele>
        <time>2025-10-31T09:55:36.000Z</time>
        <extensions>
          <ns3:TrackPointExtension>
            <ns3:hr>165</ns3:hr>
            <ns3:cad>91</ns3:cad>
          </ns3:TrackPointExtension>
        </extensions>
      </trkpt>
      <trkpt lat="24.61874990724027156829833984375" lon="118.1400155089795589447021484375">
        <ele>11.80000019073486328125</ele>
        <time>2025-10-31T09:55:37.000Z</time>
        <extensions>
          <ns3:TrackPointExtension>
            <ns3:hr>165</ns3:hr>
            <ns3:cad>91</ns3:cad>
          </ns3:TrackPointExtension>
        </extensions>
      </trkpt>
      <trkpt lat="24.61872526444494724273681640625" lon="118.1400027684867382049560546875">
        <ele>11.80000019073486328125</ele>
        <time>2025-10-31T09:55:38.000Z</time>
        <extensions>
          <ns3:TrackPointExtension>
            <ns3:hr>166</ns3:hr>
            <ns3:cad>91</ns3:cad>
          </ns3:TrackPointExtension>
        </extensions>
      </trkpt>
      <trkpt lat="24.61869374848902225494384765625" lon="118.1399829871952533721923828125">
        <ele>11.80000019073486328125</ele>
        <time>2025-10-31T09:55:39.000Z</time>
        <extensions>
          <ns3:TrackPointExtension>
            <ns3:hr>165</ns3:hr>
            <ns3:cad>91</ns3:cad>
          </ns3:TrackPointExtension>
        </extensions>
      </trkpt>
      <trkpt lat="24.61866357363760471343994140625" lon="118.13996664248406887054443359375">
        <ele>11.6000003814697265625</ele>
        <time>2025-10-31T09:55:40.000Z</time>
        <extensions>
          <ns3:TrackPointExtension>
            <ns3:hr>165</ns3:hr>
            <ns3:cad>92</ns3:cad>
          </ns3:TrackPointExtension>
        </extensions>
      </trkpt>
      <trkpt lat="24.6186344884335994720458984375" lon="118.13995474018156528472900390625">
        <ele>11.6000003814697265625</ele>
        <time>2025-10-31T09:55:41.000Z</time>
        <extensions>
          <ns3:TrackPointExtension>
            <ns3:hr>166</ns3:hr>
            <ns3:cad>92</ns3:cad>
          </ns3:TrackPointExtension>
        </extensions>
      </trkpt>
      <trkpt lat="24.618602804839611053466796875" lon="118.13993814401328563690185546875">
        <ele>11.3999996185302734375</ele>
        <time>2025-10-31T09:55:42.000Z</time>
        <extensions>
          <ns3:TrackPointExtension>
            <ns3:hr>166</ns3:hr>
            <ns3:cad>93</ns3:cad>
          </ns3:TrackPointExtension>
        </extensions>
      </trkpt>
      <trkpt lat="24.618572294712066650390625" lon="118.13992917537689208984375">
        <ele>11.3999996185302734375</ele>
        <time>2025-10-31T09:55:43.000Z</time>
        <extensions>
          <ns3:TrackPointExtension>
            <ns3:hr>166</ns3:hr>
            <ns3:cad>93</ns3:cad>
          </ns3:TrackPointExtension>
        </extensions>
      </trkpt>
      <trkpt lat="24.6185442991554737091064453125" lon="118.13991366885602474212646484375">
        <ele>11.3999996185302734375</ele>
        <time>2025-10-31T09:55:44.000Z</time>
        <extensions>
          <ns3:TrackPointExtension>
            <ns3:hr>166</ns3:hr>
            <ns3:cad>96</ns3:cad>
          </ns3:TrackPointExtension>
        </extensions>
      </trkpt>
      <trkpt lat="24.6185173094272613525390625" lon="118.13989975489675998687744140625">
        <ele>11.6000003814697265625</ele>
        <time>2025-10-31T09:55:45.000Z</time>
        <extensions>
          <ns3:TrackPointExtension>
            <ns3:hr>166</ns3:hr>
            <ns3:cad>96</ns3:cad>
          </ns3:TrackPointExtension>
        </extensions>
      </trkpt>
      <trkpt lat="24.61849107407033443450927734375" lon="118.1398877687752246856689453125">
        <ele>11.6000003814697265625</ele>
        <time>2025-10-31T09:55:46.000Z</time>
        <extensions>
          <ns3:TrackPointExtension>
            <ns3:hr>166</ns3:hr>
            <ns3:cad>96</ns3:cad>
          </ns3:TrackPointExtension>
        </extensions>
      </trkpt>
      <trkpt lat="24.6184557862579822540283203125" lon="118.1398653052747249603271484375">
        <ele>11.6000003814697265625</ele>
        <time>2025-10-31T09:55:47.000Z</time>
        <extensions>
          <ns3:TrackPointExtension>
            <ns3:hr>166</ns3:hr>
            <ns3:cad>95</ns3:cad>
          </ns3:TrackPointExtension>
        </extensions>
      </trkpt>
      <trkpt lat="24.61842888034880161285400390625" lon="118.13986086286604404449462890625">
        <ele>11.6000003814697265625</ele>
        <time>2025-10-31T09:55:48.000Z</time>
        <extensions>
          <ns3:TrackPointExtension>
            <ns3:hr>167</ns3:hr>
            <ns3:cad>93</ns3:cad>
          </ns3:TrackPointExtension>
        </extensions>
      </trkpt>
      <trkpt lat="24.61839568801224231719970703125" lon="118.1398425064980983734130859375">
        <ele>11.3999996185302734375</ele>
        <time>2025-10-31T09:55:49.000Z</time>
        <extensions>
          <ns3:TrackPointExtension>
            <ns3:hr>167</ns3:hr>
            <ns3:cad>93</ns3:cad>
          </ns3:TrackPointExtension>
        </extensions>
      </trkpt>
      <trkpt lat="24.618370793759822845458984375" lon="118.13983689062297344207763671875">
        <ele>11.3999996185302734375</ele>
        <time>2025-10-31T09:55:50.000Z</time>
        <extensions>
          <ns3:TrackPointExtension>
            <ns3:hr>167</ns3:hr>
            <ns3:cad>95</ns3:cad>
          </ns3:TrackPointExtension>
        </extensions>
      </trkpt>
      <trkpt lat="24.6183384396135807037353515625" lon="118.1398190371692180633544921875">
        <ele>11.3999996185302734375</ele>
        <time>2025-10-31T09:55:51.000Z</time>
        <extensions>
          <ns3:TrackPointExtension>
            <ns3:hr>167</ns3:hr>
            <ns3:cad>95</ns3:cad>
          </ns3:TrackPointExtension>
        </extensions>
      </trkpt>
      <trkpt lat="24.6183146350085735321044921875" lon="118.13981291837990283966064453125">
        <ele>11.3999996185302734375</ele>
        <time>2025-10-31T09:55:52.000Z</time>
        <extensions>
          <ns3:TrackPointExtension>
            <ns3:hr>167</ns3:hr>
            <ns3:cad>95</ns3:cad>
          </ns3:TrackPointExtension>
        </extensions>
      </trkpt>
      <trkpt lat="24.6182878129184246063232421875" lon="118.139795400202274322509765625">
        <ele>11.3999996185302734375</ele>
        <time>2025-10-31T09:55:53.000Z</time>
        <extensions>
          <ns3:TrackPointExtension>
            <ns3:hr>167</ns3:hr>
            <ns3:cad>93</ns3:cad>
          </ns3:TrackPointExtension>
        </extensions>
      </trkpt>
      <trkpt lat="24.618260823190212249755859375" lon="118.13977922312915325164794921875">
        <ele>11.3999996185302734375</ele>
        <time>2025-10-31T09:55:54.000Z</time>
        <extensions>
          <ns3:TrackPointExtension>
            <ns3:hr>167</ns3:hr>
            <ns3:cad>95</ns3:cad>
          </ns3:TrackPointExtension>
        </extensions>
      </trkpt>
      <trkpt lat="24.61823442019522190093994140625" lon="118.13976698555052280426025390625">
        <ele>11.3999996185302734375</ele>
        <time>2025-10-31T09:55:55.000Z</time>
        <extensions>
          <ns3:TrackPointExtension>
            <ns3:hr>167</ns3:hr>
            <ns3:cad>93</ns3:cad>
          </ns3:TrackPointExtension>
        </extensions>
      </trkpt>
      <trkpt lat="24.61820843629539012908935546875" lon="118.13974770717322826385498046875">
        <ele>11.19999980926513671875</ele>
        <time>2025-10-31T09:55:56.000Z</time>
        <extensions>
          <ns3:TrackPointExtension>
            <ns3:hr>167</ns3:hr>
            <ns3:cad>93</ns3:cad>
          </ns3:TrackPointExtension>
        </extensions>
      </trkpt>
      <trkpt lat="24.61818262003362178802490234375" lon="118.13974234275519847869873046875">
        <ele>11.3999996185302734375</ele>
        <time>2025-10-31T09:55:57.000Z</time>
        <extensions>
          <ns3:TrackPointExtension>
            <ns3:hr>167</ns3:hr>
            <ns3:cad>93</ns3:cad>
          </ns3:TrackPointExtension>
        </extensions>
      </trkpt>
      <trkpt lat="24.61814917623996734619140625" lon="118.13972272910177707672119140625">
        <ele>11.3999996185302734375</ele>
        <time>2025-10-31T09:55:58.000Z</time>
        <extensions>
          <ns3:TrackPointExtension>
            <ns3:hr>167</ns3:hr>
            <ns3:cad>93</ns3:cad>
          </ns3:TrackPointExtension>
        </extensions>
      </trkpt>
      <trkpt lat="24.61812746711075305938720703125" lon="118.13971501775085926055908203125">
        <ele>11.3999996185302734375</ele>
        <time>2025-10-31T09:55:59.000Z</time>
        <extensions>
          <ns3:TrackPointExtension>
            <ns3:hr>167</ns3:hr>
            <ns3:cad>93</ns3:cad>
          </ns3:TrackPointExtension>
        </extensions>
      </trkpt>
      <trkpt lat="24.61809896863996982574462890625" lon="118.13969540409743785858154296875">
        <ele>11.6000003814697265625</ele>
        <time>2025-10-31T09:56:00.000Z</time>
        <extensions>
          <ns3:TrackPointExtension>
            <ns3:hr>168</ns3:hr>
            <ns3:cad>93</ns3:cad>
          </ns3:TrackPointExtension>
        </extensions>
      </trkpt>
      <trkpt lat="24.61807315237820148468017578125" lon="118.139688782393932342529296875">
        <ele>11.6000003814697265625</ele>
        <time>2025-10-31T09:56:01.000Z</time>
        <extensions>
          <ns3:TrackPointExtension>
            <ns3:hr>167</ns3:hr>
            <ns3:cad>92</ns3:cad>
          </ns3:TrackPointExtension>
        </extensions>
      </trkpt>
      <trkpt lat="24.6180433966219425201416015625" lon="118.13966522924602031707763671875">
        <ele>11.3999996185302734375</ele>
        <time>2025-10-31T09:56:02.000Z</time>
        <extensions>
          <ns3:TrackPointExtension>
            <ns3:hr>167</ns3:hr>
            <ns3:cad>92</ns3:cad>
          </ns3:TrackPointExtension>
        </extensions>
      </trkpt>
      <trkpt lat="24.61801816709339618682861328125" lon="118.1396515667438507080078125">
        <ele>11.3999996185302734375</ele>
        <time>2025-10-31T09:56:03.000Z</time>
        <extensions>
          <ns3:TrackPointExtension>
            <ns3:hr>166</ns3:hr>
            <ns3:cad>93</ns3:cad>
          </ns3:TrackPointExtension>
        </extensions>
      </trkpt>
      <trkpt lat="24.6179900877177715301513671875" lon="118.13963203690946102142333984375">
        <ele>11.3999996185302734375</ele>
        <time>2025-10-31T09:56:04.000Z</time>
        <extensions>
          <ns3:TrackPointExtension>
            <ns3:hr>165</ns3:hr>
            <ns3:cad>94</ns3:cad>
          </ns3:TrackPointExtension>
        </extensions>
      </trkpt>
      <trkpt lat="24.6179649420082569122314453125" lon="118.13962164334952831268310546875">
        <ele>11.3999996185302734375</ele>
        <time>2025-10-31T09:56:05.000Z</time>
        <extensions>
          <ns3:TrackPointExtension>
            <ns3:hr>164</ns3:hr>
            <ns3:cad>94</ns3:cad>
          </ns3:TrackPointExtension>
        </extensions>
      </trkpt>
      <trkpt lat="24.61793971247971057891845703125" lon="118.13960731029510498046875">
        <ele>11.3999996185302734375</ele>
        <time>2025-10-31T09:56:06.000Z</time>
        <extensions>
          <ns3:TrackPointExtension>
            <ns3:hr>164</ns3:hr>
            <ns3:cad>93</ns3:cad>
          </ns3:TrackPointExtension>
        </extensions>
      </trkpt>
      <trkpt lat="24.61791289038956165313720703125" lon="118.13960018567740917205810546875">
        <ele>11.3999996185302734375</ele>
        <time>2025-10-31T09:56:07.000Z</time>
        <extensions>
          <ns3:TrackPointExtension>
            <ns3:hr>164</ns3:hr>
            <ns3:cad>93</ns3:cad>
          </ns3:TrackPointExtension>
        </extensions>
      </trkpt>
      <trkpt lat="24.617887325584888458251953125" lon="118.139588199555873870849609375">
        <ele>11.3999996185302734375</ele>
        <time>2025-10-31T09:56:08.000Z</time>
        <extensions>
          <ns3:TrackPointExtension>
            <ns3:hr>164</ns3:hr>
            <ns3:cad>92</ns3:cad>
          </ns3:TrackPointExtension>
        </extensions>
      </trkpt>
      <trkpt lat="24.61785907857120037078857421875" lon="118.13957772217690944671630859375">
        <ele>11.6000003814697265625</ele>
        <time>2025-10-31T09:56:09.000Z</time>
        <extensions>
          <ns3:TrackPointExtension>
            <ns3:hr>165</ns3:hr>
            <ns3:cad>92</ns3:cad>
          </ns3:TrackPointExtension>
        </extensions>
      </trkpt>
      <trkpt lat="24.6178311668336391448974609375" lon="118.139563389122486114501953125">
        <ele>11.6000003814697265625</ele>
        <time>2025-10-31T09:56:10.000Z</time>
        <extensions>
          <ns3:TrackPointExtension>
            <ns3:hr>164</ns3:hr>
            <ns3:cad>91</ns3:cad>
          </ns3:TrackPointExtension>
        </extensions>
      </trkpt>
      <trkpt lat="24.61780090816318988800048828125" lon="118.13954494893550872802734375">
        <ele>11.6000003814697265625</ele>
        <time>2025-10-31T09:56:11.000Z</time>
        <extensions>
          <ns3:TrackPointExtension>
            <ns3:hr>164</ns3:hr>
            <ns3:cad>91</ns3:cad>
          </ns3:TrackPointExtension>
        </extensions>
      </trkpt>
      <trkpt lat="24.61777576245367527008056640625" lon="118.13953229226171970367431640625">
        <ele>11.6000003814697265625</ele>
        <time>2025-10-31T09:56:12.000Z</time>
        <extensions>
          <ns3:TrackPointExtension>
            <ns3:hr>165</ns3:hr>
            <ns3:cad>92</ns3:cad>
          </ns3:TrackPointExtension>
        </extensions>
      </trkpt>
      <trkpt lat="24.61774659343063831329345703125" lon="118.1395152769982814788818359375">
        <ele>11.6000003814697265625</ele>
        <time>2025-10-31T09:56:13.000Z</time>
        <extensions>
          <ns3:TrackPointExtension>
            <ns3:hr>164</ns3:hr>
            <ns3:cad>92</ns3:cad>
          </ns3:TrackPointExtension>
        </extensions>
      </trkpt>
      <trkpt lat="24.6177245490252971649169921875" lon="118.1395045481622219085693359375">
        <ele>11.6000003814697265625</ele>
        <time>2025-10-31T09:56:14.000Z</time>
        <extensions>
          <ns3:TrackPointExtension>
            <ns3:hr>164</ns3:hr>
            <ns3:cad>92</ns3:cad>
          </ns3:TrackPointExtension>
        </extensions>
      </trkpt>
      <trkpt lat="24.6176943741738796234130859375" lon="118.13948434777557849884033203125">
        <ele>11.6000003814697265625</ele>
        <time>2025-10-31T09:56:15.000Z</time>
        <extensions>
          <ns3:TrackPointExtension>
            <ns3:hr>165</ns3:hr>
            <ns3:cad>92</ns3:cad>
          </ns3:TrackPointExtension>
        </extensions>
      </trkpt>
      <trkpt lat="24.617662020027637481689453125" lon="118.13947009854018688201904296875">
        <ele>11.6000003814697265625</ele>
        <time>2025-10-31T09:56:16.000Z</time>
        <extensions>
          <ns3:TrackPointExtension>
            <ns3:hr>164</ns3:hr>
            <ns3:cad>92</ns3:cad>
          </ns3:TrackPointExtension>
        </extensions>
      </trkpt>
      <trkpt lat="24.6176346950232982635498046875" lon="118.139457441866397857666015625">
        <ele>11.6000003814697265625</ele>
        <time>2025-10-31T09:56:17.000Z</time>
        <extensions>
          <ns3:TrackPointExtension>
            <ns3:hr>164</ns3:hr>
            <ns3:cad>92</ns3:cad>
          </ns3:TrackPointExtension>
        </extensions>
      </trkpt>
      <trkpt lat="24.61760628037154674530029296875" lon="118.1394438631832599639892578125">
        <ele>11.80000019073486328125</ele>
        <time>2025-10-31T09:56:18.000Z</time>
        <extensions>
          <ns3:TrackPointExtension>
            <ns3:hr>164</ns3:hr>
            <ns3:cad>92</ns3:cad>
          </ns3:TrackPointExtension>
        </extensions>
      </trkpt>
      <trkpt lat="24.61757828481495380401611328125" lon="118.1394235789775848388671875">
        <ele>11.80000019073486328125</ele>
        <time>2025-10-31T09:56:19.000Z</time>
        <extensions>
          <ns3:TrackPointExtension>
            <ns3:hr>164</ns3:hr>
            <ns3:cad>91</ns3:cad>
          </ns3:TrackPointExtension>
        </extensions>
      </trkpt>
      <trkpt lat="24.6175548993051052093505859375" lon="118.13941796310245990753173828125">
        <ele>11.80000019073486328125</ele>
        <time>2025-10-31T09:56:20.000Z</time>
        <extensions>
          <ns3:TrackPointExtension>
            <ns3:hr>164</ns3:hr>
            <ns3:cad>91</ns3:cad>
          </ns3:TrackPointExtension>
        </extensions>
      </trkpt>
      <trkpt lat="24.6175247244536876678466796875" lon="118.13940103165805339813232421875">
        <ele>11.80000019073486328125</ele>
        <time>2025-10-31T09:56:21.000Z</time>
        <extensions>
          <ns3:TrackPointExtension>
            <ns3:hr>164</ns3:hr>
            <ns3:cad>92</ns3:cad>
          </ns3:TrackPointExtension>
        </extensions>
      </trkpt>
      <trkpt lat="24.61749815382063388824462890625" lon="118.13939130865037441253662109375">
        <ele>11.80000019073486328125</ele>
        <time>2025-10-31T09:56:22.000Z</time>
        <extensions>
          <ns3:TrackPointExtension>
            <ns3:hr>164</ns3:hr>
            <ns3:cad>92</ns3:cad>
          </ns3:TrackPointExtension>
        </extensions>
      </trkpt>
      <trkpt lat="24.61746747605502605438232421875" lon="118.13937219791114330291748046875">
        <ele>11.6000003814697265625</ele>
        <time>2025-10-31T09:56:23.000Z</time>
        <extensions>
          <ns3:TrackPointExtension>
            <ns3:hr>165</ns3:hr>
            <ns3:cad>92</ns3:cad>
          </ns3:TrackPointExtension>
        </extensions>
      </trkpt>
      <trkpt lat="24.61744015105068683624267578125" lon="118.139364235103130340576171875">
        <ele>11.6000003814697265625</ele>
        <time>2025-10-31T09:56:24.000Z</time>
        <extensions>
          <ns3:TrackPointExtension>
            <ns3:hr>165</ns3:hr>
            <ns3:cad>92</ns3:cad>
          </ns3:TrackPointExtension>
        </extensions>
      </trkpt>
      <trkpt lat="24.61740863509476184844970703125" lon="118.1393432803452014923095703125">
        <ele>11.6000003814697265625</ele>
        <time>2025-10-31T09:56:25.000Z</time>
        <extensions>
          <ns3:TrackPointExtension>
            <ns3:hr>165</ns3:hr>
            <ns3:cad>91</ns3:cad>
          </ns3:TrackPointExtension>
        </extensions>
      </trkpt>
      <trkpt lat="24.61738935671746730804443359375" lon="118.1393375806510448455810546875">
        <ele>11.6000003814697265625</ele>
        <time>2025-10-31T09:56:26.000Z</time>
        <extensions>
          <ns3:TrackPointExtension>
            <ns3:hr>165</ns3:hr>
            <ns3:cad>91</ns3:cad>
          </ns3:TrackPointExtension>
        </extensions>
      </trkpt>
      <trkpt lat="24.61735951714217662811279296875" lon="118.13931872136890888214111328125">
        <ele>11.3999996185302734375</ele>
        <time>2025-10-31T09:56:27.000Z</time>
        <extensions>
          <ns3:TrackPointExtension>
            <ns3:hr>166</ns3:hr>
            <ns3:cad>90</ns3:cad>
          </ns3:TrackPointExtension>
        </extensions>
      </trkpt>
      <trkpt lat="24.61733571253716945648193359375" lon="118.13930983655154705047607421875">
        <ele>11.3999996185302734375</ele>
        <time>2025-10-31T09:56:28.000Z</time>
        <extensions>
          <ns3:TrackPointExtension>
            <ns3:hr>166</ns3:hr>
            <ns3:cad>90</ns3:cad>
          </ns3:TrackPointExtension>
        </extensions>
      </trkpt>
      <trkpt lat="24.61730788461863994598388671875" lon="118.139289803802967071533203125">
        <ele>11.3999996185302734375</ele>
        <time>2025-10-31T09:56:29.000Z</time>
        <extensions>
          <ns3:TrackPointExtension>
            <ns3:hr>166</ns3:hr>
            <ns3:cad>90</ns3:cad>
          </ns3:TrackPointExtension>
        </extensions>
      </trkpt>
      <trkpt lat="24.6172809787094593048095703125" lon="118.13927999697625637054443359375">
        <ele>11.3999996185302734375</ele>
        <time>2025-10-31T09:56:30.000Z</time>
        <extensions>
          <ns3:TrackPointExtension>
            <ns3:hr>167</ns3:hr>
            <ns3:cad>92</ns3:cad>
          </ns3:TrackPointExtension>
        </extensions>
      </trkpt>
      <trkpt lat="24.61725021712481975555419921875" lon="118.13925820402801036834716796875">
        <ele>11.3999996185302734375</ele>
        <time>2025-10-31T09:56:31.000Z</time>
        <extensions>
          <ns3:TrackPointExtension>
            <ns3:hr>167</ns3:hr>
            <ns3:cad>92</ns3:cad>
          </ns3:TrackPointExtension>
        </extensions>
      </trkpt>
      <trkpt lat="24.61722289212048053741455078125" lon="118.13924764283001422882080078125">
        <ele>11.3999996185302734375</ele>
        <time>2025-10-31T09:56:32.000Z</time>
        <extensions>
          <ns3:TrackPointExtension>
            <ns3:hr>167</ns3:hr>
            <ns3:cad>91</ns3:cad>
          </ns3:TrackPointExtension>
        </extensions>
      </trkpt>
      <trkpt lat="24.61719238199293613433837890625" lon="118.139230124652385711669921875">
        <ele>11.3999996185302734375</ele>
        <time>2025-10-31T09:56:33.000Z</time>
        <extensions>
          <ns3:TrackPointExtension>
            <ns3:hr>168</ns3:hr>
            <ns3:cad>90</ns3:cad>
          </ns3:TrackPointExtension>
        </extensions>
      </trkpt>
      <trkpt lat="24.6171681582927703857421875" lon="118.1392205692827701568603515625">
        <ele>11.3999996185302734375</ele>
        <time>2025-10-31T09:56:34.000Z</time>
        <extensions>
          <ns3:TrackPointExtension>
            <ns3:hr>168</ns3:hr>
            <ns3:cad>90</ns3:cad>
          </ns3:TrackPointExtension>
        </extensions>
      </trkpt>
      <trkpt lat="24.61714292876422405242919921875" lon="118.13920925371348857879638671875">
        <ele>11.3999996185302734375</ele>
        <time>2025-10-31T09:56:35.000Z</time>
        <extensions>
          <ns3:TrackPointExtension>
            <ns3:hr>168</ns3:hr>
            <ns3:cad>90</ns3:cad>
          </ns3:TrackPointExtension>
        </extensions>
      </trkpt>
      <trkpt lat="24.61711526848375797271728515625" lon="118.13919584266841411590576171875">
        <ele>11.3999996185302734375</ele>
        <time>2025-10-31T09:56:36.000Z</time>
        <extensions>
          <ns3:TrackPointExtension>
            <ns3:hr>167</ns3:hr>
            <ns3:cad>90</ns3:cad>
          </ns3:TrackPointExtension>
        </extensions>
      </trkpt>
      <trkpt lat="24.61709045805037021636962890625" lon="118.139185197651386260986328125">
        <ele>11.6000003814697265625</ele>
        <time>2025-10-31T09:56:37.000Z</time>
        <extensions>
          <ns3:TrackPointExtension>
            <ns3:hr>168</ns3:hr>
            <ns3:cad>90</ns3:cad>
          </ns3:TrackPointExtension>
        </extensions>
      </trkpt>
      <trkpt lat="24.61706061847507953643798828125" lon="118.1391655839979648590087890625">
        <ele>11.6000003814697265625</ele>
        <time>2025-10-31T09:56:38.000Z</time>
        <extensions>
          <ns3:TrackPointExtension>
            <ns3:hr>168</ns3:hr>
            <ns3:cad>91</ns3:cad>
          </ns3:TrackPointExtension>
        </extensions>
      </trkpt>
      <trkpt lat="24.617038071155548095703125" lon="118.13915544189512729644775390625">
        <ele>11.3999996185302734375</ele>
        <time>2025-10-31T09:56:39.000Z</time>
        <extensions>
          <ns3:TrackPointExtension>
            <ns3:hr>168</ns3:hr>
            <ns3:cad>93</ns3:cad>
          </ns3:TrackPointExtension>
        </extensions>
      </trkpt>
      <trkpt lat="24.61700462736189365386962890625" lon="118.1391364149749279022216796875">
        <ele>11.3999996185302734375</ele>
        <time>2025-10-31T09:56:40.000Z</time>
        <extensions>
          <ns3:TrackPointExtension>
            <ns3:hr>168</ns3:hr>
            <ns3:cad>93</ns3:cad>
          </ns3:TrackPointExtension>
        </extensions>
      </trkpt>
      <trkpt lat="24.61698132567107677459716796875" lon="118.139128871262073516845703125">
        <ele>11.3999996185302734375</ele>
        <time>2025-10-31T09:56:41.000Z</time>
        <extensions>
          <ns3:TrackPointExtension>
            <ns3:hr>168</ns3:hr>
            <ns3:cad>93</ns3:cad>
          </ns3:TrackPointExtension>
        </extensions>
      </trkpt>
      <trkpt lat="24.6169483847916126251220703125" lon="118.1391095928847789764404296875">
        <ele>11.3999996185302734375</ele>
        <time>2025-10-31T09:56:42.000Z</time>
        <extensions>
          <ns3:TrackPointExtension>
            <ns3:hr>168</ns3:hr>
            <ns3:cad>93</ns3:cad>
          </ns3:TrackPointExtension>
        </extensions>
      </trkpt>
      <trkpt lat="24.6169213950634002685546875" lon="118.1391043961048126220703125">
        <ele>11.3999996185302734375</ele>
        <time>2025-10-31T09:56:43.000Z</time>
        <extensions>
          <ns3:TrackPointExtension>
            <ns3:hr>168</ns3:hr>
            <ns3:cad>93</ns3:cad>
          </ns3:TrackPointExtension>
        </extensions>
      </trkpt>
      <trkpt lat="24.616895578801631927490234375" lon="118.1390837766230106353759765625">
        <ele>11.3999996185302734375</ele>
        <time>2025-10-31T09:56:44.000Z</time>
        <extensions>
          <ns3:TrackPointExtension>
            <ns3:hr>168</ns3:hr>
            <ns3:cad>93</ns3:cad>
          </ns3:TrackPointExtension>
        </extensions>
      </trkpt>
      <trkpt lat="24.61687236092984676361083984375" lon="118.13907086849212646484375">
        <ele>11.3999996185302734375</ele>
        <time>2025-10-31T09:56:45.000Z</time>
        <extensions>
          <ns3:TrackPointExtension>
            <ns3:hr>168</ns3:hr>
            <ns3:cad>93</ns3:cad>
          </ns3:TrackPointExtension>
        </extensions>
      </trkpt>
      <trkpt lat="24.61684537120163440704345703125" lon="118.13905142247676849365234375">
        <ele>11.6000003814697265625</ele>
        <time>2025-10-31T09:56:46.000Z</time>
        <extensions>
          <ns3:TrackPointExtension>
            <ns3:hr>167</ns3:hr>
            <ns3:cad>92</ns3:cad>
          </ns3:TrackPointExtension>
        </extensions>
      </trkpt>
      <trkpt lat="24.6168216504156589508056640625" lon="118.1390408612787723541259765625">
        <ele>11.6000003814697265625</ele>
        <time>2025-10-31T09:56:47.000Z</time>
        <extensions>
          <ns3:TrackPointExtension>
            <ns3:hr>167</ns3:hr>
            <ns3:cad>92</ns3:cad>
          </ns3:TrackPointExtension>
        </extensions>
      </trkpt>
      <trkpt lat="24.6167926490306854248046875" lon="118.139024935662746429443359375">
        <ele>11.3999996185302734375</ele>
        <time>2025-10-31T09:56:48.000Z</time>
        <extensions>
          <ns3:TrackPointExtension>
            <ns3:hr>167</ns3:hr>
            <ns3:cad>92</ns3:cad>
          </ns3:TrackPointExtension>
        </extensions>
      </trkpt>
      <trkpt lat="24.616764485836029052734375" lon="118.1390185654163360595703125">
        <ele>11.3999996185302734375</ele>
        <time>2025-10-31T09:56:49.000Z</time>
        <extensions>
          <ns3:TrackPointExtension>
            <ns3:hr>167</ns3:hr>
            <ns3:cad>94</ns3:cad>
          </ns3:TrackPointExtension>
        </extensions>
      </trkpt>
      <trkpt lat="24.61673607118427753448486328125" lon="118.13900708220899105072021484375">
        <ele>11.6000003814697265625</ele>
        <time>2025-10-31T09:56:50.000Z</time>
        <extensions>
          <ns3:TrackPointExtension>
            <ns3:hr>167</ns3:hr>
            <ns3:cad>94</ns3:cad>
          </ns3:TrackPointExtension>
        </extensions>
      </trkpt>
      <trkpt lat="24.61671059019863605499267578125" lon="118.1389945931732654571533203125">
        <ele>11.6000003814697265625</ele>
        <time>2025-10-31T09:56:51.000Z</time>
        <extensions>
          <ns3:TrackPointExtension>
            <ns3:hr>167</ns3:hr>
            <ns3:cad>93</ns3:cad>
          </ns3:TrackPointExtension>
        </extensions>
      </trkpt>
      <trkpt lat="24.61668443866074085235595703125" lon="118.13898344524204730987548828125">
        <ele>11.6000003814697265625</ele>
        <time>2025-10-31T09:56:52.000Z</time>
        <extensions>
          <ns3:TrackPointExtension>
            <ns3:hr>167</ns3:hr>
            <ns3:cad>93</ns3:cad>
          </ns3:TrackPointExtension>
        </extensions>
      </trkpt>
      <trkpt lat="24.61665728129446506500244140625" lon="118.138971626758575439453125">
        <ele>11.80000019073486328125</ele>
        <time>2025-10-31T09:56:53.000Z</time>
        <extensions>
          <ns3:TrackPointExtension>
            <ns3:hr>167</ns3:hr>
            <ns3:cad>93</ns3:cad>
          </ns3:TrackPointExtension>
        </extensions>
      </trkpt>
      <trkpt lat="24.6166302077472209930419921875" lon="118.13896282576024532318115234375">
        <ele>11.80000019073486328125</ele>
        <time>2025-10-31T09:56:54.000Z</time>
        <extensions>
          <ns3:TrackPointExtension>
            <ns3:hr>167</ns3:hr>
            <ns3:cad>92</ns3:cad>
          </ns3:TrackPointExtension>
        </extensions>
      </trkpt>
      <trkpt lat="24.61660397239029407501220703125" lon="118.13894958235323429107666015625">
        <ele>11.80000019073486328125</ele>
        <time>2025-10-31T09:56:55.000Z</time>
        <extensions>
          <ns3:TrackPointExtension>
            <ns3:hr>167</ns3:hr>
            <ns3:cad>91</ns3:cad>
          </ns3:TrackPointExtension>
        </extensions>
      </trkpt>
      <trkpt lat="24.61658201180398464202880859375" lon="118.138938434422016143798828125">
        <ele>12</ele>
        <time>2025-10-31T09:56:56.000Z</time>
        <extensions>
          <ns3:TrackPointExtension>
            <ns3:hr>167</ns3:hr>
            <ns3:cad>91</ns3:cad>
          </ns3:TrackPointExtension>
        </extensions>
      </trkpt>
      <trkpt lat="24.6165507473051548004150390625" lon="118.13892401754856109619140625">
        <ele>12</ele>
        <time>2025-10-31T09:56:57.000Z</time>
        <extensions>
          <ns3:TrackPointExtension>
            <ns3:hr>167</ns3:hr>
            <ns3:cad>91</ns3:cad>
          </ns3:TrackPointExtension>
        </extensions>
      </trkpt>
      <trkpt lat="24.61652283556759357452392578125" lon="118.13891387544572353363037109375">
        <ele>12</ele>
        <time>2025-10-31T09:56:58.000Z</time>
        <extensions>
          <ns3:TrackPointExtension>
            <ns3:hr>166</ns3:hr>
            <ns3:cad>91</ns3:cad>
          </ns3:TrackPointExtension>
        </extensions>
      </trkpt>
      <trkpt lat="24.61648997850716114044189453125" lon="118.13889794982969760894775390625">
        <ele>11.80000019073486328125</ele>
        <time>2025-10-31T09:56:59.000Z</time>
        <extensions>
          <ns3:TrackPointExtension>
            <ns3:hr>166</ns3:hr>
            <ns3:cad>91</ns3:cad>
          </ns3:TrackPointExtension>
        </extensions>
      </trkpt>
      <trkpt lat="24.61646215058863162994384765625" lon="118.13888571225106716156005859375">
        <ele>11.80000019073486328125</ele>
        <time>2025-10-31T09:57:00.000Z</time>
        <extensions>
          <ns3:TrackPointExtension>
            <ns3:hr>166</ns3:hr>
            <ns3:cad>91</ns3:cad>
          </ns3:TrackPointExtension>
        </extensions>
      </trkpt>
      <trkpt lat="24.6164327301084995269775390625" lon="118.13887062482535839080810546875">
        <ele>11.80000019073486328125</ele>
        <time>2025-10-31T09:57:01.000Z</time>
        <extensions>
          <ns3:TrackPointExtension>
            <ns3:hr>166</ns3:hr>
            <ns3:cad>91</ns3:cad>
          </ns3:TrackPointExtension>
        </extensions>
      </trkpt>
      <trkpt lat="24.61641051806509494781494140625" lon="118.138864673674106597900390625">
        <ele>11.80000019073486328125</ele>
        <time>2025-10-31T09:57:02.000Z</time>
        <extensions>
          <ns3:TrackPointExtension>
            <ns3:hr>166</ns3:hr>
            <ns3:cad>92</ns3:cad>
          </ns3:TrackPointExtension>
        </extensions>
      </trkpt>
      <trkpt lat="24.6163804270327091217041015625" lon="118.13884715549647808074951171875">
        <ele>11.80000019073486328125</ele>
        <time>2025-10-31T09:57:03.000Z</time>
        <extensions>
          <ns3:TrackPointExtension>
            <ns3:hr>166</ns3:hr>
            <ns3:cad>92</ns3:cad>
          </ns3:TrackPointExtension>
        </extensions>
      </trkpt>
      <trkpt lat="24.616358466446399688720703125" lon="118.13883659429848194122314453125">
        <ele>11.80000019073486328125</ele>
        <time>2025-10-31T09:57:04.000Z</time>
        <extensions>
          <ns3:TrackPointExtension>
            <ns3:hr>167</ns3:hr>
            <ns3:cad>92</ns3:cad>
          </ns3:TrackPointExtension>
        </extensions>
      </trkpt>
      <trkpt lat="24.61632804013788700103759765625" lon="118.1388165615499019622802734375">
        <ele>11.80000019073486328125</ele>
        <time>2025-10-31T09:57:05.000Z</time>
        <extensions>
          <ns3:TrackPointExtension>
            <ns3:hr>167</ns3:hr>
            <ns3:cad>92</ns3:cad>
          </ns3:TrackPointExtension>
        </extensions>
      </trkpt>
      <trkpt lat="24.6163063310086727142333984375" lon="118.13880910165607929229736328125">
        <ele>11.80000019073486328125</ele>
        <time>2025-10-31T09:57:06.000Z</time>
        <extensions>
          <ns3:TrackPointExtension>
            <ns3:hr>167</ns3:hr>
            <ns3:cad>92</ns3:cad>
          </ns3:TrackPointExtension>
        </extensions>
      </trkpt>
      <trkpt lat="24.61627565324306488037109375" lon="118.138790242373943328857421875">
        <ele>11.80000019073486328125</ele>
        <time>2025-10-31T09:57:07.000Z</time>
        <extensions>
          <ns3:TrackPointExtension>
            <ns3:hr>166</ns3:hr>
            <ns3:cad>92</ns3:cad>
          </ns3:TrackPointExtension>
        </extensions>
      </trkpt>
      <trkpt lat="24.61625109426677227020263671875" lon="118.13877993263304233551025390625">
        <ele>11.80000019073486328125</ele>
        <time>2025-10-31T09:57:08.000Z</time>
        <extensions>
          <ns3:TrackPointExtension>
            <ns3:hr>166</ns3:hr>
            <ns3:cad>93</ns3:cad>
          </ns3:TrackPointExtension>
        </extensions>
      </trkpt>
      <trkpt lat="24.6162218414247035980224609375" lon="118.13876166008412837982177734375">
        <ele>11.80000019073486328125</ele>
        <time>2025-10-31T09:57:09.000Z</time>
        <extensions>
          <ns3:TrackPointExtension>
            <ns3:hr>166</ns3:hr>
            <ns3:cad>93</ns3:cad>
          </ns3:TrackPointExtension>
        </extensions>
      </trkpt>
      <trkpt lat="24.61619460023939609527587890625" lon="118.13874925486743450164794921875">
        <ele>11.80000019073486328125</ele>
        <time>2025-10-31T09:57:10.000Z</time>
        <extensions>
          <ns3:TrackPointExtension>
            <ns3:hr>166</ns3:hr>
            <ns3:cad>93</ns3:cad>
          </ns3:TrackPointExtension>
        </extensions>
      </trkpt>
      <trkpt lat="24.61616476066410541534423828125" lon="118.1387337483465671539306640625">
        <ele>11.80000019073486328125</ele>
        <time>2025-10-31T09:57:11.000Z</time>
        <extensions>
          <ns3:TrackPointExtension>
            <ns3:hr>166</ns3:hr>
            <ns3:cad>93</ns3:cad>
          </ns3:TrackPointExtension>
        </extensions>
      </trkpt>
      <trkpt lat="24.61613324470818042755126953125" lon="118.13871639780700206756591796875">
        <ele>11.80000019073486328125</ele>
        <time>2025-10-31T09:57:12.000Z</time>
        <extensions>
          <ns3:TrackPointExtension>
            <ns3:hr>166</ns3:hr>
            <ns3:cad>93</ns3:cad>
          </ns3:TrackPointExtension>
        </extensions>
      </trkpt>
      <trkpt lat="24.61610860191285610198974609375" lon="118.1387020647525787353515625">
        <ele>11.80000019073486328125</ele>
        <time>2025-10-31T09:57:13.000Z</time>
        <extensions>
          <ns3:TrackPointExtension>
            <ns3:hr>166</ns3:hr>
            <ns3:cad>93</ns3:cad>
          </ns3:TrackPointExtension>
        </extensions>
      </trkpt>
      <trkpt lat="24.61608496494591236114501953125" lon="118.1386864744126796722412109375">
        <ele>11.80000019073486328125</ele>
        <time>2025-10-31T09:57:14.000Z</time>
        <extensions>
          <ns3:TrackPointExtension>
            <ns3:hr>166</ns3:hr>
            <ns3:cad>93</ns3:cad>
          </ns3:TrackPointExtension>
        </extensions>
      </trkpt>
      <trkpt lat="24.61606442928314208984375" lon="118.13867465592920780181884765625">
        <ele>11.80000019073486328125</ele>
        <time>2025-10-31T09:57:15.000Z</time>
        <extensions>
          <ns3:TrackPointExtension>
            <ns3:hr>166</ns3:hr>
            <ns3:cad>93</ns3:cad>
          </ns3:TrackPointExtension>
        </extensions>
      </trkpt>
      <trkpt lat="24.6160428039729595184326171875" lon="118.13865889795124530792236328125">
        <ele>11.80000019073486328125</ele>
        <time>2025-10-31T09:57:16.000Z</time>
        <extensions>
          <ns3:TrackPointExtension>
            <ns3:hr>166</ns3:hr>
            <ns3:cad>93</ns3:cad>
          </ns3:TrackPointExtension>
        </extensions>
      </trkpt>
      <trkpt lat="24.61601807735860347747802734375" lon="118.1386492587625980377197265625">
        <ele>12</ele>
        <time>2025-10-31T09:57:17.000Z</time>
        <extensions>
          <ns3:TrackPointExtension>
            <ns3:hr>167</ns3:hr>
            <ns3:cad>93</ns3:cad>
          </ns3:TrackPointExtension>
        </extensions>
      </trkpt>
      <trkpt lat="24.61598790250718593597412109375" lon="118.13863274641335010528564453125">
        <ele>12</ele>
        <time>2025-10-31T09:57:18.000Z</time>
        <extensions>
          <ns3:TrackPointExtension>
            <ns3:hr>167</ns3:hr>
            <ns3:cad>92</ns3:cad>
          </ns3:TrackPointExtension>
        </extensions>
      </trkpt>
      <trkpt lat="24.615968875586986541748046875" lon="118.1386224366724491119384765625">
        <ele>11.80000019073486328125</ele>
        <time>2025-10-31T09:57:19.000Z</time>
        <extensions>
          <ns3:TrackPointExtension>
            <ns3:hr>167</ns3:hr>
            <ns3:cad>91</ns3:cad>
          </ns3:TrackPointExtension>
        </extensions>
      </trkpt>
      <trkpt lat="24.6159345097839832305908203125" lon="118.1386023201048374176025390625">
        <ele>11.80000019073486328125</ele>
        <time>2025-10-31T09:57:20.000Z</time>
        <extensions>
          <ns3:TrackPointExtension>
            <ns3:hr>167</ns3:hr>
            <ns3:cad>90</ns3:cad>
          </ns3:TrackPointExtension>
        </extensions>
      </trkpt>
      <trkpt lat="24.615916572511196136474609375" lon="118.1385872326791286468505859375">
        <ele>11.80000019073486328125</ele>
        <time>2025-10-31T09:57:21.000Z</time>
        <extensions>
          <ns3:TrackPointExtension>
            <ns3:hr>167</ns3:hr>
            <ns3:cad>90</ns3:cad>
          </ns3:TrackPointExtension>
        </extensions>
      </trkpt>
      <trkpt lat="24.6158872358500957489013671875" lon="118.1385724805295467376708984375">
        <ele>11.80000019073486328125</ele>
        <time>2025-10-31T09:57:22.000Z</time>
        <extensions>
          <ns3:TrackPointExtension>
            <ns3:hr>167</ns3:hr>
            <ns3:cad>90</ns3:cad>
          </ns3:TrackPointExtension>
        </extensions>
      </trkpt>
      <trkpt lat="24.61585647426545619964599609375" lon="118.1385573931038379669189453125">
        <ele>11.80000019073486328125</ele>
        <time>2025-10-31T09:57:23.000Z</time>
        <extensions>
          <ns3:TrackPointExtension>
            <ns3:hr>167</ns3:hr>
            <ns3:cad>90</ns3:cad>
          </ns3:TrackPointExtension>
        </extensions>
      </trkpt>
      <trkpt lat="24.61582747288048267364501953125" lon="118.1385453231632709503173828125">
        <ele>12</ele>
        <time>2025-10-31T09:57:24.000Z</time>
        <extensions>
          <ns3:TrackPointExtension>
            <ns3:hr>166</ns3:hr>
            <ns3:cad>90</ns3:cad>
          </ns3:TrackPointExtension>
        </extensions>
      </trkpt>
      <trkpt lat="24.6158007346093654632568359375" lon="118.13853685744106769561767578125">
        <ele>12</ele>
        <time>2025-10-31T09:57:25.000Z</time>
        <extensions>
          <ns3:TrackPointExtension>
            <ns3:hr>166</ns3:hr>
            <ns3:cad>90</ns3:cad>
          </ns3:TrackPointExtension>
        </extensions>
      </trkpt>
      <trkpt lat="24.6157715655863285064697265625" lon="118.1385169923305511474609375">
        <ele>12</ele>
        <time>2025-10-31T09:57:26.000Z</time>
        <extensions>
          <ns3:TrackPointExtension>
            <ns3:hr>166</ns3:hr>
            <ns3:cad>90</ns3:cad>
          </ns3:TrackPointExtension>
        </extensions>
      </trkpt>
      <trkpt lat="24.61574457585811614990234375" lon="118.1385067664086818695068359375">
        <ele>12.19999980926513671875</ele>
        <time>2025-10-31T09:57:27.000Z</time>
        <extensions>
          <ns3:TrackPointExtension>
            <ns3:hr>166</ns3:hr>
            <ns3:cad>91</ns3:cad>
          </ns3:TrackPointExtension>
        </extensions>
      </trkpt>
      <trkpt lat="24.61571373045444488525390625" lon="118.13849494792520999908447265625">
        <ele>12.19999980926513671875</ele>
        <time>2025-10-31T09:57:28.000Z</time>
        <extensions>
          <ns3:TrackPointExtension>
            <ns3:hr>165</ns3:hr>
            <ns3:cad>91</ns3:cad>
          </ns3:TrackPointExtension>
        </extensions>
      </trkpt>
      <trkpt lat="24.61569051258265972137451171875" lon="118.13848975114524364471435546875">
        <ele>12</ele>
        <time>2025-10-31T09:57:29.000Z</time>
        <extensions>
          <ns3:TrackPointExtension>
            <ns3:hr>166</ns3:hr>
            <ns3:cad>91</ns3:cad>
          </ns3:TrackPointExtension>
        </extensions>
      </trkpt>
      <trkpt lat="24.615659080445766448974609375" lon="118.1384816206991672515869140625">
        <ele>12</ele>
        <time>2025-10-31T09:57:30.000Z</time>
        <extensions>
          <ns3:TrackPointExtension>
            <ns3:hr>166</ns3:hr>
            <ns3:cad>91</ns3:cad>
          </ns3:TrackPointExtension>
        </extensions>
      </trkpt>
      <trkpt lat="24.61563636548817157745361328125" lon="118.1384775973856449127197265625">
        <ele>12</ele>
        <time>2025-10-31T09:57:31.000Z</time>
        <extensions>
          <ns3:TrackPointExtension>
            <ns3:hr>165</ns3:hr>
            <ns3:cad>91</ns3:cad>
          </ns3:TrackPointExtension>
        </extensions>
      </trkpt>
      <trkpt lat="24.615604095160961151123046875" lon="118.1384645216166973114013671875">
        <ele>12</ele>
        <time>2025-10-31T09:57:32.000Z</time>
        <extensions>
          <ns3:TrackPointExtension>
            <ns3:hr>166</ns3:hr>
            <ns3:cad>91</ns3:cad>
          </ns3:TrackPointExtension>
        </extensions>
      </trkpt>
      <trkpt lat="24.61557752452790737152099609375" lon="118.13846125267446041107177734375">
        <ele>12</ele>
        <time>2025-10-31T09:57:33.000Z</time>
        <extensions>
          <ns3:TrackPointExtension>
            <ns3:hr>166</ns3:hr>
            <ns3:cad>90</ns3:cad>
          </ns3:TrackPointExtension>
        </extensions>
      </trkpt>
      <trkpt lat="24.6155469305813312530517578125" lon="118.13844784162938594818115234375">
        <ele>12.19999980926513671875</ele>
        <time>2025-10-31T09:57:34.000Z</time>
        <extensions>
          <ns3:TrackPointExtension>
            <ns3:hr>166</ns3:hr>
            <ns3:cad>90</ns3:cad>
          </ns3:TrackPointExtension>
        </extensions>
      </trkpt>
      <trkpt lat="24.615526311099529266357421875" lon="118.13843979500234127044677734375">
        <ele>12.19999980926513671875</ele>
        <time>2025-10-31T09:57:35.000Z</time>
        <extensions>
          <ns3:TrackPointExtension>
            <ns3:hr>166</ns3:hr>
            <ns3:cad>92</ns3:cad>
          </ns3:TrackPointExtension>
        </extensions>
      </trkpt>
      <trkpt lat="24.61549647152423858642578125" lon="118.1384293176233768463134765625">
        <ele>12.19999980926513671875</ele>
        <time>2025-10-31T09:57:36.000Z</time>
        <extensions>
          <ns3:TrackPointExtension>
            <ns3:hr>166</ns3:hr>
            <ns3:cad>92</ns3:cad>
          </ns3:TrackPointExtension>
        </extensions>
      </trkpt>
      <trkpt lat="24.6154735051095485687255859375" lon="118.1384209357202053070068359375">
        <ele>12.19999980926513671875</ele>
        <time>2025-10-31T09:57:37.000Z</time>
        <extensions>
          <ns3:TrackPointExtension>
            <ns3:hr>166</ns3:hr>
            <ns3:cad>92</ns3:cad>
          </ns3:TrackPointExtension>
        </extensions>
      </trkpt>
      <trkpt lat="24.615447856485843658447265625" lon="118.13840894959867000579833984375">
        <ele>12.3999996185302734375</ele>
        <time>2025-10-31T09:57:38.000Z</time>
        <extensions>
          <ns3:TrackPointExtension>
            <ns3:hr>166</ns3:hr>
            <ns3:cad>92</ns3:cad>
          </ns3:TrackPointExtension>
        </extensions>
      </trkpt>
      <trkpt lat="24.61542128585278987884521484375" lon="118.13839939422905445098876953125">
        <ele>12.3999996185302734375</ele>
        <time>2025-10-31T09:57:39.000Z</time>
        <extensions>
          <ns3:TrackPointExtension>
            <ns3:hr>166</ns3:hr>
            <ns3:cad>92</ns3:cad>
          </ns3:TrackPointExtension>
        </extensions>
      </trkpt>
      <trkpt lat="24.61539094336330890655517578125" lon="118.1383840553462505340576171875">
        <ele>12.3999996185302734375</ele>
        <time>2025-10-31T09:57:40.000Z</time>
        <extensions>
          <ns3:TrackPointExtension>
            <ns3:hr>166</ns3:hr>
            <ns3:cad>92</ns3:cad>
          </ns3:TrackPointExtension>
        </extensions>
      </trkpt>
      <trkpt lat="24.615363366901874542236328125" lon="118.13837491907179355621337890625">
        <ele>12.3999996185302734375</ele>
        <time>2025-10-31T09:57:41.000Z</time>
        <extensions>
          <ns3:TrackPointExtension>
            <ns3:hr>166</ns3:hr>
            <ns3:cad>92</ns3:cad>
          </ns3:TrackPointExtension>
        </extensions>
      </trkpt>
      <trkpt lat="24.61533679626882076263427734375" lon="118.13836745917797088623046875">
        <ele>12.3999996185302734375</ele>
        <time>2025-10-31T09:57:42.000Z</time>
        <extensions>
          <ns3:TrackPointExtension>
            <ns3:hr>166</ns3:hr>
            <ns3:cad>92</ns3:cad>
          </ns3:TrackPointExtension>
        </extensions>
      </trkpt>
      <trkpt lat="24.615306369960308074951171875" lon="118.138354383409023284912109375">
        <ele>12.19999980926513671875</ele>
        <time>2025-10-31T09:57:43.000Z</time>
        <extensions>
          <ns3:TrackPointExtension>
            <ns3:hr>166</ns3:hr>
            <ns3:cad>92</ns3:cad>
          </ns3:TrackPointExtension>
        </extensions>
      </trkpt>
      <trkpt lat="24.61527544073760509490966796875" lon="118.13833854161202907562255859375">
        <ele>12.19999980926513671875</ele>
        <time>2025-10-31T09:57:44.000Z</time>
        <extensions>
          <ns3:TrackPointExtension>
            <ns3:hr>166</ns3:hr>
            <ns3:cad>92</ns3:cad>
          </ns3:TrackPointExtension>
        </extensions>
      </trkpt>
      <trkpt lat="24.615246690809726715087890625" lon="118.13832831569015979766845703125">
        <ele>12.3999996185302734375</ele>
        <time>2025-10-31T09:57:45.000Z</time>
        <extensions>
          <ns3:TrackPointExtension>
            <ns3:hr>166</ns3:hr>
            <ns3:cad>92</ns3:cad>
          </ns3:TrackPointExtension>
        </extensions>
      </trkpt>
      <trkpt lat="24.6152208745479583740234375" lon="118.13832446001470088958740234375">
        <ele>12.3999996185302734375</ele>
        <time>2025-10-31T09:57:46.000Z</time>
        <extensions>
          <ns3:TrackPointExtension>
            <ns3:hr>166</ns3:hr>
            <ns3:cad>92</ns3:cad>
          </ns3:TrackPointExtension>
        </extensions>
      </trkpt>
      <trkpt lat="24.61518927477300167083740234375" lon="118.13831507228314876556396484375">
        <ele>12.3999996185302734375</ele>
        <time>2025-10-31T09:57:47.000Z</time>
        <extensions>
          <ns3:TrackPointExtension>
            <ns3:hr>166</ns3:hr>
            <ns3:cad>91</ns3:cad>
          </ns3:TrackPointExtension>
        </extensions>
      </trkpt>
      <trkpt lat="24.615162201225757598876953125" lon="118.1383072771131992340087890625">
        <ele>12.19999980926513671875</ele>
        <time>2025-10-31T09:57:48.000Z</time>
        <extensions>
          <ns3:TrackPointExtension>
            <ns3:hr>166</ns3:hr>
            <ns3:cad>91</ns3:cad>
          </ns3:TrackPointExtension>
        </extensions>
      </trkpt>
      <trkpt lat="24.61513034999370574951171875" lon="118.1382962130010128021240234375">
        <ele>12.19999980926513671875</ele>
        <time>2025-10-31T09:57:49.000Z</time>
        <extensions>
          <ns3:TrackPointExtension>
            <ns3:hr>166</ns3:hr>
            <ns3:cad>91</ns3:cad>
          </ns3:TrackPointExtension>
        </extensions>
      </trkpt>
      <trkpt lat="24.615104533731937408447265625" lon="118.13828858546912670135498046875">
        <ele>12.19999980926513671875</ele>
        <time>2025-10-31T09:57:50.000Z</time>
        <extensions>
          <ns3:TrackPointExtension>
            <ns3:hr>166</ns3:hr>
            <ns3:cad>91</ns3:cad>
          </ns3:TrackPointExtension>
        </extensions>
      </trkpt>
      <trkpt lat="24.61507326923310756683349609375" lon="118.13827483914792537689208984375">
        <ele>12</ele>
        <time>2025-10-31T09:57:51.000Z</time>
        <extensions>
          <ns3:TrackPointExtension>
            <ns3:hr>167</ns3:hr>
            <ns3:cad>90</ns3:cad>
          </ns3:TrackPointExtension>
        </extensions>
      </trkpt>
      <trkpt lat="24.61504778824746608734130859375" lon="118.13826796598732471466064453125">
        <ele>12.19999980926513671875</ele>
        <time>2025-10-31T09:57:52.000Z</time>
        <extensions>
          <ns3:TrackPointExtension>
            <ns3:hr>166</ns3:hr>
            <ns3:cad>90</ns3:cad>
          </ns3:TrackPointExtension>
        </extensions>
      </trkpt>
      <trkpt lat="24.61501426063477993011474609375" lon="118.138258159160614013671875">
        <ele>12.19999980926513671875</ele>
        <time>2025-10-31T09:57:53.000Z</time>
        <extensions>
          <ns3:TrackPointExtension>
            <ns3:hr>166</ns3:hr>
            <ns3:cad>90</ns3:cad>
          </ns3:TrackPointExtension>
        </extensions>
      </trkpt>
      <trkpt lat="24.61498794145882129669189453125" lon="118.13825254328548908233642578125">
        <ele>12.19999980926513671875</ele>
        <time>2025-10-31T09:57:54.000Z</time>
        <extensions>
          <ns3:TrackPointExtension>
            <ns3:hr>167</ns3:hr>
            <ns3:cad>90</ns3:cad>
          </ns3:TrackPointExtension>
        </extensions>
      </trkpt>
      <trkpt lat="24.614956341683864593505859375" lon="118.13824164681136608123779296875">
        <ele>12.19999980926513671875</ele>
        <time>2025-10-31T09:57:55.000Z</time>
        <extensions>
          <ns3:TrackPointExtension>
            <ns3:hr>166</ns3:hr>
            <ns3:cad>90</ns3:cad>
          </ns3:TrackPointExtension>
        </extensions>
      </trkpt>
      <trkpt lat="24.6149337105453014373779296875" lon="118.13823276199400424957275390625">
        <ele>12.19999980926513671875</ele>
        <time>2025-10-31T09:57:56.000Z</time>
        <extensions>
          <ns3:TrackPointExtension>
            <ns3:hr>167</ns3:hr>
            <ns3:cad>90</ns3:cad>
          </ns3:TrackPointExtension>
        </extensions>
      </trkpt>
      <trkpt lat="24.61490177549421787261962890625" lon="118.1382214464247226715087890625">
        <ele>12.19999980926513671875</ele>
        <time>2025-10-31T09:57:57.000Z</time>
        <extensions>
          <ns3:TrackPointExtension>
            <ns3:hr>167</ns3:hr>
            <ns3:cad>90</ns3:cad>
          </ns3:TrackPointExtension>
        </extensions>
      </trkpt>
      <trkpt lat="24.61487780325114727020263671875" lon="118.1382150761783123016357421875">
        <ele>12.19999980926513671875</ele>
        <time>2025-10-31T09:57:58.000Z</time>
        <extensions>
          <ns3:TrackPointExtension>
            <ns3:hr>167</ns3:hr>
            <ns3:cad>90</ns3:cad>
          </ns3:TrackPointExtension>
        </extensions>
      </trkpt>
      <trkpt lat="24.61484603583812713623046875" lon="118.13820409588515758514404296875">
        <ele>12</ele>
        <time>2025-10-31T09:57:59.000Z</time>
        <extensions>
          <ns3:TrackPointExtension>
            <ns3:hr>166</ns3:hr>
            <ns3:cad>90</ns3:cad>
          </ns3:TrackPointExtension>
        </extensions>
      </trkpt>
      <trkpt lat="24.6148234046995639801025390625" lon="118.1381978094577789306640625">
        <ele>12</ele>
        <time>2025-10-31T09:58:00.000Z</time>
        <extensions>
          <ns3:TrackPointExtension>
            <ns3:hr>166</ns3:hr>
            <ns3:cad>90</ns3:cad>
          </ns3:TrackPointExtension>
        </extensions>
      </trkpt>
      <trkpt lat="24.6147949062287807464599609375" lon="118.1381843984127044677734375">
        <ele>12</ele>
        <time>2025-10-31T09:58:01.000Z</time>
        <extensions>
          <ns3:TrackPointExtension>
            <ns3:hr>166</ns3:hr>
            <ns3:cad>91</ns3:cad>
          </ns3:TrackPointExtension>
        </extensions>
      </trkpt>
      <trkpt lat="24.6147694252431392669677734375" lon="118.1381765194237232208251953125">
        <ele>12</ele>
        <time>2025-10-31T09:58:02.000Z</time>
        <extensions>
          <ns3:TrackPointExtension>
            <ns3:hr>167</ns3:hr>
            <ns3:cad>91</ns3:cad>
          </ns3:TrackPointExtension>
        </extensions>
      </trkpt>
      <trkpt lat="24.614743776619434356689453125" lon="118.13816034235060214996337890625">
        <ele>11.80000019073486328125</ele>
        <time>2025-10-31T09:58:03.000Z</time>
        <extensions>
          <ns3:TrackPointExtension>
            <ns3:hr>166</ns3:hr>
            <ns3:cad>91</ns3:cad>
          </ns3:TrackPointExtension>
        </extensions>
      </trkpt>
      <trkpt lat="24.614715278148651123046875" lon="118.138148523867130279541015625">
        <ele>11.80000019073486328125</ele>
        <time>2025-10-31T09:58:04.000Z</time>
        <extensions>
          <ns3:TrackPointExtension>
            <ns3:hr>168</ns3:hr>
            <ns3:cad>91</ns3:cad>
          </ns3:TrackPointExtension>
        </extensions>
      </trkpt>
      <trkpt lat="24.61468300782144069671630859375" lon="118.138129077851772308349609375">
        <ele>12</ele>
        <time>2025-10-31T09:58:05.000Z</time>
        <extensions>
          <ns3:TrackPointExtension>
            <ns3:hr>169</ns3:hr>
            <ns3:cad>91</ns3:cad>
          </ns3:TrackPointExtension>
        </extensions>
      </trkpt>
      <trkpt lat="24.61466406472027301788330078125" lon="118.13812212087213993072509765625">
        <ele>12</ele>
        <time>2025-10-31T09:58:06.000Z</time>
        <extensions>
          <ns3:TrackPointExtension>
            <ns3:hr>169</ns3:hr>
            <ns3:cad>91</ns3:cad>
          </ns3:TrackPointExtension>
        </extensions>
      </trkpt>
      <trkpt lat="24.614633135497570037841796875" lon="118.138102591037750244140625">
        <ele>12</ele>
        <time>2025-10-31T09:58:07.000Z</time>
        <extensions>
          <ns3:TrackPointExtension>
            <ns3:hr>169</ns3:hr>
            <ns3:cad>91</ns3:cad>
          </ns3:TrackPointExtension>
        </extensions>
      </trkpt>
      <trkpt lat="24.61460530757904052734375" lon="118.13809177838265895843505859375">
        <ele>12</ele>
        <time>2025-10-31T09:58:08.000Z</time>
        <extensions>
          <ns3:TrackPointExtension>
            <ns3:hr>168</ns3:hr>
            <ns3:cad>91</ns3:cad>
          </ns3:TrackPointExtension>
        </extensions>
      </trkpt>
      <trkpt lat="24.614570103585720062255859375" lon="118.13807451166212558746337890625">
        <ele>12</ele>
        <time>2025-10-31T09:58:09.000Z</time>
        <extensions>
          <ns3:TrackPointExtension>
            <ns3:hr>168</ns3:hr>
            <ns3:cad>91</ns3:cad>
          </ns3:TrackPointExtension>
        </extensions>
      </trkpt>
      <trkpt lat="24.6145407669246196746826171875" lon="118.1380636990070343017578125">
        <ele>12</ele>
        <time>2025-10-31T09:58:10.000Z</time>
        <extensions>
          <ns3:TrackPointExtension>
            <ns3:hr>168</ns3:hr>
            <ns3:cad>91</ns3:cad>
          </ns3:TrackPointExtension>
        </extensions>
      </trkpt>
      <trkpt lat="24.61447949521243572235107421875" lon="118.138032518327236175537109375">
        <ele>12</ele>
        <time>2025-10-31T09:58:11.000Z</time>
        <extensions>
          <ns3:TrackPointExtension>
            <ns3:hr>168</ns3:hr>
            <ns3:cad>91</ns3:cad>
          </ns3:TrackPointExtension>
        </extensions>
      </trkpt>
      <trkpt lat="24.614446721971035003662109375" lon="118.13801332376897335052490234375">
        <ele>12</ele>
        <time>2025-10-31T09:58:12.000Z</time>
        <extensions>
          <ns3:TrackPointExtension>
            <ns3:hr>168</ns3:hr>
            <ns3:cad>91</ns3:cad>
          </ns3:TrackPointExtension>
        </extensions>
      </trkpt>
      <trkpt lat="24.61441688239574432373046875" lon="118.1379971466958522796630859375">
        <ele>12.19999980926513671875</ele>
        <time>2025-10-31T09:58:13.000Z</time>
        <extensions>
          <ns3:TrackPointExtension>
            <ns3:hr>168</ns3:hr>
            <ns3:cad>91</ns3:cad>
          </ns3:TrackPointExtension>
        </extensions>
      </trkpt>
      <trkpt lat="24.6143932454288005828857421875" lon="118.13797652721405029296875">
        <ele>12.19999980926513671875</ele>
        <time>2025-10-31T09:58:14.000Z</time>
        <extensions>
          <ns3:TrackPointExtension>
            <ns3:hr>167</ns3:hr>
            <ns3:cad>91</ns3:cad>
          </ns3:TrackPointExtension>
        </extensions>
      </trkpt>
    </trkseg>
  </trk>
</gpx>
